iteration,orientation,plane,iterations,percent_change_last,gradient_last
1,XYt,0,136,0.005134738528778916,0.009842956227748818
1,XYt,1,136,0.00467646438039366,0.009881263270032093
1,XYt,2,136,0.0041435219525926105,0.009965093127421252
1,XYt,3,136,0.0036328199295498744,0.009985321142360733
1,XYt,4,136,0.003215993702178589,0.009966324087120658
1,XYt,5,136,0.002892265580465048,0.009954821663577206
1,XYt,6,139,0.002509540161171225,0.009884690592765748
1,XYt,7,141,0.002242549014333923,0.00983111787619054
1,XYt,8,141,0.002126747606959526,0.009951808904320887
1,XYt,9,142,0.001985384883121765,0.009828715845096911
1,XYt,10,142,0.0018835359831018254,0.009883595520780206
1,XYt,11,142,0.0017919470731261134,0.009919951452765129
1,XYt,12,142,0.0016954615748813683,0.00992408029255373
1,XYt,13,142,0.0016391406387046884,0.009943182344076165
1,XYt,14,142,0.0015812811409243934,0.009960744242131335
1,XYt,15,143,0.0015497669059620891,0.009819472376509982
1,XYt,16,143,0.0015539066851659605,0.00983130892164736
1,XYt,17,143,0.0015691694321617415,0.009823630883262999
1,XYt,18,143,0.0015703308569886471,0.009913718701771965
1,XYt,19,143,0.0015775563553236715,0.009912764882708749
1,XYt,20,143,0.0015796073984360951,0.00989510698465871
1,XYt,21,143,0.0015885395756841203,0.009891939873679676
1,XYt,22,143,0.001599873065791383,0.009876884536873513
1,XYt,23,143,0.0016059317405273464,0.009841235993638552
1,XYt,24,142,0.0016624563559001619,0.009984499930961186
1,XYt,25,142,0.0016930869063406034,0.009947353330760363
1,XYt,26,142,0.0017209805373778193,0.00989402391314748
1,XYt,27,142,0.0017537291721549028,0.009834035554481414
1,XYt,28,141,0.0018331695297715716,0.009946128116255056
1,XYt,29,141,0.0018802409030001072,0.009866260173548745
1,XYt,30,140,0.0019749356242052514,0.009966718758981322
1,XYt,31,140,0.0020467957092765864,0.009879677350941227
1,XYt,32,139,0.0021720510127801614,0.009965352147757948
1,XYt,33,139,0.0022582560251239287,0.009833435279892326
1,XYt,34,138,0.0024227567322240434,0.009876043441459799
1,XYt,35,137,0.002601905855090633,0.009911776321836957
1,XYt,36,136,0.0028049435671052957,0.009926234892812087
1,XYt,37,135,0.003043254811122164,0.009928858710297781
1,XYt,38,134,0.003300377379404339,0.009896949072870287
1,XYt,39,133,0.0035942109976655917,0.009850096211083119
1,XYt,40,131,0.004014133534046057,0.00997194870449849
1,XYt,41,130,0.004408889934879796,0.009859235856623391
1,XYt,42,128,0.004955422404251845,0.009898179290545112
1,XYt,43,126,0.005618842510668005,0.00992653547238372
1,XYt,44,124,0.006385036912339642,0.009926557637063745
1,XYt,45,122,0.007469254041870621,0.009982710552572266
1,XYt,46,121,0.00873885563950149,0.009934861044547523
1,XYt,47,120,0.009937791918647219,0.009825340545445167
1,XYt,48,117,0.011437734965638295,0.009925620190060361
1,XYt,49,114,0.01275931026985622,0.009814079157791164
1,XYt,50,110,0.014216449549470375,0.00982125051617168
1,XYt,51,106,0.015662540400807584,0.00987433984077551
1,XYt,52,103,0.016874760133313155,0.00983667359978889
1,XYt,53,100,0.01820273798774942,0.009967356231406503
1,XYt,54,99,0.01880400827393743,0.009753377392577643
1,XYt,55,97,0.01990183276650568,0.009855699496801797
1,XYt,56,96,0.020597634571979294,0.009846787643367766
1,XYt,57,95,0.021302674981041228,0.009918180187133092
1,XYt,58,95,0.021402399745271618,0.009850563636478543
1,XYt,59,95,0.02161466031853841,0.00990687591361369
1,XYt,60,96,0.02123263067864272,0.009856129088498054
1,XYt,61,97,0.020795688145335715,0.009841313424266735
1,XYt,62,98,0.020406691835575093,0.009881613006970841
1,XYt,63,99,0.020015351726486094,0.009899828377325963
1,XYt,64,100,0.01957369121740203,0.009928418753036945
1,XYt,65,101,0.019075744871511695,0.009926223539808158
1,XYt,66,102,0.018705173945301114,0.009893941471201437
1,XYt,67,103,0.018357019732128915,0.009849802015894334
1,XYt,68,103,0.018392726452027573,0.009999213456723995
1,XYt,69,104,0.01784664652741762,0.009825431209317769
1,XYt,70,104,0.017704386447646672,0.009846438304462827
1,XYt,71,104,0.017730223743433755,0.009925661279558212
1,XYt,72,104,0.017631670449576628,0.009992994162921199
1,XYt,73,105,0.0170943953423611,0.009803773729323804
1,XYt,74,105,0.01704077532844328,0.009885895737517993
1,XYt,75,105,0.017001353164556754,0.009984634296086422
1,XYt,76,105,0.01679081823431819,0.009957329084949599
1,XYt,77,105,0.01642981998633979,0.00982289722132681
1,XYt,78,105,0.01621148016275136,0.00978403588166142
1,XYt,79,105,0.016100823295632817,0.009849769326997613
1,XYt,80,105,0.015832204738214197,0.009814284751363376
1,XYt,81,104,0.015911286662070426,0.00994982919536067
1,XYt,82,104,0.015656967843962886,0.009875058812410051
1,XYt,83,104,0.015359802916627106,0.009821258165738995
1,XYt,84,104,0.01507873410007788,0.009800311537971772
1,XYt,85,104,0.014799260992774937,0.009765261080207324
1,XYt,86,104,0.014609388472596976,0.00975711693682212
1,XYt,87,104,0.014432850666454696,0.009771361163467414
1,XYt,88,104,0.014246482275125297,0.009809337828056416
1,XYt,89,104,0.014070574589329126,0.009868876010904741
1,XYt,90,104,0.013922944908573525,0.009951751745813734
1,XYt,91,105,0.013553507631721744,0.009761952345042667
1,XYt,92,105,0.013442805253380787,0.009766197985051342
1,XYt,93,105,0.01331269177621747,0.00975044878729664
1,XYt,94,104,0.0135220805451432,0.009976983891137246
1,XYt,95,104,0.013365371073708674,0.009887865452880526
1,XYt,96,103,0.013556942943450043,0.009976209867607966
1,XYt,97,103,0.013464473999638842,0.009955464210056757
1,XYt,98,103,0.013418562804253423,0.009997545873865267
1,XYt,99,104,0.013078246225206898,0.00984900219640837
1,XYt,100,104,0.013092935444429741,0.009932778549879994
1,XYt,101,104,0.013064264198961792,0.009964152304611371
1,XYt,102,104,0.013021395886950185,0.009985991282507706
1,XYt,103,104,0.012930165418425604,0.009991328227527699
1,XYt,104,104,0.01274755704270649,0.009908950313011403
1,XYt,105,104,0.01252935517726283,0.009756640084399637
1,XYt,106,103,0.012706549031433104,0.009815402864404169
1,XYt,107,103,0.012614016610413994,0.009766245240040668
1,XYt,108,102,0.012927559988526214,0.009982779360073574
1,XYt,109,102,0.012885863238640194,0.009906902455670111
1,XYt,110,102,0.012877793504087548,0.00983450319756433
1,XYt,111,102,0.013009420846281884,0.009907386158650161
1,XYt,112,102,0.013175820061936587,0.009999725966549054
1,XYt,113,103,0.013073255576982065,0.00987031469779322
1,XYt,114,104,0.012950966180953063,0.009753461022653403
1,XYt,115,104,0.013234430077167155,0.00997630023620316
1,XYt,116,105,0.013140459060906782,0.00989473386174043
1,XYt,117,105,0.013216157367663546,0.009896648679175073
1,XYt,118,105,0.013290153930547985,0.009801280133107526
1,XYt,119,105,0.01347275370933236,0.00984101514941566
1,XYt,120,105,0.013615137977790367,0.009885574379949425
1,XYt,121,105,0.013483515592888956,0.009751454803498417
1,XYt,122,104,0.013804109078047935,0.009921340003398175
1,XYt,123,104,0.013927454443931278,0.009888561191308005
1,XYt,124,104,0.013984265523179428,0.009862047816181045
1,XYt,125,104,0.013970140822408529,0.009842195108949209
1,XYt,126,104,0.014003386699184018,0.00988202681015639
1,XYt,127,104,0.014228372121453345,0.009949900387582198
1,XYt,128,104,0.014414649300690946,0.009976504638339198
1,XYt,129,104,0.014531222081103258,0.00995426964422
1,XYt,130,104,0.014627091196193674,0.00988686029032418
1,XYt,131,104,0.014720513896829409,0.009832206239781484
1,XYt,132,104,0.014856585518760042,0.009749589078513622
1,XYt,133,103,0.015452514265657451,0.009958227441919498
1,XYt,134,103,0.015686013904324895,0.009921067934185498
1,XYt,135,103,0.01591189088060224,0.009926632239769471
1,XYt,136,103,0.01614856392234466,0.009908993096313
1,XYt,137,103,0.01617767108023191,0.009874837637746619
1,XYt,138,103,0.016264557585725748,0.009887940347511727
1,XYt,139,103,0.016464343145311394,0.009924292258919033
1,XYt,140,103,0.0166436033960882,0.009955091732208671
1,XYt,141,103,0.016594738098911235,0.009872102161694988
1,XYt,142,103,0.01659057963483055,0.009829506396493194
1,XYt,143,103,0.01661577235321709,0.009791955962673815
1,XYt,144,103,0.016660159343836425,0.009805452375287639
1,XYt,145,103,0.01664506882180682,0.009812581366123127
1,XYt,146,103,0.016539218143060638,0.009768673618917199
1,XYt,147,103,0.01662386566643088,0.009825451963580568
1,XYt,148,103,0.016643028783125624,0.009830917001534878
1,XYt,149,103,0.01652001170969538,0.009769346535644695
1,XYt,150,102,0.01687619126882227,0.009963496853508563
1,XYt,151,102,0.016767276836606917,0.009891216161232817
1,XYt,152,102,0.016651142777958827,0.009834618877136554
1,XYt,153,102,0.0165788943017982,0.009850286343669553
1,XYt,154,102,0.016443742616514233,0.009803436542422989
1,XYt,155,102,0.01636879309590084,0.009764882446236725
1,XYt,156,102,0.016430550832419785,0.009863276946290245
1,XYt,157,102,0.01627248145248354,0.009872273932541708
1,XYt,158,102,0.01606821224051563,0.009811817344172812
1,XYt,159,102,0.015994661683313878,0.009889185794638579
1,XYt,160,102,0.015849559655276225,0.009882708841632505
1,XYt,161,102,0.015559694154054267,0.009827202264050832
1,XYt,162,102,0.015184024054020867,0.009768077568245891
1,XYt,163,102,0.014933215323153802,0.009764341122536142
1,XYt,164,102,0.01468672947989259,0.009764234502960212
1,XYt,165,101,0.014824824390070622,0.009991154206648251
1,XYt,166,101,0.014486576416154643,0.009906436605167438
1,XYt,167,101,0.01409937831326155,0.009741031889451895
1,XYt,168,100,0.014122714783680254,0.009907365576025706
1,XYt,169,100,0.013813623796366041,0.00976293463976921
1,XYt,170,99,0.01401493117321972,0.009949478080816872
1,XYt,171,100,0.013571403127464108,0.009746622996635479
1,XYt,172,100,0.01350828018088997,0.009800839924233877
1,XYt,173,100,0.013553565189958445,0.009872829449437837
1,XYt,174,100,0.013635388975428809,0.009919373148213092
1,XYt,175,101,0.013404688902286972,0.009759074152631022
1,XYt,176,100,0.013631593076669689,0.009948841620410442
1,XYt,177,100,0.013560030192764395,0.009936324741928796
1,XYt,178,100,0.013510559947173633,0.009951285837813222
1,XYt,179,100,0.013422749373449294,0.00994651279914978
1,XYt,180,100,0.013201510137431108,0.009813293925680613
1,XYt,181,99,0.01327832935676555,0.009922039343896658
1,XYt,182,99,0.013197702792268633,0.009892489404060558
1,XYt,183,99,0.013102504754007569,0.009926516551276247
1,XYt,184,99,0.013019434878096392,0.009895480093507868
1,XYt,185,99,0.012983123201195006,0.00982159801907436
1,XYt,186,99,0.012966659045044366,0.009792846475049095
1,XYt,187,98,0.013265208544869253,0.009991769174272311
1,XYt,188,99,0.012944850793891073,0.009826422995605412
1,XYt,189,99,0.013050044245453354,0.009934812971123771
1,XYt,190,99,0.013121117821477396,0.009954143494874518
1,XYt,191,100,0.01282783412507136,0.009748101195905788
1,XYt,192,100,0.012944948689908746,0.009790401619040628
1,XYt,193,100,0.013100488579149226,0.009815290785466935
1,XYt,194,100,0.013243112453490864,0.009834031734668056
1,XYt,195,100,0.013480946565961919,0.009884804056352186
1,XYt,196,100,0.013729509825976887,0.009990496767081292
1,XYt,197,101,0.01369922354399519,0.009922711594599195
1,XYt,198,101,0.013827890413417032,0.00994955035425491
1,XYt,199,101,0.013925870860344542,0.009963749990926658
1,XYt,200,101,0.014008349892619227,0.009996757338255257
1,XYt,201,101,0.013834107418686554,0.009905979942075155
1,XYt,202,101,0.01369420272373713,0.009817346273703492
1,XYt,203,101,0.013678422821662832,0.009769600858631981
1,XYt,204,100,0.014017578030554097,0.009944431125623826
1,XYt,205,100,0.013980733464572456,0.009894083032277961
1,XYt,206,100,0.014064105593851892,0.009945760144781081
1,XYt,207,101,0.013903262931554104,0.00973650300982158
1,XYt,208,101,0.014143703259498791,0.00978304528356686
1,XYt,209,101,0.014511258875311203,0.009900198598036956
1,XYt,210,101,0.014799870442465852,0.00998603642264909
1,XYt,211,101,0.01504229449549328,0.009988654201814481
1,XYt,212,101,0.015227680369991005,0.009993519342223875
1,XYt,213,102,0.015011911076783695,0.009748990209675523
1,XYt,214,101,0.015594986383459056,0.00996489172234035
1,XYt,215,101,0.015855014086440362,0.009966782831110322
1,XYt,216,102,0.01577830079544546,0.009732410384011465
1,XYt,217,102,0.016114585551853196,0.009818482074333024
1,XYt,218,102,0.016526537559034556,0.00996357602696668
1,XYt,219,103,0.01658506646162862,0.009911598738572776
1,XYt,220,104,0.016553001184915022,0.009791793195658314
1,XYt,221,104,0.016716024308882416,0.009817150583520812
1,XYt,222,104,0.01682950303139149,0.00976694359816631
1,XYt,223,104,0.01694454177413322,0.00977354998011301
1,XYt,224,104,0.017093610525916958,0.009765935880552294
1,XYt,225,103,0.01759438473730957,0.009994686129568345
1,XYt,226,103,0.017500346182327858,0.009828400807934545
1,XYt,227,102,0.017918555010829826,0.009938701305582201
1,XYt,228,102,0.017780865589431663,0.009741512260256642
1,XYt,229,101,0.018154555067395377,0.009833888217748136
1,XYt,230,101,0.018147054045125947,0.009732666774914559
1,XYt,231,100,0.018565669307607086,0.009838464448436517
1,XYt,232,99,0.018900934300268468,0.009882207096938595
1,XYt,233,98,0.0191931824295378,0.009864274719710707
1,XYt,234,97,0.0193320264924237,0.009779929675939072
1,XYt,235,95,0.0200158740917401,0.009951028608425356
1,XYt,236,94,0.020049604142383718,0.009811893913120663
1,XYt,237,93,0.020009243689955557,0.009741914938172959
1,XYt,238,92,0.020381080334929632,0.009917929674129055
1,XYt,239,92,0.020361070379736283,0.009877796186021262
1,XYt,240,92,0.020300109511477826,0.009817806512892024
1,XYt,241,92,0.02026901783032643,0.009754692282484356
1,XYt,242,91,0.02069956164451378,0.009991519432159798
1,XYt,243,92,0.020245743705871927,0.009798500572232258
1,XYt,244,92,0.020194795970955293,0.009768715368568995
1,XYt,245,92,0.020244346402299496,0.009780611145600918
1,XYt,246,92,0.020188696527290655,0.009780407587575509
1,XYt,247,92,0.020238674622901555,0.009828185681435802
1,XYt,248,92,0.02028683449039687,0.009875665251185113
1,XYt,249,92,0.02026710628648778,0.00990495223769284
1,XYt,250,92,0.02028176754609153,0.00993223016803164
1,XYt,251,92,0.020354519177906358,0.009964460895666119
1,XYt,252,92,0.020397146654564925,0.009980832139609671
1,XYt,253,93,0.0200630339382024,0.00978893200025011
1,XYt,254,93,0.019850341658526484,0.009809682470706998
1,XYt,255,93,0.019062034560150962,0.009770812509646018
1,XYt,256,92,0.018225083931675615,0.009931255972700639
1,XYt,257,92,0.0169945973003333,0.009925235778755316
1,XYt,258,93,0.015563491992070015,0.00979722059203668
1,XYt,259,92,0.014134412558133993,0.009982212759178105
1,XYt,260,92,0.012388983768757165,0.009784545951195755
1,XYt,261,91,0.01195542271586476,0.009968162704823985
1,XYt,262,91,0.011765933689322137,0.009941438428591128
1,XYt,263,91,0.011801078007419101,0.009963369205179805
1,XYt,264,91,0.01178689656752435,0.009947862578519304
1,XYt,265,91,0.01181452193205035,0.009946105455648568
1,XYt,266,91,0.011842868741758232,0.009901316764827733
1,XYt,267,91,0.011866041501168144,0.009924020270643097
1,XYt,268,91,0.011922531148178548,0.009966705298397662
1,XYt,269,92,0.01165983731399131,0.009863833513922768
1,XYt,270,92,0.011629718814633197,0.009891589416843087
1,XYt,271,92,0.011633348881317207,0.009890510300710567
1,XYt,272,92,0.011657401780993287,0.009873051212619537
1,XYt,273,92,0.011662560917329402,0.009889765321785279
1,XYt,274,92,0.011723384815648295,0.0099299439269209
1,XYt,275,92,0.01175211304613692,0.009924805934137002
1,XYt,276,92,0.011734280501483422,0.009939188860175691
1,XYt,277,92,0.011727352663997994,0.00993017198027339
1,XYt,278,92,0.011675060088846721,0.009881398495875254
1,XYt,279,92,0.011619710070413743,0.009766068307394333
1,XYt,280,92,0.011632513566891737,0.00975042347045162
1,XYt,281,91,0.011952493284964274,0.009941701843671453
1,XYt,282,91,0.011938698162035197,0.009892916313306554
1,XYt,283,91,0.011934608231262368,0.009928741966782345
1,XYt,284,91,0.011965277217168006,0.009941562040225425
1,XYt,285,91,0.011919624324560807,0.009921244266176105
1,XYt,286,91,0.011874129882739627,0.00989329872589577
1,XYt,287,91,0.011924881207044677,0.009860816356041647
1,XYt,288,91,0.011937067025677494,0.009906303887933407
1,XYt,289,91,0.01190158086476313,0.009895293540841829
1,XYt,290,91,0.011902405602227346,0.009867789516506865
1,XYt,291,91,0.011893909444763729,0.009834677807716238
1,XYt,292,91,0.011919084484007194,0.009800598457984411
1,XYt,293,91,0.01189547687579108,0.009764710434953262
1,XYt,294,90,0.012182164252848866,0.009983137366450508
1,XYt,295,91,0.011863571832679089,0.009763661815007547
1,XYt,296,91,0.01183511920332456,0.00977150944299591
1,XYt,297,91,0.011867463893067934,0.009776542473196304
1,XYt,298,91,0.011871481776995206,0.009749191121060876
1,XYt,299,91,0.011889343395712472,0.009755800173456933
1,XYt,300,91,0.0118781304379963,0.00978818970682742
1,XYt,301,91,0.011915929978446569,0.009803777013554772
1,XYt,302,91,0.01198063358040361,0.0098515321933315
1,XYt,303,91,0.01192770320203517,0.009864565219282416
1,XYt,304,91,0.011923718733388117,0.009839415653074767
1,XYt,305,91,0.011870383644536402,0.009737809156671853
1,XYt,306,90,0.012242592892477991,0.009987724195064366
1,XYt,307,90,0.012156109192919267,0.009927765807553408
1,XYt,308,90,0.012106516030172045,0.009824347557430963
1,XYt,309,90,0.012064491050403237,0.009799268918196784
1,XYt,310,90,0.0120950622527294,0.009866946558065012
1,XYt,311,90,0.012111952865639528,0.009902028358305219
1,XYt,312,90,0.01215412956422076,0.009914107889884978
1,XYt,313,90,0.012154600266834271,0.009922253517205841
1,XYt,314,90,0.012241208094914026,0.009960750707080423
1,XYt,315,90,0.01222850187724473,0.009950536240968717
1,XYt,316,90,0.012290308207982362,0.009939937693135106
1,XYt,317,90,0.012249879875951792,0.009883531995280989
1,XYt,318,90,0.012201434816042451,0.009825134090854648
1,XYt,319,90,0.012285831488190246,0.009828840328401965
1,XYt,320,90,0.012263009397479858,0.009813544922441953
1,XYt,321,90,0.012394816146439974,0.009875332149191875
1,XYt,322,90,0.012447003340247146,0.009938178629133442
1,XYt,323,90,0.012634133015059846,0.009968213847466751
1,XYt,324,91,0.013124830098995531,0.009825129721398445
1,XYt,325,93,0.015347993221873576,0.009763544195473643
1,XYt,326,91,0.018693447967469606,0.00991575595115544
1,XYt,327,91,0.02012552665116011,0.009758767865192712
1,XYt,328,91,0.02057608390593612,0.009775908477123193
1,XYt,329,91,0.020851429806943607,0.009774739181717534
1,XYt,330,90,0.021501879612470465,0.009987173457003087
1,XYt,331,90,0.021432500802243574,0.00991185374281291
1,XYt,332,90,0.02144107425177439,0.009876848134356011
1,XYt,333,90,0.021392987015211164,0.009807583792269182
1,XYt,334,90,0.0213632372942374,0.009774891801918323
1,XYt,335,90,0.02142611576895201,0.009756196211201348
1,XYt,336,89,0.02190634909945601,0.009967925830214348
1,XYt,337,90,0.02141743898664807,0.009752100844515062
1,XYt,338,90,0.021459857207953483,0.009782547204105697
1,XYt,339,90,0.02167352955983729,0.009873124045519063
1,XYt,340,91,0.02169322274122401,0.009938468048414657
1,XYt,341,92,0.02154428297482885,0.00994773526902359
1,XYt,342,93,0.021277550897603147,0.009948183002835766
1,XYt,343,95,0.020730892560766698,0.009807970079110457
1,XYt,344,96,0.020387863394116836,0.009801982564779627
1,XYt,345,96,0.020386982106660602,0.009915768939712933
1,XYt,346,97,0.019742946303683007,0.009781000143628484
1,XYt,347,97,0.01975231575976397,0.009870196174449623
1,XYt,348,97,0.019663883978850803,0.009974183352018582
1,XYt,349,98,0.019350150764201584,0.009881487016208137
1,XYt,350,98,0.019319892890165058,0.009974344756722126
1,XYt,351,99,0.018911753451657094,0.009764973121891741
1,XYt,352,100,0.01865568941470939,0.009736968172500702
1,XYt,353,100,0.018750866912827246,0.009873273514339106
1,XYt,354,100,0.01866244323720137,0.009922666707194184
1,XYt,355,100,0.018683245301427683,0.00991786528639527
1,XYt,356,100,0.01851063920306102,0.009948123665778038
1,XYt,357,100,0.018289172064620128,0.009976729475851969
1,XYt,358,100,0.017640454670763327,0.009854968222242556
1,XYt,359,100,0.017119436308971118,0.00974189510763925
1,XYt,360,100,0.016855427343861626,0.009765222063451966
1,XYt,361,100,0.01659073620375846,0.00974702711508864
1,XYt,362,100,0.016312912328644433,0.00982642026505372
1,XYt,363,99,0.016295364809096984,0.009919347721514218
1,XYt,364,114,0.016959364214651294,0.0098242940271733
1,XYt,365,114,0.016891185834239847,0.00987110789766499
1,XYt,366,114,0.016771965232170387,0.009882802237183214
1,XYt,367,114,0.01666148761135022,0.009868527453912453
1,XYt,368,114,0.016586892667756023,0.009902660782701465
1,XYt,369,114,0.016547410168299463,0.009941179324981701
1,XYt,370,115,0.01613817259600574,0.00976761004129953
1,XYt,371,115,0.01613272484446929,0.00980112628125868
1,XYt,372,115,0.01603851373105585,0.009827488398970997
1,XYt,373,115,0.01598446572878144,0.009846612702969283
1,XYt,374,115,0.01607612601147376,0.009957008954961198
1,XYt,375,115,0.015904418123690707,0.009953202176208792
1,XYt,376,115,0.015495736684809764,0.009856977327379645
1,XYt,377,115,0.01520406586542271,0.009785126739934362
1,XYt,378,114,0.01525937274566571,0.009959271740658237
1,XYt,379,114,0.015077745369427445,0.009924862707134743
1,XYt,380,114,0.014963241623374875,0.009900695094855895
1,XYt,381,114,0.014935784224156647,0.009926796039395534
1,XYt,382,114,0.014908291154136933,0.009939521981731647
1,XYt,383,114,0.01493810903076175,0.009971486431009615
1,XYt,384,115,0.014578065783088377,0.009761465283694856
1,XYt,385,114,0.014649823076436906,0.009921498481628075
1,XYt,386,114,0.014492644939042147,0.009931310007113392
1,XYt,387,114,0.014508145172624994,0.009965933707354258
1,XYt,388,114,0.014485460119695131,0.009948740214483675
1,XYt,389,114,0.014517882136126864,0.009966940048370608
1,XYt,390,114,0.01446444131364439,0.009910195285721844
1,XYt,391,114,0.014403749849449792,0.009871249786191976
1,XYt,392,114,0.014452133125385604,0.0099037559139986
1,XYt,393,114,0.014443400023099795,0.009907407824524445
1,XYt,394,114,0.014470023559163029,0.009887697751975164
1,XYt,395,114,0.014453634393542839,0.009839611445828055
1,XYt,396,114,0.014537088757354334,0.009824182595905496
1,XYt,397,114,0.014604981459219063,0.009834413162993357
1,XYt,398,114,0.014669393035426134,0.009868940718258288
1,XYt,399,114,0.01463747393219065,0.009873365912114296
1,XYt,400,114,0.014611248640622536,0.009893059516347842
1,XYt,401,114,0.014610275736231117,0.009928460371450542
1,XYt,402,114,0.014643217900650712,0.009924172758029995
1,XYt,403,114,0.014675435311065433,0.00992653655358877
1,XYt,404,114,0.014754441239970623,0.009956613898212022
1,XYt,405,114,0.014781416075802372,0.00996790914110913
1,XYt,406,115,0.01452878113171914,0.009750917687412224
1,XYt,407,115,0.014690512094321982,0.009810064845764006
1,XYt,408,115,0.014784805888613611,0.009807475454134256
1,XYt,409,115,0.015011057488793918,0.009870243475220707
1,XYt,410,115,0.015068768293785943,0.009881229599052462
1,XYt,411,115,0.014981972228346116,0.009853614431562178
1,XYt,412,115,0.01504834254512597,0.009881185066290273
1,XYt,413,115,0.015129351045689696,0.009880210182976336
1,XYt,414,115,0.015274444651386027,0.00989621162802132
1,XYt,415,115,0.015425031314389303,0.009943752787947992
1,XYt,416,115,0.015613261808964106,0.009972149428921492
1,XYt,417,116,0.015507943710349163,0.009793515539068803
1,XYt,418,116,0.015749063449395615,0.009823070945187733
1,XYt,419,116,0.015838021711209366,0.00977754470692655
1,XYt,420,115,0.016281867809422253,0.009948774735766275
1,XYt,421,115,0.01630932180801538,0.009883434262946442
1,XYt,422,115,0.016418378955877395,0.00984830693269699
1,XYt,423,115,0.01647957485726808,0.009813045656773343
1,XYt,424,114,0.016857154174649055,0.009967172639221027
1,XYt,425,114,0.016903235512386847,0.009923235626509678
1,XYt,426,114,0.01697736487198069,0.009897501036072134
1,XYt,427,114,0.017100683818570567,0.009935383355405253
1,XYt,428,115,0.01695993239764222,0.00979083572009327
1,XYt,429,115,0.017179071490580025,0.009843165579619145
1,XYt,430,115,0.017284628939964214,0.009799253584725357
1,XYt,431,115,0.017514748253794555,0.00982711926152274
1,XYt,432,115,0.0178935112079103,0.009879681153106473
1,XYt,433,115,0.018239717385032467,0.00990708174810703
1,XYt,434,115,0.01862470174143794,0.009915779222308883
1,XYt,435,115,0.018811351398522826,0.009837731347250736
1,XYt,436,115,0.01918167543331576,0.009879840299567932
1,XYt,437,115,0.01955621811874024,0.009918617352338708
1,XYt,438,115,0.01972337979309917,0.009893545523335583
1,XYt,439,115,0.01988990337355642,0.009873001751165022
1,XYt,440,115,0.019968375274939342,0.009833656840052453
1,XYt,441,115,0.02009167242538869,0.009809696146752879
1,XYt,442,115,0.020180369111670923,0.00978327127601624
1,XYt,443,114,0.02061939405358488,0.009915974048427676
1,XYt,444,114,0.02066679509704569,0.009839484371866457
1,XYt,445,114,0.020741931968106267,0.009805396552751129
1,XYt,446,114,0.02081533541526627,0.009752700622820125
1,XYt,447,113,0.021450012610066158,0.009941545306862696
1,XYt,448,113,0.021514593237530587,0.009851318116690738
1,XYt,449,113,0.021632619127148887,0.009770629618192495
1,XYt,450,112,0.02222933958789007,0.00992217779989755
1,XYt,451,112,0.02222354656473971,0.009807415812933063
1,XYt,452,111,0.02260812567315967,0.009889707262075657
1,XYt,453,111,0.022592337713392138,0.009814448238922467
1,XYt,454,110,0.022886931661384405,0.009921737005522697
1,XYt,455,110,0.022691331515312833,0.009849249558963297
1,XYt,456,110,0.022725287413890606,0.009852288233402198
1,XYt,457,110,0.022770446826422524,0.00984689282410502
1,XYt,458,110,0.022891975967954288,0.00987249081614542
1,XYt,459,110,0.022828348647379707,0.009847566390170965
1,XYt,460,110,0.022798514819796008,0.00984503046840622
1,XYt,461,110,0.022670871216180524,0.009791018782191662
1,XYt,462,109,0.023038001531877923,0.009972608981153078
1,XYt,463,109,0.022358578294196598,0.00988971051776933
1,XYt,464,109,0.02119463873293217,0.00988689014273638
1,XYt,465,109,0.02012059351221513,0.009928851684106507
1,XYt,466,109,0.019099358324021348,0.009929593730533981
1,XYt,467,110,0.017857798647272473,0.009783721051279526
1,XYt,468,110,0.016356400948852733,0.00984240611267927
1,XYt,469,110,0.014559958564450276,0.009818595756478775
1,XYt,470,110,0.01361918309705266,0.00986477193661428
1,XYt,471,110,0.013219518140563305,0.009859156933861031
1,XYt,472,110,0.013114710263190246,0.009787861303519382
1,XYt,473,109,0.013554122042298814,0.009993531692734208
1,XYt,474,109,0.013584809787475763,0.009952175573728708
1,XYt,475,109,0.01356822333236259,0.009935215916445368
1,XYt,476,109,0.013538200938820985,0.009905071970470077
1,XYt,477,109,0.013553578360973057,0.009929738025911662
1,XYt,478,109,0.013502698062481404,0.00989715023394797
1,XYt,479,109,0.01342737627792674,0.00987771197881063
1,XYt,480,109,0.013422788703755108,0.009879447588811163
1,XYt,481,109,0.01348011017768155,0.00988271264263145
1,XYt,482,109,0.013459498296485664,0.009856744313957706
1,XYt,483,109,0.01343721283616949,0.009862996746398369
1,XYt,484,109,0.013457341094845013,0.009893061143643217
1,XYt,485,109,0.013456934272940113,0.009898401570068726
1,XYt,486,109,0.013485667733672123,0.009911445516309264
1,XYt,487,109,0.013478359855188438,0.009914264318632793
1,XYt,488,109,0.013480069873488479,0.00991837604818449
1,XYt,489,109,0.01347686499267914,0.009920444797259051
1,XYt,490,109,0.013458191620696277,0.009921785683164002
1,XYt,491,109,0.013447067180000981,0.009903989446867543
1,XYt,492,109,0.013547184865243696,0.009953711663858049
1,XYt,493,109,0.013450471653339284,0.00990571828576342
1,XYt,494,109,0.01344486687947171,0.009902978876364075
1,XYt,495,109,0.013451589841455034,0.009892345107824281
1,XYt,496,109,0.013503922072268993,0.009918004882801413
1,XYt,497,109,0.013469529724606395,0.009902968580477083
1,XYt,498,109,0.013495799879044873,0.009917021714361856
1,XYt,499,109,0.013526090004534714,0.00991802490227996
1,XYt,500,109,0.01346901341818463,0.00988042417674555
1,XYt,501,109,0.013455330875002927,0.009861172804198199
1,XYt,502,109,0.013441687902940732,0.009860631324437477
1,XYt,503,109,0.013429852508329008,0.009848310746973503
1,XYt,504,109,0.013452131852809924,0.009863578356316276
1,XYt,505,109,0.013464700003213462,0.009855513280134958
1,XYt,506,109,0.013456597226251156,0.009848132564193294
1,XYt,507,109,0.013448361550511346,0.009859754553954768
1,XYt,508,109,0.013516682155432364,0.009923411379209195
1,XYt,509,109,0.013515692607682494,0.009934909657885549
1,XYt,510,109,0.013504580007326244,0.009922670492886785
1,XYt,511,109,0.013560051477855706,0.009953328337484628
1,XYt,512,109,0.013560945006026223,0.00995757267865132
1,XYt,513,109,0.013602345298869731,0.009971659718809795
1,XYt,514,109,0.01357214754068841,0.009949574085717084
1,XYt,515,109,0.013608626572563726,0.009977947168030967
1,XYt,516,109,0.013625906082793295,0.009981720854711794
1,XYt,517,109,0.013540848494553503,0.00993020980852211
1,XYt,518,109,0.013524150946348781,0.009936108171517228
1,XYt,519,109,0.013523271653593709,0.009915967554285388
1,XYt,520,109,0.013560734763585753,0.009920712015283044
1,XYt,521,109,0.01356404331497315,0.009930309782485762
1,XYt,522,109,0.013611254071862767,0.009936591532904205
1,XYt,523,109,0.013590877240803734,0.00992366499838712
1,XYt,524,109,0.013610837892183566,0.009931090085216749
1,XYt,525,109,0.01359303805233572,0.00996568277932061
1,XYt,526,110,0.013193641308857114,0.00977772307839279
1,XYt,527,110,0.013095911381379161,0.009854901789549333
1,XYt,528,110,0.012977010691070543,0.00988929106707519
1,XYt,529,110,0.012960554157859594,0.00989189159166411
1,XYt,530,110,0.01308602413924821,0.009858554922898244
1,XYt,531,110,0.013509811316849647,0.009843260985895576
1,XYt,532,110,0.014214819672934894,0.00985080605699895
1,XYt,533,110,0.015397865711121471,0.009936216727350976
1,XYt,534,110,0.017055944838853553,0.00997632336612869
1,XYt,535,110,0.018159752488751634,0.009920173785393114
1,XYt,536,110,0.018375041539936392,0.009767750136915927
1,XYt,537,109,0.019202594690628415,0.009932884440818265
1,XYt,538,109,0.01973176066100312,0.0099354238644071
1,XYt,539,109,0.020381253213831593,0.009952203073389704
1,XYt,540,110,0.020940637581122096,0.009802713960008532
1,XYt,541,110,0.022085770330367703,0.009951675713705803
1,XYt,542,110,0.02277885379751725,0.009998286579052522
1,XYt,543,111,0.02261267299016037,0.009839115139069422
1,XYt,544,111,0.02267823906830297,0.009904459205124276
1,XYt,545,112,0.0221318845170469,0.009767702339813805
1,XYt,546,112,0.022451885405820195,0.009962379740511776
1,XYt,547,114,0.02188492361844389,0.009774277463651197
1,XYt,548,114,0.0219471239611083,0.009951295005194904
1,XYt,549,115,0.02114718007070921,0.009782267983270839
1,XYt,550,115,0.021004566807454227,0.009879413368462266
1,XYt,551,115,0.0208011745501904,0.009936713044638185
1,XYt,552,115,0.020671245338235167,0.009986166468106189
1,XYt,553,116,0.020084773638398737,0.009790154414006666
1,XYt,554,116,0.01995823896961345,0.009809141978107042
1,XYt,555,116,0.019772794741639094,0.009815686609748341
1,XYt,556,116,0.019531989817524034,0.00980207015989915
1,XYt,557,116,0.019259729742123415,0.009760062785090175
1,XYt,558,115,0.019474404600190467,0.009966290703517863
1,XYt,559,115,0.019205157336486037,0.009925439069851641
1,XYt,560,115,0.01866862756672593,0.009760790724062982
1,XYt,561,114,0.01840132074199951,0.00976207932882685
1,XYt,562,113,0.018432923425227444,0.009904283116116146
1,XYt,563,114,0.018070877959061957,0.009802142972746475
1,XYt,564,114,0.01821248940218354,0.009960434997165762
1,XYt,565,115,0.017902020590847154,0.009947996359623592
1,XYt,566,116,0.0173162635474385,0.009828821765202113
1,XYt,567,116,0.01703217823155526,0.009880603406538997
1,XYt,568,116,0.016736849211702313,0.009869850382616601
1,XYt,569,116,0.01645105234035919,0.00981622072853894
1,XYt,570,115,0.016495718950496594,0.00996355609901266
1,XYt,571,115,0.016074487080442103,0.009820466403915472
1,XYt,572,114,0.016085089715127853,0.009912535887512813
1,XYt,573,114,0.01588799200682525,0.009831990104944548
1,XYt,574,114,0.015790560137654577,0.009774073773718476
1,XYt,575,114,0.01579687519794054,0.00976826709982246
1,XYt,576,114,0.015876492534569284,0.009798287527650513
1,XYt,577,114,0.015907949683178445,0.009803676844015358
1,XYt,578,114,0.015930723422164294,0.00986078098262105
1,XYt,579,114,0.01589952529515629,0.009889297036097302
1,XYt,580,114,0.015773396356411888,0.009876847047711636
1,XYt,581,114,0.0156571350604933,0.009843627337404069
1,XYt,582,114,0.01562511250302465,0.009876036921060516
1,XYt,583,114,0.015571341849129798,0.00990735799294276
1,XYt,657,116,0.019406327539371215,0.009768897197208548
1,XYt,658,116,0.01967161783449705,0.009767844631647931
1,XYt,659,115,0.02035540414755488,0.009978747407760861
1,XYt,660,115,0.020498691399433378,0.009929746132331347
1,XYt,661,115,0.020538681212319027,0.009864990617076554
1,XYt,662,115,0.020544322504906114,0.00980476934829012
1,XYt,663,114,0.02092571242184233,0.009956423640188094
1,XYt,664,114,0.02071155712364948,0.009842154761467544
1,XYt,665,113,0.020875387860204396,0.009932304728130321
1,XYt,666,112,0.020538538761856514,0.009927549050427888
1,XYt,667,111,0.020044224410859828,0.009937742864429047
1,XYt,668,110,0.019719702549019762,0.009997337070966256
1,XYt,669,110,0.019299688231114984,0.00995114455121571
1,XYt,670,110,0.018995031753767662,0.009935889976104501
1,XYt,671,110,0.01877583260412599,0.009924511790739108
1,XYt,672,110,0.018299180170824537,0.009807096261237198
1,XYt,673,109,0.01822786302480213,0.009920474007676847
1,XYt,674,109,0.0181028614224693,0.009938646231466893
1,XYt,675,110,0.017668556003685092,0.009759232516513058
1,XYt,676,110,0.017643985660917596,0.009817181741157359
1,XYt,677,110,0.01734465370396654,0.009789210482818837
1,XYt,678,110,0.016681982871751707,0.009814694832062149
1,XYt,679,110,0.01585802484092562,0.009865755960522927
1,XYt,680,110,0.01509864251007584,0.009859856330816251
1,XYt,681,110,0.014492138808360708,0.009833918230965433
1,XYt,682,110,0.014063638776083513,0.009842298157847639
1,XYt,683,110,0.013631687918329517,0.009829036331813947
1,XYt,684,110,0.01328898435365134,0.009797475834640267
1,XYt,685,110,0.013000085503717354,0.009756685735640315
1,XYt,686,110,0.012913793665083646,0.009782667337926298
1,XYt,687,110,0.012884879653037048,0.009820110117591117
1,XYt,688,110,0.012898768897486328,0.009837575338014274
1,XYt,689,110,0.012925213412541948,0.009830281599240041
1,XYt,690,110,0.012985862203052638,0.009829448526793697
1,XYt,691,110,0.013095941623713294,0.009833938967316602
1,XYt,692,110,0.013146295157314239,0.009816297809813145
1,XYt,693,110,0.013155618729792241,0.009772874058200973
1,XYt,694,109,0.013485419210781488,0.009981024082964701
1,XYt,695,109,0.013517517955626335,0.00997750292123065
1,XYt,696,109,0.013509723244204134,0.009971984759853397
1,XYt,697,109,0.013465420637254538,0.009950330766073791
1,XYt,698,109,0.013473313468102514,0.009941490788291981
1,XYt,699,109,0.013444704179360042,0.009919510018472426
1,XYt,700,109,0.013410496366196017,0.009884668334206028
1,XYt,701,109,0.013396095532530074,0.009883315353969531
1,XYt,702,109,0.01341580635399813,0.009890934040088077
1,XYt,703,109,0.013351683903824652,0.00985606429703318
1,XYt,704,109,0.013364776529265024,0.009875254441890398
1,XYt,705,109,0.01338607340559691,0.009897054262730891
1,XYt,706,109,0.01344580155842328,0.009928498746716276
1,XYt,707,109,0.013411146936910829,0.009893397988023774
1,XYt,708,109,0.01340641610424388,0.009893188614282619
1,XYt,709,109,0.013375624192725491,0.00987117313402264
1,XYt,710,109,0.013306922265945837,0.009978653296875247
1,XYt,711,113,0.012691850885839266,0.00977888982194485
1,XYt,712,111,0.012230884616821307,0.009947040432554597
1,XYt,713,112,0.011956187820190813,0.009784085244391415
1,XYt,714,114,0.012166720043445491,0.009806420462655046
1,XYt,715,115,0.01199800500946351,0.009798465521514031
1,XYt,716,114,0.011691828154466885,0.0098198401619832
1,XYt,717,113,0.011413128449371628,0.009834863327605888
1,XYt,718,113,0.011148567317459968,0.009773792114608194
1,XYt,719,112,0.011488292526179373,0.009980893432846895
1,XYt,720,112,0.012063947878250344,0.009968568608681545
1,XYt,721,113,0.012483350046329477,0.009834246187607172
1,XYt,722,114,0.013339339940816066,0.009847575654107963
1,XYt,723,114,0.014706937582523973,0.009873887128073184
1,XYt,724,111,0.01668314159536483,0.009936680641654413
1,XYt,725,108,0.019103685079003268,0.009923453559393905
1,XYt,726,105,0.02243030231793259,0.00983535712084661
1,XYt,727,102,0.02417884558268923,0.009893068737684765
1,XYt,584,114,0.015491278563917842,0.009932871474641577
1,XYt,585,114,0.015396282055710406,0.009969522471522866
1,XYt,586,115,0.014890749879950475,0.009765268773633642
1,XYt,587,115,0.014935567992903446,0.009887072511879093
1,XYt,588,116,0.014626399250017982,0.009780496473272098
1,XYt,589,116,0.014444292643907099,0.00980473650925492
1,XYt,590,116,0.01421918644755216,0.009816578249342098
1,XYt,591,116,0.013992405551207029,0.009848638224348871
1,XYt,592,116,0.013819941884565244,0.00987778423407379
1,XYt,593,116,0.013654985952214697,0.009835122503945111
1,XYt,594,116,0.013503308265927624,0.009760525175576696
1,XYt,595,115,0.013884962151128883,0.009997383233422247
1,XYt,596,115,0.013910857628952632,0.009972551403755227
1,XYt,597,115,0.013864508847345086,0.009886078125004565
1,XYt,598,115,0.013835432769310804,0.009793322112481018
1,XYt,599,114,0.014161486105471641,0.009971962696144232
1,XYt,600,114,0.01407156079522022,0.00987893807358243
1,XYt,601,114,0.014004525639482271,0.009809977322030525
1,XYt,602,114,0.013993621987726919,0.009788361853742442
1,XYt,603,114,0.013984302079770337,0.009786137416614871
1,XYt,604,114,0.014022847515734701,0.009802514693064429
1,XYt,605,114,0.01402672908496919,0.009787066839930629
1,XYt,606,114,0.014050742435034637,0.009789537196363149
1,XYt,607,114,0.014038037171669841,0.009797469809676896
1,XYt,608,114,0.014015263513300846,0.00978510370647656
1,XYt,609,114,0.014039890094557235,0.009811202583248173
1,XYt,610,114,0.01406591884260102,0.00982674137273078
1,XYt,611,114,0.014106358115583513,0.009874907740326053
1,XYt,612,114,0.014181065872739351,0.009949551432958963
1,XYt,613,115,0.013865657852546627,0.009770123216185374
1,XYt,614,115,0.013858285459451579,0.009818560230949621
1,XYt,615,115,0.01388027253897507,0.00989810447338752
1,XYt,616,115,0.013847570592647723,0.009926077571458055
1,XYt,617,115,0.013698686403473853,0.009898292057366273
1,XYt,618,116,0.013551279572052434,0.009776641822967204
1,XYt,619,116,0.013673940482077724,0.009832585555850154
1,XYt,620,116,0.013645715731337127,0.009799688388858876
1,XYt,621,116,0.013777901919333535,0.009773850862889816
1,XYt,622,116,0.01399877175421407,0.009758870145370444
1,XYt,623,115,0.014518731693681522,0.009939114351719593
1,XYt,624,115,0.014656298718489915,0.00987429690732847
1,XYt,625,115,0.014822337261224476,0.009825709203567247
1,XYt,626,115,0.014870517598580433,0.00979483764174668
1,XYt,627,115,0.014900967609297825,0.009759231966642913
1,XYt,628,115,0.015045840244258025,0.009782150587455516
1,XYt,629,115,0.015174265232965398,0.009787131539860602
1,XYt,630,114,0.015603769442095981,0.00996629931865187
1,XYt,631,114,0.015676862487322175,0.009941359078828123
1,XYt,632,114,0.015744018598893652,0.009941260835386892
1,XYt,633,114,0.015782710668405003,0.009911841831932895
1,XYt,634,114,0.015844819811407507,0.009890181496828332
1,XYt,635,114,0.015886934858388397,0.009856350138525764
1,XYt,636,114,0.015812577536022242,0.009800280874267486
1,XYt,637,114,0.015847350254120287,0.009829395024315589
1,XYt,638,114,0.015904117743698053,0.009861283273301597
1,XYt,639,114,0.015954501718524694,0.00987616406807003
1,XYt,640,114,0.016119700964222987,0.009949150146980258
1,XYt,641,115,0.015998605327507017,0.009842565316633906
1,XYt,642,116,0.01602713078560523,0.009781038548800549
1,XYt,643,116,0.016341111103985007,0.009873380586975488
1,XYt,644,116,0.016563814586831663,0.009899959013154635
1,XYt,645,116,0.016847409988471777,0.009908901572316133
1,XYt,646,116,0.017108671543858298,0.009893007985189162
1,XYt,647,116,0.017261687595600126,0.009786425848871237
1,XYt,648,115,0.01765405785641921,0.00982847506370387
1,XYt,649,114,0.017988480331197876,0.009876402600137668
1,XYt,650,113,0.018424086223363806,0.009990429624167877
1,XYt,651,113,0.01836582644701416,0.00989808549793156
1,XYt,652,114,0.018513073513172638,0.009862412381594793
1,XYt,653,115,0.018670822548733108,0.00980430630773543
1,XYt,654,115,0.01908916920364545,0.00993009037884616
1,XYt,655,115,0.01935332290611823,0.009974774618508294
1,XYt,656,115,0.01956173775283852,0.009980268654318773
1,YZt,0,1,nan,0.0
1,YZt,1,78,0.0379805052596313,0.009952366683247272
1,YZt,2,83,0.027948364420970054,0.009797772618184611
1,YZt,3,87,0.022744247293175358,0.009959499661273557
1,YZt,4,96,0.0176605477803714,0.009792230601412441
1,YZt,5,107,0.011148294987551027,0.009896294515845222
1,YZt,6,103,0.015113280305480002,0.009911066511135292
1,YZt,7,107,0.016200135152093433,0.009745818642508288
1,YZt,8,103,0.019015474150334322,0.0097553799158242
1,YZt,9,104,0.01959876082611877,0.009902377516687285
1,YZt,10,102,0.020805563245938644,0.009801558108412906
1,YZt,11,103,0.021475364863469626,0.009823604428370547
1,YZt,12,101,0.023296494340896163,0.00997996700455775
1,YZt,13,102,0.02297464967769644,0.00994015672517412
1,YZt,14,100,0.02413495247139549,0.009872696125127476
1,YZt,15,100,0.024809073807058817,0.0098841196099604
1,YZt,16,101,0.024762443946326356,0.009894608735352367
1,YZt,17,99,0.026345929266816875,0.009881071405978697
1,YZt,18,99,0.0267189025821964,0.009996078333415176
1,YZt,19,98,0.026992331346925396,0.009986975874720255
1,YZt,20,99,0.027882792532917616,0.00980566268423083
1,YZt,21,101,0.02644017052157538,0.009756616747968627
1,YZt,22,102,0.026631911478286235,0.009859941234773935
1,YZt,23,99,0.0286214733816839,0.009745996021434578
1,YZt,24,100,0.02832410575995842,0.00979098182553394
1,YZt,25,101,0.028179042093623076,0.0099291108005744
1,YZt,26,100,0.029398768700515693,0.009813172994977356
1,YZt,27,99,0.029186235089167054,0.009768557001463321
1,YZt,28,100,0.030179916971504368,0.009937102952257346
1,YZt,29,100,0.029462459265558343,0.009821336378320061
1,YZt,30,99,0.03049318508007142,0.00985857078622649
1,YZt,31,100,0.03070993642134426,0.009881903850201894
1,YZt,32,99,0.03127211004760244,0.009913490733905947
1,YZt,33,98,0.03196140535483941,0.009931720118722755
1,YZt,34,100,0.03171164233686626,0.009958772236812794
1,YZt,35,101,0.030967616864585407,0.009925337656538729
1,YZt,36,100,0.031226012205338084,0.00984720290999909
1,YZt,37,98,0.032210032448920664,0.009798618789243487
1,YZt,38,97,0.0323772307023231,0.009957522020274927
1,YZt,39,98,0.031066850946315065,0.00992827690937804
1,YZt,40,99,0.02963834878874112,0.00994780593678384
1,YZt,41,99,0.029277121189706087,0.009889961668050869
1,YZt,42,100,0.02831111523564012,0.009842076246975067
1,YZt,43,99,0.027921088690982417,0.009948273317781982
1,YZt,44,100,0.026291079569442034,0.00989577277577781
1,YZt,45,100,0.025512765216983486,0.00996785122892823
1,YZt,46,100,0.024620283913638512,0.009769880441490226
1,YZt,47,100,0.023984169146431335,0.009932797613419404
1,YZt,48,102,0.022610346947519632,0.009776100915156568
1,YZt,49,104,0.02223474874065812,0.009997183399061955
1,YZt,50,105,0.0213877455868483,0.009767488858932704
1,YZt,51,102,0.02213342618261077,0.009880674166497355
1,YZt,52,101,0.022172626979511563,0.009964048900235395
1,YZt,53,101,0.022649916624955403,0.009786744587177721
1,YZt,54,105,0.021283532788988372,0.009776441240465459
1,YZt,55,103,0.022358388087472075,0.009941151949057092
1,YZt,56,101,0.023323139768055653,0.009947131220288981
1,YZt,57,102,0.023494285351493185,0.009886866803585439
1,YZt,58,106,0.02259334547972638,0.009941833625704458
1,YZt,59,103,0.024519832284597275,0.009889148119547293
1,YZt,60,101,0.025637349878567185,0.009780024131378077
1,YZt,61,105,0.024830754417318614,0.009745883930914257
1,YZt,62,106,0.025332417518917273,0.009941627354049146
1,YZt,63,104,0.02619018036167514,0.009943936581246413
1,YZt,64,108,0.022159633189417494,0.009753884349610387
1,YZt,65,107,0.019828528352835655,0.009818059424427605
1,YZt,66,107,0.017100437314431102,0.009786875009173843
1,YZt,67,108,0.014382735322706177,0.009886129769829518
1,YZt,68,106,0.012793982568701874,0.009875769425731443
1,YZt,69,108,0.01121937439697212,0.009829799093406057
1,YZt,70,104,0.011003230286915045,0.009855876764954656
1,YZt,71,107,0.009876201017987207,0.009796747178432227
1,YZt,72,106,0.009640030390431008,0.00979084245383246
1,YZt,73,108,0.008941928245054364,0.009831519379263305
1,YZt,74,106,0.008792498003975536,0.009770358687752513
1,YZt,75,108,0.008215840244933246,0.00983965234911462
1,YZt,76,106,0.008230928359161824,0.009760136225504546
1,YZt,77,108,0.007706244963487106,0.00991651080550904
1,YZt,78,106,0.00772223199619555,0.009958123668084386
1,YZt,79,108,0.007384934830139071,0.009929715713922361
1,YZt,80,106,0.007560149212981762,0.009944910999033921
1,YZt,81,109,0.0071568769452863825,0.009918166969851008
1,YZt,82,108,0.007149870105357116,0.009876466481975012
1,YZt,83,110,0.006909518412922055,0.00989899070283319
1,YZt,84,111,0.006856808711571197,0.009922890446872985
1,YZt,85,109,0.007086346892781587,0.009974927405969862
1,YZt,86,111,0.006981886058004537,0.009990322501511167
1,YZt,87,111,0.006984730514761366,0.009942254252397713
1,YZt,88,113,0.006754923188375528,0.009797040228063436
1,YZt,89,114,0.006816586382563427,0.009918406578662928
1,YZt,90,113,0.006959567486165099,0.009930395087658936
1,YZt,91,114,0.006892006142371282,0.009838524135180052
1,YZt,92,116,0.006760029700386305,0.009942509858276492
1,YZt,93,116,0.0068069963651089145,0.009845299266105357
1,YZt,94,117,0.006662961257427672,0.009936785102323339
1,YZt,95,117,0.006818173019438337,0.009968376886922188
1,YZt,96,118,0.006743950388940138,0.009845500548105431
1,YZt,97,118,0.006764362202047335,0.009906526604239239
1,YZt,98,121,0.006456893039021341,0.009825133466646737
1,YZt,99,123,0.006315970983194793,0.009786218181637012
1,YZt,100,121,0.00666175331096842,0.00991907899828369
1,YZt,101,120,0.006732790805118711,0.009870809047505705
1,YZt,102,121,0.006683169241930627,0.009779083455604489
1,YZt,103,123,0.006544673700799238,0.009776369098762751
1,YZt,104,124,0.00651268301344653,0.009941507059070693
1,YZt,105,123,0.006694595615864234,0.009806441335326734
1,YZt,106,123,0.006837329509515503,0.009844869435446619
1,YZt,107,124,0.0069554451942485775,0.009971245022399468
1,YZt,108,125,0.0070462681689207225,0.00994516538036635
1,YZt,109,127,0.00690940769236559,0.009806146221328981
1,YZt,110,126,0.007224104825808659,0.009914410538230998
1,YZt,111,125,0.007502359844382147,0.009818393220201019
1,YZt,112,125,0.00776849656836677,0.009903467879962356
1,YZt,113,127,0.007697057823751042,0.009875399143107816
1,YZt,114,128,0.007399511331245394,0.009796168487259217
1,YZt,115,127,0.007411233345753188,0.009948398925089783
1,YZt,116,126,0.007272675519074824,0.009862074090215856
1,YZt,117,125,0.007325208689549299,0.009846337946064944
1,YZt,118,125,0.007500672317006483,0.009969811057799708
1,YZt,119,126,0.007305955561598287,0.009861557536070247
1,YZt,120,126,0.007130773951480195,0.009855903599917136
1,YZt,121,126,0.006979751878407972,0.009840647610017952
1,YZt,122,125,0.006993496735241896,0.009997119751822986
1,YZt,123,126,0.006684193967663145,0.009813872934987781
1,YZt,124,126,0.006655357235436491,0.009947412903613747
1,YZt,125,126,0.006644493195138968,0.009992054279295965
1,YZt,126,127,0.006460295414163159,0.009793815025714522
1,YZt,127,127,0.006476445481372116,0.009824598974068609
1,YZt,128,126,0.006611040921677597,0.009982517720094619
1,YZt,129,127,0.006438487766589819,0.009778371225464915
1,YZt,130,126,0.006626885195484445,0.009967829694432516
1,YZt,131,126,0.006624836562555535,0.00982138594385489
1,YZt,132,126,0.0067237190700013515,0.009905008969693374
1,YZt,133,126,0.006769840449252749,0.009939349213436631
1,YZt,134,126,0.006767484726938579,0.009863706363409344
1,YZt,135,126,0.0067819912495339935,0.00981008633584702
1,YZt,136,125,0.006865771620045782,0.009797741320581295
1,YZt,137,124,0.006968047725623061,0.009839461465655886
1,YZt,138,124,0.007112468130217905,0.009965775628044926
1,YZt,139,125,0.007055739738800546,0.009829355716186913
1,YZt,140,125,0.007325833016239163,0.009967400148432686
1,YZt,141,126,0.007314502729130033,0.009894633528322762
1,YZt,142,126,0.007175129873282015,0.009911828374168121
1,YZt,143,126,0.007012987028678806,0.009931928525812138
1,YZt,144,126,0.0069521172936617675,0.00996313598692109
1,YZt,145,126,0.006878275584210152,0.009814504478638129
1,YZt,146,124,0.0072315955899147095,0.009951124521328524
1,YZt,147,123,0.007185934124255167,0.009808993016987927
1,YZt,148,122,0.007201074249083262,0.009854916491905273
1,YZt,149,122,0.007082176380316753,0.009953702267647654
1,YZt,150,122,0.00694633481834303,0.009848017977495543
1,YZt,151,120,0.007183473206344543,0.00984276011209883
1,YZt,152,119,0.007202147921466007,0.00985328120653929
1,YZt,153,118,0.007282447781935984,0.009810997081364665
1,YZt,154,118,0.0073167888049830015,0.009851221543335597
1,YZt,155,120,0.00709964383443718,0.009853346949935556
1,YZt,156,118,0.007440050124431655,0.009803729861276127
1,YZt,157,115,0.00783114144275224,0.009887271547831427
1,YZt,158,114,0.007855877556220456,0.009821576007799709
1,YZt,159,114,0.007807078219439427,0.009957724113324889
1,YZt,160,115,0.0073833816265484005,0.009966673300594394
1,YZt,161,113,0.0074336646493885165,0.009965713318723085
1,YZt,162,111,0.007541809879264541,0.009816991592136412
1,YZt,163,111,0.007537515947649583,0.009961510386346168
1,YZt,164,111,0.007366030800387704,0.009904197431233486
1,YZt,165,111,0.0070445479551535725,0.009797976832591853
1,YZt,166,109,0.00726743470394056,0.009832141602552257
1,YZt,167,110,0.007014176457947172,0.009870210232666344
1,YZt,168,107,0.007260066500356853,0.009915515041254746
1,YZt,169,107,0.007084406472007997,0.009862540092900975
1,YZt,170,109,0.006746016096808442,0.009844154566813552
1,YZt,171,108,0.006711918710220097,0.00979178669744809
1,YZt,172,107,0.007009829635850914,0.00998420631767481
1,YZt,173,108,0.006919974436120109,0.00981133072673049
1,YZt,174,105,0.0072860300080148195,0.009948010153771083
1,YZt,175,108,0.007057078587394901,0.009880574078249818
1,YZt,176,107,0.007343911965051187,0.009976760980361864
1,YZt,177,106,0.007643343439225006,0.0098866380614824
1,YZt,178,107,0.007676330752040483,0.009845009210337605
1,YZt,179,103,0.008341043679008972,0.009888617862295494
1,YZt,180,106,0.008335685261708251,0.009923485696557157
1,YZt,181,104,0.008932297028402474,0.009948869745731352
1,YZt,182,107,0.009036844161554735,0.009882897571100018
1,YZt,183,103,0.01007092788854152,0.009911617224087052
1,YZt,184,105,0.010527452512780998,0.009981373780597103
1,YZt,185,103,0.012067913578708086,0.009984073482467336
1,YZt,186,106,0.013030134434636055,0.00986574282841697
1,YZt,187,105,0.01620271509944066,0.009869837799666475
1,YZt,188,108,0.01914652633948183,0.009755912307203837
1,YZt,189,103,0.024419409757831655,0.009742059888705353
1,YZt,190,103,0.03024461752020209,0.009921442539333802
1,YZt,191,100,0.03494120516586325,0.009858861609387473
1,YZt,192,104,0.033575269711417007,0.009789605638806742
1,YZt,193,99,0.0366886230460877,0.00998407885733663
1,YZt,194,98,0.03749896800595894,0.009864627701218459
1,YZt,195,102,0.03410950254786269,0.009804238906223181
1,YZt,196,99,0.03587719721465259,0.009749879063754944
1,YZt,197,102,0.034330940432711426,0.00974562434791744
1,YZt,198,101,0.03517627399698687,0.00992903359136871
1,YZt,199,98,0.036274489346721124,0.0097606012043937
1,YZt,200,99,0.0359965233723211,0.009942933540425582
1,YZt,201,102,0.03370862660187508,0.009893251225399448
1,YZt,202,97,0.0368622810450387,0.009997569874800433
1,YZt,203,97,0.03615958283717342,0.009977664195401654
1,YZt,204,101,0.03411943260094252,0.009778071344201899
1,YZt,205,101,0.03414280143403723,0.009949945768505188
1,YZt,206,96,0.03648692525456059,0.009841011410211549
1,YZt,207,97,0.03473380837814907,0.009762790705887597
1,YZt,208,98,0.03523853962401189,0.009900438796581519
1,YZt,209,101,0.03347307011497505,0.009949002665692729
1,YZt,210,101,0.03309008858898968,0.009890846069349079
1,YZt,211,98,0.033643393468580876,0.009872517528296954
1,YZt,212,96,0.034970443161223955,0.009997380089474367
1,YZt,213,95,0.0353498921351311,0.00985017326075199
1,YZt,214,96,0.0343038557630887,0.009930391613706919
1,YZt,215,97,0.03353040899333923,0.009822547344945145
1,YZt,216,96,0.03427026723870625,0.009850929327296504
1,YZt,217,96,0.03416966041161652,0.009908886950060801
1,YZt,218,96,0.0331343803558604,0.009798253806250958
1,YZt,219,97,0.03196393171599912,0.009783550468217298
1,YZt,220,96,0.032623915347412144,0.009737488029273737
1,YZt,221,95,0.03347224964912269,0.009891237475003362
1,YZt,222,96,0.03275707353086609,0.009861879753982979
1,YZt,223,98,0.03165685281433956,0.009958202191412288
1,YZt,224,100,0.030552274392202178,0.009744565098958142
1,YZt,225,99,0.031586857039526225,0.009969196658111468
1,YZt,226,97,0.03191464168684214,0.009966466389242389
1,YZt,227,98,0.030929631045821845,0.009793647906094114
1,YZt,228,99,0.030694186504421874,0.009794987522534448
1,YZt,229,98,0.030473013067918588,0.00984186437934608
1,YZt,230,98,0.03004593173648081,0.00995539998807703
1,YZt,231,99,0.030332307987340414,0.009906426003331288
1,YZt,232,98,0.02945090767962288,0.009833932808780782
1,YZt,233,99,0.029346484075591362,0.009756219548638262
1,YZt,234,100,0.02836917228985346,0.009886104567809004
1,YZt,235,99,0.028410537224673592,0.009792085767233736
1,YZt,236,98,0.028832903435426008,0.009778849840428247
1,YZt,237,101,0.026905509784608754,0.009810891984631392
1,YZt,238,99,0.027474190230210298,0.009988855971991197
1,YZt,239,98,0.028318388112326242,0.009863388479954646
1,YZt,240,98,0.026735395203475773,0.009847381187450575
1,YZt,241,99,0.026361674912431205,0.009743122557336129
1,YZt,242,98,0.02696127411419279,0.009975786215481756
1,YZt,243,100,0.025166929711819084,0.0099626423710508
1,YZt,244,100,0.02469608450267934,0.00977861151583988
1,YZt,245,99,0.024561344518708592,0.009887050956517969
1,YZt,246,101,0.02342305116963895,0.009971623277880927
1,YZt,247,100,0.02371160429629418,0.009898374617974302
1,YZt,248,102,0.02206032331868733,0.00990766564479189
1,YZt,249,101,0.021231855968666863,0.009783327930031718
1,YZt,250,103,0.020060442802831955,0.009816575750334055
1,YZt,251,101,0.019969025946442846,0.009892339915600394
1,YZt,252,105,0.01716966114755186,0.009901306776915263
1,YZt,253,101,0.01586471014285404,0.009862817585291261
1,YZt,254,104,0.01175242233470868,0.009836008562619538
1,YZt,255,95,0.018353978767486814,0.009823668029245428
1,YZt,256,86,0.023630650423789673,0.009991651094217374
1,YZt,257,82,0.02893017025133769,0.009814268191554275
1,YZt,258,78,0.038391514036433344,0.009728673556910459
1,YZt,259,1,nan,0.0
1,XZt,0,1,nan,0.0
1,XZt,1,77,0.03827756118670516,0.009735288899817923
1,XZt,2,80,0.02970708844302756,0.009990502445432703
1,XZt,3,83,0.023523717473084998,0.009837616327693645
1,XZt,4,89,0.01883302307185783,0.009983150497714451
1,XZt,5,96,0.012595550001441967,0.00991785044546578
1,XZt,6,98,0.015506731625455317,0.009734511251280796
1,XZt,7,104,0.016670792427608796,0.00983324755013554
1,XZt,8,101,0.019634229082338625,0.009929265989261681
1,XZt,9,103,0.019935743303139672,0.009904332111745733
1,XZt,10,101,0.021036530246015178,0.009733470483147983
1,XZt,11,102,0.022146706672143548,0.009998777898556716
1,XZt,12,101,0.0233615181541967,0.009779615732427114
1,XZt,13,102,0.023051985615048773,0.009801495537281582
1,XZt,14,100,0.024369461371855968,0.009852726843890018
1,XZt,15,100,0.025238816012863884,0.009897308479854674
1,XZt,16,101,0.0251785151816691,0.009893433322311417
1,XZt,17,99,0.026811088668074835,0.009878298930817467
1,XZt,18,99,0.027042495921338002,0.009880508903962186
1,XZt,19,98,0.027618733267694172,0.009982141413413434
1,XZt,20,99,0.028152004646744454,0.009804828067338421
1,XZt,21,101,0.026720999339804208,0.009782196746592363
1,XZt,22,101,0.027794823111593137,0.009927577699396695
1,XZt,23,98,0.029299054510773203,0.009880240443435358
1,XZt,24,100,0.028295399213995466,0.009738487827224404
1,XZt,25,100,0.028857390282819997,0.009788484970607282
1,XZt,26,99,0.03004231733974679,0.00982512878508615
1,XZt,27,98,0.030033194867606947,0.009998222018733753
1,XZt,28,100,0.0300441620218577,0.00977703011641326
1,XZt,29,98,0.030599415402078584,0.009972098383338719
1,XZt,30,98,0.031020547773358303,0.009940167136788204
1,XZt,31,99,0.03123598310024055,0.009959254498224523
1,XZt,32,98,0.031625816809295174,0.009874706281407368
1,XZt,33,98,0.031674878935717,0.009857608442545547
1,XZt,34,100,0.0315021073191782,0.009965917937998035
1,XZt,35,100,0.03101120685413184,0.009862994803236791
1,XZt,36,99,0.031263270167018964,0.009803745500531327
1,XZt,37,97,0.03243972959340604,0.009811888209535961
1,XZt,38,96,0.033120034454306634,0.009793465910757857
1,XZt,39,96,0.03296383192369763,0.009787233758611952
1,XZt,40,97,0.03248423209416572,0.009872176632334133
1,XZt,41,96,0.03386157269373363,0.00999360165310091
1,XZt,42,97,0.03370928146498411,0.009777699321853472
1,XZt,43,96,0.03456694851711539,0.009875418162155238
1,XZt,44,97,0.033892534287370324,0.009952449103390288
1,XZt,45,97,0.03381169756022028,0.009902015971085481
1,XZt,46,96,0.03464474125173685,0.009851969359022742
1,XZt,47,97,0.03420568841217336,0.009974725661467424
1,XZt,48,99,0.03295480780408033,0.009953610230527708
1,XZt,49,102,0.03222358086645881,0.009931861758831814
1,XZt,50,102,0.03219857945703266,0.009911580485060417
1,XZt,51,100,0.0330958692001977,0.009771180557531402
1,XZt,52,99,0.03288979160001284,0.009845583473535249
1,XZt,53,99,0.03397537574042594,0.009860627748162185
1,XZt,54,103,0.03173471330816006,0.009886137912007029
1,XZt,55,103,0.03160088068843722,0.009761490257763636
1,XZt,56,100,0.032887596572124964,0.00989711909568897
1,XZt,57,101,0.032396053440119095,0.009819898088305808
1,XZt,58,105,0.030230798623580593,0.009932726993241955
1,XZt,59,103,0.03114903137992395,0.009802696833220725
1,XZt,60,102,0.031253188492224346,0.009782444387818213
1,XZt,61,105,0.029570514572900233,0.009813598355097371
1,XZt,62,104,0.0298855871048176,0.009990600281385972
1,XZt,63,103,0.029705962210495915,0.00974549416050811
1,XZt,64,106,0.028042900841746286,0.009790086445231445
1,XZt,65,104,0.028926060669765944,0.009788642780354587
1,XZt,66,104,0.028470370760728166,0.009952318540324582
1,XZt,67,106,0.027062942837052628,0.009951894102241057
1,XZt,68,105,0.025613046769115272,0.00974322012347049
1,XZt,69,108,0.023708327079321658,0.009834215785621127
1,XZt,70,106,0.02276233654246497,0.00995606644421946
1,XZt,71,110,0.019769845801726024,0.009744059623949978
1,XZt,72,109,0.019043019687877753,0.009916266898900086
1,XZt,73,111,0.017331875708515118,0.009961359163150229
1,XZt,74,111,0.01631499141898619,0.009797918541940334
1,XZt,75,113,0.015157528280016257,0.009947723092848443
1,XZt,76,112,0.014489519797483136,0.009833204281348658
1,XZt,77,114,0.013482653625767982,0.009895267664903595
1,XZt,78,113,0.012864063862154418,0.009812706991606713
1,XZt,79,114,0.01232500903717761,0.009910207894786412
1,XZt,80,113,0.011933299879040305,0.009769465340850915
1,XZt,81,114,0.011487642851430365,0.00996262928970522
1,XZt,82,113,0.011206026867395752,0.009926997754033216
1,XZt,83,114,0.010662768716124704,0.009967215172608955
1,XZt,84,115,0.010173650165597663,0.009852069348805415
1,XZt,85,113,0.010190628529508224,0.00994607955774936
1,XZt,86,115,0.0097158825656391,0.009832554057190067
1,XZt,87,115,0.009543878314022152,0.009886307733038061
1,XZt,88,116,0.00910001566966805,0.00980258304489807
1,XZt,89,116,0.00908489239624511,0.009949055062638785
1,XZt,90,116,0.008968526356882132,0.009821021416674977
1,XZt,91,117,0.008755304739416258,0.009794923344096696
1,XZt,92,119,0.008516027491414214,0.009950838705853731
1,XZt,93,119,0.008421408087930633,0.009883298599556426
1,XZt,94,120,0.008124301006261422,0.009955049994107847
1,XZt,95,121,0.007973085159178755,0.009798274539839832
1,XZt,96,121,0.007958166449755753,0.009982759240072032
1,XZt,97,122,0.007612416291656093,0.009783182572251433
1,XZt,98,123,0.007424966137150327,0.009972194477968752
1,XZt,99,125,0.007024828025300646,0.009785274967556127
1,XZt,100,124,0.007064334709952899,0.009785983953402608
1,XZt,101,123,0.007057448574036565,0.00988248682972919
1,XZt,102,124,0.006825970016764852,0.00979277429763332
1,XZt,103,125,0.006621488058072893,0.009858711922067241
1,XZt,104,126,0.006392949259981066,0.00989458355492822
1,XZt,105,124,0.006532210486484429,0.009946307703589435
1,XZt,106,124,0.0064125230890308025,0.009911512034089668
1,XZt,107,125,0.006187620357344912,0.00981985827375421
1,XZt,108,125,0.0061476872315451795,0.009862115677672253
1,XZt,109,126,0.005933654260440679,0.00988163154857926
1,XZt,110,126,0.005839120686308929,0.009785721125414636
1,XZt,111,124,0.006019652644437304,0.00999262853100154
1,XZt,112,125,0.005859209871346258,0.009819588935783118
1,XZt,113,126,0.005745533727696103,0.009813087842619056
1,XZt,114,127,0.00546427938736255,0.009804187690147093
1,XZt,115,127,0.005462460921127118,0.009975732037737859
1,XZt,116,127,0.005439570100587522,0.009960390202798257
1,XZt,117,127,0.005404821876534922,0.009841637317614298
1,XZt,118,126,0.005529337069368292,0.009948531466050766
1,XZt,119,126,0.00541207918339799,0.009805829989982728
1,XZt,120,126,0.00531965688011911,0.00978237542506868
1,XZt,121,126,0.0053224793193754494,0.009844501884201731
1,XZt,122,126,0.005343881163396866,0.009890857695482803
1,XZt,123,126,0.00534610644812346,0.009927358775933313
1,XZt,124,126,0.005331506885615197,0.009942203747291234
1,XZt,125,126,0.005313903485420147,0.009921030302894776
1,XZt,126,127,0.005216718072246954,0.009783571232965853
1,XZt,127,127,0.005240922596127736,0.009838880222196363
1,XZt,128,127,0.005202718001524027,0.009839588462001942
1,XZt,129,127,0.005179795041394941,0.009878691609634236
1,XZt,130,127,0.005175049654670873,0.009873721441371077
1,XZt,131,127,0.005202331839532385,0.009813436259521597
1,XZt,132,127,0.005248452005909929,0.009811722569739435
1,XZt,133,126,0.00538178889570609,0.00999152718154807
1,XZt,134,126,0.0053739197027930525,0.009975133373290607
1,XZt,135,126,0.005388474834006603,0.009978488197348711
1,XZt,136,126,0.005393279336921113,0.009906705748711308
1,XZt,137,126,0.0054340354404274205,0.009854623996468852
1,XZt,138,126,0.005445667874603461,0.009840594246331715
1,XZt,139,126,0.005470941139246355,0.009787411170232173
1,XZt,140,126,0.00559214408248679,0.009840073058765055
1,XZt,141,126,0.0056832302765167445,0.009910667379814725
1,XZt,142,126,0.005682427025290972,0.009959964569289407
1,XZt,143,127,0.005585907183315017,0.009847479666842301
1,XZt,144,127,0.005643080981171197,0.009876763375735686
1,XZt,145,126,0.005822833891760106,0.009941550242050946
1,XZt,146,125,0.0061515035922078635,0.009910303815979364
1,XZt,147,124,0.0063455435106590605,0.009878698981913335
1,XZt,148,124,0.006470500276086098,0.009887813119338803
1,XZt,149,125,0.006528132875754441,0.009957524714875906
1,XZt,150,126,0.006582822136084632,0.009885211211610019
1,XZt,151,125,0.006919697681018054,0.00986387346185084
1,XZt,152,124,0.00719576136468677,0.009996133934709443
1,XZt,153,124,0.007341409512530984,0.00980358519698281
1,XZt,154,124,0.0075382793089473045,0.009847830759268034
1,XZt,155,126,0.007422388048180246,0.009783094808017683
1,XZt,156,124,0.007956251147748492,0.009941713333221898
1,XZt,157,123,0.008272463319100892,0.009876135037089966
1,XZt,158,123,0.008433859846355456,0.009781886402534247
1,XZt,159,123,0.00873435826707964,0.009916874914830863
1,XZt,160,124,0.008781859719454456,0.00995212558115316
1,XZt,161,123,0.009169571445845992,0.009960792729147223
1,XZt,162,122,0.009577070920537627,0.009867039636644514
1,XZt,163,123,0.009756499742613582,0.009790531992320562
1,XZt,164,123,0.009972144086751698,0.00979237425914378
1,XZt,165,123,0.010094855171766831,0.009834803930442247
1,XZt,166,122,0.010652400959245014,0.009904962531517885
1,XZt,167,123,0.010689637841029442,0.009845298876774483
1,XZt,168,121,0.011276323524848822,0.009963854629439644
1,XZt,169,121,0.011450525397105712,0.009920032673917023
1,XZt,170,122,0.011408825491346596,0.009806724714581912
1,XZt,171,121,0.011653247555464902,0.009820757184554298
1,XZt,172,120,0.012029352622871161,0.00978903553153406
1,XZt,173,119,0.012222472569842031,0.009793253774290859
1,XZt,174,116,0.01264966935908465,0.009990499759726358
1,XZt,175,117,0.01227424332366039,0.009807276987448033
1,XZt,176,116,0.012292289817873803,0.009770089554508051
1,XZt,177,113,0.01285956095468392,0.009989336397314816
1,XZt,178,114,0.012321292231801895,0.009772333020288588
1,XZt,179,110,0.01283562312998574,0.009979027891348007
1,XZt,180,112,0.01220458404126724,0.009793823244638674
1,XZt,181,110,0.012368506851199576,0.0098043041965582
1,XZt,182,111,0.012275310547493458,0.009909636216163309
1,XZt,183,109,0.012590116018690402,0.009836634398680858
1,XZt,184,111,0.012376597063709652,0.00992134015793693
1,XZt,185,109,0.012873101116785862,0.009932787194080535
1,XZt,186,111,0.01257202099610987,0.009807323888169534
1,XZt,187,110,0.01300974652957464,0.009816784259129793
1,XZt,188,112,0.012992921139428404,0.009841824653657886
1,XZt,189,110,0.013876519844381062,0.009973953230510407
1,XZt,190,112,0.014006835617562878,0.009993865534287043
1,XZt,191,110,0.01461278420131783,0.009824578296034283
1,XZt,192,111,0.015168494404690135,0.009874653101777852
1,XZt,193,109,0.015824661363879326,0.009831699890450267
1,XZt,194,107,0.016492380343091067,0.009913033699768654
1,XZt,195,108,0.016190065887192646,0.009812567928476183
1,XZt,196,104,0.017111376784135233,0.009788093372155254
1,XZt,197,105,0.016930418960535373,0.009896041202276967
1,XZt,198,105,0.016895804272229736,0.00992953312430595
1,XZt,199,102,0.01731888684822835,0.009751792687188125
1,XZt,200,103,0.017323415517061708,0.009900821692914988
1,XZt,201,106,0.016431627566330393,0.009805204924230926
1,XZt,202,102,0.0174167990541964,0.009817934492096782
1,XZt,203,101,0.017631850857198404,0.009957986635695717
1,XZt,204,104,0.01699345185814847,0.009921908844256574
1,XZt,205,105,0.01661120113156237,0.009772967248310253
1,XZt,206,101,0.017619008973555426,0.009828606179926671
1,XZt,207,101,0.017319910323869557,0.009874233089092965
1,XZt,208,102,0.01735330521572619,0.00992849426832269
1,XZt,209,105,0.016616567333248098,0.009848733344093844
1,XZt,210,105,0.016697949742351663,0.009881086922821842
1,XZt,211,103,0.01709018912135429,0.009785811999675351
1,XZt,212,101,0.017908203582002628,0.00990241351568732
1,XZt,213,100,0.01869761387430802,0.009977141331837908
1,XZt,214,102,0.018701297876002356,0.009861099649804018
1,XZt,215,102,0.019561659088354392,0.00992455983681628
1,XZt,216,101,0.02117804303645301,0.009936493088022523
1,XZt,217,102,0.02238751206320259,0.00980331775791147
1,XZt,218,101,0.024526311448425674,0.009974288726528151
1,XZt,219,102,0.025506801876732196,0.00976216170641573
1,XZt,220,100,0.028245317014727118,0.00984515793798669
1,XZt,221,99,0.0303183466150368,0.009857639938916668
1,XZt,222,100,0.03074690896709923,0.0097380977607869
1,XZt,223,101,0.03084892501621533,0.009783669179298774
1,XZt,224,101,0.03153273741915035,0.009997914546412011
1,XZt,225,102,0.031047959085171255,0.009765197177432012
1,XZt,226,99,0.03191613082211539,0.009862908526476857
1,XZt,227,99,0.03155077257517133,0.009816955670347183
1,XZt,228,100,0.031302048382811455,0.009861075938645877
1,XZt,229,99,0.03123683090063794,0.00992858229155045
1,XZt,230,99,0.030533346572573436,0.009938537779305603
1,XZt,231,100,0.03062584343386756,0.00992403726530071
1,XZt,232,99,0.029775623571857052,0.009792908162050067
1,XZt,233,99,0.030349060839648993,0.009833057321975317
1,XZt,234,101,0.028600783240098335,0.009809665121638502
1,XZt,235,100,0.028762237366438997,0.009857784587625018
1,XZt,236,99,0.029081581432349367,0.009743353488501073
1,XZt,237,102,0.02716049726348276,0.009846050256703074
1,XZt,238,101,0.026900010454588827,0.009893907920851918
1,XZt,239,99,0.028329958376230157,0.00983830556772906
1,XZt,240,99,0.02702388825392175,0.009910128604389706
1,XZt,241,99,0.027174049589351296,0.009935093074639705
1,XZt,242,100,0.026379020920601032,0.009793728139523044
1,XZt,243,101,0.02534511348849595,0.009962598125253902
1,XZt,244,101,0.024842571015063663,0.009745531132335915
1,XZt,245,100,0.024563895338603453,0.00986796765509689
1,XZt,246,102,0.023275740599273502,0.00995348699957848
1,XZt,247,101,0.023540506512927287,0.009852938866972551
1,XZt,248,103,0.02171851327663069,0.009853582688921628
1,XZt,249,101,0.021323166360259518,0.009934765128962287
1,XZt,250,104,0.01981658107947253,0.009812167915674788
1,XZt,251,102,0.01940887666682826,0.009809842127586102
1,XZt,252,105,0.016609872982502254,0.00980805980928701
1,XZt,253,98,0.015867038964605448,0.009921853985991368
1,XZt,254,97,0.012565611076645219,0.009743588741538484
1,XZt,255,89,0.01903532025576592,0.009999212613380272
1,XZt,256,83,0.02364024881451921,0.009949187594858841
1,XZt,257,81,0.028686045507852153,0.009806913499251281
1,XZt,258,77,0.03827804804876996,0.00992729081987285
1,XZt,259,1,nan,0.0
2,XYt,73,180,0.018519183339879657,0.009956169238509288
2,XYt,74,180,0.01814229528091475,0.009893358934190608
2,XYt,75,180,0.017811416143418544,0.009840744676652757
2,XYt,76,179,0.017831905439765254,0.009950162500007652
2,XYt,77,179,0.017548785671447183,0.009879964681877625
2,XYt,78,179,0.017403413738739604,0.009906801703813289
2,XYt,79,180,0.01733627017861493,0.009988259322177994
2,XYt,80,182,0.017106728360410037,0.00999867998927711
2,XYt,81,185,0.016563819408628895,0.009832046868089042
2,XYt,82,186,0.01656802921595038,0.009963270640161458
2,XYt,83,188,0.016187685397645896,0.009823351191355495
2,XYt,84,188,0.016353369204877264,0.009980909562583604
2,XYt,85,189,0.016226465480814814,0.009962640985967964
2,XYt,86,190,0.016020275586034662,0.009887017692936822
2,XYt,87,190,0.015964358125271236,0.009931836286917572
2,XYt,88,190,0.015892567426497122,0.009959980809889064
2,XYt,89,190,0.015805482039460254,0.009991428127033512
2,XYt,90,191,0.015413473072233144,0.009827749407910875
2,XYt,91,190,0.015510904387239108,0.009977783670298137
2,XYt,92,190,0.015362412179736324,0.009985562978394084
2,XYt,93,191,0.014988092094330354,0.009853655821322242
2,XYt,94,191,0.014923090563466638,0.009894486551587662
2,XYt,95,191,0.014823295646326664,0.009916574197052764
2,XYt,96,191,0.014713300260195487,0.009933804996104849
2,XYt,97,191,0.014609407486975784,0.009927823104157346
2,XYt,98,191,0.014544763198714413,0.009946909875565466
2,XYt,99,191,0.01450359494094524,0.00998373132768998
2,XYt,100,192,0.014236710760636193,0.009841071315206475
2,XYt,101,192,0.014252706590735463,0.009876395536628462
2,XYt,102,192,0.014294024862484328,0.009933730987477787
2,XYt,103,193,0.014126851150318274,0.009850748857189198
2,XYt,104,193,0.014236763043074082,0.00996246053880728
2,XYt,105,194,0.014107350816566382,0.009909197262182864
2,XYt,106,195,0.013955745930412851,0.009840768125190616
2,XYt,107,195,0.014000206765312209,0.00989728903812973
2,XYt,108,195,0.014001496241272345,0.009897908753365759
2,XYt,109,195,0.013946623854932925,0.009845960327722057
2,XYt,110,194,0.014104944335300665,0.009932660231628901
2,XYt,111,193,0.014224510777031822,0.009975133450143291
2,XYt,112,192,0.014255756998451401,0.00994628242282173
2,XYt,113,191,0.014258588908882194,0.009889738191122273
2,XYt,114,190,0.014276961582223692,0.009847502632250538
2,XYt,115,189,0.014361122209624627,0.009856378449993833
2,XYt,116,188,0.014542782299088172,0.00992737337098107
2,XYt,117,188,0.014626882595087506,0.009915897200804649
2,XYt,118,188,0.014818189919538548,0.00993646731937362
2,XYt,119,188,0.014997899934559496,0.009952497476763845
2,XYt,120,188,0.014979306526398197,0.009874946867130734
2,XYt,121,187,0.015246468470473038,0.009981917081804044
2,XYt,122,188,0.015131067118387615,0.009855972281531773
2,XYt,123,189,0.01519982700524449,0.009861847571533218
2,XYt,124,190,0.015317089518366318,0.009892728627393996
2,XYt,125,191,0.015381351811975577,0.00987422190921363
2,XYt,126,191,0.01565715596910178,0.009951251325241734
2,XYt,127,191,0.01588850148945409,0.009980909024926134
2,XYt,128,191,0.016046508247550176,0.00996754628075187
2,XYt,129,191,0.016175751182924778,0.009931205180084586
2,XYt,130,191,0.016216027510059437,0.009870764856056783
2,XYt,131,190,0.016448061176793483,0.009905902475191682
2,XYt,132,189,0.016601460432523644,0.009886105808525364
2,XYt,133,188,0.01669002143747145,0.009834446994262152
2,XYt,134,186,0.017006228017729275,0.00990817314113751
2,XYt,135,184,0.017213186008514226,0.009890669272924918
2,XYt,136,182,0.01738363123788281,0.009850980378180154
2,XYt,137,180,0.01774154188771256,0.00992112256498392
2,XYt,138,180,0.017731136138396934,0.009827348062846969
2,XYt,139,179,0.018125794339274547,0.00998225522848159
2,XYt,140,180,0.017964734407352075,0.009850415457402426
2,XYt,141,180,0.018179230623557027,0.009900496715925907
2,XYt,142,180,0.01842779885154267,0.00997779119985784
2,XYt,143,181,0.0184278697258814,0.00991614776515534
2,XYt,144,182,0.01853266748780506,0.009950281688765102
2,XYt,145,184,0.018345845084799844,0.009829470910397113
2,XYt,0,200,0.0197416291815637,0.05154591510539637
2,XYt,1,200,0.019099863148474783,0.05055060880843668
2,XYt,2,200,0.01797935109761136,0.04897358214975015
2,XYt,3,200,0.01622209978031227,0.04558723338481496
2,XYt,4,200,0.014559574712036703,0.041949696266192896
2,XYt,5,200,0.012991685290720572,0.038227657938037514
2,XYt,6,200,0.011599660440786853,0.034698680979968796
2,XYt,7,200,0.01046963380900797,0.03190601127868183
2,XYt,8,200,0.009545528009670854,0.029554494899059383
2,XYt,9,200,0.008739363043517436,0.02705842336461673
2,XYt,10,200,0.007886724802195322,0.024041533601064282
2,XYt,11,200,0.0070657891453002695,0.021156935780378947
2,XYt,12,200,0.006265902113192141,0.018688993137082766
2,XYt,13,200,0.005665245526259584,0.017064808446264883
2,XYt,14,200,0.005219800104136569,0.015739343087612535
2,XYt,15,200,0.0048646194799991755,0.01420244921839146
2,XYt,16,200,0.004084470726377989,0.012144118134766931
2,XYt,17,200,0.0035706723556067498,0.010784472688416095
2,XYt,18,200,0.0035496124177828597,0.010453471175444274
2,XYt,19,200,0.0034307060328411933,0.009990321657416904
2,XYt,20,199,0.0034521540418782047,0.009966833442416837
2,XYt,21,200,0.0034192494962992604,0.009858140678815032
2,XYt,22,200,0.003534656953568631,0.010226407442850746
2,XYt,23,200,0.003721209949468921,0.010829809400532336
2,XYt,24,200,0.0039540526000733075,0.011563744726920896
2,XYt,25,200,0.004207011830250391,0.012316144927806713
2,XYt,26,200,0.004453923902695186,0.012991675914813365
2,XYt,27,200,0.004671340694665505,0.01348874560959591
2,XYt,28,200,0.004831759860263428,0.013698924833622613
2,XYt,29,200,0.004910519694349767,0.013576718678080387
2,XYt,30,200,0.004898902342400924,0.013123883028624342
2,XYt,31,200,0.004786051313084158,0.012348389523453681
2,XYt,32,200,0.004580688976835711,0.01130363873906334
2,XYt,33,200,0.0042663858892941645,0.010016047606376222
2,XYt,34,192,0.004448512447130983,0.009905873221805382
2,XYt,35,180,0.004707474133354688,0.009991398049868039
2,XYt,36,165,0.004990342489288641,0.009962612976473727
2,XYt,37,151,0.005669301070997111,0.009988093844164813
2,XYt,38,157,0.006051383473883157,0.009968642358669127
2,XYt,39,179,0.007492480338960285,0.009958047992565803
2,XYt,40,199,0.008847382637088222,0.00997378951357992
2,XYt,41,200,0.013120540596737104,0.01284065668785222
2,XYt,42,200,0.018250472248302906,0.015539075570332758
2,XYt,43,200,0.02397281828378628,0.017727506618079595
2,XYt,44,200,0.02978037919533644,0.01915252954095361
2,XYt,45,200,0.03422593809637366,0.019331172559385316
2,XYt,46,200,0.03450551701191488,0.017799843172482625
2,XYt,47,200,0.031036454327459467,0.015463095320121049
2,XYt,48,200,0.02643848055822327,0.013104906322551485
2,XYt,49,200,0.022255255469735804,0.011011597184351265
2,XYt,50,197,0.019992975398377816,0.009912525060185813
2,XYt,51,191,0.019781309047673338,0.009901085336888113
2,XYt,52,187,0.01913731415151115,0.00987364255675336
2,XYt,53,183,0.01872044951895719,0.00996643069852275
2,XYt,54,180,0.018236627608732014,0.009939857791513775
2,XYt,55,177,0.018323548308407926,0.00998761888554928
2,XYt,56,176,0.018773071117100942,0.009823788752718289
2,XYt,57,176,0.020147006496052465,0.009942204903899597
2,XYt,58,179,0.02078567052866515,0.009917026584451235
2,XYt,59,183,0.020931648149463085,0.00992676036049931
2,XYt,60,187,0.020694298055950557,0.009825837547963739
2,XYt,61,189,0.020711636552157783,0.009832789125202634
2,XYt,62,189,0.020979661583769495,0.009928271195437505
2,XYt,63,188,0.021216709269336883,0.00999432155671434
2,XYt,64,187,0.021100143448259445,0.009920277647102963
2,XYt,65,185,0.02114384622314551,0.009999839198161246
2,XYt,66,184,0.020780820520147934,0.009976725172789237
2,XYt,67,184,0.020144609207566385,0.009836256251938878
2,XYt,68,183,0.01996156647874967,0.009919072351600165
2,XYt,69,182,0.01972401532891619,0.009981220323755226
2,XYt,70,182,0.01922405815219575,0.00987852196809212
2,XYt,71,181,0.019100438134297966,0.009952201994973056
2,XYt,72,181,0.018636354798167925,0.00985360680711373
2,XYt,146,185,0.01839336347441088,0.009850877420105437
2,XYt,147,186,0.018357398665552565,0.009838253360168499
2,XYt,148,186,0.01843383426666738,0.009877684271765011
2,XYt,149,185,0.018627670858089,0.009960767946924146
2,XYt,150,184,0.018687593915977112,0.00995415212052171
2,XYt,151,183,0.018687210325718587,0.009919203274988018
2,XYt,152,182,0.018678977565471513,0.00991298575249581
2,XYt,153,181,0.018670980017946547,0.00993729628027858
2,XYt,154,181,0.01837515407549763,0.009829231785363261
2,XYt,155,180,0.01835145966272108,0.009864951450782955
2,XYt,156,179,0.018337132631621546,0.009942745719229271
2,XYt,157,179,0.018053127174186088,0.009847172392312677
2,XYt,158,178,0.018233812719583728,0.009997202339788567
2,XYt,159,179,0.01808307294022612,0.009991756821583382
2,XYt,160,181,0.017791186403668342,0.00997159890697444
2,XYt,161,183,0.017548432985797006,0.009995808758617608
2,XYt,162,186,0.016992374687813932,0.009826490166938127
2,XYt,163,187,0.01703838482413404,0.00997837795021546
2,XYt,164,189,0.01675762024273676,0.009943425744659992
2,XYt,165,190,0.016622062745566105,0.00996468115813051
2,XYt,166,191,0.016321595947417174,0.00988542781137334
2,XYt,167,191,0.016191528846410657,0.009937964259045877
2,XYt,168,191,0.016059124651770288,0.009961689696372084
2,XYt,169,192,0.015655567514822007,0.009836815439470938
2,XYt,170,192,0.015537185605041547,0.00987381919220312
2,XYt,171,192,0.015359222061446756,0.009851690160388907
2,XYt,172,191,0.015458810188514742,0.009978767305377296
2,XYt,173,191,0.015244060625052645,0.009884380054184756
2,XYt,174,190,0.015282596931114561,0.009943175328006466
2,XYt,175,189,0.015247951080326973,0.009976365860503274
2,XYt,176,189,0.014980366095630136,0.009851168859486505
2,XYt,177,188,0.01502193242657499,0.00993711159269613
2,XYt,178,188,0.014904115197088025,0.00991129120880901
2,XYt,179,188,0.014914881767518455,0.009985277073830434
2,XYt,180,189,0.014746733491859587,0.009943917384873699
2,XYt,181,190,0.014584638061768733,0.009880845090051958
2,XYt,182,190,0.01469189118782442,0.0099863040350109
2,XYt,183,191,0.014504072806925504,0.009881076992045035
2,XYt,184,191,0.014551259754118093,0.009932565143793749
2,XYt,185,191,0.014545139112867315,0.009940817648234509
2,XYt,186,191,0.014514051809099725,0.009910735140450775
2,XYt,187,191,0.014466326342180768,0.009863633305526939
2,XYt,188,191,0.014469913556914491,0.009857891906262881
2,XYt,189,191,0.01451696609994242,0.009881173661526212
2,XYt,190,191,0.014629409942053204,0.00994788307735361
2,XYt,191,192,0.014530511272785391,0.009875993994991115
2,XYt,192,192,0.014626381336734032,0.009953768811110573
2,XYt,193,192,0.014521251040442617,0.009898036161575816
2,XYt,194,191,0.014489494729489955,0.009848561941074533
2,XYt,195,188,0.014850055583961392,0.009992305158850067
2,XYt,196,187,0.014790661119704732,0.009845700891634652
2,XYt,197,186,0.014901578719031397,0.009862715450344658
2,XYt,198,186,0.01507738850740248,0.009899014168286613
2,XYt,199,186,0.015436317286774451,0.009988208282174112
2,XYt,200,186,0.015533883447811613,0.009988827191785383
2,XYt,201,186,0.01549862701990278,0.00998299438045845
2,XYt,202,187,0.015545313747843105,0.009984705240143147
2,XYt,203,189,0.015442640431112199,0.009925556392871357
2,XYt,204,191,0.015386033206131957,0.009902913307637607
2,XYt,205,192,0.015508260633225095,0.009921635863437693
2,XYt,206,192,0.01572336429912786,0.00992060707626956
2,XYt,207,191,0.015982928043717013,0.009932831495490239
2,XYt,208,190,0.016153862531206833,0.009904986369808499
2,XYt,209,189,0.01647327884896928,0.009988756814239455
2,XYt,210,189,0.01641770161048649,0.009864039702561087
2,XYt,211,188,0.016789723095140117,0.009977232921380651
2,XYt,212,188,0.016938107380575187,0.009948237484731646
2,XYt,213,188,0.01720890342143808,0.009999829002002253
2,XYt,214,188,0.017386384854267342,0.009980768157671035
2,XYt,215,188,0.017463256286523298,0.00985516479504783
2,XYt,216,186,0.01794772803935194,0.0099085159708091
2,XYt,217,184,0.01843185370991015,0.009956623060687987
2,XYt,218,183,0.018684100123225023,0.009973311183414964
2,XYt,219,183,0.018724044280957707,0.009899297685425062
2,XYt,220,183,0.01882918038566775,0.009834869875302764
2,XYt,221,182,0.019341234110902144,0.009960565376875887
2,XYt,222,182,0.019565595871662966,0.009952740649540198
2,XYt,223,183,0.019634859541656564,0.009895043533062298
2,XYt,224,184,0.01980770472274166,0.009914737920035494
2,XYt,225,185,0.020076718657436366,0.009968967498094622
2,XYt,226,186,0.02011803525434689,0.009892514899793278
2,XYt,227,186,0.02040556379327203,0.009926411133017244
2,XYt,228,186,0.020634578311834056,0.009935637209091307
2,XYt,229,186,0.020923283982812915,0.00996547223182531
2,XYt,230,186,0.021144264875135522,0.009965787243690237
2,XYt,231,186,0.021398423012788454,0.009957198123925632
2,XYt,232,186,0.02156392716945923,0.009919632821406028
2,XYt,233,186,0.021719342902794054,0.009863873228692194
2,XYt,234,186,0.021866480187401022,0.009827438162145215
2,XYt,235,186,0.02210632340588066,0.009848232826460147
2,XYt,236,186,0.022316650055141,0.009858930503670866
2,XYt,237,186,0.022688924399488886,0.009982982016911812
2,XYt,238,187,0.022637913893974456,0.009991791194245137
2,XYt,239,188,0.02245079434455735,0.009914628046525502
2,XYt,240,188,0.02260936202774352,0.009959151581827459
2,XYt,241,189,0.022409157272990445,0.009849341637270394
2,XYt,242,189,0.022555273886570738,0.009901031679520736
2,XYt,243,189,0.02271120662163588,0.009960179081615155
2,XYt,244,189,0.0227931380136717,0.009993764738633143
2,XYt,245,190,0.022450391205334055,0.009845521026469007
2,XYt,246,190,0.022386526628631293,0.009827337687723224
2,XYt,247,189,0.022742083297872463,0.009999126515278563
2,XYt,248,190,0.0223216654480773,0.009842464451413627
2,XYt,249,190,0.02231935099593438,0.009874126258617454
2,XYt,250,190,0.02227059950633643,0.009895471416717665
2,XYt,251,190,0.022057080278594005,0.009874307233111264
2,XYt,252,189,0.02181678855924225,0.009882344481946956
2,XYt,253,186,0.021313417549476035,0.009850639904251769
2,XYt,254,180,0.020510835308253598,0.009902873749435635
2,XYt,255,176,0.018720743920613105,0.009852489217002065
2,XYt,256,176,0.017659919289592423,0.009845328621608874
2,XYt,257,178,0.017848748384855933,0.009940529377045171
2,XYt,258,185,0.01776411391978799,0.009980605243824239
2,XYt,259,199,0.015344794970964852,0.009946316413107328
2,XYt,260,200,0.016562526869875333,0.011917373232826057
2,XYt,261,200,0.01743447044288746,0.012760803836322516
2,XYt,262,200,0.016869379154649717,0.012120946970466912
2,XYt,263,200,0.015168165314295413,0.010693350598207588
2,XYt,264,198,0.01405274628501456,0.00986112165059812
2,XYt,265,195,0.01398318039166806,0.009880781003763793
2,XYt,266,194,0.014017317614984292,0.009969907866512763
2,XYt,267,194,0.013951188912297111,0.009957731119143729
2,XYt,268,194,0.013892541768038185,0.009946721050442302
2,XYt,269,194,0.013857122777192062,0.00992549475790948
2,XYt,270,194,0.01390255837665245,0.009973048603222493
2,XYt,271,194,0.013860918950401428,0.00995925719235676
2,XYt,272,195,0.013644660676843202,0.009836852535665765
2,XYt,273,195,0.01365134928761881,0.009850065702360794
2,XYt,274,195,0.01366104046802085,0.009861466115994883
2,XYt,275,194,0.013857646899914509,0.00998010519461738
2,XYt,276,194,0.013857301465549811,0.009973086268838752
2,XYt,277,194,0.013847795909874993,0.009955069092005955
2,XYt,278,195,0.013680432275964258,0.0098475554914104
2,XYt,279,194,0.01387102225133519,0.009985637140270853
2,XYt,280,195,0.013658792025727532,0.009849733369085916
2,XYt,281,195,0.013669476593913094,0.009861535225296699
2,XYt,282,195,0.013731492593087211,0.009897488565730634
2,XYt,283,195,0.013686720127637973,0.009847990342596473
2,XYt,284,195,0.01373068632895931,0.009867025962384016
2,XYt,285,195,0.013714191575010217,0.00985516479504783
2,XYt,286,195,0.013763638910028615,0.009891527027714193
2,XYt,287,195,0.013736335710564873,0.009879620318286939
2,XYt,288,195,0.013818851280448302,0.009920092642675673
2,XYt,289,195,0.013788838751894954,0.009905136983136486
2,XYt,290,195,0.013807082541412715,0.009895928022467701
2,XYt,291,195,0.013799033277611825,0.009891018134732654
2,XYt,292,195,0.013820546240098791,0.009885987474501775
2,XYt,293,195,0.013812439795559225,0.00989591663469448
2,XYt,294,195,0.013867571489113294,0.009915544343509762
2,XYt,295,195,0.013922413167026526,0.009972502435800144
2,XYt,296,195,0.013890013311495874,0.009935142998596944
2,XYt,297,195,0.013941818625748536,0.009978457543390015
2,XYt,298,195,0.013872038894517016,0.009883536881872348
2,XYt,299,195,0.013858125368228268,0.009901969286611845
2,XYt,300,195,0.013820801659355302,0.009865224523648157
2,XYt,301,195,0.013953641067621585,0.009977059192514395
2,XYt,302,195,0.01390483795859348,0.009925259027681982
2,XYt,303,195,0.014003942615078455,0.00999424208987925
2,XYt,304,195,0.0139230979452288,0.009914502475308822
2,XYt,305,195,0.014001196265632924,0.009957911113106958
2,XYt,306,195,0.0139679885390454,0.009930955536004076
2,XYt,307,195,0.014060703676907729,0.009993930659705452
2,XYt,308,195,0.013947817924782769,0.009919041514021825
2,XYt,309,195,0.014059939419093295,0.009986405596861278
2,XYt,310,195,0.013986110733813336,0.009942876870610792
2,XYt,311,195,0.014100560330609859,0.009999274637288003
2,XYt,312,195,0.014005412913887088,0.009944675574876079
2,XYt,313,195,0.014141322230574706,0.009990675633600387
2,XYt,314,195,0.014085743894842257,0.009962197133949892
2,XYt,315,196,0.01401600905767069,0.009873659405194128
2,XYt,316,196,0.013956986676925371,0.009835084309966316
2,XYt,317,196,0.014130202187764536,0.009888204102348436
2,XYt,318,196,0.014148784761564833,0.009901666877377285
2,XYt,319,196,0.014379737281004392,0.009976415885294554
2,XYt,320,196,0.014437270502726368,0.009985449584894402
2,XYt,321,197,0.014495234780221574,0.009892736764140346
2,XYt,322,198,0.014625367191098127,0.009910879168939618
2,XYt,323,200,0.01529877853265727,0.01023932231359716
2,XYt,324,200,0.01594915563307463,0.01065674221480726
2,XYt,325,193,0.017028119327427302,0.009854860949556633
2,XYt,326,182,0.020225707047105957,0.009825468348493918
2,XYt,327,191,0.02138890801411691,0.009859470444001027
2,XYt,328,194,0.022269637906568794,0.009924331731747225
2,XYt,329,194,0.022641674474763097,0.009841390309006012
2,XYt,330,194,0.022897899532302965,0.009828419371929471
2,XYt,331,193,0.0232930912762679,0.009871551496395403
2,XYt,332,193,0.023341521922227524,0.00985039693486118
2,XYt,333,192,0.023786400519879555,0.009960770640647033
2,XYt,334,192,0.023853222125776737,0.009974082203739763
2,XYt,335,192,0.023739531826448314,0.009880506731478528
2,XYt,336,192,0.023814782409858574,0.00992439445537044
2,XYt,337,192,0.02386472332856541,0.009919803769214157
2,XYt,338,192,0.023872115641564412,0.009930644282646532
2,XYt,339,191,0.023922364390496362,0.009931586658700801
2,XYt,340,191,0.02355175690845873,0.009878445372351554
2,XYt,341,190,0.023594851177279646,0.009984039851076635
2,XYt,342,190,0.023212651645344966,0.00992734958644779
2,XYt,343,189,0.023075171740358988,0.009989598088928358
2,XYt,344,190,0.02242916765898449,0.00988925308230461
2,XYt,345,190,0.02215019869074389,0.009870034153998467
2,XYt,346,190,0.02197091840409533,0.00992848577481206
2,XYt,347,190,0.02175689561895643,0.009916947580483792
2,XYt,348,190,0.021605138422835502,0.009965421075112543
2,XYt,349,190,0.021430122652463805,0.009967535513180414
2,XYt,350,191,0.02102332605442551,0.009886404351372934
2,XYt,351,191,0.020757945542926454,0.009841819434781048
2,XYt,352,191,0.02057492652878114,0.009897037454116877
2,XYt,353,191,0.020493383253864354,0.009968908823055333
2,XYt,354,191,0.020280683123774658,0.00998061707264192
2,XYt,355,192,0.019910311915385098,0.009883618867655946
2,XYt,356,192,0.01979777124005528,0.009924582623861596
2,XYt,357,192,0.01949429884940624,0.00988317418163718
2,XYt,358,192,0.019194452274469892,0.009871746108174742
2,XYt,359,191,0.019124799094298327,0.009956902781631603
2,XYt,360,191,0.01868239460961016,0.009956295362187971
2,XYt,361,191,0.01825034910074553,0.009890305749085221
2,XYt,362,191,0.017857657715365093,0.009831797435288985
2,XYt,363,190,0.017635430725246738,0.00985644922830823
2,XYt,364,200,0.021228167493476613,0.012804498709284138
2,XYt,365,200,0.020923289359421202,0.01262657940291457
2,XYt,366,200,0.020688434381450155,0.012534889954169681
2,XYt,367,200,0.020322593302941516,0.012325735604604999
2,XYt,368,200,0.020040394916175878,0.012283386250387449
2,XYt,369,200,0.019785554628886287,0.012216306967975555
2,XYt,370,200,0.019635927103871607,0.012220812213631577
2,XYt,371,200,0.01946691002444288,0.012167566690267383
2,XYt,372,200,0.019360743054910624,0.012197149688164903
2,XYt,373,200,0.019115162861003936,0.012093713255374101
2,XYt,374,200,0.018831831528256623,0.012069977621177933
2,XYt,375,200,0.01860368317148744,0.012072859173547617
2,XYt,376,200,0.018415252197759815,0.012159495737720113
2,XYt,377,200,0.01830488927053122,0.012193790978210415
2,XYt,378,200,0.018283834531315872,0.01229648989463933
2,XYt,379,200,0.018204161784494355,0.012296606851947587
2,XYt,380,200,0.018160932673834305,0.012368901844284698
2,XYt,381,200,0.0180790158696667,0.012327071696397468
2,XYt,382,200,0.018040401731556185,0.012368358211968978
2,XYt,383,200,0.017766132832317014,0.01223149641779084
2,XYt,384,200,0.017413167753633944,0.012174181284202298
2,XYt,385,200,0.017397738197058973,0.0122982659548397
2,XYt,386,200,0.01746064388427567,0.01245885219643239
2,XYt,387,200,0.01738372356675497,0.012390495917256826
2,XYt,388,200,0.017241857523747402,0.012324369323835202
2,XYt,389,200,0.017228233776710324,0.012299283910069481
2,XYt,390,200,0.01715047314114937,0.012261283181450094
2,XYt,391,200,0.01718211495934401,0.012243938582148393
2,XYt,392,200,0.01716659333470927,0.012250669635797783
2,XYt,393,200,0.017289000634538636,0.012286882941022596
2,XYt,394,200,0.01726142245285404,0.01227531013629603
2,XYt,395,200,0.017342317285738675,0.012244056917993355
2,XYt,396,200,0.01722985358964749,0.012107594396474203
2,XYt,397,200,0.01724660927958939,0.012067794438388095
2,XYt,398,200,0.01713681396876314,0.01201519061451642
2,XYt,399,200,0.01727536505946633,0.012158217588345363
2,XYt,400,200,0.01728707907380979,0.012194101234531787
2,XYt,401,200,0.01736548007221711,0.012239467278864496
2,XYt,402,200,0.017299191328156636,0.012195450867690956
2,XYt,403,200,0.01737349073498537,0.012221019912041931
2,XYt,404,200,0.017355847158931573,0.012195352741589999
2,XYt,405,200,0.0174995485040302,0.012248680324590845
2,XYt,406,200,0.017528514757793875,0.012222253295632169
2,XYt,407,200,0.01757791554165776,0.012224093260308535
2,XYt,408,200,0.017436907834167247,0.012065842578706479
2,XYt,409,200,0.01763855250540091,0.012047417547340573
2,XYt,410,200,0.017764245005791667,0.012030226289238976
2,XYt,411,200,0.018180078858822765,0.01219050001492672
2,XYt,412,200,0.018389337396651197,0.012256566454993614
2,XYt,413,200,0.01850578746318115,0.012263288389522859
2,XYt,414,200,0.018652526071247767,0.012291446579929538
2,XYt,415,200,0.018766216063333112,0.0122860142122436
2,XYt,416,200,0.018798347915052478,0.012216738327782797
2,XYt,417,200,0.01890584447573801,0.012147517526485175
2,XYt,418,200,0.018989812168316182,0.012074205914493695
2,XYt,419,200,0.019087947218468074,0.011980944461403638
2,XYt,420,200,0.019336491654442275,0.011951886850383587
2,XYt,421,200,0.019516986601538736,0.011904092544358471
2,XYt,422,200,0.019785545822882368,0.011956897457061794
2,XYt,423,200,0.0200660849834533,0.012028526646465252
2,XYt,424,200,0.020317966896304242,0.012086261222196568
2,XYt,425,200,0.020487558841823305,0.012053787774045546
2,XYt,426,200,0.020682510997902148,0.012014670282610024
2,XYt,427,200,0.020879181243525592,0.012040222555996134
2,XYt,428,200,0.021143808296693364,0.012130795931787302
2,XYt,429,200,0.021409682763919816,0.012190833245022193
2,XYt,430,200,0.021649862635352027,0.012194880581194596
2,XYt,431,200,0.021808564645664167,0.012147776837953685
2,XYt,432,200,0.02207914033238985,0.012137626426457384
2,XYt,433,200,0.02225558398437986,0.01204598717890351
2,XYt,434,200,0.02232992336916297,0.011861650227882884
2,XYt,435,200,0.022277209232453805,0.011643471628094633
2,XYt,436,200,0.022459792307647292,0.011547368400051206
2,XYt,437,200,0.022697071377235596,0.01151599052645778
2,XYt,438,200,0.023080869547190363,0.011561223195671056
2,XYt,439,200,0.023552910627615213,0.011665301758223143
2,XYt,440,200,0.02399216269942139,0.011745683002417556
2,XYt,441,200,0.02429859184780946,0.011774247282218124
2,XYt,442,200,0.024520249394189328,0.011706265292193376
2,XYt,443,200,0.02475638937821053,0.011659307494792933
2,XYt,444,200,0.025063444247887746,0.011663809347218125
2,XYt,445,200,0.02547408467359169,0.011745552792283913
2,XYt,446,200,0.025929603946828753,0.011821492531043956
2,XYt,447,200,0.02632028513450043,0.0118704698180457
2,XYt,448,200,0.02661589781201741,0.011842327960851507
2,XYt,449,200,0.026901589631040855,0.011796737944822545
2,XYt,450,200,0.02721477096915311,0.011751617681682801
2,XYt,451,200,0.027465441462323017,0.011665271396646781
2,XYt,452,200,0.0277452388962761,0.011608945722132719
2,XYt,453,200,0.02809815211984721,0.01162284669699528
2,XYt,454,200,0.02849800774318836,0.011657358131613121
2,XYt,455,200,0.02897222966561674,0.011791832671516948
2,XYt,456,200,0.02923167157257589,0.011892886807085213
2,XYt,457,200,0.02939738022582236,0.011929581629068401
2,XYt,458,200,0.029528122017456134,0.011978072157994528
2,XYt,459,200,0.02962545080597808,0.012045695382485315
2,XYt,460,200,0.029447760665758334,0.012048059398370546
2,XYt,461,200,0.028666309195596013,0.011800231042958992
2,XYt,462,200,0.026613711496972607,0.011112517932560184
2,XYt,463,200,0.023222327894611035,0.010163943506411517
2,XYt,464,199,0.0208360923491014,0.009941764997479265
2,XYt,465,200,0.020525929597369395,0.010040108054868113
2,XYt,466,200,0.020967514931744605,0.010460889046861046
2,XYt,467,200,0.021421503481453805,0.011157541807003669
2,XYt,468,200,0.02191788167685663,0.012626870950319941
2,XYt,469,200,0.022792967533481204,0.014573688116777837
2,XYt,470,200,0.023800153844024136,0.01581046728401715
2,XYt,471,200,0.02385088692581587,0.015855396304208114
2,XYt,472,200,0.022527183145297357,0.014908962810695706
2,XYt,473,200,0.020612373603187382,0.013631170147330146
2,XYt,474,200,0.019159395563758407,0.012740740100702605
2,XYt,475,200,0.018518690520379546,0.012380343383888026
2,XYt,476,200,0.01831749475313711,0.01232369701281412
2,XYt,477,200,0.018257518524107903,0.01232294236096436
2,XYt,478,200,0.018213387551271994,0.012336646918757046
2,XYt,479,200,0.018241303395740982,0.012381935791794094
2,XYt,480,200,0.018219556188565786,0.012401652287029587
2,XYt,481,200,0.018209557325726232,0.012407529250544174
2,XYt,482,200,0.01815385766035578,0.012369309661302095
2,XYt,483,200,0.018161201512851336,0.012368807697382047
2,XYt,484,200,0.018178782101437748,0.012389941538232746
2,XYt,485,200,0.0181843904372106,0.01239776118716637
2,XYt,486,200,0.018126542004805516,0.012368988614988956
2,XYt,487,200,0.018117066946509157,0.012355505823439096
2,XYt,488,200,0.01810985212508593,0.012345272352846378
2,XYt,489,200,0.018140351499039753,0.012357933898366895
2,XYt,490,200,0.018136101987861517,0.012342051348046482
2,XYt,491,200,0.018132903472573368,0.012337092339845073
2,XYt,492,200,0.018108978340961486,0.01233292632850245
2,XYt,493,200,0.01811879343357111,0.012352463867948756
2,XYt,494,200,0.018132092239840025,0.012357409759451913
2,XYt,495,200,0.01818579590637831,0.012388111045069183
2,XYt,496,200,0.018201534309620973,0.012399749518210225
2,XYt,497,200,0.018197816611184928,0.012384896848606332
2,XYt,498,200,0.018197233761135346,0.012373699784347393
2,XYt,499,200,0.018199538922390717,0.012365779863246863
2,XYt,500,200,0.018192843206324298,0.01235341176306168
2,XYt,501,200,0.018187281983937344,0.012338285849889056
2,XYt,502,200,0.018186226708926195,0.012337684324819164
2,XYt,503,200,0.018202835763023197,0.012339269625954951
2,XYt,504,200,0.01820865046899274,0.01232706560181421
2,XYt,505,200,0.018198988230782958,0.01231775652655112
2,XYt,506,200,0.018182502354351805,0.012305399903210095
2,XYt,507,200,0.0181712857670394,0.012292322346276023
2,XYt,508,200,0.018180305994375184,0.012295553759679504
2,XYt,509,200,0.01818508674843253,0.012301888409800246
2,XYt,510,200,0.01820776601268163,0.012306176998090843
2,XYt,511,200,0.018216058232877683,0.01231111707505003
2,XYt,512,200,0.01823604766856975,0.012323194061870544
2,XYt,513,200,0.01822676696709736,0.012305670278488357
2,XYt,514,200,0.018237141082423296,0.012306090220569001
2,XYt,515,200,0.018248538901137052,0.012307568407349367
2,XYt,516,200,0.01826531846054384,0.012305792817585563
2,XYt,517,200,0.018259678516421077,0.012297066378659436
2,XYt,518,200,0.018263895864547342,0.012295831334401576
2,XYt,519,200,0.01824262801865478,0.012259611194647656
2,XYt,520,200,0.018227649916880462,0.012220258919455496
2,XYt,521,200,0.018201577993861857,0.012179446315918266
2,XYt,522,200,0.01821712023408488,0.012149879397760981
2,XYt,523,200,0.018288193141915716,0.012150453121372322
2,XYt,524,200,0.018556142584794776,0.012262271384766744
2,XYt,525,200,0.019185911980176273,0.012629964083221128
2,XYt,526,200,0.020423241582210573,0.013398392791042754
2,XYt,527,200,0.022104234748267403,0.014481299252840366
2,XYt,528,200,0.023833136051226608,0.015624766841264662
2,XYt,529,200,0.02490262917856668,0.016407582902328004
2,XYt,530,200,0.02496785186805872,0.016549313732836943
2,XYt,531,200,0.02412818551137992,0.01599736058403836
2,XYt,532,200,0.022972485054071064,0.014928640622938314
2,XYt,533,200,0.02207729891082044,0.013554190819432052
2,XYt,534,200,0.021732016326171166,0.012116453753336849
2,XYt,535,200,0.021481023099611782,0.011175322608997017
2,XYt,536,200,0.02175409996365919,0.010822476299742376
2,XYt,537,200,0.022003612653399587,0.010590473107170723
2,XYt,538,200,0.02107015865070702,0.010189298514203013
2,XYt,539,198,0.020246097893121904,0.009921251297754922
2,XYt,540,196,0.020211254587786835,0.009852243025144168
2,XYt,541,196,0.021047802511461787,0.009928990045111897
2,XYt,542,199,0.022156333000952863,0.009848369050730606
2,XYt,543,200,0.024194787857637467,0.010289713107679593
2,XYt,544,200,0.025842811034992648,0.01081732022877037
2,XYt,545,200,0.026577445100641917,0.011120277949862518
2,XYt,546,200,0.026705496493985112,0.011304822683250752
2,XYt,547,200,0.026753133111497414,0.011509412628780663
2,XYt,548,200,0.026735128161802624,0.011665615489885114
2,XYt,549,200,0.026574967864434088,0.011758401915881778
2,XYt,550,200,0.026318241510966824,0.011792821989280538
2,XYt,551,200,0.026012263568236063,0.01178681700051046
2,XYt,552,200,0.025604790323124633,0.01170994302467748
2,XYt,553,200,0.025126642810952757,0.011607230161555305
2,XYt,554,200,0.024602780051904742,0.011490793097997255
2,XYt,555,200,0.02407679845902942,0.011360915079216133
2,XYt,556,200,0.023609148388561995,0.011254770469523957
2,XYt,557,200,0.02320138581111373,0.01115024857906937
2,XYt,558,200,0.02282051494455509,0.011095390033013049
2,XYt,559,200,0.02247252583871929,0.011068368850317548
2,XYt,560,200,0.022198795689537212,0.011065763051052722
2,XYt,561,200,0.021972252056734323,0.011091823007886446
2,XYt,562,200,0.021849436370960366,0.011168939983223101
2,XYt,563,200,0.02169668603410756,0.011270821569612545
2,XYt,564,200,0.02166249370884017,0.011419007119372711
2,XYt,565,200,0.02186292081381067,0.011690871270650898
2,XYt,566,200,0.022103457815167236,0.012023418689102268
2,XYt,567,200,0.02222372214797364,0.012330111211978734
2,XYt,568,200,0.022157223579857617,0.012524692938052107
2,XYt,569,200,0.022008930790591165,0.012650787635474182
2,XYt,570,200,0.021873042830311225,0.01272310813379215
2,XYt,571,200,0.021788936216188805,0.012758456217713928
2,XYt,572,200,0.021700258976421263,0.012749280716796669
2,XYt,573,200,0.02153299013393562,0.012688833946982914
2,XYt,574,200,0.021170980479318195,0.012497150480818528
2,XYt,575,200,0.020644945747049285,0.012204169498365149
2,XYt,576,200,0.020016511591571192,0.011878435823351253
2,XYt,577,200,0.019420134795554753,0.011604985357548815
2,XYt,578,200,0.01887317442338396,0.011368024060696943
2,XYt,579,200,0.01836964712571842,0.011151526284930161
2,XYt,580,200,0.017880954781032733,0.01095916058951373
2,XYt,581,200,0.01751918724023274,0.010857294814233987
2,XYt,582,200,0.017349433231301496,0.010842517301641225
2,XYt,583,200,0.01735387933368925,0.010900267596908458
2,XYt,584,200,0.017449832805881086,0.011012579603077425
2,XYt,585,200,0.01751804036159226,0.011126727555342159
2,XYt,586,200,0.017473383720132553,0.011221086844733864
2,XYt,587,200,0.017408794119852845,0.011369358476353298
2,XYt,588,200,0.017579437462272737,0.01169415691274264
2,XYt,589,200,0.017908283026112744,0.012161147952731564
2,XYt,590,200,0.01833874311975668,0.01266811021227449
2,XYt,591,200,0.018707064627000124,0.013173691064658561
2,XYt,592,200,0.018960567839604228,0.013546244847341972
2,XYt,593,200,0.018946731910020425,0.013636748230008766
2,XYt,594,200,0.018674608514177383,0.013499840674729657
2,XYt,595,200,0.01832358297423682,0.013265194168980695
2,XYt,596,200,0.017985642047550758,0.013004096402374404
2,XYt,597,200,0.017692685437889988,0.01273037748726352
2,XYt,598,200,0.01740077237198285,0.012428533346345664
2,XYt,599,200,0.017086329442901775,0.012090674672987089
2,XYt,600,200,0.01675466063885195,0.011744656816049283
2,XYt,601,200,0.016444225861847836,0.01142843268477103
2,XYt,602,200,0.016203676084557084,0.011205905543271529
2,XYt,603,200,0.01604577962586127,0.011083959795432318
2,XYt,604,200,0.016017625469282922,0.011055160421171783
2,XYt,605,200,0.01602823368703449,0.01104875452123482
2,XYt,606,200,0.01611291221956095,0.01110263422992065
2,XYt,607,200,0.016217573602255442,0.01117151643218798
2,XYt,608,200,0.016348120094139423,0.011256281357413432
2,XYt,609,200,0.016472927060811937,0.011353444321805928
2,XYt,610,200,0.01658980185553808,0.011451367295247046
2,XYt,611,200,0.016761982766705888,0.011626752053541928
2,XYt,612,200,0.01700728759848812,0.011871253233468137
2,XYt,613,200,0.017320407270037495,0.012181098027601327
2,XYt,614,200,0.017670279162357062,0.012525453857133646
2,XYt,615,200,0.017990177147909323,0.012852306232988912
2,XYt,616,200,0.018255577440041405,0.01313136043409985
2,XYt,617,200,0.018486594227128644,0.01335157443345137
2,XYt,618,200,0.01874698487957497,0.013514696958069762
2,XYt,619,200,0.018825407996062336,0.013589030924278519
2,XYt,620,200,0.018797116118046985,0.013604814604963641
2,XYt,621,200,0.01865243557194327,0.013438235653215731
2,XYt,622,200,0.018361295095536485,0.013027788915776385
2,XYt,623,200,0.017926363805541995,0.012426416612750747
2,XYt,624,200,0.017577230150482494,0.011847174278196999
2,XYt,625,200,0.017260128467533935,0.011416806622751434
2,XYt,626,200,0.016992622806766312,0.011161931610213983
2,XYt,627,200,0.016956341794744693,0.011021645783940345
2,XYt,628,200,0.01701436485785509,0.01094940164055097
2,XYt,629,200,0.01721851540263253,0.010959708510244298
2,XYt,630,200,0.017549181585753828,0.010991652090674259
2,XYt,631,200,0.017951434771738262,0.011057322721341087
2,XYt,632,200,0.018351418455218857,0.011176766455740283
2,XYt,633,200,0.01869535096531198,0.011309462321503741
2,XYt,634,200,0.018965771025818177,0.011381296581143256
2,XYt,635,200,0.019334760318959584,0.011508005854287948
2,XYt,636,200,0.019820405734906624,0.011726604392868925
2,XYt,637,200,0.02029604390192705,0.011978970386765224
2,XYt,638,200,0.02074583319923894,0.012245510164215932
2,XYt,639,200,0.021093042641943397,0.012438250063220744
2,XYt,640,200,0.021353960212095204,0.012561632423572486
2,XYt,641,200,0.021581974878694673,0.012646019289552723
2,XYt,642,200,0.021778175756062782,0.012699360188377338
2,XYt,643,200,0.021994662247453507,0.012723171821913026
2,XYt,644,200,0.022194497023474456,0.012674401767586555
2,XYt,645,200,0.022369063480431287,0.012560772870796082
2,XYt,646,200,0.022376162019394834,0.01234649593179152
2,XYt,647,200,0.022130055369081147,0.011999739886094457
2,XYt,648,200,0.021861731569037594,0.011671129257687029
2,XYt,649,200,0.02167735285415947,0.011431596597260027
2,XYt,650,200,0.021579163771403842,0.011289170741980076
2,XYt,651,200,0.02154750366643657,0.011148714657406833
2,XYt,652,200,0.02160764597588695,0.011029063952192802
2,XYt,653,200,0.021982006069636736,0.0110143259088956
2,XYt,654,200,0.02239392428048791,0.011031774249526194
2,XYt,655,200,0.022828162791278504,0.011115932524820876
2,XYt,656,200,0.023189676395912642,0.011191692879509944
2,XYt,657,200,0.023473357029977507,0.01123491985834055
2,XYt,658,200,0.023562079099339696,0.011199820648636345
2,XYt,659,200,0.0234898302532631,0.011087932026926508
2,XYt,660,200,0.0232171113814215,0.010902416810368082
2,XYt,661,200,0.02268614170588872,0.010647198498328524
2,XYt,662,200,0.02186039214720364,0.010329862887906155
2,XYt,663,200,0.020726737622597143,0.009942685270273461
2,XYt,664,198,0.02006583260826098,0.009842779583644677
2,XYt,665,195,0.019798534417708805,0.009892116724892727
2,XYt,666,193,0.019463009463915045,0.009906439313663905
2,XYt,667,193,0.019244134397251887,0.009980545024171414
2,XYt,668,195,0.019386428493098355,0.009981050965492842
2,XYt,669,198,0.019692713331012104,0.009890985582051827
2,XYt,670,200,0.01985861054493319,0.009863416227158172
2,XYt,671,200,0.020131152126225915,0.010056950589065238
2,XYt,672,200,0.020115577632400357,0.01018617598684282
2,XYt,673,200,0.020058227352580622,0.010283396060254434
2,XYt,674,200,0.01986427374097477,0.01032339055203366
2,XYt,675,200,0.019591211719132237,0.010306038394331715
2,XYt,676,200,0.019214484651609364,0.010331672649387627
2,XYt,677,200,0.019382485947747306,0.010489885518474105
2,XYt,678,200,0.019683250912398344,0.010985999526473667
2,XYt,679,200,0.020064770059641027,0.0117699718696155
2,XYt,680,200,0.020594026933121446,0.012628125462351338
2,XYt,681,200,0.021275082932457053,0.013448710827013249
2,XYt,682,200,0.02203099713402287,0.01414541628199281
2,XYt,683,200,0.022778818251997752,0.014722020013054178
2,XYt,684,200,0.023389969401333272,0.015142760530766025
2,XYt,685,200,0.023812286651485222,0.015405794205308907
2,XYt,686,200,0.023981751768559448,0.0154984571167866
2,XYt,687,200,0.023852830247463232,0.015393081160742375
2,XYt,688,200,0.02342554429077017,0.01511860009697311
2,XYt,689,200,0.022735492971938158,0.014697219794811651
2,XYt,690,200,0.021880314437944925,0.01418184479620762
2,XYt,691,200,0.020960628729661583,0.013637288913480686
2,XYt,692,200,0.020088242008847065,0.013132523848137595
2,XYt,693,200,0.01933638563530292,0.012699451039617166
2,XYt,694,200,0.018719545621636968,0.012333609448943097
2,XYt,695,200,0.01830290548605842,0.012095698771946653
2,XYt,696,200,0.018015625905900827,0.011932970183921275
2,XYt,697,200,0.01784314282090775,0.011849992720577516
2,XYt,698,200,0.017735167886385975,0.011791626515277424
2,XYt,699,200,0.01764674459543221,0.011741415927368225
2,XYt,700,200,0.017581197619003862,0.011704225632688981
2,XYt,701,200,0.01752576590791026,0.011670666236355444
2,XYt,702,200,0.01742293881859295,0.01160715434003934
2,XYt,703,200,0.017345765385915653,0.011553244237998006
2,XYt,704,200,0.0172286280381421,0.011485131079932605
2,XYt,705,200,0.017095815876720866,0.011397653510025117
2,XYt,706,200,0.01696940549326162,0.011298614853790257
2,XYt,707,200,0.016927210954554357,0.011212224529850672
2,XYt,708,200,0.017015007517132696,0.011170171833449514
2,XYt,709,200,0.017686637433403936,0.011427444222720136
2,XYt,710,200,0.018522243921836636,0.012248150195958082
2,XYt,711,200,0.0219935359856795,0.015596607498794908
2,XYt,712,200,0.025166891241098367,0.018055288489555763
2,XYt,713,200,0.028174970602441354,0.020462066240293175
2,XYt,714,200,0.030301368238357412,0.02217892548466692
2,XYt,715,200,0.031604708255660176,0.023237953952862336
2,XYt,716,200,0.032073761982596,0.02392973204014034
2,XYt,717,200,0.031598985868806856,0.02443564561950286
2,XYt,718,200,0.031002113995238948,0.024971465198689518
2,XYt,719,200,0.030521678684267726,0.0246923581468534
2,XYt,720,200,0.030074546943840572,0.02346146277001805
2,XYt,721,200,0.02989506100341792,0.022189099794467374
2,XYt,722,200,0.030156845509739905,0.021306776960430384
2,XYt,723,200,0.029892349144085353,0.02006125423647644
2,XYt,724,200,0.02950772282557068,0.018811853400640184
2,XYt,725,200,0.029367717487852475,0.01822479546695879
2,XYt,726,200,0.0292739984677932,0.018570131898465653
2,XYt,727,200,0.028694148302316116,0.02061097600844404
2,YZt,0,196,0.07796279141156275,0.009866603760265755
2,YZt,1,199,0.04498932511217192,0.009857351023987031
2,YZt,2,200,0.04938981187632095,0.013567128018781745
2,YZt,3,200,0.056980910498787736,0.017952274756564354
2,YZt,4,200,0.0673858209585883,0.025102799929056552
2,YZt,5,200,0.0753054685246542,0.04089007771377469
2,YZt,6,200,0.056725459656949966,0.026751020968801758
2,YZt,7,200,0.05105782110329276,0.022996947278568845
2,YZt,8,200,0.0406288616770452,0.016874102291770166
2,YZt,9,200,0.04130634736652698,0.017373197101169875
2,YZt,10,200,0.03424274891919926,0.014286238450988099
2,YZt,11,200,0.03653323992227836,0.015107024070013063
2,YZt,12,200,0.032991126746381404,0.012856028571094563
2,YZt,13,200,0.03464493470627592,0.01356722690284326
2,YZt,14,200,0.03362929523008612,0.012668861791267846
2,YZt,15,200,0.03308129910688711,0.011879079512361383
2,YZt,16,200,0.034085579300853354,0.012017432473702789
2,YZt,17,200,0.03303892962603107,0.011167247649178494
2,YZt,18,200,0.033810504600113284,0.011576006735526717
2,YZt,19,200,0.03540546001098051,0.012260044845136745
2,YZt,20,200,0.0332572019478902,0.010717255515017987
2,YZt,21,200,0.03517225553387325,0.011661217482237397
2,YZt,22,200,0.03559539262504683,0.011538345161286134
2,YZt,23,200,0.0343840022808088,0.010798650186703089
2,YZt,24,200,0.035572283419123524,0.011387779511505729
2,YZt,25,200,0.03601443363033296,0.011367269762332637
2,YZt,26,200,0.03574167641552323,0.011237399998379997
2,YZt,27,200,0.03563564965002295,0.011071970227276524
2,YZt,28,200,0.0369540183151449,0.011489371432894286
2,YZt,29,200,0.037495990669332756,0.011997716061450609
2,YZt,30,200,0.0368871232475022,0.011486600054695383
2,YZt,31,200,0.0378385972276329,0.011925781355082023
2,YZt,32,200,0.03813414719503241,0.01207777617809868
2,YZt,33,200,0.038009137267556295,0.011923497831776892
2,YZt,34,200,0.03822805814471842,0.012000478641438777
2,YZt,35,200,0.03869381942581517,0.012651821702598903
2,YZt,36,200,0.038310778108903716,0.012636876624231323
2,YZt,37,200,0.036886658864357096,0.012205385930281781
2,YZt,38,200,0.03603641904210257,0.012144607607850183
2,YZt,39,200,0.03582260380978201,0.012379973456258719
2,YZt,40,200,0.035658070566737775,0.012784015247802809
2,YZt,41,200,0.03413231677138874,0.012426705268255686
2,YZt,42,200,0.033130714482737286,0.012266266838016921
2,YZt,43,200,0.032079063980726415,0.0121709150636144
2,YZt,44,200,0.031648945584773755,0.012487705511356379
2,YZt,45,200,0.030848208150035448,0.012582888375326949
2,YZt,46,200,0.029627850783470112,0.012346070782126895
2,YZt,47,200,0.029392198399703907,0.012720433909038638
2,YZt,48,200,0.029173247047298716,0.01305581672300488
2,YZt,49,200,0.02795748612014882,0.012442094427890276
2,YZt,50,200,0.02815950363914801,0.012820775979154765
2,YZt,51,200,0.028174833293568336,0.013022230675997783
2,YZt,52,200,0.028802025257704138,0.013646751170349594
2,YZt,53,200,0.02810955604166793,0.013260650052272371
2,YZt,54,200,0.028283554374257933,0.013581046066574839
2,YZt,55,200,0.02821726024516472,0.01363187728961192
2,YZt,56,200,0.029428396974145846,0.014227010620022443
2,YZt,57,200,0.030190968976798876,0.01454278238369904
2,YZt,58,200,0.030353728381101234,0.015019588491150817
2,YZt,59,200,0.03010802056619424,0.01500437412111307
2,YZt,60,200,0.030763427571795485,0.015297835003706215
2,YZt,61,200,0.032381245810514867,0.01606552433557792
2,YZt,62,200,0.03224306937250045,0.016547661397453162
2,YZt,63,200,0.02932976010103942,0.014838451945102825
2,YZt,64,200,0.02698813651959069,0.01373236291546715
2,YZt,65,200,0.02231567097029934,0.01254895171513684
2,YZt,66,200,0.017499608342723374,0.011330445872334621
2,YZt,67,200,0.016996726676054542,0.011659613958035341
2,YZt,68,200,0.017018334090053693,0.012668559833729597
2,YZt,69,200,0.015502394954979029,0.012355967688883491
2,YZt,70,200,0.014747376214013832,0.012424864272678889
2,YZt,71,200,0.014145347997400201,0.01260377084917711
2,YZt,72,200,0.01377601134953841,0.01265524355010915
2,YZt,73,200,0.013563854521895359,0.013105149088575954
2,YZt,74,200,0.012647215582224517,0.012480007947230672
2,YZt,75,200,0.012340442326675343,0.012640210937900626
2,YZt,76,200,0.012225445682274128,0.012811284824592704
2,YZt,77,200,0.012038518131983426,0.01290339850403179
2,YZt,78,200,0.01199672297980995,0.01327192424952812
2,YZt,79,200,0.011545747950608832,0.012872623260700274
2,YZt,80,200,0.011186040806114544,0.01272720786574766
2,YZt,81,200,0.01094716665628245,0.012678901563611336
2,YZt,82,200,0.01084501001593164,0.012675991102276917
2,YZt,83,200,0.010963522889335208,0.013256892939991145
2,YZt,84,200,0.010507309501049743,0.012767468709762413
2,YZt,85,200,0.010473339888144556,0.012771466444539954
2,YZt,86,200,0.010295018583194421,0.0125828573034047
2,YZt,87,200,0.01020917103569559,0.012508210620024069
2,YZt,88,200,0.010391851203345811,0.013019485877860284
2,YZt,89,200,0.010314687370231734,0.013000093897790393
2,YZt,90,200,0.010160213023124892,0.012795652494595921
2,YZt,91,200,0.010102800875264792,0.012923436253590237
2,YZt,92,200,0.010111771984381067,0.013189743350099266
2,YZt,93,200,0.009897892137907203,0.01295162453839832
2,YZt,94,200,0.009879132557376444,0.013229674987600398
2,YZt,95,200,0.009692790562432002,0.012891420252667485
2,YZt,96,200,0.009563160418629216,0.012716701058215475
2,YZt,97,200,0.00962492253139855,0.012879868939246461
2,YZt,98,200,0.009825127507240187,0.01361062338302715
2,YZt,99,200,0.009809708591774812,0.013910344567445384
2,YZt,100,200,0.00963085262239731,0.01334740526248825
2,YZt,101,200,0.009461047381517956,0.012896854997530535
2,YZt,102,200,0.009396959190565409,0.013008487339432226
2,YZt,103,200,0.009468445009967989,0.013366660431666818
2,YZt,104,200,0.009567022456919287,0.013717062117021818
2,YZt,105,200,0.00956204845795694,0.01326089517003375
2,YZt,106,200,0.009540764356730121,0.012956763047905235
2,YZt,107,200,0.009575440400359993,0.01330278883685213
2,YZt,108,200,0.009408300030839367,0.013159342998337393
2,YZt,109,200,0.00939055536151741,0.013480709767667765
2,YZt,110,200,0.00920376722773928,0.012911512216490327
2,YZt,111,200,0.009171226008506447,0.012215788424963372
2,YZt,112,200,0.009584297717215631,0.012422199775238974
2,YZt,113,200,0.010436847613039223,0.013303852610893696
2,YZt,114,200,0.01125521743704249,0.014408038187455514
2,YZt,115,200,0.011563485159703115,0.015028145129821202
2,YZt,116,200,0.01139773995005242,0.014746305450023119
2,YZt,117,200,0.011034024844372547,0.01406702509419865
2,YZt,118,200,0.010658069312643632,0.013401543360553684
2,YZt,119,200,0.01044506899154371,0.01347890921881521
2,YZt,120,200,0.010240400005832737,0.0136971600221866
2,YZt,121,200,0.009774618235635968,0.013298346113318675
2,YZt,122,200,0.009265364995329765,0.012659486252727925
2,YZt,123,200,0.0089149304161798,0.012284105139182485
2,YZt,124,200,0.008849192667820216,0.012455246525691112
2,YZt,125,200,0.008898075240748399,0.012575784312064643
2,YZt,126,200,0.008962544340716957,0.012628611958982983
2,YZt,127,200,0.00901907368725994,0.012758586845913767
2,YZt,128,200,0.00914359917285161,0.012928268728167441
2,YZt,129,200,0.009377785625471197,0.0132864931264963
2,YZt,130,200,0.0094649633145317,0.013290230334368424
2,YZt,131,200,0.009438597101257707,0.012935706662989795
2,YZt,132,200,0.009461399259183375,0.012893254683141772
2,YZt,133,200,0.009461375021203611,0.01290662713836827
2,YZt,134,200,0.009709376859650507,0.013178396519905001
2,YZt,135,200,0.009877944985548063,0.013135905972728238
2,YZt,136,200,0.010009137129538498,0.013007264443586982
2,YZt,137,200,0.01033302037892176,0.01321831487830506
2,YZt,138,200,0.010563992051567354,0.01366639571679789
2,YZt,139,200,0.010542990264263594,0.013812612588039333
2,YZt,140,200,0.010164376053302891,0.013266796284423394
2,YZt,141,200,0.009986340251540464,0.012959795013685846
2,YZt,142,200,0.010077414306373074,0.01353685368962838
2,YZt,143,200,0.010336102791231306,0.013989078460330432
2,YZt,144,200,0.010466164572761264,0.013960894949582076
2,YZt,145,200,0.01057718965108707,0.013684176906377802
2,YZt,146,200,0.010638824508529947,0.013498493051384848
2,YZt,147,200,0.010708987327646411,0.013474842596676015
2,YZt,148,200,0.010835577614333503,0.013613326142311073
2,YZt,149,200,0.01101150959095918,0.014040720236086353
2,YZt,150,200,0.011210120165339718,0.014215174270113578
2,YZt,151,200,0.011359626833821952,0.013762021112914734
2,YZt,152,200,0.011689269586375228,0.01383911172003878
2,YZt,153,200,0.011884919180930905,0.0135181222360404
2,YZt,154,200,0.012223137294841573,0.013815545512029
2,YZt,155,200,0.012488138896646052,0.014175010237112437
2,YZt,156,200,0.012627227366135316,0.013774041496249573
2,YZt,157,200,0.012829462295645803,0.01346223446844711
2,YZt,158,200,0.013055776782413563,0.013351862666849087
2,YZt,159,200,0.013473168918090096,0.013840494860793206
2,YZt,160,200,0.01381976238613271,0.01444839489723562
2,YZt,161,200,0.013639559440895382,0.01418715946487929
2,YZt,162,200,0.013182663328088536,0.013491600634235969
2,YZt,163,200,0.012892387546958163,0.013317205363592438
2,YZt,164,200,0.012719289078859122,0.01336460015930262
2,YZt,165,200,0.012570801451349254,0.013524043188330146
2,YZt,166,200,0.012271355165420807,0.013173143690518922
2,YZt,167,200,0.012192334688328189,0.013358052441616426
2,YZt,168,200,0.011995458677080975,0.013161645671847449
2,YZt,169,200,0.011852352610762314,0.013140351110385811
2,YZt,170,200,0.012081068520623232,0.013642958783763705
2,YZt,171,200,0.012226372980941164,0.013859534034361255
2,YZt,172,200,0.01226192266297503,0.013634900255133305
2,YZt,173,200,0.01209981644825942,0.013487714606262441
2,YZt,174,200,0.012204133299908214,0.013592416602112824
2,YZt,175,200,0.012534699428179502,0.013788789824440123
2,YZt,176,200,0.012999068017430206,0.014118928543672759
2,YZt,177,200,0.012852667762009587,0.013506071612658028
2,YZt,178,200,0.013033623555472803,0.013469824892947723
2,YZt,179,200,0.01310005765476351,0.013218412312037832
2,YZt,180,200,0.013593567104935596,0.013289438904770658
2,YZt,181,200,0.0142450282326581,0.013525426241333805
2,YZt,182,200,0.014463481748495759,0.013085609294388009
2,YZt,183,200,0.015117151532024939,0.013004551856532423
2,YZt,184,200,0.015134774165322077,0.012513816082136362
2,YZt,185,200,0.016392620624212033,0.012384691155703552
2,YZt,186,200,0.018822389782838362,0.013019331016792443
2,YZt,187,200,0.01777826550028037,0.011163704133374764
2,YZt,188,200,0.02034580904065081,0.011532841894169244
2,YZt,189,200,0.028909208701643693,0.01336383493272376
2,YZt,190,200,0.03456732646345778,0.01431747425709362
2,YZt,191,200,0.03987851886080461,0.017291554201921154
2,YZt,192,200,0.043406296236272034,0.017649115031224797
2,YZt,193,200,0.04358169783361652,0.017312070767450272
2,YZt,194,200,0.04262700243491235,0.01639960548925654
2,YZt,195,200,0.042751173674044726,0.016130727597419722
2,YZt,196,200,0.043489397326822436,0.015914968398583765
2,YZt,197,200,0.043697669749446555,0.015773311207216534
2,YZt,198,200,0.04275073850472673,0.015100632317960475
2,YZt,199,200,0.04227629068779666,0.014569056341625978
2,YZt,200,200,0.042249031136465276,0.014349906110674646
2,YZt,201,200,0.042734517054038273,0.0143292196845217
2,YZt,202,200,0.04239637055204959,0.013885072966335022
2,YZt,203,200,0.041926718816668866,0.013646598933357863
2,YZt,204,200,0.04108673157140079,0.0131441112065538
2,YZt,205,200,0.04133774524225213,0.013061910263820652
2,YZt,206,200,0.040845749699227676,0.012670801046405245
2,YZt,207,200,0.04121590047039189,0.012926956404869629
2,YZt,208,200,0.040394869200875816,0.012441199750440453
2,YZt,209,200,0.040334946116251644,0.01233994431902761
2,YZt,210,200,0.03982479264306785,0.012039242934273083
2,YZt,211,200,0.040303072162786446,0.012557857923978025
2,YZt,212,200,0.03967096799037748,0.01216999604097423
2,YZt,213,200,0.039084114865395356,0.011762283707736403
2,YZt,214,200,0.039748808641803864,0.012019015048450767
2,YZt,215,200,0.039621132091914306,0.011935628540844694
2,YZt,216,200,0.03883669084958183,0.011506258187566593
2,YZt,217,200,0.03891433509329598,0.01150412129382224
2,YZt,218,200,0.038675609664440405,0.011640264211419926
2,YZt,219,200,0.039315024144100416,0.012006196005081387
2,YZt,220,200,0.03816780905925136,0.011463715468702165
2,YZt,221,200,0.03753220944113897,0.01120620265162856
2,YZt,222,200,0.03748974641982497,0.01121675880799924
2,YZt,223,200,0.03814476883445145,0.011579772974968403
2,YZt,224,200,0.03773927644599009,0.011415371176776566
2,YZt,225,200,0.03680886432524399,0.010700579399427174
2,YZt,226,200,0.03646787670223696,0.01068605047604156
2,YZt,227,200,0.03654003334083752,0.010874280560721756
2,YZt,228,200,0.036050655183110125,0.0106790528310136
2,YZt,229,200,0.03529528382832594,0.01037982780817693
2,YZt,230,200,0.036149547245748655,0.01097636340707351
2,YZt,231,200,0.03507950381270023,0.010327817508445242
2,YZt,232,200,0.03389861740598407,0.01004031436485378
2,YZt,233,200,0.034510805306601396,0.01039767277077866
2,YZt,234,200,0.03452343027803226,0.0104322185055598
2,YZt,235,200,0.034102974716041914,0.010538211473816431
2,YZt,236,200,0.03263194272258643,0.00994013050328292
2,YZt,237,200,0.03402451343064846,0.010676672831061705
2,YZt,238,200,0.033865512764770365,0.010930778636564699
2,YZt,239,200,0.032199444579171024,0.010123562109446626
2,YZt,240,200,0.034200284537482646,0.011618999343503498
2,YZt,241,200,0.03240033967401424,0.0109288347086518
2,YZt,242,200,0.03181952373948671,0.010639053293038162
2,YZt,243,200,0.03285231765663918,0.01141198867693406
2,YZt,244,200,0.03219013648024911,0.01132346799759613
2,YZt,245,200,0.03324008213541683,0.012242237863281227
2,YZt,246,200,0.03405615948463038,0.013138911185841852
2,YZt,247,200,0.03224730877735886,0.012337560984013486
2,YZt,248,200,0.03577041424776915,0.014545709326391631
2,YZt,249,200,0.03359352287473977,0.013806169622780565
2,YZt,250,200,0.040159164839753764,0.016698713853468553
2,YZt,251,200,0.03947239361818052,0.01624295099375831
2,YZt,252,200,0.05006172457626035,0.022241641793170373
2,YZt,253,200,0.05583954325291178,0.025812615156399665
2,YZt,254,200,0.07401208832673431,0.03962417484225439
2,YZt,255,200,0.06609403892962575,0.024309398923343207
2,YZt,256,200,0.055857710125941026,0.017330351416479855
2,YZt,257,200,0.048492069121161,0.013108733897513113
2,YZt,258,197,0.04585121970791496,0.009861802407096897
2,YZt,259,194,0.08040752362083022,0.009966334856000934
2,XZt,0,196,0.07755829321641339,0.00989847142831668
2,XZt,1,197,0.04573536031502077,0.009994316570879364
2,XZt,2,200,0.04869448690952013,0.013350219882818775
2,XZt,3,200,0.05705384962989661,0.01787399777406223
2,XZt,4,200,0.06726080401695043,0.025347639528143756
2,XZt,5,200,0.07505072825930426,0.042080061502389916
2,XZt,6,200,0.05589753741058934,0.02699799358635215
2,XZt,7,200,0.05200600498453476,0.022701392571970513
2,XZt,8,200,0.038410032783554725,0.01626323013919414
2,XZt,9,200,0.03894756594072549,0.01690669517477534
2,XZt,10,200,0.03322342788319152,0.014041545755690735
2,XZt,11,200,0.03574350025799562,0.014859450956539687
2,XZt,12,200,0.03287424710958101,0.012804177558203343
2,XZt,13,200,0.03451208833286408,0.013480781989342012
2,XZt,14,200,0.03380456412147471,0.012714357596570719
2,XZt,15,200,0.032937163589339936,0.01174463782142261
2,XZt,16,200,0.03383629707719609,0.011900500644112542
2,XZt,17,200,0.032923232380851084,0.011125677009031465
2,XZt,18,200,0.033390050000575565,0.011406452002368608
2,XZt,19,200,0.03501116527005747,0.012062789095321763
2,XZt,20,200,0.033299418401546425,0.010697373277469406
2,XZt,21,200,0.034234666013505145,0.011297075629989212
2,XZt,22,200,0.03437193339315972,0.010945363025311681
2,XZt,23,200,0.03357666426424349,0.010399467193286431
2,XZt,24,200,0.034795434417352,0.010876904182338297
2,XZt,25,200,0.034908355163203224,0.010658519993448298
2,XZt,26,200,0.034533358572166814,0.010562437603767062
2,XZt,27,200,0.034207563895864775,0.010313634257063695
2,XZt,28,200,0.03497538082572917,0.01039321707642242
2,XZt,29,200,0.035612954567939975,0.010941457935888908
2,XZt,30,200,0.034709377995150996,0.010301951461235874
2,XZt,31,200,0.035380616937873845,0.010516689695286846
2,XZt,32,200,0.03578328863066599,0.010631007274286694
2,XZt,33,200,0.035637367845481244,0.010401607341292994
2,XZt,34,200,0.035751643605317455,0.010313161133698541
2,XZt,35,200,0.03646419530508981,0.010919442661778498
2,XZt,36,200,0.036831410067460525,0.011029103919616628
2,XZt,37,200,0.036318315000638104,0.010703525289882056
2,XZt,38,200,0.036206571344825765,0.01061635172756032
2,XZt,39,200,0.03642131684769474,0.010691227763746595
2,XZt,40,200,0.03720868147914895,0.01110511084707158
2,XZt,41,200,0.03660211904020505,0.010777710371238957
2,XZt,42,200,0.03658160890667301,0.010540582736052566
2,XZt,43,200,0.036531886566606095,0.010504014335830082
2,XZt,44,200,0.03716581191959465,0.010887335663709261
2,XZt,45,200,0.03688173979285835,0.010878804538213242
2,XZt,46,200,0.035908881482319965,0.01057527092448896
2,XZt,47,200,0.036270750398163736,0.010918842730813132
2,XZt,48,200,0.03677574590226606,0.011303181349940667
2,XZt,49,200,0.0360337581011021,0.010711308567746953
2,XZt,50,200,0.03644736422557789,0.010992763425420054
2,XZt,51,200,0.03624912404359227,0.010998463047484154
2,XZt,52,200,0.03683527277581238,0.011454016083300947
2,XZt,53,200,0.036009739474828564,0.01103655201410675
2,XZt,54,200,0.036307548562540974,0.011396344673402546
2,XZt,55,200,0.03578794089392608,0.011334836819563834
2,XZt,56,200,0.03599774474817296,0.0116562418272903
2,XZt,57,200,0.03582335809403645,0.011667898103583407
2,XZt,58,200,0.035769839572464844,0.012009468596151197
2,XZt,59,200,0.0348703304504628,0.011802579336226741
2,XZt,60,200,0.03463974456159686,0.011863005889190285
2,XZt,61,200,0.03449785408093676,0.01222181027541004
2,XZt,62,200,0.03454212933914512,0.01262943630155697
2,XZt,63,200,0.03423655183758119,0.012728982247593857
2,XZt,64,200,0.03378810492573163,0.013012795731566312
2,XZt,65,200,0.03362416353723073,0.013256800415330203
2,XZt,66,200,0.033013183940856054,0.013649010931598517
2,XZt,67,200,0.031837111242271836,0.013545482751383179
2,XZt,68,200,0.030652087556787208,0.013957666320346951
2,XZt,69,200,0.028397119083909798,0.013611079606342802
2,XZt,70,200,0.02662215766451036,0.013726740138303358
2,XZt,71,200,0.025378781179224607,0.014109839011151312
2,XZt,72,200,0.023974541766977175,0.014038035869907185
2,XZt,73,200,0.022689915486736146,0.01417962810503293
2,XZt,74,200,0.021171278533056368,0.013728719819529183
2,XZt,75,200,0.020306675627255983,0.013830707428391624
2,XZt,76,200,0.01924680874473538,0.013711421324064827
2,XZt,77,200,0.018322143184044983,0.013551345360864848
2,XZt,78,200,0.0177942534404086,0.013772040497544394
2,XZt,79,200,0.016984218306245805,0.013479100318162428
2,XZt,80,200,0.016348124041278615,0.013472932015325297
2,XZt,81,200,0.0157723792286674,0.013420286723441152
2,XZt,82,200,0.015222345039645228,0.01321466407548633
2,XZt,83,200,0.015105745355166168,0.013608314996555647
2,XZt,84,200,0.014494020538717779,0.013241089616043094
2,XZt,85,200,0.014213632224103231,0.013313725631126351
2,XZt,86,200,0.013880360668598586,0.013224530060172341
2,XZt,87,200,0.013653466772191132,0.013240536690736293
2,XZt,88,200,0.013523559136387838,0.013584251904862194
2,XZt,89,200,0.0131876882024021,0.013416061764388174
2,XZt,90,200,0.012827801349044803,0.01317718997409514
2,XZt,91,200,0.01260295770849315,0.013223636724219976
2,XZt,92,200,0.012495455406780803,0.013496643754610037
2,XZt,93,200,0.012186045419518596,0.013278169186509514
2,XZt,94,200,0.012011796832109796,0.013547745823490484
2,XZt,95,200,0.011627688475900932,0.013241343780244162
2,XZt,96,200,0.011313949947888206,0.013072340174810015
2,XZt,97,200,0.01108930048561353,0.01306948389452404
2,XZt,98,200,0.011050399762983745,0.013573279495465974
2,XZt,99,200,0.010907676609960832,0.013767646185872381
2,XZt,100,200,0.010539014655033412,0.013336297771465704
2,XZt,101,200,0.010363526787460796,0.013086692479646103
2,XZt,102,200,0.010234396221183852,0.013324263940132546
2,XZt,103,200,0.01008007379232484,0.013591338186435532
2,XZt,104,200,0.009969456979008005,0.013819151849734479
2,XZt,105,200,0.009639210896451521,0.0132002203499715
2,XZt,106,200,0.009471401009800656,0.012944965648106224
2,XZt,107,200,0.009424339178858576,0.013296943476825215
2,XZt,108,200,0.009325589877390192,0.013311281675094865
2,XZt,109,200,0.00926469909830363,0.013755710498058292
2,XZt,110,200,0.009111809403069118,0.013578442459395376
2,XZt,111,200,0.008862478448313574,0.01298694341906794
2,XZt,112,200,0.008767348250021465,0.01285924882942567
2,XZt,113,200,0.008649698251845772,0.01290090177328347
2,XZt,114,200,0.008710111412765644,0.013333937294046071
2,XZt,115,200,0.008637867008501292,0.013792950634453658
2,XZt,116,200,0.008594033380027717,0.01388009254747611
2,XZt,117,200,0.008414921950866216,0.013254531624240678
2,XZt,118,200,0.008248431244606757,0.01254875256007411
2,XZt,119,200,0.008256564736043918,0.01268473317448409
2,XZt,120,200,0.008280123077198727,0.012895612598392864
2,XZt,121,200,0.008197859313601563,0.012831051186254874
2,XZt,122,200,0.008211797254307525,0.012741424280262524
2,XZt,123,200,0.008069995075888951,0.012532710196002569
2,XZt,124,200,0.00812797727905345,0.012686947359866856
2,XZt,125,200,0.008079704909884508,0.012630494270656581
2,XZt,126,200,0.007990134340379066,0.01241778586815898
2,XZt,127,200,0.007945634003431271,0.012443020462203297
2,XZt,128,200,0.007927662141424062,0.01263466579922792
2,XZt,129,200,0.008082646444032116,0.01301842124442472
2,XZt,130,200,0.008084293377863119,0.013077054311387344
2,XZt,131,200,0.008020994724084862,0.012704960722077083
2,XZt,132,200,0.008016382336276091,0.012467395420986004
2,XZt,133,200,0.008002239051212686,0.012398369134150575
2,XZt,134,200,0.008169092277454468,0.012704532905140451
2,XZt,135,200,0.008178381859839018,0.012732277990311276
2,XZt,136,200,0.008140646522107428,0.01256942704906021
2,XZt,137,200,0.008259029801999012,0.012716677547367163
2,XZt,138,200,0.008346857218373239,0.012853369953365446
2,XZt,139,200,0.008441303859079926,0.012920832444841211
2,XZt,140,200,0.008419989780328962,0.012710245396283262
2,XZt,141,200,0.008491145356845833,0.012620367394111197
2,XZt,142,200,0.008748962956808897,0.013403227327094765
2,XZt,143,200,0.008997499539021524,0.014051919033741126
2,XZt,144,200,0.009105324313174505,0.014054964016895115
2,XZt,145,200,0.009113001327379798,0.013484793381078313
2,XZt,146,200,0.009149974943650238,0.01299847978817933
2,XZt,147,200,0.009210668389662889,0.012876494877396881
2,XZt,148,200,0.009395311041622686,0.013086440584098464
2,XZt,149,200,0.009702953818958653,0.013728298218821338
2,XZt,150,200,0.009887046371420408,0.013923637099967644
2,XZt,151,200,0.010024336439230893,0.01344747859545909
2,XZt,152,200,0.01023720903485742,0.013414715439786356
2,XZt,153,200,0.010447445117302005,0.013037817128739358
2,XZt,154,200,0.0108458424222022,0.013403765534009928
2,XZt,155,200,0.011316394612432175,0.01400644344215997
2,XZt,156,200,0.011571874660408142,0.013771916921472867
2,XZt,157,200,0.011811331769621503,0.013522244441015652
2,XZt,158,200,0.011971872488383597,0.013233679076897169
2,XZt,159,200,0.012213813053147947,0.013424943206883611
2,XZt,160,200,0.012633936161018398,0.01385276867976478
2,XZt,161,200,0.012740177699916777,0.013563396455107981
2,XZt,162,200,0.012689908173909553,0.012977729741774746
2,XZt,163,200,0.01278989245077698,0.01289105987681626
2,XZt,164,200,0.012957603294209223,0.012920480009358188
2,XZt,165,200,0.013248998179951963,0.013115641058359198
2,XZt,166,200,0.013254162599939055,0.012719414159319969
2,XZt,167,200,0.013453408477620452,0.012812664041649659
2,XZt,168,200,0.013514226042467886,0.012495677481327516
2,XZt,169,200,0.013626703117984498,0.01240193941724274
2,XZt,170,200,0.013791555546137311,0.012532313201647763
2,XZt,171,200,0.01407699325433823,0.012632605695060988
2,XZt,172,200,0.014095825077804722,0.01219294328122745
2,XZt,173,200,0.014402421773848414,0.012243631091439148
2,XZt,174,200,0.014654708692455975,0.012263453485423383
2,XZt,175,200,0.01476666051767691,0.012123309844735497
2,XZt,176,200,0.015156256704099907,0.012448593696233592
2,XZt,177,200,0.01503399869662647,0.011967987020376275
2,XZt,178,200,0.015238063642568042,0.012120012330776843
2,XZt,179,200,0.015386675965360273,0.012109288892369844
2,XZt,180,200,0.015491846230541364,0.01204204500702352
2,XZt,181,200,0.015782697786701175,0.012348103569309671
2,XZt,182,200,0.015715965488563213,0.012072911242703144
2,XZt,183,200,0.01593776628373598,0.012171502093160423
2,XZt,184,200,0.016072110496356918,0.01214700986834357
2,XZt,185,200,0.016149485277280416,0.012022009952113206
2,XZt,186,200,0.0167396218481091,0.012502595286757246
2,XZt,187,200,0.0169393645234937,0.012359710246945365
2,XZt,188,200,0.017293728600080365,0.012488722082459493
2,XZt,189,200,0.017359215442731585,0.012096937518464988
2,XZt,190,200,0.017840433802760746,0.012132837491030135
2,XZt,191,200,0.018445677571956517,0.012361462339863967
2,XZt,192,200,0.01885588418196136,0.012110269494757691
2,XZt,193,200,0.019907394640660325,0.012530402069782775
2,XZt,194,200,0.020464016625628193,0.012364956481039455
2,XZt,195,200,0.021105558326984616,0.012438619490327355
2,XZt,196,200,0.021691148503321527,0.012423289585500638
2,XZt,197,200,0.022077838636053015,0.012534677854500739
2,XZt,198,200,0.02181840217973304,0.012197207889017925
2,XZt,199,200,0.021533603266123823,0.011783448742774939
2,XZt,200,200,0.021448153145601088,0.011736778851389766
2,XZt,201,200,0.021531997861041742,0.011856016211144484
2,XZt,202,200,0.021211706137816477,0.01154477018174423
2,XZt,203,200,0.021190913879611424,0.011621606560858463
2,XZt,204,200,0.020746282926067748,0.011185319526491936
2,XZt,205,200,0.02091295050559821,0.011291144495418516
2,XZt,206,200,0.020701225953339227,0.011025327574799538
2,XZt,207,200,0.021297119851095715,0.011579388329116267
2,XZt,208,200,0.020951524206632034,0.011183727625745219
2,XZt,209,200,0.021173811733015777,0.011246104572936769
2,XZt,210,200,0.021012947450283283,0.011045955530226245
2,XZt,211,200,0.021889342194589247,0.011785845911787841
2,XZt,212,200,0.02195702487472667,0.011512819642443233
2,XZt,213,200,0.022094936965499648,0.011213827425174341
2,XZt,214,200,0.02310217637689951,0.011558778845459264
2,XZt,215,200,0.02377099096853301,0.011549609335269093
2,XZt,216,200,0.024293973832810064,0.011203515528620657
2,XZt,217,200,0.025531426597826094,0.011264612424574163
2,XZt,218,200,0.027314591075994623,0.011609415827459349
2,XZt,219,200,0.029647882333931397,0.012049839756280455
2,XZt,220,200,0.030920253405899153,0.01169171674967371
2,XZt,221,200,0.03251277032198713,0.011647970452622928
2,XZt,222,200,0.03441933176578147,0.011840905772007694
2,XZt,223,200,0.03632950605603558,0.012207702129674897
2,XZt,224,200,0.037040536875549535,0.012057295034746169
2,XZt,225,200,0.036869568098473554,0.011413602810538746
2,XZt,226,200,0.03686974758804715,0.011386089675153584
2,XZt,227,200,0.03705698498767554,0.011542536808349192
2,XZt,228,200,0.036789892607259844,0.011324847670131139
2,XZt,229,200,0.036097531893844126,0.011093791654450473
2,XZt,230,200,0.0369593693261498,0.011716324522541201
2,XZt,231,200,0.03652886959349506,0.011141867571333588
2,XZt,232,200,0.0353925688564485,0.010924772841947575
2,XZt,233,200,0.03590203612861949,0.011234137925223547
2,XZt,234,200,0.03590323903061759,0.011253977177290654
2,XZt,235,200,0.03541210105432654,0.011367966402642343
2,XZt,236,200,0.03426072408323852,0.010795423836650568
2,XZt,237,200,0.0353013781272296,0.01149634463426386
2,XZt,238,200,0.03525526273439195,0.01180556745657625
2,XZt,239,200,0.033956914683566444,0.01110485162626038
2,XZt,240,200,0.03571904326065351,0.012553842851165557
2,XZt,241,200,0.0339580642344376,0.01179439758828404
2,XZt,242,200,0.03385755381071192,0.011679920812603802
2,XZt,243,200,0.034380492532423736,0.012239278057870366
2,XZt,244,200,0.033632292681138265,0.012217886182738523
2,XZt,245,200,0.03454584867759728,0.013190251327600946
2,XZt,246,200,0.03561023556777238,0.014028427792126482
2,XZt,247,200,0.033738559497395966,0.013254955570098845
2,XZt,248,200,0.037181024821152056,0.01546514985791328
2,XZt,249,200,0.03485029252143547,0.014501878487179393
2,XZt,250,200,0.040641832533962044,0.01743659952543109
2,XZt,251,200,0.039740709660591504,0.0168689332126079
2,XZt,252,200,0.05287833040477057,0.023163190800623117
2,XZt,253,200,0.05694389866620116,0.027482536200382195
2,XZt,254,200,0.0751813290021995,0.0423812527661698
2,XZt,255,200,0.06769667684859632,0.025777912587916157
2,XZt,256,200,0.05784585838457305,0.01855159635543554
2,XZt,257,200,0.049938626413412936,0.013965776291020193
2,XZt,258,200,0.045196781290750346,0.010019753003857915
2,XZt,259,197,0.07655147109861438,0.009904854948908224
3,XYt,73,137,0.018779188777709177,0.009895826074317148
3,XYt,74,138,0.01856964642875044,0.00985164821765858
3,XYt,75,138,0.018574238984923518,0.009937270899439993
3,XYt,76,138,0.01849897463539926,0.009987519485243417
3,XYt,77,139,0.018266548047876266,0.009907062248180516
3,XYt,78,139,0.018030130827148768,0.009889077265180228
3,XYt,79,139,0.017809604282955815,0.00997270261097808
3,XYt,80,140,0.017203218830310646,0.009863028847372241
3,XYt,81,140,0.01687860950791052,0.009911784984353822
3,XYt,82,140,0.016446315318350065,0.009888049974862036
3,XYt,83,140,0.016047496969233282,0.009852685839266441
3,XYt,84,139,0.015827012902338997,0.009906499983790689
3,XYt,85,138,0.015679780749114115,0.00998002400146789
3,XYt,86,138,0.015231453099839233,0.009844212272188077
3,XYt,87,137,0.01500293834004301,0.00994883676589495
3,XYt,88,137,0.014652005209917007,0.009925516384255479
3,XYt,89,137,0.014403743759556782,0.00991534734409775
3,XYt,90,137,0.014189703201085717,0.009906681991941715
3,XYt,91,137,0.013985447692875115,0.009831999929358392
3,XYt,92,136,0.013996107106017272,0.009900245213426232
3,XYt,93,135,0.014030126220240628,0.00998989729917951
3,XYt,94,135,0.013756189652213972,0.009886242596549103
3,XYt,95,135,0.013518628638193583,0.00982176193127032
3,XYt,96,135,0.013481998486223055,0.009869965647907023
3,XYt,97,135,0.013400571211332507,0.00989634339609633
3,XYt,98,135,0.013341675773091213,0.009924549640562112
3,XYt,99,135,0.01330462382349952,0.00994860860099485
3,XYt,100,136,0.013059162524565009,0.009826364015520046
3,XYt,101,136,0.013010367584306858,0.009849525246472873
3,XYt,102,136,0.012982792768419463,0.009879328631850086
3,XYt,103,136,0.012945288810161729,0.009897852910101432
3,XYt,104,136,0.012895725803014775,0.009901099970665113
3,XYt,105,136,0.012917593020831019,0.009956147139751518
3,XYt,106,137,0.012833459483047968,0.00988451903769283
3,XYt,107,137,0.01289646797061405,0.009955856078364352
3,XYt,108,138,0.012730877022679233,0.009820679513790155
3,XYt,109,138,0.01284431648757794,0.009879826177459984
3,XYt,110,138,0.012932032795690229,0.009892368434050213
3,XYt,111,138,0.013013554954136421,0.009880093950915643
3,XYt,112,138,0.01305800222195041,0.00983471054677459
3,XYt,113,137,0.013335358460699222,0.009951060425418594
3,XYt,114,137,0.013350787986834468,0.009845295917859341
3,XYt,115,136,0.013589978651319529,0.009902297699082805
3,XYt,116,135,0.013750701473104764,0.009935118152393015
3,XYt,117,135,0.01365023156213783,0.0098601447835925
3,XYt,118,134,0.013910518404200748,0.009973426329105731
3,XYt,119,134,0.013890669127114336,0.009903576019495604
3,XYt,120,134,0.014088175367059407,0.009935682037898212
3,XYt,121,135,0.014181342585415526,0.009838829887702207
3,XYt,122,136,0.014317019176114049,0.0098519085865267
3,XYt,123,136,0.014430512167075873,0.009966774216394256
3,XYt,124,137,0.014192906128566258,0.009845382582558106
3,XYt,125,137,0.0142973545081914,0.009929549955117203
3,XYt,126,137,0.014335564298705432,0.009939938233008743
3,XYt,127,137,0.014562483257899673,0.009930918250959925
3,XYt,128,137,0.014728695715113914,0.009882098490837182
3,XYt,129,137,0.015128653344150856,0.009922639125675927
3,XYt,130,138,0.015326924704782799,0.009929450513947145
3,XYt,131,139,0.01543927300717935,0.009846052436789387
3,XYt,132,139,0.01581829212360689,0.009893300895570417
3,XYt,133,139,0.01612894550688927,0.009895025636384619
3,XYt,134,139,0.016425133266520304,0.009868496458388854
3,XYt,135,138,0.017041541531732998,0.009995511335939056
3,XYt,136,138,0.0173932216509962,0.009943027989399148
3,XYt,137,138,0.0176549925553422,0.009885790971755654
3,XYt,138,138,0.017947634202684276,0.009934375438259431
3,XYt,139,138,0.01790221273790692,0.009828790098486154
3,XYt,140,137,0.01825120568784115,0.009973765839735655
3,XYt,141,137,0.01829094141552468,0.009936217807502565
3,XYt,142,137,0.018294804069985907,0.009912332331786332
3,XYt,143,137,0.018207842162939986,0.009868979324964626
3,XYt,144,137,0.018082637166620053,0.009845812624401137
3,XYt,145,137,0.01798753488283157,0.009823748329639193
3,XYt,0,200,0.007699960675174069,0.025219702655520322
3,XYt,1,200,0.007987946965378913,0.02623286081721686
3,XYt,2,200,0.00782192782125652,0.02630233382504523
3,XYt,3,200,0.007329971786257094,0.025130237467768678
3,XYt,4,200,0.006819271233106354,0.023507108302095625
3,XYt,5,200,0.006291577886154314,0.02186928520031564
3,XYt,6,200,0.0057801761778932875,0.020400659572418465
3,XYt,7,200,0.005295833425591863,0.0189628211247482
3,XYt,8,200,0.004807935464290408,0.017398531335706523
3,XYt,9,200,0.004336319537055617,0.015693679032580423
3,XYt,10,200,0.0038646594402070873,0.013857695189542399
3,XYt,11,200,0.003437787540237912,0.012205764226822352
3,XYt,12,200,0.003079154514709155,0.010808389988872506
3,XYt,13,199,0.0029043558753424482,0.009910134096720561
3,XYt,14,194,0.0030076196884434685,0.009860860980791234
3,XYt,15,190,0.003167903882497522,0.009864541827311508
3,XYt,16,182,0.003186852220714605,0.009940623309025046
3,XYt,17,177,0.0032447289924254358,0.009881558700804585
3,XYt,18,167,0.0035008792828354705,0.009816567316177211
3,XYt,19,160,0.003596596016617243,0.009861832335360952
3,XYt,20,156,0.003616259731900415,0.009820320502949799
3,XYt,21,153,0.003669325868003196,0.00999219506416384
3,XYt,22,154,0.003564455705228333,0.009889549902270343
3,XYt,23,156,0.003491397362119204,0.009944594632080491
3,XYt,24,160,0.0033776002544109477,0.009897380127316098
3,XYt,25,164,0.003321269232260388,0.00994775900481585
3,XYt,26,169,0.003242237528295976,0.00985195434101442
3,XYt,27,173,0.003234083894490301,0.00987740937019956
3,XYt,28,176,0.0032701431159961546,0.00991889381692267
3,XYt,29,178,0.0033394016125114744,0.009970537061791991
3,XYt,30,179,0.0034242598324668704,0.00997427750507973
3,XYt,31,179,0.0035194900754139426,0.009897180055323085
3,XYt,32,176,0.003735515426809217,0.009970017669062258
3,XYt,33,171,0.003983100206538336,0.009934614193149297
3,XYt,34,163,0.0043221156560993195,0.009977658356077439
3,XYt,35,151,0.004663476612135784,0.009945906903364644
3,XYt,36,132,0.0048467364215785715,0.009897054804943772
3,XYt,37,112,0.004853378042854275,0.009879638242870907
3,XYt,38,135,0.006156289791349092,0.00986384820296571
3,XYt,39,166,0.007696686838775289,0.009897000583508727
3,XYt,40,187,0.00943174785376159,0.009944925953752874
3,XYt,41,200,0.011990834192418493,0.010193447761386417
3,XYt,42,200,0.017772585220280294,0.01195777528661339
3,XYt,43,200,0.025084430106443865,0.013255995365698565
3,XYt,44,200,0.03336550915251018,0.01425309354974227
3,XYt,45,200,0.041009332495633675,0.014801891106541124
3,XYt,46,200,0.0441813187630906,0.01452976482197765
3,XYt,47,200,0.042558586996399424,0.013812458627012391
3,XYt,48,200,0.039045749555374105,0.012739460030895416
3,XYt,49,200,0.03543932127111019,0.01161210296684839
3,XYt,50,200,0.03199939167228767,0.01052483760284222
3,XYt,51,197,0.03004452032107722,0.009892684146395667
3,XYt,52,189,0.029973149589529756,0.00987217826307177
3,XYt,53,179,0.030085046395548615,0.009994881565210667
3,XYt,54,169,0.029199963312377397,0.009923420572341655
3,XYt,55,158,0.028120002777534528,0.009948196488481345
3,XYt,56,147,0.026556008298597306,0.009956714684983912
3,XYt,57,137,0.024747733299965137,0.009922499594467433
3,XYt,58,129,0.0226790818893724,0.009974862848173022
3,XYt,59,126,0.020112971066004334,0.009975478282175492
3,XYt,60,127,0.018290052038408916,0.009958796485150861
3,XYt,61,130,0.017365995547593858,0.009834421893654511
3,XYt,62,132,0.017388946145419734,0.00982480473764647
3,XYt,63,133,0.017824600833454444,0.009858007311378444
3,XYt,64,133,0.0183684151965882,0.009936329602557189
3,XYt,65,133,0.018686643970000794,0.009918538902080599
3,XYt,66,133,0.019006425243816197,0.009922782440572264
3,XYt,67,134,0.0191573665746209,0.009862821005316833
3,XYt,68,134,0.019366258440378405,0.00993162015895587
3,XYt,69,135,0.019129582964776837,0.00984187614123476
3,XYt,70,135,0.019157849674908994,0.009933204267818794
3,XYt,71,136,0.018914922495401984,0.009848105318835705
3,XYt,72,136,0.019033330810044675,0.009966116245451876
3,XYt,146,136,0.018137525275964017,0.00995226723896986
3,XYt,147,136,0.018170568944661385,0.009984118861630026
3,XYt,148,136,0.018153723233975894,0.00998718635268053
3,XYt,149,136,0.01814083409416538,0.009951620711393277
3,XYt,150,136,0.01817663029087682,0.0099447953690045
3,XYt,151,136,0.018228379209999104,0.009914079743273883
3,XYt,152,136,0.01834658480944713,0.009932343628829183
3,XYt,153,136,0.018516434999988056,0.009975253954423708
3,XYt,154,137,0.018353496156707276,0.009878753381402717
3,XYt,155,137,0.018301151434157004,0.009865729307768904
3,XYt,156,137,0.01823431778233345,0.009886629066769528
3,XYt,157,137,0.018131778363545244,0.009872606050608081
3,XYt,158,136,0.0180331356293072,0.009911939825565682
3,XYt,159,136,0.017667974064010005,0.009885919621785085
3,XYt,160,136,0.017352212887593293,0.009922872754934281
3,XYt,161,136,0.017108759810409917,0.00998434245273291
3,XYt,162,137,0.01654004253249748,0.009884285044802711
3,XYt,163,137,0.016214380531741124,0.009879985321585396
3,XYt,164,137,0.01606429841722328,0.00993740806320047
3,XYt,165,137,0.015721408564493083,0.009851965234908746
3,XYt,166,136,0.015709083422470634,0.009982410051754183
3,XYt,167,137,0.015243192778335964,0.009875435939109303
3,XYt,168,137,0.015107580984193293,0.009949795217075365
3,XYt,169,138,0.014758559599501467,0.009841018421218093
3,XYt,170,138,0.014641057335714327,0.009838007902998883
3,XYt,171,137,0.014748301189693495,0.009984972350743986
3,XYt,172,137,0.014599725507560357,0.009935299096152348
3,XYt,173,137,0.014480436767387778,0.00992008074168797
3,XYt,174,137,0.014346817449477375,0.009858492869045466
3,XYt,175,137,0.0142994526516194,0.009824975696825795
3,XYt,176,137,0.014382742608804743,0.009873677340599483
3,XYt,177,137,0.014421177309694388,0.009925759136756309
3,XYt,178,137,0.014423208461758168,0.009972426023785492
3,XYt,179,138,0.014238662295551702,0.009871995075192678
3,XYt,180,138,0.014248629759395542,0.009933622404479573
3,XYt,181,138,0.014242804690110635,0.009989080761732223
3,XYt,182,139,0.014006670735381501,0.00986258323298679
3,XYt,183,139,0.014016751017140176,0.009912633874284354
3,XYt,184,139,0.014005731573283286,0.009937708844819045
3,XYt,185,139,0.013989199036133196,0.009959002324220596
3,XYt,186,139,0.014051777103524723,0.00999414382933786
3,XYt,187,139,0.014059595824183799,0.009982713777934485
3,XYt,188,139,0.014063240404327132,0.00997594252238748
3,XYt,189,139,0.014055302449458539,0.009968395805478784
3,XYt,190,139,0.014063771659620755,0.009965703241499868
3,XYt,191,139,0.014120266512165601,0.009990594526356419
3,XYt,192,140,0.01392430152472407,0.00983017351125717
3,XYt,193,139,0.014133275846260214,0.00995747243948677
3,XYt,194,139,0.014236397661322403,0.009934048626449178
3,XYt,195,138,0.014450835157219443,0.009983013732065926
3,XYt,196,138,0.01453111906060645,0.009919088040857612
3,XYt,197,137,0.014739347429523002,0.009989173699952461
3,XYt,198,137,0.014648251886837787,0.009901188314859432
3,XYt,199,136,0.014820533769955893,0.009998019824159278
3,XYt,200,136,0.014864982280463667,0.00996230971479227
3,XYt,201,136,0.014985361871933247,0.00997303568926417
3,XYt,202,137,0.014967228811470768,0.0099338276847706
3,XYt,203,137,0.014925824191958797,0.009953249082510917
3,XYt,204,138,0.014757434710581526,0.009862787271376386
3,XYt,205,138,0.014824047130997735,0.009907252370826848
3,XYt,206,138,0.0149861036133126,0.009958386410867959
3,XYt,207,138,0.015121140802784223,0.009919251965063327
3,XYt,208,137,0.015484333073288276,0.009977367922218967
3,XYt,209,137,0.015708076814581605,0.009966092014923402
3,XYt,210,138,0.01559931879521002,0.009830974316732825
3,XYt,211,137,0.015941673863755862,0.009963850705515238
3,XYt,212,137,0.01596326581485252,0.009903281787407032
3,XYt,213,137,0.016059642212990926,0.009870781709409499
3,XYt,214,136,0.016465901800908466,0.009996743381312602
3,XYt,215,136,0.01677452020552589,0.0099819821315778
3,XYt,216,136,0.017084774639291755,0.00992751067149106
3,XYt,217,136,0.017505117948844004,0.009891848191898435
3,XYt,218,136,0.01789000407912513,0.009928653867757738
3,XYt,219,136,0.01802609488803621,0.009872925112597724
3,XYt,220,136,0.01821133230201593,0.00983262485106682
3,XYt,221,135,0.018634994593277242,0.009932523002302964
3,XYt,222,135,0.018719582423795022,0.00990956280064614
3,XYt,223,135,0.018765793940124176,0.009893771703714546
3,XYt,224,135,0.018823692143274676,0.009905947438561451
3,XYt,225,135,0.01885094134289009,0.00991025051794725
3,XYt,226,135,0.01884437946514482,0.009883972864688655
3,XYt,227,135,0.01896043639958552,0.009887558270414758
3,XYt,228,135,0.019161310913138534,0.009890275364398031
3,XYt,229,135,0.01937407507146095,0.009904597365077324
3,XYt,230,135,0.019552855543869076,0.009910053413300635
3,XYt,231,135,0.01988853272149915,0.009967459601471579
3,XYt,232,135,0.020132762072425817,0.00997988581028399
3,XYt,233,136,0.02003166393686704,0.00984031877604371
3,XYt,234,136,0.020540659445816168,0.009937635405263885
3,XYt,235,137,0.02076386882185186,0.009901870652356716
3,XYt,236,138,0.02085659842924953,0.009825610896087163
3,XYt,237,139,0.021010531321828892,0.009830380951792174
3,XYt,238,140,0.021020049771535248,0.009827585595578756
3,XYt,239,140,0.021123117226950875,0.009883706282212513
3,XYt,240,140,0.021111896878632696,0.009886922708901435
3,XYt,241,140,0.021010807434231078,0.009880421461117615
3,XYt,242,140,0.020990421710448882,0.00987442896784172
3,XYt,243,140,0.020929075539109037,0.00985616611200104
3,XYt,244,140,0.02097737488776686,0.009868928211828073
3,XYt,245,140,0.02106760935066978,0.009895517512078464
3,XYt,246,140,0.021124488292263308,0.009913081569475839
3,XYt,247,140,0.02123142714807819,0.00993340253377856
3,XYt,248,141,0.02128525309080668,0.009906066617590298
3,XYt,249,142,0.021188729001802433,0.009828925500281246
3,XYt,250,142,0.021503874102793776,0.00994698594410219
3,XYt,251,143,0.02141005316486786,0.009883131286567525
3,XYt,252,143,0.0216308173624091,0.009979469074310608
3,XYt,253,143,0.0215165490890009,0.009956547604752357
3,XYt,254,143,0.02142673270721661,0.009873962672211816
3,XYt,255,144,0.02137928818049102,0.00982642354171566
3,XYt,256,145,0.0209549737188899,0.009911657752876354
3,XYt,257,141,0.01957454482402148,0.009900394814820936
3,XYt,258,137,0.0165379000554792,0.009871678157570401
3,XYt,259,145,0.014927015955211814,0.00996734546362974
3,XYt,260,153,0.013222693719536374,0.009851840499098019
3,XYt,261,153,0.01283533377888969,0.00989464708695217
3,XYt,262,151,0.012975828630385922,0.009944984770290198
3,XYt,263,149,0.01321254082151234,0.009982966428070313
3,XYt,264,148,0.013095803754886157,0.009828585900315897
3,XYt,265,147,0.01308214107406651,0.00983013475214553
3,XYt,266,146,0.013243787220815312,0.009941283507036425
3,XYt,267,147,0.01318119586831829,0.009842071885040453
3,XYt,268,147,0.013255521437660638,0.00987955459453416
3,XYt,269,147,0.013320809046351675,0.009905345562560596
3,XYt,270,147,0.013385893527705282,0.009940245956209204
3,XYt,271,147,0.013392581227950891,0.009932285277723756
3,XYt,272,147,0.01343759319406974,0.00997685587749174
3,XYt,273,147,0.01348636734932796,0.009988659574218904
3,XYt,274,148,0.01327516660751292,0.009830184975190483
3,XYt,275,147,0.013517509142681983,0.009982000947549014
3,XYt,276,148,0.013298880355497167,0.009833115482287005
3,XYt,277,147,0.013525394882671798,0.00998963408058175
3,XYt,278,148,0.013411543078141956,0.009911869984898958
3,XYt,279,148,0.013378276419254086,0.009869871043475224
3,XYt,280,148,0.013424271421258854,0.009919983910393712
3,XYt,281,148,0.013380878765670973,0.009887610372706452
3,XYt,282,148,0.013434748164257236,0.0099360455218396
3,XYt,283,148,0.013401799851335907,0.009887295583845913
3,XYt,284,148,0.013467778681685031,0.009931634207416301
3,XYt,285,148,0.013395043634341455,0.009859871025784324
3,XYt,286,148,0.013432330864100303,0.009896213797057333
3,XYt,287,147,0.013531411149386786,0.009979224401857048
3,XYt,288,148,0.013443710914755696,0.009900931951924038
3,XYt,289,147,0.01356328061460578,0.009995443689834616
3,XYt,290,148,0.013509262967046767,0.009930127666998755
3,XYt,291,148,0.013398204932255048,0.009855562284862096
3,XYt,292,148,0.013545965695624943,0.009941499424917172
3,XYt,293,148,0.013445728277336054,0.009882087630161393
3,XYt,294,148,0.013629021025199898,0.009989359036596255
3,XYt,295,148,0.013546715511925225,0.009940194669670678
3,XYt,296,148,0.01354071711702581,0.009937497704635137
3,XYt,297,148,0.013563578188840172,0.009945653851366507
3,XYt,298,148,0.013588949962073518,0.009920269532946039
3,XYt,299,148,0.013523589759536521,0.009898657456412802
3,XYt,300,148,0.013518516184842356,0.009884702536362495
3,XYt,301,148,0.013563865963138862,0.009909589335505942
3,XYt,302,148,0.013513246813946276,0.009875576678668485
3,XYt,303,148,0.0134621697912923,0.009849245200205527
3,XYt,304,148,0.013561476693601011,0.009891611659828667
3,XYt,305,148,0.01353512379278394,0.00988016836131759
3,XYt,306,148,0.013683336341044095,0.009954277191566054
3,XYt,307,148,0.013609645831926694,0.009923332966850917
3,XYt,308,148,0.013639758235782501,0.009921878710880837
3,XYt,309,148,0.013567628369100406,0.009891682186037596
3,XYt,310,148,0.013619376919906865,0.009900341153711101
3,XYt,311,148,0.01361447667820551,0.009911245186808746
3,XYt,312,148,0.013613683354850832,0.00990746253064616
3,XYt,313,148,0.013669211683044573,0.009927019299879715
3,XYt,314,148,0.013637519807179846,0.009897212045425584
3,XYt,315,148,0.013774382454506915,0.009987991224928763
3,XYt,316,148,0.013778630511333398,0.009992285825236875
3,XYt,317,149,0.013724683453801755,0.009925154136744226
3,XYt,318,149,0.01371699767887869,0.009923955381682692
3,XYt,319,150,0.013720891215153772,0.009870413103708125
3,XYt,320,150,0.013758776012712224,0.009870083086629811
3,XYt,321,151,0.01387891401378829,0.00987232992049464
3,XYt,322,151,0.014067922026928472,0.009958778703042053
3,XYt,323,154,0.01418905541569182,0.009918155839494538
3,XYt,324,153,0.014540287124796755,0.009979740089102917
3,XYt,325,140,0.016192036051678273,0.00993441973258654
3,XYt,326,136,0.019085153918571258,0.009958279174466013
3,XYt,327,143,0.019734610930335378,0.009833886580660922
3,XYt,328,143,0.02064586475259826,0.009933876303165572
3,XYt,329,142,0.021177808627313468,0.00999798923008479
3,XYt,330,142,0.021031740500779193,0.00983202994833987
3,XYt,331,141,0.021479483998512343,0.009923617411487392
3,XYt,332,141,0.021406331969569103,0.00983466907728227
3,XYt,333,140,0.021753942671263248,0.009942867155752969
3,XYt,334,139,0.02172041970395589,0.009968397420475854
3,XYt,335,139,0.021824485847579143,0.009952407431235061
3,XYt,336,139,0.021649249273251157,0.009891729926570548
3,XYt,337,139,0.021619270702714133,0.009876826401445781
3,XYt,338,138,0.021741355773812657,0.009967673337216631
3,XYt,339,138,0.021580786553145777,0.00986294777860986
3,XYt,340,137,0.02162728346022436,0.0099274171559956
3,XYt,341,137,0.021312473003163242,0.009877951560022418
3,XYt,342,136,0.021387708145299875,0.009984877761086818
3,XYt,343,136,0.02099745061938662,0.009900707019145806
3,XYt,344,136,0.02090143059373366,0.009960933340158601
3,XYt,345,136,0.02072877700847409,0.009966830750332537
3,XYt,346,136,0.020444504780162343,0.009932149123811273
3,XYt,347,136,0.020411141001213506,0.00996839365214895
3,XYt,348,137,0.020114437059890466,0.009869482285859673
3,XYt,349,137,0.020077749780013542,0.009897138305372765
3,XYt,350,137,0.01998779401768942,0.009943926019391312
3,XYt,351,137,0.019943998423476685,0.009965807705655005
3,XYt,352,138,0.019641099910258007,0.009886962330924271
3,XYt,353,138,0.01967148189204787,0.009974924716070002
3,XYt,354,139,0.01942105185229897,0.00991247796117574
3,XYt,355,140,0.01915304593230126,0.009824486843979456
3,XYt,356,140,0.019009795464076742,0.009852527888172903
3,XYt,357,139,0.018706533448585597,0.009868965187315042
3,XYt,358,138,0.018487888271422302,0.00996914029138777
3,XYt,359,137,0.018055803619897736,0.009981836441000154
3,XYt,360,137,0.017367467489716047,0.009944182353217782
3,XYt,361,137,0.01672571062920904,0.009914268648805237
3,XYt,362,135,0.015736451470810237,0.009888938888393374
3,XYt,363,137,0.016164338351134934,0.009868827616052088
3,XYt,364,142,0.015835514551672657,0.009843494318492432
3,XYt,365,144,0.01606938710511533,0.009956662944308666
3,XYt,366,146,0.015954843709357226,0.009970209820614086
3,XYt,367,148,0.015715245540360277,0.00985211829285049
3,XYt,368,149,0.015512838974742418,0.009824063515996805
3,XYt,369,149,0.01561233167989756,0.00996533653133793
3,XYt,370,150,0.015309522373227621,0.009859147136508517
3,XYt,371,150,0.015323986381987585,0.009937111052668927
3,XYt,372,150,0.015272627227904872,0.009982246089532807
3,XYt,373,150,0.015220610130540138,0.009995246117638574
3,XYt,374,150,0.014922879535679287,0.009926712788438203
3,XYt,375,150,0.014778236632885482,0.009933354993527637
3,XYt,376,151,0.014436096765335195,0.009820889340533141
3,XYt,377,151,0.014448698472386567,0.009918142313002847
3,XYt,378,151,0.01436213604663111,0.009980641805579043
3,XYt,379,152,0.014156105384819054,0.00987973764224634
3,XYt,380,152,0.014067854404460454,0.00989221599888136
3,XYt,381,152,0.01413853396397432,0.00993364833485568
3,XYt,382,152,0.013986843682843373,0.009893622544572805
3,XYt,383,152,0.013896590002901972,0.009838348268632328
3,XYt,384,151,0.01394874159866019,0.009971667252993666
3,XYt,385,152,0.01370492692825785,0.009875606565189276
3,XYt,386,152,0.013600504281291401,0.009906640823724003
3,XYt,387,152,0.013628399029918676,0.009917392916540703
3,XYt,388,152,0.013492588121629897,0.009844647816147894
3,XYt,389,152,0.013572409938619258,0.009882864681390477
3,XYt,390,152,0.01346471448310666,0.009827918131758427
3,XYt,391,152,0.013530806666250209,0.009849482749691859
3,XYt,392,151,0.013674258412376517,0.009986695767885401
3,XYt,393,152,0.013494124330937936,0.009831017439375762
3,XYt,394,151,0.013654160715011597,0.009954716545063122
3,XYt,395,151,0.013712705323442516,0.009942838011122546
3,XYt,396,151,0.013627492733178759,0.00984156752331584
3,XYt,397,151,0.013709761478584066,0.00984339019177863
3,XYt,398,150,0.01385380048014345,0.009964397347155261
3,XYt,399,151,0.013632687803617158,0.00984464182005398
3,XYt,400,151,0.0136172823184104,0.009836037478214068
3,XYt,401,151,0.013652132053851537,0.009854990003355966
3,XYt,402,151,0.013628632007564232,0.009836452107579458
3,XYt,403,151,0.013638562163961981,0.009842572404421325
3,XYt,404,151,0.01366339723178988,0.00984165858296623
3,XYt,405,151,0.013681673547350677,0.009848697615917657
3,XYt,406,151,0.013715873336719753,0.009831760865834552
3,XYt,407,150,0.013939129674409051,0.009977153856296482
3,XYt,408,150,0.01402673736656129,0.009939621322141476
3,XYt,409,150,0.014039699477884408,0.009876882363592653
3,XYt,410,150,0.014262932371248836,0.009944067948200089
3,XYt,411,151,0.014188536992027422,0.009858035073728233
3,XYt,412,151,0.014393183721765368,0.00993745936412048
3,XYt,413,151,0.014383863452820897,0.009920732570217534
3,XYt,414,151,0.014524068762313434,0.009946359035682261
3,XYt,415,151,0.01444499675306597,0.0098730686055996
3,XYt,416,151,0.01458563542266151,0.009847072119248549
3,XYt,417,150,0.014771957425044314,0.009908552798567467
3,XYt,418,150,0.014968090121262538,0.009914005046110851
3,XYt,419,150,0.014989628716055064,0.009877036122033677
3,XYt,420,150,0.01537282653099831,0.009947657048398258
3,XYt,421,150,0.01547819839109072,0.009945562664740082
3,XYt,422,150,0.015716638138631164,0.009978757625460744
3,XYt,423,150,0.01575186976923896,0.009977353938153192
3,XYt,424,150,0.015886008523706703,0.009970575275110785
3,XYt,425,150,0.016017345293285537,0.00999022765556413
3,XYt,426,151,0.015963801456824165,0.009839468555679142
3,XYt,427,151,0.01598175823015977,0.009816617061979102
3,XYt,428,150,0.016239503821432202,0.009976710649938813
3,XYt,429,150,0.016328131037359972,0.009975944674087875
3,XYt,430,150,0.016409985280439986,0.009935850009098789
3,XYt,431,150,0.016467047313670134,0.00989954270708006
3,XYt,432,150,0.01664385986921472,0.009867309854791336
3,XYt,433,149,0.017046653605774138,0.009974598156837548
3,XYt,434,149,0.017394203476665124,0.009968973957710871
3,XYt,435,149,0.017663025628862242,0.009921735923794622
3,XYt,436,149,0.01789668620581717,0.009884279072753905
3,XYt,437,149,0.017998946837702905,0.009829021590746187
3,XYt,438,149,0.0182323427492188,0.009857619174653677
3,XYt,439,149,0.018332531208135962,0.009860913224143899
3,XYt,440,149,0.018477829501716506,0.009856844488627201
3,XYt,441,149,0.018721506176361525,0.009885359411960802
3,XYt,442,149,0.018990031689947364,0.009888280622496777
3,XYt,443,149,0.019282599493877384,0.009917307963332225
3,XYt,444,149,0.01946355405670425,0.009918526458189535
3,XYt,445,149,0.019675302353587176,0.00995927766773793
3,XYt,446,149,0.01982389449732787,0.009964711854468832
3,XYt,447,149,0.020054469224132686,0.009980315433411656
3,XYt,448,149,0.020222620872571474,0.009981621395671377
3,XYt,449,150,0.020160717837913344,0.009819292030902765
3,XYt,450,150,0.020530811717485883,0.00984031986672182
3,XYt,451,150,0.020962453943139028,0.009872501687378602
3,XYt,452,150,0.02133408357502642,0.009877526720420311
3,XYt,453,150,0.021856210385471933,0.009960551907976614
3,XYt,454,151,0.022074940336601515,0.009875244117098027
3,XYt,455,152,0.022219745955585648,0.009845300278365556
3,XYt,456,152,0.022403956187343414,0.009888078738272467
3,XYt,457,152,0.02257482321224581,0.009909596916881407
3,XYt,458,152,0.022685721064160117,0.0099440436639468
3,XYt,459,152,0.022883875030446383,0.009996277959796336
3,XYt,460,153,0.022793879153719075,0.009910175791921735
3,XYt,461,153,0.023046995218251622,0.009996380493963754
3,XYt,462,154,0.022918267011531844,0.00989991293847408
3,XYt,463,154,0.023295488806882054,0.009966705298397662
3,XYt,464,156,0.02312879909150248,0.009828433567901933
3,XYt,465,158,0.022655850097436845,0.009901879865488081
3,XYt,466,155,0.021204533456587,0.009956446277310672
3,XYt,467,150,0.017962576207964282,0.009905186284124025
3,XYt,468,153,0.01583294975390074,0.009922692125388224
3,XYt,469,159,0.014118064934803085,0.009967400917555764
3,XYt,470,160,0.013418174771998257,0.009983878603109156
3,XYt,471,159,0.013232764500173777,0.009896852015254629
3,XYt,472,157,0.013537903681641513,0.009991453907388998
3,XYt,473,156,0.013630022590991941,0.009938776897008266
3,XYt,474,156,0.013537661730232013,0.009828344569735905
3,XYt,475,155,0.013794573533377163,0.009997195898411883
3,XYt,476,156,0.013615481663763317,0.009830329092068808
3,XYt,477,155,0.013857104764112406,0.009995359936880542
3,XYt,478,155,0.01386466316580703,0.009987907409482525
3,XYt,479,156,0.013643606781831068,0.009822417552701215
3,XYt,480,156,0.013665595499123304,0.009832041410108619
3,XYt,481,156,0.013674855426796357,0.009824185873313766
3,XYt,482,155,0.013915899648023302,0.009988532247456841
3,XYt,483,155,0.013923080332150199,0.009986344874820929
3,XYt,484,156,0.013771423536793845,0.009858894034860734
3,XYt,485,156,0.013735082561700538,0.009833176604817567
3,XYt,486,155,0.013955305815265695,0.009991858865077419
3,XYt,487,155,0.013953557153582784,0.009994852572252392
3,XYt,488,155,0.0139738743693837,0.009991613958940899
3,XYt,489,156,0.013755022839599446,0.009828612107804995
3,XYt,490,156,0.013767902100778159,0.009837703527603108
3,XYt,491,155,0.01397493095011492,0.009989730773933786
3,XYt,492,156,0.013751323616355527,0.009831895680910899
3,XYt,493,156,0.013730635075947746,0.009825430663152366
3,XYt,494,155,0.013940372840212429,0.009985811257295193
3,XYt,495,156,0.013755870605118781,0.009845270299846328
3,XYt,496,156,0.013790344076649428,0.009863591413582182
3,XYt,497,156,0.013740519208978926,0.009836129134631185
3,XYt,498,156,0.013742649663906628,0.009838034085388756
3,XYt,499,155,0.013976737741425008,0.009999934719566908
3,XYt,500,156,0.013787014563359103,0.009853451049232695
3,XYt,501,156,0.01376988829098601,0.009835956186986596
3,XYt,502,156,0.013780906254238888,0.009830410429828768
3,XYt,503,155,0.014033091539453115,0.009996881339467063
3,XYt,504,156,0.013795927532457338,0.009822070078793474
3,XYt,505,155,0.014001861189988425,0.009968632130601247
3,XYt,506,155,0.014015011587590128,0.009972437324190748
3,XYt,507,155,0.014030568800998221,0.009972629429120921
3,XYt,508,155,0.01403807124377011,0.009979584148950858
3,XYt,509,155,0.0140424905919612,0.009990016551036866
3,XYt,510,156,0.013822371660005642,0.009840150264823443
3,XYt,584,154,0.015707934797580904,0.009891171673432864
3,XYt,585,154,0.01540507694672006,0.009864006516817972
3,XYt,586,153,0.015239121247029771,0.009970698525521328
3,XYt,587,153,0.014639393596448056,0.009892430275406238
3,XYt,588,152,0.014273207025393512,0.009966200782612136
3,XYt,589,152,0.013712356446040226,0.00995070557929385
3,XYt,590,153,0.013209999683004002,0.00985122169897432
3,XYt,591,153,0.012932548456735983,0.009914756322376251
3,XYt,592,153,0.012745888693860993,0.009956398847090028
3,XYt,593,153,0.012599026074962258,0.009944142419540383
3,XYt,594,153,0.012605452403100854,0.009935406040466634
3,XYt,595,153,0.012648706840464059,0.00990750802857671
3,XYt,596,153,0.012725524951774186,0.009863589781424889
3,XYt,597,153,0.01289478597000042,0.009864100633470875
3,XYt,598,153,0.013091534908192076,0.009859783399909894
3,XYt,599,153,0.013301192175044498,0.009868044021418682
3,XYt,600,153,0.013525938007457586,0.009873289276373693
3,XYt,601,153,0.013799270976670115,0.009909400340771597
3,XYt,602,153,0.014036234412326761,0.009923675272801425
3,XYt,603,153,0.014230277127657329,0.009952786479664128
3,XYt,604,154,0.014156052115539108,0.009853746224667276
3,XYt,605,154,0.01416493433259687,0.009855244294293233
3,XYt,606,154,0.014149274617855971,0.009854336549011505
3,XYt,607,154,0.014072459948929724,0.009832135286949773
3,XYt,608,153,0.014245608094063947,0.009985269012492875
3,XYt,609,153,0.01411392630866962,0.009941104291633833
3,XYt,610,153,0.013897206819244213,0.009868813478185173
3,XYt,611,153,0.013678550685141065,0.009834168701334167
3,XYt,612,152,0.013649337252317142,0.009977153856296482
3,XYt,613,152,0.013361628855265243,0.009959051897392273
3,XYt,614,152,0.013094531091475379,0.009956671567773212
3,XYt,615,152,0.012848372056825888,0.009966961584788481
3,XYt,616,152,0.012689821709077016,0.009999102364742898
3,XYt,617,153,0.01239218608578031,0.009877206177168474
3,XYt,618,153,0.01239413889859031,0.00990683474620183
3,XYt,619,153,0.012455168690171423,0.009938826031126906
3,XYt,620,153,0.012621896592487475,0.009975179715351685
3,XYt,621,154,0.01262468341859382,0.009860081651253386
3,XYt,622,154,0.012880018340898717,0.00986627159555182
3,XYt,623,153,0.013362994862020812,0.009991440480128816
3,XYt,624,153,0.013872745250248297,0.00993489723449957
3,XYt,625,153,0.014387823078524356,0.009915038848143855
3,XYt,626,153,0.015026860048082132,0.009968440486967883
3,XYt,627,154,0.015424968750486656,0.009912532097949709
3,XYt,628,154,0.01582377620141346,0.009979558875662271
3,XYt,629,154,0.01600717895356769,0.009976188351155123
3,XYt,630,154,0.016103247555574206,0.009945636585323893
3,XYt,631,154,0.016167099459650565,0.00992943376017373
3,XYt,632,154,0.01618661481945888,0.009953755333014543
3,XYt,633,154,0.0161270054436738,0.00996152108347258
3,XYt,634,154,0.015970622211599943,0.009912224597143698
3,XYt,635,154,0.015950277126353617,0.009963942263348726
3,XYt,636,155,0.015583914405652708,0.00984768954532711
3,XYt,637,155,0.015333868860490894,0.009831780515110558
3,XYt,638,155,0.015124768745171168,0.009834856234262689
3,XYt,639,155,0.014915538560075655,0.009828752425880834
3,XYt,640,154,0.015061805431537215,0.009981048277243287
3,XYt,641,154,0.014977021848786352,0.009927590672487451
3,XYt,642,153,0.015095050379205072,0.009982322963958817
3,XYt,643,153,0.014988222314544006,0.009834785846195203
3,XYt,644,152,0.015371011480398624,0.009933886026816012
3,XYt,645,152,0.015701053794977254,0.00991321419597087
3,XYt,646,152,0.01609858237788716,0.009902879168376753
3,XYt,647,152,0.01664788136100556,0.00993512733469301
3,XYt,648,153,0.01717233988685053,0.009874536571398524
3,XYt,649,154,0.01772332502741718,0.009861525430307001
3,XYt,650,154,0.01841756316683828,0.009960778183067238
3,XYt,651,154,0.01884946624821347,0.009941078920517583
3,XYt,652,153,0.019248329411917377,0.00997423715387664
3,XYt,653,152,0.019485873961209276,0.009996070204096583
3,XYt,654,152,0.019445367163178934,0.009907532944021568
3,XYt,655,152,0.0195809666821499,0.009859801360556301
3,XYt,656,152,0.01981736192270104,0.009858713866072979
3,XYt,511,155,0.014023382939458892,0.009984697178343905
3,XYt,512,156,0.013810996856359248,0.00983228155838105
3,XYt,513,156,0.013792698141069912,0.009821823670821569
3,XYt,514,156,0.013807212994822786,0.009830142394799358
3,XYt,515,155,0.014042132305876472,0.009998258669417177
3,XYt,516,156,0.01380802660848487,0.009826970182853393
3,XYt,517,155,0.014019931331348968,0.009989558336802264
3,XYt,518,156,0.013772563431254381,0.009827972188300782
3,XYt,519,155,0.013974552285239163,0.009990696581721966
3,XYt,520,155,0.01390815603648889,0.009964893337905324
3,XYt,521,155,0.013832415839228033,0.009949950545432408
3,XYt,522,155,0.013757752236365573,0.009929896370111591
3,XYt,523,155,0.01368866203699219,0.009920272778609605
3,XYt,524,155,0.013588150316142371,0.00989855174145815
3,XYt,525,155,0.013438598032372804,0.009858638205086775
3,XYt,526,155,0.013394195395578554,0.009911136357463842
3,XYt,527,156,0.013151897122878854,0.009879734383266283
3,XYt,528,157,0.012956866697265451,0.009939023105095833
3,XYt,529,159,0.012545453738639117,0.009861676707396046
3,XYt,530,160,0.012539409486684848,0.009974540052921308
3,XYt,531,162,0.012533384939395957,0.009900782358645506
3,XYt,532,162,0.013117646951365173,0.009960544365385066
3,XYt,533,159,0.014384109066204017,0.009932486803700178
3,XYt,534,152,0.016548559785853376,0.009964766245993984
3,XYt,535,151,0.01853063153341668,0.009894432316078604
3,XYt,536,157,0.02136567419617472,0.009927292287110886
3,XYt,537,163,0.022977547161260863,0.00992836416238578
3,XYt,538,163,0.024760058592349716,0.009932708855738295
3,XYt,539,161,0.025849648640187274,0.009832844246473783
3,XYt,540,158,0.026361513626232822,0.00992911056894768
3,XYt,541,157,0.025560663704478695,0.009840024833886412
3,XYt,542,156,0.024894474743969056,0.009848871974417445
3,XYt,543,155,0.02441406845893328,0.009894965438231231
3,XYt,544,154,0.023983544055205412,0.009928748993051262
3,XYt,545,153,0.023606670677320214,0.009947372212233754
3,XYt,546,152,0.022840036614267187,0.009899893966484464
3,XYt,547,151,0.022073028846215304,0.00993771370477046
3,XYt,548,151,0.021142952901044686,0.009870037416181436
3,XYt,549,151,0.020570598248155145,0.009849180908304365
3,XYt,550,151,0.020132995470178622,0.009843682943137644
3,XYt,551,151,0.019894163350695493,0.009850578890080428
3,XYt,552,151,0.01980952308734038,0.009875016425511828
3,XYt,553,151,0.019781624537798387,0.00990642902137339
3,XYt,554,151,0.01977554091217576,0.009923153968042484
3,XYt,555,151,0.019767359184228617,0.009936055783451782
3,XYt,556,151,0.019751508402103615,0.0099660333229547
3,XYt,557,151,0.019701801584857244,0.009987232024737556
3,XYt,558,151,0.019495877130969116,0.00998873801099439
3,XYt,559,152,0.019007773187346567,0.009847424160397166
3,XYt,560,152,0.019164807919577337,0.009982839028694653
3,XYt,561,153,0.018943311499074793,0.009975270631240703
3,XYt,562,154,0.01852260373953805,0.009903205925045885
3,XYt,563,154,0.018094848933232675,0.009880522481974229
3,XYt,564,153,0.017652758964434214,0.009921824625105095
3,XYt,565,152,0.017161403879042914,0.00999880289325443
3,XYt,566,152,0.01656862023045762,0.009939341114849119
3,XYt,567,152,0.016200280350705087,0.009946221995360518
3,XYt,568,153,0.015651924368222044,0.009834444811603163
3,XYt,569,153,0.015462248012736234,0.009898351151004733
3,XYt,570,153,0.015430859611266627,0.009999138858863157
3,XYt,571,154,0.01520893363188956,0.009910967425964305
3,XYt,572,155,0.015074311604700493,0.00985267494616887
3,XYt,573,155,0.015200236563858755,0.00991313678561997
3,XYt,574,155,0.0153604465872614,0.00994035554655733
3,XYt,575,155,0.015527833233787758,0.00993730870066533
3,XYt,576,155,0.015670163658015684,0.009898526261274583
3,XYt,577,155,0.015704827310513397,0.009833359970129687
3,XYt,578,154,0.016082516973326105,0.00998908667112457
3,XYt,579,154,0.016128700494004417,0.009931485076591383
3,XYt,580,154,0.01616613170840829,0.009907281620140915
3,XYt,581,154,0.016130422675119205,0.009897212045425584
3,XYt,582,154,0.016064790430648995,0.009894264726477007
3,XYt,583,154,0.01590055089075045,0.009889284555410596
3,XYt,657,152,0.02016609903452909,0.00987617765205546
3,XYt,658,152,0.020491759152556237,0.009921871679746664
3,XYt,659,152,0.020934787026365583,0.009966923896026665
3,XYt,660,153,0.021030531394267454,0.009843547744336871
3,XYt,661,153,0.02152502235806644,0.00988821061472454
3,XYt,662,153,0.02225244346253393,0.009995140887375
3,XYt,663,154,0.022737068860835968,0.009930350852579161
3,XYt,664,155,0.023454603407320827,0.009918332223257503
3,XYt,665,156,0.024521476441104896,0.009953229133880706
3,XYt,666,158,0.025393005401295642,0.009885860453836019
3,XYt,667,160,0.026232116187381225,0.009907587649452416
3,XYt,668,162,0.026723391521622418,0.009948363169551363
3,XYt,669,164,0.02687588704484503,0.009998030022163302
3,XYt,670,166,0.026500554297856947,0.009923384340534951
3,XYt,671,167,0.026233779685381608,0.009974670786256882
3,XYt,672,168,0.025491933117054697,0.00990588730677994
3,XYt,673,167,0.02459245901635251,0.009892212201534
3,XYt,674,164,0.023542380257152194,0.009892016364929784
3,XYt,675,160,0.022402154940676742,0.009866176411788804
3,XYt,676,155,0.020773076929813113,0.009833292299995926
3,XYt,677,151,0.01860331247598671,0.009885346383447612
3,XYt,678,151,0.01731007356909682,0.009939267147444466
3,XYt,679,155,0.015571055275441946,0.009864864958000388
3,XYt,680,159,0.014026992046010336,0.009843808327462625
3,XYt,681,161,0.013071061676643115,0.00993331771748993
3,XYt,682,162,0.01238412932413382,0.00990737207580647
3,XYt,683,162,0.012009814091566016,0.009908430941491192
3,XYt,684,161,0.011954931239113231,0.009988688047914094
3,XYt,685,161,0.011737826890276576,0.009835515893295363
3,XYt,686,159,0.012029093302401844,0.00998670167868901
3,XYt,687,158,0.01219224072385845,0.009968199850559021
3,XYt,688,157,0.012390825746661765,0.009925632625057924
3,XYt,689,156,0.01269282085727628,0.009954868023184545
3,XYt,690,156,0.012782869353211677,0.00982748621476652
3,XYt,691,155,0.013149827600714474,0.009926986324676304
3,XYt,692,155,0.013249884988943514,0.009855828539621058
3,XYt,693,155,0.013383400526838035,0.009837066927110023
3,XYt,694,155,0.013535284514400123,0.009830091079723956
3,XYt,695,155,0.013744316096058577,0.009886973186245283
3,XYt,696,155,0.01389809785286972,0.009922586125680543
3,XYt,697,155,0.014028438299267,0.009977361468037198
3,XYt,698,156,0.013895855118481246,0.009844585129531042
3,XYt,699,156,0.01396611573030393,0.009884671591559362
3,XYt,700,156,0.013982337162115017,0.009903618284160462
3,XYt,701,156,0.013967802458429629,0.009930846382291454
3,XYt,702,156,0.013920698010856113,0.009954202256948024
3,XYt,703,157,0.01366110190208002,0.009831751041181822
3,XYt,704,157,0.013533399536010352,0.009864580451233652
3,XYt,705,157,0.013360298695020732,0.009858816742309743
3,XYt,706,157,0.01319017711903462,0.009821734066389995
3,XYt,707,156,0.013272265099922414,0.009923143152301068
3,XYt,708,155,0.013225122044364504,0.009890609590823196
3,XYt,709,148,0.01311903055052847,0.009906068242748964
3,XYt,710,149,0.012888097616246789,0.009976591239033803
3,XYt,711,157,0.012042312132792868,0.00995389658255436
3,XYt,712,162,0.011500929196458098,0.00989189321915162
3,XYt,713,169,0.011306930265438825,0.009895249071373265
3,XYt,714,175,0.011192741197553296,0.009956364891225105
3,XYt,715,182,0.010995655569602398,0.009846469369422893
3,XYt,716,188,0.01113038479187141,0.009978200476661814
3,XYt,717,193,0.010866677984027226,0.009990114315011196
3,XYt,718,196,0.010455145878030812,0.009897235360180908
3,XYt,719,195,0.010262256272742007,0.009871090501230136
3,XYt,720,191,0.01042468697326112,0.009944764071578672
3,XYt,721,188,0.010503498035032066,0.009969470259044537
3,XYt,722,185,0.01048539497239326,0.009977195271418713
3,XYt,723,180,0.010651729951543457,0.009938411893093734
3,XYt,724,173,0.01108134836638104,0.009903078041464434
3,XYt,725,167,0.011380040624048663,0.009914190164136156
3,XYt,726,169,0.011100424994441875,0.009882831015866882
3,XYt,727,179,0.01036830830600837,0.009955735339291928
3,YZt,0,200,0.1481233834900964,0.009952291195040788
3,YZt,1,179,0.047983983211763365,0.009907480714367959
3,YZt,2,187,0.03457266274637747,0.009850550717593167
3,YZt,3,197,0.027845427606692907,0.009941434572932154
3,YZt,4,200,0.024371018647175818,0.010396949827367406
3,YZt,5,187,0.021066072742479857,0.009881974445694042
3,YZt,6,177,0.022586199221343518,0.009837336955486475
3,YZt,7,182,0.02565035842271587,0.009944594940435248
3,YZt,8,166,0.027890784762506407,0.00992123159386763
3,YZt,9,163,0.026945731564065007,0.009866095601995787
3,YZt,10,157,0.028576011743754924,0.009988983755103584
3,YZt,11,156,0.028078332169904196,0.009997462521927259
3,YZt,12,155,0.028647409889584675,0.009862615879412787
3,YZt,13,153,0.028783448143239417,0.009963447994938179
3,YZt,14,151,0.02920447628958999,0.009903866140341182
3,YZt,15,150,0.02987499948014284,0.009987422233175922
3,YZt,16,150,0.029672360531951752,0.009878817325640603
3,YZt,17,149,0.03025301641305997,0.00991895611120546
3,YZt,18,149,0.03027867574994056,0.009953777360064881
3,YZt,19,149,0.02973686644095525,0.009954952193813479
3,YZt,20,148,0.030927536139273456,0.009968538001122944
3,YZt,21,147,0.030564271372476838,0.009968148477124834
3,YZt,22,147,0.030764228829700563,0.009956479539928021
3,YZt,23,147,0.03088778453700031,0.009920429110147327
3,YZt,24,148,0.030801285451890092,0.009885760263002023
3,YZt,25,148,0.031102627899350803,0.009944463888801991
3,YZt,26,149,0.03093181264156194,0.009935031730330184
3,YZt,27,148,0.03160245918188891,0.00999150684898188
3,YZt,28,150,0.03098988701007702,0.009897497085841435
3,YZt,29,151,0.030760360472831424,0.009849785671459535
3,YZt,30,152,0.03081711846066776,0.009842007702064778
3,YZt,31,152,0.03088047089377484,0.009855805982529182
3,YZt,32,153,0.030897717289327612,0.009900260313048453
3,YZt,33,154,0.03125415377501454,0.009979398938047928
3,YZt,34,156,0.030747836878991637,0.009846888775718455
3,YZt,35,155,0.030785467376752272,0.009977315366617435
3,YZt,36,156,0.03020990038587482,0.009885557862012203
3,YZt,37,156,0.029878975199786745,0.009875757781835208
3,YZt,38,156,0.029179774869152006,0.009864215033346014
3,YZt,39,157,0.02823755854047411,0.009843178741846148
3,YZt,40,157,0.027428143832133725,0.009899381786461754
3,YZt,41,158,0.02656968757371006,0.009829971447489719
3,YZt,42,158,0.02600069651603587,0.009850165088845984
3,YZt,43,158,0.025251462134156875,0.009845231132968084
3,YZt,44,158,0.024333144111856667,0.009858050549065744
3,YZt,45,158,0.023709414661775553,0.009920186845444674
3,YZt,46,158,0.02321784306608495,0.009978265012864725
3,YZt,47,158,0.02242746003832711,0.009964583990902342
3,YZt,48,159,0.021869930300907676,0.009967238631271474
3,YZt,49,160,0.021608734734891735,0.009981562718212844
3,YZt,50,161,0.020893410333282757,0.009871972399729168
3,YZt,51,162,0.020508530502530854,0.009854101606026186
3,YZt,52,163,0.020345083926974327,0.009943486343308838
3,YZt,53,164,0.02032405832950902,0.009961725096253211
3,YZt,54,165,0.019992568537264867,0.009901302518499907
3,YZt,55,166,0.01997090103994177,0.009980694036424997
3,YZt,56,169,0.01951383798788421,0.009883862881867427
3,YZt,57,171,0.01925280954163949,0.009841320279262813
3,YZt,58,173,0.019220423300330445,0.00987061604824675
3,YZt,59,175,0.01935699943165428,0.00992290512575015
3,YZt,60,177,0.019211647798602505,0.00984969811152556
3,YZt,61,177,0.019146723490987803,0.009906250336219476
3,YZt,62,177,0.019310257687873474,0.009846102033622583
3,YZt,63,169,0.02018141449376363,0.009933437417064709
3,YZt,64,162,0.018833720649684364,0.00996480325052527
3,YZt,65,159,0.01700655531471049,0.009993103021371975
3,YZt,66,156,0.01501568182442779,0.009888693448948433
3,YZt,67,155,0.013062535077765664,0.009884181658045735
3,YZt,68,155,0.011797107975243406,0.009999539595409642
3,YZt,69,156,0.0108130239554918,0.009868580977281648
3,YZt,70,159,0.010151942500288573,0.009819723605692098
3,YZt,71,159,0.009767669585924454,0.009970014055132046
3,YZt,72,162,0.009223170158422505,0.009927876925598657
3,YZt,73,163,0.008842925065011371,0.00991487176149099
3,YZt,74,166,0.008558179848462672,0.00987214518234129
3,YZt,75,165,0.008418203161918521,0.009977034911724256
3,YZt,76,167,0.008175189357097662,0.009979915153986116
3,YZt,77,168,0.007922553178696796,0.009889278353821281
3,YZt,78,169,0.007867139879239702,0.00998954168383756
3,YZt,79,170,0.007643147173514503,0.009876063623620769
3,YZt,80,170,0.007612252754593367,0.00995411507639473
3,YZt,81,170,0.007452056312105238,0.009876284848450715
3,YZt,82,170,0.0074169138362441,0.00999477947587581
3,YZt,83,171,0.007263167841321169,0.009942039121995143
3,YZt,84,170,0.007218316116614576,0.009899150623055446
3,YZt,85,170,0.007241033533974586,0.009952261923949525
3,YZt,86,170,0.007139689122354163,0.009856713670260739
3,YZt,87,170,0.007163023310187051,0.009931920807109034
3,YZt,88,171,0.007073548670543354,0.009836353050160307
3,YZt,89,171,0.007087093068288308,0.009881283596696978
3,YZt,90,171,0.0071471575844300255,0.00997757545267156
3,YZt,91,171,0.007081089558947984,0.00988937331523151
3,YZt,92,171,0.007004725035566319,0.009824800680158332
3,YZt,93,171,0.007015777888125992,0.00992204328435643
3,YZt,94,171,0.00695101729357403,0.009867306125551572
3,YZt,95,170,0.007004707908433789,0.009979484207700224
3,YZt,96,170,0.00690005101532694,0.009875997643326149
3,YZt,97,170,0.006918525908589355,0.009991750069796641
3,YZt,98,171,0.006835812583703371,0.009878280693378485
3,YZt,99,170,0.006831087957721827,0.009862222560517327
3,YZt,100,171,0.006818380730660272,0.009839196560026641
3,YZt,101,171,0.006863530863728703,0.009891795879427795
3,YZt,102,169,0.006985430652402636,0.009957083945448692
3,YZt,103,169,0.006967463971983198,0.00996305134680995
3,YZt,104,169,0.006927954340653491,0.009885033228660472
3,YZt,105,169,0.006943227924419989,0.009934156278752417
3,YZt,106,168,0.0070320927746698875,0.009991544828647447
3,YZt,107,168,0.007048600004624814,0.009830519295039149
3,YZt,108,166,0.007211567573957556,0.009959657455334288
3,YZt,109,167,0.0072112931669398046,0.009876683040657645
3,YZt,110,167,0.007253292171534946,0.009844285785697522
3,YZt,111,166,0.0074433736095488945,0.009952865430223045
3,YZt,112,167,0.007375326229118544,0.009826316659560354
3,YZt,113,167,0.007642440951640927,0.0099467204338646
3,YZt,114,168,0.007866646460627775,0.009931889932236631
3,YZt,115,170,0.007915492332352956,0.009826461769357558
3,YZt,116,171,0.008086632732187808,0.00990856935554028
3,YZt,117,171,0.008120441200252964,0.009928083096856416
3,YZt,118,170,0.008023449998713298,0.009916157506190145
3,YZt,119,168,0.007846724937334409,0.009999557228368807
3,YZt,120,167,0.007551888437836739,0.009898919067028963
3,YZt,121,166,0.007312883272069575,0.009832993781831403
3,YZt,122,164,0.007346670744917772,0.009957149003473638
3,YZt,123,164,0.0072719039078373475,0.009971667483631859
3,YZt,124,165,0.007138301273124427,0.00990777164937807
3,YZt,125,165,0.007129786200760859,0.00997662381975713
3,YZt,126,166,0.00700082083718311,0.009873611965501702
3,YZt,127,166,0.006956000132154573,0.009851134385264358
3,YZt,128,166,0.006992550410489985,0.009910469355209311
3,YZt,129,167,0.006972992520349681,0.009843083334772545
3,YZt,130,167,0.00709811870790647,0.009935553723579637
3,YZt,131,168,0.007156321747704439,0.009877444451231752
3,YZt,132,168,0.007304605118449251,0.009959254498224523
3,YZt,133,169,0.007269002470316078,0.009847086132626342
3,YZt,134,169,0.007458542558319891,0.00998471998170207
3,YZt,135,170,0.00745607975050528,0.009898009440840924
3,YZt,136,170,0.007534595884606024,0.00993704432050999
3,YZt,137,171,0.007529742390000587,0.009833660737969768
3,YZt,138,171,0.00762770124386068,0.009949265032926091
3,YZt,139,171,0.007669927160269296,0.009983711056033615
3,YZt,140,171,0.007647431331299824,0.009983884592365946
3,YZt,141,171,0.007657420185688223,0.009984178291896637
3,YZt,142,171,0.007580696257988927,0.009920248281551212
3,YZt,143,171,0.0075971818189536746,0.009957664448184463
3,YZt,144,171,0.007577203552688167,0.009927011268458531
3,YZt,145,171,0.007593251646999144,0.009907546484997927
3,YZt,146,172,0.007507182448613887,0.009827105765744675
3,YZt,147,172,0.007562308333471297,0.009880444893082657
3,YZt,148,172,0.007647635563950284,0.009892247307567305
3,YZt,149,172,0.007735112342682746,0.009904859979775726
3,YZt,150,171,0.00791321255770202,0.009981741284013626
3,YZt,151,170,0.008028570718188684,0.009983546347299758
3,YZt,152,170,0.008031178884915476,0.00988616621571478
3,YZt,153,170,0.008200224123772687,0.009985703470923828
3,YZt,154,170,0.008348798531020336,0.00997140647466503
3,YZt,155,169,0.008556926137340645,0.009957801100074602
3,YZt,156,169,0.00877168730726349,0.009975724737168313
3,YZt,157,170,0.008883319882578422,0.009879209207863235
3,YZt,158,171,0.008851792790311107,0.009836205748140847
3,YZt,159,171,0.009004640666038738,0.009965331761786052
3,YZt,160,171,0.008938109114760976,0.009976326824086371
3,YZt,161,172,0.008748440553429456,0.009921760880776606
3,YZt,162,172,0.008615861649002257,0.009967457832498826
3,YZt,163,171,0.008474414223919306,0.009923433937132478
3,YZt,164,171,0.008261776358266708,0.009850238246620327
3,YZt,165,171,0.008113146686140776,0.009927835613614495
3,YZt,166,171,0.007886666738962475,0.009926170636183241
3,YZt,167,171,0.007725301732751748,0.009837903484441428
3,YZt,168,172,0.0077178912931443544,0.009965695241254334
3,YZt,169,172,0.0076726596098922115,0.009995929550499823
3,YZt,170,173,0.007538921793794291,0.009883015864551469
3,YZt,171,173,0.007545564702969969,0.009967893528695083
3,YZt,172,174,0.007557700874373861,0.009992677630484293
3,YZt,173,173,0.007598653922614786,0.009996401966954631
3,YZt,174,174,0.007640338703745729,0.009931833199408376
3,YZt,175,174,0.00772316665389107,0.009978516239108153
3,YZt,176,174,0.007689490256084165,0.009903974894764795
3,YZt,177,173,0.007724639105557691,0.009821568592642885
3,YZt,178,171,0.008035507477618808,0.009994041962588858
3,YZt,179,170,0.008133443960843704,0.009872058208999921
3,YZt,180,168,0.00847985526729298,0.009937904475271342
3,YZt,181,167,0.008744760215773126,0.009897660515638063
3,YZt,182,163,0.009208480434098857,0.009988707465239197
3,YZt,183,161,0.009683539880583888,0.009930701562642695
3,YZt,184,157,0.010358695175442861,0.009926026211713254
3,YZt,185,156,0.011137975689136102,0.009862320503052833
3,YZt,186,152,0.012223354054995193,0.009935240453759731
3,YZt,187,155,0.014420069391251561,0.009899461550136572
3,YZt,188,154,0.01681536721128342,0.009882834739248404
3,YZt,189,160,0.02009086811163493,0.009909126009623159
3,YZt,190,165,0.02293733286443416,0.009830773517125004
3,YZt,191,177,0.024204455130254612,0.00989072941971763
3,YZt,192,181,0.024151966034352858,0.009960466784111914
3,YZt,193,182,0.024379351510612123,0.009890629820770751
3,YZt,194,181,0.02552023843070364,0.009952843863303269
3,YZt,195,179,0.02564182050672007,0.009887701861185295
3,YZt,196,177,0.026435515417326486,0.009976111659992147
3,YZt,197,175,0.02656776833356487,0.00985289996399643
3,YZt,198,172,0.027439220041166636,0.0098819403116729
3,YZt,199,170,0.028266068172289265,0.00987829815475692
3,YZt,200,167,0.028807836396015345,0.009958947747260185
3,YZt,201,165,0.02911230216161037,0.009938129337536366
3,YZt,202,164,0.029318713390796877,0.009834093786962587
3,YZt,203,162,0.029856694594620092,0.009931576160901767
3,YZt,204,160,0.03011881766919372,0.00987339611590538
3,YZt,205,158,0.03068267927969904,0.009988224323346295
3,YZt,206,158,0.030633443264022536,0.009854680006905314
3,YZt,207,157,0.030409925329532326,0.009900256441352642
3,YZt,208,156,0.030685409972313227,0.009918960362041762
3,YZt,209,155,0.030908249554943843,0.009962040226607138
3,YZt,210,155,0.030639183956607963,0.009842852406884725
3,YZt,211,154,0.030375116292624352,0.009861198769601877
3,YZt,212,153,0.030819038727027966,0.009945294495674424
3,YZt,213,153,0.03087216390183649,0.00988637519537778
3,YZt,214,152,0.031036823710569202,0.009966157937207428
3,YZt,215,152,0.031021630010516905,0.009994235646594657
3,YZt,216,151,0.0310930503359318,0.009984685815034873
3,YZt,217,152,0.030728833643355827,0.009845430859058563
3,YZt,218,151,0.030705554408147352,0.009914031646407346
3,YZt,219,151,0.03029895795473419,0.009852375536886528
3,YZt,220,150,0.030774811495335397,0.009960813894040476
3,YZt,221,149,0.030789560805720387,0.009938035227704915
3,YZt,222,149,0.030853855352966645,0.009944092309486658
3,YZt,223,149,0.030160600403261923,0.009846208311709606
3,YZt,224,148,0.0302439635608922,0.009851679499637642
3,YZt,225,148,0.03073873455674784,0.00998057574852948
3,YZt,226,147,0.030935306670746513,0.009929241282767337
3,YZt,227,146,0.030928243376029993,0.009956578480158405
3,YZt,228,145,0.030757731463845882,0.009980955954633407
3,YZt,229,145,0.030796173362001397,0.009973370985548458
3,YZt,230,145,0.030180891834031026,0.009873003226471017
3,YZt,231,145,0.030289227200030817,0.009869129011913147
3,YZt,232,143,0.03090959903172143,0.00990965865072286
3,YZt,233,145,0.030063722201277284,0.009855867042124131
3,YZt,234,144,0.03042740746314797,0.009908835501213105
3,YZt,235,144,0.03026193900050567,0.009893612316434984
3,YZt,236,145,0.029914097158458164,0.009817934101680756
3,YZt,237,145,0.030183034039044824,0.00989786460545749
3,YZt,238,144,0.03015334214045052,0.009953004843826989
3,YZt,239,146,0.030202722504939678,0.009943175636405238
3,YZt,240,147,0.02962338735308953,0.009936514690431187
3,YZt,241,147,0.029777284312995825,0.00988162573008664
3,YZt,242,148,0.03011369965035469,0.009869958579791163
3,YZt,243,148,0.029847733688948844,0.009924250468532573
3,YZt,244,149,0.029866182326038604,0.00998123514726682
3,YZt,245,150,0.02920785472968825,0.009887394828706363
3,YZt,246,151,0.028966990876522495,0.009972498130913474
3,YZt,247,153,0.029164017833984986,0.0098736911609329
3,YZt,248,154,0.028361881846718374,0.009902940324792366
3,YZt,249,156,0.028837481553531268,0.009830430003820103
3,YZt,250,160,0.027972050320268015,0.00995607106421032
3,YZt,251,164,0.02852406700586271,0.009862104794990324
3,YZt,252,181,0.025778143831354357,0.009856249336594602
3,YZt,253,174,0.02325254361565454,0.009894071797345883
3,YZt,254,184,0.02163110120614238,0.009881674605318169
3,YZt,255,200,0.023707767220399394,0.00988049648976342
3,YZt,256,194,0.028472111552011903,0.009915564522584899
3,YZt,257,184,0.03556604868021842,0.00985992840592612
3,YZt,258,176,0.04938101006475143,0.009995557583522484
3,YZt,259,198,0.15018320462444001,0.009997589428235372
3,XZt,26,147,0.030694982206567127,0.009943506003096488
3,XZt,27,146,0.031047639423554645,0.009973510881169675
3,XZt,28,147,0.03057674913748647,0.009995326726952615
3,XZt,29,146,0.0302788394082354,0.009898312271612576
3,XZt,30,147,0.03009605324856457,0.009875734494001557
3,XZt,31,146,0.030117990742115405,0.009886303855878112
3,XZt,32,146,0.02987402568096034,0.009853636760270125
3,XZt,33,147,0.029842324924214736,0.009848941561278326
3,XZt,34,147,0.030063467235685187,0.009990839304018622
3,XZt,35,145,0.029804760498641683,0.009985378339030761
3,XZt,36,146,0.029432332143584636,0.009936469171015292
3,XZt,37,146,0.029486780877252993,0.009938968187028352
3,XZt,38,146,0.029433944675402283,0.009879359748584239
3,XZt,39,147,0.02914126364647289,0.009857018936339643
3,XZt,40,147,0.02868731639479733,0.009846657937077407
3,XZt,41,147,0.029145629708997766,0.009904183498662173
3,XZt,42,147,0.029171794430467583,0.009941153105787826
3,XZt,43,147,0.0288507357623422,0.009846397117936095
3,XZt,44,147,0.02870547830420585,0.009897456034331021
3,XZt,45,146,0.028683093201949974,0.00999740002668808
3,XZt,46,147,0.028359737432639337,0.009831917045305075
3,XZt,47,146,0.028398132385424345,0.009993180119134573
3,XZt,48,147,0.027980040692750723,0.009979766898272754
3,XZt,49,148,0.027701887350501185,0.009863959730170806
3,XZt,50,148,0.027542527085457867,0.009854637610145888
3,XZt,51,148,0.027545480410937476,0.009965771012552966
3,XZt,0,200,0.15058858082590845,0.009969851811383632
3,XZt,1,177,0.048934591394028185,0.009965322530388832
3,XZt,2,186,0.03489960624592165,0.009853940176721759
3,XZt,3,196,0.02813520977902503,0.009969674955000939
3,XZt,4,200,0.02411533146358042,0.010194711381590579
3,XZt,5,184,0.02162839567954468,0.009936689051010356
3,XZt,6,176,0.023045719601318848,0.00998211722178435
3,XZt,7,176,0.026211286330413266,0.009888850434766143
3,XZt,8,163,0.029370382822749345,0.009954896747550533
3,XZt,9,162,0.028419399689659352,0.009904321662461179
3,XZt,10,157,0.030096681481543826,0.009948710624717534
3,XZt,11,156,0.029521498087793044,0.009948224769747277
3,XZt,12,155,0.030171932756022778,0.009889059745313154
3,XZt,13,153,0.02993689983174714,0.009989963755023373
3,XZt,14,152,0.030465840651313084,0.009993314367550325
3,XZt,15,152,0.030578066596201662,0.009874888720295556
3,XZt,16,151,0.030788086155313105,0.009958155231457278
3,XZt,17,151,0.030863612949502763,0.009910312711849409
3,XZt,18,151,0.030461854712600843,0.009826432513522523
3,XZt,19,151,0.029932768052179575,0.009883627865108286
3,XZt,20,151,0.03051001786386882,0.009840375724860564
3,XZt,21,148,0.03066320328182927,0.009972725672376411
3,XZt,22,149,0.03042523258156698,0.00983544465256271
3,XZt,23,148,0.030635205839632383,0.009904527937039293
3,XZt,24,149,0.030060506371757934,0.009832417613809107
3,XZt,25,148,0.030315628832507498,0.009829538606838717
3,XZt,52,149,0.027006494051092098,0.009867697688031632
3,XZt,53,149,0.027384793303945047,0.009956243542335092
3,XZt,54,149,0.027137552056232965,0.009976435941246422
3,XZt,55,150,0.02641153848516289,0.009821122111830935
3,XZt,56,151,0.02609709556618906,0.009848396295358587
3,XZt,57,151,0.026285073139331698,0.00997616045654182
3,XZt,58,152,0.025735458324555056,0.009855577686297443
3,XZt,59,152,0.025590532730370104,0.009992786952684775
3,XZt,60,153,0.025297051965009826,0.00991644045588247
3,XZt,61,154,0.02453520418667888,0.009826095089929527
3,XZt,62,155,0.024065752074926783,0.009915526638463654
3,XZt,63,156,0.02382295630471428,0.00989481443764813
3,XZt,64,156,0.023554851237525494,0.009973130775577467
3,XZt,65,159,0.022938363476496648,0.009904413770589766
3,XZt,66,160,0.022360644959908676,0.00992821938374554
3,XZt,67,162,0.021597440406992,0.009943989775820547
3,XZt,68,164,0.020273543741624864,0.009852392266075505
3,XZt,69,166,0.019474994484027446,0.009927094671361911
3,XZt,70,168,0.018284776544747604,0.009905256249311494
3,XZt,71,169,0.016988498907694723,0.009850828547717528
3,XZt,72,170,0.016278994442071034,0.009974204181058058
3,XZt,73,170,0.015329618716698417,0.009916829305266084
3,XZt,74,170,0.014647949565127908,0.009952936292630409
3,XZt,75,170,0.014001539516791419,0.009954482045916225
3,XZt,76,170,0.013326043623731538,0.00992426398669902
3,XZt,77,170,0.012828518916558668,0.009916117691582748
3,XZt,78,170,0.012363541220128879,0.009948823127005417
3,XZt,79,170,0.01189216959643538,0.00991436917013402
3,XZt,80,170,0.011454306176232764,0.009896020286187954
3,XZt,81,170,0.011094139196643526,0.00990527985471126
3,XZt,82,170,0.010790304078463752,0.009898729326447905
3,XZt,83,170,0.010461732059470878,0.009876150173574176
3,XZt,84,170,0.010267621826131267,0.009890485264872982
3,XZt,85,170,0.009999148440066925,0.009853826202150267
3,XZt,86,169,0.009962106509546861,0.009992031262507653
3,XZt,87,170,0.009643006546976585,0.009857879852416148
3,XZt,88,170,0.00948242965979049,0.00988869112321388
3,XZt,89,170,0.00930294343446869,0.009836928598014305
3,XZt,90,170,0.009153286233917307,0.009844223096775311
3,XZt,91,170,0.009067304246191373,0.009923922164550679
3,XZt,92,170,0.008901863096116708,0.009913382083875528
3,XZt,93,171,0.008711272709073944,0.009888796943582247
3,XZt,94,171,0.008537485509735316,0.009858692093186815
3,XZt,95,170,0.008501111371246508,0.009984674682050644
3,XZt,96,171,0.008284183788825185,0.009919313947956268
3,XZt,97,171,0.008120235191296931,0.009956203888030738
3,XZt,98,171,0.007977305300499353,0.009960362110007946
3,XZt,99,171,0.007828826668780473,0.009932174749293395
3,XZt,100,171,0.007698765383675458,0.009978264628721895
3,XZt,101,172,0.00749041108642115,0.00991047979801194
3,XZt,102,171,0.0074519304934838985,0.009962047921973388
3,XZt,103,171,0.007274610250168531,0.009915871069384671
3,XZt,104,172,0.007103726627004435,0.009857243699460427
3,XZt,105,172,0.0069848051943210395,0.009855783814302382
3,XZt,106,172,0.006897867558997767,0.009884218886709971
3,XZt,107,170,0.006920846801468333,0.009979000619255388
3,XZt,108,171,0.006760871614294255,0.009838418553292158
3,XZt,109,171,0.006685647361831529,0.009853229856362535
3,XZt,110,171,0.006657094143152293,0.009990656680500157
3,XZt,111,172,0.006492368855210844,0.009860616863838101
3,XZt,112,172,0.00642809150244069,0.009832255828489561
3,XZt,113,170,0.006466068212139934,0.009975501106607464
3,XZt,114,171,0.006421477280804587,0.009915196112694126
3,XZt,115,171,0.006315231688259133,0.009858524518114422
3,XZt,116,171,0.006348505575106427,0.009992524577394291
3,XZt,117,171,0.006320823697705637,0.009936131626467323
3,XZt,118,171,0.006324537395881226,0.009936707181248953
3,XZt,119,172,0.0062438541629701305,0.009878432412324546
3,XZt,120,172,0.0061955722933737965,0.009872793963760533
3,XZt,121,171,0.006230069684319329,0.009974925868884318
3,XZt,122,173,0.00612482656121222,0.009827049598145551
3,XZt,123,171,0.006181929989395828,0.009977473647268817
3,XZt,124,171,0.006211816032551921,0.009946354719480454
3,XZt,125,172,0.006075480178511036,0.009823109263918677
3,XZt,126,172,0.0061419262321172115,0.009934931032246188
3,XZt,127,172,0.006101752349311624,0.00994622369103408
3,XZt,128,172,0.006022841617170359,0.009856360949782783
3,XZt,129,172,0.006095013190289924,0.009987454087745888
3,XZt,130,172,0.006005548320472784,0.009852102419132784
3,XZt,131,172,0.0060294976582973645,0.009865221026746893
3,XZt,132,172,0.006109632604283008,0.009951222359241134
3,XZt,133,172,0.006070871404958612,0.009862470135603943
3,XZt,134,172,0.006171360958431338,0.00998599059158559
3,XZt,135,172,0.006163323887289666,0.009899297375659333
3,XZt,136,172,0.0061865495948892225,0.009918483097676957
3,XZt,137,173,0.006164641169022544,0.009836997567975599
3,XZt,138,172,0.006301012514736958,0.00999552767217456
3,XZt,139,172,0.006340149278494693,0.009976444009721433
3,XZt,140,172,0.006303533222430317,0.009845214780944979
3,XZt,141,172,0.0064309877122223046,0.009911154689142946
3,XZt,142,172,0.006476770209079564,0.009919136190492762
3,XZt,143,172,0.006545139263565702,0.009944519778680326
3,XZt,144,171,0.006641786423602847,0.009962096787410356
3,XZt,145,171,0.006687937638803042,0.009894421623900309
3,XZt,146,171,0.0068181433290427735,0.009990387343084568
3,XZt,147,171,0.006862498544520459,0.009978325707246116
3,XZt,148,171,0.006946893716048572,0.009976621514520771
3,XZt,149,171,0.0070209269017559375,0.009916140111478422
3,XZt,150,171,0.0070981976431288936,0.009831277652828721
3,XZt,151,170,0.00734202152857445,0.009906672473741171
3,XZt,152,169,0.007530359101602679,0.009975687849998385
3,XZt,153,171,0.007644600815606439,0.009960410598884044
3,XZt,154,171,0.007791150546336151,0.00990560065038684
3,XZt,155,170,0.00810321684576866,0.009984652799942017
3,XZt,156,170,0.008247672244422152,0.009922368173744176
3,XZt,157,170,0.008445842624596451,0.009887733649356899
3,XZt,158,170,0.008656233641905637,0.009969924859843566
3,XZt,159,169,0.008843871280031756,0.00993480448301516
3,XZt,160,169,0.008997694276390349,0.009862361312155555
3,XZt,161,168,0.009287405275023126,0.009993017484352254
3,XZt,162,168,0.009402144389618125,0.009943331376563079
3,XZt,163,167,0.009618194506766323,0.009948802321883676
3,XZt,164,167,0.009672472766571669,0.00984189709449831
3,XZt,165,167,0.00983282463073725,0.009866163979556036
3,XZt,166,165,0.010097144006064046,0.00999285484692304
3,XZt,167,165,0.01011754224523985,0.009842309529768816
3,XZt,168,165,0.010296532723931705,0.009879900977846011
3,XZt,169,165,0.010462710219436318,0.00991123899896048
3,XZt,170,164,0.010638971514337611,0.009904025594817486
3,XZt,171,164,0.010913111697001055,0.009967481675148656
3,XZt,172,164,0.011003744015976504,0.009842566562838656
3,XZt,173,163,0.011323001910295841,0.009929911810659064
3,XZt,174,163,0.01151781618504526,0.009973711497289687
3,XZt,175,163,0.01155887492341207,0.009878203474912677
3,XZt,176,163,0.011599619148581498,0.009887496398586772
3,XZt,177,163,0.011655854463162387,0.009854396450797042
3,XZt,178,162,0.01168997865847476,0.009855170473586625
3,XZt,179,162,0.011776229842901543,0.009868383661827072
3,XZt,180,161,0.011976736214810277,0.009989550125436042
3,XZt,181,162,0.011826421183021907,0.009849185578432385
3,XZt,208,153,0.016144210647955844,0.009975262484964918
3,XZt,209,152,0.016330403707555396,0.009972740662256728
3,XZt,210,152,0.016531856870074774,0.009980949810003437
3,XZt,211,152,0.01673620374531374,0.009947611734099457
3,XZt,212,151,0.017277589188399375,0.009996487475014325
3,XZt,213,152,0.017717403217111967,0.009942427741267178
3,XZt,214,153,0.018232896929984466,0.009931660297361524
3,XZt,215,154,0.018730263056079468,0.009864640912522408
3,XZt,216,154,0.019941962127951476,0.009909808728883878
3,XZt,217,154,0.021016247897791256,0.009894891913863682
3,XZt,218,154,0.022151262874435862,0.00983510909709598
3,XZt,219,153,0.023776213958944338,0.00992875408902341
3,XZt,220,153,0.025268857536716524,0.009839272526340868
3,XZt,221,151,0.026809037658502354,0.009893968357889025
3,XZt,222,151,0.027784777167398578,0.009848106720027363
3,XZt,223,150,0.028392799415495145,0.009941065193868424
3,XZt,224,149,0.02879434275876506,0.009853611864146523
3,XZt,225,150,0.0290365629904821,0.00982648244342846
3,XZt,226,148,0.02968565549693406,0.00999526843674303
3,XZt,227,147,0.029555387677963382,0.009930425967178986
3,XZt,228,147,0.029303373363345882,0.009818868322800827
3,XZt,229,148,0.02924431460221362,0.009819384780485888
3,XZt,230,146,0.029618579999688414,0.009964844409249997
3,XZt,231,148,0.029664714109976596,0.009896504056266764
3,XZt,232,146,0.03010589707006432,0.009900100410751456
3,XZt,233,148,0.02955855082296913,0.009824369952656304
3,XZt,182,161,0.012072245266803316,0.009972631889024003
3,XZt,183,162,0.012027611601044014,0.00992369504908774
3,XZt,184,161,0.012266455340629794,0.009997983555985496
3,XZt,185,162,0.012327336002749427,0.009960704990564647
3,XZt,186,162,0.012424629523771411,0.009912149731318395
3,XZt,187,163,0.012499236133439496,0.009822536028191163
3,XZt,188,163,0.012802232740604855,0.009852498865356685
3,XZt,189,163,0.013254197344411958,0.009956734780620107
3,XZt,190,164,0.013468013885731801,0.009854275479933231
3,XZt,191,163,0.014038717020340194,0.009999883432505071
3,XZt,192,163,0.014580982706488983,0.009999385114024855
3,XZt,193,163,0.01489647927881132,0.009903422595698236
3,XZt,194,163,0.015240307149033544,0.009860013931262943
3,XZt,195,161,0.015723450816117788,0.009949283910771508
3,XZt,196,160,0.015929879091809325,0.009955708773419385
3,XZt,197,159,0.01588537946887858,0.009931637912501455
3,XZt,198,158,0.015914299842264164,0.009835883078865938
3,XZt,199,157,0.01612902345378942,0.009958334601896199
3,XZt,200,157,0.015994035591479026,0.009882257210494376
3,XZt,201,156,0.01597910638264554,0.009871599256624666
3,XZt,202,156,0.015957473076855903,0.009870905739880533
3,XZt,203,155,0.016074708048097273,0.009948609679801018
3,XZt,204,154,0.016187802608229628,0.009986822350434315
3,XZt,205,154,0.016016806831849636,0.009885206170742688
3,XZt,206,154,0.016165478608221685,0.009998623405403511
3,XZt,207,154,0.015997021698797617,0.009907139473854977
3,XZt,234,148,0.030049385848035792,0.009918334310163179
3,XZt,235,149,0.029725565274462736,0.009831396567382012
3,XZt,236,148,0.03031454116948083,0.009948329571557632
3,XZt,237,149,0.030078861311454715,0.009950194242725072
3,XZt,238,149,0.030037764205498613,0.009982456283238062
3,XZt,239,151,0.030280017146700037,0.009986713730576443
3,XZt,240,152,0.029015282766679595,0.00984751275258293
3,XZt,241,151,0.029716586370714303,0.009938432102874898
3,XZt,242,152,0.030095336074898518,0.009969917939486102
3,XZt,243,153,0.029588587996344215,0.00986032103885779
3,XZt,244,153,0.029694305552925234,0.009951445765041892
3,XZt,245,154,0.029443239512171596,0.00998153199689279
3,XZt,246,156,0.0287227722867592,0.009931881827566722
3,XZt,247,158,0.02897950303923128,0.009857616608281055
3,XZt,248,159,0.028425268421974025,0.009949607140159356
3,XZt,249,160,0.028914877476367264,0.00996948079383759
3,XZt,250,165,0.027810300670492213,0.009965701395289931
3,XZt,251,166,0.02878306842318522,0.009987729644724797
3,XZt,252,179,0.02586656193509293,0.009942900772204714
3,XZt,253,180,0.022644814467782857,0.009960088874626655
3,XZt,254,188,0.021381423168826814,0.00994026045521272
3,XZt,255,200,0.02504389749522957,0.010657504002111502
3,XZt,256,200,0.02775558745934978,0.009900749296057955
3,XZt,257,189,0.034890965339820584,0.009954464333112598
3,XZt,258,179,0.04807681705819681,0.00994668999029302
3,XZt,259,200,0.14544454407046753,0.010163125790731758
4,XYt,73,134,0.02049526316954239,0.009936813493216389
4,XYt,74,134,0.020208410191274364,0.009916397240864409
4,XYt,75,134,0.019969905040893365,0.009915044801665374
4,XYt,76,134,0.019712905838293784,0.009890772901900548
4,XYt,77,134,0.01940812296114478,0.009833450560063637
4,XYt,78,133,0.01945096365405396,0.009997093909394631
4,XYt,79,134,0.01893881766127866,0.009939916098165651
4,XYt,80,135,0.01842905561394624,0.009920400981471086
4,XYt,81,136,0.01802381270596115,0.009935853249672808
4,XYt,82,137,0.01761915984257736,0.009919502985659277
4,XYt,83,137,0.017415059826234203,0.009981661717023423
4,XYt,84,138,0.01693850832735338,0.00985388073895271
4,XYt,85,138,0.016752978315621586,0.009888189992185499
4,XYt,86,138,0.016522277440017576,0.00991509730074584
4,XYt,87,138,0.016349188186215283,0.009995461406715743
4,XYt,88,139,0.015912051246129853,0.009882631735338297
4,XYt,89,139,0.015802490320933837,0.009956718996694713
4,XYt,90,139,0.015653338894618247,0.009989565320295329
4,XYt,91,139,0.015473729143593545,0.009980949886811336
4,XYt,92,139,0.015291651341434745,0.009954532719762975
4,XYt,93,139,0.015152216285937964,0.009958756610074757
4,XYt,94,139,0.014989341355588156,0.009934622295590141
4,XYt,95,139,0.01485754669463103,0.009932610526737716
4,XYt,96,139,0.014812319477140155,0.009988126617625399
4,XYt,97,140,0.014488692819190102,0.00986943933128159
4,XYt,98,140,0.014436007664470396,0.009915354921070586
4,XYt,99,140,0.014346566729481317,0.009924350657020128
4,XYt,100,140,0.014206055933645257,0.009887210914786882
4,XYt,101,140,0.014135764308504575,0.0098801205649194
4,XYt,102,140,0.014087366586295735,0.009885458210960334
4,XYt,103,140,0.014068969039857456,0.009906751327500633
4,XYt,104,140,0.014080669267561774,0.009948837305285677
4,XYt,105,141,0.01390511799039542,0.009856701848301416
4,XYt,106,141,0.013930848865209755,0.009895050040937067
4,XYt,107,141,0.013973882134653455,0.009949371287760859
4,XYt,108,141,0.013979384673955868,0.009960575074472088
4,XYt,109,141,0.014019710509425737,0.009978786127410379
4,XYt,110,141,0.014060672551408424,0.009974323236245893
4,XYt,111,141,0.014074444241432305,0.009926830096404118
4,XYt,112,141,0.014033267250263104,0.00983728676895507
4,XYt,113,140,0.014257717795859381,0.009926110549680404
4,XYt,114,139,0.014457536074905011,0.009992156396474012
4,XYt,115,139,0.014487933568925799,0.009923188578335792
4,XYt,116,139,0.014528319761233184,0.00985646501724749
4,XYt,117,138,0.014768774074315537,0.009941803861161596
4,XYt,118,138,0.014822393275295965,0.009898706247549545
4,XYt,119,138,0.014899016201773934,0.009854813574953068
4,XYt,120,138,0.015055913157540186,0.009878199284144499
4,XYt,121,138,0.015254572910866938,0.009914070541479848
4,XYt,122,138,0.015426124308361159,0.009963937416190397
4,XYt,123,139,0.015402635385424466,0.009917932920558344
4,XYt,124,140,0.015314390971854771,0.009835205984553804
4,XYt,125,140,0.015520860013769868,0.00991039509496216
4,XYt,126,140,0.015675107148950637,0.00991991412636097
4,XYt,127,140,0.01585804666156031,0.009895693214778754
4,XYt,128,140,0.01604227929025482,0.009854049559951358
4,XYt,129,139,0.0165942282550253,0.009996828733080209
4,XYt,130,139,0.016841248054372936,0.00997808108358604
4,XYt,131,139,0.017104826856438816,0.009980571370314233
4,XYt,132,139,0.01736979812873308,0.009972204856133392
4,XYt,133,139,0.01760113307917912,0.009931132773140249
4,XYt,134,139,0.017812342493072265,0.009858251181895669
4,XYt,135,138,0.018304982733985422,0.009906213964225566
4,XYt,136,137,0.018754125822379782,0.009910904617364798
4,XYt,137,136,0.0192046599232702,0.009951713460214971
4,XYt,138,136,0.019465752139762902,0.009971436381488204
4,XYt,139,137,0.019371700306937828,0.009849451149402496
4,XYt,140,137,0.019632752606178777,0.009928449561489756
4,XYt,141,137,0.01980960167494357,0.009981081073838402
4,XYt,142,138,0.019620625266884476,0.009874318645805999
4,XYt,143,138,0.019749712447244917,0.009940338271311733
4,XYt,144,139,0.019592236705156457,0.009885798571381981
4,XYt,145,139,0.0197115064073934,0.00996512489950881
4,XYt,146,140,0.019538599286093573,0.009894769656118888
4,XYt,147,140,0.01964177045965896,0.00994821267123191
4,XYt,148,140,0.01967462645315941,0.00996507266398919
4,XYt,149,140,0.019638611785788723,0.009922778114115129
4,XYt,150,140,0.019593020475455417,0.009875152823727364
4,XYt,151,139,0.01984899054621992,0.009967148411260686
4,XYt,152,139,0.019790557641354126,0.009915676937064119
4,XYt,153,139,0.019696224179287233,0.009856643593834254
4,XYt,154,138,0.01988300702822351,0.009957869078879779
4,XYt,155,138,0.019712175120156623,0.00988057027642818
4,XYt,156,137,0.019854056110380658,0.009991510838771717
4,XYt,157,137,0.019606750543811436,0.00992251960487754
4,XYt,158,137,0.019405318808939812,0.009948727268971818
4,XYt,159,138,0.018854168133793585,0.009848303118419
4,XYt,160,138,0.018683540087696227,0.009984352664706984
4,XYt,161,139,0.01823252849278675,0.009952242974723484
4,XYt,162,140,0.017735308707717935,0.009882708841632505
4,XYt,163,140,0.01763316217727018,0.009988427483713971
4,XYt,164,141,0.017265426413612946,0.009937011687163908
4,XYt,165,141,0.017085257916110947,0.009982561109646744
4,XYt,166,142,0.01664165305015133,0.00989241237400083
4,XYt,167,142,0.016406348249758746,0.009935842447755298
4,XYt,168,142,0.0162539871790859,0.009999840808080137
4,XYt,169,143,0.015815426019128526,0.009850538032165136
4,XYt,170,143,0.015704259072372106,0.009883995124814558
4,XYt,171,143,0.015597001554749407,0.00990147989930521
4,XYt,172,143,0.015439188260029248,0.009864418882552498
4,XYt,173,142,0.015530664587600542,0.009971035976272882
4,XYt,174,142,0.015377508428595149,0.00991601193083959
4,XYt,175,142,0.01521777401219432,0.009851640591688426
4,XYt,176,142,0.015143589316930639,0.00983765661586226
4,XYt,177,141,0.015314346708285216,0.009997074585042535
4,XYt,178,141,0.0152351077704383,0.00999824525129553
4,XYt,179,142,0.014969695614932445,0.009888293104450616
4,XYt,180,142,0.014986676610911364,0.00996526437238971
4,XYt,181,143,0.01477050486477299,0.009879166761173187
4,XYt,182,143,0.014749878066862532,0.009901135742028947
4,XYt,183,143,0.014760806558904448,0.009945826510144072
4,XYt,184,143,0.014755420848240247,0.009965322530388832
4,XYt,185,143,0.01474197713406959,0.009977661583072821
4,XYt,186,143,0.014718343150776995,0.009961832449471346
4,XYt,187,143,0.014704784467763743,0.009952349736965044
4,XYt,188,143,0.014704905279410227,0.009941208474474893
4,XYt,189,143,0.014741674627376496,0.00995922378506553
4,XYt,190,143,0.01480571526439894,0.009980766544675685
4,XYt,191,144,0.014662140688756905,0.009867608422476446
4,XYt,192,144,0.014716903906290294,0.009886938449176094
4,XYt,193,144,0.014780899539738218,0.009916174282394326
4,XYt,194,143,0.014953197008385063,0.00997782723410061
4,XYt,195,143,0.014901176576738518,0.00986461635502565
4,XYt,196,142,0.015076114081281705,0.009867688909122494
4,XYt,197,141,0.015354561024230572,0.00995939351449644
4,XYt,198,141,0.015383720076587242,0.009898582642869363
4,XYt,199,141,0.01543192633715737,0.009868798252767381
4,XYt,200,141,0.015481002121670936,0.00984721271923535
4,XYt,201,141,0.015593953663325577,0.009895777268979708
4,XYt,202,141,0.01575083503022567,0.009973071740689333
4,XYt,203,142,0.015679198623224148,0.009934227969137342
4,XYt,204,143,0.01560194486457498,0.009871691204122715
4,XYt,205,143,0.015807063231785705,0.009951889788439845
4,XYt,206,143,0.015931030080514157,0.009924629124720563
4,XYt,207,142,0.016256676784619162,0.009989953165091721
4,XYt,208,142,0.016306965467672775,0.009850961856701118
4,XYt,209,141,0.016722231093675047,0.009935490298812584
4,XYt,210,141,0.016786934375317027,0.009845075164708462
4,XYt,211,141,0.016998987081078203,0.009855129945861367
4,XYt,212,140,0.017452103831721844,0.009991735875684641
4,XYt,213,141,0.017472519732625907,0.009871785247510548
4,XYt,214,141,0.017779923014778244,0.009886456459745861
4,XYt,215,141,0.01805217412582709,0.009846163620551244
4,XYt,216,140,0.0185480433757174,0.009867715012758604
4,XYt,217,139,0.01909309908447163,0.009906543861061566
4,XYt,218,139,0.019357190751419937,0.009859636992208213
4,XYt,0,200,0.0029293272643754085,0.01037020237920451
4,XYt,1,200,0.0031865795539145017,0.011347038454503272
4,XYt,2,200,0.003100020165710787,0.01142175925822324
4,XYt,3,200,0.0027724191676101496,0.010361274178684573
4,XYt,4,195,0.0027121038237446476,0.009917478410117742
4,XYt,5,188,0.0027271184875986786,0.009826976735809456
4,XYt,6,181,0.002712427263841753,0.009848252987770976
4,XYt,7,174,0.0026564053069142264,0.00983825881470271
4,XYt,8,166,0.002606739610867796,0.009907561109231609
4,XYt,9,157,0.0025498286596542193,0.009862440675660377
4,XYt,10,143,0.0026265074285510294,0.00996565747077762
4,XYt,11,127,0.0027330050426100823,0.00981070265139285
4,XYt,12,116,0.002601509991066166,0.009868541048409634
4,XYt,13,118,0.0025791473331834096,0.009826875710584547
4,XYt,14,123,0.0025357852374505267,0.009928112284800866
4,XYt,15,127,0.0023986787010278027,0.00990306937133134
4,XYt,16,130,0.002506601203600696,0.009991395901495611
4,XYt,17,129,0.002581270631004246,0.009909324525251978
4,XYt,18,137,0.0028744556923411733,0.009886743050887787
4,XYt,19,133,0.002987957237771917,0.009948015779311776
4,XYt,20,128,0.0029837310382050744,0.009834076480960017
4,XYt,21,122,0.002962096897292929,0.009829801199107667
4,XYt,22,115,0.0029154356427464278,0.009965156671495069
4,XYt,23,110,0.0026414946313394823,0.009824781251009228
4,XYt,24,107,0.0023761863977942556,0.009838574627077238
4,XYt,25,108,0.002376685957454751,0.009922880326160819
4,XYt,26,114,0.002544993534182498,0.009865096147704802
4,XYt,27,122,0.002783594925956464,0.009897929355655564
4,XYt,28,131,0.002950671959408794,0.009881091112365315
4,XYt,29,140,0.003053160156491933,0.009833838559314724
4,XYt,30,147,0.003179053846901716,0.009944387415521595
4,XYt,31,153,0.0032537708329961456,0.009838270814667335
4,XYt,32,155,0.0034480992063651277,0.009885428354223928
4,XYt,33,154,0.003697766715519134,0.009854802684207409
4,XYt,34,149,0.0040696640272260675,0.009959071834359134
4,XYt,35,142,0.00438886171381646,0.009838919881856353
4,XYt,36,131,0.004674961050700616,0.009822373299631877
4,XYt,37,117,0.00474101817615518,0.009946717813408938
4,XYt,38,113,0.005541201206188853,0.009987602766647966
4,XYt,39,130,0.007344286480946102,0.009983430857597182
4,XYt,40,149,0.0095455184411984,0.009935060897860434
4,XYt,41,160,0.012344373549011542,0.009843501405610926
4,XYt,42,163,0.016477162774060475,0.009932714258402423
4,XYt,43,160,0.021234942410244404,0.00994457952268568
4,XYt,44,153,0.025948719543466996,0.009999035816298353
4,XYt,45,145,0.03000731255552232,0.009972402884820493
4,XYt,46,139,0.032044275152106,0.00985517895249463
4,XYt,47,138,0.03145840626579023,0.009837485331560125
4,XYt,48,141,0.03029196928289319,0.009936020677892536
4,XYt,49,144,0.029692936872122735,0.009986955302602874
4,XYt,50,146,0.029413638975884664,0.009914577709978766
4,XYt,51,146,0.030081285558966404,0.009987093395966372
4,XYt,52,146,0.03074876830870966,0.009955856078364352
4,XYt,53,146,0.031254769156535335,0.009847145144298458
4,XYt,54,144,0.03212602600519853,0.009932361998550686
4,XYt,55,142,0.032010660684655134,0.00996621908992818
4,XYt,56,140,0.03046438612940752,0.009939394565404762
4,XYt,57,138,0.02802901831565902,0.00989207061368484
4,XYt,58,136,0.02546676111711433,0.009864441186803973
4,XYt,59,134,0.023611349165671498,0.009918723394459995
4,XYt,60,133,0.022307241064635143,0.009885890852092615
4,XYt,61,132,0.022005132600428832,0.009984782095635766
4,XYt,62,133,0.02179496574033191,0.00989554408460065
4,XYt,63,134,0.02197075672874491,0.00986184920397885
4,XYt,64,134,0.0225564690974191,0.009992876557638614
4,XYt,65,135,0.022579912140332562,0.009927844725431387
4,XYt,66,135,0.022678121431592743,0.0099871089783661
4,XYt,67,135,0.022513298809468032,0.009992504400295754
4,XYt,68,135,0.0222372460460205,0.009999313814119233
4,XYt,69,135,0.02174766013144121,0.009949491025351831
4,XYt,70,135,0.021315263405153953,0.00991867470178997
4,XYt,71,135,0.020846757040235843,0.009840406029910553
4,XYt,72,134,0.020868467069768956,0.00998087730308412
4,XYt,219,139,0.019595400875802322,0.009837809896419386
4,XYt,220,138,0.02013415729126235,0.009966676761900184
4,XYt,221,138,0.02038327569437989,0.009965117898888048
4,XYt,222,138,0.020596912602419998,0.009951358098122115
4,XYt,223,138,0.020798518009683676,0.009966972352979966
4,XYt,224,139,0.02070615902681698,0.009852197271997125
4,XYt,225,139,0.02098118173574746,0.009912265742170547
4,XYt,226,139,0.021184781398265264,0.009926790633510409
4,XYt,227,139,0.021350666625266367,0.009914793668198089
4,XYt,228,139,0.021547757703805674,0.00989245577129135
4,XYt,229,139,0.0218126605465948,0.009896448592394705
4,XYt,230,139,0.022076043860498135,0.009889498895451283
4,XYt,231,139,0.02241523472201385,0.009900797534878231
4,XYt,232,139,0.02273522908090355,0.009899763329797447
4,XYt,233,139,0.02294445479838833,0.009853422729353434
4,XYt,234,139,0.023295097980240164,0.009849043060694946
4,XYt,235,139,0.02363591003760126,0.00986009144767733
4,XYt,236,139,0.023967032353901234,0.009887595718964663
4,XYt,237,139,0.02430098798423216,0.00995959556957137
4,XYt,238,140,0.02415916101719913,0.009893996794162101
4,XYt,239,140,0.024397762692417557,0.009994725861299616
4,XYt,240,141,0.024132504477074206,0.009877306144315761
4,XYt,241,141,0.024262713156948716,0.009928940862319133
4,XYt,242,141,0.024359457886661384,0.00996498811725863
4,XYt,243,142,0.024114317391596644,0.009859990217493881
4,XYt,244,142,0.02421878353847023,0.00989761055752689
4,XYt,245,142,0.024335363242221707,0.009936206465905009
4,XYt,246,142,0.02439464274621868,0.009953549385437205
4,XYt,247,143,0.02416019378865511,0.009848086791949493
4,XYt,248,143,0.024334188797899788,0.009904161206507304
4,XYt,249,143,0.024541121668300202,0.009977712139197565
4,XYt,250,144,0.024373005436094254,0.009900373133599453
4,XYt,251,144,0.02451117726520811,0.009968820002384656
4,XYt,252,144,0.02443821341876117,0.009974880063626367
4,XYt,253,143,0.024138571510771305,0.009939783288071977
4,XYt,254,140,0.023821118357963873,0.009957075784293662
4,XYt,255,137,0.02322769466232784,0.009935828945341897
4,XYt,256,134,0.022580193002233604,0.009997818545635345
4,XYt,257,135,0.021150883264231646,0.009956441965481767
4,XYt,258,140,0.018126375648265546,0.009873743646966719
4,XYt,259,150,0.01589181278570052,0.00988889004906512
4,XYt,260,157,0.014412546302328414,0.009900031106048071
4,XYt,261,158,0.014035521997321738,0.009967940365863867
4,XYt,262,157,0.013912295268244794,0.009923062574656461
4,XYt,263,154,0.013843748230833485,0.009870182038543004
4,XYt,264,151,0.013760056469343212,0.009861940620502992
4,XYt,265,149,0.013892803742526785,0.009984425760637504
4,XYt,266,149,0.013897980700296693,0.009995583276531928
4,XYt,267,150,0.01371349666010224,0.009845860587346069
4,XYt,268,150,0.013741758944843087,0.009860558943482863
4,XYt,269,150,0.013826614255266023,0.0099038350231974
4,XYt,270,150,0.01391782017262228,0.009960579923266646
4,XYt,271,150,0.013956354449220611,0.009988967945389702
4,XYt,272,151,0.013741598959892529,0.009842253448934265
4,XYt,273,151,0.013805028517884966,0.009891851989385532
4,XYt,274,151,0.01379180486801799,0.00986920824331779
4,XYt,275,151,0.013862325459467018,0.009907956496997994
4,XYt,276,151,0.013819487401067407,0.009866426607143283
4,XYt,277,151,0.01390439679212379,0.009934043764704727
4,XYt,278,151,0.013902117673371166,0.009919916290214322
4,XYt,279,151,0.013911679724829991,0.009942691207240754
4,XYt,280,151,0.013903753877796353,0.009937870301932869
4,XYt,281,151,0.013937590050929122,0.009975740260478212
4,XYt,282,151,0.013960633734481124,0.009965255756360975
4,XYt,283,151,0.013963563634569897,0.009971366957542601
4,XYt,284,151,0.013986129219852799,0.009957366810027898
4,XYt,285,151,0.01401470530378524,0.009990440904208869
4,XYt,286,151,0.014034303673230985,0.009986134762964907
4,XYt,287,152,0.013848044035374015,0.009871174764926056
4,XYt,288,152,0.013852373156061875,0.009842595848604892
4,XYt,289,152,0.01387851659910757,0.009883058527416057
4,XYt,290,151,0.014083167651338688,0.009994584114940338
4,XYt,291,152,0.01389071834821774,0.009869592118234505
4,XYt,292,152,0.013912438212864135,0.009855119599985413
4,XYt,293,152,0.013920727721035265,0.009884628160093322
4,XYt,294,152,0.013948120964396822,0.009874300711565493
4,XYt,295,152,0.013956489110308428,0.009900786152705869
4,XYt,296,152,0.01392055525246702,0.009864178972659001
4,XYt,297,152,0.014005971309661582,0.009917556868764598
4,XYt,298,152,0.014030581655639909,0.009892360839471065
4,XYt,299,152,0.014001657072938795,0.009893058431484109
4,XYt,300,152,0.013967587091650326,0.009859943956042538
4,XYt,301,152,0.014052949565177697,0.009921119860496026
4,XYt,302,152,0.014004819784158691,0.009882579063791485
4,XYt,303,152,0.014066245564757997,0.00992367365052619
4,XYt,304,152,0.014040742561586637,0.009894174150979925
4,XYt,305,152,0.014102539521667021,0.00992422899392173
4,XYt,306,152,0.014097942518691543,0.009913869182436757
4,XYt,307,152,0.014146025458858567,0.009946409211390835
4,XYt,308,152,0.014079830440571131,0.009906638656970964
4,XYt,309,152,0.014156704262603783,0.009946286739054911
4,XYt,310,152,0.01410635240185176,0.009912329083522771
4,XYt,311,152,0.014162738168933814,0.009934802168075187
4,XYt,312,152,0.01408703763543986,0.009892591929054674
4,XYt,313,152,0.014218844333892575,0.009937997197823477
4,XYt,314,152,0.014162359041209426,0.00990912523597692
4,XYt,315,152,0.014267816836624418,0.00994602938037775
4,XYt,316,152,0.01421318570160977,0.009918828894425016
4,XYt,317,152,0.014285478552405027,0.009921874384029626
4,XYt,318,152,0.014238018211339482,0.009894822262773441
4,XYt,319,152,0.014347879637217523,0.00991153214402842
4,XYt,320,152,0.014329248155240138,0.009875022403162341
4,XYt,321,152,0.01447551235969973,0.009901397519439898
4,XYt,322,152,0.014599782388927259,0.00993281528768034
4,XYt,323,153,0.014780554743853392,0.009884291016847908
4,XYt,324,153,0.01533590630166922,0.009941686729880175
4,XYt,325,146,0.017470051572300093,0.009897673450487766
4,XYt,326,141,0.02190104575987706,0.009843980046881511
4,XYt,327,146,0.02372291696430385,0.009899637027958954
4,XYt,328,148,0.024498924033541453,0.009898602159500424
4,XYt,329,148,0.024847170870583378,0.00984239411775645
4,XYt,330,147,0.02522374814222322,0.009903286664253226
4,XYt,331,146,0.02560512652929108,0.009971951395201118
4,XYt,332,146,0.02541024803496362,0.00987291369829212
4,XYt,333,146,0.025455619106361595,0.009849798747009544
4,XYt,334,145,0.02573571095068787,0.009952832848751212
4,XYt,335,145,0.02569660560897373,0.009899742731324313
4,XYt,336,145,0.02558221206660483,0.009857365489377342
4,XYt,337,145,0.02566269807252797,0.009867062944999408
4,XYt,338,144,0.025961296596089162,0.009985997193728308
4,XYt,339,144,0.025621075199816778,0.009862025506516651
4,XYt,340,143,0.025607041695613113,0.009966022015287993
4,XYt,341,143,0.025191918691902484,0.009931447793535254
4,XYt,342,143,0.02474056317829694,0.009881955671997004
4,XYt,343,143,0.02430460269488709,0.009861528151138449
4,XYt,344,143,0.023912926927485135,0.009896657897167748
4,XYt,345,143,0.023728903271298285,0.009955536979065493
4,XYt,346,143,0.02342227022213256,0.009976200185209928
4,XYt,347,144,0.022911135295267195,0.009858166263382317
4,XYt,348,144,0.022651323606901707,0.009866829625883925
4,XYt,349,144,0.02260912405525444,0.00993511437144349
4,XYt,350,144,0.022489522384127075,0.009993757221108325
4,XYt,351,145,0.022033948239740173,0.009874535484499772
4,XYt,352,145,0.02175521453744966,0.009888500953801066
4,XYt,353,145,0.021677988996969117,0.009980307368066457
4,XYt,354,145,0.021314123564669066,0.009941729372303669
4,XYt,355,146,0.02099946265009074,0.009869817760120192
4,XYt,356,146,0.02069316199794761,0.009855700041289817
4,XYt,357,146,0.020348094288583682,0.009855099452722125
4,XYt,358,145,0.01997700822466555,0.00992207882568758
4,XYt,359,144,0.019632508621191508,0.009995604214368398
4,XYt,360,144,0.018723414222231286,0.009878706664598332
4,XYt,361,143,0.01824349983366148,0.009960151603975663
4,XYt,362,143,0.017254436907350294,0.009852019704199697
4,XYt,363,141,0.01688006330229184,0.009983874303127707
4,XYt,364,151,0.018022947649618596,0.009884098823764712
4,XYt,365,148,0.017765956477023365,0.00993289038364359
4,XYt,366,146,0.01748006315462199,0.009982275656689795
4,XYt,367,145,0.017115725926045298,0.00990802203234994
4,XYt,368,144,0.016800680415108293,0.009927286881495993
4,XYt,369,144,0.01638103431375773,0.009840644883413262
4,XYt,370,143,0.016280235372470794,0.009944677193725271
4,XYt,371,143,0.01606006185057282,0.009903011931507862
4,XYt,372,143,0.015846433170533317,0.009889067497470554
4,XYt,373,142,0.01588753885573122,0.009984942254132085
4,XYt,374,142,0.01553942634493291,0.009931509391552584
4,XYt,375,142,0.015312103992430864,0.009947595010913229
4,XYt,376,142,0.01512328517617499,0.009980086375072004
4,XYt,377,143,0.014804766777695422,0.009886934107033863
4,XYt,378,143,0.014720667723273727,0.009975788136672947
4,XYt,379,143,0.014668470298459264,0.009995269740606699
4,XYt,380,144,0.014392536255718758,0.009905600186033902
4,XYt,381,144,0.014379486663044332,0.009905531925915102
4,XYt,382,144,0.014313539493699753,0.009936691442660744
4,XYt,383,144,0.014158816590512527,0.009847286288195846
4,XYt,384,144,0.013989279335165508,0.009848351614129147
4,XYt,385,144,0.013963818708056117,0.009953397887247787
4,XYt,386,145,0.013655370926245337,0.009869664432942713
4,XYt,387,144,0.013860992719489349,0.009980892357530188
4,XYt,388,144,0.013807794873912305,0.009980446091095826
4,XYt,389,144,0.013825865044332714,0.009966018784523719
4,XYt,390,144,0.013776473742906727,0.009974373271281612
4,XYt,391,144,0.013809512592221022,0.009955280398562322
4,XYt,392,144,0.013758828347857003,0.009956882840321583
4,XYt,393,144,0.013814184935081051,0.009929300809872772
4,XYt,394,144,0.013801506062949526,0.009937701284889895
4,XYt,395,144,0.013868658337340108,0.00990566736219951
4,XYt,396,144,0.013834959367684481,0.009844726310131377
4,XYt,397,143,0.014098919026970106,0.009943776533246431
4,XYt,398,143,0.014003530714709899,0.009903415628869993
4,XYt,399,143,0.014006813989930368,0.009931622320258768
4,XYt,400,143,0.01394946477030376,0.009925347697507017
4,XYt,401,143,0.01396134909530557,0.009925102772220896
4,XYt,402,143,0.013897429933378596,0.009888572587551825
4,XYt,403,143,0.01390734613794623,0.009877606582967725
4,XYt,404,143,0.013884160394653317,0.009845648022517844
4,XYt,405,143,0.013935803274547952,0.009852219603916869
4,XYt,406,142,0.014182727174613734,0.009988506996809064
4,XYt,407,142,0.014203191986203244,0.009997212001845812
4,XYt,408,142,0.014125373165738938,0.009844095615089735
4,XYt,409,141,0.014439566167735316,0.009961259269927603
4,XYt,410,141,0.014536646910702259,0.009951749588882506
4,XYt,411,142,0.014604132349864267,0.009942282087926885
4,XYt,412,142,0.014763190264708596,0.009981338066377583
4,XYt,413,143,0.01460551151040997,0.00984670426094867
4,XYt,414,143,0.014691562322389728,0.009847320075237974
4,XYt,415,143,0.014749540639995607,0.00984920106767447
4,XYt,416,142,0.015010855469131775,0.009902549149453956
4,XYt,417,141,0.015281109503216555,0.009966959969558755
4,XYt,418,141,0.01532869912587184,0.00987428005997547
4,XYt,419,140,0.01569212130999795,0.00999189323738814
4,XYt,420,140,0.015867009870735044,0.009890866221305514
4,XYt,421,140,0.016041274283381514,0.00989899194193443
4,XYt,422,140,0.016265770882440495,0.009929792068584546
4,XYt,423,140,0.016413026281504244,0.00995804314253839
4,XYt,424,140,0.016613331705758013,0.00997214889079171
4,XYt,425,140,0.016814402081993446,0.009973938549900032
4,XYt,426,140,0.016960360451900428,0.009916350160245767
4,XYt,427,140,0.017113769696918368,0.009953945642040038
4,XYt,428,140,0.017180862047521964,0.009965256833364973
4,XYt,429,140,0.01733853103842814,0.009992620935903756
4,XYt,430,140,0.01748458221408429,0.009961788815722234
4,XYt,431,140,0.017585258716365324,0.009894994723865111
4,XYt,432,139,0.018026743954265886,0.009984875073867559
4,XYt,433,139,0.018198687327932467,0.009920524855235995
4,XYt,434,138,0.018613998952928392,0.009931352694091603
4,XYt,435,137,0.019022853272572596,0.009919052875246052
4,XYt,436,136,0.019549043868911452,0.0099990878743935
4,XYt,437,136,0.01977238331927553,0.009950883543217747
4,XYt,438,136,0.020089375512795545,0.009990180922885299
4,XYt,439,137,0.020089005521530305,0.009902954491351219
4,XYt,440,137,0.02037852623839412,0.009945468779410946
4,XYt,441,137,0.02062487365362148,0.009932338225963452
4,XYt,442,137,0.020775921244862845,0.009852203263492756
4,XYt,443,136,0.02128129243082401,0.00995162394683184
4,XYt,444,136,0.021504961013929843,0.009950734700881012
4,XYt,445,137,0.02148846992005004,0.009839921215819421
4,XYt,446,137,0.02180529131333878,0.009882077312508338
4,XYt,447,137,0.02216698598623581,0.009924671299729813
4,XYt,448,137,0.022467571851099,0.009930472981063877
4,XYt,449,137,0.02276317362427831,0.009887628282805814
4,XYt,450,137,0.023216421553238602,0.00989137783472338
4,XYt,451,137,0.02368445211277476,0.009887427470743539
4,XYt,452,137,0.024147669861389873,0.009896555956535909
4,XYt,453,137,0.024783608170384955,0.009990261496333022
4,XYt,454,138,0.025043643335117875,0.009941492947448982
4,XYt,455,139,0.02528574886220786,0.009952729865950955
4,XYt,456,140,0.025441732583840183,0.009992295492048147
4,XYt,457,142,0.025133288232756783,0.00984354610885614
4,XYt,458,142,0.025562099292482463,0.00999828443216026
4,XYt,459,143,0.025590116406151477,0.00999401496158974
4,XYt,460,144,0.02546144855166761,0.009934859964248421
4,XYt,461,144,0.025299253686490067,0.009940118009298666
4,XYt,462,142,0.02496502830574738,0.009962911381266672
4,XYt,463,139,0.024176209831640257,0.009852798582118924
4,XYt,464,135,0.023791860694029193,0.0098883376052013
4,XYt,465,132,0.023519986337308136,0.009942154167219597
4,XYt,466,132,0.022329717148218086,0.009870354386484686
4,XYt,467,135,0.01948408030353994,0.009881314862439585
4,XYt,468,145,0.016747561416133108,0.009904734439518335
4,XYt,469,154,0.015040612034889971,0.009974151070764445
4,XYt,470,157,0.014202526370315606,0.009899339968356022
4,XYt,471,156,0.014149095451504412,0.009910291129681312
4,XYt,472,153,0.014251461937251712,0.009951924838020572
4,XYt,473,150,0.014089213431833046,0.009848670916999857
4,XYt,474,147,0.014105997436382049,0.009929134349262653
4,XYt,475,146,0.014053363948170786,0.009931134394197018
4,XYt,476,146,0.014048432785508706,0.009930564306250137
4,XYt,477,146,0.014122572338615046,0.00996938951756028
4,XYt,478,147,0.013967814715397249,0.00986575813625477
4,XYt,479,147,0.0140470947239498,0.009908618329975489
4,XYt,480,147,0.014111806867886822,0.00995901417869714
4,XYt,481,147,0.01413000137749169,0.009955018959945277
4,XYt,482,147,0.01417430998529365,0.00999434894040978
4,XYt,483,148,0.013984531857940522,0.00984184615228552
4,XYt,484,148,0.014016124358182013,0.009858110739343466
4,XYt,485,148,0.01402586210323453,0.009851426517403216
4,XYt,486,148,0.014026087490984367,0.009870149417142773
4,XYt,487,148,0.014017994064222154,0.009861528151138449
4,XYt,488,148,0.014037657630478777,0.009865064597429092
4,XYt,489,148,0.01404886748565945,0.009853726074595937
4,XYt,490,148,0.014063147054057043,0.009864205629601977
4,XYt,491,148,0.014071981434140828,0.009877366450094687
4,XYt,492,148,0.014045618088242997,0.009853345938502013
4,XYt,493,148,0.014024512147058497,0.009855723454246176
4,XYt,494,148,0.014014889401379274,0.009858023097822226
4,XYt,495,148,0.014013030550175843,0.009846866120293682
4,XYt,496,147,0.014246305234558955,0.009998574258445858
4,XYt,497,148,0.014022438933110655,0.009843069627231301
4,XYt,498,147,0.01425017059743602,0.009997103034770137
4,XYt,499,148,0.014040468529048632,0.009860502344471493
4,XYt,500,147,0.014255248746876475,0.009992289584553482
4,XYt,501,147,0.014256208777360113,0.009995842043637512
4,XYt,502,147,0.01424693887300074,0.009969908404763505
4,XYt,503,148,0.014066270405195598,0.009845336252468135
4,XYt,504,147,0.014278318326510811,0.009972641805502143
4,XYt,505,147,0.01430556955425076,0.009999275173957961
4,XYt,506,147,0.014259127685575836,0.009951344077506195
4,XYt,507,147,0.014271616303490497,0.009964385499082988
4,XYt,508,147,0.01424036881925027,0.009929362421209176
4,XYt,509,147,0.014249412824329417,0.009947743360777314
4,XYt,510,147,0.01420192504613195,0.009909521102865748
4,XYt,511,147,0.014227769361703594,0.00994001057581065
4,XYt,512,147,0.014166350586638121,0.009886535164580107
4,XYt,513,147,0.014183850430135236,0.009907142414299623
4,XYt,514,147,0.014142698251770103,0.00986796734434768
4,XYt,515,147,0.014169213302605966,0.009903702271100167
4,XYt,516,147,0.014109350300382208,0.009851577949567333
4,XYt,517,147,0.014111893748065636,0.00987365016573017
4,XYt,518,146,0.014235742351610296,0.009956412860587826
4,XYt,519,146,0.014186850982515315,0.009942118543438495
4,XYt,520,146,0.01404570212531283,0.009855110343139828
4,XYt,521,145,0.014165670122666545,0.00997012585568565
4,XYt,522,145,0.014011253186721872,0.009878895703328764
4,XYt,523,145,0.013921329274416966,0.009842999843088998
4,XYt,524,144,0.014143751983771729,0.009998681599382648
4,XYt,525,145,0.014133679603984936,0.009966858209558284
4,XYt,526,147,0.014183111506463524,0.009948065946664125
4,XYt,527,150,0.014131528408342281,0.009896150352557522
4,XYt,528,153,0.014070008538421375,0.009905542760886
4,XYt,529,155,0.014044458219573187,0.00999277882068858
4,XYt,530,157,0.01375500918704788,0.009851061000683196
4,XYt,531,156,0.014086400044445443,0.009995880697069921
4,XYt,532,156,0.014344428034604936,0.009843426172861873
4,XYt,533,152,0.015519205748607386,0.009926767928760741
4,XYt,534,143,0.01736275065445597,0.009868660135404387
4,XYt,535,135,0.020052146285170647,0.009981573009833919
4,XYt,536,136,0.022721567505480107,0.009843539566930496
4,XYt,537,134,0.02471147778986267,0.009885571665736285
4,XYt,538,134,0.025298626193265103,0.009846513514197549
4,XYt,539,133,0.025910455145518187,0.0098725277782894
4,XYt,540,133,0.026305940651967254,0.009966987428428501
4,XYt,541,135,0.026003851345527854,0.009966171706217537
4,XYt,542,138,0.025615511491635597,0.00988127521777148
4,XYt,543,139,0.025852410047445866,0.009968993336534508
4,XYt,544,140,0.025602692402386874,0.009868880904753035
4,XYt,545,139,0.025536230825408682,0.009890887923366528
4,XYt,546,138,0.025085281818976353,0.009920054234891318
4,XYt,547,138,0.02421374769544872,0.009893177765781505
4,XYt,548,138,0.023395484367615196,0.009908157434596662
4,XYt,549,138,0.022679868847464344,0.009881517970984034
4,XYt,550,138,0.02210628221683766,0.009850386039232415
4,XYt,551,137,0.021983129838665107,0.00995728812613133
4,XYt,552,137,0.02160372257240685,0.009901473937627437
4,XYt,553,136,0.02159380177413274,0.009969634431379291
4,XYt,554,136,0.02124214461839168,0.009875738608189496
4,XYt,555,135,0.021254958423566114,0.009932534348106535
4,XYt,556,135,0.020964891937978476,0.009863225259530298
4,XYt,557,134,0.021025858806794435,0.009965796397732301
4,XYt,558,134,0.020846205476374433,0.009982936325410946
4,XYt,559,134,0.020643335181309886,0.009993925827091807
4,XYt,560,135,0.020222034365324874,0.009929627237512726
4,XYt,561,135,0.020032916005691865,0.009971849147990826
4,XYt,562,136,0.019447657840291666,0.009833826553941534
4,XYt,563,135,0.019400912470675928,0.009973695355912067
4,XYt,564,135,0.018882162001313513,0.009971951395201118
4,XYt,565,136,0.018223527596331918,0.009925458533674365
4,XYt,566,137,0.01777233920370786,0.009962841897916418
4,XYt,567,138,0.017377275361148845,0.009968584758360521
4,XYt,568,139,0.016913404556952574,0.009909583378706866
4,XYt,569,140,0.016520165295117288,0.009845780467295855
4,XYt,570,140,0.016502260236817258,0.009972141356971729
4,XYt,571,141,0.016247100076581533,0.009906705284410167
4,XYt,572,142,0.016037062395821953,0.009839111866634092
4,XYt,573,142,0.01606589734837208,0.009867636157813746
4,XYt,574,141,0.016272884371793094,0.009965995630682444
4,XYt,575,140,0.016386570976743543,0.009972132208754099
4,XYt,576,139,0.016468337751003575,0.009948821662942718
4,XYt,577,138,0.016605662394980927,0.009981246668115548
4,XYt,578,138,0.01648288831612013,0.009892711811430336
4,XYt,579,137,0.016591739493082482,0.009940253514203036
4,XYt,580,137,0.01641154102209363,0.00983735768463125
4,XYt,581,136,0.016538335346093544,0.009964668771861956
4,XYt,582,136,0.016417430021962928,0.009966541616245777
4,XYt,583,136,0.016309479564417254,0.009998651544036506
4,XYt,584,137,0.015927072173474634,0.00987750824871876
4,XYt,585,137,0.015719827809702935,0.009893029682551848
4,XYt,586,137,0.015400470092979133,0.00985733173676693
4,XYt,587,136,0.015155221048648786,0.0099611671487104
4,XYt,588,137,0.014671993524746301,0.009939507944419763
4,XYt,589,139,0.01412104266695306,0.009917210563853803
4,XYt,590,141,0.013691004344146841,0.009896688262259366
4,XYt,591,143,0.013309863264538622,0.00986202877134874
4,XYt,592,143,0.013266142947520036,0.009994285045003708
4,XYt,593,143,0.013142577827598593,0.00996497034619855
4,XYt,594,142,0.013182819174847302,0.0099958184220219
4,XYt,595,142,0.013044246635466689,0.009863450503007704
4,XYt,596,141,0.013163144910132386,0.009903877286756964
4,XYt,597,140,0.013363047133702033,0.00998645557136087
4,XYt,598,140,0.013349667790758682,0.00988449840745186
4,XYt,599,139,0.013606252983010582,0.009954470725127977
4,XYt,600,138,0.013867714119249577,0.009993216481454984
4,XYt,601,138,0.013905279511602153,0.00987614233365448
4,XYt,602,137,0.01420981422687885,0.009944800765102445
4,XYt,603,137,0.014346617480318739,0.009941662439810343
4,XYt,604,137,0.014490048079293612,0.009986530801318769
4,XYt,605,138,0.014370191696206415,0.009908879368142134
4,XYt,606,138,0.014429464239640585,0.009957864767666958
4,XYt,607,138,0.01441383825830473,0.00996864558858312
4,XYt,608,138,0.014388883051966254,0.009966962123198331
4,XYt,609,138,0.014290105913463495,0.009928344163755282
4,XYt,610,138,0.014138251179039564,0.009871899946614818
4,XYt,611,138,0.014000538407141116,0.009882293437937586
4,XYt,612,138,0.013888953643425541,0.00994304472026664
4,XYt,613,139,0.013600694787753023,0.009893677869316825
4,XYt,614,140,0.013379639428138152,0.009884883317223621
4,XYt,615,141,0.013170345699904787,0.009872603876385385
4,XYt,616,141,0.013169069717145857,0.009972465306091504
4,XYt,617,142,0.012953725108232308,0.00987300446883379
4,XYt,618,142,0.013021715841701227,0.009937733684545758
4,XYt,619,142,0.013105644188883008,0.009983846890702433
4,XYt,620,143,0.013022091945629703,0.009863111003626121
4,XYt,621,143,0.013103521112952212,0.009846814892371257
4,XYt,622,141,0.013490206113604696,0.009992903945293804
4,XYt,623,139,0.013792063480648169,0.009998945653183069
4,XYt,624,137,0.014305777629266433,0.009949280135205291
4,XYt,625,135,0.014771162693822407,0.009938739101367099
4,XYt,626,134,0.015304282277562,0.00993556753500199
4,XYt,627,134,0.015649734522884456,0.009894651968054209
4,XYt,628,134,0.01599203067064466,0.009935364451147868
4,XYt,629,135,0.016114242350216322,0.009877632660394382
4,XYt,630,135,0.016443882715252742,0.00995573857339331
4,XYt,631,136,0.016471587406748568,0.009870092329432938
4,XYt,632,136,0.01672161026330947,0.009979134059742382
4,XYt,633,137,0.01663112293999508,0.009915287810538277
4,XYt,634,137,0.01667590409823154,0.009956452745050526
4,XYt,635,138,0.01645815154618019,0.009860873497453024
4,XYt,636,138,0.016550662058425574,0.00998391139040681
4,XYt,637,139,0.01635849000419519,0.009970856757439321
4,XYt,638,140,0.01619949781285771,0.009961286205795056
4,XYt,639,141,0.015966447001481435,0.009862145760451963
4,XYt,640,141,0.015977288530962395,0.009874242560925273
4,XYt,641,140,0.016199506564266792,0.009966355316841397
4,XYt,642,140,0.016150026541690784,0.009871026895254226
4,XYt,643,139,0.01640225787980968,0.009931073334209296
4,XYt,644,139,0.016486716111265818,0.009865402941676498
4,XYt,645,138,0.016874533241799352,0.00992133134922399
4,XYt,646,137,0.01730677489291164,0.009940900781069437
4,XYt,647,136,0.017761310317792985,0.009906418187371825
4,XYt,648,135,0.018347457616364443,0.00988001193588177
4,XYt,649,134,0.018908488750843753,0.009891215618699876
4,XYt,650,134,0.01935634275634231,0.009850676948385702
4,XYt,651,134,0.019753219858474835,0.009834960451328959
4,XYt,652,134,0.020098581643995302,0.00984654784888545
4,XYt,653,134,0.020467076373491162,0.009909359725386795
4,XYt,654,135,0.020551165357073395,0.009855004705580303
4,XYt,655,135,0.02107155886688553,0.009980578360095554
4,XYt,656,136,0.021181748349322696,0.009912027531752441
4,XYt,657,137,0.02129984695593107,0.0098413668619506
4,XYt,658,137,0.021665403844757337,0.009911406533588624
4,XYt,659,137,0.022057224337410416,0.00997234422999425
4,XYt,660,137,0.022375870320370677,0.009995525831473303
4,XYt,661,138,0.022309251199434364,0.00985746293578149
4,XYt,662,138,0.02254040207963416,0.009848700885167925
4,XYt,663,137,0.023089137158477012,0.009919751836014368
4,XYt,664,136,0.023583858096006816,0.009893133829230344
4,XYt,665,134,0.024557221386659445,0.009940813869452766
4,XYt,666,132,0.02559024558429098,0.00991603411904222
4,XYt,667,131,0.02636372425688674,0.009875617976382447
4,XYt,668,131,0.02699677981898768,0.009979675024715022
4,XYt,669,133,0.02694998156605638,0.009960375733096978
4,XYt,670,134,0.026876873800488865,0.009910039334247295
4,XYt,671,134,0.026935198879698963,0.009878192765168246
4,XYt,672,133,0.02694857349342495,0.009886867889128565
4,XYt,673,133,0.02633435129703504,0.009930852326336396
4,XYt,674,134,0.02519319469065815,0.009975281390462677
4,XYt,675,134,0.023577672499054958,0.009880416029859507
4,XYt,676,132,0.02168442282643091,0.009923580098872314
4,XYt,677,134,0.019156516978728777,0.00983694582106689
4,XYt,678,139,0.0177757645677961,0.009887457321443298
4,XYt,679,145,0.0164240854925439,0.009919807015030117
4,XYt,680,149,0.015338031720336091,0.009981797195573251
4,XYt,681,151,0.01461573651130844,0.009990690136150773
4,XYt,682,152,0.014030396405559638,0.009876860087436254
4,XYt,683,152,0.013741740859912316,0.009844226990508815
4,XYt,684,151,0.01370460257726304,0.009921857617463368
4,XYt,685,150,0.013725819701895993,0.009965946630515388
4,XYt,686,150,0.013565242996551888,0.009853138436824935
4,XYt,687,149,0.013626183470207977,0.009858859198856424
4,XYt,688,147,0.013880520258136011,0.009995295511053708
4,XYt,689,146,0.013878791940868341,0.009933907094692648
4,XYt,690,145,0.013857429642654667,0.009867519777640369
4,XYt,691,144,0.013893318704060872,0.009849950749004674
4,XYt,692,143,0.013994129107868025,0.00988431381916911
4,XYt,693,142,0.0141476610607021,0.009964863719172542
4,XYt,694,142,0.014080472860456631,0.00991294515180118
4,XYt,695,142,0.014059724555080762,0.009897194152669132
4,XYt,696,142,0.01407617817444308,0.009897400730706283
4,XYt,697,142,0.014121155411222944,0.009922888978984074
4,XYt,698,142,0.014167297462598014,0.009947575050944476
4,XYt,699,142,0.014161606410344243,0.009948457027565633
4,XYt,700,142,0.014129049551723892,0.009935088444893709
4,XYt,701,142,0.014041671194405692,0.009896876415303438
4,XYt,702,141,0.014117025841636485,0.009986794639049258
4,XYt,703,141,0.013880305935109501,0.009869934656899925
4,XYt,704,140,0.013783240787765803,0.009880674554434327
4,XYt,705,139,0.013584826302500104,0.009849604791236841
4,XYt,706,137,0.013532415445338203,0.009959103625656157
4,XYt,707,136,0.013213779661056572,0.009929758021734911
4,XYt,708,135,0.012886291322958925,0.009993468329084685
4,XYt,709,138,0.011675845927364085,0.009876956798189857
4,XYt,710,139,0.012866295197041947,0.009885351811996861
4,XYt,711,138,0.013102584592230317,0.00983041315927213
4,XYt,712,138,0.01315107996711155,0.00990101108368633
4,XYt,713,140,0.012548862150642217,0.009886938991943739
4,XYt,714,143,0.011869574243165005,0.009877240948464896
4,XYt,715,146,0.011308944533715436,0.009883567830228182
4,XYt,716,149,0.010883002143290004,0.009895813059584032
4,XYt,717,151,0.010616603809470548,0.009951816453533139
4,XYt,718,152,0.01045385688008139,0.009846527139088028
4,XYt,719,150,0.010674198283576325,0.009932907131586741
4,XYt,720,148,0.01115324803245985,0.009943824023673201
4,XYt,721,148,0.011591339342245726,0.009882836445797799
4,XYt,722,147,0.012109421576118582,0.009980371352959113
4,XYt,723,145,0.012316777687466937,0.009935339605497744
4,XYt,724,143,0.012342781711978916,0.009839707431938524
4,XYt,725,141,0.012093452637704416,0.009833378524762433
4,XYt,726,140,0.01109542649364316,0.009876696002980146
4,XYt,727,143,0.00965290140516158,0.009863583796845838
4,YZt,26,137,0.03899799515610519,0.00993336950258938
4,YZt,27,138,0.03955537677112973,0.009978985638778432
4,YZt,28,140,0.03947008095720706,0.009941880662753724
4,YZt,29,142,0.03891617814950547,0.009905362666652472
4,YZt,30,142,0.03909698961741228,0.00995478431390263
4,YZt,31,144,0.03933977794710248,0.009953967591653142
4,YZt,32,145,0.039302886204554265,0.009942010977350828
4,YZt,33,145,0.03942546201118394,0.009986428166021093
4,YZt,34,146,0.03894865243366222,0.009864195992697961
4,YZt,35,147,0.03871451548537682,0.009938741801060521
4,YZt,36,147,0.038279918703685474,0.009957925047491094
4,YZt,37,147,0.03726458907900109,0.009919652064773892
4,YZt,38,147,0.03635510413463198,0.009927941402837884
4,YZt,39,147,0.0351514981849072,0.00995289200368493
4,YZt,40,148,0.033936795505766865,0.009920010649217477
4,YZt,41,148,0.03233369691340397,0.009872245356043897
4,YZt,42,148,0.03157422122701685,0.009918667050062946
4,YZt,43,148,0.030338490841285575,0.009928390801425616
4,YZt,44,149,0.029008559029205568,0.009874012594691289
4,YZt,45,149,0.028177830179709405,0.009985326132687272
4,YZt,46,150,0.026696434061747164,0.009856686448622613
4,YZt,47,151,0.025870612787266493,0.009857954897093148
4,YZt,48,152,0.025164719512877846,0.00986967080220419
4,YZt,49,152,0.024360692165870026,0.009870821862212237
4,YZt,50,153,0.02388685380884502,0.009887081196040079
4,YZt,51,154,0.023412398373549394,0.009883255549892504
4,YZt,52,155,0.02331769416844973,0.0099491259521854
4,YZt,53,156,0.022907364950207804,0.00990622054214925
4,YZt,54,157,0.022752430040502945,0.00987731755354542
4,YZt,55,158,0.02250246635712081,0.009851576393236272
4,YZt,56,159,0.02255810835557213,0.009842749597448054
4,YZt,57,159,0.02315734282832739,0.009949197226492066
4,YZt,58,159,0.0233164310449285,0.009927935997576425
4,YZt,59,158,0.02322289912340324,0.009926373753673397
4,YZt,60,157,0.023570074522378467,0.00987276523346884
4,YZt,61,156,0.024233377864075818,0.009866632508498818
4,YZt,62,151,0.024547306050528357,0.009951863674496155
4,YZt,63,144,0.02327364806419171,0.009836444236019301
4,YZt,64,145,0.021533022849918707,0.009863448715381307
4,YZt,65,141,0.01908647305728194,0.009944655454871276
4,YZt,66,135,0.016427820328858325,0.009974593468571146
4,YZt,67,137,0.013953701712877216,0.00988350647637575
4,YZt,68,137,0.012818092103946839,0.009865697759518025
4,YZt,69,136,0.011880075810602629,0.009889490756040923
4,YZt,70,137,0.011080499990785198,0.009933612603397167
4,YZt,71,139,0.01063951480344313,0.009986116876000595
4,YZt,72,142,0.00992565780464273,0.009858052104374704
4,YZt,73,144,0.009560465392605216,0.009865381105845446
4,YZt,74,144,0.009051380728353776,0.009854032366792992
4,YZt,75,145,0.00888807173421214,0.009954981456994418
4,YZt,76,147,0.008528186011246068,0.00989311794383313
4,YZt,77,148,0.00835371095455613,0.009941719502102564
4,YZt,78,149,0.008195109327414987,0.009940443233390104
4,YZt,79,149,0.008004082189449199,0.009961735485324882
4,YZt,80,149,0.007839533375765066,0.009987629861738621
4,YZt,81,150,0.007663761495770579,0.009908474964950703
4,YZt,82,150,0.007579928738558072,0.009976498952020617
4,YZt,83,151,0.007519633630955882,0.00992761901245412
4,YZt,84,150,0.0074704253937597125,0.009945189276460223
4,YZt,85,150,0.007436059972681628,0.00997246930349949
4,YZt,86,150,0.007394571162863279,0.009963904640105532
4,YZt,87,150,0.007396893174574539,0.009993960269001517
4,YZt,88,150,0.007464447411064592,0.009996041904813308
4,YZt,89,150,0.007408834769283169,0.009957426553941126
4,YZt,90,150,0.007352050760847678,0.009956273956694513
4,YZt,91,150,0.007264813659093915,0.009886308896185749
4,YZt,92,150,0.0072938094951787765,0.009927388892674981
4,YZt,93,149,0.0072625235618743855,0.009958153306864235
4,YZt,94,149,0.007257922474334348,0.009975673633031893
4,YZt,95,149,0.007196813127566589,0.009993104555661608
4,YZt,96,149,0.007144894755548064,0.009955669887014355
4,YZt,97,149,0.007114923174814347,0.009924165496778986
4,YZt,98,149,0.007178213912603841,0.009919713117782256
4,YZt,99,149,0.007198355475409781,0.00988689936982737
4,YZt,100,148,0.007219021305003457,0.009973262987861347
4,YZt,101,148,0.007078650108779588,0.009881162567083235
4,YZt,102,147,0.007163452110614562,0.009958130211718694
4,YZt,103,147,0.007209646711557421,0.009915273043067545
4,YZt,0,169,0.10534930347060659,0.009990692745072948
4,YZt,1,120,0.05017174025115113,0.00987039081295147
4,YZt,2,108,0.0412768964529458,0.009879153724493201
4,YZt,3,113,0.03610300317626559,0.009927168034447653
4,YZt,4,141,0.027105542337370975,0.009858974359374757
4,YZt,5,198,0.01851618066280535,0.009916622513506024
4,YZt,6,165,0.022847702200822155,0.00994461883789984
4,YZt,7,154,0.025964178219923098,0.009894267825709456
4,YZt,8,139,0.02807290458094358,0.009907422294206955
4,YZt,9,137,0.027650735647469567,0.009828629189434378
4,YZt,10,130,0.029300031206430984,0.009821322328201692
4,YZt,11,130,0.030924215897778065,0.009893598756387479
4,YZt,12,126,0.03333959158643356,0.009921070097787197
4,YZt,13,127,0.033680120502902866,0.009884922714758866
4,YZt,14,126,0.03514078355425998,0.009958406195203592
4,YZt,15,126,0.036822373751699056,0.009945397015889318
4,YZt,16,127,0.0369233803985903,0.009839097997729416
4,YZt,17,127,0.037605217003239086,0.009853243471965777
4,YZt,18,128,0.03787903592594329,0.009936886167361087
4,YZt,19,130,0.037596025926031486,0.009925073111984104
4,YZt,20,129,0.03884981819854348,0.009940364569776353
4,YZt,21,132,0.038468082022144,0.009949667624110904
4,YZt,22,133,0.03874703827288952,0.00988785537384958
4,YZt,23,133,0.03862518434255158,0.009877625287319423
4,YZt,24,135,0.03923693750150077,0.00995804244967714
4,YZt,25,137,0.039056077659085205,0.00984936226331585
4,YZt,104,147,0.007288405861776303,0.009928490021568284
4,YZt,105,147,0.007273433341580309,0.009914153048017148
4,YZt,106,147,0.007296701125263039,0.009934967684923636
4,YZt,107,147,0.00736045933833539,0.009879866448692544
4,YZt,108,146,0.007438544276939967,0.009948575774408431
4,YZt,109,146,0.007544706721090936,0.009965579083119616
4,YZt,110,146,0.007586049180172262,0.009872520246099017
4,YZt,111,146,0.007677252176768918,0.009833643587122019
4,YZt,112,147,0.007861457877247818,0.009905654437788295
4,YZt,113,149,0.00814087818094614,0.009987104449493809
4,YZt,114,150,0.008318592145246873,0.009980627979721126
4,YZt,115,150,0.008389138165609825,0.009906881407747824
4,YZt,116,149,0.008373232529336692,0.00984248906418048
4,YZt,117,148,0.008430696701953075,0.009942859908154442
4,YZt,118,148,0.008393555838904958,0.009989701305582795
4,YZt,119,149,0.008254627341847594,0.009974066216683886
4,YZt,120,150,0.008043607782432108,0.009943015267752951
4,YZt,121,150,0.007815014507656771,0.009913346511364819
4,YZt,122,149,0.007590601319517234,0.009895545401604266
4,YZt,123,148,0.0074530381364302425,0.00991503529149293
4,YZt,124,148,0.007359308808543209,0.009898307237417164
4,YZt,125,148,0.007334055335159745,0.00992551800622953
4,YZt,126,148,0.0073438347462044485,0.009988146036041945
4,YZt,127,149,0.007321539231872475,0.00994861969728126
4,YZt,128,150,0.007327751301706412,0.009910978332343117
4,YZt,129,151,0.00736216702276864,0.009884265810139108
4,YZt,130,151,0.007448261067632243,0.009912157465417445
4,YZt,131,150,0.007565429253371488,0.009984515747749827
4,YZt,132,150,0.0076268917271695305,0.009964566680726632
4,YZt,133,150,0.0076296094335945785,0.009846335610325892
4,YZt,134,150,0.007851824992587911,0.00999736667017352
4,YZt,135,151,0.007814106031290236,0.009840610606032708
4,YZt,136,150,0.00797616149362012,0.009961113276258772
4,YZt,137,151,0.007956667575412354,0.009838630884719212
4,YZt,138,151,0.008066562644328269,0.009855609578081998
4,YZt,139,150,0.008225906134114166,0.009973461687328763
4,YZt,140,149,0.008213342194557981,0.0099763076131952
4,YZt,141,149,0.008191682593002868,0.009988735094569537
4,YZt,142,150,0.008070786458171712,0.009834393129214806
4,YZt,143,149,0.008188520769858511,0.009976102054344016
4,YZt,144,149,0.008101428923622684,0.009907899317629625
4,YZt,145,149,0.008060493884421385,0.009907646300766937
4,YZt,146,149,0.008062237718288597,0.009905293785740461
4,YZt,147,148,0.008151465388300803,0.009952061645752224
4,YZt,148,148,0.008164647580645949,0.009863503509869271
4,YZt,149,147,0.00832004815115367,0.009942589661480788
4,YZt,150,147,0.008364972799605835,0.009894128746697614
4,YZt,151,146,0.008507361051887248,0.009992999072700681
4,YZt,152,146,0.008569574333721897,0.0099371955279962
4,YZt,153,146,0.00866766176388311,0.009939037605883235
4,YZt,154,146,0.008856940826508616,0.00994505245127492
4,YZt,155,147,0.008952492532661081,0.009834193568725733
4,YZt,156,146,0.009160972593812728,0.00991228778407896
4,YZt,157,146,0.009263083533480675,0.009949321281094553
4,YZt,158,147,0.009223128076474449,0.009844818820094166
4,YZt,159,148,0.009276851544414608,0.009855577686297443
4,YZt,160,149,0.009329745028807812,0.009872070633809887
4,YZt,161,149,0.009301647218407282,0.009996410019314318
4,YZt,162,150,0.008999737688366224,0.009904885908052335
4,YZt,163,150,0.008866109335233817,0.009925579409337918
4,YZt,164,150,0.00869497088377239,0.009906568005085402
4,YZt,165,151,0.008457289536540128,0.00985508412832826
4,YZt,166,151,0.00832247527117584,0.009945776254416283
4,YZt,167,152,0.008108067202713194,0.009836193667718625
4,YZt,168,152,0.007945134299373751,0.009889990735958686
4,YZt,169,152,0.007899156166685106,0.009902888070916438
4,YZt,170,153,0.007865924080753487,0.0099035317420342
4,YZt,171,153,0.007858520009698921,0.00997095939925037
4,YZt,172,154,0.0077729088182583415,0.00996010734711403
4,YZt,173,154,0.007724540831896477,0.009891017747201369
4,YZt,174,153,0.007863033571172658,0.009966264088860406
4,YZt,175,153,0.007989558102378874,0.009981033146225136
4,YZt,176,153,0.00807828456681549,0.009889657418822057
4,YZt,177,152,0.008124035889770913,0.009845376742642808
4,YZt,178,151,0.008363187813617385,0.00986192017623485
4,YZt,179,149,0.008606976015473713,0.009862601888100593
4,YZt,180,147,0.00904450523269228,0.009930021051846602
4,YZt,181,145,0.009529139523457813,0.009951779323678927
4,YZt,182,142,0.0100455889899578,0.009974600001400774
4,YZt,183,139,0.0106593591108163,0.009944337846337201
4,YZt,184,135,0.01130306405150524,0.009896832107868658
4,YZt,185,133,0.012301201411281663,0.009857961118387878
4,YZt,186,136,0.013717877860267246,0.009945829439151052
4,YZt,187,131,0.015907978649326426,0.00995775067382079
4,YZt,188,133,0.019181304454450064,0.009950829075809332
4,YZt,189,142,0.02399102610678817,0.009995632361500695
4,YZt,190,141,0.028323696020396118,0.009950487395802577
4,YZt,191,146,0.03174715619473159,0.009951312107346563
4,YZt,192,156,0.03363216903436025,0.00991458954025005
4,YZt,193,159,0.03453823567626246,0.009987730028503589
4,YZt,194,161,0.03440178721794896,0.009953083407539073
4,YZt,195,163,0.03466372172002709,0.009901381879576026
4,YZt,196,164,0.03523513971587874,0.009872916648930209
4,YZt,197,164,0.035798249931449415,0.009901103532321851
4,YZt,198,163,0.03624618485589747,0.009939927666905123
4,YZt,199,162,0.03647378782426515,0.009921483491596734
4,YZt,200,161,0.036840612275729434,0.009926831718163517
4,YZt,201,160,0.037888878797676634,0.009937526479209936
4,YZt,202,159,0.038065055035826606,0.009871330165487049
4,YZt,203,157,0.03843342646747188,0.009972130671237707
4,YZt,204,156,0.03886024176970028,0.009924440879865833
4,YZt,205,155,0.03948963481762957,0.009936140113442201
4,YZt,206,154,0.03945367512082762,0.00984389484950343
4,YZt,207,153,0.039453294157407295,0.009855166195235781
4,YZt,208,151,0.04012980402828876,0.009973204568696223
4,YZt,209,150,0.040531952847106624,0.009988466089089194
4,YZt,210,149,0.04051674738370415,0.009960129667990564
4,YZt,211,149,0.040398272813796335,0.009924330418563684
4,YZt,212,148,0.04031923401439637,0.009898560492995428
4,YZt,213,147,0.040189074079293785,0.009858998853167026
4,YZt,214,146,0.0408500155953434,0.009952655150761719
4,YZt,215,145,0.040863439582736825,0.009940252357367618
4,YZt,216,144,0.040782134298749245,0.009928171509810685
4,YZt,217,143,0.040906221310937865,0.0099448855605428
4,YZt,218,142,0.04057341048320661,0.009988662183671436
4,YZt,219,142,0.04064627182119397,0.009957928896765042
4,YZt,220,141,0.04016865023915241,0.009881200195038613
4,YZt,221,140,0.040458394519170285,0.009919005575369707
4,YZt,222,139,0.040787023666302824,0.00999389545060968
4,YZt,223,139,0.04037168254249105,0.009884677253147126
4,YZt,224,138,0.04042587688718383,0.009890497666534196
4,YZt,225,135,0.041237574635311386,0.009984303063592216
4,YZt,226,135,0.04079718608036507,0.009870184989997706
4,YZt,227,134,0.04105003774802556,0.009944147045071074
4,YZt,228,133,0.04084638103878515,0.00991986652146782
4,YZt,229,131,0.040873900346562325,0.009972740662256728
4,YZt,230,131,0.04053622989515765,0.009943292056258367
4,YZt,231,129,0.041037010555225316,0.00994615355156819
4,YZt,232,128,0.04098778338043512,0.009947323120328389
4,YZt,233,127,0.04033713876693885,0.009934268560019333
4,XZt,26,131,0.03972298113093848,0.009896763942197044
4,XZt,27,131,0.04058456462998412,0.009983184285682624
4,XZt,28,131,0.040407342828924615,0.009944502819026304
4,XZt,29,132,0.03998470935972011,0.00994297093461628
4,XZt,30,131,0.04022266531672873,0.009973405959637726
4,XZt,31,132,0.04052590824475196,0.009977796731775634
4,XZt,32,132,0.04049082411915115,0.009957927741983013
4,XZt,33,132,0.04028240632171101,0.009907607999486102
4,XZt,34,132,0.040251365059307424,0.009883418827354442
4,XZt,35,134,0.039613484350584705,0.009839435754539685
4,XZt,36,134,0.039521497267786,0.00984249023250649
4,XZt,37,134,0.0394286199590037,0.00983656542617317
4,XZt,38,133,0.040065163779144035,0.00998346303205682
4,XZt,39,133,0.03951828987341447,0.00991068014298364
4,XZt,40,134,0.03948620792058801,0.009900452347260636
4,XZt,41,134,0.03920818211178595,0.009884458542879275
4,XZt,42,134,0.039585101775945895,0.009883133380906172
4,XZt,43,134,0.03973854991634982,0.009967906603132157
4,XZt,44,135,0.039514514679919725,0.009946576307778055
4,XZt,45,136,0.038868736599714244,0.00986832734074717
4,XZt,46,136,0.038410015459092624,0.009838504655212176
4,XZt,47,137,0.03821323442363403,0.009852542827498055
4,XZt,48,137,0.03854002239556812,0.009995669558543047
4,XZt,49,137,0.03812644309180755,0.009928048735277447
4,XZt,50,138,0.03781725714578361,0.00989289477067833
4,XZt,51,138,0.03760999392244525,0.009946009802655658
4,YZt,234,127,0.04042736904452097,0.00985701776973568
4,YZt,235,126,0.04033827515610286,0.009926613550531437
4,YZt,236,123,0.039731318654923416,0.00987882392180664
4,YZt,237,124,0.03976677958538695,0.009871431124060791
4,YZt,238,124,0.039417923644793254,0.009936626559296143
4,YZt,239,121,0.039845594308529624,0.009968135787538187
4,YZt,240,123,0.03855572369893372,0.009963047499515086
4,YZt,241,121,0.038685197562557554,0.009947262622121174
4,YZt,242,120,0.03884831482324263,0.009995676077598069
4,YZt,243,121,0.03791681915721784,0.009930749424380728
4,YZt,244,122,0.03716216926146954,0.009863045325313409
4,YZt,245,123,0.03526113399976467,0.009846017555350467
4,YZt,246,123,0.034524118464312595,0.009995134598067602
4,YZt,247,123,0.03393823768540298,0.009930386595774086
4,YZt,248,127,0.03162769684258224,0.009970877900969954
4,YZt,249,127,0.030108612573055114,0.009977705685238456
4,YZt,250,134,0.02828818712788456,0.009961047859318667
4,YZt,251,137,0.02844561815233452,0.009922357743453488
4,YZt,252,153,0.026285135961926567,0.00987943695801252
4,YZt,253,164,0.023080516595672992,0.009892288380693151
4,YZt,254,197,0.01879990967292511,0.009890129098028718
4,YZt,255,140,0.027916949078371462,0.009986714882029894
4,YZt,256,113,0.03648624204852026,0.009900702837902928
4,YZt,257,107,0.042511732037646084,0.009982498521117562
4,YZt,258,119,0.050702722342888286,0.009836476969198394
4,YZt,259,167,0.10847420897582237,0.009998720778537511
4,XZt,0,168,0.1096669158069163,0.009908332990526278
4,XZt,1,117,0.050821227991115214,0.009946673805065129
4,XZt,2,105,0.0423209523078673,0.009913170580223129
4,XZt,3,112,0.03666858218489747,0.009933095138817244
4,XZt,4,142,0.027240849616526855,0.009943343326820956
4,XZt,5,199,0.018810476459675755,0.00996659599778522
4,XZt,6,166,0.02281299514983044,0.009891344043167188
4,XZt,7,154,0.02683442615169931,0.009951845957032216
4,XZt,8,138,0.028620556082613605,0.009925990298350361
4,XZt,9,136,0.028055933084288345,0.009869315049351702
4,XZt,10,129,0.030656601850284713,0.009991491119987199
4,XZt,11,130,0.032171958372331694,0.009969495019635361
4,XZt,12,127,0.03424075374283089,0.009959437312687327
4,XZt,13,129,0.03416336924417142,0.009859131040836825
4,XZt,14,129,0.0354807929763181,0.009915215441989825
4,XZt,15,129,0.03674605425020709,0.009859916354569027
4,XZt,16,129,0.03722285325405884,0.009866676407666072
4,XZt,17,128,0.03829419870880114,0.009991135484644656
4,XZt,18,129,0.0381566052188957,0.00994305111962326
4,XZt,19,131,0.03760813503615001,0.009851603239912613
4,XZt,20,129,0.03889863136217023,0.009902737500798686
4,XZt,21,131,0.038687298893146246,0.009871239301887845
4,XZt,22,130,0.03922338885673473,0.009899562609015191
4,XZt,23,130,0.039190653072613005,0.009875757005574972
4,XZt,24,131,0.03999133778611854,0.009968661046014165
4,XZt,25,131,0.040018639436177235,0.009896294128520557
4,XZt,52,139,0.03719802179868482,0.009929520385370207
4,XZt,53,140,0.03667148074887299,0.009838849055357276
4,XZt,54,141,0.036506358472610856,0.009877461137962187
4,XZt,55,141,0.03606532296680344,0.009922523854187234
4,XZt,56,142,0.03528416235954027,0.009871458693337986
4,XZt,57,143,0.03508152825639066,0.009870020328544385
4,XZt,58,144,0.03468653065550249,0.009896038103599904
4,XZt,59,144,0.03374976818718331,0.009932196361094393
4,XZt,60,145,0.03342895121304547,0.009951563243666374
4,XZt,61,146,0.032859766874864034,0.009990592991681311
4,XZt,62,148,0.03160591203751499,0.009866474003685078
4,XZt,63,149,0.03090872660153187,0.00986361037767569
4,XZt,64,150,0.030319173595583282,0.009953440787579178
4,XZt,65,151,0.02923665880320356,0.009875514033122324
4,XZt,66,151,0.028584354128554316,0.009981116481751028
4,XZt,67,152,0.02697295865377631,0.009899885525873318
4,XZt,68,153,0.025407103689365912,0.009885802138551506
4,XZt,69,153,0.02372888213117925,0.009894146567515853
4,XZt,70,154,0.021573932007314292,0.00984715503144376
4,XZt,71,154,0.020103711604741035,0.009895746436277386
4,XZt,72,154,0.01867470011524937,0.009900411695167644
4,XZt,73,154,0.017371764278878127,0.009946429096624661
4,XZt,74,154,0.015938079950374724,0.00987646492956588
4,XZt,75,154,0.015181980814693043,0.009909881833144257
4,XZt,76,154,0.014258936782264451,0.00991358932987804
4,XZt,77,154,0.01355998493142436,0.009920154002086998
4,XZt,78,154,0.01298536638690793,0.009958825352143007
4,XZt,79,154,0.012379911023019816,0.00996485133313091
4,XZt,80,154,0.011856855898512838,0.00994862123843117
4,XZt,81,154,0.011457050032243512,0.00992904440069365
4,XZt,82,154,0.011020718585505058,0.009913039499826259
4,XZt,83,154,0.010844143390158248,0.009979193058767061
4,XZt,84,154,0.010489924247515742,0.009931465007054753
4,XZt,85,154,0.010211643381556713,0.009926090314812232
4,XZt,86,154,0.010016148542679508,0.009943803979040215
4,XZt,87,154,0.009853803376470875,0.009966668685518138
4,XZt,88,154,0.009721483870746372,0.009984903481577429
4,XZt,89,154,0.009554086079853795,0.009993264120497327
4,XZt,90,154,0.00930618869394216,0.009944626546747137
4,XZt,91,154,0.00914332297535563,0.009975161424480992
4,XZt,92,155,0.00892269795854454,0.009859683488357552
4,XZt,93,154,0.008835410347010563,0.00996227300880641
4,XZt,94,154,0.008656475519002402,0.00994944687517229
4,XZt,95,154,0.008449490234757098,0.009920094883769163
4,XZt,96,154,0.008266490583971215,0.009905867649722006
4,XZt,97,154,0.008079097143229807,0.009880527913173821
4,XZt,98,154,0.007989329969576076,0.009918915148507722
4,XZt,99,154,0.007881181117702219,0.009938666595040887
4,XZt,100,154,0.0076810088041478625,0.009893789370206806
4,XZt,101,154,0.0075117849191685595,0.009884396496532052
4,XZt,102,153,0.007490975281234902,0.009988402002549576
4,XZt,103,153,0.00740276850671602,0.00998461441016189
4,XZt,104,153,0.007314886839475595,0.009983653849811668
4,XZt,105,152,0.007190910504149504,0.009976898523276384
4,XZt,106,152,0.007026436536396176,0.009919517978683491
4,XZt,107,152,0.00697746083564001,0.009919640858801163
4,XZt,108,152,0.006900573714647204,0.009919097160710141
4,XZt,109,152,0.0068561489055762965,0.009891976453155751
4,XZt,110,151,0.006858405897734749,0.009977193581008926
4,XZt,111,151,0.00670217911686499,0.009838766462756216
4,XZt,112,150,0.00673533524091192,0.009972704532763313
4,XZt,113,150,0.006658795156184696,0.009935292151676553
4,XZt,114,150,0.006666678465982204,0.009994116751907249
4,XZt,115,150,0.006638300516194103,0.009972284421703476
4,XZt,116,151,0.006533909511397148,0.009859222016027003
4,XZt,117,150,0.006521175545738743,0.009872224389539089
4,XZt,118,149,0.006523133422285839,0.00993298477375613
4,XZt,119,149,0.006490358261940703,0.009912184921420346
4,XZt,120,149,0.0065020047226547065,0.009957283737676521
4,XZt,121,149,0.006438386007750418,0.009878577920633605
4,XZt,122,149,0.0064160621443431175,0.009898373843487743
4,XZt,123,148,0.006425611583258746,0.00994611694011205
4,XZt,124,149,0.006339980152019469,0.009830752072264293
4,XZt,125,148,0.00636375971985642,0.00990787262349487
4,XZt,126,148,0.006344826460789895,0.00991039509496216
4,XZt,127,148,0.006334024514713157,0.009920137000776782
4,XZt,128,148,0.006307432883815381,0.00985710487578511
4,XZt,129,148,0.0063943045317536905,0.009990517408640558
4,XZt,130,148,0.006387453488015724,0.009970207437004075
4,XZt,131,148,0.006323771620979,0.009883431237882573
4,XZt,132,148,0.006332260084038465,0.009903756610657706
4,XZt,133,148,0.006336295190036962,0.009874416701272334
4,XZt,134,149,0.006337712748565708,0.009833245211287063
4,XZt,135,149,0.006391081430905732,0.009845469791547792
4,XZt,136,148,0.0064518772411925294,0.009898563590882875
4,XZt,137,148,0.0065302596271320885,0.009959754439711612
4,XZt,138,148,0.006618095686074607,0.009999327230806973
4,XZt,139,149,0.006612162718846446,0.009941771166327874
4,XZt,140,149,0.006649093548535986,0.009923523550293838
4,XZt,141,149,0.006679977507118709,0.009904689702839852
4,XZt,142,150,0.006724580107458966,0.009857800141123188
4,XZt,143,150,0.00685760856486393,0.009964094293657584
4,XZt,144,150,0.0068956300240104774,0.009931052414708702
4,XZt,145,150,0.006883560123213978,0.009849437372889932
4,XZt,146,150,0.00692929651188728,0.009850890805494223
4,XZt,147,150,0.006995379448194682,0.009845556221123628
4,XZt,148,150,0.007127297894111511,0.009901763578108833
4,XZt,149,150,0.007307155712317993,0.009982229347571314
4,XZt,150,151,0.007325738131413202,0.00984978956299409
4,XZt,151,151,0.0074133177665649625,0.009841817253757074
4,XZt,152,151,0.007555544393142244,0.009842489453622498
4,XZt,153,151,0.0077073104132328535,0.00988508480139173
4,XZt,154,151,0.007973519844804338,0.009924720889896047
4,XZt,155,152,0.008155599935902088,0.009858221631580233
4,XZt,156,152,0.008319917650860868,0.009842531513269836
4,XZt,157,151,0.008620304237305261,0.00999627504557127
4,XZt,158,151,0.008732610451652925,0.009920639686302787
4,XZt,159,151,0.008969485184911946,0.00990855272119837
4,XZt,160,151,0.009232174255262212,0.009975857683544908
4,XZt,161,151,0.009312293345608565,0.009914534641486289
4,XZt,162,151,0.009399668879353236,0.009846183396803135
4,XZt,163,150,0.009699084318937281,0.009953036038316312
4,XZt,164,150,0.009818434431006643,0.009895970707133703
4,XZt,165,150,0.010017440615375612,0.009883905928886095
4,XZt,166,149,0.010248219194201864,0.009980119482085275
4,XZt,167,149,0.010390156708122277,0.009952404427135799
4,XZt,168,149,0.010416389944966228,0.009885645492068206
4,XZt,169,149,0.010603672560006334,0.009841178115014565
4,XZt,170,148,0.010963658303207013,0.00992850430609861
4,XZt,171,148,0.011168880008081451,0.009897093147064967
4,XZt,172,147,0.011438114323411571,0.009959468871897042
4,XZt,173,147,0.011661722487655141,0.009961704702858792
4,XZt,174,147,0.011779539935828906,0.009900778719443384
4,XZt,175,146,0.012119303126785101,0.009997028114423857
4,XZt,176,147,0.012128012810360179,0.009861233752822073
4,XZt,177,146,0.012260829896251779,0.009948826594521478
4,XZt,178,146,0.012387698319757683,0.009942923131708303
4,XZt,179,146,0.012413581328952846,0.009935698781135658
4,XZt,180,146,0.012413790210276393,0.009847814800792958
4,XZt,181,145,0.012749889543058097,0.009999925213464692
4,XZt,182,145,0.012742950527201067,0.009952883530994642
4,XZt,183,145,0.012775844056722772,0.009926447508235316
4,XZt,184,145,0.013004069366118896,0.009940268167440015
4,XZt,185,145,0.013055494626132855,0.009933252966441796
4,XZt,186,145,0.013486871735188866,0.009993761593546917
4,XZt,187,145,0.013607351306614085,0.009933974542466072
4,XZt,188,146,0.01384599008995096,0.009866211377359475
4,XZt,189,146,0.014121663444417832,0.009863083799644328
4,XZt,190,146,0.014656414419314128,0.009872274087848536
4,XZt,191,146,0.015272885005120987,0.009894368162835517
4,XZt,192,145,0.01599652941213594,0.009960327859786542
4,XZt,193,146,0.016569586204725918,0.009852901909148884
4,XZt,194,145,0.017293771915692455,0.009968698343696855
4,XZt,195,146,0.01769156403561891,0.009891308003880273
4,XZt,196,146,0.018176083073494192,0.009925653169802373
4,XZt,197,146,0.018544847748195554,0.009977662658737717
4,XZt,198,146,0.018616379657144598,0.009919825948935378
4,XZt,199,146,0.01855985554376336,0.009861813678791425
4,XZt,200,145,0.018802227982685257,0.009962256848895542
4,XZt,201,145,0.018958243072209852,0.009945432859173764
4,XZt,202,144,0.018988246810445555,0.009968931354926469
4,XZt,203,144,0.018851875016697963,0.009909450548893386
4,XZt,204,143,0.018982627795017602,0.009948262144048951
4,XZt,205,143,0.019021369446165302,0.00991119645739907
4,XZt,206,142,0.019036848582319316,0.009931388588063283
4,XZt,207,142,0.019100269368129953,0.009936924355790973
4,XZt,208,142,0.018974643403700184,0.009853835926994499
4,XZt,209,141,0.019373532369839148,0.00998949372007442
4,XZt,210,141,0.01925862060768622,0.00986956594188836
4,XZt,211,141,0.01961497616207954,0.009912889857254376
4,XZt,212,140,0.02003735287143514,0.009982522327843617
4,XZt,213,139,0.0204845643168386,0.00998632952152848
4,XZt,214,140,0.02098561389671446,0.009866034994216658
4,XZt,215,139,0.022010149994877923,0.009934946850786726
4,XZt,216,139,0.023097859407611675,0.009877830567192124
4,XZt,217,139,0.024625292279143264,0.009836731816653095
4,XZt,218,138,0.026771702230623484,0.009982924345755947
4,XZt,219,139,0.028729823873611976,0.009841589801460424
4,XZt,220,138,0.03098147366230204,0.009842917051662433
4,XZt,221,138,0.03337192632940772,0.009872098589575133
4,XZt,222,138,0.035488834232854614,0.009952001176350504
4,XZt,223,139,0.036691698422275154,0.009892613859811156
4,XZt,224,139,0.037869121983987036,0.00993190073845289
4,XZt,225,138,0.03877415983947919,0.009915537462513066
4,XZt,226,138,0.03895950494074948,0.009884185148238963
4,XZt,227,138,0.03906496324774827,0.009862777166717391
4,XZt,228,137,0.039540093983683335,0.009972370136558995
4,XZt,229,136,0.0391903099362958,0.009930581907288405
4,XZt,230,136,0.0392930100607071,0.009968576837330769
4,XZt,231,135,0.03972886705664491,0.00996311867422958
4,XZt,232,135,0.03931148648880754,0.009871892413945402
4,XZt,233,134,0.0392219236034661,0.009959043199011988
4,XZt,234,134,0.03915630279583582,0.009863965170490019
4,XZt,235,134,0.03884321727302933,0.009838416215672963
4,XZt,236,132,0.03857074771636812,0.009897373930799383
4,XZt,237,132,0.03866058220783276,0.009911973005510666
4,XZt,238,133,0.03809143733108781,0.009896074512994131
4,XZt,239,131,0.03813358869726262,0.009895853730568185
4,XZt,240,132,0.037355686225224595,0.009982484313850768
4,XZt,241,131,0.03721384390101352,0.009912805948157138
4,XZt,242,131,0.03689953381566636,0.009852922527741288
4,XZt,243,131,0.03619068454024931,0.00983355471406822
4,XZt,244,131,0.03564648340186733,0.009837395791854872
4,XZt,245,131,0.034102899785011034,0.00987022343649807
4,XZt,246,131,0.03331247838588643,0.009929469429463801
4,XZt,247,130,0.032655295032577566,0.009857452125733083
4,XZt,248,133,0.03110255644918696,0.00992264360671212
4,XZt,249,132,0.030105509171085124,0.009932060128777016
4,XZt,250,138,0.028594811115091313,0.009927204329668557
4,XZt,251,141,0.02855055007813158,0.009864849959624012
4,XZt,252,156,0.02678910934605742,0.009856388561212723
4,XZt,253,167,0.022961688802362937,0.00987780301569904
4,XZt,254,200,0.018698469669916822,0.009929723820360259
4,XZt,255,144,0.027025629922092058,0.00985506934843343
4,XZt,256,117,0.035667416239962196,0.009919378480855955
4,XZt,257,112,0.04106827426695242,0.009856598561106336
4,XZt,258,123,0.05040509743306016,0.009897885517649111
4,XZt,259,171,0.10607026531583844,0.00985917963879927
5,XYt,73,106,0.020784565931152507,0.009886574245368448
5,XYt,74,106,0.0204294425166925,0.009848047558428335
5,XYt,75,105,0.020430185329519245,0.00997739481459806
5,XYt,76,105,0.020136462049053852,0.009947973163835243
5,XYt,77,105,0.019809652203369887,0.009913597449502628
5,XYt,78,106,0.019364927237949744,0.009848771718657232
5,XYt,79,106,0.019104265441245882,0.00993990530066333
5,XYt,80,107,0.01864000382325169,0.00995161801519367
5,XYt,81,108,0.018299304367924634,0.009984696103436847
5,XYt,82,110,0.017705175525714986,0.009842480262786744
5,XYt,83,111,0.01741381929068785,0.009834690903352657
5,XYt,84,111,0.017351049803056913,0.0099279101294987
5,XYt,85,112,0.017051824010962516,0.00987928789283552
5,XYt,86,113,0.01673866371621982,0.009835646837716271
5,XYt,87,113,0.016683864716730085,0.009971362652165717
5,XYt,88,114,0.01632441941579743,0.009908327497197042
5,XYt,89,115,0.01604686589002217,0.0098779662280711
5,XYt,90,115,0.015991411405101474,0.009966768293772639
5,XYt,91,116,0.015609582734497373,0.009842303610140253
5,XYt,92,116,0.015466189909151612,0.00984768137136004
5,XYt,93,116,0.015358366842501896,0.009881777009781318
5,XYt,94,116,0.015293973387152708,0.009923718533376551
5,XYt,95,116,0.015227495283019312,0.009963871710033757
5,XYt,96,117,0.014919527044605542,0.00985655158374085
5,XYt,97,117,0.014815767343400536,0.009886122635725615
5,XYt,98,117,0.014794849105342024,0.009955995681091552
5,XYt,99,117,0.014735383487312582,0.009988466165839295
5,XYt,100,117,0.01464953722363664,0.009988351193527735
5,XYt,101,117,0.014584521624529004,0.00998709823188613
5,XYt,102,118,0.01430499748378606,0.009840013381416853
5,XYt,103,118,0.014309941059780111,0.00988033944880235
5,XYt,104,118,0.01433727668248494,0.009936846975850145
5,XYt,105,118,0.014323631099876026,0.00996015753053177
5,XYt,106,119,0.014100904079054436,0.009836021656484195
5,XYt,107,119,0.014111860634975399,0.009869796555439705
5,XYt,108,119,0.014145197415881808,0.009897551459466695
5,XYt,109,119,0.014126226856858581,0.00987507022423618
5,XYt,110,118,0.014327547387237965,0.009980305217306635
5,XYt,111,118,0.014272916428051684,0.009888451569625248
5,XYt,112,117,0.014427628722515632,0.009933541911839233
5,XYt,113,117,0.014406463977855312,0.009848638224348871
5,XYt,114,116,0.014650935138467804,0.009938130571757742
5,XYt,115,116,0.014638261567176384,0.009837625523073547
5,XYt,116,115,0.01487716241782853,0.009898832561264111
5,XYt,117,115,0.01492678278363739,0.009844765011795648
5,XYt,118,114,0.015200743056520772,0.009926246786421324
5,XYt,119,114,0.01529566586662267,0.009881398495875254
5,XYt,120,114,0.015399529910939952,0.00987385614937441
5,XYt,121,114,0.015599234562940814,0.009924131121635612
5,XYt,122,114,0.015742368390480273,0.009970350298817016
5,XYt,123,115,0.0156120012980636,0.009859915110557133
5,XYt,124,115,0.015784168305945947,0.009931200857296756
5,XYt,125,115,0.015996913657040333,0.009995344367343775
5,XYt,126,116,0.01591714088501231,0.009847680281497252
5,XYt,127,115,0.01632525081621716,0.009953152573901699
5,XYt,128,115,0.01647853560831743,0.009888351172463502
5,XYt,129,115,0.016761136759405302,0.009858714954716024
5,XYt,130,114,0.017202579110855945,0.009956752412390107
5,XYt,131,114,0.017346649571231238,0.009890212424391902
5,XYt,132,113,0.017742085085871762,0.00995988490530091
5,XYt,133,113,0.017850458012360935,0.009857041024015266
5,XYt,134,112,0.018220496116677063,0.0098819773936267
5,XYt,135,111,0.018612724193410722,0.009886587272263566
5,XYt,136,110,0.01906135522027379,0.009886779959749186
5,XYt,137,109,0.019558807130034717,0.009950385236209903
5,XYt,138,109,0.019634354370475806,0.009866133986729999
5,XYt,139,109,0.019754880331390934,0.00984348777653237
5,XYt,140,109,0.019916539166434988,0.00987439690392884
5,XYt,141,109,0.02007868272824456,0.009926639267531694
5,XYt,142,109,0.020103198074012917,0.009947433711641467
5,XYt,143,110,0.019939312503489372,0.009879624663643616
5,XYt,144,110,0.020072528323417885,0.009964108142457082
5,XYt,145,111,0.01993549915340123,0.009911380003593845
5,XYt,0,167,0.0025682183409043934,0.009834168155654023
5,XYt,1,170,0.0027322423515455654,0.009990048781024228
5,XYt,2,165,0.002672740026276781,0.009980196603332986
5,XYt,3,148,0.0026769829626641633,0.009911056223649963
5,XYt,4,125,0.002725710938686079,0.009880432323624875
5,XYt,5,104,0.002559708280787056,0.009960777105578987
5,XYt,6,108,0.002562596138471989,0.009917631539176176
5,XYt,7,128,0.002423466008518027,0.009890660591914324
5,XYt,8,141,0.0024163285266044655,0.009952120574178753
5,XYt,9,149,0.0025243219432745873,0.009844660898521936
5,XYt,10,156,0.0027143658804811197,0.009954187701237367
5,XYt,11,164,0.002778670238467035,0.009953105127985343
5,XYt,12,173,0.0027088874097165924,0.009847057405180402
5,XYt,13,180,0.002729664042387794,0.009954995780520046
5,XYt,14,185,0.002776357446732301,0.009942181694599386
5,XYt,15,187,0.0028017749421673263,0.009945163376175221
5,XYt,16,188,0.002663059653654708,0.009872132602316099
5,XYt,17,188,0.00267444313300375,0.009827593240214995
5,XYt,18,186,0.002824139393960518,0.009953921381885033
5,XYt,19,183,0.002909077560232024,0.009879412825281169
5,XYt,20,179,0.003002967545524898,0.009901086420872337
5,XYt,21,175,0.003047160680901714,0.009835221261974118
5,XYt,22,169,0.003102227827990573,0.009861826349715407
5,XYt,23,160,0.00318090479883322,0.009996083625137877
5,XYt,24,150,0.0031678783029976156,0.009885951648325394
5,XYt,25,137,0.0031805672435184533,0.009923201557164661
5,XYt,26,123,0.003112996839476789,0.009893749465585145
5,XYt,27,109,0.0030160733399519925,0.009843017834360519
5,XYt,28,98,0.002894876256122756,0.009839683980872971
5,XYt,29,97,0.002819258240448641,0.009947879840698372
5,XYt,30,108,0.002907965522659081,0.00996139125498218
5,XYt,31,121,0.003115086135616156,0.009933520302965675
5,XYt,32,130,0.0033113699752632037,0.009836672508706484
5,XYt,33,133,0.0036125615928593166,0.009849097001293616
5,XYt,34,131,0.004025289989107106,0.00997332624928187
5,XYt,35,126,0.004404197969013237,0.009869406707426484
5,XYt,36,116,0.004862731408982989,0.00993556807511309
5,XYt,37,104,0.0051707437468207496,0.009951946406931972
5,XYt,38,101,0.005844508934415769,0.00981714511725859
5,XYt,39,114,0.007276652926384926,0.009877762503223152
5,XYt,40,126,0.009294627715974831,0.009909352685369835
5,XYt,41,124,0.011908301095279012,0.009930438936548774
5,XYt,42,107,0.015641089997755465,0.009839182769155925
5,XYt,43,84,0.01974455966157054,0.009841701658794721
5,XYt,44,89,0.023059360546089272,0.009832957762573612
5,XYt,45,104,0.027217210344153718,0.009991066120850161
5,XYt,46,110,0.029985051960343297,0.009950166814557713
5,XYt,47,108,0.0307645482928607,0.009852856859319501
5,XYt,48,103,0.029753025085468576,0.009845533017582278
5,XYt,49,99,0.028534640073632704,0.009895333671654105
5,XYt,50,96,0.027570774536198217,0.009900970433887437
5,XYt,51,93,0.026732287460034275,0.00998821419208265
5,XYt,52,91,0.025558558811055614,0.009990101960276044
5,XYt,53,90,0.025030319890136706,0.009963196311797795
5,XYt,54,90,0.025801886543165023,0.00998951858451798
5,XYt,55,92,0.02716399431673422,0.009924384181700682
5,XYt,56,95,0.02768219376415887,0.009928678189652464
5,XYt,57,99,0.0265000072929529,0.009914110596285679
5,XYt,58,103,0.024696396712112108,0.009829299483451768
5,XYt,59,105,0.023646609588237368,0.009902154087708698
5,XYt,60,106,0.023058588015982304,0.009929575355691183
5,XYt,61,107,0.022758536390569323,0.009885399040249545
5,XYt,62,107,0.022975295548651388,0.009934632018510432
5,XYt,63,107,0.023373967809902668,0.009999841881359254
5,XYt,64,108,0.023484482694960816,0.009953846444588394
5,XYt,65,109,0.023306671668304337,0.00985921952782784
5,XYt,66,109,0.023261597357087816,0.00990249170661291
5,XYt,67,109,0.022826495794731946,0.009841906675343735
5,XYt,68,108,0.022658230544892858,0.009924751323613689
5,XYt,69,108,0.02202681907574225,0.009838600262524625
5,XYt,70,107,0.021828413694373095,0.009921354607299992
5,XYt,71,106,0.021627269506701997,0.009993740575140388
5,XYt,72,106,0.021237038693773438,0.009952359981766384
5,XYt,146,111,0.02003159804778707,0.009975347559422672
5,XYt,147,112,0.01980422406477083,0.00986096873240283
5,XYt,148,112,0.019841349681380124,0.009871133992259785
5,XYt,149,112,0.019819432456940903,0.009838982059154755
5,XYt,150,111,0.020088818158338545,0.009950191083866952
5,XYt,151,111,0.020064160523312623,0.009906608322378649
5,XYt,152,110,0.020286961476501053,0.009998645103593435
5,XYt,153,110,0.020123581156327057,0.009911451471989192
5,XYt,154,110,0.020081189719845422,0.009899112831003603
5,XYt,155,110,0.019953556448043842,0.009839757060753419
5,XYt,156,110,0.019881069417123486,0.009840438749911157
5,XYt,157,109,0.019985565107459784,0.009958529211319017
5,XYt,158,110,0.01954273932080111,0.00986141659643353
5,XYt,159,110,0.019304447424857776,0.009922276773120258
5,XYt,160,111,0.018931157623594153,0.009944990705884733
5,XYt,161,112,0.018485793368566088,0.009904628789425074
5,XYt,162,113,0.018077692757571436,0.009874087672035117
5,XYt,163,114,0.017812605733913,0.00988869468933997
5,XYt,164,115,0.017443711716484168,0.009840698324727485
5,XYt,165,115,0.01739274727352806,0.00996258011908204
5,XYt,166,116,0.016923694959666648,0.00986378128603737
5,XYt,167,116,0.01674792717549057,0.009954485819509447
5,XYt,168,117,0.01636203855202932,0.009887493684901242
5,XYt,169,117,0.016156679159860358,0.009889912368683886
5,XYt,170,117,0.016067071709363875,0.009940207626294864
5,XYt,171,117,0.01590769832716046,0.009930253040629906
5,XYt,172,117,0.015774289414854877,0.009909185348109747
5,XYt,173,117,0.01567546871572101,0.009891736436625371
5,XYt,174,117,0.015577823881683219,0.009864066903906607
5,XYt,175,116,0.01567829528753214,0.00997817251084426
5,XYt,176,116,0.0155729409908582,0.009951456241880466
5,XYt,177,116,0.015497209025807214,0.009953075474172766
5,XYt,178,116,0.015400435253054345,0.009945407267852683
5,XYt,179,116,0.015294350590021457,0.009949895533583275
5,XYt,180,117,0.01503350859421395,0.009847460126740917
5,XYt,181,117,0.014968910867573779,0.009861182055352859
5,XYt,182,117,0.014972393006212973,0.009899106867900277
5,XYt,183,117,0.014970966472192988,0.009931444011188407
5,XYt,184,117,0.01497623365181291,0.0099551116771065
5,XYt,185,117,0.014964311860394356,0.009966122168460987
5,XYt,186,117,0.014908340537204549,0.00993303301038474
5,XYt,187,117,0.014892827317624946,0.009927502563245982
5,XYt,188,117,0.014898111508954981,0.009921039807320486
5,XYt,189,117,0.014957016806056645,0.00994670864180869
5,XYt,190,117,0.01502452084092558,0.009969767382075776
5,XYt,191,117,0.015040999818867088,0.009966233628066961
5,XYt,192,117,0.015087711166020229,0.009981576773185244
5,XYt,193,117,0.015105041530484977,0.009976884922748647
5,XYt,194,117,0.01503961464028093,0.00988792189526395
5,XYt,195,116,0.015190698955245484,0.009914174467127782
5,XYt,196,115,0.015414478992320001,0.00994652035238167
5,XYt,197,115,0.015519589571949714,0.009916389664687993
5,XYt,198,115,0.015600389075608618,0.009871989639298638
5,XYt,199,114,0.015918593688236737,0.009993532766690908
5,XYt,200,114,0.015963145489247006,0.009974960222689745
5,XYt,201,115,0.01585396987247896,0.009893060601211454
5,XYt,202,115,0.015983603213626147,0.009961481758008902
5,XYt,203,116,0.015873968013869692,0.009897321570078242
5,XYt,204,116,0.016037315362729683,0.00997006072855549
5,XYt,205,117,0.015995540871570527,0.009893919233453615
5,XYt,206,117,0.016114438995718166,0.009860192676821495
5,XYt,207,116,0.016541995823767995,0.009973774986454874
5,XYt,208,115,0.016876095000008112,0.009988360326890594
5,XYt,209,115,0.017106082771686706,0.009953372547467873
5,XYt,210,115,0.01721179814186349,0.009880276988635396
5,XYt,211,115,0.01740040062792497,0.009866961786340098
5,XYt,212,115,0.0176902577941039,0.009900691300760638
5,XYt,213,115,0.017912694985867325,0.009883357162311703
5,XYt,214,115,0.01815426472134255,0.009856155222749892
5,XYt,215,114,0.01868955161519928,0.009949705686434593
5,XYt,216,113,0.019240010833434476,0.009991705799445557
5,XYt,217,113,0.01952234026215156,0.00989083366812471
5,XYt,218,112,0.020024607402814948,0.009961334151458912
5,XYt,219,112,0.020291263183029408,0.009937715324753738
5,XYt,220,112,0.020556092476741995,0.009922310304807879
5,XYt,221,112,0.020808027960869765,0.009926613318846448
5,XYt,222,112,0.021009232866613207,0.00990288079405851
5,XYt,223,112,0.021329736698673652,0.009960844987111184
5,XYt,224,112,0.021515712136930473,0.009966111399350894
5,XYt,225,113,0.02155098145426509,0.00989805134201916
5,XYt,226,113,0.02181734693579479,0.009927327423535946
5,XYt,227,113,0.022081128861990915,0.009944501816864024
5,XYt,228,113,0.02226426251391411,0.00991039509496216
5,XYt,229,113,0.022593430029177596,0.00993733786151234
5,XYt,230,113,0.022879164991637474,0.00992696794500719
5,XYt,231,113,0.02322364644409651,0.009928348487786912
5,XYt,232,113,0.02359105689829832,0.009931130071378377
5,XYt,233,113,0.02399361103158725,0.009950394943727608
5,XYt,234,113,0.02426315366194637,0.009903869159163362
5,XYt,235,113,0.024671001805874653,0.009930632394304039
5,XYt,236,113,0.025021940016429496,0.00995833898988791
5,XYt,237,114,0.02491126372033314,0.009849103539527924
5,XYt,238,114,0.025040481226756117,0.009883891967711392
5,XYt,239,114,0.02530110501232019,0.009978337077798025
5,XYt,240,114,0.02536389469561331,0.009994976597095397
5,XYt,241,115,0.025155460016285665,0.009902946904890528
5,XYt,242,115,0.025251900517603308,0.009938534462471208
5,XYt,243,115,0.025308437312123636,0.009955497090933983
5,XYt,244,115,0.02536160729976712,0.00997633358631126
5,XYt,245,115,0.025417148646946587,0.009993908107488455
5,XYt,246,115,0.025437720989787038,0.009998837241694147
5,XYt,247,115,0.025389725465937606,0.009978596829917837
5,XYt,248,115,0.025365332383472536,0.00997135404140637
5,XYt,249,115,0.025428528850320313,0.009996678964401682
5,XYt,250,115,0.025340163582766233,0.00997594413616282
5,XYt,251,115,0.025285827543536643,0.00998609392229559
5,XYt,252,115,0.02503436260137218,0.009951879003928632
5,XYt,253,114,0.02489510809417418,0.009984641820479971
5,XYt,254,113,0.024298534053760684,0.009892526291482405
5,XYt,255,111,0.023742754549219564,0.009863439621798534
5,XYt,256,110,0.02314989536334948,0.009944823428681847
5,XYt,257,112,0.022056643650904015,0.00997954865878276
5,XYt,258,116,0.018766711154921185,0.009926866315634249
5,XYt,259,123,0.01613544098857502,0.009867175523578346
5,XYt,260,127,0.014784669481102665,0.009956920567090627
5,XYt,261,128,0.01420914095091396,0.009908407653079378
5,XYt,262,128,0.014133461064623083,0.009880173249572554
5,XYt,263,126,0.014144978699169792,0.009884329563598287
5,XYt,264,124,0.014161720683716853,0.009948651213749462
5,XYt,265,123,0.01415022005823352,0.009974848860595303
5,XYt,266,124,0.013928151133065633,0.009851492973531639
5,XYt,267,123,0.014043014775175411,0.00993145535822463
5,XYt,268,123,0.014060664038056166,0.009953602220562368
5,XYt,269,123,0.01406742155405971,0.009944989087086575
5,XYt,270,124,0.013908067796700927,0.009841397942918976
5,XYt,271,123,0.01411177080908569,0.009986635584958582
5,XYt,272,123,0.014070282503357234,0.009976097443629628
5,XYt,273,123,0.014066273670952971,0.009973728176685782
5,XYt,274,124,0.013889111319818036,0.009840192801908605
5,XYt,275,123,0.01410760008778591,0.009982751407083367
5,XYt,276,123,0.014139678451393248,0.009998958533677887
5,XYt,277,124,0.013931106269433237,0.009853671070137387
5,XYt,278,124,0.013951313137147328,0.009862065228566967
5,XYt,279,124,0.013943423980494463,0.009869846576664242
5,XYt,280,124,0.013929491050275298,0.009865561230579679
5,XYt,281,124,0.013966983730972967,0.009900489127581893
5,XYt,282,124,0.013985430808614014,0.009887959342436704
5,XYt,283,124,0.014012712186208327,0.009908840916893863
5,XYt,284,124,0.014024706485440958,0.009892596811170749
5,XYt,285,124,0.014078795660469915,0.009946987023084344
5,XYt,286,124,0.014087357554036565,0.009931587739355954
5,XYt,287,124,0.014085551526582751,0.009951196859846356
5,XYt,288,124,0.014081661705951206,0.009914317904383688
5,XYt,289,124,0.014128249524468443,0.00996960482673184
5,XYt,290,124,0.01413081834687066,0.009935113831307726
5,XYt,291,124,0.014183786051703829,0.009987329815969056
5,XYt,292,124,0.014149112530334646,0.009930517833183381
5,XYt,293,125,0.013983163649027982,0.009839689434614135
5,XYt,294,124,0.014156618947798268,0.009924426898468276
5,XYt,295,124,0.014230693001745018,0.009998626318944118
5,XYt,296,124,0.01416955480236059,0.009944259521896766
5,XYt,297,124,0.01424455740917913,0.00998969639418251
5,XYt,298,124,0.01427827012876229,0.009966876515666755
5,XYt,299,124,0.014275315179914757,0.009988143272949404
5,XYt,300,124,0.014235301716210479,0.009947094381223315
5,XYt,301,124,0.014306876834546265,0.0099990406464423
5,XYt,302,124,0.014255735030711567,0.009956671028806896
5,XYt,303,125,0.01414053571230941,0.009876841614487963
5,XYt,304,124,0.014287813589263045,0.00996922318804165
5,XYt,305,125,0.01417214156317347,0.009876957341506022
5,XYt,306,124,0.014292012292749422,0.009956484005733925
5,XYt,307,125,0.01418912559657099,0.009881440312327645
5,XYt,308,124,0.014294633178766494,0.00996568062540456
5,XYt,309,125,0.014218641879829214,0.009889769662684454
5,XYt,310,124,0.014323348044022549,0.009969434732872026
5,XYt,311,125,0.014225133179390734,0.009875235965938532
5,XYt,312,124,0.014326751057155153,0.009954807647839462
5,XYt,313,125,0.014265278633064557,0.009858350252570073
5,XYt,314,124,0.01439816181159375,0.009960391896059798
5,XYt,315,124,0.014514605365749562,0.00999342644441783
5,XYt,316,124,0.014411968524376012,0.00993406051070338
5,XYt,317,124,0.014547625321297485,0.009970581733685408
5,XYt,318,124,0.014450427597118476,0.009906232382400874
5,XYt,319,124,0.014582981035577444,0.009930780997562285
5,XYt,320,124,0.014525935627445807,0.009861512914472674
5,XYt,321,124,0.01466483299508891,0.009873373521304303
5,XYt,322,123,0.014932052418633459,0.009985604358639625
5,XYt,323,124,0.014980746140122179,0.00984730808630081
5,XYt,324,123,0.015684124431268518,0.009983732940206333
5,XYt,325,120,0.017974770127664366,0.009944507213121258
5,XYt,326,119,0.02324121776629128,0.00999451485178363
5,XYt,327,121,0.025182380719374228,0.009992132766145452
5,XYt,328,122,0.02583236961665593,0.009925721291545486
5,XYt,329,122,0.02615421681208504,0.009848554312714601
5,XYt,330,121,0.026779640904653276,0.009994055769889763
5,XYt,331,121,0.026825580554983325,0.00993132675772165
5,XYt,332,121,0.026657052710781545,0.009852534424130444
5,XYt,333,120,0.027095720030773703,0.00996619593655226
5,XYt,334,120,0.02719470874645607,0.009984473595184704
5,XYt,335,120,0.027155609320673308,0.009923170191632502
5,XYt,336,120,0.02710891397945157,0.009908150935331097
5,XYt,337,120,0.02717528665045461,0.009905169489309675
5,XYt,338,120,0.027153468759165893,0.009910890539520645
5,XYt,339,119,0.02729481271957152,0.009984561739143373
5,XYt,340,119,0.026824682674184266,0.009936828614419798
5,XYt,341,119,0.026393144874738986,0.009909414420732805
5,XYt,342,119,0.02583239661494806,0.009848942261814693
5,XYt,343,119,0.02540500050072421,0.009850884501912235
5,XYt,344,118,0.025249956762022917,0.009996741770894888
5,XYt,345,119,0.024605557729209845,0.009888612745639647
5,XYt,346,119,0.02429603826271658,0.009917383176719339
5,XYt,347,119,0.024016219343287615,0.009911415196428684
5,XYt,348,119,0.023699463478452466,0.009907548109913848
5,XYt,349,119,0.023625077497823766,0.009972173106603102
5,XYt,350,120,0.023070048440248046,0.009852737036663702
5,XYt,351,120,0.02288902091912711,0.009856110576694409
5,XYt,352,120,0.02256588119822162,0.009845966868039282
5,XYt,353,120,0.022418083777578136,0.009911801226552542
5,XYt,354,120,0.022074997959016764,0.00987967191927405
5,XYt,355,120,0.022028898652120658,0.009935521625451292
5,XYt,356,120,0.021811441288472132,0.00996104162544666
5,XYt,357,121,0.021404749817610272,0.009921671019894307
5,XYt,358,121,0.021052053350287807,0.009982282645277741
5,XYt,359,122,0.020499539811577865,0.009921221548733556
5,XYt,360,122,0.019999567701025563,0.009945838380324914
5,XYt,361,123,0.019470421821398316,0.00989312135338395
5,XYt,362,124,0.0191543912795683,0.009951275052647491
5,XYt,363,125,0.018820282196690994,0.009917707832276912
5,XYt,364,136,0.018579086245626975,0.009978494113014111
5,XYt,365,138,0.018316042513709427,0.009936661199813433
5,XYt,366,139,0.018038523787653454,0.009892533885934533
5,XYt,367,139,0.017981305931290017,0.009918614647167723
5,XYt,368,139,0.01774830845832549,0.009931669328480441
5,XYt,369,139,0.01758507651422417,0.009957380822163435
5,XYt,370,139,0.017440690191832142,0.009998118046607765
5,XYt,371,140,0.01707087183168881,0.00984638543930548
5,XYt,372,140,0.01692017194570661,0.009857907692891472
5,XYt,373,140,0.01682538705475276,0.009860830505374358
5,XYt,374,140,0.016551969619535502,0.009853892719893122
5,XYt,375,140,0.016255338282687316,0.009836954549480215
5,XYt,376,140,0.01597659631653861,0.009852660785124024
5,XYt,377,139,0.015987330219170568,0.009983593187822253
5,XYt,378,140,0.01555715824007768,0.009850460674047996
5,XYt,379,140,0.015458011184902816,0.009842588215621024
5,XYt,380,140,0.015352487276564469,0.009862568542059837
5,XYt,381,140,0.015316598883876608,0.009845950517238074
5,XYt,382,140,0.01525920363833814,0.00987553157702042
5,XYt,383,140,0.01518311311646056,0.009846080777867519
5,XYt,384,140,0.015034292707969086,0.009866200887701286
5,XYt,385,140,0.014858203204423982,0.009884848029927841
5,XYt,386,140,0.014674970916203386,0.009901191566777923
5,XYt,387,140,0.014704897383722711,0.009905414907474203
5,XYt,388,140,0.014685527787470013,0.00991918542190052
5,XYt,389,140,0.014712955496031025,0.009910643632541545
5,XYt,390,140,0.014689289030371788,0.009920566506765795
5,XYt,391,140,0.014717855338980117,0.009901103222612619
5,XYt,392,140,0.014677677340500751,0.009906149500342314
5,XYt,393,140,0.01475553288191189,0.009909961357589703
5,XYt,394,140,0.014738880355162352,0.009897486939163192
5,XYt,395,140,0.014855768913325669,0.009895713279394822
5,XYt,396,140,0.014866143571420722,0.009851519664801293
5,XYt,397,140,0.014990504138545259,0.00986193354663554
5,XYt,398,139,0.015130316432909673,0.009978934551341747
5,XYt,399,140,0.014878216350040056,0.009856204224285311
5,XYt,400,139,0.014997863230366353,0.009979110398577195
5,XYt,401,139,0.015013759249914152,0.009989659865567138
5,XYt,402,139,0.01492381820209793,0.009939814601180763
5,XYt,403,139,0.014990750893752918,0.009970241038163567
5,XYt,404,139,0.014946793963106523,0.009926945781243292
5,XYt,405,139,0.015048554870834683,0.009955401682187332
5,XYt,406,139,0.015100483685455291,0.009939799484519871
5,XYt,407,139,0.015194117316841182,0.009959079378065916
5,XYt,408,139,0.015209179475259287,0.009870771379938668
5,XYt,409,139,0.015448955329433066,0.009916404817035035
5,XYt,410,139,0.015510040315382103,0.009875716872837597
5,XYt,411,139,0.015729295538068375,0.009937328681254918
5,XYt,412,139,0.015826362285871517,0.009933917898714617
5,XYt,413,139,0.01591002057111791,0.009940292923649202
5,XYt,414,139,0.0159936936209805,0.009924860544359827
5,XYt,415,139,0.0161160623352955,0.00993924609092935
5,XYt,416,139,0.01624302490147005,0.009908328038793017
5,XYt,417,139,0.01647874293000427,0.009914160935204063
5,XYt,418,139,0.016585136142665734,0.009850472114371204
5,XYt,419,139,0.01683749036345151,0.009853274593273963
5,XYt,420,138,0.017401283734224216,0.009984289780279713
5,XYt,421,138,0.017595535598212114,0.009967332003892425
5,XYt,422,138,0.017752847601480052,0.009945997007745594
5,XYt,423,138,0.017957698500766853,0.009975582106021971
5,XYt,424,138,0.018127435177701712,0.009970866983225189
5,XYt,425,138,0.018367928349952923,0.009971687702892619
5,XYt,426,138,0.018628443795449853,0.009976668157032818
5,XYt,427,138,0.018765412862955688,0.009975288921911154
5,XYt,428,139,0.018625102613449428,0.009852417865570158
5,XYt,429,139,0.018780490760620695,0.009854270112059848
5,XYt,430,138,0.019270372461397473,0.009992171433926725
5,XYt,431,138,0.0195016576441144,0.009978967354883775
5,XYt,432,138,0.019800990268635674,0.009970313161093763
5,XYt,433,138,0.020088539142148608,0.009923216158326848
5,XYt,434,138,0.020414919754034005,0.009856261936892376
5,XYt,435,137,0.021099003310613644,0.009954596870326642
5,XYt,436,137,0.021522712098459858,0.009927615537530679
5,XYt,437,137,0.02187239252052395,0.009902527472949311
5,XYt,438,137,0.022144940078037134,0.009901157963568675
5,XYt,439,137,0.022383172088317835,0.009905828258098737
5,XYt,440,137,0.022668024734774903,0.009921955512175815
5,XYt,441,137,0.02295942050172565,0.009922499594467433
5,XYt,442,137,0.02325359152507489,0.009883594434877668
5,XYt,443,137,0.02361022165872044,0.009882246737868274
5,XYt,444,137,0.023882561202930953,0.009871468323151876
5,XYt,445,137,0.02412969385813336,0.009865169039335247
5,XYt,446,137,0.024455823565613877,0.009884006526323043
5,XYt,447,137,0.024795031022350977,0.009892496998541006
5,XYt,448,137,0.025176639452435597,0.00989466986540775
5,XYt,449,137,0.025603288111458327,0.00987607169647361
5,XYt,450,137,0.026097756905931933,0.00986275789010844
5,XYt,451,137,0.026632786573999957,0.009845474697030513
5,XYt,452,136,0.027564991423099455,0.009991246051378995
5,XYt,453,137,0.027636013533906448,0.009838813525040287
5,XYt,454,137,0.028070253764039814,0.00983852062878868
5,XYt,455,137,0.02840902267134619,0.009866584335736535
5,XYt,456,137,0.028653921173888118,0.009909937531266389
5,XYt,457,137,0.02871667439608705,0.009900390478580438
5,XYt,458,137,0.028897906689845224,0.009954370993818051
5,XYt,459,137,0.02888406338334291,0.009956738399370208
5,XYt,460,137,0.028779666997090697,0.009932791516177986
5,XYt,461,137,0.02850931750675074,0.009860226963876643
5,XYt,462,136,0.028303932388760313,0.009837520788746428
5,XYt,463,133,0.02844421266768991,0.009981766551776471
5,XYt,464,132,0.027792604411345952,0.009916559044964532
5,XYt,465,132,0.026979921438760435,0.009915479940286458
5,XYt,466,134,0.025677720925094218,0.009979576620743929
5,XYt,467,136,0.022085279910786952,0.009996168982538777
5,XYt,468,140,0.018484148048385645,0.00992508276701883
5,XYt,469,143,0.016754609328073357,0.00999916300931068
5,XYt,470,145,0.015656043180903283,0.009858292552188468
5,XYt,471,145,0.01561739224957823,0.009938604115761028
5,XYt,472,144,0.015728081651957892,0.009991826640928729
5,XYt,473,143,0.015538938509791149,0.009875692963895255
5,XYt,474,141,0.015674068612158854,0.009991841678877716
5,XYt,475,141,0.015468825930723218,0.009886377211486594
5,XYt,476,141,0.015397316018704756,0.009869051644163027
5,XYt,477,141,0.015407272392800632,0.009884385483264717
5,XYt,478,141,0.015337188436059137,0.009864134906942235
5,XYt,479,141,0.01535022683605129,0.009880247659377285
5,XYt,480,141,0.01531303543900683,0.009874686562278885
5,XYt,481,141,0.015322370485920646,0.009875664164410582
5,XYt,482,141,0.015300652348777439,0.009861539578622331
5,XYt,483,141,0.01530268665603464,0.009852079620071917
5,XYt,484,141,0.01528389755343668,0.009844880570789236
5,XYt,485,141,0.01531454321132584,0.009859570046698374
5,XYt,486,140,0.015509569598144438,0.009997582910427974
5,XYt,487,141,0.015271852995285294,0.009842403931785298
5,XYt,488,140,0.015498462184596475,0.009985978922671505
5,XYt,489,141,0.015315849627883658,0.009853736966531508
5,XYt,490,140,0.015538689724996576,0.009990772316871992
5,XYt,491,141,0.015317452324079269,0.0098453575098306
5,XYt,492,140,0.015504465837897961,0.009975308288466841
5,XYt,493,140,0.015511800148991006,0.00999203555897883
5,XYt,494,140,0.015475071416858567,0.009971338434386101
5,XYt,495,140,0.015502172940777829,0.009985042754963938
5,XYt,496,140,0.015529913225082011,0.009996678427592349
5,XYt,497,140,0.015518705201354042,0.009987124560741516
5,XYt,498,140,0.01553998725493732,0.009994743042539897
5,XYt,499,140,0.015538090306203772,0.009987566230375342
5,XYt,500,140,0.015549723514254248,0.009982642819724953
5,XYt,501,140,0.015582469986124945,0.00999284863289329
5,XYt,502,140,0.015564988702211388,0.00997594144653711
5,XYt,503,140,0.015545964210243155,0.009959197921279228
5,XYt,504,140,0.015585937930337917,0.00997006072855549
5,XYt,505,140,0.015598212731337534,0.009974436756234484
5,XYt,506,140,0.015576947910950902,0.009956037723228187
5,XYt,507,140,0.015577281635595281,0.009952409588023717
5,XYt,508,140,0.015594642915066723,0.009955213018132188
5,XYt,509,140,0.015588946886982731,0.009952574041782174
5,XYt,510,140,0.015596703737467367,0.009954372611090506
5,XYt,511,140,0.01558449829294608,0.009948679801950888
5,XYt,512,140,0.015582825200093138,0.009944941602223372
5,XYt,513,140,0.015581102043786453,0.00994181195774296
5,XYt,514,140,0.015591435602437767,0.009942042977419666
5,XYt,515,140,0.015588329336588847,0.009940126647116616
5,XYt,516,140,0.01561371966489948,0.00994752326273068
5,XYt,517,140,0.015619381553530614,0.009952031603675
5,XYt,518,140,0.015689738201965595,0.009989418665915725
5,XYt,519,140,0.01567582350747311,0.009977336726968409
5,XYt,520,140,0.015693903525393776,0.009979106634295744
5,XYt,521,141,0.015485169575701351,0.00984073976881218
5,XYt,522,141,0.015508159913476987,0.009844606388515401
5,XYt,523,141,0.015547612119389069,0.009856672993328005
5,XYt,524,141,0.01571553611154098,0.009935215376315126
5,XYt,525,142,0.015689254519103017,0.00989967117840041
5,XYt,526,143,0.0158077090689105,0.009962192824610071
5,XYt,527,145,0.015681878958386616,0.009900579645306383
5,XYt,528,146,0.015746134828965624,0.009982551433408982
5,XYt,529,147,0.015602116818603263,0.009963167226634982
5,XYt,530,147,0.015468693133027867,0.009910194202733955
5,XYt,531,146,0.015758299990850086,0.009939327617188598
5,XYt,532,145,0.016410804468835118,0.009949901466248304
5,XYt,533,144,0.01740989780266393,0.009914866194464729
5,XYt,534,139,0.0192688324027336,0.009907876337465753
5,XYt,535,135,0.022448399678315356,0.009986838163544792
5,XYt,536,134,0.025926992813162696,0.009992192915962777
5,XYt,537,131,0.027695699100752758,0.009936283156455344
5,XYt,538,129,0.0279692527786744,0.009878221557280905
5,XYt,539,128,0.02808807386458892,0.009853274048651915
5,XYt,540,127,0.02839720030712987,0.009900509724502113
5,XYt,541,127,0.028574104223246344,0.009967155948854658
5,XYt,542,129,0.028237420147095807,0.009858567442487856
5,XYt,543,131,0.028126222687199314,0.009833328863755065
5,XYt,544,132,0.02804697210906226,0.009862499439998762
5,XYt,545,132,0.028082719892842438,0.009981098278566516
5,XYt,546,133,0.02736718184948745,0.009917676990455796
5,XYt,547,133,0.02678488828483103,0.009998828117901357
5,XYt,548,134,0.02577029559608392,0.009928275519500915
5,XYt,549,134,0.025258805364313217,0.009974979589883604
5,XYt,550,135,0.024499408454677067,0.009852348692314621
5,XYt,551,135,0.024215648781283614,0.009877101862544759
5,XYt,552,135,0.023897530160581108,0.00985743680499669
5,XYt,553,135,0.02362182256163307,0.00983381400285389
5,XYt,554,134,0.023728205590689656,0.009961354083857996
5,XYt,555,134,0.02348136404050675,0.009928136608022359
5,XYt,556,134,0.02322324291530724,0.009886606269788179
5,XYt,557,134,0.023012504843274755,0.00986223445359138
5,XYt,558,134,0.022785133857842664,0.009856770446578334
5,XYt,559,134,0.022499551812839788,0.00986388356538678
5,XYt,560,134,0.02209192079368023,0.009852076896631085
5,XYt,561,134,0.02176667424246419,0.00985895173172211
5,XYt,562,134,0.021533467199337422,0.009876767179022696
5,XYt,563,134,0.021388306746868407,0.009950161421369843
5,XYt,564,135,0.02063502036904346,0.009842900617909793
5,XYt,565,135,0.02028135433325687,0.009966817289900128
5,XYt,566,136,0.019622976841242742,0.009944117595822253
5,XYt,567,137,0.019031265170748678,0.009891578566588068
5,XYt,568,137,0.01874136863166427,0.009967609270811832
5,XYt,569,138,0.018161095392213562,0.009859106858401455
5,XYt,570,138,0.01797889441061882,0.00990866598890911
5,XYt,571,138,0.01782234147485914,0.00992479241670872
5,XYt,572,138,0.017703035646672496,0.009904560522611617
5,XYt,573,138,0.01764230811061403,0.009874179518722832
5,XYt,574,137,0.017860370429468603,0.009968956732058236
5,XYt,575,137,0.017735309899398727,0.009859497657952665
5,XYt,576,136,0.017850421311897798,0.009896498478908212
5,XYt,577,135,0.017963861011665333,0.009958476402334217
5,XYt,578,135,0.01772891954328316,0.009841775814209707
5,XYt,579,134,0.017873342164645045,0.009926465193802737
5,XYt,580,134,0.017661101782326445,0.009835452057258076
5,XYt,581,134,0.01756018573973347,0.009832484588253842
5,XYt,582,133,0.017710631277625136,0.009996767000742602
5,XYt,583,134,0.017354708874017077,0.009866537017423316
5,XYt,584,134,0.01721246938644135,0.00988019932022485
5,XYt,585,134,0.017129922732403983,0.009946161027996347
5,XYt,586,135,0.016709419880796814,0.009853494618118777
5,XYt,587,135,0.016453304536402022,0.009967522053699737
5,XYt,588,136,0.015879201342492346,0.00995273364020852
5,XYt,589,137,0.015314894586251475,0.009939450715173841
5,XYt,590,138,0.014838804527186241,0.009936331762835713
5,XYt,591,139,0.014497742315537404,0.009925026535964634
5,XYt,592,140,0.014203235982443344,0.009888705542759287
5,XYt,593,140,0.014122244690448591,0.009926406267532108
5,XYt,594,140,0.0140145680131535,0.009889311687318122
5,XYt,595,139,0.014141425204318532,0.009972001980275412
5,XYt,596,139,0.014093576622804159,0.00989606630152543
5,XYt,597,138,0.014323970343596294,0.009983693164726944
5,XYt,598,138,0.014271578608431713,0.009849779133678021
5,XYt,599,137,0.014542992833058125,0.009910657710736421
5,XYt,600,136,0.014853526158762126,0.009966604074226167
5,XYt,601,136,0.014888582028077602,0.00984174746073466
5,XYt,602,135,0.015214145059819958,0.00992552233149237
5,XYt,603,135,0.015278095989264712,0.009883056898473701
5,XYt,604,135,0.01531819254278077,0.009863638746026191
5,XYt,605,135,0.015315741653835487,0.009847144054376322
5,XYt,606,135,0.015362951713780909,0.009877030145601881
5,XYt,607,135,0.015382224278209436,0.009902023480839297
5,XYt,608,135,0.01539410595217252,0.009929954735254886
5,XYt,609,135,0.015416199612767665,0.009973447313457565
5,XYt,610,136,0.015145241835087347,0.009848565755252283
5,XYt,611,136,0.015105046527516229,0.009929382958236357
5,XYt,612,137,0.014796941151479597,0.009862525557370098
5,XYt,613,137,0.014718644748060646,0.009967319082527506
5,XYt,614,138,0.014431526137344261,0.00992482918407058
5,XYt,615,139,0.014166795792793098,0.009870840967743811
5,XYt,616,139,0.014192006988144842,0.009979805690783557
5,XYt,617,140,0.013943911820092782,0.009864398210274392
5,XYt,618,140,0.013995006479422143,0.009905083889490863
5,XYt,619,140,0.014022955321420214,0.009902348639975458
5,XYt,620,140,0.014036247607123188,0.009857583245376191
5,XYt,621,139,0.014312124734029041,0.00996440973376121
5,XYt,622,139,0.014372273346910231,0.009846499889288214
5,XYt,623,137,0.014932905948094485,0.009977214096417442
5,XYt,624,136,0.015514775956738421,0.009955769297304047
5,XYt,625,135,0.015934583874401366,0.009912181827790016
5,XYt,626,134,0.016541692926636254,0.009926914968123457
5,XYt,627,133,0.017023172479806153,0.009983704452379092
5,XYt,628,133,0.017252173417971327,0.009940360405214744
5,XYt,629,133,0.017454607229605963,0.009914159852649368
5,XYt,630,133,0.017717274088574653,0.009923443825521041
5,XYt,631,133,0.017935521650444274,0.009931416454046469
5,XYt,632,134,0.017859868355311566,0.009839207312217517
5,XYt,633,134,0.01799945097088902,0.009900776938556753
5,XYt,634,134,0.018166488204864502,0.009974214019113239
5,XYt,635,135,0.017944961654586724,0.009858031263214263
5,XYt,636,135,0.018043380576624732,0.009951543599796218
5,XYt,637,136,0.017828380154592444,0.009895226836564039
5,XYt,638,137,0.01764054919664011,0.009846289518295265
5,XYt,639,137,0.01772096482377383,0.009932279334536375
5,XYt,640,137,0.017804599273640295,0.009984406949235934
5,XYt,641,138,0.01764514036152423,0.00986061390951949
5,XYt,642,138,0.01776247610183751,0.00985316893603304
5,XYt,643,138,0.0179342641976547,0.009835136690242316
5,XYt,644,137,0.018377653087849073,0.00992477403297671
5,XYt,645,137,0.01857428516155964,0.009843277341164402
5,XYt,646,136,0.01911411253749467,0.009903836648722257
5,XYt,647,135,0.019730793466902333,0.009935423324288161
5,XYt,648,134,0.0204577088411461,0.009976657937192985
5,XYt,649,134,0.020749549213980648,0.009851595380458418
5,XYt,650,133,0.02131943128973219,0.009897777006130188
5,XYt,651,132,0.021827930033219766,0.009969282399515257
5,XYt,652,132,0.022072269609534383,0.009916551468911735
5,XYt,653,132,0.022379379469087052,0.009887688525629216
5,XYt,654,132,0.022639524201220205,0.009866340127292601
5,XYt,655,132,0.022879153563389976,0.009869868868650036
5,XYt,656,132,0.02299461535579774,0.009850974930689935
5,XYt,657,131,0.023351018017345102,0.009943343712312907
5,XYt,658,131,0.023388616496084053,0.009904299912433528
5,XYt,659,130,0.02372081473511499,0.009971824931392726
5,XYt,660,130,0.023690646907843813,0.009873071323249967
5,XYt,661,129,0.023911739843572,0.009873331127171007
5,XYt,662,128,0.024099468547339617,0.009849670714835232
5,XYt,663,126,0.024633063117425722,0.009941113468404617
5,XYt,664,125,0.02487158090089109,0.009878974468398824
5,XYt,665,123,0.025706859185383183,0.009983070711581214
5,XYt,666,123,0.025986392806532185,0.009858947377253785
5,XYt,667,123,0.026311137748278163,0.009830532708147837
5,XYt,668,123,0.026656937283130296,0.00990599511034505
5,XYt,669,123,0.026920626202196644,0.009960525508881206
5,XYt,670,124,0.0269133720979716,0.00984567145937785
5,XYt,671,124,0.02746548486503215,0.009887007923192428
5,XYt,672,125,0.02768744788180282,0.009860586154430381
5,XYt,673,126,0.027824403365799454,0.009953443175204399
5,XYt,674,128,0.0271349177479592,0.009985515149065458
5,XYt,675,129,0.025558335814623294,0.009924180868995583
5,XYt,676,129,0.023477962460480322,0.009934770839167863
5,XYt,677,131,0.020977789512880433,0.009868593794881404
5,XYt,678,135,0.01957735552848039,0.009883900654666858
5,XYt,679,139,0.018420416171484242,0.009962326413277767
5,XYt,680,142,0.017410518309714396,0.009983390005866562
5,XYt,681,144,0.01656697815199365,0.009874074085174454
5,XYt,682,144,0.01621596730826795,0.009924361471445584
5,XYt,683,144,0.01595286436845193,0.009965981092196477
5,XYt,684,145,0.015536883512948978,0.00985746456895324
5,XYt,685,145,0.015490370034187682,0.009918614647167723
5,XYt,686,145,0.01541620476378023,0.009905858595079834
5,XYt,687,145,0.01543190855352732,0.009900345489973202
5,XYt,688,145,0.015427892913217695,0.009857908781623547
5,XYt,689,144,0.015603393196139388,0.009930323292403653
5,XYt,690,143,0.01571425587964177,0.009955207627678075
5,XYt,691,142,0.015810869986192997,0.0099728371350499
5,XYt,692,141,0.015901674509772815,0.009994256050314948
5,XYt,693,141,0.0157435868858202,0.0098679075249424
5,XYt,694,140,0.015781197505914425,0.00987497892925789
5,XYt,695,139,0.015879059358561702,0.009930173061082495
5,XYt,696,139,0.015783705611542458,0.009873496898066755
5,XYt,697,139,0.015714801048507334,0.009839412380739382
5,XYt,698,138,0.015911202446391326,0.009975477206275053
5,XYt,699,138,0.015884501642926974,0.009966790368980771
5,XYt,700,138,0.0158945433416901,0.009984387600328774
5,XYt,701,139,0.015666154578239472,0.009843900456666154
5,XYt,702,139,0.015788678992457988,0.009931045235681737
5,XYt,703,139,0.015836566431689972,0.009967647495355001
5,XYt,704,140,0.015733758382444517,0.009927185795955314
5,XYt,705,141,0.015574248170107115,0.009848391391331113
5,XYt,706,141,0.015744714139513383,0.00998938428509029
5,XYt,707,142,0.015539573200841109,0.00986698897963001
5,XYt,708,142,0.01551532981676439,0.009853225577169058
5,XYt,709,135,0.015600507640939811,0.009968486244911798
5,XYt,710,146,0.015272895621214259,0.009967393380147044
5,XYt,711,149,0.014649272892696671,0.00993740806320047
5,XYt,712,152,0.014138243208732283,0.009979861613187225
5,XYt,713,156,0.013472176328197343,0.009908984972915511
5,XYt,714,158,0.013206905525072038,0.009982903534910843
5,XYt,715,161,0.012749211359973815,0.009897388260238399
5,XYt,716,163,0.0124446873925633,0.00991925088306425
5,XYt,717,165,0.012003157524222548,0.009858108017568817
5,XYt,718,167,0.011936994768671823,0.00988687928732419
5,XYt,719,169,0.012123549214004742,0.009850374598809239
5,XYt,720,169,0.012206142709152752,0.009851923293349498
5,XYt,721,167,0.012355058012356063,0.009923962411340562
5,XYt,722,165,0.012377105096152898,0.009871966264920155
5,XYt,723,161,0.012815065229571784,0.009976229232375847
5,XYt,724,158,0.013141636935960196,0.009878475250193346
5,XYt,725,154,0.013649720363371776,0.009958636983888465
5,XYt,726,151,0.013586168822172893,0.009971361575821205
5,XYt,727,150,0.012825208077522132,0.009946284580938554
5,YZt,26,134,0.043076918658803594,0.009966096399499587
5,YZt,27,133,0.04401545264476346,0.009966609073924427
5,YZt,28,135,0.04409005270772604,0.009888655461882253
5,YZt,29,135,0.04394337324968268,0.009993083459158498
5,YZt,30,134,0.044512588000009366,0.009964247014076695
5,YZt,31,136,0.044208063422456895,0.009838748931218673
5,YZt,32,136,0.04475554158072539,0.00988707305463938
5,YZt,33,135,0.04542463808846332,0.009940559685244045
5,YZt,34,135,0.0455539999626828,0.009951255485245536
5,YZt,35,136,0.04429512398054857,0.00995993839954704
5,YZt,36,137,0.043265394148045186,0.009843557245695746
5,YZt,37,136,0.04277455847050999,0.009873770743937109
5,YZt,38,135,0.0420717566662392,0.00997801685351541
5,YZt,39,136,0.04009510054570077,0.009856123721634191
5,YZt,40,136,0.03876343460136996,0.009950876840738032
5,YZt,41,135,0.037272486102813744,0.009971484508989622
5,YZt,42,135,0.036225059750225164,0.00996236804394232
5,YZt,43,135,0.03458114247126448,0.009934966141655734
5,YZt,44,136,0.0327006915384603,0.009868202267958159
5,YZt,45,136,0.031430487456704355,0.00993413274196856
5,YZt,46,136,0.029999397369263128,0.00988865933812018
5,YZt,47,137,0.028670243088465185,0.009848948177453149
5,YZt,48,137,0.02786163881831115,0.009920854121647543
5,YZt,49,136,0.027719716643551523,0.009979612878994496
5,YZt,50,137,0.02693285608147514,0.00992172379297885
5,YZt,51,137,0.026525307227061746,0.009938738715696551
5,YZt,0,135,0.15483225120297087,0.00985744046019992
5,YZt,1,133,0.054829324117415174,0.009974829800567716
5,YZt,2,147,0.03970616796732648,0.00991232568057885
5,YZt,3,162,0.033011251791240925,0.00990840223716181
5,YZt,4,176,0.02886916283245642,0.009968766401995314
5,YZt,5,190,0.02650270009717408,0.009973566992598238
5,YZt,6,173,0.027069429095357273,0.009865856276802901
5,YZt,7,161,0.0280314698844547,0.009970806781643232
5,YZt,8,150,0.0271286052124716,0.009900971905025925
5,YZt,9,150,0.029761852998381706,0.009950823682980397
5,YZt,10,144,0.03132025556755877,0.009847886419112857
5,YZt,11,145,0.03296164021131283,0.009879616593693984
5,YZt,12,140,0.03515895394442128,0.00998334285723282
5,YZt,13,141,0.034814689760930384,0.009886995129464931
5,YZt,14,139,0.03586707521299506,0.0099001124131927
5,YZt,15,137,0.037756341183025614,0.009952920117560122
5,YZt,16,137,0.038214405021808624,0.009913634567701767
5,YZt,17,135,0.03898436460950669,0.009902548994621948
5,YZt,18,136,0.0387921328428961,0.009863685378753833
5,YZt,19,137,0.03888374045426967,0.009902412741516653
5,YZt,20,134,0.04037594271946689,0.009856073552982812
5,YZt,21,135,0.04054649530226164,0.009964399732155118
5,YZt,22,135,0.04150443368707155,0.009933334773416883
5,YZt,23,133,0.04191423320012841,0.009965330607861866
5,YZt,24,134,0.042475476943139474,0.009988320646589598
5,YZt,25,135,0.042866278161118605,0.009864963806832844
5,YZt,52,138,0.026212994981498403,0.009972189865447668
5,YZt,53,138,0.026240352137211233,0.009924015635731425
5,YZt,54,138,0.02628002423507483,0.009986142977139501
5,YZt,55,138,0.026090585257130622,0.009898763402575294
5,YZt,56,139,0.026210291301580306,0.009879017924720384
5,YZt,57,140,0.026693357220579132,0.009863162690984811
5,YZt,58,140,0.02675998910746638,0.009863652347261194
5,YZt,59,138,0.027188491921610273,0.009942855667535833
5,YZt,60,137,0.027771967509124456,0.009907425002433953
5,YZt,61,137,0.027898130322121878,0.009852337798844289
5,YZt,62,135,0.027479492182888334,0.0099633191148825
5,YZt,63,133,0.02564812271324136,0.009839955417693001
5,YZt,64,133,0.023383699568410646,0.009837464758540694
5,YZt,65,130,0.02071492033477997,0.009955046528759505
5,YZt,66,127,0.0172470360613515,0.009957278733295872
5,YZt,67,128,0.014745665684230445,0.009834934104860037
5,YZt,68,129,0.013160111624922874,0.009954894822327523
5,YZt,69,128,0.012151246417077679,0.009974513537132773
5,YZt,70,128,0.01128916104443897,0.00991549532596847
5,YZt,71,129,0.010570899775158904,0.009868798097405856
5,YZt,72,129,0.010228247706991883,0.009990062747319792
5,YZt,73,131,0.009648119967082345,0.009970178602966862
5,YZt,74,130,0.009320880747013574,0.009905462117461293
5,YZt,75,131,0.008957104677288349,0.009914379222210844
5,YZt,76,132,0.008610724420940553,0.009835182756593777
5,YZt,77,132,0.00849101776987556,0.009993468942778132
5,YZt,78,133,0.008167705497116706,0.009862725477338291
5,YZt,79,132,0.008116589339070461,0.009971262320981533
5,YZt,80,132,0.007939550732314168,0.009921547237707403
5,YZt,81,133,0.0077256678287873646,0.009836284075679788
5,YZt,82,133,0.007680433785874587,0.009965288297216157
5,YZt,83,134,0.007503826273791929,0.009942749265967816
5,YZt,84,134,0.007428496251514458,0.009906952599069511
5,YZt,85,133,0.007447774267192697,0.009963814236026254
5,YZt,86,133,0.0074138991363962275,0.009949223809751386
5,YZt,87,134,0.007302574518240615,0.00984047583244699
5,YZt,88,134,0.00731668848932977,0.009917818367339183
5,YZt,89,134,0.007285468191455722,0.009945994387099333
5,YZt,90,134,0.007203751281361655,0.009884949858638638
5,YZt,91,133,0.007217469311694301,0.009950490477523615
5,YZt,92,134,0.007096284217716693,0.009910611685794376
5,YZt,93,134,0.007104770359158102,0.00998486278942745
5,YZt,94,134,0.00699804445548103,0.009892037289484837
5,YZt,95,133,0.007023942640580894,0.009953006384297892
5,YZt,96,133,0.007017908914952756,0.009982184036617265
5,YZt,97,134,0.006920545700977196,0.009882484502533977
5,YZt,98,135,0.006820305896831593,0.009859893029319906
5,YZt,99,135,0.006847584134495525,0.009998563984324338
5,YZt,100,135,0.006812058917933351,0.009928917776434433
5,YZt,101,134,0.006802985814084044,0.009859453726822063
5,YZt,102,133,0.006842053925444415,0.009896813129973153
5,YZt,103,134,0.006805924163793577,0.009956640846646676
5,YZt,104,135,0.006744616471398058,0.00994435673353613
5,YZt,105,135,0.006800469232506973,0.00990867728466172
5,YZt,106,134,0.00696193302843878,0.009990198956046711
5,YZt,107,135,0.006853039703680825,0.00986187586721926
5,YZt,108,135,0.0069055674514792945,0.00991737699270081
5,YZt,109,136,0.006876430150836524,0.009925172751490815
5,YZt,110,136,0.006971832944037355,0.009878762616093712
5,YZt,111,134,0.007328342655124877,0.009997355934719874
5,YZt,112,135,0.0075009915460617915,0.009941898783524796
5,YZt,113,137,0.007647052776130305,0.009956795221273802
5,YZt,114,139,0.007585369521153627,0.009881918977849811
5,YZt,115,139,0.007604594732219231,0.009943786632690592
5,YZt,116,138,0.007608771118631402,0.009867780815368198
5,YZt,117,136,0.007770373944784018,0.009975841161403766
5,YZt,118,136,0.007753717810519294,0.009924392987703983
5,YZt,119,138,0.007528772266801336,0.009842341075097827
5,YZt,120,139,0.00730577592003003,0.009841088920506263
5,YZt,121,138,0.007220422093131284,0.009920096429350584
5,YZt,122,137,0.00706088652397694,0.00985911548943825
5,YZt,123,136,0.006971751490036034,0.009892954438994047
5,YZt,124,136,0.006879254054491432,0.009916015641761955
5,YZt,125,136,0.006824529364104062,0.009906420586330336
5,YZt,126,136,0.006895954400200989,0.009989571996817102
5,YZt,127,137,0.00681353209435873,0.009841051528681512
5,YZt,128,137,0.006897245699988758,0.009941338952111155
5,YZt,129,138,0.0068722534271414525,0.009889101606890929
5,YZt,156,134,0.008654191637945029,0.009868693227817053
5,YZt,157,132,0.00896940157225711,0.00993735097615109
5,YZt,158,133,0.00901206866710884,0.009883881496817425
5,YZt,159,134,0.008988801542187248,0.009891472310961729
5,YZt,160,135,0.009002887676680232,0.009936463384633925
5,YZt,161,135,0.008959288847490239,0.009909594054526046
5,YZt,162,134,0.008984878851438938,0.00998522632568265
5,YZt,163,134,0.008835515557783322,0.009962913612728361
5,YZt,164,134,0.008689785946079885,0.009960619944972863
5,YZt,165,135,0.00841779943877102,0.009859612344494974
5,YZt,166,135,0.00834388160793742,0.009936210709361393
5,YZt,167,135,0.008180275920415706,0.009902298163590608
5,YZt,168,134,0.00814695780296108,0.009947134303049795
5,YZt,169,135,0.008042927409034369,0.009956980005710206
5,YZt,170,136,0.007895863705156516,0.009892844013581035
5,YZt,171,136,0.007903375459933689,0.009941827071343863
5,YZt,172,136,0.007888236775174808,0.009879331813366055
5,YZt,173,135,0.007946242443203577,0.009856032717845496
5,YZt,174,135,0.008004346141548506,0.009855898155148049
5,YZt,175,135,0.00816858697023808,0.009969331229491882
5,YZt,176,135,0.00825824983878979,0.009950938857763034
5,YZt,177,134,0.008478923240393382,0.00994280053932933
5,YZt,178,133,0.00867021846639641,0.009923290631645236
5,YZt,179,132,0.00890538509366058,0.00987150994869095
5,YZt,180,132,0.009285114306416964,0.009930717387920313
5,YZt,181,132,0.009645379158665802,0.009914458478613442
5,YZt,130,138,0.006936542585375858,0.009873806459028031
5,YZt,131,137,0.007126848082732077,0.009973881364489205
5,YZt,132,137,0.007176157419271551,0.009942219168725003
5,YZt,133,137,0.007229631609447976,0.009939500385859
5,YZt,134,137,0.0073011921480252056,0.009949145215561877
5,YZt,135,137,0.007392561730484168,0.009908812291119186
5,YZt,136,136,0.007584619253436784,0.009963056733020264
5,YZt,137,137,0.0075701712826673016,0.00984371767709195
5,YZt,138,137,0.007679582685799374,0.009990822039333071
5,YZt,139,138,0.00761242564782346,0.00993215352337164
5,YZt,140,137,0.007693867682315874,0.009970659159367401
5,YZt,141,137,0.007613879570552161,0.009839575996175493
5,YZt,142,137,0.007574353315414576,0.009944563719467564
5,YZt,143,138,0.007460554418337428,0.009898676663111207
5,YZt,144,137,0.007527296369177882,0.009954492827607351
5,YZt,145,136,0.007654473090641244,0.009980633356445924
5,YZt,146,136,0.007721856659383923,0.009956327855331099
5,YZt,147,135,0.007797459349581049,0.009986085017165063
5,YZt,148,135,0.007787103253972388,0.009983186973357
5,YZt,149,136,0.007675274460564918,0.00990079730258913
5,YZt,150,135,0.0078222588517174,0.009989733536587234
5,YZt,151,134,0.007964817676608782,0.009889263625031073
5,YZt,152,133,0.008179775587374068,0.009976931179835079
5,YZt,153,133,0.008308114333338931,0.009950233150529411
5,YZt,154,134,0.008350973868250759,0.009944798837924944
5,YZt,155,135,0.008361777126263526,0.009843073209885969
5,YZt,182,130,0.010243958303900617,0.009949368668003378
5,YZt,183,129,0.010786713926261347,0.00987304593260167
5,YZt,184,127,0.011583789295151083,0.009958121358565367
5,YZt,185,127,0.01254084516800598,0.00986265668729332
5,YZt,186,129,0.013931637360053883,0.009934667514805312
5,YZt,187,126,0.016467283356382752,0.009896473458219361
5,YZt,188,127,0.02019497027402763,0.009877688540362538
5,YZt,189,131,0.02648180097510333,0.009850644495864168
5,YZt,190,131,0.03245089433169608,0.009913007792803257
5,YZt,191,133,0.03722798441632989,0.009956630837236604
5,YZt,192,137,0.04119523485748432,0.009913740508464086
5,YZt,193,139,0.04264354279954152,0.009921180595389387
5,YZt,194,139,0.0443061088601266,0.00996313175493261
5,YZt,195,141,0.04418617176526338,0.009849054035645887
5,YZt,196,142,0.04528398459027024,0.00986160767682313
5,YZt,197,142,0.04559982032795072,0.009921484264279315
5,YZt,198,142,0.046060444548937304,0.009855568352097076
5,YZt,199,141,0.04701655920420129,0.009920471612116722
5,YZt,200,141,0.046673471938858395,0.00988822402710467
5,YZt,201,141,0.04746927449290304,0.009921593984594924
5,YZt,202,140,0.04819384391021737,0.009966699068064215
5,YZt,203,140,0.04718636321973666,0.009855615800857196
5,YZt,204,139,0.047773386890611995,0.009875590108207198
5,YZt,205,139,0.04803828954370519,0.009855836317916632
5,YZt,206,138,0.04836251086307099,0.009869051333447948
5,YZt,207,138,0.047554775083616024,0.00986399004048249
5,YZt,208,137,0.04802553041917598,0.009900035365010317
5,YZt,209,137,0.04807897555190396,0.009873742792906271
5,YZt,210,136,0.04846028640299429,0.009941213255600538
5,YZt,211,137,0.04688310881784994,0.009839402641639535
5,YZt,212,136,0.0471634411685318,0.00985578614780229
5,YZt,213,135,0.04741357345057805,0.00986814050782863
5,YZt,214,135,0.047606898454403745,0.00990816509443989
5,YZt,215,135,0.047336743378261825,0.009842140507394908
5,YZt,216,134,0.04752565729890518,0.009846366753467686
5,YZt,217,133,0.04796367015487929,0.009975524161536237
5,YZt,218,133,0.04676988507729282,0.0099664063918388
5,YZt,219,134,0.04614544552189514,0.009892977298837834
5,YZt,220,133,0.04603925809309031,0.009873009050045166
5,YZt,221,132,0.046359345009696885,0.009978180501085844
5,YZt,222,132,0.04618480023769054,0.009991799173596135
5,YZt,223,133,0.04537989114895673,0.009919629652815773
5,YZt,224,132,0.045548478978966425,0.00997810904965984
5,YZt,225,131,0.046530785290656046,0.009977512832867555
5,YZt,226,131,0.045657108947869694,0.009866393973326415
5,YZt,227,131,0.045367036120874,0.009943084272850655
5,YZt,228,131,0.04470304511204958,0.00988128863956538
5,YZt,229,130,0.04430082849289957,0.009840471158185463
5,YZt,230,131,0.04384899576832661,0.009918599807359482
5,YZt,231,130,0.044432402228836994,0.009906447284377782
5,YZt,232,128,0.04439130261877832,0.009987119801594953
5,YZt,233,130,0.04294726317009462,0.009893702974560806
5,XZt,26,130,0.042793651662682036,0.00991176533899219
5,XZt,27,129,0.04356378296758637,0.009899772467452255
5,XZt,28,130,0.04401869259768579,0.009938513867218916
5,XZt,29,130,0.04359034129558852,0.009987670926395952
5,XZt,30,129,0.04385373570698529,0.009894250392514304
5,XZt,31,130,0.0441101453335415,0.00990350116569967
5,XZt,32,130,0.04461054855699188,0.009929887491785925
5,XZt,33,129,0.04524214448156988,0.009958248381315938
5,XZt,34,129,0.045612840108472864,0.00998769049921059
5,XZt,35,130,0.04457715096988474,0.009980669457237419
5,XZt,36,131,0.04425350778273748,0.009900902993567242
5,XZt,37,130,0.0447724816242429,0.009935630882117763
5,XZt,38,130,0.044703413659781616,0.009877026885728469
5,XZt,39,130,0.04478723593846198,0.009877939608262942
5,XZt,40,131,0.04456213446360633,0.009872036465544853
5,XZt,41,130,0.04463993072800403,0.009852918637444138
5,XZt,42,130,0.04556208266223771,0.009841264971771943
5,XZt,43,129,0.04616086731472773,0.00996826422079072
5,XZt,44,130,0.045678475899990655,0.009962319179835873
5,XZt,45,130,0.04542156333661039,0.009993353107472137
5,XZt,46,130,0.04462924962979327,0.009892189959898762
5,XZt,47,131,0.04397461263326805,0.009870015668274602
5,XZt,48,132,0.043540868344044914,0.00989607722432664
5,XZt,49,131,0.04449299474735621,0.00992892549747208
5,XZt,50,131,0.044246277435826695,0.009959991893505856
5,XZt,51,131,0.04381808168366339,0.009957965079867428
5,YZt,234,130,0.04340887248405405,0.009943660581641133
5,YZt,235,130,0.04241065968286038,0.009933358312091502
5,YZt,236,129,0.041841088764790584,0.009924255875801362
5,YZt,237,131,0.04143065300040673,0.00990323023202895
5,YZt,238,131,0.04065435248293694,0.009956571550524485
5,YZt,239,130,0.04071676905568454,0.009924682654509374
5,YZt,240,133,0.03900462124076722,0.009943134002484479
5,YZt,241,132,0.03897461828836654,0.009898369196567131
5,YZt,242,132,0.03872206182109728,0.009863972942369402
5,YZt,243,134,0.038089488280724955,0.009887672011223798
5,YZt,244,134,0.037630574242942576,0.00992879192267423
5,YZt,245,136,0.03608177344772149,0.009959109783764913
5,YZt,246,138,0.03514277995691668,0.00997632528721644
5,YZt,247,138,0.034887175524299784,0.009870961657930097
5,YZt,248,142,0.033436169417240764,0.009971605979925044
5,YZt,249,141,0.03177988207963455,0.009953831272220194
5,YZt,250,148,0.029848324003372395,0.00991663797472135
5,YZt,251,148,0.02717975754895406,0.009842346916814324
5,YZt,252,159,0.028215851216318047,0.009970028280168929
5,YZt,253,171,0.02733138680205094,0.009866799945867288
5,YZt,254,188,0.026781253996639855,0.009982078438256657
5,YZt,255,174,0.02928426086796929,0.00996709287901511
5,YZt,256,160,0.03347284369949347,0.009906616370340765
5,YZt,257,145,0.04034182608455568,0.00994300293159564
5,YZt,258,132,0.055099869032364704,0.009892639820184432
5,YZt,259,134,0.15985145372638462,0.009940489120210652
5,XZt,0,134,0.15503504759890702,0.009885467516937663
5,XZt,1,132,0.05391575081141462,0.009856591950066785
5,XZt,2,146,0.039322117454590653,0.0098944262726749
5,XZt,3,161,0.03300969548970912,0.009967330927112656
5,XZt,4,176,0.028524805687641035,0.009895130924166292
5,XZt,5,190,0.026284875348520607,0.009863085742788373
5,XZt,6,173,0.026994257031164676,0.00990105901152054
5,XZt,7,161,0.02747280112081207,0.009907767006865197
5,XZt,8,148,0.027678843560294705,0.009972300949737434
5,XZt,9,149,0.030137807758448487,0.009983540588203952
5,XZt,10,143,0.031671102147945975,0.009884375943593657
5,XZt,11,144,0.033339164539043474,0.009885356232384762
5,XZt,12,140,0.03508060974224254,0.009844738613695066
5,XZt,13,140,0.03525622089051234,0.00988502159567638
5,XZt,14,138,0.036210032144020285,0.009889077575266093
5,XZt,15,136,0.03786512999139675,0.009869070753121567
5,XZt,16,135,0.038922200844829356,0.009977155546713001
5,XZt,17,133,0.03969478889131737,0.009969964459574446
5,XZt,18,133,0.039677724438191043,0.009950587936459095
5,XZt,19,134,0.039630517820517526,0.009987156646541418
5,XZt,20,132,0.04062204263310595,0.009840448565890125
5,XZt,21,132,0.04076851359992645,0.0099422908780778
5,XZt,22,132,0.04148150873350326,0.009866285970162753
5,XZt,23,130,0.04199016787262702,0.00994372726939847
5,XZt,24,131,0.0424159354625461,0.00994690309333739
5,XZt,25,131,0.04312876473005327,0.009925758596111455
5,XZt,52,132,0.04315728756692956,0.009953316784320756
5,XZt,53,132,0.043296008118845423,0.009909388272217497
5,XZt,54,133,0.042381196373031824,0.009841442188338713
5,XZt,55,132,0.04243767563139529,0.009986814674158066
5,XZt,56,133,0.04134846850625707,0.00991983792750984
5,XZt,57,134,0.04113806549104988,0.0099097835870824
5,XZt,58,134,0.04060157512336636,0.009997848986875996
5,XZt,59,134,0.03958195560117649,0.009950651110911302
5,XZt,60,135,0.03892063869747018,0.00986831491122417
5,XZt,61,136,0.03778975059386895,0.00986928436700938
5,XZt,62,136,0.03685101643127339,0.009914263622712045
5,XZt,63,136,0.03650498681187396,0.009991497641768488
5,XZt,64,137,0.03485215975860332,0.009842270584778726
5,XZt,65,136,0.03457213219279337,0.00997557680342387
5,XZt,66,137,0.032704024767599794,0.009898309948138088
5,XZt,67,137,0.03125098045073453,0.0098688311116754
5,XZt,68,137,0.02913556739176812,0.009931288624959496
5,XZt,69,136,0.02724717133953886,0.009977991883579692
5,XZt,70,136,0.024470406905595037,0.009870227708322198
5,XZt,71,136,0.022381425678432775,0.009998225852493542
5,XZt,72,136,0.02050384399498044,0.009921745041213275
5,XZt,73,136,0.018815020307741216,0.009997607064634083
5,XZt,74,135,0.017540780373049104,0.00997854428078879
5,XZt,75,136,0.016302650321617332,0.009964508210577457
5,XZt,76,136,0.015112129881620492,0.00987911880472991
5,XZt,77,136,0.014283434505374483,0.00989810005869285
5,XZt,78,136,0.01347885465691572,0.009908871476751237
5,XZt,79,136,0.012846964632599236,0.009900312967961147
5,XZt,80,136,0.012173970354475316,0.009853653487317841
5,XZt,81,136,0.011742332215748002,0.0098898682625954
5,XZt,82,136,0.01138404764814738,0.009937452035433836
5,XZt,83,136,0.011037369384035985,0.00998074857128129
5,XZt,84,136,0.010697714742439914,0.009966492157247158
5,XZt,85,136,0.010345720336578048,0.009915772109536881
5,XZt,86,136,0.010143083090857128,0.009952062416060704
5,XZt,87,137,0.00985765378852429,0.009895545788958238
5,XZt,88,137,0.009614639551154571,0.00990804323259532
5,XZt,89,137,0.009426243633194968,0.009905617289686117
5,XZt,90,137,0.009259796143726105,0.009907770101874021
5,XZt,91,136,0.009140077511489535,0.009968637206185117
5,XZt,92,137,0.008883679287132252,0.009934203737999458
5,XZt,93,137,0.008735833641664444,0.009968469941265112
5,XZt,94,137,0.008474633269672825,0.009894991469910071
5,XZt,95,136,0.008395232588172645,0.00999709137882684
5,XZt,96,137,0.008105595481312624,0.009889392694999112
5,XZt,97,137,0.007945181492972167,0.009914391207366043
5,XZt,98,137,0.007747031403584286,0.00993029858853987
5,XZt,99,138,0.007549039573539879,0.009922888515440164
5,XZt,100,138,0.007346883345646159,0.009846418918009513
5,XZt,101,137,0.007330298038355189,0.009940444004598923
5,XZt,102,137,0.0071533873287249975,0.009886041756339819
5,XZt,103,138,0.006946010750238654,0.009862886374214026
5,XZt,104,138,0.006860177440522257,0.009965731780784987
5,XZt,105,138,0.006736978218654233,0.009880234236169268
5,XZt,106,137,0.006707566546250152,0.009896765104115834
5,XZt,107,137,0.006588979055115183,0.009894777248849186
5,XZt,108,137,0.006511244293047392,0.009927331361896717
5,XZt,109,138,0.0063863222914215,0.009957827660365157
5,XZt,110,139,0.006237210075475043,0.009835933350499803
5,XZt,111,137,0.006337524728961971,0.009983638492380839
5,XZt,112,137,0.0062850250663274475,0.009924212617568562
5,XZt,113,137,0.0062467857136461755,0.00996266314727024
5,XZt,114,137,0.006159971262263983,0.00999752655038678
5,XZt,115,139,0.005945836982811739,0.009850143686202885
5,XZt,116,139,0.0059251758415146015,0.009904474917529786
5,XZt,117,138,0.005958891184694371,0.009918144168065657
5,XZt,118,137,0.005987836087560926,0.009886773368891186
5,XZt,119,137,0.005985673288285285,0.009929922619028008
5,XZt,120,137,0.005967782733956457,0.009972054948262074
5,XZt,121,137,0.005912492438187148,0.009891799366934444
5,XZt,122,136,0.005971201019946192,0.00998291321080732
5,XZt,123,136,0.005952602424744266,0.009957950452671657
5,XZt,124,136,0.005911560804378036,0.009928546001366884
5,XZt,125,136,0.005917168194100758,0.009937933017247274
5,XZt,126,136,0.005874428703414255,0.009876216540961866
5,XZt,127,136,0.005867973370279503,0.00989677246293167
5,XZt,128,136,0.005861220255102729,0.009956601963881942
5,XZt,129,137,0.005793807145593363,0.009910707216317838
5,XZt,130,137,0.005808223604049839,0.009929081075101287
5,XZt,131,137,0.005803116817911146,0.009832385256958164
5,XZt,132,136,0.005892769350304411,0.009899842161152127
5,XZt,133,136,0.005923044237341958,0.009906610179601255
5,XZt,134,136,0.005926106350908873,0.00990464481116006
5,XZt,135,136,0.005989199917553193,0.00998264212857108
5,XZt,136,136,0.006008407877543578,0.009961190236814764
5,XZt,137,137,0.005979947512812366,0.009845789810775527
5,XZt,138,137,0.006052095218493343,0.009929822255149514
5,XZt,139,137,0.00608494807811758,0.009945151119766843
5,XZt,140,137,0.0061545822425017015,0.009946599429750763
5,XZt,141,137,0.006197878399930967,0.009934982731773123
5,XZt,142,138,0.0061987442302758235,0.009979706980831034
5,XZt,143,139,0.006168203330401415,0.009953150417274043
5,XZt,144,139,0.006221447131415871,0.009913516252957487
5,XZt,145,138,0.006340811262463366,0.009850299729861543
5,XZt,146,137,0.006531277720055623,0.00990404301080623
5,XZt,147,137,0.006592076343296782,0.00985715231714896
5,XZt,148,137,0.0067218765996476335,0.009972461231808642
5,XZt,149,138,0.006746850550124124,0.009979183071977513
5,XZt,150,138,0.006840947317091383,0.00994814115868769
5,XZt,151,137,0.007040070452732647,0.009885023146741717
5,XZt,152,136,0.0072844128440888445,0.009966247935420931
5,XZt,153,136,0.007477960430285702,0.009927018604853139
5,XZt,154,137,0.007630625104939687,0.009932611607281473
5,XZt,155,137,0.007834639316764532,0.009991694060480737
5,XZt,156,137,0.007980962188087713,0.009835455175022878
5,XZt,157,136,0.00828728906903595,0.009852393822277688
5,XZt,158,136,0.008554381078367892,0.009907861404199378
5,XZt,159,136,0.00871617050249279,0.009932699979926561
5,XZt,160,136,0.008950775631292868,0.009976896602299015
5,XZt,161,135,0.009226942796492294,0.009994604594652203
5,XZt,162,135,0.009397001132579153,0.009891534312924692
5,XZt,163,135,0.009573785882686018,0.00986761999829897
5,XZt,164,134,0.009879815073260977,0.009966289857388228
5,XZt,165,134,0.010042933410107835,0.009956270876763611
5,XZt,166,135,0.010150235664014184,0.009841620959620006
5,XZt,167,134,0.010436514679438074,0.009926940993245986
5,XZt,168,133,0.010674849378598635,0.009898345574686952
5,XZt,169,133,0.010971691023051086,0.009939751434980793
5,XZt,170,133,0.011226274816741993,0.009949285451818533
5,XZt,171,133,0.01144095867337352,0.009916592750598658
5,XZt,172,133,0.01169017053462928,0.00986471823715245
5,XZt,173,132,0.01203782749807435,0.009942093868883254
5,XZt,174,132,0.012179134868686554,0.009906328109928584
5,XZt,175,132,0.012393526143480356,0.009906068474914466
5,XZt,176,132,0.012524254175508445,0.00990682607935648
5,XZt,177,132,0.012623727082510305,0.009840102274045073
5,XZt,178,131,0.012866189752410646,0.00998658399930407
5,XZt,179,131,0.012868831722604118,0.009957501618272425
5,XZt,180,131,0.012976500223646045,0.00995049895225155
5,XZt,181,132,0.01287982266774262,0.00983909760815316
5,XZt,182,131,0.013176855604736368,0.009948764564329386
5,XZt,183,131,0.013255486702404343,0.009912718944886925
5,XZt,184,131,0.013515406269089088,0.009985433999905168
5,XZt,185,131,0.013587553596593839,0.009865550118579525
5,XZt,186,132,0.013731702236110806,0.00988343434051217
5,XZt,187,131,0.01422941091333558,0.009949894531964156
5,XZt,188,131,0.01453557948479451,0.009984136828957239
5,XZt,189,131,0.014891532163422837,0.009835862814258696
5,XZt,190,131,0.0155802452758973,0.00989762333753282
5,XZt,191,131,0.016240581101796266,0.009947557402907857
5,XZt,192,131,0.01704529861818768,0.00993232410131487
5,XZt,193,132,0.017574812361638416,0.009927337925827865
5,XZt,194,132,0.01833426392790912,0.00988345916151389
5,XZt,195,132,0.01884907875047712,0.009915993221584856
5,XZt,196,133,0.019292374742536193,0.009879094360822165
5,XZt,197,133,0.019657465383726747,0.00995610532907562
5,XZt,198,133,0.019872276467951124,0.009949133657540467
5,XZt,199,132,0.02019499143568279,0.009972210621775746
5,XZt,200,132,0.020173464461621705,0.009971048969705288
5,XZt,201,133,0.020059680699060455,0.009930790338264238
5,XZt,202,133,0.02007682979080342,0.009893483688950657
5,XZt,203,132,0.02001144690850323,0.009898483045494138
5,XZt,204,131,0.02031522136726442,0.00999518406873235
5,XZt,205,132,0.02013213727525879,0.00988850932660391
5,XZt,206,132,0.020124394436475488,0.009841767791119286
5,XZt,207,132,0.020075498879283345,0.009891633515257072
5,XZt,208,131,0.020287830267277825,0.009906684081301588
5,XZt,209,131,0.020506188504987675,0.009975348174230927
5,XZt,210,131,0.020569884575030704,0.0099156638710725
5,XZt,211,132,0.020398181223801545,0.009901211929957526
5,XZt,212,131,0.020914385920487798,0.0099218717570119
5,XZt,213,130,0.021564314290908927,0.009906834978349368
5,XZt,214,130,0.022395147525141282,0.009964177770851785
5,XZt,215,130,0.02350440609898645,0.009945583939124994
5,XZt,216,129,0.02502813451837107,0.009882586510742978
5,XZt,217,129,0.02704264077913044,0.009927916693047191
5,XZt,218,130,0.028868474801716316,0.009888120914119222
5,XZt,219,131,0.03132541432078203,0.009889014782680382
5,XZt,220,130,0.034396974080732064,0.009912514387523337
5,XZt,221,130,0.037293291843088654,0.009947216766547003
5,XZt,222,131,0.03963527556161888,0.009955248672062317
5,XZt,223,133,0.04082812491293456,0.009857791197864738
5,XZt,224,133,0.04221059605187061,0.009848602962867945
5,XZt,225,132,0.04442362892971289,0.00991725021947118
5,XZt,226,132,0.04477470524665282,0.00992883554701102
5,XZt,227,133,0.044403308045909855,0.009875051747939649
5,XZt,228,133,0.044295091941357514,0.009872961296635748
5,XZt,229,132,0.044162434218132644,0.009889366726101871
5,XZt,230,133,0.04396804723841897,0.009982475866277143
5,XZt,231,133,0.044189983636988964,0.009875596706528779
5,XZt,232,131,0.04423203027559222,0.00995735495359012
5,XZt,233,133,0.042863998012343044,0.009848098935626744
5,XZt,234,133,0.043438235489507426,0.009944109269840804
5,XZt,235,133,0.04232823442331533,0.009886420170015177
5,XZt,236,132,0.04202389705453309,0.009905365375442593
5,XZt,237,134,0.04168224569683233,0.009901448852086827
5,XZt,238,134,0.04084680666375923,0.009944581064461711
5,XZt,239,133,0.041117939783941224,0.009961845147087305
5,XZt,240,136,0.039605136345300336,0.009984814035406742
5,XZt,241,135,0.03942836268930882,0.009904779485589045
5,XZt,242,135,0.039438383853307855,0.009937820005970396
5,XZt,243,137,0.03857873271279645,0.009880378554097187
5,XZt,244,137,0.03823896912190594,0.009973723411146888
5,XZt,245,139,0.03655737464962203,0.009995839819526734
5,XZt,246,141,0.03566227381276449,0.009990978955045067
5,XZt,247,141,0.03526980517286757,0.009905331708998471
5,XZt,248,145,0.03363011611372224,0.009949738894537338
5,XZt,249,144,0.03209260619065389,0.009942715726107084
5,XZt,250,150,0.0303458849508927,0.00999452712436023
5,XZt,251,149,0.02803502950446864,0.009990601048722996
5,XZt,252,162,0.027881539860550555,0.00987759657108027
5,XZt,253,173,0.027589337050660825,0.009991815669349627
5,XZt,254,190,0.02667294641500792,0.009983053356668952
5,XZt,255,177,0.0285090706080596,0.009863775923337053
5,XZt,256,163,0.032768578742340966,0.009884405803508963
5,XZt,257,148,0.03932288016396612,0.00990037259156831
5,XZt,258,134,0.05422410566852127,0.009940518040366884
5,XZt,259,137,0.15335848479455824,0.009862666014785164
6,XYt,73,71,0.019905625002700027,0.009838756255509267
6,XYt,74,70,0.019952646894545987,0.009989140392712832
6,XYt,75,71,0.01947274505510073,0.009875819571954342
6,XYt,76,71,0.019235583126227408,0.009868115803668592
6,XYt,77,71,0.018988723515287746,0.00987005970773621
6,XYt,78,71,0.018760140123192267,0.009895391156047614
6,XYt,79,72,0.01827217695802708,0.009864068535984951
6,XYt,80,72,0.018089308680968964,0.009987059544462492
6,XYt,81,73,0.017655586448753393,0.009929907178497344
6,XYt,82,73,0.01750468237891428,0.009985202909279388
6,XYt,83,74,0.017164451434209395,0.009898030739983264
6,XYt,84,75,0.017011669967439875,0.00988472099461999
6,XYt,85,75,0.017007015980110972,0.009953830810117246
6,XYt,86,76,0.016665589865388065,0.009848260071464983
6,XYt,87,76,0.01668346873302402,0.00999368204554912
6,XYt,88,77,0.016349924340061182,0.009932361998550686
6,XYt,89,78,0.015997073218911393,0.009849149851896697
6,XYt,90,78,0.016019287638609638,0.009974127397778344
6,XYt,91,78,0.015849125703071808,0.009970499924764386
6,XYt,92,79,0.015510255872883353,0.009841132933617944
6,XYt,93,79,0.015471062073970114,0.009917320949857074
6,XYt,94,80,0.015240256961061207,0.009855582431179242
6,XYt,95,80,0.015239365797001605,0.009943344791690288
6,XYt,96,80,0.015085102636617722,0.009951421190649313
6,XYt,97,81,0.014810456452269756,0.00987289576149951
6,XYt,98,81,0.014818425553421428,0.009959260425314479
6,XYt,99,82,0.014560172915518792,0.009853170569916525
6,XYt,100,82,0.014544819534197343,0.009892024502262009
6,XYt,101,82,0.01450450726563157,0.009903907629714144
6,XYt,102,82,0.014397246109885863,0.009872117382017277
6,XYt,103,82,0.014412424154960175,0.009919812424721022
6,XYt,104,82,0.014423875960455133,0.00996456106452983
6,XYt,105,82,0.014410392263704434,0.009986445361537194
6,XYt,106,82,0.014309328750219273,0.00994501175023681
6,XYt,107,82,0.014298885799961093,0.009957351181084229
6,XYt,108,82,0.014332065442267058,0.009982005248337457
6,XYt,109,82,0.01427320590280185,0.009936930681940945
6,XYt,110,82,0.014293073499120706,0.009919916290214322
6,XYt,111,81,0.014462681147081153,0.009981938585908389
6,XYt,112,81,0.014458046099611266,0.009921568254517144
6,XYt,113,80,0.014629210432958565,0.009964781863307732
6,XYt,114,80,0.014659832894077683,0.009909481571041797
6,XYt,115,79,0.014854016740511268,0.009953721907257636
6,XYt,116,79,0.014889230808893273,0.009892833319686102
6,XYt,117,78,0.01513796157461585,0.00995169674392143
6,XYt,118,78,0.015286636590047954,0.009929827736587528
6,XYt,119,78,0.015363212506913835,0.009878012405119182
6,XYt,120,78,0.015447508357774965,0.009858772108307115
6,XYt,121,78,0.015576637937611559,0.00990213186840439
6,XYt,122,78,0.015677129279787788,0.009923963492825948
6,XYt,123,78,0.015672462069536073,0.00988073918452113
6,XYt,124,78,0.015847825802004126,0.009945026858974942
6,XYt,125,78,0.015979831011298688,0.009954034056326761
6,XYt,126,78,0.015996181411550313,0.009869928676168056
6,XYt,127,78,0.01619350101353011,0.009861763228141225
6,XYt,128,77,0.016539385282845036,0.009925786168961408
6,XYt,129,77,0.01670800228498157,0.009839140227704136
6,XYt,130,76,0.017176163144148205,0.009989019518732954
6,XYt,131,76,0.01716518874062517,0.00986756056524054
6,XYt,132,75,0.017571180475936747,0.009976178130823764
6,XYt,133,75,0.01755194850784761,0.009834622151066912
6,XYt,134,74,0.01794766442194132,0.009908993096313
6,XYt,135,73,0.0183358001187622,0.009953685246620993
6,XYt,136,73,0.018480069872941277,0.009828060643819667
6,XYt,137,72,0.019012400128598287,0.009930972827571242
6,XYt,138,71,0.019202037806237165,0.009921435198815979
6,XYt,139,71,0.01921502658665396,0.009851955975099335
6,XYt,140,70,0.01953901924458765,0.009977609951021451
6,XYt,141,70,0.01957422608392311,0.009983592112796333
6,XYt,142,71,0.019226482296809864,0.00983947564569729
6,XYt,143,70,0.019495890467979372,0.00998544044886918
6,XYt,144,71,0.01924916470258376,0.00987171349194303
6,XYt,145,71,0.019234670535697402,0.009851965779603147
6,XYt,146,71,0.019302324212784636,0.009886741422552494
6,XYt,147,70,0.019535620839988194,0.009982184267012468
6,XYt,148,70,0.019525072251359066,0.009956036106226213
6,XYt,149,70,0.0195226525532582,0.009937017627520937
6,XYt,150,70,0.019645386558095692,0.009998631685990382
6,XYt,151,70,0.01958419799563452,0.009953132085920108
6,XYt,152,70,0.019651451693527184,0.009997199119100745
6,XYt,153,70,0.01953420384458613,0.009945489283179159
6,XYt,154,70,0.019458153826124886,0.00992699118987714
6,XYt,155,70,0.019449352704535634,0.009917726770189718
6,XYt,156,70,0.01939504678117287,0.009927599861749811
6,XYt,157,70,0.01943079547972844,0.009990275999484599
6,XYt,158,70,0.019223329128758716,0.00998096816707424
6,XYt,159,71,0.018795458464606982,0.009918258640228522
6,XYt,160,72,0.018333263244255077,0.009850195908570347
6,XYt,161,72,0.01821785845564014,0.009920974898866114
6,XYt,162,73,0.017817037677665466,0.009862772580753354
6,XYt,163,73,0.01780391037970601,0.009997184089210517
6,XYt,164,74,0.017439638007793037,0.009940066182233332
6,XYt,165,75,0.017201615466928926,0.009929862323619578
6,XYt,166,75,0.017038264775453817,0.009984846051853473
6,XYt,167,76,0.016602654761985285,0.009932636459755454
6,XYt,168,76,0.016401597665347226,0.009981571396968631
6,XYt,169,77,0.016012681987669464,0.009877244751568015
6,XYt,170,77,0.01596151653640692,0.00995014578110849
6,XYt,171,77,0.015783370939634046,0.009935420083573916
6,XYt,172,77,0.01569028198633377,0.009944734392894228
6,XYt,173,77,0.015575619344534872,0.00992539149145763
6,XYt,174,77,0.015557829419133036,0.009946658467610585
6,XYt,175,78,0.01528425005976447,0.009845686720559027
6,XYt,176,78,0.015200232601772078,0.009849261545537216
6,XYt,177,77,0.015320044838542225,0.00998297825409023
6,XYt,178,77,0.015238328347709593,0.009980023463762713
6,XYt,179,77,0.015138422557464497,0.009975192088568724
6,XYt,180,77,0.014987911415547034,0.009935589139423034
6,XYt,181,77,0.014941945153859278,0.009953515958988688
6,XYt,182,77,0.014935681504150651,0.009983439457940222
6,XYt,183,78,0.014663312932682089,0.009835084855595628
6,XYt,184,78,0.01467883144553036,0.009865213100432774
6,XYt,185,78,0.014660066269555261,0.009870547934528892
6,XYt,186,78,0.014611946219431526,0.009848214844715666
6,XYt,187,78,0.01459636663513894,0.009843653504847233
6,XYt,188,78,0.01460931070332806,0.009843787611901677
6,XYt,189,78,0.014664447036800823,0.009857725328572126
6,XYt,190,78,0.01470728479392884,0.009863752995817312
6,XYt,191,78,0.01471345610994922,0.009851975039403342
6,XYt,192,77,0.01492097290204768,0.009971946013795136
6,XYt,193,77,0.014850592642939489,0.009898970257640307
6,XYt,194,76,0.015000818084600446,0.00995469336493372
6,XYt,195,76,0.015046162385014994,0.009926047836901349
6,XYt,196,76,0.015151943002072244,0.00991207084316336
6,XYt,197,76,0.015253530340084047,0.009890491853257438
6,XYt,198,76,0.015448757622402682,0.009880905917330809
6,XYt,199,76,0.015601395177000177,0.00989664108788054
6,XYt,200,76,0.015633349171110304,0.009887477945510486
6,XYt,201,76,0.015640892903045794,0.009876542239244135
6,XYt,202,76,0.015678631273536792,0.00987424745211381
6,XYt,203,76,0.015713988179887662,0.009874709930218165
6,XYt,204,76,0.01591692021263105,0.00994227507122189
6,XYt,205,76,0.01595798428518307,0.0099115998214072
6,XYt,206,76,0.01613584372695693,0.0099284257795346
6,XYt,207,77,0.01619496869089711,0.009840125178763946
6,XYt,208,77,0.016535226769467348,0.0098454114706215
6,XYt,209,76,0.01704597254476972,0.009988384503399027
6,XYt,210,76,0.017161120478837538,0.009926996055075589
6,XYt,211,76,0.01728528583838982,0.009882910835550958
6,XYt,212,76,0.017434505413588517,0.00983432476461265
6,XYt,213,75,0.017886998629000145,0.009955520269192015
6,XYt,214,75,0.01799114685947563,0.009842325964508397
6,XYt,215,75,0.018320430820749196,0.009854593035007627
6,XYt,216,74,0.018990766327761043,0.009985963338508402
6,XYt,217,74,0.019283911347383005,0.009923447610917178
6,XYt,218,74,0.019561851964395183,0.00990096880789201
6,XYt,0,151,0.0021769024335442895,0.009974837024937297
6,XYt,1,148,0.0026394218007056817,0.009888735389600983
6,XYt,2,140,0.0026733580057149873,0.009922029067788322
6,XYt,3,118,0.0026795747240386863,0.009871919515997155
6,XYt,4,107,0.0022702992926870464,0.009816754818268726
6,XYt,5,128,0.002480499113511647,0.00983812135951842
6,XYt,6,150,0.0025912980003901798,0.009917971877626932
6,XYt,7,161,0.002630811162733885,0.009986455034001989
6,XYt,8,167,0.002676293805920952,0.009840258243219033
6,XYt,9,171,0.002818559602013087,0.009950041152520897
6,XYt,10,179,0.0028021303296779892,0.009981409033862654
6,XYt,11,185,0.0027787176732514355,0.009896350445367774
6,XYt,12,187,0.0028424395014743455,0.009975818260902424
6,XYt,13,189,0.0029225740923068326,0.009992593547472894
6,XYt,14,190,0.0030101109757440753,0.009955192534391033
6,XYt,15,189,0.0030188201634569947,0.009905716660547341
6,XYt,16,188,0.0029193749525947494,0.009978057957735037
6,XYt,17,187,0.0029051417562578454,0.009941522096022603
6,XYt,18,184,0.00297846502892123,0.009946675731879354
6,XYt,19,181,0.003071783107152688,0.009942135275836424
6,XYt,20,178,0.003143752282426888,0.009964675772798248
6,XYt,21,174,0.0031890928510087306,0.00999504102497788
6,XYt,22,169,0.00317622498404345,0.009886841836060645
6,XYt,23,161,0.0032171420617943605,0.009940052685557385
6,XYt,24,152,0.003207137743042564,0.009835120321436033
6,XYt,25,141,0.0032336740651416015,0.009851830694469528
6,XYt,26,129,0.00321630920224628,0.009863324280243328
6,XYt,27,116,0.0031315453052607185,0.009837550245388632
6,XYt,28,99,0.003171988967476259,0.009888545453616377
6,XYt,29,80,0.0032375398319675498,0.00983884406865386
6,XYt,30,78,0.002982628545455757,0.009822303914788466
6,XYt,31,95,0.003010641535162576,0.009973118015461978
6,XYt,32,110,0.0032440068194656926,0.009991968426405616
6,XYt,33,118,0.003479352132886999,0.009899970938331141
6,XYt,34,119,0.003816170915846598,0.00986195150336609
6,XYt,35,113,0.004323859159146644,0.009960403748882532
6,XYt,36,102,0.0048506820312482135,0.009893064398233165
6,XYt,37,86,0.005390036564404152,0.009838833160231326
6,XYt,38,82,0.006163172745634308,0.009826572628678086
6,XYt,39,98,0.0073754754517089665,0.009922563411310144
6,XYt,40,106,0.009190520853791576,0.009904805414076368
6,XYt,41,94,0.011525506259347782,0.009850121816544993
6,XYt,42,82,0.016934156300978505,0.009936056863620868
6,XYt,43,105,0.02085986192486743,0.009931162492472318
6,XYt,44,129,0.024042438173065915,0.009971284078711031
6,XYt,45,140,0.02715705205249864,0.00991011243680656
6,XYt,46,144,0.02925870368104189,0.009837240946246266
6,XYt,47,144,0.03000836057216885,0.009967076803833644
6,XYt,48,143,0.029453307724225917,0.009899958471100817
6,XYt,49,139,0.029536280820937368,0.009978150460817462
6,XYt,50,134,0.029339322790885025,0.009883358248240312
6,XYt,51,126,0.02989545469818573,0.009984968051233554
6,XYt,52,117,0.029952706382408746,0.00994541644065305
6,XYt,53,106,0.029975972569930676,0.009983383555578025
6,XYt,54,95,0.028397600903525992,0.009823702990041759
6,XYt,55,84,0.025827502760959985,0.009843480144240134
6,XYt,56,76,0.022347046556362906,0.009950168971832042
6,XYt,57,73,0.019433494128635896,0.009930325994385026
6,XYt,58,72,0.018497081817433775,0.00982481839264231
6,XYt,59,70,0.019357064818506117,0.009983410969275524
6,XYt,60,69,0.020150664648982245,0.009985912824157374
6,XYt,61,69,0.020516393173096007,0.009933031389637824
6,XYt,62,70,0.020870300917670444,0.009961555021761638
6,XYt,63,72,0.020950128756814203,0.009855149004025482
6,XYt,64,72,0.02153061889308904,0.00997420487279663
6,XYt,65,73,0.021419600553945966,0.009834144145697719
6,XYt,66,73,0.021492002573088385,0.009836983462294039
6,XYt,67,72,0.021529657077413233,0.009893307404591503
6,XYt,68,72,0.021248991709796054,0.009826742464915857
6,XYt,69,71,0.021159802058993107,0.009900637099241083
6,XYt,70,71,0.020903385329679232,0.009908459645737422
6,XYt,71,71,0.02066885819870348,0.009938605195653151
6,XYt,72,71,0.020249159990836863,0.009871340028408608
6,XYt,219,74,0.019808275665096322,0.009890280247657625
6,XYt,220,73,0.020296931564687565,0.009982548745563494
6,XYt,221,74,0.020228852192529335,0.009863352571693036
6,XYt,222,73,0.02072708428967164,0.009990058450000158
6,XYt,223,74,0.020715690357284728,0.009891963743353127
6,XYt,224,74,0.020903880907502666,0.009885460925204627
6,XYt,225,74,0.021112624084783205,0.009900241961196892
6,XYt,226,74,0.021326547768260935,0.009905890015426598
6,XYt,227,74,0.02168826205428364,0.009975545525722667
6,XYt,228,74,0.02185761284409384,0.009940917515517086
6,XYt,229,75,0.021871748237439304,0.009851438501328358
6,XYt,230,74,0.02249793280560511,0.009997191604158455
6,XYt,231,75,0.022476625082161007,0.009858532060997927
6,XYt,232,75,0.022823629233554823,0.009874980016107834
6,XYt,233,75,0.023318164410507183,0.009951519333785432
6,XYt,234,75,0.023531308727983286,0.009898281214458526
6,XYt,235,75,0.024048537610089144,0.009996484637538874
6,XYt,236,76,0.023987215292688487,0.009873123501991952
6,XYt,237,76,0.024106408647381054,0.009870219553019983
6,XYt,238,76,0.024281451337116317,0.009939456114173382
6,XYt,239,77,0.024073760644374255,0.009855119055465326
6,XYt,240,77,0.02416248079194849,0.009884314904992617
6,XYt,241,77,0.024082103428780945,0.00984085701100122
6,XYt,242,76,0.024474081527335823,0.009995123169925737
6,XYt,243,77,0.02409805953901635,0.009843706384676305
6,XYt,244,76,0.024457883341208964,0.00999085342267263
6,XYt,245,76,0.024372291449872983,0.00995407233299999
6,XYt,246,76,0.024307146771070025,0.009930315186455124
6,XYt,247,76,0.02419674730770384,0.009894803823359352
6,XYt,248,75,0.024392828167493098,0.009991149372691665
6,XYt,249,75,0.02422626004635651,0.00993863111302891
6,XYt,250,75,0.024014534420219846,0.009888827642905773
6,XYt,251,74,0.024100719186916364,0.009970267949765702
6,XYt,252,74,0.023743245441220605,0.009912380514237509
6,XYt,253,74,0.023533642010672248,0.009886207314105062
6,XYt,254,74,0.023340810013494896,0.009916697036341968
6,XYt,255,75,0.022892281457645977,0.009924391211054822
6,XYt,256,77,0.02224970020877218,0.009902112900666142
6,XYt,257,79,0.021356533699799795,0.009842604572007778
6,XYt,258,78,0.018527414265314738,0.009895391156047614
6,XYt,259,81,0.015882729210104973,0.009854446550192596
6,XYt,260,82,0.014492797402375275,0.009845575531411651
6,XYt,261,81,0.01407284643541359,0.009937084591299983
6,XYt,262,83,0.014021094265364985,0.009970477319549422
6,XYt,263,84,0.013950151071440063,0.009922764053116408
6,XYt,264,84,0.01389484654610287,0.009927662024183572
6,XYt,265,83,0.013915302646457786,0.009977793888984928
6,XYt,266,83,0.01381174439262416,0.009951292308907051
6,XYt,267,83,0.01373875848063686,0.009894603156925466
6,XYt,268,83,0.013715675091321246,0.009906719909885623
6,XYt,269,82,0.013837996534231208,0.009974295797571356
6,XYt,270,82,0.0137542029148908,0.009944786195631272
6,XYt,271,82,0.013708121638769869,0.009894380249710217
6,XYt,272,82,0.01368836983797531,0.00991868768652535
6,XYt,273,81,0.013825971923301598,0.009988807851440492
6,XYt,274,82,0.013592154797892683,0.009837711164376957
6,XYt,275,81,0.013819529938144526,0.009964151766049693
6,XYt,276,82,0.013655588449332876,0.009871007324102258
6,XYt,277,81,0.01372597942891008,0.009892178567822324
6,XYt,278,81,0.013786281801825173,0.009968103486699286
6,XYt,279,81,0.0137093675834919,0.009895808721335856
6,XYt,280,81,0.01371880101154077,0.00993672492570576
6,XYt,281,81,0.013713069719293751,0.009905931186764605
6,XYt,282,81,0.0137658422805394,0.00995506801389978
6,XYt,283,81,0.013757707203718893,0.009914160935204063
6,XYt,284,81,0.013804154592327218,0.009960342329557368
6,XYt,285,81,0.013803923505640775,0.009938085214021439
6,XYt,286,81,0.01382665177052399,0.009961012533992378
6,XYt,287,81,0.013816548368978632,0.009943090595081467
6,XYt,288,81,0.01386416145570335,0.009981918157010362
6,XYt,289,81,0.013879097318539193,0.00997996700455775
6,XYt,290,81,0.013890748087682338,0.009989470774128695
6,XYt,291,82,0.013723013368441365,0.009857930556239786
6,XYt,292,82,0.01373652718744846,0.009863406978099004
6,XYt,293,81,0.013899877013056732,0.009977749787209158
6,XYt,294,82,0.01373451747854641,0.009846087318104733
6,XYt,295,82,0.013805266743694474,0.009902147042568827
6,XYt,296,82,0.013732306575996759,0.00985184594610963
6,XYt,297,82,0.013753828562223722,0.009853899799532882
6,XYt,298,82,0.013820865133615112,0.00986848993300306
6,XYt,299,82,0.013782057909527343,0.009849174370121415
6,XYt,300,82,0.01379063342853443,0.009839146227150786
6,XYt,301,82,0.013834464801136247,0.009869117981608333
6,XYt,302,81,0.014024557150141389,0.009992505474362862
6,XYt,303,82,0.013802117659324596,0.009840040649179605
6,XYt,304,82,0.013816737776089992,0.009836821985868426
6,XYt,305,82,0.013846750719910003,0.00985977795728331
6,XYt,306,81,0.014040298346041797,0.009988499475327173
6,XYt,307,82,0.013863068948232917,0.009868604126631516
6,XYt,308,81,0.014055570268148897,0.00999951237925946
6,XYt,309,82,0.013918255684297769,0.009890684464675129
6,XYt,310,82,0.013862367947469126,0.00984063179570023
6,XYt,311,82,0.013972161656895467,0.009906878621990054
6,XYt,312,82,0.013917337677066585,0.009858809121884575
6,XYt,313,82,0.01402849393019445,0.009908218094203025
6,XYt,314,82,0.013976570497278507,0.009861453055914933
6,XYt,315,82,0.014157109727978458,0.00995848232988728
6,XYt,316,82,0.014014476925598924,0.009854827188368215
6,XYt,317,83,0.014038283291857334,0.009838947698064737
6,XYt,318,82,0.014117713218762413,0.009879222710062786
6,XYt,319,82,0.014351638961700964,0.009986892434563622
6,XYt,320,82,0.014254003623947971,0.009873744190459693
6,XYt,321,82,0.014496041853906173,0.009956956676864255
6,XYt,322,82,0.014528578726321623,0.009890119641411049
6,XYt,323,82,0.01486842102202651,0.009959408062598783
6,XYt,324,81,0.015315441845298625,0.00992757121284496
6,XYt,325,79,0.017672139873070012,0.00989370932834702
6,XYt,326,82,0.0226137589188083,0.009913125958949283
6,XYt,327,81,0.02439428592044565,0.009936559669581384
6,XYt,328,81,0.02491296187902061,0.00983710947752798
6,XYt,329,80,0.025706754919290597,0.009957746747491076
6,XYt,330,80,0.02606290430383673,0.009997975274861829
6,XYt,331,80,0.026182985558805126,0.009980477814308398
6,XYt,332,80,0.026102766220978534,0.009930622667467777
6,XYt,333,80,0.026382030227009714,0.009997250649981406
6,XYt,334,80,0.026449049441785007,0.009988998567094372
6,XYt,335,80,0.026586125000277305,0.00999746052822014
6,XYt,336,80,0.026566693574104135,0.009980854183712017
6,XYt,337,80,0.026628267114734053,0.009983849040699292
6,XYt,338,80,0.0265174485369124,0.009952151848469927
6,XYt,339,80,0.02655149115720143,0.00998714229238052
6,XYt,340,80,0.026009083588328194,0.009893079586305436
6,XYt,341,80,0.025639911560907308,0.009881131300858739
6,XYt,342,79,0.02555325875052564,0.009977580370038298
6,XYt,343,79,0.025188956088774108,0.00998495515269115
6,XYt,344,80,0.024372699277385366,0.00984990661963483
6,XYt,345,79,0.02433010925710776,0.009973057212518751
6,XYt,346,79,0.02404628658932268,0.009989018444291018
6,XYt,347,80,0.023472771010127808,0.009857512475204196
6,XYt,348,80,0.02323511887003361,0.009873239272591055
6,XYt,349,80,0.02312606422894939,0.009917417266052263
6,XYt,350,80,0.02275521591508386,0.009856169923236098
6,XYt,351,80,0.022675491310950306,0.0098905135561399
6,XYt,352,80,0.02244239217708592,0.009895682369023402
6,XYt,353,80,0.022291787956068322,0.009938362216968425
6,XYt,354,80,0.022209546814968124,0.009992428141235958
6,XYt,355,81,0.02185466973650435,0.009903899502145442
6,XYt,356,82,0.02150234371789738,0.009838810797927321
6,XYt,357,82,0.02154652754466109,0.009969209730839512
6,XYt,358,84,0.020900878380546602,0.00985047429347888
6,XYt,359,85,0.020625813450862642,0.009880773943384593
6,XYt,360,87,0.020109588476215648,0.009856788957142693
6,XYt,361,89,0.019746258697283033,0.00986580654616418
6,XYt,362,92,0.01951229246245765,0.009972097768330105
6,XYt,363,97,0.01895974375228395,0.009951578111354083
6,XYt,364,102,0.017666427856685686,0.00996294854658068
6,XYt,365,107,0.01723738843961532,0.009990728809515554
6,XYt,366,111,0.016648479841864572,0.009855920011988614
6,XYt,367,113,0.016485982933007532,0.009893782551564409
6,XYt,368,114,0.01631675170471403,0.00998248638734502
6,XYt,369,116,0.015876174339008467,0.00985571583142928
6,XYt,370,117,0.01563797089298094,0.009843669859463885
6,XYt,371,117,0.015636520599213923,0.009924821073634819
6,XYt,372,118,0.015342904268723022,0.009853240282026133
6,XYt,373,118,0.01530552775223524,0.009908500806398221
6,XYt,374,118,0.015134891742437038,0.009965895476237795
6,XYt,375,118,0.014920746427991969,0.009984942254132085
6,XYt,376,119,0.014479350918264824,0.009875098482034599
6,XYt,377,119,0.014334618757165199,0.009903538631372492
6,XYt,378,119,0.014112827704705838,0.009904642876169288
6,XYt,379,119,0.014043033057552754,0.009913247758312775
6,XYt,380,119,0.01396035525417827,0.009943162375249398
6,XYt,381,119,0.013931143419259304,0.009935839207177756
6,XYt,382,119,0.013845757545608297,0.009945695397658705
6,XYt,383,119,0.013821690747788194,0.009954372071999716
6,XYt,384,119,0.013697469249010054,0.00998875359082853
6,XYt,385,119,0.013487272843214118,0.00998158161177772
6,XYt,386,119,0.01330672427978801,0.009992054356018503
6,XYt,387,120,0.013107146120509849,0.009835492432235797
6,XYt,388,119,0.013288826195197877,0.009993747555710962
6,XYt,389,120,0.013123545034829997,0.009844488100763096
6,XYt,390,119,0.013289910066341663,0.009992931869884559
6,XYt,391,120,0.013133003419142492,0.009837900445377263
6,XYt,392,119,0.013289675041489386,0.0099814998930123
6,XYt,393,120,0.01316528574760084,0.009833841833504869
6,XYt,394,119,0.013351185431159228,0.009969649502802406
6,XYt,395,119,0.013490483467073428,0.009999208626663526
6,XYt,396,119,0.013497961917665311,0.00994885995966981
6,XYt,397,119,0.013624572678263057,0.009981933747488951
6,XYt,398,119,0.013580659128173368,0.009966328394674165
6,XYt,399,119,0.013534698700572648,0.009982064921585852
6,XYt,400,119,0.01346283211872449,0.009971230260919041
6,XYt,401,120,0.01327577692459949,0.00983573576980809
6,XYt,402,119,0.01341252041602087,0.009954463717014512
6,XYt,403,120,0.013269472638208834,0.009832242261792393
6,XYt,404,119,0.013458830389645252,0.009963246941323113
6,XYt,405,119,0.013556735033586589,0.009990188980259313
6,XYt,406,119,0.013577442392802551,0.009957699323464795
6,XYt,407,119,0.013662325251816062,0.009970109170263086
6,XYt,408,119,0.013769615498836959,0.009952638204970663
6,XYt,409,119,0.013949994729500615,0.00997172644995457
6,XYt,410,119,0.013985520871930123,0.009944850409066171
6,XYt,411,119,0.014130601547728244,0.009969801292293535
6,XYt,412,119,0.014243574660994426,0.009988670319019077
6,XYt,413,119,0.014326766996080511,0.009978117116781947
6,XYt,414,119,0.014435324236022043,0.009987290592128573
6,XYt,415,119,0.014491385740896524,0.009954721935783154
6,XYt,416,119,0.014652121692349614,0.009963080509256707
6,XYt,417,119,0.014866845171400073,0.009949551972310946
6,XYt,418,119,0.015024547704202128,0.009940044047675163
6,XYt,419,119,0.015180403974351109,0.009891038751375097
6,XYt,420,119,0.015632520790248353,0.009984957302449375
6,XYt,421,119,0.015769292143535844,0.009941666218269548
6,XYt,422,119,0.01592477257367201,0.009943681551712456
6,XYt,423,119,0.016072287758986434,0.009950593945753516
6,XYt,424,119,0.01621279655715095,0.00995530681156651
6,XYt,425,119,0.016389863772998604,0.009940934789756078
6,XYt,426,119,0.01667963075748909,0.009987648974095466
6,XYt,427,119,0.016761951243327494,0.00996017099996435
6,XYt,428,119,0.016885580467726632,0.0099842919301812
6,XYt,429,119,0.017001924829744493,0.009977328121364884
6,XYt,430,119,0.017219963049304465,0.00998312231538989
6,XYt,431,119,0.017431084822412644,0.009979028659574889
6,XYt,432,119,0.017713476165405004,0.009985316305580324
6,XYt,433,119,0.01800363913708343,0.009965475462766772
6,XYt,434,119,0.01833021710384903,0.009937245518536579
6,XYt,435,119,0.018770389604156244,0.009950076747937062
6,XYt,436,119,0.019163494438071374,0.00992492002049829
6,XYt,437,119,0.019504305875369422,0.009915693172887704
6,XYt,438,119,0.019678604396980357,0.009889785398427988
6,XYt,439,119,0.019857477038636356,0.009886676831702855
6,XYt,440,119,0.020044274574296753,0.009871330243147887
6,XYt,441,119,0.020324951155001356,0.009897242408817055
6,XYt,442,119,0.020659290401701558,0.009876351525418834
6,XYt,443,119,0.021005578319995475,0.009900522733061226
6,XYt,444,119,0.0212395467856713,0.009871649346372956
6,XYt,445,119,0.0214724344964103,0.009886102551644587
6,XYt,446,119,0.021711074915086483,0.009876902466422371
6,XYt,447,119,0.021967308594415723,0.009884568984413707
6,XYt,448,119,0.02224835738821985,0.009857824948901982
6,XYt,449,119,0.022645825019293266,0.009865732027440982
6,XYt,450,119,0.02303355878207451,0.009843226094564594
6,XYt,451,119,0.0234801253149353,0.009840938261745358
6,XYt,452,119,0.0239484759290495,0.009840420753924288
6,XYt,453,118,0.02461140891183676,0.009973026541866908
6,XYt,454,118,0.024897319248853998,0.009938134891531357
6,XYt,455,118,0.025090389362611897,0.009937444243876842
6,XYt,456,118,0.02515026709523394,0.009922057191848998
6,XYt,457,118,0.025077404340941266,0.009880596889148925
6,XYt,458,118,0.02497215848196666,0.009855926001221163
6,XYt,459,117,0.02515196994571039,0.009973024927619461
6,XYt,460,117,0.024977390423118966,0.009948000135677041
6,XYt,461,117,0.024777906795944153,0.009907286495018198
6,XYt,462,117,0.024692814668959746,0.009882368917815569
6,XYt,463,117,0.02464930164819337,0.009896467570989262
6,XYt,464,117,0.02460393966920801,0.009991541452683021
6,XYt,465,118,0.024066066847924887,0.009952947692187962
6,XYt,466,119,0.02325827050666318,0.009986298661339252
6,XYt,467,119,0.0198482671737576,0.00998116172074513
6,XYt,468,120,0.016363173646321005,0.009852881368319582
6,XYt,469,120,0.01488877702694678,0.009904151453673772
6,XYt,470,120,0.01403971592657436,0.009900151440384935
6,XYt,471,121,0.01399973472200297,0.009918166660674608
6,XYt,472,122,0.014031855607231008,0.009891682728544945
6,XYt,473,122,0.013964160041037664,0.009844357819059334
6,XYt,474,121,0.0140527555083802,0.009976982815399169
6,XYt,475,121,0.013909708466136353,0.009934882650504902
6,XYt,476,121,0.01380338408837077,0.009908604790463899
6,XYt,477,121,0.013771147761275833,0.009888334891746625
6,XYt,478,121,0.013660624131854796,0.009839839956677207
6,XYt,479,120,0.013829216341442347,0.009971410549378864
6,XYt,480,120,0.013718187675167151,0.009922649401152473
6,XYt,481,120,0.013718476858823842,0.00991873529707631
6,XYt,482,120,0.013631686348908822,0.009859567869600992
6,XYt,483,120,0.01365635127106809,0.009866172060509118
6,XYt,484,120,0.013602410089489638,0.009851975039403342
6,XYt,485,120,0.01362232998305768,0.009855768102055299
6,XYt,486,120,0.01358721243291968,0.009842046803878908
6,XYt,487,120,0.013550246039086439,0.00983217895029142
6,XYt,488,119,0.013772529733026742,0.009988449511053701
6,XYt,489,119,0.013785934612230395,0.009996129256543496
6,XYt,490,119,0.013779442285296397,0.009967221633360862
6,XYt,491,119,0.013777196007991842,0.009974893513178618
6,XYt,492,119,0.013759502112174036,0.009963208161284228
6,XYt,493,119,0.0137772755099557,0.009993529544820464
6,XYt,494,119,0.013729237176224953,0.009947949428553968
6,XYt,495,119,0.013778698132126403,0.009989247297813943
6,XYt,496,119,0.01377555073938406,0.009986496410551191
6,XYt,497,119,0.01378345783142965,0.009979943883076863
6,XYt,498,119,0.013763187669339243,0.009954081497815402
6,XYt,499,119,0.013796390273927055,0.009970047272483832
6,XYt,500,119,0.01377797649229987,0.009948496404514838
6,XYt,501,119,0.013794037296297983,0.009947252449138091
6,XYt,502,119,0.013794671178324927,0.009942211920654111
6,XYt,503,119,0.013796459025824817,0.009947432093240872
6,XYt,504,119,0.013818075302510205,0.009953063073461308
6,XYt,505,119,0.013795437501109634,0.009934707640898979
6,XYt,506,119,0.013824456083352095,0.009955126231466183
6,XYt,507,119,0.013798697037999718,0.009934677932172129
6,XYt,508,119,0.013862876927857109,0.009968426490378383
6,XYt,509,119,0.01383877061593442,0.00994892037110863
6,XYt,510,119,0.013895538216764492,0.009985128206747199
6,XYt,511,119,0.013866290825462096,0.00995771818532048
6,XYt,512,119,0.01392024159050434,0.009996541540271043
6,XYt,513,119,0.013898975850474537,0.009974779998388241
6,XYt,514,120,0.013738646339278137,0.009849927867133878
6,XYt,515,120,0.013723201278041735,0.009833547152025687
6,XYt,516,120,0.013810037360987095,0.009882892916902485
6,XYt,517,120,0.013825876327340633,0.009885397411692863
6,XYt,518,120,0.01394326810002922,0.009957657827256522
6,XYt,519,120,0.013974619709170731,0.009963504393865013
6,XYt,520,121,0.01387198397568281,0.009862691509884525
6,XYt,521,121,0.013895458022396914,0.009876995373563343
6,XYt,522,121,0.014042084782557284,0.009960140289631488
6,XYt,523,122,0.013939198366712365,0.009852536058119152
6,XYt,524,122,0.014119368289542782,0.00992369474008357
6,XYt,525,122,0.014285957233041836,0.00997538951999915
6,XYt,526,123,0.01430022216232911,0.009928949509860788
6,XYt,527,124,0.014230426510083266,0.0098664059390718
6,XYt,528,124,0.014272694070058151,0.009910332282735397
6,XYt,529,123,0.014248755228894718,0.009978798496155647
6,XYt,530,122,0.014137300572016322,0.009970945021771935
6,XYt,531,121,0.01432330669510435,0.00996909076838252
6,XYt,532,121,0.014941810450763704,0.009927582023762165
6,XYt,533,122,0.015731079522719554,0.009866468487050119
6,XYt,534,119,0.01727456210812556,0.009948412795738196
6,XYt,535,118,0.019894097664056882,0.009936765969284443
6,XYt,536,118,0.02315928088250775,0.00993461959477726
6,XYt,537,116,0.024403335625633543,0.009934828095372054
6,XYt,538,115,0.024117910760545657,0.009912264118027989
6,XYt,539,114,0.023910540978785904,0.009962188515268384
6,XYt,540,113,0.02352742444739234,0.009922229179562618
6,XYt,541,112,0.023492233974975248,0.009985212045521948
6,XYt,542,112,0.023450656770882296,0.009982657871508515
6,XYt,543,113,0.02338198063110883,0.00993264348326944
6,XYt,544,114,0.02325622448891154,0.009880209096701724
6,XYt,545,115,0.02306014286897179,0.0098316167699439
6,XYt,546,115,0.02287317388706148,0.00986842250376386
6,XYt,547,115,0.02252947906197922,0.009933286924135884
6,XYt,548,115,0.022047807456323502,0.00997045256139804
6,XYt,549,116,0.02141081772870526,0.009853293655026686
6,XYt,550,116,0.021190113163629905,0.009884433801945008
6,XYt,551,116,0.021044740465782443,0.009920537837549755
6,XYt,552,116,0.020910759485434742,0.00995385453137418
6,XYt,553,116,0.020760109904853087,0.009964373650996627
6,XYt,554,117,0.02044098614423569,0.009862778565824638
6,XYt,555,117,0.020308337132601613,0.009860478398638114
6,XYt,556,117,0.02020758673478803,0.009870468014869531
6,XYt,557,117,0.020067250725327865,0.00985751791908162
6,XYt,558,117,0.019910347785423894,0.009859688153510933
6,XYt,559,117,0.019669349947295866,0.009862745375838105
6,XYt,560,117,0.019330055708277935,0.009876349895370265
6,XYt,561,117,0.019042678556363383,0.009880960770180823
6,XYt,562,117,0.01897122421449232,0.009927815536700307
6,XYt,563,117,0.01891170999017503,0.009998823287654742
6,XYt,564,117,0.018479821227312072,0.009980795578552103
6,XYt,565,118,0.017851712065761915,0.00989686177528137
6,XYt,566,118,0.017415056896716588,0.009928070664928092
6,XYt,567,118,0.01706452993462707,0.009960719459787623
6,XYt,568,119,0.01651961905880792,0.009843475782927628
6,XYt,569,119,0.016192692403421003,0.009846188146212045
6,XYt,570,119,0.01596649712510356,0.009853390597084167
6,XYt,571,119,0.015802479420788825,0.009851082245692396
6,XYt,572,118,0.01593820136946247,0.009994894450942905
6,XYt,573,118,0.01587409265005299,0.009971711919823982
6,XYt,574,118,0.01586155730550328,0.009956350338676114
6,XYt,575,118,0.015769935092170072,0.009892215456403257
6,XYt,576,118,0.01568279628883467,0.009839658348249018
6,XYt,577,117,0.015794747711675505,0.00994986101618931
6,XYt,578,117,0.015575354318030277,0.009865438298524643
6,XYt,579,117,0.015497981004708956,0.00983842572198756
6,XYt,580,116,0.015619349919447344,0.009965461462012867
6,XYt,581,116,0.015521357994290991,0.009964299330860836
6,XYt,582,117,0.015236289314698217,0.009840306233236748
6,XYt,583,117,0.015137450226356127,0.009841150928302487
6,XYt,584,117,0.015054510918510478,0.009855866653210713
6,XYt,585,117,0.01502463760286503,0.009912291728415297
6,XYt,586,117,0.014919754715416407,0.009957892790516924
6,XYt,587,118,0.014484110453434677,0.009883410915634624
6,XYt,588,118,0.014130420246107302,0.009950001242357403
6,XYt,589,118,0.013736869764438024,0.009998310731558687
6,XYt,590,119,0.013208970593471267,0.00987280444641371
6,XYt,591,119,0.013067519862102037,0.009931419155730432
6,XYt,592,119,0.012935634653724907,0.009965190058896898
6,XYt,593,120,0.012686475795741873,0.00984720399991471
6,XYt,594,120,0.01263741220097024,0.009867486059763599
6,XYt,595,120,0.012687575261996004,0.009916153176842525
6,XYt,596,120,0.01265733529942544,0.009868268611113224
6,XYt,597,120,0.012686353899931307,0.009834562674495471
6,XYt,598,119,0.012854172169336023,0.009892864781401941
6,XYt,599,118,0.013111169215186057,0.009993223462391655
6,XYt,600,118,0.013196749975275875,0.0099296683104292
6,XYt,601,118,0.01323686901403225,0.009848147821560618
6,XYt,602,117,0.013551198670921983,0.009981596665161536
6,XYt,603,117,0.013588766730598178,0.009952743884614692
6,XYt,604,117,0.013574391786214614,0.009923231841032673
6,XYt,605,117,0.013545667059950913,0.00988976043827143
6,XYt,606,117,0.013563485697151443,0.00990013734724993
6,XYt,607,117,0.013575764834145278,0.00990705845652368
6,XYt,608,117,0.01361679401166069,0.009943825102998446
6,XYt,609,118,0.01347328384951971,0.009837544790461545
6,XYt,610,118,0.013462085607539,0.009859379548858134
6,XYt,611,118,0.013460261527440252,0.00993485726350015
6,XYt,612,118,0.013367917874387744,0.009979569630260983
6,XYt,613,119,0.013109655026574425,0.009899704786656348
6,XYt,614,119,0.013008332275929948,0.009945031715350182
6,XYt,615,119,0.012904831042402627,0.00996314083446932
6,XYt,616,120,0.01269642839197903,0.009867835197359
6,XYt,617,120,0.012661227648028938,0.009876235791301988
6,XYt,618,120,0.012716671796817394,0.009916101224523636
6,XYt,619,120,0.012721773334572493,0.009902561613422642
6,XYt,620,120,0.012734832234976791,0.00987120466477429
6,XYt,621,119,0.012992873719630975,0.00999405147428708
6,XYt,622,119,0.013041225242862121,0.00990290517925284
6,XYt,623,119,0.01327726404775804,0.009854286993622797
6,XYt,624,118,0.013950804290778935,0.009978725359004417
6,XYt,625,118,0.014183676882361287,0.009879313965824196
6,XYt,626,117,0.014837754368635263,0.009999186086350483
6,XYt,627,117,0.015077194084537891,0.009948758553929972
6,XYt,628,117,0.015236236079632065,0.009898779975922123
6,XYt,629,117,0.015328161413623908,0.00984093935235481
6,XYt,630,116,0.015697695885190693,0.009953039889481053
6,XYt,631,116,0.015800255479252963,0.009899853854158152
6,XYt,632,116,0.015839220317672428,0.009886128063848618
6,XYt,633,116,0.01596245946647836,0.009944187749648375
6,XYt,634,116,0.016088126480424198,0.00998451497994513
6,XYt,635,117,0.015875714771986342,0.009836790344906874
6,XYt,636,117,0.015912018609546122,0.009870655580394232
6,XYt,637,117,0.015927910336392126,0.009914102477081358
6,XYt,638,117,0.015938260061864443,0.009942704160611632
6,XYt,639,118,0.015764130040709343,0.009839868861012742
6,XYt,640,118,0.015853230991451903,0.009885952191147218
6,XYt,641,118,0.01593106026250657,0.009901845180713624
6,XYt,642,118,0.01611508102034001,0.009923332426073881
6,XYt,643,118,0.016274626914565327,0.009902755073881591
6,XYt,644,118,0.016488740733086683,0.00987736916656255
6,XYt,645,117,0.016937185917102922,0.009978799033926832
6,XYt,646,117,0.0172143531278148,0.009935058197166786
6,XYt,647,117,0.017613987940733697,0.009909414962269374
6,XYt,648,117,0.018085319441809602,0.00987943129342171
6,XYt,649,116,0.018643182646997478,0.009962642063254631
6,XYt,650,116,0.018890216995984446,0.009905734537909562
6,XYt,651,116,0.018962703394088377,0.009838986422459187
6,XYt,652,115,0.019361210147511423,0.009932911993887529
6,XYt,653,114,0.01973004907729704,0.009985095423445113
6,XYt,654,114,0.01973261744564443,0.009885679690843932
6,XYt,655,113,0.019931835670049677,0.009960280909853467
6,XYt,656,113,0.019811534268403437,0.009899157283115202
6,XYt,657,112,0.019979348104813024,0.009998345618409035
6,XYt,658,112,0.01976036467289087,0.009937200156760502
6,XYt,659,112,0.019549712525113047,0.009858889680366927
6,XYt,660,111,0.019636927966216793,0.009943484570071178
6,XYt,661,110,0.019680046103558214,0.009975618686187133
6,XYt,662,110,0.019361779447651595,0.009833590263386125
6,XYt,663,109,0.019353074062211994,0.009834932623843417
6,XYt,664,108,0.01954879107655521,0.009899591493853757
6,XYt,665,108,0.01976552245150043,0.009835360394531227
6,XYt,666,108,0.0203037480222276,0.00987448494357568
6,XYt,667,109,0.02070340198186097,0.009829494385828863
6,XYt,668,109,0.021456942730822402,0.009981661717023423
6,XYt,669,110,0.021580758259038484,0.009868252841059397
6,XYt,670,110,0.021915092425283646,0.009894409537076147
6,XYt,671,110,0.022232902152814798,0.009877771738840515
6,XYt,672,110,0.0226535448972445,0.009906245925154988
6,XYt,673,111,0.022996583850573547,0.009838205905593242
6,XYt,674,112,0.02316270813495693,0.00994055690892433
6,XYt,675,113,0.0221071756057217,0.00991428055676971
6,XYt,676,113,0.02025236226753196,0.009882392810606459
6,XYt,677,113,0.018394887761302384,0.009939824858901845
6,XYt,678,116,0.01746117506226539,0.009880526283814256
6,XYt,679,119,0.016668374660605303,0.009894498483359758
6,XYt,680,121,0.015910631821450045,0.009848124935500767
6,XYt,681,121,0.015483416310485955,0.009848699250542927
6,XYt,682,121,0.01511439092740431,0.00983759715763672
6,XYt,683,121,0.01486682526109574,0.009906056866632705
6,XYt,684,122,0.014472931031763489,0.009840956802089613
6,XYt,685,122,0.014532597613652744,0.009999893398621385
6,XYt,686,123,0.014419080475940415,0.009951022676432313
6,XYt,687,124,0.014378745531216328,0.009897091133139064
6,XYt,688,124,0.014482304127256521,0.009922823001016174
6,XYt,689,124,0.014632606298316647,0.009993061288603597
6,XYt,690,124,0.014641695043611336,0.009959093387791922
6,XYt,691,124,0.014579460793268387,0.00989629296654647
6,XYt,692,123,0.01461760993769088,0.009910874837286272
6,XYt,693,122,0.014601373899693315,0.009931606650802099
6,XYt,694,121,0.01459607919199935,0.009957418008119837
6,XYt,695,121,0.014448994244881065,0.009900363377034297
6,XYt,696,121,0.014293265667828767,0.009850815317889288
6,XYt,697,120,0.014392883007405946,0.00997593176387855
6,XYt,698,120,0.0143116314768599,0.009952036456632079
6,XYt,699,120,0.014254338927416479,0.009936230769312493
6,XYt,700,120,0.014257521185053572,0.00996094249866137
6,XYt,701,120,0.01423038736819369,0.009945059774360686
6,XYt,702,121,0.014147490089716431,0.009884187862832844
6,XYt,703,121,0.01427210770418759,0.009943500760490248
6,XYt,704,122,0.014279042296341327,0.009931948131291052
6,XYt,705,123,0.014284053567705339,0.009868676448579429
6,XYt,706,124,0.01448972116159532,0.009932444121596069
6,XYt,707,125,0.014560790412993097,0.009864313344678716
6,XYt,708,125,0.014777228373415056,0.009897238613398215
6,XYt,709,122,0.015261773959603504,0.009865674914169927
6,XYt,710,130,0.01469708540754366,0.009906197712865975
6,XYt,711,132,0.014836431039220103,0.009985619405959125
6,XYt,712,137,0.014912331032915825,0.009900393730760989
6,XYt,713,142,0.014915008197147136,0.009882349912145202
6,XYt,714,145,0.015045090066681616,0.00999977963098007
6,XYt,715,149,0.014569849400557357,0.009844901829135623
6,XYt,716,151,0.014286647163771966,0.009872802815779501
6,XYt,717,152,0.014108037548021972,0.009943199074683932
6,XYt,718,154,0.01399732928353412,0.009938360057131258
6,XYt,719,156,0.014161803537047733,0.009953618394524208
6,XYt,720,156,0.014287010461596581,0.009982955677130959
6,XYt,721,154,0.01431446010168623,0.00998257024830713
6,XYt,722,151,0.014054742948625076,0.009870613174587421
6,XYt,723,148,0.013777612817069965,0.009915847411885888
6,XYt,724,146,0.013429053665016594,0.009850627374586704
6,XYt,725,144,0.013656737524082314,0.00989132683733046
6,XYt,726,143,0.013670841443259849,0.009875789142697758
6,XYt,727,142,0.012976513299346876,0.00984195411207513
6,YZt,26,112,0.03843434227931283,0.00993592986579353
6,YZt,27,112,0.039064480204749175,0.009879341125114226
6,YZt,28,112,0.03960502931518683,0.009917084406916968
6,YZt,29,112,0.038991784101410874,0.009887959264906473
6,YZt,30,112,0.03969102478952051,0.00989286881097408
6,YZt,31,112,0.03984727929966611,0.009857564891841922
6,YZt,32,112,0.040323176999776306,0.009898814516546428
6,YZt,33,112,0.04085292744606978,0.00992169327270796
6,YZt,34,112,0.041080394724681626,0.00995185828222786
6,YZt,35,112,0.03965800284717738,0.00987824499446429
6,YZt,36,112,0.03916428855579622,0.009892809917064106
6,YZt,37,112,0.03857132330324419,0.009873634870127976
6,YZt,38,112,0.03753921978924126,0.009860195087026546
6,YZt,39,112,0.03604409063938996,0.009846180282435394
6,YZt,40,111,0.03507794423929694,0.009996303037434814
6,YZt,41,111,0.03364223267781878,0.009976772890577497
6,YZt,42,111,0.0326963865855894,0.009953998012966713
6,YZt,43,111,0.031174956215177137,0.009913118380272765
6,YZt,44,111,0.029676786018561153,0.00990412080184872
6,YZt,45,111,0.028440675633694724,0.00993197059263862
6,YZt,46,111,0.02739287584999601,0.009967638958296707
6,YZt,47,111,0.02629168531520516,0.009956196188147503
6,YZt,48,111,0.02545866543999657,0.009981378388874184
6,YZt,49,112,0.025082118537776053,0.009903474072666141
6,YZt,50,112,0.024594751859974204,0.009893056339246574
6,YZt,51,112,0.024316861172740237,0.009886594638654995
6,YZt,0,153,0.36778148546595507,0.00988725914212367
6,YZt,1,143,0.06407688814953778,0.009857056656460004
6,YZt,2,144,0.04539025529614715,0.00992860815787692
6,YZt,3,148,0.03747956973527566,0.00986546736098186
6,YZt,4,151,0.03385200272899006,0.009876651605014452
6,YZt,5,147,0.0327418366750661,0.0098672637830429
6,YZt,6,142,0.03248644109479241,0.0099527479669691
6,YZt,7,132,0.032216290111846735,0.009976338350603318
6,YZt,8,132,0.03268414062018325,0.009851642148009345
6,YZt,9,129,0.03413312953719511,0.009881204462117292
6,YZt,10,126,0.03441423949130042,0.009970739890570297
6,YZt,11,124,0.03462380318398692,0.009900699353532513
6,YZt,12,123,0.03498638877108681,0.00990266666624964
6,YZt,13,120,0.03441669894237598,0.009991213748524836
6,YZt,14,119,0.034293860713988475,0.009898366098618844
6,YZt,15,118,0.03560770744967503,0.009948802707164103
6,YZt,16,117,0.035471277844578514,0.00987984937805524
6,YZt,17,116,0.03587790128577183,0.009922216740299696
6,YZt,18,115,0.035812553545655254,0.009972672631080527
6,YZt,19,115,0.035259696848849505,0.009878797537116065
6,YZt,20,114,0.036693636773006744,0.009968603368910511
6,YZt,21,114,0.03610511627556854,0.009834259439725523
6,YZt,22,113,0.03728736372719526,0.009954460097437496
6,YZt,23,113,0.0370615422872718,0.00988352586764714
6,YZt,24,113,0.037609384746803136,0.009858114316531866
6,YZt,25,112,0.03880934985407627,0.009968784089386642
6,YZt,52,112,0.024174366473336154,0.009971796255789402
6,YZt,53,113,0.024214275465126167,0.009885082862572113
6,YZt,54,113,0.024399446980172462,0.00993924508823704
6,YZt,55,113,0.024545256443236466,0.009895307950766123
6,YZt,56,113,0.02492953978550111,0.00999101271653868
6,YZt,57,114,0.025311393065830246,0.00995393909565483
6,YZt,58,114,0.025524384296980625,0.009955011875209738
6,YZt,59,114,0.02570556811507447,0.009855210534418048
6,YZt,60,113,0.026645134266446532,0.009990442592377174
6,YZt,61,113,0.026382375604458174,0.009925011705743404
6,YZt,62,112,0.025654039208970834,0.009965546389360713
6,YZt,63,112,0.02404497715145821,0.009957340325498082
6,YZt,64,111,0.021408678783473536,0.00988182316902189
6,YZt,65,110,0.01841471194116906,0.009881309974749375
6,YZt,66,109,0.015493501191113774,0.009980967475804401
6,YZt,67,109,0.013418195471487983,0.00992064625466144
6,YZt,68,110,0.011736728476089026,0.009859566470038135
6,YZt,69,110,0.010875726859656694,0.009969698792348495
6,YZt,70,110,0.010079108811334971,0.009881016320988737
6,YZt,71,110,0.009476860018734004,0.009931340729405547
6,YZt,72,111,0.009023486691556632,0.009847813633098645
6,YZt,73,112,0.008520007899833067,0.009831750573340972
6,YZt,74,112,0.008252824501072085,0.009823364848371843
6,YZt,75,112,0.008042229133965427,0.009928703515244604
6,YZt,76,112,0.007731135982904234,0.009843141357960146
6,YZt,77,113,0.007483514074967645,0.009844275272676315
6,YZt,78,112,0.007361807313745705,0.009921911162204764
6,YZt,79,112,0.007267374023405822,0.009983486836482895
6,YZt,80,112,0.007054970019646723,0.009847319296736002
6,YZt,81,112,0.006987167451348442,0.009965497540838737
6,YZt,82,113,0.006851239961164119,0.009970642628611893
6,YZt,83,113,0.006664303392347265,0.009867119661766323
6,YZt,84,114,0.006569176497238562,0.009825548166038197
6,YZt,85,113,0.006586744102634686,0.0098569574950098
6,YZt,86,113,0.0065880307852137525,0.009915368915260297
6,YZt,87,113,0.006551159038004068,0.009978172434014982
6,YZt,88,113,0.006485750239336452,0.00991844638408228
6,YZt,89,113,0.006447985027457723,0.009982716235352618
6,YZt,90,114,0.0062979373207001175,0.009847891868311528
6,YZt,91,113,0.006358368056514705,0.009964161614030067
6,YZt,92,114,0.006197033016382009,0.009867521719910868
6,YZt,93,114,0.006183019770090388,0.009933741097135063
6,YZt,94,113,0.0061964150324329255,0.009965631008280953
6,YZt,95,113,0.00615391994720382,0.009988740850670405
6,YZt,96,114,0.006057877309021479,0.009919484360272896
6,YZt,97,114,0.006052905762139061,0.009963467230624405
6,YZt,98,114,0.005968452852645775,0.00992547050545113
6,YZt,99,115,0.005901117133363515,0.009886373644524564
6,YZt,100,115,0.005867201532900291,0.009918101656122483
6,YZt,101,115,0.005850571536032818,0.009845036464263426
6,YZt,102,114,0.0059004761991366915,0.009881842951487559
6,YZt,103,115,0.005823455536171297,0.00986390804698864
6,YZt,104,115,0.005832371342226498,0.009943140555983566
6,YZt,105,115,0.0058385020064555815,0.009939338415318482
6,YZt,106,115,0.005881643293197506,0.009933068898284459
6,YZt,107,114,0.005932044467540138,0.009964081983597427
6,YZt,108,115,0.005946027680469679,0.009913435442402259
6,YZt,109,115,0.005995975998123353,0.009976499336231435
6,YZt,110,116,0.005994987055273982,0.009830895946888447
6,YZt,111,115,0.006273762408504076,0.009979373587470256
6,YZt,112,116,0.006332762696103906,0.009849828478255081
6,YZt,113,116,0.006478774297360653,0.009941889530369227
6,YZt,114,116,0.006518289847780645,0.009887058322563926
6,YZt,115,116,0.006557046355662192,0.009914581421437942
6,YZt,116,115,0.006662434989986474,0.009968782551353859
6,YZt,117,115,0.006667648842601224,0.009903314222259605
6,YZt,118,115,0.006647408432559772,0.009869941880376442
6,YZt,119,115,0.006568811930033357,0.009926622045643997
6,YZt,120,115,0.006456587071837121,0.009988956510192708
6,YZt,121,115,0.006279195273659264,0.00994267640336766
6,YZt,122,114,0.006214869172457413,0.009998747996842394
6,YZt,123,114,0.006111429170834738,0.009967973897757571
6,YZt,124,114,0.006036515357334143,0.009979198052158088
6,YZt,125,115,0.005947931006216153,0.009906023589482931
6,YZt,126,115,0.0059862033770721156,0.009998940439644735
6,YZt,127,116,0.005894312825582425,0.009844589879711017
6,YZt,128,116,0.005962259127028014,0.009923409216117967
6,YZt,129,116,0.006004733987009384,0.009886912939063183
6,YZt,130,116,0.006046314450216412,0.009857675712450695
6,YZt,131,116,0.006141197775311268,0.009916067439908303
6,YZt,132,116,0.006206457053031188,0.00994063873291063
6,YZt,133,116,0.006280668943103496,0.009909146124404185
6,YZt,134,116,0.0063207405999719055,0.009868185177143387
6,YZt,135,115,0.006483739859671483,0.009915663097936362
6,YZt,136,115,0.0065937429985663655,0.009892516992145326
6,YZt,137,115,0.0066562998147859315,0.00987464029204327
6,YZt,138,115,0.006731155931137503,0.0099401925873545
6,YZt,139,115,0.006745258359101146,0.009994018950378294
6,YZt,140,116,0.006672591118697218,0.009849229166187133
6,YZt,141,115,0.006736328862977458,0.009924937168097992
6,YZt,142,115,0.0067271350136370095,0.009969022097100145
6,YZt,143,115,0.006685341368783935,0.009973580443921189
6,YZt,144,115,0.006727785174622502,0.009995326343465505
6,YZt,145,115,0.006736521126214782,0.00993669213701075
6,YZt,146,116,0.0066900944124268225,0.009890822817040634
6,YZt,147,116,0.006718155852190458,0.00987292557848747
6,YZt,148,116,0.006724413203950663,0.009859500768113783
6,YZt,149,116,0.006715253906084957,0.009845925679540481
6,YZt,150,115,0.006857462153447021,0.009944115437235139
6,YZt,151,114,0.007001798100772757,0.009956423332199678
6,YZt,152,114,0.007132838530686445,0.009913144673615454
6,YZt,153,114,0.007273123348366389,0.00999699782405282
6,YZt,154,115,0.007250179001263078,0.009859647722108292
6,YZt,155,115,0.007391218930760501,0.009837110178906955
6,YZt,156,114,0.007675486709264061,0.009948665161103277
6,YZt,157,113,0.007926235034740948,0.00998265211190014
6,YZt,158,114,0.007954897011062811,0.009921789855522145
6,YZt,159,114,0.007999220983883963,0.009991317332129481
6,YZt,160,114,0.007993947110761424,0.00997037736390293
6,YZt,161,114,0.007933082877068476,0.009916096817841207
6,YZt,162,115,0.007822912155582382,0.009832848768431393
6,YZt,163,114,0.007861511980910325,0.009995429884450931
6,YZt,164,114,0.00772414404625439,0.00994204760392712
6,YZt,165,114,0.007561494961461359,0.009890372874109188
6,YZt,166,115,0.007399222748084327,0.009845323404589447
6,YZt,167,114,0.007425228396973253,0.009974584245745561
6,YZt,168,114,0.007329903149041912,0.00989593119864701
6,YZt,169,115,0.007236266268726693,0.009906468178451682
6,YZt,170,115,0.007142782458997052,0.009889312850112495
6,YZt,171,115,0.007141091516511966,0.009905302686109972
6,YZt,172,115,0.007141463381362656,0.00989930163493725
6,YZt,173,114,0.007263874056812203,0.009981422935442946
6,YZt,174,114,0.007262102807523995,0.009909754190433627
6,YZt,175,115,0.007259966345154273,0.009856205779885621
6,YZt,176,114,0.007447123550110865,0.00991918140301925
6,YZt,177,114,0.007675062480358387,0.009985303100390135
6,YZt,178,113,0.007848286165466036,0.009938574418681654
6,YZt,179,113,0.008056394747821554,0.009859273723773758
6,YZt,180,113,0.008364406589132161,0.009934814900238354
6,YZt,181,112,0.008707263946723283,0.009932031183992981
6,YZt,182,112,0.009104736155319645,0.009873718335689383
6,YZt,183,110,0.00974620103870349,0.0099937838392575
6,YZt,184,111,0.010245132025868747,0.009837356827411844
6,YZt,185,110,0.011162113168182098,0.00986793541481414
6,YZt,186,110,0.012409572579316503,0.009866077341998956
6,YZt,187,109,0.014646630991886879,0.009926057877151236
6,YZt,188,109,0.01805018184882087,0.009947953127562567
6,YZt,189,109,0.023950519779026302,0.009970652239519593
6,YZt,190,111,0.03007484246019648,0.009954437378785734
6,YZt,191,112,0.035433681002422536,0.009999626993250193
6,YZt,192,113,0.03973959744910342,0.009983101735331503
6,YZt,193,114,0.04171372104559958,0.00999742724858875
6,YZt,194,115,0.043256976140275745,0.009894805915227385
6,YZt,195,115,0.04375432862902358,0.009959165591451895
6,YZt,196,116,0.04397923372137763,0.009842987147929565
6,YZt,197,115,0.044035604915128874,0.009905489592022334
6,YZt,198,115,0.044490437380731225,0.009916850177465828
6,YZt,199,115,0.044676029734599804,0.009871704095341995
6,YZt,200,114,0.044165354296123,0.009908393339576518
6,YZt,201,114,0.044076496148022,0.009895822355823718
6,YZt,202,114,0.0440747399733847,0.009872242638166155
6,YZt,203,113,0.04326067024962096,0.009849263413573396
6,YZt,204,112,0.04385943486052477,0.009923718996881692
6,YZt,205,112,0.043714717910294174,0.009898658463216466
6,YZt,206,112,0.04352885707505351,0.009833859139920381
6,YZt,207,111,0.042901440899308384,0.009893905208924933
6,YZt,208,111,0.0429101219430524,0.009846642365979303
6,YZt,209,111,0.04284197115467895,0.009866051700244228
6,YZt,210,111,0.042978758377600276,0.00990202332599907
6,YZt,211,110,0.04217783018579104,0.00998427311852748
6,YZt,212,110,0.04214686000581962,0.009934212612467644
6,YZt,213,110,0.042244913905620594,0.009926689234005378
6,YZt,214,110,0.041977797337368145,0.009869040458414031
6,YZt,215,110,0.04187238313754213,0.009853862767514779
6,YZt,216,110,0.04192700414469472,0.009833598760901417
6,YZt,217,110,0.04195515008699495,0.009896557118479117
6,YZt,218,110,0.04077754616391132,0.009857356079098961
6,YZt,219,110,0.0404676806146789,0.00985477257901215
6,YZt,220,110,0.04041013299133861,0.009860126279328084
6,YZt,221,110,0.040494874251187044,0.009902347710964564
6,YZt,222,110,0.040108546367571496,0.009867226490407712
6,YZt,223,110,0.03977198358477324,0.009877383136956897
6,YZt,224,110,0.03957806184599427,0.009838506603210699
6,YZt,225,110,0.040649468560077354,0.00992468922019231
6,YZt,226,109,0.04053053767182181,0.009987466752787647
6,YZt,227,110,0.03944586610877492,0.00984806001353135
6,YZt,228,109,0.03972046423926503,0.009980427502629015
6,YZt,229,109,0.0392262433001357,0.009937651836640058
6,YZt,230,109,0.0386457128096571,0.009961022462037915
6,YZt,231,109,0.039399674512645505,0.009996346750599181
6,YZt,232,109,0.03881482463576954,0.009924928671543284
6,YZt,233,110,0.037608347866681616,0.00984802264817505
6,YZt,234,110,0.03818181825788713,0.009918483097676957
6,YZt,235,110,0.03750127380268354,0.00992307006848226
6,YZt,236,111,0.03665063365781556,0.009883673240066402
6,YZt,237,111,0.036964738536434706,0.009992619708412663
6,YZt,238,111,0.03633263162940968,0.009980211658805842
6,YZt,239,113,0.03597264447066307,0.009844159628702045
6,YZt,240,113,0.035061895884614044,0.009898000533913261
6,YZt,241,113,0.03576487915117388,0.009997533451633385
6,YZt,242,114,0.035687908097092914,0.009958025513053768
6,YZt,243,115,0.035488351675059954,0.00993982470465048
6,YZt,244,117,0.035301829726680986,0.00988223161072209
6,YZt,245,118,0.034073064241675555,0.009842173611083811
6,YZt,246,119,0.03419130212329498,0.009906500293331198
6,YZt,247,121,0.035197615570016445,0.009933858399276373
6,YZt,248,122,0.035056594493747616,0.009942215313368804
6,YZt,249,125,0.03441600973862543,0.00987040168649759
6,YZt,250,127,0.03466063456309318,0.009915718377018316
6,YZt,251,130,0.033208967757994645,0.009870174116212861
6,YZt,252,130,0.032718059369324544,0.009996647752725322
6,YZt,253,140,0.03306684285453404,0.009985131891982859
6,YZt,254,145,0.03313416546312413,0.009853076582273716
6,YZt,255,149,0.03430565523912206,0.009862425051749583
6,YZt,256,146,0.03819819097939412,0.009905954713166638
6,YZt,257,142,0.046285338501802366,0.009994342267079149
6,YZt,258,141,0.06531761733870275,0.009914466597526225
6,YZt,259,151,0.3782605956915073,0.009862770559819373
6,XZt,26,110,0.03821655431263188,0.009923334666435695
6,XZt,27,109,0.03916567130915321,0.009988282270906772
6,XZt,28,110,0.039210805822630874,0.009951442683616684
6,XZt,29,110,0.03824016903648902,0.009838427903763384
6,XZt,30,109,0.03928030267568204,0.009970309316601053
6,XZt,31,109,0.03953725479939997,0.009977390281316379
6,XZt,32,110,0.039268776038006485,0.009852248705366986
6,XZt,33,110,0.03968157733567865,0.009838914895188835
6,XZt,34,110,0.04017581186793574,0.009912252207641092
6,XZt,35,109,0.03965957247087766,0.009988065061762958
6,XZt,36,110,0.039133800818515654,0.009879449761527725
6,XZt,37,110,0.03942063232946702,0.009865685715208445
6,XZt,38,109,0.04010551644663224,0.009990197037626831
6,XZt,39,109,0.04010371257365893,0.009982572244988119
6,XZt,40,109,0.03996445643297031,0.009960897013913415
6,XZt,41,109,0.0398340536599512,0.009904358428413543
6,XZt,42,109,0.04089453598719793,0.0099406472160375
6,XZt,43,109,0.04097151709152745,0.009927871906394803
6,XZt,44,109,0.040542414096149205,0.009915057713836125
6,XZt,45,109,0.040429457141175754,0.009943455504347942
6,XZt,46,109,0.040053063261360815,0.009924092111497215
6,XZt,47,109,0.03965329263269243,0.009932945026598116
6,XZt,48,109,0.03934162886310994,0.00999325184636965
6,XZt,49,110,0.039674473863757186,0.009867936968565121
6,XZt,50,109,0.03988186515260374,0.009991640352622663
6,XZt,51,109,0.039550274805317504,0.009979239919723007
6,XZt,0,151,0.36434986874952796,0.009979313667667033
6,XZt,1,141,0.06296941721796628,0.009941277646342861
6,XZt,2,143,0.04401311700669253,0.009850630876668607
6,XZt,3,146,0.03705392662810151,0.009944308937289774
6,XZt,4,149,0.03356237924711587,0.009951431128263652
6,XZt,5,145,0.03268531327181081,0.009917659134620787
6,XZt,6,142,0.03206146954143558,0.009907588268465464
6,XZt,7,132,0.0318277525563567,0.009877566690580633
6,XZt,8,130,0.03298921043536323,0.009902889232116676
6,XZt,9,127,0.03456174892575225,0.009969086692720511
6,XZt,10,125,0.03466299081504596,0.009954068097158082
6,XZt,11,123,0.035088920698342574,0.009912086311478538
6,XZt,12,122,0.03557936048001092,0.009942876099590678
6,XZt,13,120,0.03484654846169785,0.009928529786561141
6,XZt,14,119,0.03473924973291581,0.009867665058418414
6,XZt,15,118,0.03600573883261787,0.009879782259127144
6,XZt,16,117,0.03594421158643089,0.009837012375022882
6,XZt,17,116,0.03629642673239854,0.009880848348665674
6,XZt,18,115,0.036157352549360554,0.009883594900264485
6,XZt,19,114,0.0360585691148297,0.009923991688653298
6,XZt,20,113,0.03725127318050219,0.009993701760010677
6,XZt,21,112,0.03707704162574222,0.009975093794079593
6,XZt,22,112,0.03751337259923729,0.009929367902901038
6,XZt,23,112,0.03714013821291369,0.009841707033523203
6,XZt,24,111,0.03797010636884375,0.009917071651990274
6,XZt,25,111,0.03853451056320701,0.009925922719089387
6,XZt,52,110,0.03841936393949145,0.009834341290648974
6,XZt,53,110,0.0391389307152093,0.009925367007032868
6,XZt,54,110,0.038493745891337666,0.00989420041718463
6,XZt,55,110,0.03815098678374309,0.00988455742844017
6,XZt,56,110,0.03751845184941935,0.009916467900026931
6,XZt,57,111,0.03729420567979662,0.009893778909787567
6,XZt,58,111,0.03662373114696864,0.009898070240089565
6,XZt,59,111,0.03598177541998818,0.009865179063835047
6,XZt,60,111,0.03594401531598388,0.009934870458577586
6,XZt,61,112,0.03460705809526382,0.009833294326988266
6,XZt,62,111,0.03424590560581345,0.009982308833239605
6,XZt,63,112,0.03368125284148391,0.009947890321292478
6,XZt,64,112,0.03237382409427177,0.009843682242226991
6,XZt,65,112,0.03194988247134292,0.0098771289503022
6,XZt,66,112,0.030436423121551797,0.009891492849155007
6,XZt,67,112,0.029149663967649782,0.009853413081903453
6,XZt,68,112,0.02696891771971767,0.009838155567649113
6,XZt,69,112,0.024975028647798325,0.009829153713601638
6,XZt,70,111,0.02287973842273506,0.009908041298268243
6,XZt,71,112,0.020407355496654473,0.009831389549513885
6,XZt,72,111,0.018945634577861265,0.009952039306780371
6,XZt,73,112,0.01709232768803111,0.009845141585842012
6,XZt,74,111,0.016188345360278814,0.009980089140395181
6,XZt,75,112,0.0148948603199632,0.009902799045159446
6,XZt,76,111,0.01406358489986474,0.009984070411112156
6,XZt,77,112,0.013114965865096749,0.009900426407372953
6,XZt,78,111,0.012496699361991931,0.009995698702520752
6,XZt,79,112,0.011810645507292057,0.009923387971446918
6,XZt,80,111,0.011338342183702298,0.009997226724962704
6,XZt,81,112,0.010772911898314246,0.009909523268988531
6,XZt,82,113,0.010349689479238486,0.009886677219404292
6,XZt,83,112,0.010075512706564859,0.00997834030457391
6,XZt,84,113,0.009695204213105667,0.009926659115140995
6,XZt,85,113,0.009369346080985327,0.009848599460064934
6,XZt,86,113,0.009201582263829368,0.009941317745756087
6,XZt,87,114,0.008877111983446949,0.009855226091978583
6,XZt,88,113,0.008776756131271133,0.00997717552434106
6,XZt,89,114,0.00849308628489344,0.00988644110641452
6,XZt,90,114,0.008384417606284956,0.009963486466273496
6,XZt,91,114,0.008138843690745154,0.009865734280882991
6,XZt,92,114,0.008016191263866346,0.009977545871586129
6,XZt,93,115,0.0077099908836472985,0.009863058538736908
6,XZt,94,114,0.00762915978950107,0.00993421029738975
6,XZt,95,115,0.007367214483938444,0.009843991027477147
6,XZt,96,115,0.007213367173826759,0.009940273565995562
6,XZt,97,115,0.007060168861033556,0.00995890579438631
6,XZt,98,115,0.006881457662831969,0.009933616076222748
6,XZt,99,116,0.006613381740745613,0.009830044365615397
6,XZt,100,116,0.006514754738867052,0.009903431110703877
6,XZt,101,116,0.006404412077372631,0.009913618328506743
6,XZt,102,115,0.006335555719260897,0.00998956202040361
6,XZt,103,116,0.006143869511244059,0.00993611851021916
6,XZt,104,116,0.006028515149303748,0.009986267340452673
6,XZt,105,117,0.005846356257623082,0.009873717171058496
6,XZt,106,117,0.0057557223192668695,0.009835843329020051
6,XZt,107,116,0.005736114310559273,0.009908178247692226
6,XZt,108,116,0.005666755266390347,0.009971829697838906
6,XZt,109,117,0.0055229253136650685,0.009898912484253378
6,XZt,110,117,0.005448397920677898,0.009920052380185694
6,XZt,111,117,0.005433074296595168,0.009951998480253972
6,XZt,112,117,0.00537900358363983,0.009932491974937226
6,XZt,113,117,0.005365763929618145,0.009981386837376639
6,XZt,114,117,0.0052311014538582775,0.009846995823841818
6,XZt,115,117,0.005192406778190119,0.009864903969214531
6,XZt,116,117,0.005155021972183743,0.009873426785470164
6,XZt,117,117,0.005152322884505376,0.009868698665526828
6,XZt,118,117,0.005128919364341794,0.009830879181119223
6,XZt,119,117,0.005099834197277331,0.009831529126172302
6,XZt,120,117,0.005074770717395896,0.009830217105326888
6,XZt,121,117,0.005073755786561791,0.00985183396268011
6,XZt,122,117,0.005044553430427277,0.009825373393640232
6,XZt,123,117,0.005070997235136295,0.009855938601932304
6,XZt,124,116,0.0050689986326457135,0.009924655233080755
6,XZt,125,117,0.005015527557517048,0.009843235596233946
6,XZt,126,117,0.004988369398576934,0.009878474318937304
6,XZt,127,117,0.004972577009666422,0.00994708073994472
6,XZt,128,118,0.004918888597483253,0.009830344221099076
6,XZt,129,117,0.004957831965082356,0.009939411688032796
6,XZt,130,117,0.004969638896498015,0.009934571057186325
6,XZt,131,117,0.004986744282799401,0.009930111763580197
6,XZt,132,117,0.004983598404198917,0.009912507040393941
6,XZt,133,117,0.0050374294467326495,0.009882219586563734
6,XZt,134,117,0.005043660798358586,0.0098330783719938
6,XZt,135,116,0.005152147777414367,0.0099654248445635
6,XZt,136,117,0.005144133075867847,0.009862847121836646
6,XZt,137,116,0.00522662497775635,0.00997679210057275
6,XZt,138,117,0.0051933126623836135,0.009832559125050605
6,XZt,139,116,0.00531003042891278,0.00999904355986133
6,XZt,140,117,0.005310930783464518,0.009856699281689953
6,XZt,141,117,0.005319507429213164,0.009829930503919991
6,XZt,142,117,0.005381687501332672,0.009894316638492473
6,XZt,143,117,0.005405165779452183,0.009905020579203228
6,XZt,144,117,0.005487976172314275,0.009919755236410768
6,XZt,145,117,0.0055438525801825645,0.00985705626759352
6,XZt,146,117,0.005643384850745606,0.009904474143520246
6,XZt,147,117,0.005731558664998431,0.00990058707871833
6,XZt,148,117,0.005805845731594175,0.00992025330461228
6,XZt,149,117,0.0058764779740709235,0.009912621887004397
6,XZt,150,117,0.005975331706360246,0.009851977918499108
6,XZt,151,116,0.006212531623151339,0.009926084522380543
6,XZt,152,116,0.0063678037838032185,0.009856254003373434
6,XZt,153,116,0.0065606154947140454,0.009928751000555755
6,XZt,154,116,0.006751016286041724,0.009949439170059794
6,XZt,155,116,0.006913669516908904,0.00988994732785154
6,XZt,156,115,0.007213970036552585,0.009957645971165253
6,XZt,157,114,0.007494205483293626,0.009974211482740566
6,XZt,158,115,0.0076397109550462704,0.009909149992626626
6,XZt,159,115,0.007818135345242665,0.009913621808336487
6,XZt,160,114,0.00808112393020052,0.009948736823994102
6,XZt,161,114,0.008243127170769013,0.009852228085364415
6,XZt,162,114,0.008479064773988713,0.009860515405810646
6,XZt,163,113,0.008780562455405781,0.009991301219194847
6,XZt,164,113,0.008919655405027132,0.009883895845817454
6,XZt,165,112,0.009196665390536053,0.009965955245946833
6,XZt,166,113,0.009245476571706218,0.009840861061869167
6,XZt,167,112,0.009552924195990607,0.009930635173398365
6,XZt,168,111,0.009841467102815657,0.00996532714608851
6,XZt,169,112,0.009951458236184258,0.009891485486411377
6,XZt,170,111,0.010277980397966052,0.009970394279544317
6,XZt,171,111,0.010397997299206383,0.009841994849840953
6,XZt,172,111,0.010699896986206135,0.009901272709541128
6,XZt,173,110,0.011033136986353113,0.009969264328518392
6,XZt,174,110,0.011164258698256138,0.009890982869323588
6,XZt,175,110,0.011354589210893972,0.009947259539400127
6,XZt,176,110,0.011389301625317571,0.009826785918180814
6,XZt,177,110,0.011550902453365344,0.00988648763158766
6,XZt,178,109,0.011776286295979698,0.009995682980122282
6,XZt,179,109,0.011730372863087197,0.009918810035905576
6,XZt,180,110,0.011664264491685629,0.009825343354321246
6,XZt,181,109,0.011787466763659315,0.00987735558421577
6,XZt,182,109,0.011983768071780213,0.009968941351986088
6,XZt,183,109,0.012039991976059448,0.009895876583714502
6,XZt,184,109,0.01223187648595567,0.009971407243479087
6,XZt,185,109,0.012298772501816513,0.009848681970204927
6,XZt,186,109,0.012448571414376264,0.009888834930104938
6,XZt,187,109,0.012835810660701998,0.009868765859836077
6,XZt,188,109,0.01301023352637706,0.009862325166958834
6,XZt,189,108,0.013639705401008735,0.009956315920658147
6,XZt,190,109,0.013972384229973813,0.009855955325073447
6,XZt,191,109,0.01451073063995434,0.009853392853348627
6,XZt,192,109,0.015309767360278248,0.009887216885064805
6,XZt,193,109,0.015922944547686783,0.009978396388845219
6,XZt,194,109,0.01668672782606349,0.00995567027202901
6,XZt,195,109,0.017181604728236693,0.009999851234215252
6,XZt,196,110,0.017468867536770852,0.009887195174945986
6,XZt,197,110,0.017618685624483484,0.009837041599392901
6,XZt,198,110,0.017969515735078045,0.009930322906406254
6,XZt,199,110,0.018161051646101743,0.009899390304943117
6,XZt,200,109,0.01826997321221327,0.00998197399077926
6,XZt,201,110,0.018032493563529216,0.009880474376933228
6,XZt,202,110,0.018109667695353163,0.009916205824673723
6,XZt,203,109,0.0181292165103937,0.009946668409983312
6,XZt,204,109,0.018219005353545772,0.009930870621621225
6,XZt,205,109,0.018258452370675003,0.009981101120416074
6,XZt,206,110,0.018015035288877625,0.00983211899111722
6,XZt,207,109,0.018096640872626166,0.009945584709935187
6,XZt,208,109,0.01824745073395515,0.009913104073571712
6,XZt,209,109,0.018353423097403357,0.009952866585592428
6,XZt,210,110,0.01831354252840029,0.00986183583346381
6,XZt,211,109,0.018441644836934865,0.009982494681317719
6,XZt,212,109,0.018739003791742308,0.009902048100404647
6,XZt,213,109,0.01920631122850027,0.009844241786682086
6,XZt,214,109,0.019858207149986953,0.009838993590740837
6,XZt,215,109,0.02082283772697867,0.009833215585824865
6,XZt,216,108,0.02246753929773909,0.009952001946663664
6,XZt,217,109,0.023914262439542217,0.009865369061149274
6,XZt,218,109,0.025467814458097586,0.009844143664275648
6,XZt,219,109,0.027855400239936573,0.009926707382507742
6,XZt,220,109,0.030587533335015668,0.009984427065917114
6,XZt,221,110,0.032795763824063656,0.009854783858747246
6,XZt,222,110,0.035177309760725736,0.009931086765894936
6,XZt,223,111,0.03634410276760525,0.009829783495602309
6,XZt,224,110,0.03835656435312689,0.009973274902254326
6,XZt,225,111,0.03991511139823659,0.009913512386438748
6,XZt,226,111,0.04016368436734105,0.009895265340714214
6,XZt,227,111,0.04008525496414145,0.009897800706820444
6,XZt,228,111,0.039969347156527536,0.009874825061151478
6,XZt,229,111,0.03971489121137613,0.009868098557331529
6,XZt,230,111,0.0393138713964541,0.009917484052977099
6,XZt,231,111,0.0401268296776781,0.009968807928864428
6,XZt,232,111,0.039659359369453855,0.009897947092178977
6,XZt,233,111,0.038987975420889213,0.009968223076186371
6,XZt,234,112,0.03928341157040425,0.009978549274504474
6,XZt,235,112,0.03844231728174794,0.00991190378382127
6,XZt,236,113,0.037597601455314954,0.009863975662525738
6,XZt,237,114,0.037445905538982735,0.009843575547467731
6,XZt,238,114,0.03684888160662119,0.009844799741932251
6,XZt,239,115,0.037081803020508786,0.00990396212295487
6,XZt,240,115,0.03630536661647437,0.009962529255318193
6,XZt,241,116,0.03640139711079776,0.009910640306371704
6,XZt,242,117,0.036364050333013515,0.00990173996432639
6,XZt,243,117,0.03654342501575028,0.009988758886431644
6,XZt,244,119,0.03626958786855393,0.009921739632576101
6,XZt,245,120,0.03504292059566207,0.009922379376636776
6,XZt,246,121,0.035128341944477795,0.009982958134489546
6,XZt,247,124,0.03539688583561326,0.009855228814549153
6,XZt,248,125,0.035033548700842604,0.009843737146743673
6,XZt,249,127,0.03479580088654397,0.009925482863399095
6,XZt,250,129,0.03470741080889959,0.009924171290330751
6,XZt,251,132,0.03330010308351015,0.009881455440685197
6,XZt,252,134,0.032208080763910206,0.009856157945063808
6,XZt,253,144,0.03240595622082343,0.009885053780232243
6,XZt,254,147,0.0329130436805911,0.009913529785761193
6,XZt,255,151,0.03375105565433296,0.009965466385357141
6,XZt,256,148,0.03717260012069351,0.009974631512636539
6,XZt,257,145,0.044047225223036945,0.00987295624951394
6,XZt,258,143,0.06251161894786578,0.0099110282230719
6,XZt,259,153,0.3393125967032675,0.009908265290833747
7,XYt,73,43,0.01716958105395642,0.00992166182514076
7,XYt,74,44,0.016835229012560037,0.009808783092074223
7,XYt,75,43,0.016771587621737458,0.00986044356823121
7,XYt,76,42,0.016864249173661982,0.009987490470913558
7,XYt,77,42,0.016524277134393306,0.009902669995097717
7,XYt,78,42,0.01639580915745221,0.009922486614720382
7,XYt,79,42,0.01600215125284785,0.009875516361960148
7,XYt,80,42,0.015867812856984742,0.009917116410115364
7,XYt,81,41,0.01573446237796134,0.009983415269456538
7,XYt,82,41,0.015513993590335172,0.00994003594965376
7,XYt,83,40,0.015468964759211837,0.00999036838943741
7,XYt,84,40,0.01528362984295534,0.009899442964483363
7,XYt,85,40,0.015169081843661647,0.00985714609534376
7,XYt,86,39,0.015144282369006015,0.00989201256750579
7,XYt,87,39,0.014930940148124183,0.009829298937501306
7,XYt,88,38,0.014909044873466504,0.009935767374104176
7,XYt,89,38,0.014579646503124592,0.009871612924550188
7,XYt,90,38,0.014524296519377377,0.009904325919578438
7,XYt,91,38,0.014384953377831149,0.009858273500101508
7,XYt,92,37,0.01443879360675787,0.009923987826215931
7,XYt,93,37,0.014449598429769108,0.00997630453944918
7,XYt,94,37,0.01438912332419829,0.009963168842479588
7,XYt,95,38,0.014187113530038433,0.009830876607766065
7,XYt,96,38,0.014104648946128043,0.009848345620290263
7,XYt,97,38,0.013975486224939994,0.00982744034636037
7,XYt,98,38,0.0139666350874121,0.009912547256193437
7,XYt,99,38,0.0137877818589448,0.009867847705174492
7,XYt,100,38,0.013826891854942812,0.009928463614436483
7,XYt,101,38,0.013761897447136321,0.009912696130569696
7,XYt,102,38,0.013736899549931118,0.009940812789800576
7,XYt,103,38,0.013755740393820643,0.009994032681003639
7,XYt,104,39,0.01345486325424922,0.009819794804341116
7,XYt,105,39,0.013415354908645642,0.009811916336770846
7,XYt,106,39,0.013376701055214059,0.009803227436927919
7,XYt,107,39,0.013373389725943634,0.009819094739944769
7,XYt,108,39,0.01341608505580853,0.009869611148472247
7,XYt,109,39,0.013349751624642478,0.009837665343644938
7,XYt,110,38,0.013559589574847642,0.00998653563751096
7,XYt,111,38,0.01363342855348556,0.00999301456917635
7,XYt,112,38,0.013532851057200401,0.009898223746849165
7,XYt,113,38,0.013565584640505115,0.00989267709451171
7,XYt,114,38,0.013451981242952219,0.00979025801066762
7,XYt,115,38,0.013550802324284269,0.00980342449981918
7,XYt,116,37,0.013884132856116786,0.009939223954544845
7,XYt,117,38,0.013912274279699884,0.009820198643927669
7,XYt,118,38,0.014038272186817554,0.00978513386932698
7,XYt,119,37,0.014462930125254035,0.009972105840315151
7,XYt,120,37,0.014561870596752733,0.00999622535023412
7,XYt,121,38,0.014166491243238934,0.009814255224891794
7,XYt,122,38,0.014113063568014722,0.00982450213806838
7,XYt,123,38,0.014121807987589198,0.009812175025419655
7,XYt,124,38,0.014270603392705264,0.009888535142701386
7,XYt,125,38,0.014316184806184785,0.009925888350031591
7,XYt,126,38,0.014352453557511389,0.009923765038284479
7,XYt,127,38,0.01443631797875962,0.009926610075256023
7,XYt,128,38,0.014630990861091292,0.009963591107554038
7,XYt,129,38,0.014752847759778786,0.009991349174281034
7,XYt,130,39,0.014636277239614325,0.009875794576500452
7,XYt,131,39,0.014589961237795318,0.00984302492182209
7,XYt,132,39,0.01474834518872626,0.009887521907194339
7,XYt,133,39,0.014650826560794042,0.009821918738044257
7,XYt,134,39,0.014761524270010304,0.009833434734171483
7,XYt,135,39,0.01491765688104431,0.009840169897347137
7,XYt,136,38,0.015149901871893965,0.00987577121112765
7,XYt,137,38,0.015442523123340948,0.009913241262384501
7,XYt,138,38,0.015519677611599867,0.009873895280346181
7,XYt,139,38,0.015506513201368866,0.009803174338749183
7,XYt,140,38,0.01564985663065194,0.009864782272367164
7,XYt,141,38,0.015619203501714767,0.00986193300249168
7,XYt,142,37,0.015692959140680345,0.009940706983317093
7,XYt,143,38,0.015446295409024006,0.009837844806959697
7,XYt,144,37,0.015617219384577835,0.009949233210191305
7,XYt,145,37,0.015652948541334782,0.009953554776789357
7,XYt,146,37,0.01553889170433285,0.00988493326210386
7,XYt,147,37,0.015650418830004093,0.009923512503197849
7,XYt,148,37,0.015460402933233404,0.00980856589399642
7,XYt,149,36,0.015773923628385044,0.009985694104816674
7,XYt,150,36,0.015715149035125258,0.00997085729563884
7,XYt,151,36,0.015661616595815546,0.009930157929744306
7,XYt,152,36,0.015520769266879814,0.009909547096307888
7,XYt,153,36,0.015403306314303034,0.009858413940335025
7,XYt,154,35,0.015562698014388556,0.00997408166571426
7,XYt,155,35,0.015571033763252279,0.00992668359637874
7,XYt,156,35,0.01540120559814276,0.009843815959500408
7,XYt,157,34,0.01564677318298172,0.009982351455728579
7,XYt,158,34,0.015365933174239394,0.009928546850713121
7,XYt,159,34,0.015041466886847647,0.009820679513790155
7,XYt,160,33,0.015110930674674892,0.009979358300272594
7,XYt,161,33,0.015116020968499753,0.009995897339473956
7,XYt,162,33,0.014879626408969079,0.009891661570736225
7,XYt,163,33,0.014958807659171828,0.009929593730533981
7,XYt,164,33,0.014782555233632502,0.009858423738416193
7,XYt,165,33,0.014700862911644892,0.009801028274729196
7,XYt,166,32,0.014977078983373669,0.009993455978496041
7,XYt,167,31,0.014791169859505116,0.009952559483690237
7,XYt,168,31,0.014571531130881617,0.00994815441320668
7,XYt,169,31,0.014273044590551573,0.009835149785267727
7,XYt,170,31,0.014239985934200419,0.009912479585283261
7,XYt,171,31,0.014030820743648104,0.009838242996545163
7,XYt,172,31,0.01397660498040861,0.009883269201698122
7,XYt,173,31,0.013905974957123134,0.009900992655798179
7,XYt,174,31,0.013984863429793073,0.00999052899551945
7,XYt,175,31,0.013764263238430954,0.00985874489235268
7,XYt,176,31,0.013810027076203575,0.009934281987384854
7,XYt,177,32,0.013572134258494779,0.00981697402171245
7,XYt,178,32,0.013514983017986598,0.009836472293036622
7,XYt,179,31,0.01367775547873806,0.009994612034836757
7,XYt,180,32,0.013292870088094452,0.00980202253015001
7,XYt,181,31,0.01345855637954608,0.009977711601367798
7,XYt,182,32,0.0131842771840164,0.009838349904977124
7,XYt,183,31,0.01318296559052068,0.009907667811320332
7,XYt,184,31,0.013228476860974092,0.009974141386367832
7,XYt,185,31,0.01315501600843419,0.00992818849736238
7,XYt,186,31,0.013157885015400106,0.009938519883813886
7,XYt,187,31,0.013076393656262763,0.00988994655270504
7,XYt,188,31,0.013127044669071272,0.009938319560097454
7,XYt,189,31,0.013140539033426983,0.009938620854075755
7,XYt,190,31,0.013187344451689387,0.009981321399698076
7,XYt,191,31,0.01315962581144178,0.009963069198238679
7,XYt,192,32,0.01299341167396244,0.009822485844083642
7,XYt,193,31,0.013058141718049952,0.009891930651290416
7,XYt,194,31,0.013185135324468755,0.009933552716258386
7,XYt,195,31,0.013223739361003505,0.009894859683831702
7,XYt,196,31,0.013443889697622039,0.00991585174136701
7,XYt,197,32,0.013426958780993715,0.009794602602138486
7,XYt,198,32,0.013781855126445666,0.00990137638239028
7,XYt,199,31,0.014031279366541626,0.009960647267391473
7,XYt,200,32,0.013847778174427405,0.009797246883427509
7,XYt,201,31,0.014061293151484772,0.009985053503656128
7,XYt,202,31,0.013909487133596162,0.009892101535342104
7,XYt,203,31,0.013939788022103008,0.009891276924733853
7,XYt,204,31,0.014111380429192985,0.00993076424603347
7,XYt,205,31,0.014146827888456212,0.009899947630018207
7,XYt,206,31,0.014456187350935396,0.009977489475195854
7,XYt,207,31,0.014634097805442387,0.00999312250683282
7,XYt,208,32,0.014851046725526305,0.009910150341624995
7,XYt,209,33,0.015064330553829493,0.009988800867417857
7,XYt,210,33,0.01510339370456983,0.009928175525052799
7,XYt,211,33,0.01514106939583313,0.00994002623201937
7,XYt,212,33,0.015118448561677055,0.009862497263548028
7,XYt,213,34,0.015111187314952612,0.009830026116637898
7,XYt,214,33,0.015368929788668639,0.009904943569200292
7,XYt,215,33,0.015570513616096156,0.009971346506985843
7,XYt,216,34,0.015659091670783155,0.009826676387500176
7,XYt,217,34,0.016048916389863922,0.009903872410201603
7,XYt,218,34,0.016117310457634034,0.009824446423772686
7,XYt,219,34,0.016419240316516752,0.00989936869896247
7,XYt,220,34,0.016755414633871923,0.00993682915446235
7,XYt,221,34,0.0168389959202788,0.009990777151011014
7,XYt,222,35,0.016796086022784554,0.009867997253914337
7,XYt,223,35,0.016867028190024256,0.009872572893659955
7,XYt,224,35,0.016965021914077113,0.009807311850339078
7,XYt,225,35,0.017239957543261977,0.009933732608110563
7,XYt,226,35,0.017335701440918155,0.009865747801524242
7,XYt,227,35,0.01771640944981432,0.009968880831171794
7,XYt,228,35,0.017812129240646117,0.009905716118808588
7,XYt,229,35,0.017944173582983274,0.009960201710202525
7,XYt,230,36,0.017948013423574792,0.009827204448318418
7,XYt,231,36,0.017980737333479005,0.009804259236194473
7,XYt,232,36,0.018178266716933324,0.009843307325753331
7,XYt,233,36,0.01860131450540841,0.009969260329825296
7,XYt,234,36,0.01873239862599802,0.00993773638451231
7,XYt,235,37,0.01884303766916256,0.009948187857670281
7,XYt,236,37,0.018853507464045557,0.009908602082559361
7,XYt,237,37,0.01907556628452103,0.00998063105213565
7,XYt,238,38,0.018869054810126018,0.00987292783028759
7,XYt,239,38,0.01871746063650738,0.009859928716928689
7,XYt,240,38,0.018713396612630717,0.009867294627053427
7,XYt,241,38,0.01859566568896487,0.009844900738965129
7,XYt,242,38,0.018738538409272653,0.009895989841579385
7,XYt,243,38,0.01841745029511403,0.009808599267313544
7,XYt,244,38,0.01854261083501334,0.009873475701287736
7,XYt,245,38,0.018373449919839312,0.009821211721845715
7,XYt,246,37,0.018619429822754618,0.009982821289412126
7,XYt,247,37,0.01855344416628441,0.009985181949632518
7,XYt,248,38,0.018255432187821247,0.0098777304501312
7,XYt,249,38,0.018130621646834048,0.009884281244408434
7,XYt,250,38,0.018048231637889812,0.00990802203234994
7,XYt,251,38,0.01804285756889603,0.009974506696816467
7,XYt,252,38,0.017936640102137035,0.00999701392780581
7,XYt,253,38,0.017638645523417446,0.00988307373086511
7,XYt,254,38,0.017338997018769786,0.009840360221726926
7,XYt,255,38,0.01735770280771232,0.00990091189788383
7,XYt,256,37,0.01794422886142674,0.009991662296153843
7,XYt,257,37,0.01773463597748798,0.009834287658882746
7,XYt,258,33,0.015994215722976265,0.009996667691399596
7,XYt,259,38,0.01280793695472539,0.009835311289147579
7,XYt,260,33,0.012003613397747054,0.0099045323488689
7,XYt,261,31,0.01189354358548542,0.009876943758592917
7,XYt,262,33,0.011826632488669992,0.009810192847818124
7,XYt,263,32,0.012265779770086117,0.00996568385627846
7,XYt,264,32,0.012232287193209433,0.009906200421427758
7,XYt,265,32,0.012059887026254183,0.009808306015920865
7,XYt,266,32,0.011956041962686067,0.009927935534268163
7,XYt,267,31,0.011937206302206987,0.009951316036215088
7,XYt,268,32,0.011662288626635257,0.009859021402953727
7,XYt,269,32,0.011616214557233743,0.00982251425315889
7,XYt,270,32,0.011579127642739549,0.009946682745479982
7,XYt,271,31,0.011558080330801605,0.009895119458001603
7,XYt,272,32,0.01137290213989857,0.009858312692926075
7,XYt,273,31,0.011566807357566017,0.009967147872860897
7,XYt,274,32,0.011322096836503712,0.009883341959298648
7,XYt,275,31,0.011514162666515886,0.009956375131894976
7,XYt,276,32,0.011259840784144099,0.009851452119407416
7,XYt,277,31,0.011407530993425544,0.009945522197034476
7,XYt,278,32,0.011391248821625474,0.00999969054786682
7,XYt,279,31,0.011358132900160649,0.009935096006811051
7,XYt,280,32,0.011254713192422841,0.009902725811197631
7,XYt,281,31,0.011315603527338666,0.009883529823461832
7,XYt,282,32,0.011284791880779792,0.009909328316041735
7,XYt,283,31,0.011313385525110105,0.009908601540978364
7,XYt,284,32,0.011307471604635957,0.009923627685950967
7,XYt,285,31,0.011335378074632023,0.009924103544187322
7,XYt,286,32,0.01126966393968702,0.009892253429798766
7,XYt,287,31,0.011302157177916947,0.00989798140335458
7,XYt,288,32,0.01132059797843826,0.009923758008486798
7,XYt,289,31,0.01137542585192526,0.009931271102365843
7,XYt,290,32,0.011301023165859972,0.009877104579085388
7,XYt,291,31,0.011251946375803791,0.009851607908892333
7,XYt,0,142,0.0024057609500691356,0.009992596769645127
7,XYt,1,142,0.00259347415838259,0.00993600825589571
7,XYt,2,134,0.002625458524701035,0.00992502383254054
7,XYt,3,108,0.0027233988884613363,0.009927113900265235
7,XYt,4,93,0.0025845439114795237,0.009925479078779165
7,XYt,5,118,0.0026979031805024556,0.0099322366515407
7,XYt,6,138,0.0027002459920769115,0.00988315463453992
7,XYt,7,148,0.0027535022457834293,0.009949464596908382
7,XYt,8,152,0.0028792040078049683,0.009988961498703073
7,XYt,9,157,0.0029616484780279214,0.009857758535460604
7,XYt,10,165,0.0029524394591553672,0.009894400316988817
7,XYt,11,171,0.002962678135766676,0.00996357979711566
7,XYt,12,175,0.0029630981301566497,0.009850280895795514
7,XYt,13,177,0.0030478341514958993,0.009832313213852141
7,XYt,14,176,0.003201441182629549,0.009896321705998853
7,XYt,15,174,0.0032186122659404693,0.00982388161591867
7,XYt,16,172,0.0031448555491946613,0.009877154563299644
7,XYt,17,170,0.0031109090466990286,0.009851211893729957
7,XYt,18,165,0.0031846892980923486,0.009906975581376083
7,XYt,19,163,0.0032438975458924718,0.009858624052607625
7,XYt,20,160,0.0033160003218975324,0.00994598837502589
7,XYt,21,156,0.0033075077355225577,0.009861438907475468
7,XYt,22,148,0.0033528148508557938,0.009920883485406021
7,XYt,23,137,0.0033849455378798248,0.00989378363634874
7,XYt,24,122,0.003480131256126636,0.009953210802671747
7,XYt,25,105,0.0035352626628982844,0.009917532519595791
7,XYt,26,89,0.0034183049348980015,0.009853077982758416
7,XYt,27,78,0.0033443020456537715,0.009939570572273545
7,XYt,28,72,0.003320261510867254,0.009908356201742945
7,XYt,29,67,0.003253290094783166,0.009803175980965207
7,XYt,30,74,0.002971413020987073,0.009865421436043641
7,XYt,31,92,0.0031146808095673063,0.00998018208553408
7,XYt,32,107,0.003252194135324371,0.009960800271550704
7,XYt,33,115,0.003393133330155964,0.009855622723689986
7,XYt,34,115,0.0036950000115518987,0.009871262289680863
7,XYt,35,108,0.004159659768439673,0.009902556194307749
7,XYt,36,93,0.004774012246349785,0.009886641008024494
7,XYt,37,71,0.005463864308235545,0.009913555768692526
7,XYt,38,73,0.006092031148485108,0.009975147437321948
7,XYt,39,93,0.007526456702800983,0.009935361750536734
7,XYt,40,94,0.009253867376558061,0.009931580174767413
7,XYt,41,76,0.012205803827944891,0.00994272628924784
7,XYt,42,87,0.01690231616873785,0.00990758656617949
7,XYt,43,110,0.019746223767074165,0.00986335311575858
7,XYt,44,118,0.02334687656587836,0.009996125498670905
7,XYt,45,122,0.026828998057267663,0.009994599685661422
7,XYt,46,124,0.029120298152406163,0.009982221360570616
7,XYt,47,126,0.029128714029914685,0.009922866265306937
7,XYt,48,127,0.02853473554865107,0.009861257696821245
7,XYt,49,126,0.02857908794552274,0.009906523818381696
7,XYt,50,124,0.028727903984677988,0.009839838320580203
7,XYt,51,120,0.029705729171134555,0.00995733285746386
7,XYt,52,116,0.030023630446543687,0.009848539055977015
7,XYt,53,110,0.03061713423538523,0.009890187465313043
7,XYt,54,103,0.030412519571222485,0.00984390481779051
7,XYt,55,94,0.02992645944336753,0.00997501079250573
7,XYt,56,85,0.027910063036976296,0.009950904575107547
7,XYt,57,76,0.025205782115050132,0.009942323648308774
7,XYt,58,68,0.022334655207804477,0.00990690299734399
7,XYt,59,61,0.020031980589252985,0.009884710136825637
7,XYt,60,54,0.018957019597662834,0.009979876131452323
7,XYt,61,51,0.017977096518529228,0.009812048689954854
7,XYt,62,49,0.01775946653736967,0.009925157380810458
7,XYt,63,48,0.017791353436097078,0.009964890106775117
7,XYt,64,48,0.01789067071708906,0.00996193156740113
7,XYt,65,47,0.018056344718993925,0.009994156179076468
7,XYt,66,47,0.01771973929547371,0.009817177368161704
7,XYt,67,46,0.017730251836629372,0.009839500188028349
7,XYt,68,44,0.017946694453621126,0.009940655159322461
7,XYt,69,44,0.01767851020593744,0.009833511134794838
7,XYt,70,43,0.017781911340928595,0.009937166675316767
7,XYt,71,43,0.017588303723168736,0.009930684810979886
7,XYt,72,43,0.017333625660843455,0.009910758964856565
7,XYt,292,32,0.01118448692315393,0.009802790600062315
7,XYt,293,31,0.011385477042948913,0.009963060041690869
7,XYt,294,31,0.011394667098675069,0.009970971393280691
7,XYt,295,31,0.011343529632269278,0.009918655765687071
7,XYt,296,31,0.011328508281661058,0.009913919522580944
7,XYt,297,31,0.011250915920311801,0.009841666761935508
7,XYt,298,31,0.01138725453827931,0.009917819294900926
7,XYt,299,30,0.01147540872141339,0.009999289664035935
7,XYt,300,31,0.01133214929580855,0.00983206979157373
7,XYt,301,31,0.01138366329398324,0.009883081332580868
7,XYt,302,31,0.01150410574619358,0.009951601298739805
7,XYt,303,31,0.011396419461646611,0.009919495411854926
7,XYt,304,31,0.011296137107126281,0.009819329193298833
7,XYt,305,31,0.01140253951115597,0.009910567285059492
7,XYt,306,31,0.011419594712965279,0.009882862509424674
7,XYt,307,31,0.011395336913460664,0.009894167642529043
7,XYt,308,31,0.011427209797211188,0.009871677613963679
7,XYt,309,31,0.011475285615574414,0.009942147150424324
7,XYt,310,30,0.011509655604880455,0.009954102522948285
7,XYt,311,32,0.011337338670966444,0.009806467523822006
7,XYt,312,30,0.011568533104701089,0.009986811833934357
7,XYt,313,32,0.011372865173765956,0.009802508671198118
7,XYt,314,30,0.01158302398036576,0.00996796997545473
7,XYt,315,31,0.011674318435016899,0.009994971764987468
7,XYt,316,30,0.011666604609183392,0.009965037122138894
7,XYt,317,31,0.011680286193934311,0.009944100866759866
7,XYt,318,31,0.011575902057848225,0.00982139203220255
7,XYt,319,32,0.011740696845669524,0.009873570814683723
7,XYt,320,31,0.011737164918559506,0.009823682778346552
7,XYt,321,32,0.011958290780447562,0.009865702111006902
7,XYt,322,31,0.012020801594962417,0.009812403628316518
7,XYt,323,33,0.012447581791076039,0.009899075426023337
7,XYt,324,33,0.012620453093780836,0.00995751663107078
7,XYt,325,31,0.014813062441053869,0.009918976051476347
7,XYt,326,34,0.01834488769369354,0.009901607261563805
7,XYt,327,35,0.01869505570810656,0.009909952151971577
7,XYt,328,35,0.01916238470443596,0.009936438155971797
7,XYt,329,36,0.0195161310499204,0.00987842690236779
7,XYt,330,36,0.019646840669046064,0.00980856589399642
7,XYt,331,36,0.01989233173189754,0.009830685553907838
7,XYt,332,35,0.020327367158971068,0.00996272178214475
7,XYt,333,36,0.020204343583825873,0.009826035795800632
7,XYt,334,35,0.020581984642522054,0.009942453186046809
7,XYt,335,36,0.020448795962339734,0.009835017197329996
7,XYt,336,36,0.020454744243933357,0.009818479888125014
7,XYt,337,36,0.020523061316602496,0.009846265537896704
7,XYt,338,35,0.020746115048373186,0.009965450153697274
7,XYt,339,36,0.020356971536864575,0.009806209779080746
7,XYt,340,35,0.02039317793422962,0.009906959331265846
7,XYt,341,35,0.020252515086605593,0.009901870110407544
7,XYt,342,35,0.020203906379582345,0.009878129748175998
7,XYt,343,35,0.019996521887610877,0.009885101552777373
7,XYt,344,34,0.019764574784335253,0.009914075954300902
7,XYt,345,34,0.019717304632050407,0.009993099952792002
7,XYt,346,34,0.01952572988073366,0.009936888018924709
7,XYt,347,34,0.0191256210311031,0.009849842332050884
7,XYt,348,34,0.019053521187693767,0.00987456265693268
7,XYt,349,34,0.018894697082184258,0.009896112394115298
7,XYt,350,34,0.0185681357843412,0.009804344621613557
7,XYt,351,34,0.018475368660945714,0.009817895059999797
7,XYt,352,34,0.01843423719727775,0.00981393808311437
7,XYt,353,34,0.01836543087748374,0.009849223406387744
7,XYt,354,34,0.018611263089160324,0.00995653251349661
7,XYt,355,34,0.018328493994195186,0.009896374846653231
7,XYt,356,34,0.018285104008984185,0.009849241931135934
7,XYt,357,35,0.018229922042228848,0.009828046447308541
7,XYt,358,35,0.01833956515240998,0.009883846361069938
7,XYt,359,36,0.018459969493424943,0.00996535322475153
7,XYt,360,39,0.017970865944744792,0.00983162004487396
7,XYt,361,42,0.017707063966167773,0.009953125616022422
7,XYt,362,48,0.01672970217089961,0.00984350576691208
7,XYt,363,55,0.015847547564255684,0.009953586046574248
7,XYt,364,54,0.01457227500422178,0.0099580512259161
7,XYt,365,61,0.013732774287817441,0.009852855770029194
7,XYt,366,65,0.013367967715564262,0.009919166486772607
7,XYt,367,69,0.012941589172187845,0.009843442527856232
7,XYt,368,71,0.012838342804870678,0.00999329488246358
7,XYt,369,73,0.01258666679768151,0.00994284502743027
7,XYt,370,75,0.01231022933286258,0.009853492439679049
7,XYt,371,76,0.012316545678044223,0.009941604683183749
7,XYt,372,77,0.012121387010659988,0.009911419527845872
7,XYt,373,78,0.011983597287367025,0.009889067497470554
7,XYt,374,79,0.011710438146814795,0.00983901423847945
7,XYt,375,79,0.01168693067714402,0.009930764786405808
7,XYt,376,79,0.011517190232545941,0.009950957424275467
7,XYt,377,80,0.011206026542948107,0.009821248876977908
7,XYt,378,80,0.011084211907757833,0.009877734253045852
7,XYt,379,80,0.011063488259491949,0.009914599360137714
7,XYt,380,80,0.01099432573832093,0.009946822476954055
7,XYt,381,80,0.010994124279203519,0.009966272934780451
7,XYt,382,80,0.010914623771568106,0.009974798827945209
7,XYt,383,80,0.010902325315510938,0.00999029694844415
7,XYt,384,81,0.010584035763492391,0.009828512737372315
7,XYt,385,81,0.010455633607880798,0.009837512060835503
7,XYt,386,81,0.01031306219175985,0.009842466087074092
7,XYt,387,80,0.010428160588276655,0.009963764532668106
7,XYt,388,81,0.010248813551222074,0.009837197850884886
7,XYt,389,80,0.010400495424419554,0.009979469074310608
7,XYt,390,81,0.010236487660790428,0.009846010470043087
7,XYt,391,80,0.01040642729204068,0.009980086375072004
7,XYt,392,81,0.010251312737943956,0.009840198255367763
7,XYt,393,80,0.010440929034766415,0.009964787787109991
7,XYt,394,81,0.010301111136066304,0.00982379913159014
7,XYt,395,81,0.010413788274845091,0.009853685774329643
7,XYt,396,81,0.010428050729192248,0.009835910903662478
7,XYt,397,81,0.01051146031575707,0.00985619986860314
7,XYt,398,81,0.010464408397920844,0.00983605984682322
7,XYt,399,81,0.010465742765005585,0.009851064813893348
7,XYt,400,81,0.010435508237527195,0.009855505112656746
7,XYt,401,80,0.010558937455265163,0.009985847262597335
7,XYt,402,81,0.010426454281309745,0.009866564211883934
7,XYt,403,81,0.010385639673633266,0.009821688171120654
7,XYt,404,81,0.010475976475173397,0.009889474477200106
7,XYt,405,81,0.010512820413448682,0.009880146635710714
7,XYt,406,81,0.010565998479572913,0.009881352877725366
7,XYt,407,81,0.010633092204875329,0.009888823844257271
7,XYt,408,81,0.010765312781409611,0.009906814704110454
7,XYt,409,81,0.010814970178849982,0.009889398508921987
7,XYt,410,81,0.0108425034248202,0.009899686898405294
7,XYt,411,81,0.010902763242906996,0.009905866179310592
7,XYt,412,81,0.011013830793533885,0.00993953169985903
7,XYt,413,81,0.011093632100709917,0.009933696413915605
7,XYt,414,81,0.011214987519603183,0.009960257742673798
7,XYt,415,81,0.011276722466006405,0.009946004561369189
7,XYt,416,81,0.01143302899502361,0.009966458697287753
7,XYt,417,81,0.011626795451711486,0.009958198881127634
7,XYt,418,81,0.011781952615810784,0.009975401892955954
7,XYt,419,81,0.011867981071846629,0.009948745608441978
7,XYt,420,81,0.01217921035874189,0.00999381575025932
7,XYt,421,81,0.012317908519774448,0.009989193576800615
7,XYt,422,82,0.012247108866295106,0.009831999929358392
7,XYt,423,82,0.01234104518290825,0.009838004084727871
7,XYt,424,82,0.012435482180787305,0.009842468813174264
7,XYt,425,82,0.012564290752989385,0.009858725296818966
7,XYt,426,82,0.012760977035948959,0.009891379462295421
7,XYt,427,82,0.012840329343177713,0.009896544027244405
7,XYt,428,82,0.012978344937661198,0.00991970585326678
7,XYt,429,82,0.013099471577663608,0.00994183192928213
7,XYt,430,82,0.013222250867941321,0.009933832006415346
7,XYt,431,82,0.01337734728302165,0.009935555112438618
7,XYt,432,82,0.013627338162146195,0.009941057328027216
7,XYt,433,82,0.013870302058935021,0.009957187884102185
7,XYt,434,82,0.014135703079743784,0.009957227765460467
7,XYt,435,82,0.014375976298269868,0.0099562748806736
7,XYt,436,82,0.014750573733353676,0.009947252449138091
7,XYt,437,82,0.015038377064903647,0.009958691947449798
7,XYt,438,82,0.015208929032741809,0.009953491158647894
7,XYt,439,82,0.015350414235232809,0.009964770015692646
7,XYt,440,82,0.015518370749641948,0.009960623023558988
7,XYt,441,82,0.01569725265203656,0.009977361468037198
7,XYt,442,82,0.015997843974482662,0.009975409424313452
7,XYt,443,82,0.0162124350700046,0.009982678836454945
7,XYt,444,82,0.016461055085529384,0.009982128895212687
7,XYt,445,82,0.016607243410395326,0.009984709002313899
7,XYt,446,82,0.016832206004072706,0.009987395905105263
7,XYt,447,82,0.016999941427927823,0.00998614228622788
7,XYt,448,82,0.01728267538718127,0.009989974114728257
7,XYt,449,82,0.01753431195943141,0.009989219900133245
7,XYt,450,82,0.01789126717204869,0.009986634510260165
7,XYt,451,82,0.01819102767304581,0.009985469469155695
7,XYt,452,82,0.018534121457631562,0.009984767047054418
7,XYt,453,83,0.018563815709711915,0.009850334829615776
7,XYt,454,83,0.01887154611000612,0.009836304261481774
7,XYt,455,82,0.019356978316276183,0.009990028368710973
7,XYt,456,82,0.01952623782537724,0.009980896658796323
7,XYt,457,82,0.019569550884043708,0.00995427233970139
7,XYt,458,82,0.019707010377921278,0.009955049686076932
7,XYt,459,82,0.019805557223499526,0.009979331413184717
7,XYt,460,82,0.01990025206799847,0.009979348620929303
7,XYt,461,82,0.01986201242675069,0.009967054190855066
7,XYt,462,83,0.019532285125102966,0.009820497004592081
7,XYt,463,83,0.019308901756739855,0.009865393694479923
7,XYt,464,83,0.018987528514707325,0.009929506719948241
7,XYt,465,83,0.018419274652455304,0.009845232690302201
7,XYt,466,82,0.018138735227343848,0.009983722727598367
7,XYt,467,82,0.015449846013058577,0.009994788680065973
7,XYt,468,83,0.012537723835786087,0.00982576764143651
7,XYt,469,82,0.011264718809633709,0.00996229247761659
7,XYt,470,81,0.010518486240353179,0.009997792781691744
7,XYt,471,81,0.010588430316907416,0.009997836795055224
7,XYt,472,82,0.010460206896407111,0.00985173155823335
7,XYt,473,82,0.010573449013710606,0.009929564006506584
7,XYt,474,82,0.010573014857951082,0.009980569219611305
7,XYt,475,82,0.010531249113342096,0.009985521060567921
7,XYt,476,82,0.010346869889843137,0.00992494651429977
7,XYt,477,82,0.010335613001483356,0.009928536040846493
7,XYt,478,82,0.010209763251069757,0.00986260771781642
7,XYt,479,82,0.010267300111886795,0.009904554562788109
7,XYt,480,82,0.010148420318886674,0.009836867810528857
7,XYt,481,82,0.010179428161695052,0.009836076759640272
7,XYt,482,81,0.010270144847661413,0.009954168293590047
7,XYt,483,81,0.010324408348283694,0.00997636801211236
7,XYt,484,81,0.010267267747273505,0.009940208706012784
7,XYt,485,81,0.010322687404205296,0.00994453851135547
7,XYt,486,81,0.01024962758189396,0.009915615781889962
7,XYt,487,81,0.010287470869200116,0.009938810373027554
7,XYt,488,81,0.010323258271110651,0.009956767503312558
7,XYt,489,81,0.010338730482554029,0.00996333311864689
7,XYt,490,81,0.010313158070404681,0.009935019847237755
7,XYt,491,81,0.010349548897130679,0.009959002863060744
7,XYt,492,81,0.010324394080325075,0.009937866522030426
7,XYt,493,81,0.010304893890474369,0.009940572564272587
7,XYt,494,81,0.010321078707524894,0.009931938946051811
7,XYt,495,81,0.010313907907851604,0.009937043009006424
7,XYt,496,81,0.010341065664875557,0.009951784099726028
7,XYt,497,81,0.01031962875957079,0.009936855616511508
7,XYt,498,81,0.010346119093741678,0.009926514388861668
7,XYt,499,81,0.010326090942211557,0.009925867805773923
7,XYt,500,81,0.010340804132193786,0.009920492399377263
7,XYt,501,81,0.01031091043339947,0.009909431208352712
7,XYt,502,81,0.010353665601015319,0.009917584464416979
7,XYt,503,81,0.01032449754649011,0.00991535546228271
7,XYt,504,81,0.010389934662483452,0.009935776015704417
7,XYt,505,81,0.010336107235271607,0.009920898630889578
7,XYt,506,81,0.010387344182631052,0.00994577147548416
7,XYt,507,81,0.010332430375374709,0.009926459787737436
7,XYt,508,81,0.010418845531626522,0.009959349331240529
7,XYt,509,81,0.010380493444401328,0.009947888471776672
7,XYt,510,81,0.010444641631479758,0.009991522654678424
7,XYt,511,81,0.01041400087893865,0.009978910351938345
7,XYt,512,82,0.010285577970271936,0.009822886841502001
7,XYt,513,81,0.010443839656175766,0.009994373102431682
7,XYt,514,81,0.010421965413899876,0.009966495849373728
7,XYt,515,81,0.010390439937126832,0.009964100063993049
7,XYt,516,82,0.010271547646122424,0.009822876461666224
7,XYt,517,82,0.010256181489033593,0.009838454085035536
7,XYt,518,82,0.010312547904889753,0.00987819602465691
7,XYt,519,82,0.010343072427039739,0.009904218639665526
7,XYt,520,82,0.010374512792500299,0.009902126449054312
7,XYt,521,82,0.010457859304767995,0.00995603125521872
7,XYt,522,83,0.010460129389915937,0.009844633643556396
7,XYt,523,83,0.010595277563920312,0.00986087404165535
7,XYt,524,83,0.01084170743702611,0.00992104521633918
7,XYt,525,83,0.011060603907856566,0.00998910762257836
7,XYt,526,83,0.011119938589530943,0.009963823238001131
7,XYt,527,83,0.01111002922196767,0.009908137936787176
7,XYt,528,83,0.011063185897087312,0.009866054031315593
7,XYt,529,83,0.010891952079688703,0.009843564644288517
7,XYt,530,82,0.010862125945970044,0.00997928785594862
7,XYt,531,82,0.010692183819601147,0.009951297162224662
7,XYt,532,82,0.011084965795330508,0.009976694513413546
7,XYt,533,85,0.012163275461062252,0.009953318093680002
7,XYt,534,83,0.013500817815427635,0.009992787412986249
7,XYt,535,83,0.015764489920449532,0.009846897728878822
7,XYt,536,83,0.01915202998045643,0.009960800271550704
7,XYt,537,81,0.019948392476284393,0.009965939630471857
7,XYt,538,82,0.02060967482566526,0.009881293682431208
7,XYt,539,83,0.0211820253871088,0.009827161308943667
7,XYt,540,83,0.02175273890002887,0.009873422437385761
7,XYt,541,83,0.021855153426470767,0.009909378679253752
7,XYt,542,83,0.021594448913299716,0.00989747609537342
7,XYt,543,83,0.021085944286212927,0.00982197774482311
7,XYt,544,82,0.020853018683421865,0.00992980017496011
7,XYt,545,82,0.02024249322326858,0.009874737645609344
7,XYt,546,82,0.019573466924707524,0.009860330912791367
7,XYt,547,82,0.01885095899745505,0.009865753240857448
7,XYt,548,82,0.01819672133274037,0.009893400700089797
7,XYt,549,82,0.017554734630905563,0.009844619470944496
7,XYt,550,82,0.017139837704756092,0.009874256147554114
7,XYt,551,82,0.016858293680255057,0.00989090202968065
7,XYt,552,82,0.0166150678895281,0.009918910047480687
7,XYt,553,82,0.016417532461824806,0.009931760102347812
7,XYt,554,82,0.01621413116141135,0.009902908430607548
7,XYt,555,82,0.016107239832138024,0.009907115331223832
7,XYt,556,82,0.01603596886267893,0.009927713916004107
7,XYt,557,82,0.015951136467296696,0.009930037959032545
7,XYt,558,82,0.01579018394704316,0.009928933836185995
7,XYt,559,82,0.015586116276359573,0.009933464659899893
7,XYt,560,82,0.015284886564023045,0.009951440603654127
7,XYt,561,82,0.014945235466051098,0.009949955399404494
7,XYt,562,82,0.014747712813812064,0.009962889297463699
7,XYt,563,82,0.014566631881047539,0.00999125947890047
7,XYt,564,82,0.0141741560277222,0.009979167400379919
7,XYt,565,82,0.01375104729715075,0.009944288122723587
7,XYt,566,82,0.013449641240868036,0.009958238219555517
7,XYt,567,82,0.013178368381882317,0.009976841892708256
7,XYt,568,82,0.012798764908788174,0.009922134532604817
7,XYt,569,82,0.012550095243559026,0.009917638032228875
7,XYt,570,82,0.012342862995499783,0.009902350265744313
7,XYt,571,82,0.012215311163862456,0.009908667613641443
7,XYt,572,82,0.012193414914506333,0.00996036657407307
7,XYt,573,82,0.012171937670430002,0.00995450846103874
7,XYt,574,82,0.012158128486104017,0.009932617550270039
7,XYt,575,82,0.012138415857749043,0.009895320656273361
7,XYt,576,82,0.012111568576409281,0.009851955430404393
7,XYt,577,82,0.012125725860969062,0.009857061167310095
7,XYt,578,81,0.012308743681467098,0.009994964785271893
7,XYt,579,81,0.01228706105599009,0.009968898056955581
7,XYt,580,82,0.012115859712070368,0.009836782161883011
7,XYt,581,81,0.012228349985000412,0.009998021971108358
7,XYt,582,81,0.012024478962119148,0.009920535132902456
7,XYt,583,81,0.011920354578013687,0.009932246376796357
7,XYt,584,81,0.011789036345608767,0.009928205793748788
7,XYt,585,81,0.01169236084538981,0.009949871263553142
7,XYt,586,81,0.011574096768440333,0.009978769994241339
7,XYt,587,81,0.011234793556082548,0.009936395490840844
7,XYt,588,81,0.010987776686914086,0.009976913967920996
7,XYt,589,82,0.010450796644557128,0.009829862342246592
7,XYt,590,81,0.01038593947737451,0.009987524858258214
7,XYt,591,82,0.010140733871402519,0.009865436122722263
7,XYt,592,82,0.01007098434509886,0.009869600817776311
7,XYt,593,81,0.01014089783628991,0.009984002764274722
7,XYt,594,82,0.009996274922274371,0.009823953720857077
7,XYt,595,82,0.01003709607819234,0.009858698625057713
7,XYt,596,82,0.01003973080431228,0.009852263722926602
7,XYt,597,81,0.010182234977126088,0.009992545751796093
7,XYt,598,81,0.010229490027924728,0.009989890853092612
7,XYt,599,81,0.010285991885758223,0.00999686201470406
7,XYt,600,81,0.01032535258232015,0.009938400554000044
7,XYt,601,81,0.010372116732321033,0.00989188833668829
7,XYt,602,81,0.010499446345920538,0.009912522894718993
7,XYt,603,81,0.010534951429402039,0.009897401272900182
7,XYt,604,81,0.010531099444815369,0.009877732623225466
7,XYt,605,81,0.010499196194671104,0.009857929467510117
7,XYt,606,81,0.01050070764505534,0.009861182599538157
7,XYt,607,81,0.010465398507181947,0.009840328046803796
7,XYt,608,81,0.010490623559445541,0.009863561490655566
7,XYt,609,81,0.010440717872484444,0.009828936965670169
7,XYt,610,81,0.01048165037074589,0.00987063546484192
7,XYt,611,81,0.010472320957054897,0.00990854521639311
7,XYt,612,81,0.010468818019407501,0.00995685858732314
7,XYt,613,81,0.010377452911128791,0.009941512919629013
7,XYt,614,81,0.010361181966595183,0.009977529275406289
7,XYt,615,82,0.010177249744778925,0.009835578637714582
7,XYt,616,82,0.01011786566913173,0.009822798339392385
7,XYt,617,82,0.010145058232735501,0.009858424827091277
7,XYt,618,82,0.010161942408282006,0.009884135199578477
7,XYt,619,82,0.010160279935115833,0.009878011318602883
7,XYt,620,82,0.010147511873169346,0.00985153382748644
7,XYt,621,82,0.010218205316578709,0.009874818617581096
7,XYt,622,82,0.010289697801835737,0.009851494062972631
7,XYt,623,81,0.010603164892365386,0.009998364940304538
7,XYt,624,82,0.01094192525061085,0.00987556418064206
7,XYt,625,81,0.011242011160207838,0.009944017221025772
7,XYt,626,81,0.011626350416955413,0.009972253825549716
7,XYt,627,81,0.011785746066271587,0.00993105226032108
7,XYt,628,81,0.011944300698992634,0.009917709455527998
7,XYt,629,81,0.01202801425769012,0.009881509824999779
7,XYt,630,81,0.012210394933928165,0.009909279577205745
7,XYt,631,81,0.012277606094630899,0.009873093064425974
7,XYt,632,81,0.012312087689683433,0.009865544912253468
7,XYt,633,81,0.012338443788030925,0.009888432575645801
7,XYt,634,81,0.012338269359126202,0.009899960097262184
7,XYt,635,81,0.012279597591242211,0.009865517171036963
7,XYt,636,81,0.012241693863810287,0.009876990483735604
7,XYt,637,81,0.012275381322952614,0.009927559861369227
7,XYt,638,81,0.012314158199687675,0.009962171816551743
7,XYt,639,81,0.012252677046755825,0.009930903661121935
7,XYt,640,81,0.012313811342139788,0.009953655055407075
7,XYt,641,81,0.01245077953297359,0.009978359665207303
7,XYt,642,81,0.012640311774931483,0.009994489616250645
7,XYt,643,81,0.012793686279489146,0.009979898177666348
7,XYt,644,81,0.012907245843188725,0.009955753126836532
7,XYt,645,81,0.01318840328756237,0.009995531200184355
7,XYt,646,81,0.013408672363880166,0.009964808789653265
7,XYt,647,81,0.013748001497945375,0.009944427348215167
7,XYt,648,81,0.014158822875416015,0.00992468643943301
7,XYt,649,81,0.014491026612252196,0.009928386863485099
7,XYt,650,81,0.014678787764110164,0.0098816206098103
7,XYt,651,80,0.015031641740813671,0.009997348879986915
7,XYt,652,81,0.01515459980080506,0.009838635170260469
7,XYt,653,80,0.01583620162084318,0.009991711707285378
7,XYt,654,80,0.016081212979888005,0.009929426734389367
7,XYt,655,80,0.016353310343995675,0.009925722372839226
7,XYt,656,80,0.01660314861199681,0.009893515691005139
7,YZt,0,120,0.24889591521196977,0.009997825600036895
7,YZt,1,110,0.06199016072739145,0.009927039841754338
7,YZt,2,107,0.04581344532986362,0.009887023430718714
7,YZt,3,103,0.03938345622850464,0.009998685509637877
7,YZt,4,99,0.03595107369512644,0.009973689591128014
7,YZt,5,91,0.034155033317540204,0.009869080074551331
7,YZt,6,94,0.034261586390224676,0.009905905957731918
7,YZt,7,91,0.03499276123784144,0.009922878085696425
7,YZt,8,94,0.03564619994079599,0.009900687351802807
7,YZt,9,88,0.03698247330253826,0.009987523553383459
7,YZt,10,87,0.03613745139084121,0.009941657427566326
7,YZt,11,83,0.03585894397394431,0.009957557819914134
7,YZt,12,83,0.034965720544402765,0.009942323648308776
7,YZt,13,81,0.033520452837709,0.009941441513117233
7,YZt,14,80,0.03290128223988493,0.009926686531034101
7,YZt,15,81,0.032683835454831923,0.009853126377163032
7,YZt,16,79,0.03252458615636297,0.00992360041611076
7,YZt,17,80,0.03184309347156062,0.009861550539665857
7,YZt,18,79,0.03164401303954779,0.009939392405791924
7,YZt,19,78,0.03122876591631926,0.009952222638928573
7,YZt,20,80,0.03095921809492922,0.009830056453594662
7,YZt,21,78,0.030768993458236096,0.009908501657462711
7,YZt,22,78,0.030979719294809485,0.009946301922931753
7,YZt,23,79,0.030317544135732167,0.009859072722965682
7,YZt,24,78,0.030858694223016077,0.009988682905770294
7,YZt,25,78,0.030887376436544246,0.009953648354793612
7,XYt,657,80,0.016905729405351295,0.009892827895242222
7,XYt,658,80,0.017254385122273858,0.009880859210703636
7,XYt,659,80,0.017671883461343577,0.009862208879577804
7,XYt,660,80,0.01832839781459823,0.009937071630603773
7,XYt,661,80,0.0190604600659458,0.009986576476373858
7,XYt,662,81,0.01959523610978513,0.009845866582697758
7,XYt,663,81,0.020616862295536675,0.00991496253450597
7,XYt,664,82,0.021442375930585924,0.009853577943076878
7,XYt,665,82,0.022640464158188944,0.009904988536922982
7,XYt,666,82,0.02385412113285356,0.009984640745566953
7,XYt,667,83,0.024265574645495763,0.009823498139854434
7,XYt,668,83,0.024717350592926263,0.009855112521221924
7,XYt,669,82,0.025177771841750008,0.00997382932855492
7,XYt,670,82,0.024762767382919913,0.009908797591364918
7,XYt,671,81,0.02411536188137201,0.009906255134217211
7,XYt,672,80,0.022995342849688155,0.009888674610482831
7,XYt,673,79,0.022161736626298088,0.009939990600611995
7,XYt,674,81,0.021503353659876493,0.009832845337980982
7,XYt,675,82,0.020220047077927794,0.009955999454111065
7,XYt,676,81,0.017742622231667164,0.009869502403762342
7,XYt,677,80,0.015052201558443551,0.009871819494302084
7,XYt,678,82,0.014264087889181959,0.00997745451542058
7,XYt,679,85,0.01332305184951655,0.009990706250070959
7,XYt,680,85,0.012720842055799427,0.009978688252450659
7,XYt,681,83,0.012392858221334225,0.009909518936742493
7,XYt,682,81,0.01206192251497821,0.009944930810177388
7,XYt,683,81,0.011751994146708553,0.009930622667467777
7,XYt,684,82,0.01172430411697224,0.009842814476558479
7,XYt,685,83,0.011918048674051497,0.00984705904007795
7,XYt,686,83,0.01215094221989455,0.009942744639786854
7,XYt,687,84,0.012148893185373237,0.00985734480230725
7,XYt,688,84,0.012319488503321058,0.009929427815279591
7,XYt,689,84,0.012432830054968525,0.009997140072973438
7,XYt,690,84,0.012382672945373822,0.009982543907439792
7,XYt,691,84,0.012221472482303552,0.00994565870743559
7,XYt,692,84,0.01197470331580143,0.009870748002675291
7,XYt,693,83,0.01190905927426875,0.009995203703532962
7,XYt,694,83,0.011628145358082126,0.009928210658352036
7,XYt,695,83,0.011327107291932228,0.009852994108934724
7,XYt,696,82,0.011230904999379688,0.009960658042409191
7,XYt,697,82,0.011093263425646031,0.009965168518650458
7,XYt,698,82,0.010891741426400748,0.009902863453439343
7,XYt,699,82,0.010780234042337217,0.009865635750592969
7,XYt,700,82,0.01077055959468029,0.009876792172015196
7,XYt,701,82,0.010797687087754158,0.009864364481727637
7,XYt,702,82,0.010865184053449304,0.009850133802057468
7,XYt,703,82,0.011083508396359742,0.009868858610535606
7,XYt,704,82,0.01141861645692277,0.00993304543610233
7,XYt,705,82,0.011824740628824713,0.009995917739802391
7,XYt,706,83,0.012174794532817878,0.00995610671506769
7,XYt,707,84,0.012467470684865908,0.009864010869052938
7,XYt,708,83,0.01310693133431936,0.009999409340543733
7,XYt,709,89,0.013269724225202341,0.009853576853866284
7,XYt,710,87,0.013621890285796013,0.009929986619771609
7,XYt,711,89,0.014334414699547176,0.009973190655660392
7,XYt,712,93,0.014758623645258755,0.009923503850918277
7,XYt,713,99,0.015120316487179816,0.009948126362924706
7,XYt,714,105,0.015335181738599851,0.009963623423021517
7,XYt,715,111,0.015086218896349556,0.009901770933209895
7,XYt,716,115,0.014901170531850303,0.009992872798542825
7,XYt,717,119,0.014557407136679705,0.009950742250908216
7,XYt,718,122,0.014316908802654724,0.009983423869813006
7,XYt,719,125,0.014083608362691461,0.009863044081696169
7,XYt,720,124,0.014278817915155199,0.009977794426810259
7,XYt,721,120,0.014497915228896954,0.009987254054713924
7,XYt,722,113,0.01493494126833624,0.009969575221996478
7,XYt,723,109,0.014785919425067245,0.009979962165182462
7,XYt,724,107,0.014205031669182916,0.009963679974837407
7,XYt,725,107,0.014006960802018359,0.00985826696794893
7,XYt,726,108,0.014269695713627894,0.00994970730446537
7,XYt,727,108,0.013463986303612733,0.009908567962898773
7,YZt,26,78,0.03048166802791482,0.009971588681939153
7,YZt,27,79,0.03019706322243243,0.009825262208688759
7,YZt,28,79,0.030278398467854004,0.009841128259668522
7,YZt,29,78,0.029868213255798068,0.009885940559244489
7,YZt,30,79,0.03005654710684563,0.009931889160363591
7,YZt,31,79,0.029845101726593187,0.009816943175780989
7,YZt,32,78,0.03032431482988894,0.009993755840337844
7,YZt,33,79,0.030319674159172697,0.0099919510869477
7,YZt,34,80,0.029863343488995945,0.009891131680745045
7,YZt,35,79,0.028980923177884522,0.009853812198357712
7,YZt,36,79,0.02854615892696422,0.009885806403643815
7,YZt,37,79,0.028101123595795495,0.009988207821661613
7,YZt,38,80,0.02694427614154026,0.009864037837323217
7,YZt,39,80,0.025929343285475123,0.009866840736443104
7,YZt,40,80,0.024937561945070137,0.009887381260131885
7,YZt,41,80,0.0238665405954584,0.00992217308686232
7,YZt,42,80,0.023192843467411694,0.009937500250378359
7,YZt,43,80,0.022128097594013126,0.009916356190288222
7,YZt,44,80,0.020958769021686793,0.00987607255033266
7,YZt,45,80,0.020131918139940416,0.009915181422404194
7,YZt,46,80,0.019396547845523242,0.009963325655104582
7,YZt,47,80,0.018682592847288963,0.009946945867539341
7,YZt,48,80,0.018046082220544206,0.009926730550760416
7,YZt,49,81,0.01769235241905132,0.009827559385352225
7,YZt,50,80,0.01774866492647409,0.009979942423579595
7,YZt,51,81,0.01743989180099973,0.009865206650584232
7,YZt,52,81,0.017384246577538117,0.009856278503926046
7,YZt,53,81,0.01774687068822698,0.009936326439291363
7,YZt,54,81,0.01786092901893707,0.009921360247954729
7,YZt,55,81,0.01822792042316908,0.009971845073456213
7,YZt,56,82,0.018494666988755702,0.009947431399640537
7,YZt,57,83,0.018841230125839357,0.0098148005129397
7,YZt,58,82,0.019391035824233842,0.009981749732208929
7,YZt,59,83,0.01951565509201881,0.009828439261885126
7,YZt,60,84,0.02002367230927764,0.009813713187451308
7,YZt,61,83,0.02028732398769282,0.009974443212308752
7,YZt,62,83,0.019569963019254226,0.009890531383472012
7,YZt,63,83,0.01859696457780838,0.009968338818986079
7,YZt,64,83,0.016068129909948315,0.009828221640181227
7,YZt,65,83,0.013799443958035118,0.009857126263313472
7,YZt,66,83,0.011613224099676476,0.009810552854409163
7,YZt,67,83,0.010244794741350574,0.00983802816318762
7,YZt,68,83,0.009226060997403793,0.009837864132384097
7,YZt,69,83,0.008607136266044837,0.009979337866092413
7,YZt,70,84,0.008002824049204894,0.009884014127321395
7,YZt,71,84,0.007583508241891557,0.009915444684563271
7,YZt,72,84,0.007297858139481799,0.00996912398881072
7,YZt,73,85,0.006893024051889732,0.009801950733144953
7,YZt,74,85,0.006709040086687353,0.009943092368389389
7,YZt,75,85,0.006536999170535626,0.009973335242671166
7,YZt,76,85,0.006333977310185597,0.009982729674347336
7,YZt,77,85,0.006132985262511089,0.009973087729339376
7,YZt,78,86,0.005916188667979679,0.009829698877085622
7,YZt,79,86,0.005764788825641628,0.009840616059260327
7,YZt,80,86,0.005617214577388125,0.00981115570106818
7,YZt,81,86,0.005559656797866047,0.009875871115175055
7,YZt,82,86,0.0055115879398437255,0.009922783444928116
7,YZt,83,85,0.005400392429189952,0.009947175534883853
7,YZt,84,86,0.005345477322146272,0.009857882185419891
7,YZt,85,86,0.0053310116072809955,0.009897210883559264
7,YZt,86,86,0.005271649759706313,0.009881308035189095
7,YZt,87,86,0.005315555318587288,0.009998483477782769
7,YZt,88,86,0.005233847617484248,0.009932442963851087
7,YZt,89,86,0.005145309361359125,0.009893129179848434
7,YZt,90,86,0.005103991108326275,0.009938026356650252
7,YZt,91,87,0.005009261584871576,0.009835130532456483
7,YZt,92,86,0.005028378569242585,0.009954359210825088
7,YZt,93,87,0.004937279099980447,0.00981717080866457
7,YZt,94,86,0.0049843301027745895,0.009993732060371878
7,YZt,95,87,0.004855147653664211,0.009830622232381306
7,YZt,96,87,0.004904186658837223,0.009929318490358045
7,YZt,97,87,0.004923565008771973,0.009995039874483622
7,YZt,98,87,0.004825093526578269,0.009862023563163706
7,YZt,99,87,0.004819277857696569,0.0098045645716537
7,YZt,100,87,0.004825070048634672,0.00993414200234919
7,YZt,101,87,0.004786101033234166,0.009954485126400596
7,YZt,102,87,0.004830964103469622,0.009972302487227573
7,YZt,103,87,0.004763303154972194,0.009881547761954984
7,YZt,104,87,0.004777854745456071,0.009865658906853687
7,YZt,105,87,0.004748033253419859,0.009910464327189306
7,YZt,106,87,0.004798505753486301,0.009992339683066294
7,YZt,107,87,0.004778074743359884,0.00988801276062196
7,YZt,108,87,0.004816339247466158,0.009853399077523766
7,YZt,109,86,0.0049352413945888225,0.009999777637734925
7,YZt,110,87,0.004932265158176566,0.009808649131683521
7,YZt,111,87,0.00506331705103951,0.00993276635537001
7,YZt,112,87,0.005105972281227148,0.009906348617322293
7,YZt,113,87,0.005161913545238008,0.009866853944783892
7,YZt,114,86,0.005238188479687869,0.009907290363966715
7,YZt,115,86,0.005225632447516038,0.009862803982905084
7,YZt,116,86,0.00525178782275807,0.009894684276240323
7,YZt,117,86,0.00521179563763139,0.009870774486547574
7,YZt,118,86,0.005168628492805705,0.009827314051122214
7,YZt,119,86,0.00514895603623048,0.009806842363425751
7,YZt,120,86,0.005055817089726032,0.009825127614695653
7,YZt,121,85,0.005015311736846348,0.009974487789850365
7,YZt,122,85,0.004900523629914229,0.009957344944897889
7,YZt,123,85,0.004847688399881194,0.009986134148820743
7,YZt,124,85,0.004767425130040722,0.009900717162523973
7,YZt,125,86,0.004694894158420866,0.009835446601167294
7,YZt,126,86,0.004719153433869768,0.009922711980892679
7,YZt,127,86,0.004738195783902483,0.009960728079740255
7,YZt,128,87,0.004638221626438365,0.00984560410745387
7,YZt,129,87,0.004714080213097003,0.009931726679753351
7,YZt,130,87,0.0047891286051287615,0.009961596963478396
7,YZt,131,87,0.004840097028236709,0.009915099852240457
7,YZt,132,87,0.004857288286320367,0.009809992951325917
7,YZt,133,87,0.00497352463948339,0.009800051988586753
7,YZt,134,86,0.0051201153372119525,0.009990697349051593
7,YZt,135,85,0.005277769433247625,0.009995691416534292
7,YZt,136,86,0.005306597554953648,0.009909207628962103
7,YZt,137,86,0.00539835359237751,0.009951595213019214
7,YZt,138,86,0.005443672490987745,0.009927456848064111
7,YZt,139,86,0.005505240671134721,0.009925317574571676
7,YZt,140,86,0.005526716660470513,0.00989990488506252
7,YZt,141,86,0.005530426380569242,0.009938381192660507
7,YZt,142,86,0.005564247245369691,0.00993930447829935
7,YZt,143,86,0.005616661813843204,0.009962763180312884
7,YZt,144,87,0.005544507229944406,0.009806319382009694
7,YZt,145,87,0.0055681777302366104,0.009828576540481427
7,YZt,146,87,0.005606078182895382,0.00992054193315712
7,YZt,147,87,0.005665518468342334,0.009953515111773097
7,YZt,148,87,0.00564064812246486,0.009863855974937255
7,YZt,149,87,0.005684070119906795,0.00981765807366497
7,YZt,150,87,0.005753159642419631,0.009821835925022624
7,YZt,151,87,0.005842746183376511,0.009853735566140467
7,YZt,152,87,0.0059175560288612815,0.009819643975012561
7,YZt,153,87,0.0060374975627504246,0.009909003772768142
7,YZt,154,86,0.0061929779628634935,0.009962913612728361
7,YZt,155,86,0.006239017940422025,0.009839435754539685
7,YZt,156,86,0.0063931261696690625,0.009910378850458921
7,YZt,157,86,0.0065026173357531835,0.009978747100461455
7,YZt,158,87,0.006470176085177446,0.00981877619295127
7,YZt,159,86,0.006558678360957422,0.009932627043608033
7,YZt,160,86,0.00649731151961167,0.009886339525692293
7,YZt,161,86,0.006480119672544078,0.009993281380963868
7,YZt,162,86,0.0063418917222688,0.009949969653118363
7,YZt,163,87,0.00621428169814786,0.009811826876258067
7,YZt,164,86,0.006191050732588174,0.0099326949631599
7,YZt,165,86,0.0061509280289429235,0.009975222522006206
7,YZt,166,86,0.006105274589794579,0.00999946331333677
7,YZt,167,87,0.006021707659933499,0.009856651838145582
7,YZt,168,87,0.005994953180873174,0.009907553835805915
7,YZt,169,87,0.006040159535544639,0.009987151657129541
7,YZt,170,87,0.005945554795529018,0.009941997097770874
7,YZt,171,88,0.005890543322724242,0.009886449636045987
7,YZt,172,88,0.005784541903434871,0.009828530911160739
7,YZt,173,88,0.005866650510154188,0.00989643705029287
7,YZt,174,88,0.005884807654799283,0.009881468629490834
7,YZt,175,87,0.005970367117985907,0.009971411856362192
7,YZt,176,87,0.0061050189370808255,0.009975873821423792
7,YZt,177,88,0.006184152367266747,0.009880789771040833
7,YZt,178,87,0.006419696288697877,0.009959050511810083
7,YZt,179,87,0.0066391249589688416,0.00993216239967171
7,YZt,180,87,0.006842962595320716,0.009898144205550945
7,YZt,181,86,0.007136307145827819,0.009982417117044649
7,YZt,182,86,0.007373438949070196,0.009885833157362687
7,YZt,183,86,0.0076586124499643205,0.00981644962769561
7,YZt,184,85,0.008155296074850054,0.009806746211984345
7,YZt,185,84,0.008888108754786813,0.009974021637258109
7,YZt,186,83,0.009757995568643539,0.00995950350993893
7,YZt,187,83,0.011066212531430041,0.009923319601924106
7,YZt,188,83,0.013431781536754736,0.00984722003723064
7,YZt,189,83,0.017311684419393212,0.009964930572758775
7,YZt,190,83,0.022476414150792344,0.00997866220863797
7,YZt,191,84,0.02651036873764578,0.009858669153844016
7,YZt,192,84,0.029930731085181777,0.009905344092071682
7,YZt,193,84,0.031730500088651734,0.009924924423263204
7,YZt,194,84,0.03302409347855789,0.009962290707726328
7,YZt,195,84,0.03275768614915645,0.00986609793305678
7,YZt,196,83,0.03312466995740864,0.00993318042007005
7,YZt,197,83,0.0322354750373386,0.009806648887004332
7,YZt,198,82,0.03262473113698837,0.009987964898357954
7,YZt,199,82,0.03209329099330669,0.00992634865382839
7,YZt,200,82,0.031060875850097987,0.009822450957002456
7,YZt,201,81,0.030913191738589644,0.009929220436614917
7,YZt,202,81,0.030428341202635774,0.009910830592432944
7,YZt,203,81,0.029593359610206996,0.009882129986729474
7,YZt,204,80,0.02959992846936377,0.009977772913774418
7,YZt,205,80,0.029154985925033954,0.009933973770755007
7,YZt,206,80,0.02889007337578311,0.009910108491602843
7,YZt,207,80,0.028069963212917617,0.009862544756703133
7,YZt,208,80,0.028141835720444427,0.009875001287289797
7,YZt,209,80,0.027995728502570014,0.009856390505676703
7,YZt,210,80,0.028299475504526085,0.009930349540191586
7,YZt,211,80,0.02762418469069861,0.009851192361031545
7,YZt,212,80,0.027700037104338927,0.009821856608830486
7,YZt,213,80,0.028040251022266937,0.009883872577158259
7,YZt,214,79,0.028370564799938713,0.009955403838327298
7,YZt,215,79,0.028533634526457605,0.009966710221127509
7,YZt,216,79,0.028725022480729064,0.00998981756693126
7,YZt,217,80,0.028429095549308985,0.009868258201326826
7,YZt,218,79,0.028272967531958303,0.009975590636282563
7,YZt,219,79,0.028201100339120225,0.009926630926890263
7,YZt,220,80,0.028033693337690496,0.009811403392717681
7,YZt,221,79,0.02867774971274469,0.009998821600901408
7,YZt,222,79,0.028508420885749407,0.009881420141148213
7,YZt,223,78,0.02877271438514179,0.009962758178684606
7,YZt,224,78,0.028841158527927978,0.009942502918837153
7,YZt,225,79,0.029605483253874423,0.009966117168518463
7,YZt,226,79,0.029582274160346745,0.009948206275195546
7,YZt,227,78,0.02958963417435664,0.009948554198189349
7,YZt,228,78,0.02972906949516297,0.009979898254482339
7,YZt,229,79,0.029523751401776217,0.009877242655980762
7,YZt,230,78,0.02942653330133977,0.00984670776442587
7,YZt,231,78,0.030451850124655868,0.009984494633099196
7,YZt,232,78,0.030347618397960525,0.009923638655667253
7,YZt,233,78,0.030054714737119376,0.009861433543501354
7,YZt,234,78,0.030494507940993516,0.00985089352926297
7,YZt,235,78,0.030619829188864793,0.009909158115888833
7,YZt,236,78,0.030782769877305476,0.009997888859393565
7,YZt,237,78,0.031086134558904178,0.009954689976471743
7,YZt,238,78,0.030856285804840313,0.009915577666021715
7,YZt,239,79,0.03138944807336908,0.00989587929510124
7,YZt,240,78,0.031170271633727008,0.009877819313774655
7,YZt,241,79,0.03174473383328129,0.00993666320571942
7,YZt,242,80,0.03201729580093459,0.00986872857287704
7,YZt,243,79,0.03269990260795578,0.009925606828213319
7,YZt,244,80,0.03309079439038237,0.009938432102874898
7,YZt,245,80,0.0326846547458514,0.009838762177272146
7,YZt,246,80,0.033963563888548244,0.009993052006107525
7,YZt,247,83,0.03495441986863715,0.009874292093801976
7,YZt,248,82,0.0362752942519043,0.009968225383364941
7,YZt,249,86,0.03643059902521396,0.0099076006487183
7,YZt,250,88,0.03688836290593131,0.009842001860146938
7,YZt,251,93,0.036172609885904386,0.009914351772284663
7,YZt,252,90,0.03552051559902746,0.00992616059604741
7,YZt,253,93,0.03462426588971347,0.009846511567783083
7,YZt,254,89,0.0348055048353144,0.009876364022448913
7,YZt,255,98,0.03624696707075999,0.009908633571574971
7,YZt,256,102,0.039582583093910384,0.00994718208572026
7,YZt,257,105,0.0467339174935823,0.009992683767902676
7,YZt,258,109,0.062162933337898074,0.009873495500478332
7,YZt,259,118,0.25618460456569203,0.009997858571630314
7,XZt,0,119,0.25670721632273946,0.009904561993216866
7,XZt,1,109,0.0631097842826825,0.00992134015793693
7,XZt,2,106,0.046598572336487745,0.009870659153036303
7,XZt,3,103,0.039584684330806814,0.009855903988829098
7,XZt,4,98,0.03650098951572117,0.009889941514251295
7,XZt,5,88,0.03548862319929565,0.009991196484486322
7,XZt,6,92,0.03516022994300769,0.00995986527784359
7,XZt,7,89,0.035701773932229015,0.009887116087681436
7,XZt,8,91,0.03689818234547661,0.009993511901225808
7,XZt,9,87,0.03761138709582226,0.00993174597687704
7,XZt,10,86,0.037033095771439276,0.009932916856185935
7,XZt,11,83,0.03671954530972843,0.009910065945188432
7,XZt,12,83,0.03609120223732393,0.00995402111769971
7,XZt,13,81,0.03458570238179384,0.009918845588822143
7,XZt,14,80,0.033858543615195615,0.009935635511610995
7,XZt,15,80,0.03417813395078624,0.00999939163065754
7,XZt,16,79,0.033544368239139276,0.009950442325523338
7,XZt,17,80,0.032804667025680245,0.00990209455224804
7,XZt,18,79,0.0325401606701492,0.009966487926683783
7,XZt,19,78,0.03206857303158099,0.009973824101887728
7,XZt,20,80,0.03174003796630902,0.00984950430943701
7,XZt,21,78,0.031717727386151626,0.009949109385651798
7,XZt,22,78,0.031993126727539484,0.009977413716055419
7,XZt,23,78,0.03145615447327226,0.009965405612655949
7,XZt,24,78,0.03152216331170492,0.009938549349649476
7,XZt,25,78,0.031530662830251355,0.009890630208317234
7,XZt,26,78,0.031073190832588794,0.009923966582783538
7,XZt,27,78,0.031257043915946844,0.009955286405024242
7,XZt,28,79,0.030889637235452218,0.00981820621788497
7,XZt,29,77,0.030789895460436,0.009987343939584269
7,XZt,30,79,0.030562965388927013,0.009916134699784107
7,XZt,31,78,0.030776005635290732,0.009990010565456337
7,XZt,32,78,0.030680293042556348,0.009980773150274038
7,XZt,33,79,0.030557415846817457,0.009938549349649476
7,XZt,34,80,0.03032793012553073,0.009876753673466266
7,XZt,35,79,0.029660185840618133,0.009874787020735352
7,XZt,36,79,0.029579717303122373,0.009895896338086586
7,XZt,37,80,0.029272289273584752,0.009822343251137814
7,XZt,38,80,0.02949246184276365,0.009921424381200864
7,XZt,39,80,0.02934370901052964,0.00994360160307844
7,XZt,40,80,0.028908026331248754,0.009879189420123656
7,XZt,41,80,0.028885172501927354,0.009905278306817917
7,XZt,42,80,0.02944539487004282,0.009977892771526274
7,XZt,43,80,0.02923710919056985,0.009955855847359873
7,XZt,44,80,0.02885947846662792,0.009905533318983454
7,XZt,45,80,0.02857582359078798,0.009900846470327353
7,XZt,46,80,0.028559307025091143,0.009978556957139107
7,XZt,47,80,0.028133158609173536,0.009953225513854722
7,XZt,48,80,0.02778753320074003,0.009958609040112816
7,XZt,49,81,0.027729677661619274,0.009820085448734348
7,XZt,50,81,0.027476593934448765,0.00981925049629366
7,XZt,51,81,0.027403026079546294,0.00985340218960986
7,XZt,52,80,0.02739084440410146,0.009985812101770717
7,XZt,53,81,0.02729426216442888,0.009870056445560608
7,XZt,54,81,0.02696074404205945,0.0098689794803233
7,XZt,55,81,0.026537677868005673,0.009849532329251882
7,XZt,56,81,0.026329074613885808,0.009908735310585172
7,XZt,57,81,0.026397805094534512,0.009953439247175507
7,XZt,58,81,0.02577627145196781,0.00988989229229893
7,XZt,59,81,0.025589438381178487,0.009949449186704873
7,XZt,60,82,0.025146784740769916,0.009808166499587155
7,XZt,61,81,0.024981827971155654,0.009990706557002519
7,XZt,62,82,0.024131149253824126,0.009849819527758668
7,XZt,63,82,0.02392123316827112,0.009855860819507564
7,XZt,64,82,0.0232046879086645,0.009830495120204015
7,XZt,65,82,0.022949955767456502,0.009909918191676127
7,XZt,66,82,0.021914823659150703,0.009845180130139596
7,XZt,67,82,0.021162678773474095,0.009907166943764372
7,XZt,68,81,0.01975747829070345,0.009977960767110805
7,XZt,69,82,0.018070126353571938,0.009822236324582208
7,XZt,70,82,0.01663065065670882,0.009902710405675828
7,XZt,71,82,0.01501959411893989,0.009824613409651682
7,XZt,72,82,0.013995548411408404,0.009945910757289865
7,XZt,73,82,0.0128362147305643,0.009868960837264943
7,XZt,74,83,0.01202062051939772,0.009845544541495556
7,XZt,75,82,0.011382988100582492,0.009983918761775063
7,XZt,76,83,0.010589653804007419,0.009877938832174164
7,XZt,77,83,0.010006941855725766,0.009854271590170202
7,XZt,78,83,0.009553782127034225,0.009911209606628458
7,XZt,79,83,0.00908348524575658,0.009908387149947255
7,XZt,80,83,0.008743219959445596,0.009970314314441288
7,XZt,81,83,0.008418464422300194,0.009991620403916136
7,XZt,82,84,0.00802455061818938,0.009853122486946366
7,XZt,83,84,0.00776796530842799,0.009870419161814475
7,XZt,84,84,0.007507731400525267,0.009876433881332004
7,XZt,85,84,0.007382360071464083,0.009957503542991429
7,XZt,86,84,0.0072069686361258345,0.009986651551892881
7,XZt,87,84,0.007010289507087574,0.009998373451127618
7,XZt,88,85,0.006812184845399295,0.009909647433449433
7,XZt,89,85,0.006607134279288182,0.009866688062279435
7,XZt,90,85,0.006580402564458969,0.009997309925502244
7,XZt,91,86,0.006275384943353756,0.009819456215804963
7,XZt,92,86,0.00614896018427347,0.009804400762903318
7,XZt,93,86,0.006007919813214082,0.009844265149015655
7,XZt,94,86,0.0059758907894459585,0.0099228997177453
7,XZt,95,86,0.005772095839013635,0.009886381398788205
7,XZt,96,86,0.00568911613090103,0.009982233187473221
7,XZt,97,87,0.005527635479730186,0.009891426196749755
7,XZt,98,87,0.005353288191326278,0.009835683548607107
7,XZt,99,86,0.005337679046079485,0.009998868753216983
7,XZt,100,87,0.005192824162190027,0.009936149757723039
7,XZt,101,88,0.005004769926483122,0.009844461779792767
7,XZt,102,88,0.004950589295454454,0.009887109884731973
7,XZt,103,88,0.0048500006828808475,0.009839905166607696
7,XZt,104,88,0.004733886738449741,0.009810109779520253
7,XZt,105,88,0.004695263077391318,0.009898989541175636
7,XZt,106,88,0.0046344153606784665,0.009999714007008042
7,XZt,107,88,0.0046064742859120225,0.009976350261323503
7,XZt,108,88,0.004521754885163489,0.009978325707246116
7,XZt,109,88,0.004466507804975027,0.009957079325927798
7,XZt,110,89,0.004332317324016052,0.009812831990491596
7,XZt,111,89,0.00434071572678481,0.009902288486340194
7,XZt,112,89,0.004308293326684462,0.009953465819105434
7,XZt,113,90,0.004272048498077449,0.009825258697564534
7,XZt,114,89,0.004213464892633917,0.009846283834634654
7,XZt,115,89,0.004231284648417963,0.009840902349466581
7,XZt,116,88,0.004233115685249701,0.009970320081176905
7,XZt,117,89,0.0042150537889990266,0.009886513995755252
7,XZt,118,89,0.004185235489095951,0.009897444803227753
7,XZt,119,89,0.004150935666140543,0.009891020072388849
7,XZt,120,89,0.004138704629022857,0.009859686209697292
7,XZt,121,89,0.004184439411811708,0.00996367959013226
7,XZt,122,89,0.004109360627227413,0.00988778714629303
7,XZt,123,89,0.004134416868510873,0.0098973882602384
7,XZt,124,89,0.004128181582195115,0.00986433821379337
7,XZt,125,89,0.004109449382775465,0.009994550902434507
7,XZt,126,90,0.004031783948257982,0.009820898863813191
7,XZt,127,90,0.00401678476124697,0.009872170031726659
7,XZt,128,90,0.0039895100864736745,0.009845086299818388
7,XZt,129,90,0.0039865374306834464,0.009968254992109191
7,XZt,130,90,0.004005442626957201,0.009983020336177352
7,XZt,131,90,0.004027325328919996,0.009903307255355124
7,XZt,132,90,0.004011955453616367,0.009859258561379878
7,XZt,133,90,0.004062338215354545,0.009798015562430302
7,XZt,134,89,0.004122464181381672,0.009917798270146765
7,XZt,135,88,0.004215575723683209,0.00998497680380641
7,XZt,136,89,0.0042026272497543895,0.009860113450721027
7,XZt,137,89,0.004245823297285921,0.009877877909014851
7,XZt,138,89,0.004263092814108086,0.009845226071630502
7,XZt,139,89,0.004295585613896635,0.009847306451444611
7,XZt,140,89,0.004340464082243718,0.009822611342894718
7,XZt,141,89,0.004382470735043248,0.00981409946737831
7,XZt,142,88,0.004472848619487876,0.009926218519768267
7,XZt,143,88,0.004475870403875374,0.009882864215969274
7,XZt,144,88,0.004566206268038912,0.009912999286023733
7,XZt,145,88,0.004614920933483877,0.009905556149797955
7,XZt,146,88,0.0046608904246741596,0.009982108773900066
7,XZt,147,89,0.004643644763600856,0.00981166084476047
7,XZt,148,88,0.004794863759746914,0.009914654490507569
7,XZt,149,87,0.00494284406625991,0.009992138673732831
7,XZt,150,87,0.005030800868996862,0.009922757563417971
7,XZt,151,87,0.005106975397705918,0.009899949023872352
7,XZt,152,87,0.00532231103173751,0.009941203616231964
7,XZt,153,87,0.0054514129855511755,0.009988760805127731
7,XZt,154,87,0.0055608900206734245,0.009852589512743154
7,XZt,155,86,0.005770038300006731,0.009866360562402084
7,XZt,156,86,0.005937390408337155,0.009862524158226959
7,XZt,157,86,0.006136143638622739,0.009855309324510281
7,XZt,158,86,0.00628703484015771,0.009812247997668099
7,XZt,159,85,0.006583613471417831,0.009904885908052335
7,XZt,160,84,0.006786192314988312,0.009913876605884227
7,XZt,161,84,0.006930648724971059,0.009874256768656702
7,XZt,162,84,0.007131603021987173,0.009916251437106187
7,XZt,163,84,0.007283999583474359,0.009860665454477717
7,XZt,164,83,0.007514223264541497,0.009928156452638292
7,XZt,165,83,0.007709084903026632,0.009929949253886978
7,XZt,166,83,0.007811985650176417,0.009885387640347142
7,XZt,167,83,0.007933726854237768,0.009825373003519796
7,XZt,168,83,0.008055595625365548,0.009849815247083595
7,XZt,169,82,0.008306749081990333,0.009976364477325757
7,XZt,170,82,0.008433213524408689,0.00992179719577758
7,XZt,171,82,0.008526635307992976,0.009851012596132146
7,XZt,172,82,0.008641361788098073,0.009834109377929817
7,XZt,173,82,0.008752258055861955,0.00980769674092639
7,XZt,174,81,0.00898700926099902,0.00997584846188811
7,XZt,175,81,0.00907877521966727,0.009979713126226229
7,XZt,176,81,0.009064246882921088,0.009883250120191846
7,XZt,177,81,0.009108503524867601,0.009954917154891559
7,XZt,178,81,0.009098660530443297,0.009912403019924985
7,XZt,179,81,0.009011919734723503,0.009866119301090215
7,XZt,180,81,0.0090581683779267,0.009878022261368717
7,XZt,181,81,0.009050990085356349,0.009855008672843429
7,XZt,182,81,0.009171965539766805,0.00991982247128202
7,XZt,183,81,0.009151657361774292,0.00989645370499927
7,XZt,184,81,0.009209211056310037,0.009863319305914114
7,XZt,185,81,0.009349975243485503,0.009896186451675667
7,XZt,186,80,0.009561227551626273,0.009979138131300863
7,XZt,187,81,0.009657577734566495,0.009820123310720097
7,XZt,188,80,0.009931330995828557,0.00996261505410375
7,XZt,189,81,0.010120301578936246,0.009838265048452395
7,XZt,190,80,0.01047131251827312,0.00994263206872003
7,XZt,191,80,0.010818018385481586,0.009922565574585757
7,XZt,192,80,0.01133412468809519,0.009993868602631947
7,XZt,193,80,0.011732841135576723,0.009997103264821512
7,XZt,194,81,0.012144084833609316,0.009879002404627486
7,XZt,195,81,0.012403999737467569,0.009819950003115908
7,XZt,196,81,0.012751381524488478,0.009836858068909727
7,XZt,197,80,0.013047652698060028,0.009946474570459581
7,XZt,198,81,0.013133394337160029,0.009843517916240815
7,XZt,199,81,0.013197311091009653,0.009844429462528809
7,XZt,200,81,0.013219560215659799,0.009851633199160704
7,XZt,201,80,0.013356348460535895,0.009951037467888899
7,XZt,202,81,0.01324516352071929,0.009848178336224356
7,XZt,203,81,0.01321563412625582,0.009845606054047733
7,XZt,204,81,0.013218345639873307,0.009802192400708417
7,XZt,205,81,0.013233326793288938,0.00980863271867437
7,XZt,206,81,0.013315246808283889,0.00985167638700736
7,XZt,207,81,0.013245368186245146,0.009832063242012131
7,XZt,208,81,0.013389025257805129,0.009845476799379504
7,XZt,209,80,0.013717995247732224,0.009993000990582637
7,XZt,210,81,0.01354706646820852,0.009823877167869423
7,XZt,211,80,0.01388612585777838,0.009939320289879499
7,XZt,212,80,0.014127361350787347,0.009880007668288053
7,XZt,213,80,0.014615590242901622,0.009896550146817817
7,XZt,214,79,0.015248857711838837,0.009971245406812728
7,XZt,215,79,0.015969817055354312,0.009973591973612137
7,XZt,216,80,0.016794675280809808,0.009873131732542145
7,XZt,217,80,0.01796439941645427,0.00986727194078806
7,XZt,218,80,0.01912923830570676,0.009866176023281768
7,XZt,219,80,0.020776198451435194,0.009852894128536762
7,XZt,220,80,0.022875375818165046,0.009967638573744358
7,XZt,221,80,0.024643232296621225,0.00990396908939869
7,XZt,222,80,0.026075182991102622,0.009824696511379561
7,XZt,223,79,0.027675071460720096,0.00992052531889035
7,XZt,224,79,0.028827774617720826,0.009946078401591573
7,XZt,225,80,0.029985716932289738,0.00991917328796557
7,XZt,226,80,0.03021768655660141,0.0098747074459216
7,XZt,227,79,0.030362436414323624,0.009862070203528727
7,XZt,228,79,0.030410071461174214,0.009834943068903243
7,XZt,229,79,0.030756320942770615,0.009965904476332737
7,XZt,230,78,0.030498922895366938,0.009887838704660474
7,XZt,231,79,0.031086357704936795,0.009882761047061586
7,XZt,232,78,0.03131038817718393,0.009988632635419083
7,XZt,233,79,0.030644389251240047,0.009835003868284996
7,XZt,234,79,0.031126119982945927,0.00982086646901137
7,XZt,235,79,0.031096639937946622,0.009846199747217618
7,XZt,236,79,0.031084197197625264,0.009896155077986057
7,XZt,237,78,0.031765524249190345,0.009984476205731247
7,XZt,238,78,0.031645616128730396,0.009986664217952412
7,XZt,239,80,0.03177085649355881,0.009929632333034151
7,XZt,240,79,0.03144353749893741,0.009897816197437003
7,XZt,241,80,0.032026731139288236,0.009961117124300695
7,XZt,242,80,0.03247185671084059,0.00997947652577943
7,XZt,243,80,0.03292036789756321,0.009962237610872237
7,XZt,244,81,0.03323715879529914,0.009936761186018963
7,XZt,245,81,0.03314840646355995,0.009924679178557827
7,XZt,246,82,0.03384377082545865,0.009901941647441634
7,XZt,247,84,0.035303737353596674,0.009942883038769564
7,XZt,248,84,0.035848901781779435,0.009851324653450913
7,XZt,249,88,0.03608555354133445,0.009871781364646866
7,XZt,250,89,0.03693759435119596,0.009920004853235785
7,XZt,251,94,0.035849880415158894,0.009879336081251723
7,XZt,252,92,0.03490755274396955,0.009846353906933631
7,XZt,253,95,0.034270033241366675,0.009893757214067963
7,XZt,254,91,0.03447903613294205,0.009933744569915724
7,XZt,255,101,0.03558862786800043,0.009896870838154728
7,XZt,256,105,0.03886885521018503,0.00996432125766662
7,XZt,257,108,0.04563450788953284,0.00996304326748902
7,XZt,258,111,0.06154632559359734,0.009992266414865367
7,XZt,259,121,0.24378388975964232,0.009945756984514654
8,XYt,73,43,0.02027961250407738,0.009961263040953431
8,XYt,74,42,0.020045410164793432,0.009979366904125415
8,XYt,75,42,0.01967827311245043,0.009950800493782674
8,XYt,76,42,0.019203161537993868,0.009907237746137432
8,XYt,77,41,0.018943311203357432,0.009916108800920425
8,XYt,78,41,0.01848051466256978,0.009818830768280079
8,XYt,79,40,0.018400414801532216,0.009946308320192722
8,XYt,80,40,0.01790637848816971,0.009874391469357015
8,XYt,81,40,0.017511088143362663,0.009835330931330457
8,XYt,82,39,0.017318188357951833,0.009872708238534636
8,XYt,83,39,0.01703779436607359,0.00985803833988189
8,XYt,84,38,0.01707637163169184,0.009965577775371319
8,XYt,85,37,0.01689276253327294,0.009980110033923312
8,XYt,86,37,0.01657615913204244,0.009905273508347016
8,XYt,87,36,0.01627068628056405,0.009854468332459046
8,XYt,88,35,0.016120523460074362,0.009946353100904292
8,XYt,89,35,0.01572950699139199,0.00988028730816847
8,XYt,90,35,0.01532445848724396,0.009789211579191246
8,XYt,91,34,0.015221158819265015,0.00986739360692977
8,XYt,92,34,0.015048109327457013,0.009849867393362324
8,XYt,93,34,0.014805640665618527,0.009789221994723011
8,XYt,94,33,0.015005851325894068,0.009993880185625473
8,XYt,95,33,0.014655139358229496,0.009815865928202319
8,XYt,96,32,0.01471569417783549,0.009954270722412645
8,XYt,97,32,0.014574701110397199,0.009950909428614265
8,XYt,98,32,0.014426578575563103,0.009987721508610945
8,XYt,99,33,0.013996862697857246,0.009780128305654999
8,XYt,100,32,0.014151188675222776,0.009992142970157821
8,XYt,101,32,0.013929734416707473,0.009904267945224351
8,XYt,102,32,0.013823223429332235,0.009884725880623559
8,XYt,103,32,0.013786027563298843,0.009906411145264452
8,XYt,104,32,0.013679042906326275,0.009852701089582807
8,XYt,105,32,0.01371744853310188,0.009875952698849529
8,XYt,106,32,0.013791538363277131,0.009906120789402145
8,XYt,107,32,0.013888937341469329,0.009982897621858378
8,XYt,108,33,0.013691693351517435,0.009863218730657142
8,XYt,109,33,0.01369908088929352,0.009871128555891558
8,XYt,110,33,0.013815849000529132,0.009956609586455707
8,XYt,111,33,0.01376908679911355,0.00988029328263006
8,XYt,112,33,0.01382785434158726,0.009850363158372776
8,XYt,113,33,0.013880892001595185,0.009815459723473252
8,XYt,114,33,0.014080610461179269,0.009867319100192172
8,XYt,115,33,0.014288637884167144,0.00990799332683591
8,XYt,116,34,0.014451813298431287,0.009873722994211557
8,XYt,117,35,0.014538151752789696,0.009778169267225564
8,XYt,118,34,0.015074123326881897,0.009993246553147437
8,XYt,119,35,0.015168323662082855,0.009876540065887953
8,XYt,120,35,0.015382755345995602,0.009931657981688685
8,XYt,121,35,0.01522242330168095,0.009847035606520513
8,XYt,122,35,0.015188483406092834,0.00987043050133688
8,XYt,123,35,0.015315264360318569,0.009908440148522626
8,XYt,124,36,0.015268908168683657,0.009797195396054262
8,XYt,125,36,0.015618801448964117,0.009950294092942904
8,XYt,126,37,0.01563105646804014,0.009854789615296733
8,XYt,127,37,0.016059298689386495,0.009974493246742634
8,XYt,128,38,0.01617529798398756,0.00988030305901396
8,XYt,129,39,0.016603711662724466,0.009938292022020206
8,XYt,130,39,0.016936671115277118,0.009972269431137357
8,XYt,131,40,0.017179033102040688,0.009944172099991589
8,XYt,132,41,0.017239996112681254,0.009818608327019841
8,XYt,133,41,0.017781045874636407,0.009931191671366371
8,XYt,134,41,0.01818585673358805,0.009960857378134595
8,XYt,135,42,0.01828770145656686,0.009808344861291953
8,XYt,136,42,0.018782264548653824,0.009869040769129452
8,XYt,137,42,0.019277794328089057,0.009940270789595931
8,XYt,138,43,0.01933766297721737,0.009832431102296247
8,XYt,139,43,0.019845812235312593,0.009947045287946764
8,XYt,140,44,0.019815391964762848,0.009859574945165726
8,XYt,141,44,0.020043154699726767,0.009943482411346644
8,XYt,142,45,0.019827794504484197,0.009870581641946307
8,XYt,143,44,0.020109851621736466,0.00999976245839348
8,XYt,144,45,0.02002238931696013,0.009967403071100066
8,XYt,145,46,0.019769893861353038,0.009844063997507209
8,XYt,146,46,0.01977945294846944,0.00984656310870831
8,XYt,147,46,0.019738447091012926,0.009833179333493109
8,XYt,148,45,0.020036851808231435,0.00996096889665165
8,XYt,149,46,0.019774817251421103,0.009838410994988089
8,XYt,150,45,0.02007120268369871,0.009979299148583639
8,XYt,151,45,0.020056166732190683,0.009950309193660226
8,XYt,152,45,0.019965237482553744,0.00990668524205688
8,XYt,153,45,0.019812711506776708,0.009835683938318589
8,XYt,154,45,0.01973001353411641,0.009825188708893212
8,XYt,155,44,0.019865833218833794,0.009898515418623384
8,XYt,156,43,0.01986424554384502,0.009943046339381355
8,XYt,157,43,0.019605249193315886,0.009901290207797939
8,XYt,158,42,0.019419722966892893,0.009965509926077204
8,XYt,159,42,0.0189410712333303,0.009872616921714372
8,XYt,160,42,0.018690593218059867,0.009929898531789683
8,XYt,161,41,0.018476524176913953,0.009976457303480311
8,XYt,162,41,0.017845719416345357,0.009818134461144644
8,XYt,163,40,0.017557346449691112,0.009831158268968042
8,XYt,164,39,0.017285708710483343,0.009830836759696369
8,XYt,165,38,0.017209820089573783,0.009925300659344827
8,XYt,166,37,0.016969545353017933,0.009957319923123297
8,XYt,167,36,0.016532184458279416,0.009883240967261125
8,XYt,168,35,0.01617339621274792,0.009874577330015361
8,XYt,169,34,0.016094745074923436,0.009951774393563383
8,XYt,170,34,0.015902908577112296,0.009957725730052751
8,XYt,171,34,0.015669493200937846,0.009884237811227204
8,XYt,172,34,0.015656035800370723,0.009925286601919757
8,XYt,173,34,0.015587757457571572,0.009950920753454067
8,XYt,174,34,0.015534938068586586,0.00996329918641462
8,XYt,175,34,0.015418603636623335,0.009885466353690977
8,XYt,176,34,0.01539186426711912,0.00992665440423343
8,XYt,177,34,0.015157212265117076,0.009825968075226258
8,XYt,178,34,0.015070723907858422,0.009829624864532352
8,XYt,179,34,0.01509073158927437,0.009924284148044481
8,XYt,180,34,0.015044318217288813,0.009909183181913096
8,XYt,181,34,0.014960974143137783,0.00996125765377324
8,XYt,182,34,0.014930175109641532,0.009958421437583225
8,XYt,183,35,0.014652799494482024,0.009851954885709422
8,XYt,184,35,0.014691597973789024,0.009886347900325663
8,XYt,185,35,0.014571632559344492,0.009838320450729158
8,XYt,186,35,0.014577570303363544,0.009847303726683677
8,XYt,187,35,0.014472468619661984,0.009797897025169257
8,XYt,188,35,0.014596602352672804,0.009869904753204336
8,XYt,189,35,0.014631108380414867,0.009881783526393058
8,XYt,190,36,0.014569697352011112,0.009797587021935535
8,XYt,191,36,0.014715199990240718,0.00985332469837362
8,XYt,192,36,0.01490844584487629,0.009889746872942532
8,XYt,193,37,0.014912842341084054,0.009852570916480364
8,XYt,194,37,0.014961028991687877,0.009852768626414404
8,XYt,195,37,0.014967094222078649,0.009808684614952295
8,XYt,196,36,0.015315510272859227,0.009924070559295586
8,XYt,197,36,0.015580583036871584,0.009930289247375365
8,XYt,198,36,0.015814504505244884,0.009984353739651015
8,XYt,199,36,0.015784128398492008,0.00987324959947996
8,XYt,200,36,0.015900006517549404,0.009889732222366422
8,XYt,201,36,0.0159665267480091,0.009948185160540288
8,XYt,202,36,0.01588061774754729,0.00992817120094584
8,XYt,203,36,0.015876740267196494,0.00996293400364823
8,XYt,204,36,0.015975549947653083,0.009977502383389606
8,XYt,205,36,0.01603800601886021,0.00995828671877326
8,XYt,206,36,0.016024688530828512,0.009860341253199397
8,XYt,207,36,0.016201298011597108,0.00985812434820545
8,XYt,208,36,0.016444141868457742,0.009839808870787626
8,XYt,209,36,0.01683364225042736,0.00997643417386531
8,XYt,210,36,0.017020618970781214,0.009951408787876408
8,XYt,211,37,0.0171321456010328,0.009902638022626921
8,XYt,212,38,0.017272985107206845,0.009814153521920842
8,XYt,213,38,0.01781216340384242,0.00996634454798323
8,XYt,214,39,0.018196427035515845,0.009998518440703307
8,XYt,215,40,0.01839837353792378,0.009924697253492579
8,XYt,216,39,0.018860463894979286,0.009959991585627779
8,XYt,217,40,0.0189693733090652,0.00982261914749419
8,XYt,218,39,0.01963146059913897,0.009980889669237911
8,XYt,0,145,0.002476681981261404,0.009984854113532515
8,XYt,1,146,0.002502619980364992,0.009886914567370229
8,XYt,2,141,0.0024980353274922157,0.009883313725069504
8,XYt,3,121,0.0026166495546448535,0.009942665300448373
8,XYt,4,85,0.0026233171169380075,0.009853962971477864
8,XYt,5,83,0.002836840066786013,0.009907755013696872
8,XYt,6,108,0.002724478492821427,0.009968872756575398
8,XYt,7,122,0.00271140056865857,0.009868197373773317
8,XYt,8,125,0.0029297129837614973,0.009998469599922958
8,XYt,9,128,0.0031474764574238945,0.009942270753247126
8,XYt,10,136,0.003189291338973598,0.009950879228978448
8,XYt,11,144,0.003147909453995006,0.009989786640777256
8,XYt,12,149,0.003134314456301988,0.009995103841763447
8,XYt,13,152,0.003166200980446481,0.009833234452576901
8,XYt,14,150,0.0033485523737967838,0.009887483915627172
8,XYt,15,146,0.0034504277158457263,0.009915524860225835
8,XYt,16,142,0.0034352484458099754,0.009969662421146943
8,XYt,17,138,0.0033966867721748274,0.00999133091301135
8,XYt,18,132,0.0033591641091463313,0.009844967239144279
8,XYt,19,130,0.0034324844259641892,0.009922030690332451
8,XYt,20,127,0.0034730165967168545,0.009965198136477308
8,XYt,21,120,0.0035132268414833053,0.009990240010143836
8,XYt,22,109,0.003508147016793136,0.009828310171455799
8,XYt,23,90,0.0036414169927909477,0.009897650136764401
8,XYt,24,68,0.0036352872201924195,0.009859095972398327
8,XYt,25,57,0.0034064641934869917,0.009960466784111914
8,XYt,26,69,0.003079602288513808,0.009864425954637693
8,XYt,27,84,0.002741415983345554,0.009998059542642632
8,XYt,28,91,0.0026449160942677926,0.009963967037676694
8,XYt,29,92,0.0027916637328006745,0.00991829326760428
8,XYt,30,95,0.0031228759173377325,0.009912604640763286
8,XYt,31,101,0.003304457842144317,0.009968854454132686
8,XYt,32,109,0.003339205234781755,0.009961278663759511
8,XYt,33,114,0.0034107164767258674,0.009894898189410584
8,XYt,34,112,0.0036829931286659237,0.009989753335581258
8,XYt,35,103,0.004098577253430172,0.009983253473869707
8,XYt,36,85,0.004677491615877536,0.009963390749316252
8,XYt,37,63,0.005172918093323977,0.00988623065481291
8,XYt,38,77,0.006095901559761734,0.00997958361122198
8,XYt,39,94,0.007987620251906124,0.009905468541097882
8,XYt,40,88,0.009732638923450861,0.009976450848709427
8,XYt,41,66,0.012356436223243299,0.009938426471909468
8,XYt,42,72,0.01639845956494942,0.009830277777967984
8,XYt,43,81,0.019566058054629895,0.009905005332044154
8,XYt,44,83,0.02342291484398485,0.009986730695310538
8,XYt,45,85,0.026855731465669015,0.009948582170207238
8,XYt,46,86,0.029264709335563056,0.009952562718823619
8,XYt,47,87,0.02942032183107571,0.009925346075505135
8,XYt,48,88,0.028695607655924722,0.009845418011303331
8,XYt,49,87,0.028641261345593968,0.009884825771722637
8,XYt,50,85,0.028950695494387023,0.009904663464451716
8,XYt,51,83,0.02947680966590192,0.00993164231228828
8,XYt,52,80,0.030169106624542044,0.009980502009911223
8,XYt,53,78,0.030198959757262354,0.00987266149312502
8,XYt,54,75,0.030189518401219896,0.009882537252157547
8,XYt,55,72,0.02953059440051513,0.009910265138190684
8,XYt,56,68,0.028187989445377766,0.009946471256271856
8,XYt,57,64,0.026306471435493,0.00994135961862457
8,XYt,58,60,0.024383257411395104,0.009883046581832537
8,XYt,59,55,0.023299270870985,0.009997202339788567
8,XYt,60,52,0.022151682232939434,0.009921376242670579
8,XYt,61,49,0.021676011635294538,0.009930401109172881
8,XYt,62,48,0.021350994387946663,0.009878497522707528
8,XYt,63,47,0.02163234418202645,0.009940778240868572
8,XYt,64,46,0.021949000432642973,0.009970944483577153
8,XYt,65,46,0.022138809815117434,0.009982694425745542
8,XYt,66,46,0.02181206268120691,0.009842621473578868
8,XYt,67,45,0.021754775001673804,0.009910978796444078
8,XYt,68,45,0.021371051597963077,0.009856151955972203
8,XYt,69,44,0.021059487295453927,0.009818750974206158
8,XYt,70,43,0.021126874219169204,0.009986981094504492
8,XYt,71,43,0.020821053436677884,0.009959450090330625
8,XYt,72,43,0.020607768159227862,0.009975829557465024
8,XYt,219,40,0.01978047226491604,0.00986838117593791
8,XYt,220,40,0.020054922745064055,0.00986324375798077
8,XYt,221,40,0.02052096517144347,0.009982374034054407
8,XYt,222,40,0.020528317054741993,0.009897230480352943
8,XYt,223,40,0.02095834009486492,0.009993291123525152
8,XYt,224,40,0.021054845675988972,0.009953199480437583
8,XYt,225,41,0.021031082104375015,0.009868139187167552
8,XYt,226,40,0.02148270472307643,0.009998539909102704
8,XYt,227,40,0.021541438068242234,0.009970276561463043
8,XYt,228,40,0.021520707568753805,0.009899361651840305
8,XYt,229,40,0.021918133706313448,0.009970535985358355
8,XYt,230,40,0.021877110983403322,0.00985105936644982
8,XYt,231,40,0.022304826695159406,0.009923974848415364
8,XYt,232,40,0.02262646315552841,0.009970619946832994
8,XYt,233,41,0.0225243434327174,0.009826714068064388
8,XYt,234,41,0.022783630990959442,0.009860173084165024
8,XYt,235,41,0.02302266972777727,0.009874391469357015
8,XYt,236,41,0.023412810914041144,0.009945146109281081
8,XYt,237,41,0.02365702100146069,0.00999438706268438
8,XYt,238,41,0.02364911603325454,0.009956711990163713
8,XYt,239,42,0.0234826895355109,0.009875163692030033
8,XYt,240,42,0.023578007847615785,0.009924566943290265
8,XYt,241,42,0.023847494640202267,0.00999619958218426
8,XYt,242,43,0.023439669346702222,0.0098387175302089
8,XYt,243,43,0.02375465105991065,0.009946136209316291
8,XYt,244,43,0.023824656888132584,0.009988518279021278
8,XYt,245,44,0.023657897447037453,0.009889264477751104
8,XYt,246,45,0.023560210141408626,0.009866212309772996
8,XYt,247,45,0.02389555489702596,0.009974847246642765
8,XYt,248,46,0.023620445724128396,0.00983843717630524
8,XYt,249,47,0.023694726902002913,0.009860235127443629
8,XYt,250,48,0.023656968499425887,0.009833958066548734
8,XYt,251,48,0.023995189187752456,0.009990793801916401
8,XYt,252,49,0.02378091768355479,0.009944519084876865
8,XYt,253,49,0.023485721972048977,0.009877434361567116
8,XYt,254,47,0.023174307954805497,0.009875174016906489
8,XYt,255,44,0.022581430938016126,0.00988339734159077
8,XYt,256,40,0.022264233043441585,0.009988217952931717
8,XYt,257,39,0.021407675062468587,0.009942347936763215
8,XYt,258,40,0.018729015135315285,0.009975732191434002
8,XYt,259,44,0.01570622115489826,0.009925313635411834
8,XYt,260,42,0.01421125058920529,0.009855953769433606
8,XYt,261,40,0.01408201551523612,0.009895340179338057
8,XYt,262,38,0.01397204249467287,0.009841119846553972
8,XYt,263,35,0.013890809633728638,0.009930596188809687
8,XYt,264,34,0.013975155103480682,0.009982499289077353
8,XYt,265,35,0.013643998466720451,0.00980499155620487
8,XYt,266,36,0.013895809532070204,0.009947507618321404
8,XYt,267,37,0.0138037717120933,0.009920815871358126
8,XYt,268,38,0.0139225368053341,0.009936188103291041
8,XYt,269,39,0.01375206530593087,0.009868322446624356
8,XYt,270,40,0.013912804891000436,0.009952452723698678
8,XYt,271,41,0.013837047904325642,0.00993352408452194
8,XYt,272,42,0.013870709631035063,0.00990621071395578
8,XYt,273,43,0.013692169430239974,0.009835279643325982
8,XYt,274,43,0.013949828401662317,0.009981910630563707
8,XYt,275,43,0.013967062336765717,0.009998787329078837
8,XYt,276,44,0.013905879105778968,0.009925716425722198
8,XYt,277,45,0.013721295443531047,0.009828886190274827
8,XYt,278,45,0.013776377306658252,0.009858685016988458
8,XYt,279,45,0.013820763065983304,0.009905673321353493
8,XYt,280,45,0.013814424880490696,0.009899010915652826
8,XYt,281,45,0.01386540987046351,0.009930853947438943
8,XYt,282,45,0.013870297843291367,0.009930876102480583
8,XYt,283,46,0.013742231028531244,0.00982533453756863
8,XYt,284,45,0.013965871466266688,0.009982690125254016
8,XYt,285,46,0.013861405521389519,0.009901714027811924
8,XYt,286,46,0.01379169530822025,0.009868603039079382
8,XYt,287,46,0.013883254428422555,0.009905807130503447
8,XYt,288,46,0.013761596012016264,0.009845033193796312
8,XYt,289,46,0.013903579118128987,0.00991271020584958
8,XYt,290,45,0.013987378711273929,0.009991915794152791
8,XYt,291,46,0.014010096737604552,0.009970322849208818
8,XYt,292,46,0.013859833103541353,0.009886047727323809
8,XYt,293,46,0.014004462839167675,0.00995748321793998
8,XYt,294,46,0.013967864294333216,0.009951231911867671
8,XYt,295,46,0.014005842281029267,0.00994576823814174
8,XYt,296,46,0.013984413478570289,0.009944418714132847
8,XYt,297,46,0.014114359494118212,0.009990174476981407
8,XYt,298,46,0.014013749471279952,0.00993455855621035
8,XYt,299,47,0.013946817583760946,0.009866756202643361
8,XYt,300,46,0.014011429755313892,0.009922262711411079
8,XYt,301,46,0.01410710086372383,0.009973200340980206
8,XYt,302,46,0.013973234399306263,0.009900359582811916
8,XYt,303,47,0.013929002523302715,0.009843686759205881
8,XYt,304,46,0.014077301102990915,0.009955940163639116
8,XYt,305,46,0.014126739830646506,0.009978843668834206
8,XYt,306,46,0.013958699047780833,0.009873539834992501
8,XYt,307,46,0.014050729731387662,0.009933300970239044
8,XYt,308,46,0.013938758502846834,0.009857008903541058
8,XYt,309,46,0.014015371492169689,0.009886499883180168
8,XYt,310,46,0.014016737678410017,0.00987608147703648
8,XYt,311,45,0.01409191951396208,0.009900249007692442
8,XYt,312,45,0.014108705803328412,0.009921640731262192
8,XYt,313,44,0.014123448500951988,0.009911971226635313
8,XYt,314,44,0.014217492186890446,0.009965900860910959
8,XYt,315,43,0.014241740288291473,0.009974713825663235
8,XYt,316,43,0.014224394983260197,0.00995202728993339
8,XYt,317,42,0.014218798211443754,0.009934610412007975
8,XYt,318,42,0.014121051890165258,0.009841461195112873
8,XYt,319,40,0.01428646520475975,0.009948069183258815
8,XYt,320,40,0.014297769995951094,0.009900563384698293
8,XYt,321,39,0.014217616842624167,0.009819438493648592
8,XYt,322,38,0.014514773489074723,0.009968864143665365
8,XYt,323,37,0.01455470449727653,0.00994588100494843
8,XYt,324,41,0.015024922929114597,0.009997823376367378
8,XYt,325,42,0.01745065697941744,0.009873614838288249
8,XYt,326,42,0.02197673458520009,0.009900491837705423
8,XYt,327,46,0.023329627921288627,0.009919392623938362
8,XYt,328,47,0.024304382570585783,0.009973410187266583
8,XYt,329,47,0.024382544936375247,0.009835338569946539
8,XYt,330,46,0.02499042556663515,0.009970380439476225
8,XYt,331,46,0.024820476214015588,0.009875429961709105
8,XYt,332,46,0.024752833051592926,0.00984907030345847
8,XYt,333,45,0.024843410809557015,0.009861625012248926
8,XYt,334,45,0.0248151823459331,0.00983366338855266
8,XYt,335,44,0.024939003893888294,0.009872156519881123
8,XYt,336,44,0.024917524416823888,0.009835388220806466
8,XYt,337,43,0.025323386833415503,0.00999247056712274
8,XYt,338,44,0.024918685242288043,0.009855151182099033
8,XYt,339,43,0.02501696868856827,0.009918305711787914
8,XYt,340,43,0.024852291723174817,0.009937062450100396
8,XYt,341,43,0.024452845917336697,0.00989480436569555
8,XYt,342,42,0.02427080791423419,0.009917750036718803
8,XYt,343,42,0.02396087163247982,0.009918985789733607
8,XYt,344,42,0.02373544340515038,0.009947000510351372
8,XYt,345,42,0.023437460082278164,0.009959110091670251
8,XYt,346,42,0.023022286128960335,0.009876610156383829
8,XYt,347,42,0.02280630381504077,0.009875559833498727
8,XYt,348,42,0.02246231240523618,0.00984011590781273
8,XYt,349,42,0.022346552942686518,0.009891855244373313
8,XYt,350,42,0.02206948162933214,0.00985622001361705
8,XYt,351,42,0.021871962669108246,0.009868519297205154
8,XYt,352,41,0.021874841439395054,0.009979833652024562
8,XYt,353,42,0.021203212257107317,0.00982732349016772
8,XYt,354,41,0.02093159972389358,0.009904529098047274
8,XYt,355,41,0.020705560521167572,0.009949621548471621
8,XYt,356,41,0.019968206477953727,0.00981825907860848
8,XYt,357,40,0.019525888773628246,0.009911757372554918
8,XYt,358,39,0.018969077871261713,0.009959302992493252
8,XYt,359,39,0.018478619476906332,0.009851726655866113
8,XYt,360,38,0.018580110107637222,0.009887191918424052
8,XYt,361,39,0.01872908000665363,0.00989194963855305
8,XYt,362,40,0.018866605449751207,0.009988506459560545
8,XYt,363,43,0.018350583677622878,0.009893420226943216
8,XYt,364,42,0.01833224801374678,0.009891087580093683
8,XYt,365,43,0.018234565545951896,0.009963037958217413
8,XYt,366,45,0.017768511502257577,0.00987675848579309
8,XYt,367,46,0.017553965442212105,0.009873584402236927
8,XYt,368,47,0.017252919726228073,0.009879621947795918
8,XYt,369,48,0.01701898646422392,0.009869775894425153
8,XYt,370,48,0.016976578942933723,0.009976192654449403
8,XYt,371,49,0.016661245862007686,0.009902575161196896
8,XYt,372,49,0.016552951310554776,0.009955376886544156
8,XYt,373,50,0.016147379121745027,0.009810294044841144
8,XYt,374,50,0.0159141880986376,0.00980884163078372
8,XYt,375,50,0.015760722233473724,0.009879207500687265
8,XYt,376,50,0.01548553459479346,0.009889690440974609
8,XYt,377,50,0.015088529450454595,0.00982125324816069
8,XYt,378,50,0.014830420921145874,0.009838979332088502
8,XYt,379,50,0.014677505264659878,0.009840823201769098
8,XYt,380,50,0.014611553553830486,0.00987176513426014
8,XYt,381,50,0.01452972855212204,0.00986960136149742
8,XYt,382,50,0.01456597208986777,0.009937046789222118
8,XYt,383,50,0.014506399311948533,0.009927744186107496
8,XYt,384,50,0.014295336688441256,0.009859826396554283
8,XYt,385,50,0.014172876036679065,0.009882203295745202
8,XYt,386,50,0.014059797130334983,0.00990828850220901
8,XYt,387,50,0.013971277367896929,0.009914898668740523
8,XYt,388,50,0.013991085579876186,0.009934185834700376
8,XYt,389,50,0.013979348825344181,0.009952795645663589
8,XYt,390,50,0.014028268438697521,0.009969412125241788
8,XYt,391,50,0.013984989358271329,0.009966147475823903
8,XYt,392,50,0.01405880613423289,0.009989149525354103
8,XYt,393,50,0.014035431549903667,0.009972090772604447
8,XYt,394,50,0.014130511245665884,0.00997887593490798
8,XYt,395,50,0.01407073841208303,0.009896478958128528
8,XYt,396,50,0.01427156781739022,0.009968417877082768
8,XYt,397,50,0.014182819038942297,0.009887809010174912
8,XYt,398,50,0.014270321658949061,0.009935912119916832
8,XYt,399,50,0.014113351465024017,0.009857489610886191
8,XYt,400,50,0.014161436204409232,0.009917418348251389
8,XYt,401,50,0.014100385666368075,0.009914307079002812
8,XYt,402,50,0.014078710585414846,0.009904662922655358
8,XYt,403,50,0.013994490122896296,0.009842762137141392
8,XYt,404,50,0.014094381205896126,0.009885577637004213
8,XYt,405,50,0.014073444375916821,0.009837710073409627
8,XYt,406,50,0.0142512663873258,0.009878706664598332
8,XYt,407,50,0.014380655727376854,0.009900694552842376
8,XYt,408,50,0.01453264595016511,0.009882253797195234
8,XYt,409,50,0.014482017275394126,0.009817368138286108
8,XYt,410,50,0.014754710450493225,0.009853363366265471
8,XYt,411,50,0.014821709206169195,0.00987694756181047
8,XYt,412,50,0.014828549126104547,0.009840425116590794
8,XYt,413,50,0.014915162849306508,0.009876670466412375
8,XYt,414,50,0.01505491539738684,0.00987851381963731
8,XYt,415,50,0.015283483127593103,0.009965814705791203
8,XYt,416,50,0.015488065397790659,0.009943008020262385
8,XYt,417,50,0.015742809309416527,0.009976390603979774
8,XYt,418,50,0.015974119409644626,0.009957546810576427
8,XYt,419,51,0.01595183973781202,0.009829226871774172
8,XYt,420,50,0.01642013855699831,0.009910788203821762
8,XYt,421,50,0.016687682895966265,0.009984670843087688
8,XYt,422,50,0.01675285228735281,0.009886878744553268
8,XYt,423,50,0.01693795288036201,0.009910248351983425
8,XYt,424,50,0.017038609613814835,0.009873742559980683
8,XYt,425,50,0.01727787558085965,0.009936639057670426
8,XYt,426,50,0.017321969062901125,0.009874251256369886
8,XYt,427,50,0.01755686377060637,0.009945748274506866
8,XYt,428,50,0.01756049955047592,0.009879013035893752
8,XYt,429,50,0.017751531726235583,0.009907941873347908
8,XYt,430,50,0.017896195949418325,0.009901683136173213
8,XYt,431,50,0.018240475452115816,0.009933229118809967
8,XYt,432,50,0.018478517092627277,0.009891346910803733
8,XYt,433,50,0.01893171893446859,0.009926271654830949
8,XYt,434,50,0.019334006066451772,0.0099190474651409
8,XYt,435,50,0.019751462754994467,0.00990536127356012
8,XYt,436,50,0.020132789627819725,0.009883403314172362
8,XYt,437,50,0.020563781346979837,0.009894376995553096
8,XYt,438,50,0.020837825594863663,0.00991439368171886
8,XYt,439,50,0.021125739793437303,0.009942149309438781
8,XYt,440,50,0.021385846965069406,0.009965844321697628
8,XYt,441,50,0.02163292541258402,0.009933638610972571
8,XYt,442,50,0.021852401936849824,0.009918864060830661
8,XYt,443,50,0.02211749960151651,0.009875251181430816
8,XYt,444,50,0.022361303738996335,0.009906156542635686
8,XYt,445,50,0.02262441358870055,0.009883453266531627
8,XYt,446,50,0.02291750848029035,0.009916151012168006
8,XYt,447,50,0.02325364519256955,0.00990460874286992
8,XYt,448,50,0.02370443320980846,0.009969031555770714
8,XYt,449,50,0.02411984681524312,0.009950359888757915
8,XYt,450,51,0.02422166795646093,0.009807433322314141
8,XYt,451,51,0.02487999891835885,0.009837256766015096
8,XYt,452,51,0.02553407237916974,0.009919147010603329
8,XYt,453,51,0.025963205816213388,0.009873911584871982
8,XYt,454,51,0.026596705186141587,0.009966028476813396
8,XYt,455,52,0.026707157848206965,0.009881733565593225
8,XYt,456,52,0.02718058207875752,0.009974304943804588
8,XYt,457,53,0.027131381654193116,0.00988477419763992
8,XYt,458,54,0.027139041580249722,0.009844294040358156
8,XYt,459,54,0.027427424346088115,0.009931462382573886
8,XYt,460,54,0.02764715475779072,0.00998745232231455
8,XYt,461,55,0.027235268275946623,0.009821871204547934
8,XYt,462,54,0.027446957598979922,0.009931483455591854
8,XYt,463,54,0.026826981919568216,0.0098171073999663
8,XYt,464,52,0.026403855400754125,0.009836759249379984
8,XYt,465,49,0.025761452002408647,0.009961309909298164
8,XYt,466,48,0.023610277753993242,0.009951606691147344
8,XYt,467,50,0.020698793808374822,0.009994858478232194
8,XYt,468,52,0.017209262298342222,0.009880631648512966
8,XYt,469,52,0.014929836945664774,0.009883080246621831
8,XYt,470,52,0.014161657422593073,0.009811781794101053
8,XYt,471,50,0.013993676032291987,0.009922253517205841
8,XYt,472,49,0.013751961866046039,0.009833878940916986
8,XYt,473,49,0.013636475643450996,0.009854535857179063
8,XYt,474,49,0.013686196650009932,0.009900385600307607
8,XYt,475,49,0.013750687182481175,0.009948403086286339
8,XYt,476,49,0.013886451534585502,0.009983010506800618
8,XYt,477,50,0.013747103511531408,0.009896006109702487
8,XYt,478,50,0.013884573635122207,0.00995785452852903
8,XYt,479,51,0.013757815149150705,0.00986889993636221
8,XYt,480,51,0.013908954849020818,0.00993488157020815
8,XYt,481,51,0.013954467045193368,0.009967752477501104
8,XYt,482,52,0.013911550003555317,0.009924751864313412
8,XYt,483,52,0.013978508315430519,0.009970753422593674
8,XYt,484,52,0.014047579951034953,0.009978052579622473
8,XYt,485,52,0.014035974893000448,0.009998208217186345
8,XYt,486,53,0.01392540081082631,0.009884814371159099
8,XYt,487,53,0.013964455436145003,0.009903568975367259
8,XYt,488,53,0.014002541778811488,0.009923254013091723
8,XYt,489,53,0.013974530645281369,0.00989489276609868
8,XYt,490,53,0.014076279899647257,0.009965388226979581
8,XYt,491,53,0.01402393519202046,0.009935260207025377
8,XYt,492,53,0.014073118838951895,0.009958705418864622
8,XYt,493,53,0.014098597646755024,0.009954795249285777
8,XYt,494,53,0.014125253464463671,0.009990060061495238
8,XYt,495,53,0.014045652786577243,0.009922066927082198
8,XYt,496,53,0.014041442752326758,0.009922472012484654
8,XYt,497,53,0.014061874078851082,0.009937196916625717
8,XYt,498,53,0.014090014648965194,0.009959748051087241
8,XYt,499,53,0.014101766349861334,0.009957593157496286
8,XYt,500,53,0.014066888959284657,0.009936938242456362
8,XYt,501,53,0.01410769591706598,0.009959873051860723
8,XYt,502,53,0.01407505609620706,0.009935588059203096
8,XYt,503,53,0.014109368560255874,0.00994359736277614
8,XYt,504,53,0.014072500734142344,0.009931434285147043
8,XYt,505,53,0.014148441770242009,0.009976314759651037
8,XYt,506,53,0.014075990816948096,0.009925312554073565
8,XYt,507,53,0.014150163833346704,0.009954560212912312
8,XYt,508,53,0.014083912255159595,0.009915331107707889
8,XYt,509,53,0.01414011959080176,0.009944464582609303
8,XYt,510,53,0.014066637328334337,0.009903645376799478
8,XYt,511,53,0.014102784728059923,0.009928351730809398
8,XYt,512,52,0.014160801728306714,0.009969132755294145
8,XYt,513,53,0.01399778406835294,0.009867412097565835
8,XYt,514,52,0.014148799093316384,0.009982903534910843
8,XYt,515,53,0.013913775252892047,0.009811069671685171
8,XYt,516,52,0.013960755432301564,0.009855646681320985
8,XYt,517,52,0.013936951830995043,0.009852007720981526
8,XYt,518,51,0.014058423964853475,0.00994934539836253
8,XYt,519,51,0.013958438603108633,0.009917348005062556
8,XYt,520,51,0.013802525093900406,0.009821153803271072
8,XYt,521,50,0.013951845675227694,0.009958111581595592
8,XYt,522,49,0.013909293265321265,0.009940654079653034
8,XYt,523,49,0.013700704337489935,0.009847755481746687
8,XYt,524,48,0.013811600441456002,0.009986196561028527
8,XYt,525,48,0.013668070033101911,0.009974627746664818
8,XYt,526,48,0.013536406560397745,0.009851770777083407
8,XYt,527,47,0.013533892038422798,0.009838415903990361
8,XYt,528,47,0.013613537291234394,0.009825882331571383
8,XYt,529,48,0.013704820415569812,0.009858613166071376
8,XYt,530,50,0.01381605131722746,0.009835700851782028
8,XYt,531,51,0.014088548912811623,0.009854023420115009
8,XYt,532,51,0.014358896174626322,0.009822365650933019
8,XYt,533,55,0.015834641376099412,0.009966721451095872
8,XYt,534,54,0.01790221925816059,0.009973814263447936
8,XYt,535,53,0.021004042549387765,0.009851853571920826
8,XYt,536,53,0.024634295189601474,0.009888042919673113
8,XYt,537,51,0.026159738676863276,0.009840993882673336
8,XYt,538,52,0.027860132092813655,0.00989350321564028
8,XYt,539,53,0.028734583022239066,0.009918211568445733
8,XYt,540,55,0.029254825803700896,0.00998655122078098
8,XYt,541,57,0.028826905292435485,0.009915372239843899
8,XYt,542,57,0.028662490455084,0.00998746038188986
8,XYt,543,57,0.02796530317299858,0.009848091151219972
8,XYt,544,56,0.027821577377988023,0.009930460552127445
8,XYt,545,55,0.027379313406604017,0.009931763344256304
8,XYt,546,54,0.026768454501169735,0.009960287913873921
8,XYt,547,54,0.025579301094079417,0.00984261165976693
8,XYt,548,53,0.024957070920659408,0.009954974757273742
8,XYt,549,53,0.02405132838541996,0.009863799783445076
8,XYt,550,52,0.023696799668526385,0.009964414580689782
8,XYt,551,52,0.023119922636239642,0.009904109733110804
8,XYt,552,52,0.0225912729979956,0.009833671574171789
8,XYt,553,51,0.022606152257752244,0.009974416311971736
8,XYt,554,51,0.02223489954321626,0.0099043161669071
8,XYt,555,51,0.021909674719067296,0.009869765563901657
8,XYt,556,51,0.021642530506766563,0.009843676946455996
8,XYt,557,51,0.021416703294542316,0.009838406631428457
8,XYt,558,51,0.021167144949209286,0.00981900511061003
8,XYt,559,51,0.020911991725804994,0.009836908725223852
8,XYt,560,51,0.020435538277379473,0.009827065200288622
8,XYt,561,50,0.020259820948049647,0.009993437721076175
8,XYt,562,50,0.019731818073023294,0.009902331840348331
8,XYt,563,50,0.019327548495815684,0.00985027653749411
8,XYt,564,50,0.01871027650998593,0.009822235075798038
8,XYt,565,49,0.018545435155493464,0.009994048789534467
8,XYt,566,49,0.01804530572965026,0.00999844544780056
8,XYt,567,49,0.01755964357250393,0.009983314752240983
8,XYt,568,49,0.017090229205324825,0.009946202032636409
8,XYt,569,49,0.016706253933039088,0.009927909588970983
8,XYt,570,49,0.01646054406420235,0.009934024317703122
8,XYt,571,49,0.016291902531707782,0.009976718718191658
8,XYt,572,50,0.01588802966898141,0.009820700278094799
8,XYt,573,50,0.015969438646355007,0.009858339365731468
8,XYt,574,50,0.016100974737094993,0.009878996196583499
8,XYt,575,50,0.01619059066419155,0.009880587656172297
8,XYt,576,50,0.016241814914018562,0.009876852480932318
8,XYt,577,50,0.016409648563685243,0.00992294468135315
8,XYt,578,51,0.016394664948146006,0.009866968312736512
8,XYt,579,51,0.016504501150692713,0.009903262821871227
8,XYt,580,51,0.01636770155736893,0.009810097119943665
8,XYt,581,51,0.016294707847213034,0.009841349958224834
8,XYt,582,50,0.0163042236690075,0.009951114891560718
8,XYt,583,50,0.01606531791331564,0.009905417074494932
8,XYt,584,50,0.015896896808313635,0.009893497791563694
8,XYt,585,50,0.01563084505651615,0.009851465737467648
8,XYt,586,49,0.015521538578313782,0.009948190554799542
8,XYt,587,48,0.015137804254259174,0.009999917010611164
8,XYt,588,48,0.014523188917628282,0.009937322741083832
8,XYt,589,48,0.013912300133092435,0.009837370776700183
8,XYt,590,48,0.013611732022771281,0.009945776331495813
8,XYt,591,48,0.013186669690647782,0.009882954817550377
8,XYt,592,48,0.01285410432558979,0.009809015056498609
8,XYt,593,47,0.012937726389292628,0.009983362054586137
8,XYt,594,47,0.012725357092169072,0.009820082248023705
8,XYt,595,46,0.012849695565942721,0.009936898279666862
8,XYt,596,46,0.01289832148618501,0.009958185947911919
8,XYt,597,47,0.012812744322414403,0.009852852502157549
8,XYt,598,47,0.012989867241168181,0.009899457600688184
8,XYt,599,47,0.013247557291041843,0.00996925763839635
8,XYt,600,48,0.01330180505926631,0.009823248489984312
8,XYt,601,48,0.013577332359479125,0.009862736670249377
8,XYt,602,48,0.013796842171794315,0.009909666232045294
8,XYt,603,48,0.01398265227692106,0.009943780310902319
8,XYt,604,48,0.014146312387925243,0.009991060212628595
8,XYt,605,49,0.013980630128819022,0.009854052827426027
8,XYt,606,49,0.013987836662607517,0.009859618486990789
8,XYt,607,49,0.01393747024969659,0.00983713184369952
8,XYt,608,49,0.013852507572360343,0.009807260415806145
8,XYt,609,48,0.01393872509346451,0.009912582986247654
8,XYt,610,48,0.013704441954605906,0.009841253442847375
8,XYt,611,47,0.013661395061365355,0.00995189571991603
8,XYt,612,47,0.013337069973155823,0.009889002921813867
8,XYt,613,47,0.01302566117132609,0.009808996455780088
8,XYt,614,46,0.013060662343893217,0.009970834691234085
8,XYt,615,46,0.012870893200953352,0.00993886112677722
8,XYt,616,46,0.012806582048640306,0.009954438919034948
8,XYt,617,46,0.0127082908447297,0.009950173825697574
8,XYt,618,46,0.012599555233169154,0.009889743617260827
8,XYt,619,46,0.012650814216061448,0.009901172597238333
8,XYt,620,46,0.012798280237001872,0.009917805226871825
8,XYt,621,47,0.01283564697357425,0.009826651267043763
8,XYt,622,47,0.013195112397607262,0.00992589862214448
8,XYt,623,48,0.013332639563776906,0.009818010935255472
8,XYt,624,48,0.013963919659678345,0.009800514682589431
8,XYt,625,47,0.014552163220634753,0.009910662042484667
8,XYt,626,47,0.014908314583182033,0.009898210193119088
8,XYt,627,47,0.015398298970810981,0.009943955160832903
8,XYt,628,48,0.015627375164707122,0.009857051367874509
8,XYt,629,48,0.016066575954326177,0.009939752514748268
8,XYt,630,49,0.0161583777978188,0.009849154210696662
8,XYt,631,49,0.016435013081619557,0.009945906903364644
8,XYt,632,49,0.016576764086936903,0.009983626513568392
8,XYt,633,49,0.01657094980126535,0.009955211940041599
8,XYt,634,49,0.016483478215823907,0.009930280060601702
8,XYt,635,49,0.016321269508777308,0.009884887660266703
8,XYt,636,49,0.016308366090865153,0.009917694305174196
8,XYt,637,49,0.01620706461880683,0.009924328487411104
8,XYt,638,49,0.01612626975078928,0.009942137434853462
8,XYt,639,49,0.015979650417500112,0.009910938187527845
8,XYt,640,49,0.01584379449319328,0.009873445808316905
8,XYt,641,48,0.01604350416618115,0.009977661045240331
8,XYt,642,48,0.016136830947310884,0.009933013021154267
8,XYt,643,48,0.016366534504226513,0.00990999872148136
8,XYt,644,48,0.016678431657310054,0.009928409564532512
8,XYt,645,48,0.017051314387702826,0.00996038435334708
8,XYt,646,48,0.0175142903885638,0.009976090988625903
8,XYt,647,48,0.017999884468232998,0.00995686774957394
8,XYt,648,48,0.018517625533500896,0.009927132279664118
8,XYt,649,48,0.018892618013509926,0.009884299703452665
8,XYt,650,48,0.01939950075008665,0.009903801970800782
8,XYt,651,49,0.019811410044173014,0.00987580816099411
8,XYt,652,49,0.02043388991843713,0.009893262926195405
8,XYt,653,50,0.02107036135837141,0.00990284936416391
8,XYt,654,51,0.02142369589657254,0.009840426207257117
8,XYt,655,51,0.02198837228432302,0.009955048607968654
8,XYt,656,52,0.022052356523761054,0.009847559305977971
8,XYt,657,52,0.02258990507348829,0.009940831143871865
8,XYt,658,53,0.02276317574286381,0.009861562977714676
8,XYt,659,54,0.02303667384042529,0.009815196200782693
8,XYt,660,54,0.023861182619268822,0.009988539768914053
8,XYt,661,56,0.024050186276803824,0.009872094007941251
8,XYt,662,57,0.024672796793425062,0.009901966034948766
8,XYt,663,59,0.025142532152842286,0.009832460574186422
8,XYt,664,59,0.0263532173455923,0.009981804722105437
8,XYt,665,60,0.02728182435776372,0.009966800598938693
8,XYt,666,60,0.028443767499241792,0.009988913685647383
8,XYt,667,60,0.02896018576493651,0.009852905877258698
8,XYt,668,59,0.029761609626529704,0.009921180440848144
8,XYt,669,59,0.030123280233381615,0.009942667459350315
8,XYt,670,58,0.030108025182577193,0.009927086331103105
8,XYt,671,57,0.029670074967726022,0.009882251082070078
8,XYt,672,55,0.02897965531118451,0.009883814327707862
8,XYt,673,53,0.02811280752408101,0.009980099817608036
8,XYt,674,53,0.027528497054245586,0.009986803773835654
8,XYt,675,57,0.025234672968536306,0.00999489928308821
8,XYt,676,55,0.022914976526759532,0.009909557926888655
8,XYt,677,51,0.020149994256916305,0.009914647531571757
8,XYt,678,55,0.01835838158857924,0.009992359400176268
8,XYt,679,59,0.01631014142190314,0.009998271550797017
8,XYt,680,57,0.01533460602070191,0.009858117815954043
8,XYt,681,50,0.015105393872093378,0.009916419969358922
8,XYt,682,47,0.013971722067355141,0.009900418664109727
8,XYt,683,46,0.013696001681743966,0.009980172944686897
8,XYt,684,46,0.013358828054344449,0.009890365433020437
8,XYt,685,45,0.01318744410199731,0.009904792411141956
8,XYt,686,45,0.012892151896739243,0.009816501716932182
8,XYt,687,44,0.012885949919225429,0.009856111121159718
8,XYt,688,44,0.01279476417768312,0.009841134024205821
8,XYt,689,43,0.012922652527133486,0.009940123947799313
8,XYt,690,43,0.01295769660217626,0.009942880648608493
8,XYt,691,44,0.012925398362096625,0.009821264176109134
8,XYt,692,44,0.01325817600300523,0.009957640043114325
8,XYt,693,45,0.013403244372082158,0.009950235307789358
8,XYt,694,46,0.013502177433630882,0.009899324247800217
8,XYt,695,46,0.013795779717305565,0.009985320067520845
8,XYt,696,47,0.01386086983554153,0.00994129430304184
8,XYt,697,47,0.014044096974738364,0.009992314825642635
8,XYt,698,48,0.013977171639755707,0.009870429413985981
8,XYt,699,48,0.014068975629811038,0.009897600256055553
8,XYt,700,48,0.014115891033090145,0.009912493660870629
8,XYt,701,48,0.014110199083432527,0.009892693910534383
8,XYt,702,48,0.01406446475958016,0.009842095330416271
8,XYt,703,47,0.01420607950766832,0.009950487703974723
8,XYt,704,47,0.01396761981726863,0.009820890979786922
8,XYt,705,46,0.013984765564869855,0.00991755740985656
8,XYt,706,45,0.013859572598437642,0.009904101063880861
8,XYt,707,44,0.013727776748560693,0.009924608577856257
8,XYt,708,43,0.013460012571615276,0.009960295456659671
8,XYt,709,52,0.012604191862678442,0.009930967423959736
8,XYt,710,38,0.013230398565239346,0.009911585203132511
8,XYt,711,36,0.01215084668621538,0.009981025158267216
8,XYt,712,37,0.011965237719239583,0.00989893122579118
8,XYt,713,38,0.011689170120609153,0.009868977149942932
8,XYt,714,42,0.011821835619015033,0.00995058315983786
8,XYt,715,53,0.011902441451369495,0.00982152480407634
8,XYt,716,64,0.011710528301224762,0.009858979491412461
8,XYt,717,74,0.01126885530259077,0.009868931474376614
8,XYt,718,81,0.010756294948075633,0.009994436997274795
8,XYt,719,85,0.01004070841625899,0.009920113198893531
8,XYt,720,86,0.009618461687857125,0.00986788414089448
8,XYt,721,79,0.009793874897963043,0.009907074164806835
8,XYt,722,63,0.011557806567825141,0.009941368795159663
8,XYt,723,52,0.012830850943133177,0.009991374417745934
8,XYt,724,48,0.013018948391557516,0.00989793694596205
8,XYt,725,51,0.013480051105993311,0.009895090715057392
8,XYt,726,62,0.012983775061017618,0.009872348401885125
8,XYt,727,59,0.01272594991686933,0.009911045394706502
8,YZt,0,66,0.24810459675949914,0.00997518640150193
8,YZt,1,62,0.06635939387123156,0.009848893691175127
8,YZt,2,54,0.05227659062240411,0.00999044182502798
8,YZt,3,47,0.04545911512268868,0.009835913865400892
8,YZt,4,45,0.03856347875427095,0.009821167775573035
8,YZt,5,46,0.03668175289957139,0.009993112994250384
8,YZt,6,48,0.036150824738341296,0.009987532764260447
8,YZt,7,45,0.03888801947876092,0.009935610820955494
8,YZt,8,52,0.03942544070089087,0.009858987578254333
8,YZt,9,45,0.041831489588732784,0.00998999138087919
8,YZt,10,44,0.04090698038761463,0.00994054773163975
8,YZt,11,44,0.040587777039966945,0.009839735323830765
8,YZt,12,45,0.04179141605492319,0.00994052498119186
8,YZt,13,46,0.040944575284021574,0.009939984739156124
8,YZt,14,47,0.041465415497799175,0.009979341707106919
8,YZt,15,49,0.04194106614168085,0.009809657697478196
8,YZt,16,50,0.04227824681372498,0.00990142446330586
8,YZt,17,52,0.04208409523898995,0.00981282456872727
8,YZt,18,52,0.0424315475511626,0.009969507323011658
8,YZt,19,53,0.041925541356165136,0.009917366943662478
8,YZt,20,54,0.04283087274235067,0.00992870197100303
8,YZt,21,55,0.042196310503999496,0.009915659232254766
8,YZt,22,56,0.042472569062947434,0.009819016665657312
8,YZt,23,57,0.04237237946998533,0.009858126370091914
8,YZt,24,58,0.042691069449024135,0.009818112910595747
8,YZt,25,58,0.04301020635438505,0.009830290021630354
8,YZt,26,58,0.0432677513966712,0.009991078320932987
8,YZt,27,59,0.04331309280121361,0.009870323241360637
8,YZt,28,59,0.04374487296815715,0.00993724104408488
8,YZt,29,60,0.04242038605030338,0.009822006077317145
8,YZt,30,61,0.04301544586188764,0.009835597811705702
8,YZt,31,60,0.043706967500048315,0.00997435367233439
8,YZt,32,61,0.043399802061764026,0.009898628646295319
8,YZt,33,62,0.04366120228950708,0.009916098364045792
8,YZt,34,62,0.04380188293989375,0.009951986155231959
8,YZt,35,62,0.0422659716734112,0.009886651243374412
8,YZt,36,62,0.04195339123639226,0.009968039653781268
8,YZt,37,63,0.04120459390402529,0.009949380996267862
8,YZt,38,64,0.03959266645865805,0.009818274928961987
8,YZt,39,64,0.03834319369244395,0.009869505355420288
8,YZt,40,64,0.036860621984710004,0.009912350429235266
8,YZt,41,65,0.03507867238809169,0.009853888829979002
8,YZt,42,65,0.03408725770190111,0.009883564262252252
8,YZt,43,65,0.03279937946451781,0.00993848416986987
8,YZt,44,65,0.031169667707497843,0.009955738419388507
8,YZt,45,66,0.02931818006221065,0.009828564060688268
8,YZt,46,66,0.02812899389343759,0.009836608680175215
8,YZt,47,66,0.02688043821591331,0.009817236403438697
8,YZt,48,66,0.025894047729313658,0.009837850495495822
8,YZt,49,66,0.025487100857687045,0.009860204805589325
8,YZt,50,66,0.02466527413256709,0.009834444187986218
8,YZt,51,65,0.024524943686744013,0.009997676843123925
8,YZt,52,65,0.023790957774334758,0.009904963305489262
8,YZt,53,65,0.023769736276258665,0.009901856484247216
8,YZt,54,64,0.02342442966186821,0.009980041515277866
8,YZt,55,64,0.02327258185453414,0.009989181374415896
8,YZt,56,64,0.022930762173647017,0.009935900160721179
8,YZt,57,63,0.023290575743726265,0.009988628797977298
8,YZt,58,63,0.02319954859773136,0.009973526638520533
8,YZt,59,63,0.02324380508486534,0.00993930794913617
8,YZt,60,63,0.02390699553277526,0.00997415460633547
8,YZt,61,64,0.0235457163747614,0.009844487477782363
8,YZt,62,63,0.023040941693942132,0.00998780793529294
8,YZt,63,63,0.021735145373142965,0.009966991351118004
8,YZt,64,64,0.01906317690574389,0.009791660646974946
8,YZt,65,64,0.01696997413011679,0.009898567850476533
8,YZt,66,63,0.01423175165279305,0.009916380928885556
8,YZt,67,64,0.012660524367072531,0.009882526004099668
8,YZt,68,64,0.011293043883803568,0.009922533898002909
8,YZt,69,64,0.010292235184052737,0.00994916486416746
8,YZt,70,65,0.009490023662125854,0.009840363649557574
8,YZt,71,65,0.008826505911730068,0.009832602396676524
8,YZt,72,65,0.008395958098227425,0.009907943033955846
8,YZt,73,65,0.007948734911493414,0.009854123778037347
8,YZt,74,66,0.007647502275560612,0.009833953856925247
8,YZt,75,65,0.007444558141051107,0.009995922264681628
8,YZt,76,66,0.007011809400183238,0.009809876512476966
8,YZt,77,65,0.0068655817503923385,0.00997411002730475
8,YZt,78,65,0.006691509272794454,0.00999882505107838
8,YZt,79,65,0.0064762346889744235,0.009936203765522731
8,YZt,80,65,0.0063651149401232005,0.00998835249829437
8,YZt,81,66,0.0061745522379325155,0.009804787409712598
8,YZt,82,66,0.0061627877668410805,0.009894684276240323
8,YZt,83,66,0.005956376188192545,0.009825835675473958
8,YZt,84,66,0.005999520195301743,0.009848286148756158
8,YZt,85,66,0.006034470512135613,0.009951144936405455
8,YZt,86,66,0.006009599306299467,0.009929932269347483
8,YZt,87,66,0.006020553322823721,0.009993399902028917
8,YZt,88,67,0.005924378940465247,0.009824911090055215
8,YZt,89,66,0.005926928754718207,0.009946776696422552
8,YZt,90,67,0.005849842981919015,0.009805620075534207
8,YZt,91,67,0.005869846211452416,0.00987115969847471
8,YZt,92,67,0.005845417075907845,0.009887880183753424
8,YZt,93,67,0.005845730024759516,0.00984932723793004
8,YZt,94,67,0.005911897677723762,0.009982983475964696
8,YZt,95,67,0.005828398868643687,0.009917772762113124
8,YZt,96,67,0.0058880537722918345,0.009997782660124308
8,YZt,97,68,0.0058575848860690045,0.009878118107062012
8,YZt,98,67,0.00587141215738082,0.009977089082393267
8,YZt,99,67,0.005888066637412358,0.00995757668203786
8,YZt,100,68,0.005827489675508885,0.009840135384590899
8,YZt,101,68,0.005861764355446126,0.009898271610730315
8,YZt,102,68,0.005869536710376857,0.009884045539548504
8,YZt,103,68,0.005879798632585351,0.009857529895601366
8,YZt,104,68,0.005878446578465837,0.009810330147310234
8,YZt,105,68,0.005890939078237149,0.009842616021462332
8,YZt,106,68,0.0060182827305232485,0.00992424390255937
8,YZt,107,68,0.006044125871998642,0.009869414086641243
8,YZt,108,68,0.006105385077877575,0.009837931926919516
8,YZt,109,68,0.006151222479772124,0.009793005232178477
8,YZt,110,67,0.006407781001900504,0.009965731780784987
8,YZt,111,68,0.006439042478632972,0.00983081172785179
8,YZt,112,68,0.0065929671703033104,0.00985148379109562
8,YZt,113,68,0.00670808199540825,0.009818028972318489
8,YZt,114,68,0.006717825169192375,0.009808386129445215
8,YZt,115,67,0.006834565602573372,0.009920400517810919
8,YZt,116,67,0.006882598258951178,0.009959085921072273
8,YZt,117,67,0.006866100079248184,0.009980347233852068
8,YZt,118,67,0.006837410962007727,0.009943993245022018
8,YZt,119,67,0.006748615618015394,0.009901460465770937
8,YZt,120,67,0.006656027808848529,0.009896536590795672
8,YZt,121,67,0.006543999884210406,0.009948929463614855
8,YZt,122,67,0.006406652046382635,0.009916935598418107
8,YZt,123,67,0.006334446878029386,0.009910127830821736
8,YZt,124,67,0.0062357989303506835,0.009827630371220707
8,YZt,125,67,0.006208300162904832,0.009927401248234878
8,YZt,126,67,0.006235907041897798,0.009970324310114239
8,YZt,127,68,0.006104875528705542,0.009827718127766946
8,YZt,128,68,0.006059929534625904,0.009832397342059528
8,YZt,129,68,0.006173547270152352,0.00998683808678218
8,YZt,130,68,0.006194923949490476,0.00997920496608
8,YZt,131,68,0.006237650995953031,0.009903855303536034
8,YZt,132,68,0.006256019813204022,0.00979519140368407
8,YZt,133,67,0.006454664975270143,0.009945584324530098
8,YZt,134,68,0.006396725533679612,0.009830584020917967
8,YZt,135,67,0.006660810845946665,0.009937213271580987
8,YZt,136,67,0.006757646625214324,0.009989279607027118
8,YZt,137,68,0.006738405811202058,0.009856176612338965
8,YZt,138,68,0.006769068598756033,0.009832304949133067
8,YZt,139,67,0.0069310314098293135,0.009934924087513118
8,YZt,140,67,0.006982747966351874,0.00993360527187251
8,YZt,141,67,0.006951719319452017,0.009957076631206287
8,YZt,142,67,0.006967721901664091,0.009963655353678104
8,YZt,143,67,0.006966957594397535,0.009946915039304194
8,YZt,144,67,0.0070156637636218195,0.00995821065957733
8,YZt,145,68,0.006882836695066465,0.009799160175202572
8,YZt,146,68,0.0069252059182879026,0.009804758089204727
8,YZt,147,68,0.006877077943072074,0.009790160443472005
8,YZt,148,67,0.0070055693276532705,0.009932036587025737
8,YZt,149,67,0.007003176163248407,0.00986139622881807
8,YZt,150,67,0.007005432619029647,0.009830993031827133
8,YZt,151,67,0.007118588473925375,0.009872456571682647
8,YZt,152,67,0.007115079932293882,0.009830742714492231
8,YZt,153,67,0.007230328314917789,0.009823943498219436
8,YZt,154,67,0.0073293622426101645,0.009801876432858335
8,YZt,155,66,0.007489693406277215,0.009870859917909331
8,YZt,156,66,0.007522062103226633,0.009839986191486757
8,YZt,157,66,0.007664862790734748,0.00992793908629762
8,YZt,158,66,0.007681056875948237,0.009883980388151449
8,YZt,159,66,0.00754467400575918,0.009812008140379204
8,YZt,160,66,0.007398112349149258,0.009800203745240191
8,YZt,161,66,0.00733009224179418,0.009890703841873676
8,YZt,162,66,0.0072263147276256535,0.009878518553502351
8,YZt,163,65,0.007203541945856586,0.009984833613821614
8,YZt,164,66,0.007022717173380947,0.009848152647865769
8,YZt,165,66,0.007003114189546072,0.009910094180556564
8,YZt,166,66,0.0069760023604681165,0.009928688844939955
8,YZt,167,66,0.006949779413176571,0.00994718516846531
8,YZt,168,67,0.006852112149611631,0.009826632621694531
8,YZt,169,67,0.006839027280738684,0.009913235926440233
8,YZt,170,67,0.006748003558996493,0.009913044526540104
8,YZt,171,67,0.006765698832366364,0.00998727140232662
8,YZt,172,67,0.006587933731603223,0.009905198203007257
8,YZt,173,67,0.006668212029282676,0.009956219672772751
8,YZt,174,68,0.006668613664522428,0.009797323488000302
8,YZt,175,67,0.006715255008351207,0.009872537329409148
8,YZt,176,67,0.006860226049541746,0.009948531466050766
8,YZt,177,68,0.007049569365351529,0.009801542465667522
8,YZt,178,68,0.007286633927003256,0.00981491064479417
8,YZt,179,68,0.007584669582204984,0.00982118299677322
8,YZt,180,67,0.00803521601616875,0.009951813603321024
8,YZt,181,67,0.00832923069534309,0.009926513925487055
8,YZt,182,67,0.008726450002255892,0.009818896820418224
8,YZt,183,66,0.009394736884828496,0.009965198674982438
8,YZt,184,66,0.009898230706690776,0.009813215961483173
8,YZt,185,66,0.010874854024272802,0.009876854188515345
8,YZt,186,66,0.012132413925813679,0.009830875672001116
8,YZt,187,64,0.013923034614840955,0.009963721907609295
8,YZt,188,64,0.016593739513937285,0.00982101400109942
8,YZt,189,65,0.021627678825103882,0.009941279574202969
8,YZt,190,64,0.02652790078577921,0.009928440990726768
8,YZt,191,64,0.030699570146150483,0.009829905157815174
8,YZt,192,64,0.034885201179712284,0.009945333808062203
8,YZt,193,64,0.03624125815763221,0.009867547746298654
8,YZt,194,64,0.038424463974794786,0.009953383022278333
8,YZt,195,64,0.03830683019565611,0.009844611294428348
8,YZt,196,64,0.039265268935031315,0.009906452701364137
8,YZt,197,64,0.03933459699780333,0.009904317018331171
8,YZt,198,64,0.0403718872753892,0.009964345492501088
8,YZt,199,65,0.04111682209727325,0.009874067330556768
8,YZt,200,65,0.04130538625469507,0.009880921667190196
8,YZt,201,65,0.04227200907628076,0.009964166614953874
8,YZt,202,66,0.04271229391725313,0.009875292402876304
8,YZt,203,66,0.042940659610082914,0.009949927277152385
8,YZt,204,66,0.04376594948273646,0.009990620615797176
8,YZt,205,67,0.04357205815986913,0.009806379967981768
8,YZt,206,67,0.044375910199889526,0.009865039186173074
8,YZt,207,67,0.04368169864062508,0.009823865462467048
8,YZt,208,67,0.0443163608813001,0.009867430044326527
8,YZt,209,67,0.044337963753134285,0.00983701783024521
8,YZt,210,67,0.0446931806984054,0.00986355130906763
8,YZt,211,66,0.044175713752351756,0.009940650300809114
8,YZt,212,66,0.04437223629355742,0.009890252730845888
8,YZt,213,66,0.04470648842802561,0.009919639313148758
8,YZt,214,66,0.04466317510820342,0.009890089178638558
8,YZt,215,66,0.0444904515708899,0.009808739011960922
8,YZt,216,65,0.04531416094372741,0.009983113254026127
8,YZt,217,65,0.04474515294013297,0.009874613507999081
8,YZt,218,65,0.04364429682366759,0.009842582140384736
8,YZt,219,64,0.043786922978427296,0.009910498749736754
8,YZt,220,64,0.04359512877453382,0.00983565704819011
8,YZt,221,63,0.04419645187506525,0.009994074946664929
8,YZt,222,63,0.04349105345482491,0.009815496431763217
8,YZt,223,62,0.04349030181447186,0.009904311213165599
8,YZt,224,62,0.04309951408763516,0.009837849716244492
8,YZt,225,62,0.04408853850863414,0.009819855541377102
8,YZt,226,61,0.04399325631840395,0.00987496324755253
8,YZt,227,60,0.04383002332954433,0.009946746253023171
8,YZt,228,60,0.04325906715937072,0.009838187126297457
8,YZt,229,60,0.04306370980284251,0.009828920508543114
8,YZt,230,58,0.043131824359736344,0.00996794428817836
8,YZt,231,59,0.04331134588502997,0.009810104309334843
8,YZt,232,58,0.04348213129703062,0.009900226629244191
8,YZt,233,57,0.04316186930253418,0.00996345530450332
8,YZt,234,56,0.043614814299468646,0.009980644877989312
8,YZt,235,56,0.04317340829389596,0.009963092897499816
8,YZt,236,56,0.042545960712202624,0.009945963170524595
8,YZt,237,55,0.04254634172893653,0.009890023291914015
8,YZt,238,54,0.042164217379970045,0.009915470198586004
8,YZt,239,54,0.04256710408586117,0.009860855538759414
8,YZt,240,52,0.04200994855941279,0.009969425812860777
8,YZt,241,52,0.04206460730009409,0.00990048061004597
8,YZt,242,51,0.042285620588916994,0.009880033661784844
8,YZt,243,49,0.04261121624089261,0.009965525234518385
8,YZt,244,49,0.04214514115542108,0.009820836806207553
8,YZt,245,47,0.04104607417485225,0.00985291046781512
8,YZt,246,46,0.040850898337446276,0.009846005876269642
8,YZt,247,44,0.04223505149800586,0.00995129862592316
8,YZt,248,43,0.04113832598776214,0.009836985878185687
8,YZt,249,43,0.04135286168455919,0.009930842445324663
8,YZt,250,43,0.04232248988078927,0.009932730080473323
8,YZt,251,49,0.04081054761064709,0.009944956479810422
8,YZt,252,44,0.03942310513716655,0.009826513649490838
8,YZt,253,46,0.03671207590180864,0.009912715464740233
8,YZt,254,45,0.03737613902008816,0.009918375661722137
8,YZt,255,43,0.03954725617894617,0.009887915460228268
8,YZt,256,44,0.046897158552297764,0.009971292689530795
8,YZt,257,52,0.05321802711628547,0.009989024046736981
8,YZt,258,59,0.06812433171284213,0.009972240218687358
8,YZt,259,66,0.2527931878031863,0.009973725332735425
8,XZt,0,67,0.2504331123878751,0.00985635900531297
8,XZt,1,60,0.06809725612159187,0.009870557798232076
8,XZt,2,52,0.053108333122300434,0.009876071774097163
8,XZt,3,44,0.046810489741890365,0.009841127870172637
8,XZt,4,42,0.040376687943458306,0.009931986801826958
8,XZt,5,47,0.036897133869654736,0.009844666583119525
8,XZt,6,48,0.035351642703795004,0.009823589601113535
8,XZt,7,44,0.039545881505107634,0.009890714305545107
8,XZt,8,49,0.041228305973088554,0.009948512586777543
8,XZt,9,45,0.04196120765232385,0.009835927894676
8,XZt,10,44,0.04158461705255406,0.009943364528856038
8,XZt,11,44,0.041457062942339126,0.009882555869604523
8,XZt,12,46,0.04209017685535961,0.009820275147526302
8,XZt,13,46,0.041863885120972666,0.009959707487075442
8,XZt,14,48,0.04175050491897734,0.009867863942004495
8,XZt,15,49,0.04347740753315302,0.009980051885282443
8,XZt,16,50,0.043168341936658416,0.009942775480952602
8,XZt,17,52,0.04285247089470121,0.009857200924866907
8,XZt,18,53,0.04266810591033962,0.009846844399064287
8,XZt,19,53,0.042579134369280625,0.00993865502483351
8,XZt,20,54,0.04345398078952328,0.00993556028207868
8,XZt,21,55,0.042570696566671284,0.009814553297574464
8,XZt,22,55,0.04377010731550606,0.009994391741665812
8,XZt,23,56,0.04342240411852424,0.00998833945062036
8,XZt,24,57,0.043320568785051125,0.00984601989116497
8,XZt,25,57,0.04366293489382456,0.009850207893992668
8,XZt,26,58,0.043126952469677696,0.00988796701792665
8,XZt,27,58,0.04388416853873633,0.00994236297244337
8,XZt,28,58,0.04421666620870555,0.009956955752948438
8,XZt,29,59,0.04279846257527846,0.009847017233326844
8,XZt,30,60,0.04320678656895521,0.009858274899847926
8,XZt,31,60,0.04323146965939633,0.009846054149714007
8,XZt,32,60,0.04358120534725011,0.009941054783194906
8,XZt,33,61,0.04366768833521675,0.00990375777175611
8,XZt,34,61,0.04377549931030872,0.00991689424085436
8,XZt,35,61,0.04253848388719998,0.009882600861623257
8,XZt,36,61,0.0427042695695554,0.00994905583318005
8,XZt,37,62,0.0423513885127354,0.00984239326097569
8,XZt,38,62,0.04270090318784493,0.009937300446124312
8,XZt,39,63,0.04194128720604689,0.009806222834558093
8,XZt,40,63,0.04167215385496435,0.00983112442638195
8,XZt,41,63,0.04195330515783901,0.009908100488505787
8,XZt,42,63,0.042727636491336825,0.009946557424793803
8,XZt,43,64,0.0422385957087091,0.009833081880325834
8,XZt,44,64,0.04168841725678425,0.009806471041674251
8,XZt,45,64,0.041413261163629665,0.00984082094262272
8,XZt,46,64,0.04128230103366499,0.00990006285463163
8,XZt,47,64,0.04072181816750096,0.009928346789060424
8,XZt,48,64,0.04019228502812151,0.009930517447193544
8,XZt,49,64,0.04092176027643,0.009964822868256392
8,XZt,50,64,0.040359625674987944,0.0099701101698514
8,XZt,51,65,0.03956232727346079,0.009840032546766565
8,XZt,52,65,0.03905199470662067,0.009888299229130279
8,XZt,53,65,0.03917754121497746,0.009858425371428774
8,XZt,54,65,0.03849538404117073,0.009860779738718236
8,XZt,55,65,0.03815798078993114,0.009935427182279933
8,XZt,56,65,0.037546858482224346,0.009981677154297946
8,XZt,57,66,0.03672862841124915,0.009797230764309358
8,XZt,58,65,0.03640676132553241,0.00995738497960645
8,XZt,59,66,0.03522080211606924,0.009835648474510501
8,XZt,60,65,0.03539477321402345,0.009998460475794687
8,XZt,61,66,0.03376953885686845,0.009842553321905105
8,XZt,62,66,0.03274987373104814,0.009845092918584054
8,XZt,63,66,0.03221066169413313,0.00984011201245247
8,XZt,64,66,0.031037405063196036,0.009858043161344837
8,XZt,65,66,0.03054190243048721,0.009958652148934991
8,XZt,66,66,0.028831873258674732,0.009878733127134257
8,XZt,67,66,0.027752190799761843,0.009961059788322126
8,XZt,68,66,0.025613252065442647,0.009967384381396514
8,XZt,69,66,0.02370762051770729,0.00992673595667826
8,XZt,70,66,0.021682069978544796,0.009998734196021009
8,XZt,71,66,0.019440403108187183,0.009935515529881549
8,XZt,72,67,0.017689554275615055,0.009814922751412002
8,XZt,73,66,0.01647052259126419,0.009986776292688316
8,XZt,74,67,0.01516157824479476,0.009831191877503913
8,XZt,75,67,0.014090822183559263,0.009827945511083272
8,XZt,76,67,0.01326924652732949,0.00987240260341064
8,XZt,77,67,0.012431400042105125,0.009836741558397255
8,XZt,78,67,0.011798203727978475,0.009916692475313118
8,XZt,79,67,0.011188575943247854,0.009905205942534141
8,XZt,80,67,0.010689033013092855,0.009962310330405134
8,XZt,81,68,0.010103731974590892,0.009792679573753356
8,XZt,82,67,0.009964431932905114,0.009988851750899534
8,XZt,83,67,0.009476193249804409,0.009976875087327206
8,XZt,84,67,0.009185569807278289,0.009979962779706437
8,XZt,85,68,0.008828670584597999,0.009870698762676955
8,XZt,86,68,0.008541106818604862,0.0098507480011351
8,XZt,87,68,0.008310297694584204,0.009847360946504966
8,XZt,88,68,0.008121428032429764,0.009855808704939562
8,XZt,89,68,0.007907090515470266,0.009832823040024141
8,XZt,90,68,0.007857112530013689,0.00991233109435272
8,XZt,91,68,0.007620477741153231,0.009876154054720237
8,XZt,92,68,0.0074289098717878034,0.00984397584154377
8,XZt,93,68,0.007289252771803701,0.009851286911382979
8,XZt,94,68,0.007202655944613851,0.009922990494579086
8,XZt,95,68,0.007012862250903432,0.00989810083320083
8,XZt,96,68,0.006843168754595983,0.009909758058418712
8,XZt,97,68,0.006782304148195881,0.009944253046226443
8,XZt,98,68,0.006561382955403795,0.0098721774088759
8,XZt,99,68,0.006427750726754127,0.009922927530310275
8,XZt,100,68,0.006346742784101032,0.009937659165179356
8,XZt,101,68,0.006185424696812032,0.00992109521098667
8,XZt,102,68,0.006120289060307868,0.009978567328686478
8,XZt,103,68,0.0059217042306416905,0.009897988141652748
8,XZt,104,68,0.005728932853111226,0.009838839705286297
8,XZt,105,68,0.005755464171618283,0.009971532559378316
8,XZt,106,69,0.005554596566924271,0.009821637670465925
8,XZt,107,69,0.005502418382682764,0.009850511026935719
8,XZt,108,69,0.005381481061732826,0.00979997180693186
8,XZt,109,69,0.005321372067384557,0.009792805219693283
8,XZt,110,68,0.005266241286899834,0.00991116551796699
8,XZt,111,68,0.005284585619781885,0.009985482367033742
8,XZt,112,69,0.005205587693637578,0.009853921505209895
8,XZt,113,69,0.005140820847136317,0.009798643433907335
8,XZt,114,69,0.005056824217045784,0.00980887265850277
8,XZt,115,68,0.005114624608879717,0.009987265645378846
8,XZt,116,68,0.004987468693034987,0.009931456902038078
8,XZt,117,69,0.005008973361392324,0.009840908971046275
8,XZt,118,69,0.004969299968710598,0.009849201923863021
8,XZt,119,69,0.004918296851171643,0.009792533963357691
8,XZt,120,68,0.005008055859112884,0.009989241235028331
8,XZt,121,69,0.0049327215429512804,0.009857008436899016
8,XZt,122,69,0.004917273418973755,0.009839673385024358
8,XZt,123,68,0.004924612661399112,0.009972530417518204
8,XZt,124,68,0.004932383606141523,0.00990000981120937
8,XZt,125,69,0.004805211019405222,0.009879920376193896
8,XZt,126,68,0.004914482625344522,0.009975364312934082
8,XZt,127,68,0.004870071095940943,0.009957283352724253
8,XZt,128,69,0.004779151246632654,0.009802688230713277
8,XZt,129,69,0.004729311187654863,0.009908102035958235
8,XZt,130,69,0.004771119221848405,0.00994283831953178
8,XZt,131,69,0.004787586359863163,0.009795359279602345
8,XZt,132,68,0.004879932626398225,0.009976899675862629
8,XZt,133,68,0.004948450158063312,0.009958388104470214
8,XZt,134,69,0.004856427406876401,0.009812111271919024
8,XZt,135,68,0.004984626957858649,0.009879325605529066
8,XZt,136,68,0.00505296840646757,0.009933055777992073
8,XZt,137,68,0.005052789798226399,0.009902476223310332
8,XZt,138,68,0.005109440716171553,0.009926563738134228
8,XZt,139,68,0.005124374824793011,0.009871467235915294
8,XZt,140,68,0.005170644660690604,0.009884964593856444
8,XZt,141,68,0.005213447284304067,0.009867084310943026
8,XZt,142,68,0.00526334899594102,0.00987060905826314
8,XZt,143,68,0.005249152174584666,0.00979248268606309
8,XZt,144,68,0.005353152937659226,0.009815515176368974
8,XZt,145,68,0.0054118395373472265,0.009835005037500193
8,XZt,146,68,0.005456529812639737,0.009807193347271375
8,XZt,147,67,0.005661666907900507,0.009984182131048982
8,XZt,148,67,0.0057266508245024635,0.00996403889826711
8,XZt,149,67,0.0057656543947420215,0.00988988260290937
8,XZt,150,67,0.005902637888418829,0.009856108554394425
8,XZt,151,67,0.006018623488886481,0.009851886098273727
8,XZt,152,67,0.006295942702014778,0.00992937099117681
8,XZt,153,67,0.006399089837073197,0.009865487953312825
8,XZt,154,66,0.00665178890519518,0.009974833259043168
8,XZt,155,66,0.006819539040010855,0.009901016426218918
8,XZt,156,66,0.007036521800409845,0.009874432616754988
8,XZt,157,66,0.007286545917814238,0.009872148288517882
8,XZt,158,65,0.007628394368509326,0.009994477266924049
8,XZt,159,65,0.00786273326114522,0.009985366439079426
8,XZt,160,65,0.007962569887853018,0.009857730150188166
8,XZt,161,65,0.008239471129473956,0.009891487036463122
8,XZt,162,65,0.0085451509346178,0.009938467585597374
8,XZt,163,65,0.008674858831090036,0.009816395741987602
8,XZt,164,65,0.008924410812192913,0.009856896053296971
8,XZt,165,65,0.009140687048981702,0.009857528340210014
8,XZt,166,65,0.009385018225840903,0.009849156390095922
8,XZt,167,65,0.009557590613770506,0.009792434148529225
8,XZt,168,65,0.00973764646819447,0.009807421206451101
8,XZt,169,65,0.010022931315737877,0.009854643444573145
8,XZt,170,65,0.010140793832788594,0.009792791128640092
8,XZt,171,65,0.010359498735305272,0.009803488231612882
8,XZt,172,64,0.010713063390352922,0.009961995208595472
8,XZt,173,64,0.0109280695906625,0.009970946328816286
8,XZt,174,65,0.01092227905750907,0.009842029901320945
8,XZt,175,65,0.010990104815482191,0.00981208236394523
8,XZt,176,65,0.01101503559416355,0.009794527698221077
8,XZt,177,65,0.011151848438142055,0.009835279409489483
8,XZt,178,65,0.011214884487663702,0.009848968804322603
8,XZt,179,65,0.011169649615131349,0.00982887215094872
8,XZt,180,65,0.011245353555561048,0.009858283453849492
8,XZt,181,65,0.011320498109677,0.009906450379798919
8,XZt,182,65,0.011375249395992021,0.009849630397976226
8,XZt,183,65,0.01149730514966991,0.009914681939595639
8,XZt,184,64,0.011702071727285783,0.009984745318705617
8,XZt,185,65,0.011702742961967098,0.009835268107385395
8,XZt,186,64,0.012054441684888919,0.009982973876928647
8,XZt,187,64,0.012401966236882589,0.009980173251942401
8,XZt,188,64,0.012654265558221533,0.009939779586023038
8,XZt,189,64,0.013029242741114624,0.009893859106052436
8,XZt,190,64,0.013341543915034046,0.009831568893460868
8,XZt,191,64,0.01382904362180894,0.00983005606366008
8,XZt,192,64,0.01446686441596873,0.009880591535575294
8,XZt,193,64,0.014823858207941071,0.009820170150088094
8,XZt,194,64,0.015478137673920884,0.009820929697320485
8,XZt,195,63,0.015976008380800738,0.009934739278666256
8,XZt,196,63,0.016551060296642363,0.009970785637961785
8,XZt,197,64,0.016593527048776015,0.009847137904099145
8,XZt,198,63,0.01703105058355995,0.009961998671526669
8,XZt,199,64,0.016936842405295003,0.009805188505456478
8,XZt,200,64,0.017114835839143465,0.009848532128164897
8,XZt,201,64,0.017105501455274855,0.009795843325291573
8,XZt,202,64,0.017196588753393294,0.009797253847504331
8,XZt,203,64,0.017243705799300256,0.00982161854727541
8,XZt,204,64,0.01733579450980922,0.009809408789483214
8,XZt,205,63,0.017621593558044168,0.009953727298516343
8,XZt,206,63,0.017713538018370473,0.00997518870706994
8,XZt,207,63,0.017621893526437303,0.009958039370293215
8,XZt,208,63,0.017876055773959454,0.009972255978046015
8,XZt,209,63,0.01793843807325918,0.009950221208546241
8,XZt,210,63,0.01807013765605296,0.009881653658819971
8,XZt,211,63,0.018153126229130706,0.009832157586466342
8,XZt,212,62,0.018924037810694017,0.00998038948065725
8,XZt,213,63,0.019355642222178185,0.009802170111231119
8,XZt,214,62,0.020377294122779038,0.009952534989074793
8,XZt,215,62,0.021404574728828285,0.009921470355983642
8,XZt,216,62,0.0229694657800242,0.009910816669186492
8,XZt,217,62,0.0246304637332032,0.009881121447710417
8,XZt,218,62,0.02632846423711422,0.009853304547440258
8,XZt,219,61,0.028954012721472255,0.009985018647140803
8,XZt,220,62,0.03118191139967351,0.009817066949375846
8,XZt,221,61,0.03408163501549797,0.00991659661591635
8,XZt,222,60,0.0365402511905335,0.009972935528650563
8,XZt,223,60,0.03810871265970017,0.009922640516342549
8,XZt,224,60,0.03936163517664524,0.009868858688215893
8,XZt,225,60,0.04178129377387352,0.00993741500619762
8,XZt,226,60,0.04216583218857513,0.009854156841470098
8,XZt,227,59,0.04256703530233962,0.009881071405978697
8,XZt,228,59,0.04269977285707225,0.009808567457151982
8,XZt,229,59,0.04321335391983007,0.009906768816080599
8,XZt,230,58,0.042804531456664206,0.009847079904460897
8,XZt,231,58,0.043886723403179784,0.00984633755677514
8,XZt,232,58,0.0436621140541732,0.009830027208458018
8,XZt,233,57,0.04341466239417797,0.009865595188152936
8,XZt,234,56,0.04396063647872629,0.009855739088780745
8,XZt,235,56,0.04362528218803316,0.009836106766179603
8,XZt,236,55,0.04386077821923692,0.009970178602966862
8,XZt,237,54,0.04413212813329671,0.009964842870609142
8,XZt,238,54,0.04334865544664651,0.009899466583744977
8,XZt,239,54,0.0434332454672572,0.009807842907846047
8,XZt,240,52,0.04298018043582409,0.009909321353365556
8,XZt,241,52,0.043289628786744104,0.009910724233804338
8,XZt,242,51,0.0434311950238801,0.009910393934641383
8,XZt,243,49,0.04374019389574158,0.009982158309119608
8,XZt,244,48,0.04381958967179298,0.009991470020077399
8,XZt,245,47,0.042260297655562926,0.009914678073531495
8,XZt,246,46,0.04173234201867697,0.009860157767656462
8,XZt,247,45,0.04259591181719498,0.009918629564244257
8,XZt,248,43,0.041857648713678995,0.009937193213613239
8,XZt,249,44,0.041672617497845066,0.00991226806237374
8,XZt,250,45,0.04265509681212851,0.00990320933112354
8,XZt,251,50,0.04128244481692077,0.00995424638603597
8,XZt,252,45,0.040095121359159824,0.009994235646594657
8,XZt,253,48,0.0363531533909401,0.009972964739063886
8,XZt,254,47,0.03711591007757211,0.009830690076858413
8,XZt,255,43,0.040400780296202685,0.009947273411637318
8,XZt,256,46,0.04658821926401401,0.009852453735874778
8,XZt,257,55,0.052418915206553465,0.009846741631307847
8,XZt,258,62,0.06826544245517976,0.009983247253863625
8,XZt,259,69,0.2500314279266081,0.009907658294066856
9,XYt,73,45,0.02135573374614512,0.009883585204701265
9,XYt,74,45,0.021106038430199613,0.009897386633654474
9,XYt,75,44,0.02106887781647159,0.009992860447218142
9,XYt,76,44,0.02061586967828749,0.009912026448964743
9,XYt,77,44,0.020304282309855294,0.009920791530188076
9,XYt,78,44,0.019760205310061504,0.00984933509919414
9,XYt,79,44,0.0195574176400667,0.009952736875285292
9,XYt,80,44,0.019136615883353813,0.009942867155752969
9,XYt,81,44,0.01875227385326372,0.009951100331334096
9,XYt,82,45,0.01825966833878827,0.009865456248875975
9,XYt,83,45,0.01803297675348838,0.009901935686041866
9,XYt,84,46,0.01773571330039798,0.00987070070432192
9,XYt,85,46,0.01762071344881567,0.009929706140596701
9,XYt,86,46,0.01736661650457393,0.009912830927621625
9,XYt,87,46,0.017170239134986217,0.009960675821162945
9,XYt,88,46,0.016913525827943393,0.00999412020370843
9,XYt,89,47,0.01637431902594292,0.009864770848639662
9,XYt,90,47,0.016194812823074976,0.009893348628292258
9,XYt,91,47,0.016131894095615454,0.009976767665452389
9,XYt,92,47,0.015976342770288247,0.009983094900899743
9,XYt,93,47,0.015849018435201118,0.009979818058265201
9,XYt,94,48,0.01562057203524957,0.009910345278401183
9,XYt,95,48,0.0154336942801147,0.009877736426139282
9,XYt,96,48,0.015360334165306775,0.009917824164598658
9,XYt,97,48,0.015242791043395997,0.009927677159325913
9,XYt,98,48,0.015159669128615398,0.009955201698175181
9,XYt,99,48,0.014963123742386031,0.00989787242817138
9,XYt,100,48,0.014949256869533018,0.009938627873360638
9,XYt,101,48,0.014777702232752769,0.009882140304327533
9,XYt,102,47,0.014867655892891992,0.009997292518626365
9,XYt,103,48,0.014531714630912915,0.009834749287852853
9,XYt,104,48,0.014535791686706441,0.009894931813878037
9,XYt,105,48,0.014575951639747672,0.009947824817398162
9,XYt,106,48,0.014581887472294585,0.0099857682657196
9,XYt,107,49,0.01438777226467375,0.009871186181242433
9,XYt,108,49,0.014357842938897018,0.009841133478911898
9,XYt,109,49,0.014379660463211255,0.009847148414064146
9,XYt,110,49,0.014403842336682392,0.009847171302393555
9,XYt,111,48,0.014648725277719567,0.009956082460178609
9,XYt,112,48,0.014697433242196441,0.009946277567057162
9,XYt,113,48,0.014743597099860256,0.009912493660870629
9,XYt,114,48,0.014929508522765866,0.009986604956008352
9,XYt,115,49,0.014863065594338462,0.009850887225682725
9,XYt,116,49,0.015027924709606316,0.00983372068774347
9,XYt,117,49,0.015300103749700625,0.009875567984390907
9,XYt,118,49,0.015566613139862023,0.00994533172682204
9,XYt,119,48,0.01592609174100196,0.009997911939374342
9,XYt,120,48,0.0160255735888748,0.00998376626548598
9,XYt,121,49,0.015803378018131992,0.00983500792156375
9,XYt,122,49,0.01578687994868469,0.009841634046017615
9,XYt,123,49,0.015796220258578807,0.009841496092701005
9,XYt,124,48,0.016068094370169123,0.009954010335497651
9,XYt,125,49,0.015999041242263572,0.009859127541774284
9,XYt,126,48,0.016369211128483944,0.009989064107971346
9,XYt,127,49,0.01640499404078958,0.009900690216733156
9,XYt,128,49,0.016660702153264755,0.009901290207797939
9,XYt,129,49,0.0170869315470822,0.009978955524110558
9,XYt,130,50,0.017179654485163533,0.009910599773421616
9,XYt,131,50,0.017435831877402958,0.009922884111771921
9,XYt,132,50,0.017645817170955425,0.009886357670722296
9,XYt,133,50,0.01809216911996478,0.009957695012178478
9,XYt,134,50,0.01851064080450819,0.009992839503632701
9,XYt,135,50,0.01873035530352251,0.009917316079912248
9,XYt,136,50,0.019166367541372444,0.009939013386471159
9,XYt,137,51,0.01927551532296621,0.00984152771853336
9,XYt,138,51,0.01953521895102632,0.009840469288480232
9,XYt,139,51,0.020031600257892645,0.009969605903266015
9,XYt,140,51,0.020163908599669777,0.009970492927917612
9,XYt,141,52,0.020003726490912952,0.00989787188600329
9,XYt,142,52,0.019924151087150354,0.009862251321521487
9,XYt,143,52,0.02017182191787986,0.009994098188867106
9,XYt,144,52,0.02013744048661685,0.009992158544682926
9,XYt,145,52,0.019984707820421922,0.00995076058666472
9,XYt,146,53,0.019721174382140848,0.009842142766238396
9,XYt,147,53,0.019737687384782623,0.009855371165048303
9,XYt,148,53,0.019979673538986883,0.009966197013454659
9,XYt,149,53,0.01982486840900526,0.009881009648701495
9,XYt,150,53,0.020105425221770754,0.009984466070664378
9,XYt,151,53,0.020136802188655923,0.009972409342211474
9,XYt,152,53,0.020159178388970647,0.00995837401676997
9,XYt,153,53,0.02008765448063381,0.009908446647598487
9,XYt,154,53,0.02005494306327181,0.009884654761888916
9,XYt,155,53,0.02013990688929573,0.009934615813637995
9,XYt,156,53,0.020197735994525977,0.009987412561647827
9,XYt,157,53,0.02001849982352684,0.009962016140072354
9,XYt,158,54,0.019488125270161815,0.009851289245948077
9,XYt,159,53,0.019383662897530636,0.00997942444220048
9,XYt,160,53,0.019011085558352774,0.009976626739722423
9,XYt,161,53,0.018712394664414333,0.009996486784817668
9,XYt,162,53,0.01822904802446497,0.009927559861369227
9,XYt,163,53,0.01791193442952939,0.009933937886124284
9,XYt,164,53,0.017580812784487098,0.009923516829334806
9,XYt,165,53,0.01748096162743787,0.009997210928284357
9,XYt,166,53,0.0171287592468074,0.009942843408282772
9,XYt,167,53,0.01675657090648403,0.00991598054256571
9,XYt,168,53,0.016399998570157524,0.009897315063697095
9,XYt,169,53,0.01628706004450941,0.009943852086091502
9,XYt,170,53,0.016140744842016594,0.009955780616615681
9,XYt,171,53,0.016050529331572982,0.009952732561849361
9,XYt,172,53,0.015967672345060673,0.009959530373581807
9,XYt,173,53,0.015951279206123582,0.009969043936618627
9,XYt,174,53,0.01582622745341175,0.009940236778637538
9,XYt,175,53,0.015779495144812302,0.009933209129974134
9,XYt,176,53,0.01566973565451866,0.009928225252147477
9,XYt,177,53,0.015598463153133737,0.009931895180971711
9,XYt,178,53,0.015482330442462807,0.00992431605077948
9,XYt,179,53,0.015469255521394798,0.009958545916143662
9,XYt,180,54,0.01515634547433003,0.00985472971590104
9,XYt,181,54,0.015065407361204857,0.009856993115472995
9,XYt,182,54,0.015057522581663672,0.009907613106332102
9,XYt,183,54,0.014914960667483488,0.009852953805674565
9,XYt,184,54,0.014807598511734864,0.009841521175266038
9,XYt,185,53,0.015051718009591469,0.009994741431799875
9,XYt,186,53,0.01500782388690323,0.009971957852884464
9,XYt,187,53,0.014994020837958788,0.009961042164176495
9,XYt,188,53,0.015008984280687193,0.009976627815498894
9,XYt,189,54,0.014787940790788651,0.00983729822459892
9,XYt,190,53,0.01504257633597452,0.00999077124261856
9,XYt,191,54,0.014921940079744322,0.009885235097531031
9,XYt,192,54,0.015130523432519223,0.009998484627880784
9,XYt,193,55,0.014947213049564142,0.009858185860027246
9,XYt,194,55,0.015028860481396851,0.009841691298802559
9,XYt,195,54,0.015391802608625896,0.009979021130948897
9,XYt,196,54,0.015540980464440779,0.009957436870508405
9,XYt,197,54,0.01571688991516933,0.00995319786297451
9,XYt,198,54,0.015816197379407763,0.009900770434446331
9,XYt,199,53,0.016064238828129487,0.0099964551124087
9,XYt,200,54,0.015911266907492023,0.009843064720549966
9,XYt,201,53,0.016222886850206217,0.009994495522444927
9,XYt,202,54,0.0159781616525076,0.009871119857696169
9,XYt,203,54,0.01592286541260277,0.009886187230196061
9,XYt,204,54,0.01594641670365335,0.009878455693798026
9,XYt,205,54,0.01597110533077091,0.009851585575585978
9,XYt,206,53,0.01620677861712025,0.009873527334387818
9,XYt,207,52,0.01663247593036542,0.00998715303881308
9,XYt,208,52,0.01695777549156384,0.009957194351360324
9,XYt,209,53,0.016993758086249942,0.009837044560790884
9,XYt,210,52,0.017489553666944994,0.009977772913774418
9,XYt,211,52,0.017657030180045427,0.009949964028682355
9,XYt,212,52,0.017918362368560214,0.0099632641768475
9,XYt,213,53,0.018117239137952074,0.009937056509770162
9,XYt,214,53,0.018537527872465546,0.009993269643849863
9,XYt,215,53,0.018838082511044296,0.009956486161639508
9,XYt,216,54,0.01903543838081373,0.009838776436239188
9,XYt,217,53,0.01953043149383902,0.009872300024054426
9,XYt,218,53,0.020141990118499802,0.009965193289929848
9,XYt,0,146,0.002419220766939938,0.00997115922098884
9,XYt,1,147,0.0024658175725512962,0.009955515956962048
9,XYt,2,145,0.0024631556772785287,0.009861482441070499
9,XYt,3,131,0.002594278163391688,0.009858401964889263
9,XYt,4,107,0.002749657912020925,0.009935147859803489
9,XYt,5,82,0.002669803076134342,0.009803215394067238
9,XYt,6,87,0.0028564043601035575,0.009985442598522926
9,XYt,7,98,0.0027737376503452404,0.00986573093957224
9,XYt,8,99,0.0029083158456132655,0.00983409339718809
9,XYt,9,97,0.0031505859774447306,0.009937043009006424
9,XYt,10,103,0.0033615353310859912,0.009956030716217742
9,XYt,11,114,0.0032200682736230665,0.009964000967634608
9,XYt,12,122,0.0031021800335733958,0.009972143509492305
9,XYt,13,124,0.0031816243474053086,0.009982914285906351
9,XYt,14,121,0.0033558231864624466,0.009869221293135192
9,XYt,15,115,0.0034959113611293707,0.009847892802459568
9,XYt,16,109,0.0035269480270100225,0.009846516784172983
9,XYt,17,103,0.003550585017058727,0.00990680766228494
9,XYt,18,94,0.0034193488442158513,0.009941157732709417
9,XYt,19,93,0.003412850559687697,0.009968160013098675
9,XYt,20,89,0.003390822338790901,0.009867224470385948
9,XYt,21,77,0.0035009158621308427,0.009977842830971306
9,XYt,22,57,0.003680389167557875,0.009995832917110824
9,XYt,23,43,0.0033315627911490106,0.00992310313395533
9,XYt,24,59,0.0030584837716459545,0.009851710314624378
9,XYt,25,90,0.0028567829507869834,0.009986499097334173
9,XYt,26,109,0.0028154556206171797,0.009922003107046174
9,XYt,27,115,0.002840756541820622,0.00992368771023609
9,XYt,28,114,0.0029159513785341575,0.009970544058607794
9,XYt,29,109,0.003031352256719929,0.009970987539067956
9,XYt,30,103,0.003179124064720057,0.00988015098083591
9,XYt,31,102,0.0032869268440386835,0.009884155830577536
9,XYt,32,106,0.003300887348226737,0.009849763878837611
9,XYt,33,108,0.003415831594620034,0.009980813321435002
9,XYt,34,106,0.003586511054221984,0.009902671620813814
9,XYt,35,95,0.00397392753980566,0.009924993013453827
9,XYt,36,73,0.004492771048745429,0.009965284835428103
9,XYt,37,54,0.004768286946586416,0.009963217317695911
9,XYt,38,79,0.006444571420669728,0.00990598156724804
9,XYt,39,92,0.00849449110255323,0.009992644565077905
9,XYt,40,83,0.010312131820334502,0.009901162841460965
9,XYt,41,58,0.012302082234767718,0.009944807240416116
9,XYt,42,47,0.015090882761429534,0.009887181606097516
9,XYt,43,43,0.019010753550211944,0.009961941802348573
9,XYt,44,41,0.023178841704914164,0.00988003529122565
9,XYt,45,41,0.026437970952809964,0.009839537819483749
9,XYt,46,40,0.028760115303802736,0.0098207871598407
9,XYt,47,39,0.029577592386278235,0.009989165641759508
9,XYt,48,39,0.02855855257038311,0.009822625157031558
9,XYt,49,36,0.028650673739816918,0.009849576460298671
9,XYt,50,33,0.029018524843829722,0.009942300979031099
9,XYt,51,32,0.028766797926246205,0.009832843700720137
9,XYt,52,31,0.029497248815370636,0.009960965125514464
9,XYt,53,31,0.029610737632845177,0.009866118213264177
9,XYt,54,32,0.029786742511447063,0.009902403374046787
9,XYt,55,33,0.029389973147199884,0.009998480334180854
9,XYt,56,36,0.027372433268436833,0.00986013825267961
9,XYt,57,38,0.025510005203042647,0.009860431595250421
9,XYt,58,39,0.024194406700666145,0.009911504531525145
9,XYt,59,41,0.0229390893609424,0.009840021561753613
9,XYt,60,41,0.022388986970481698,0.00985129905111545
9,XYt,61,41,0.022292750637354485,0.009891065878470738
9,XYt,62,41,0.022332675951571877,0.00984158388139895
9,XYt,63,41,0.022917219153569916,0.009934404067542207
9,XYt,64,42,0.023283566311530075,0.009922345999705666
9,XYt,65,43,0.023464283490336673,0.009904644501561562
9,XYt,66,43,0.02369711379132037,0.009995922571453028
9,XYt,67,44,0.023422008477300003,0.0099551758239394
9,XYt,68,44,0.02312554569063702,0.009943780850567328
9,XYt,69,44,0.022867166224541245,0.009974032167243895
9,XYt,70,45,0.02231574090834679,0.009903382575073652
9,XYt,71,45,0.02202520301119677,0.009914954415999287
9,XYt,72,45,0.021729322630671035,0.009921930092094706
9,XYt,219,53,0.020363764660256075,0.00987447896559981
9,XYt,220,53,0.020677880871850327,0.009867848792809874
9,XYt,221,53,0.020932649010469193,0.009878876690976385
9,XYt,222,53,0.021164302982906072,0.009873951259105633
9,XYt,223,53,0.0214313780500572,0.009908133603935413
9,XYt,224,53,0.021597729007929646,0.009901594254429527
9,XYt,225,52,0.021913439315606128,0.009966040861392045
9,XYt,226,53,0.021930609446025415,0.009883904998141728
9,XYt,227,52,0.022337455225980414,0.009971402476830971
9,XYt,228,52,0.022499990563253566,0.009933064344773182
9,XYt,229,52,0.02269627746708545,0.009922331938094595
9,XYt,230,52,0.022949503587305336,0.009915928589342341
9,XYt,231,52,0.023280297507157606,0.009935422784169194
9,XYt,232,52,0.023639903902273884,0.00995385614873055
9,XYt,233,52,0.02368992571477453,0.009849803650336324
9,XYt,234,52,0.024096228135871374,0.009885357783397592
9,XYt,235,52,0.024336906559350103,0.009879085824840133
9,XYt,236,52,0.024695437013503928,0.009923636878883044
9,XYt,237,52,0.02486896202926542,0.009915890706612031
9,XYt,238,52,0.025003411035840573,0.009921437903217914
9,XYt,239,52,0.025015927822608624,0.009899276001800666
9,XYt,240,52,0.025290568668769633,0.009975926384619733
9,XYt,241,53,0.02503030400224232,0.00987374038600825
9,XYt,242,53,0.024946943538385308,0.009842009727262152
9,XYt,243,53,0.025186933537498624,0.009942123940989292
9,XYt,244,54,0.024906715349942148,0.009842057708739606
9,XYt,245,54,0.024918096111170508,0.00985140854148817
9,XYt,246,54,0.02490844549227192,0.009849252828030357
9,XYt,247,54,0.025146776296808417,0.009944811557289554
9,XYt,248,54,0.02515771715848721,0.009960950040951445
9,XYt,249,55,0.024917030116030206,0.009878122685901816
9,XYt,250,55,0.02491907360232295,0.009901359581113527
9,XYt,251,56,0.02475415159311152,0.009870331008233688
9,XYt,252,56,0.024636588631982207,0.009872041280171174
9,XYt,253,56,0.024578063802343834,0.009900268521038562
9,XYt,254,56,0.024190880627006424,0.009853956981052186
9,XYt,255,55,0.023820915757426488,0.009851106759107615
9,XYt,256,54,0.02324807283368469,0.009887760165265767
9,XYt,257,54,0.022007356475766487,0.009937348661804332
9,XYt,258,56,0.018975491730509136,0.00984282483536845
9,XYt,259,56,0.015896143745833573,0.00988911199473649
9,XYt,260,57,0.014538354847150409,0.009897446274890287
9,XYt,261,58,0.014212507564526175,0.009854331103376582
9,XYt,262,57,0.014161588609208072,0.009975611154987624
9,XYt,263,57,0.014085068091354375,0.009941060566903762
9,XYt,264,58,0.013866047044323626,0.00984894771042919
9,XYt,265,58,0.013955822178487435,0.009909760998086365
9,XYt,266,59,0.013812196881854647,0.009879729494794178
9,XYt,267,59,0.013995459584614393,0.009979290006927703
9,XYt,268,60,0.01379946752390176,0.009913444258131203
9,XYt,269,60,0.013957965384944527,0.009988104052303413
9,XYt,270,61,0.013686179396196435,0.009869679113307498
9,XYt,271,61,0.013906233150080067,0.009984083925067885
9,XYt,272,61,0.013818468381371955,0.0099982860423295
9,XYt,273,62,0.013692048109105657,0.009865082004490237
9,XYt,274,62,0.013682726017325963,0.00990675457759305
9,XYt,275,62,0.013903189074164104,0.009998078865090996
9,XYt,276,62,0.013795893175430242,0.009975257720159015
9,XYt,277,62,0.01383966203374067,0.009970728126921418
9,XYt,278,62,0.01372038031059326,0.009936366327228203
9,XYt,279,63,0.013677528080776604,0.00986878520239058
9,XYt,280,63,0.013598149458130569,0.009852242480465097
9,XYt,281,63,0.013747794602629999,0.009934157204788673
9,XYt,282,63,0.0136692566879968,0.009891109824207786
9,XYt,283,63,0.01371591489274029,0.00990537319223279
9,XYt,284,63,0.013744242631728474,0.00992717066006383
9,XYt,285,63,0.013776393439858526,0.009953867470217771
9,XYt,286,63,0.013697597213124434,0.009894165473044463
9,XYt,287,63,0.013815076688898122,0.009982750331966795
9,XYt,288,63,0.013719224192998945,0.009888151460484138
9,XYt,289,63,0.013846482541083699,0.009993079546711206
9,XYt,290,63,0.013897237198219859,0.009981418711207888
9,XYt,291,64,0.013704457336880164,0.009880281876836617
9,XYt,292,63,0.013884925661311743,0.009960339096950816
9,XYt,293,64,0.013711511809815991,0.009874246365183234
9,XYt,294,63,0.013921119062005152,0.009964898723120008
9,XYt,295,64,0.013700398164291784,0.009861014444852044
9,XYt,296,64,0.013752429673542859,0.009849196164047702
9,XYt,297,64,0.013794806599982787,0.009909042919671917
9,XYt,298,64,0.013769916095866272,0.009845359145010427
9,XYt,299,64,0.01373568389132514,0.009854697587893337
9,XYt,300,64,0.013830397050154458,0.009881562502245938
9,XYt,301,64,0.013812016546954225,0.009901551439158508
9,XYt,302,64,0.01382959351057919,0.009865634118773888
9,XYt,303,63,0.01394153409367698,0.009997977421820476
9,XYt,304,64,0.013892917405411908,0.009912886686508776
9,XYt,305,64,0.013835233838501573,0.00991734042961246
9,XYt,306,64,0.013863718509965465,0.00989099480532227
9,XYt,307,64,0.013798966176291805,0.009892984118035244
9,XYt,308,64,0.013862355281227149,0.009893625256577271
9,XYt,309,64,0.013754436983662351,0.009846604528108293
9,XYt,310,64,0.013837706096863543,0.009854526599785139
9,XYt,311,63,0.013987138621534013,0.009981371399653109
9,XYt,312,63,0.014060881125060947,0.009976845657844199
9,XYt,313,63,0.013953128267154663,0.009914979853964674
9,XYt,314,63,0.01405582933054787,0.009944591933975958
9,XYt,315,63,0.013895401052358073,0.009844877845356892
9,XYt,316,63,0.013955741785535268,0.009846307503555859
9,XYt,317,62,0.013973984589327474,0.009853178194702536
9,XYt,318,62,0.014043206937421783,0.009857895172463974
9,XYt,319,61,0.014150705353267836,0.009883145946928728
9,XYt,320,61,0.014236311649781553,0.009876099408043251
9,XYt,321,59,0.014466199850216051,0.009964987578742123
9,XYt,322,60,0.01446301345100417,0.009883344131159088
9,XYt,323,58,0.01466847484573483,0.009884684620961962
9,XYt,324,58,0.015211230290949328,0.009989402549918536
9,XYt,325,58,0.017984037575581945,0.00994942468443215
9,XYt,326,58,0.022645505293781613,0.009980033142451493
9,XYt,327,59,0.024798772720136968,0.009993820582926192
9,XYt,328,60,0.025391521154214856,0.009884646075596186
9,XYt,329,59,0.026131598420843175,0.00996584486016784
9,XYt,330,60,0.026199199829267304,0.009911090876189528
9,XYt,331,59,0.026580141401214074,0.009974205410815486
9,XYt,332,59,0.026382281789624665,0.009891274754615244
9,XYt,333,59,0.026488807697726994,0.009887393820755756
9,XYt,334,58,0.026797016213131165,0.009993174058734974
9,XYt,335,58,0.02690293378167469,0.009980785900602682
9,XYt,336,58,0.02675396350518487,0.009937660785171522
9,XYt,337,58,0.026934043741830515,0.009984048450895084
9,XYt,338,58,0.02655845519745263,0.009885593922262048
9,XYt,339,58,0.026582517389552533,0.009932359837408743
9,XYt,340,58,0.0261065442549286,0.009872411999346832
9,XYt,341,58,0.02571168291707731,0.00984416266583389
9,XYt,342,58,0.025399182960870504,0.009854472144350724
9,XYt,343,58,0.025041756986497982,0.009854638232484959
9,XYt,344,58,0.024594064178022023,0.009861006281930226
9,XYt,345,58,0.024336275712241534,0.009888013613449863
9,XYt,346,58,0.023953006767190848,0.009875717416221976
9,XYt,347,58,0.0237685502097228,0.009912183993331347
9,XYt,348,58,0.023403744324559182,0.009885306212090514
9,XYt,349,58,0.0233500925946061,0.009963598109247553
9,XYt,350,58,0.023140814406165205,0.00998038103131052
9,XYt,351,59,0.02273339596004896,0.009875479954399346
9,XYt,352,59,0.02257561550267133,0.009911615522493035
9,XYt,353,59,0.02221881066432179,0.00988790452841106
9,XYt,354,59,0.02190241553633182,0.009871309041716382
9,XYt,355,59,0.02191300314751314,0.009983156717780817
9,XYt,356,59,0.02153221060159504,0.009957602857987097
9,XYt,357,60,0.021036417872079702,0.009929072736511026
9,XYt,358,60,0.02039022856455211,0.009912320962859208
9,XYt,359,60,0.019634537179314997,0.009859189047337121
9,XYt,360,59,0.01909681897332861,0.009998079401825139
9,XYt,361,59,0.018241487369892187,0.009959317540727828
9,XYt,362,60,0.017376227906313803,0.009895169893532108
9,XYt,363,59,0.016910849107456806,0.009892096652981594
9,XYt,364,61,0.01777918114775247,0.009898908999252767
9,XYt,365,61,0.017577701638370725,0.009951369961704775
9,XYt,366,61,0.017115847280176563,0.009860825607530717
9,XYt,367,61,0.016919986454793253,0.00984995728667228
9,XYt,368,60,0.016804675186029638,0.009931045235681737
9,XYt,369,60,0.016565762666343346,0.009903823644515933
9,XYt,370,60,0.016439509852211345,0.009948947340382526
9,XYt,371,60,0.016198721818772157,0.00987315339593863
9,XYt,372,60,0.016053749626360914,0.00988833272098235
9,XYt,373,59,0.016108761281652943,0.009984767584504142
9,XYt,374,59,0.015922754941792443,0.009998105701762886
9,XYt,375,59,0.01560362307498258,0.009951829395026531
9,XYt,376,59,0.015324344353947411,0.009958979154066603
9,XYt,377,59,0.014975647312993242,0.009901445755102097
9,XYt,378,59,0.014728163169176859,0.009903661090496148
9,XYt,379,59,0.014528709169576,0.009861566242699892
9,XYt,380,59,0.01452442035816091,0.009937487984518658
9,XYt,381,59,0.014379704917479951,0.009879964138726839
9,XYt,382,59,0.014429903593688367,0.009965447999730944
9,XYt,383,59,0.014369429339485843,0.0099522375826607
9,XYt,384,60,0.014078544372834885,0.009861830702912527
9,XYt,385,60,0.013931557766923825,0.009870499004202012
9,XYt,386,60,0.013848903628971508,0.009910740555093483
9,XYt,387,60,0.013676105582173057,0.009834467183834853
9,XYt,388,60,0.013803341965045715,0.009949685730700047
9,XYt,389,60,0.013703041499987852,0.009890494023547827
9,XYt,390,60,0.013830114131764736,0.009983693164726944
9,XYt,391,60,0.013699594006978778,0.009900798076886113
9,XYt,392,60,0.013861407309849512,0.009998587139419118
9,XYt,393,60,0.013760054336536516,0.00991656283298876
9,XYt,394,60,0.013946583476175521,0.00999553281079711
9,XYt,395,60,0.013926040398152737,0.009933953011704865
9,XYt,396,60,0.01405509993867048,0.009952435469451128
9,XYt,397,60,0.013980645349627945,0.009879341125114226
9,XYt,398,60,0.01400508623961593,0.00987660472302984
9,XYt,399,60,0.01389039676782023,0.009834736192294177
9,XYt,400,59,0.014103539649600564,0.0099934973260589
9,XYt,401,59,0.014008824551463284,0.009958823427679467
9,XYt,402,59,0.013984614879844795,0.009932334443955691
9,XYt,403,59,0.013956917854462545,0.009924104625657328
9,XYt,404,59,0.013980849085331561,0.009890133748820975
9,XYt,405,59,0.013993363445990881,0.009881773208422484
9,XYt,406,59,0.014113498748631766,0.00987351863830566
9,XYt,407,59,0.014222808248625126,0.009906775161486935
9,XYt,408,59,0.014372385507368704,0.009872541367278132
9,XYt,409,59,0.01433077769587968,0.00983707347334015
9,XYt,410,59,0.014602088285983634,0.009845438178378288
9,XYt,411,59,0.01466728517952822,0.009891658858193373
9,XYt,412,59,0.014711978175430645,0.009859911845025167
9,XYt,413,59,0.014714155442295353,0.009855660838075566
9,XYt,414,59,0.014871987039489467,0.009858808577568266
9,XYt,415,59,0.0149662271906687,0.009872120099929502
9,XYt,416,59,0.015187703037082542,0.009856175367855055
9,XYt,417,59,0.015345909841303214,0.009835041750786653
9,XYt,418,58,0.015855738141575555,0.00996631977956529
9,XYt,419,58,0.01593588878564752,0.009889147266817227
9,XYt,420,58,0.01636166045608481,0.009945453671344162
9,XYt,421,58,0.016455345532154178,0.009902136745816923
9,XYt,422,58,0.016649624193392804,0.009893139795933927
9,XYt,423,58,0.016807548557119106,0.009912065429247345
9,XYt,424,58,0.01698067983778785,0.009903096465472057
9,XYt,425,58,0.017101074462932225,0.00988026992789603
9,XYt,426,58,0.017232227610261348,0.009848158719665665
9,XYt,427,58,0.017354888677739797,0.009843213010283588
9,XYt,428,57,0.017751069140239033,0.009992465733802957
9,XYt,429,57,0.017834231003869046,0.00995374455052458
9,XYt,430,57,0.017974976743045674,0.009931027944240648
9,XYt,431,57,0.0182949802637483,0.0099461173254965
9,XYt,432,57,0.018562206992440093,0.009920956508060168
9,XYt,433,57,0.01897171842606856,0.009925379596823491
9,XYt,434,57,0.019334535109891395,0.00987217826307177
9,XYt,435,57,0.019836986570443672,0.009875004470199946
9,XYt,436,56,0.02053154897205263,0.009978701159093703
9,XYt,437,56,0.020935838120730115,0.009959754516682965
9,XYt,438,56,0.02109776043140968,0.009917495725182838
9,XYt,439,56,0.02136050024906727,0.009921553110055784
9,XYt,440,56,0.021495064305900827,0.00988104820825275
9,XYt,441,56,0.021822678888178914,0.009880635450310989
9,XYt,442,55,0.02232535118138936,0.0099522375826607
9,XYt,443,55,0.02271248851875657,0.009956207506973801
9,XYt,444,55,0.02278381656619967,0.009883904998141728
9,XYt,445,55,0.023157532602934804,0.009905219873667296
9,XYt,446,55,0.02331571910696617,0.009875348994750009
9,XYt,447,55,0.023764730098910256,0.009912204024566228
9,XYt,448,55,0.0239955781621245,0.009875488648754425
9,XYt,449,55,0.024608060239577352,0.009916976801202628
9,XYt,450,55,0.02491021681863754,0.00984780507000278
9,XYt,451,55,0.02569948975430386,0.00991520662783566
9,XYt,452,55,0.02629950560866697,0.00996738045886169
9,XYt,453,56,0.02662672671240555,0.009900182878844574
9,XYt,454,56,0.02715031046544193,0.009952302826424203
9,XYt,455,56,0.027574371158138936,0.009989438005078032
9,XYt,456,57,0.027512623257186376,0.009920709851603251
9,XYt,457,57,0.027812011660108434,0.00997667246012014
9,XYt,458,58,0.027530339550415187,0.009870080911851348
9,XYt,459,58,0.027768599056359887,0.009964083368479953
9,XYt,460,59,0.02748508032568208,0.009876398796710262
9,XYt,461,59,0.02747699032960516,0.009863937424830665
9,XYt,462,59,0.02745465374199233,0.009882663772533589
9,XYt,463,57,0.027618164748925852,0.009972646110326793
9,XYt,464,56,0.02730591463613283,0.00997655251086578
9,XYt,465,56,0.026443873353424043,0.009957546271657484
9,XYt,466,56,0.024098958407999176,0.009873696906459077
9,XYt,467,57,0.020839663034546322,0.00988261924623403
9,XYt,468,58,0.01711911987859199,0.0098841791761298
9,XYt,469,57,0.015016095684942561,0.009976061941057462
9,XYt,470,58,0.014574145830522234,0.009993375967791185
9,XYt,471,59,0.014130150788710456,0.009877639723018921
9,XYt,472,59,0.014099708559864617,0.009902828772109913
9,XYt,473,58,0.014091478898034927,0.009937287099982744
9,XYt,474,59,0.013949751613639549,0.009845567900737845
9,XYt,475,59,0.013923878751862554,0.009880552896653494
9,XYt,476,60,0.013945561429515706,0.009895894943661615
9,XYt,477,60,0.013890310426608975,0.009913728986494438
9,XYt,478,61,0.013875040215601528,0.009901588292820607
9,XYt,479,61,0.013809301492393337,0.009899700450113607
9,XYt,480,62,0.013779661840651717,0.009861611408217803
9,XYt,481,62,0.013791051661732012,0.009900352536395067
9,XYt,482,62,0.01381214958448968,0.009900794824838379
9,XYt,483,62,0.013826061731769777,0.00992793661532074
9,XYt,484,63,0.013766085601416359,0.009851233683148622
9,XYt,485,63,0.013699237847574595,0.009849965458750685
9,XYt,486,63,0.013755851803636166,0.009852540415421048
9,XYt,487,63,0.013759530092069181,0.009865390974714576
9,XYt,488,63,0.013802908782969402,0.009882618160224217
9,XYt,489,63,0.013840835169392333,0.00990565815259085
9,XYt,490,63,0.013854153241335928,0.009900755258172066
9,XYt,491,63,0.013838520326885336,0.009908365950437733
9,XYt,492,63,0.013850677207619056,0.009904477084756176
9,XYt,493,63,0.01391244030029925,0.009950008792941153
9,XYt,494,63,0.013843381528528683,0.009899171377645493
9,XYt,495,63,0.013873101899229473,0.009922956578906019
9,XYt,496,63,0.013859486366459046,0.009897420249667947
9,XYt,497,63,0.013833870508469105,0.009899960097262184
9,XYt,498,63,0.013812500565433717,0.009873200139019295
9,XYt,499,63,0.013843783551606807,0.00990762231412354
9,XYt,500,63,0.013804511331780926,0.009862591394603422
9,XYt,501,63,0.013826196603832342,0.009888330007526336
9,XYt,502,63,0.013800029820983047,0.009852050206871087
9,XYt,503,63,0.013839826320012329,0.009875934767576389
9,XYt,504,63,0.013812341152882875,0.009846560383741678
9,XYt,505,63,0.013819830311990399,0.009861539578622331
9,XYt,506,62,0.014050193180654806,0.009998516830571494
9,XYt,507,63,0.013855766639466225,0.009860439214421696
9,XYt,508,62,0.014063200502183038,0.009994162622412293
9,XYt,509,63,0.013844020947934368,0.009838826069750194
9,XYt,510,62,0.014062667891576067,0.009984213995956472
9,XYt,511,62,0.01403363094130555,0.009969364218427331
9,XYt,512,63,0.013867109965085505,0.009846017555350466
9,XYt,513,62,0.013975573286122847,0.009908408736262536
9,XYt,514,62,0.014012885842279955,0.009935266148429626
9,XYt,515,62,0.013904179236530628,0.009843131778316505
9,XYt,516,62,0.013938050846098985,0.009870085261407795
9,XYt,517,62,0.013900273550129712,0.009835895627313337
9,XYt,518,62,0.013951809506873277,0.009867991272008258
9,XYt,519,61,0.01409673830977431,0.009956086233165235
9,XYt,520,61,0.013979190304207384,0.009868696024353883
9,XYt,521,60,0.014197010728558328,0.009993527933884853
9,XYt,522,60,0.014129178198914048,0.009935081963245692
9,XYt,523,59,0.01417760068809937,0.00993692906182975
9,XYt,524,59,0.014065530414636035,0.009858062835999836
9,XYt,525,58,0.01418109423459163,0.00989528649081746
9,XYt,526,58,0.014136160341321364,0.009858466196655386
9,XYt,527,58,0.014150240037575392,0.009846735325069684
9,XYt,528,57,0.014300032503376539,0.009987246532288434
9,XYt,529,57,0.01432250545514174,0.00998015788915564
9,XYt,530,57,0.0143421285391171,0.009946156711708612
9,XYt,531,58,0.014406848254211003,0.009837394233280113
9,XYt,532,56,0.014907740886312141,0.009999896618441455
9,XYt,533,58,0.01583791996389615,0.009885703575633002
9,XYt,534,58,0.017910395597150634,0.009947256764950367
9,XYt,535,57,0.021577571973747534,0.009960046002930184
9,XYt,536,56,0.02507189398970055,0.009839663802004387
9,XYt,537,55,0.027113454571731168,0.009977246367761197
9,XYt,538,55,0.028061951724534098,0.00992693118556687
9,XYt,539,55,0.02864764525720725,0.009916120706675116
9,XYt,540,55,0.029038506543519128,0.009958992086252222
9,XYt,541,56,0.02841979045617711,0.009839045872289278
9,XYt,542,56,0.028271011993405426,0.00993075235783459
9,XYt,543,56,0.028137518073537267,0.009992610732379463
9,XYt,544,57,0.027328234071419693,0.009839409653792397
9,XYt,545,56,0.02723730854216382,0.009944315104560276
9,XYt,546,55,0.026734160042568993,0.009980822461695701
9,XYt,547,54,0.02596156303766199,0.009997060091753949
9,XYt,548,54,0.024952086571129524,0.00994624033945005
9,XYt,549,54,0.024101767973849716,0.009859100326801021
9,XYt,550,53,0.023972780221370824,0.009998947263245829
9,XYt,551,53,0.023453665842872843,0.009934651464322465
9,XYt,552,53,0.023007054384556996,0.009870666453648685
9,XYt,553,53,0.022795703188772262,0.009891406588456664
9,XYt,554,53,0.02253446233327878,0.009865651524830165
9,XYt,555,52,0.022629463973150257,0.009989171013888866
9,XYt,556,52,0.022427567422940307,0.009975157120741835
9,XYt,557,52,0.02220703893509917,0.00996596116905163
9,XYt,558,52,0.0220755580279482,0.009991183747443228
9,XYt,559,53,0.02140921627879008,0.009842239818127594
9,XYt,560,53,0.020953566045098966,0.009839046417698902
9,XYt,561,53,0.020561519393809024,0.009877552254774399
9,XYt,562,53,0.02015674272414231,0.009835457513345832
9,XYt,563,52,0.020194072021476415,0.009993964487935526
9,XYt,564,52,0.019567969634755076,0.009902084178021913
9,XYt,565,52,0.019168239344392764,0.009980326724883982
9,XYt,566,53,0.018307836385820713,0.009834262557868421
9,XYt,567,53,0.0178248227339844,0.009836440105396103
9,XYt,568,53,0.017460202719675674,0.009852275705833401
9,XYt,569,53,0.01708723821167637,0.009861104236546061
9,XYt,570,53,0.016871999922133528,0.00990287320754136
9,XYt,571,53,0.01667194882636645,0.00994006078356515
9,XYt,572,53,0.016467444411912238,0.009905985901041098
9,XYt,573,53,0.01649680159541111,0.009951670860572808
9,XYt,574,54,0.01635892389684297,0.009848645307765793
9,XYt,575,54,0.01644408402000592,0.009861765948907066
9,XYt,576,54,0.016489133448391976,0.009849627129034479
9,XYt,577,54,0.016612482409980166,0.009901108642522758
9,XYt,578,54,0.016607196784211322,0.00986801574341929
9,XYt,579,54,0.01670810450262964,0.009914800704351672
9,XYt,580,54,0.016725389897261658,0.00991601193083959
9,XYt,581,54,0.016583792291545572,0.009901672838938893
9,XYt,582,54,0.016520793669726388,0.009956019936192046
9,XYt,583,54,0.016326583387488557,0.009922772165233486
9,XYt,584,54,0.016175351303587347,0.009910006302543637
9,XYt,585,54,0.015960689495466567,0.009887023120568427
9,XYt,586,54,0.015686132393407222,0.009855074404715735
9,XYt,587,53,0.015506217006525781,0.009976189964890695
9,XYt,588,53,0.014875314496256292,0.009866500032836588
9,XYt,589,53,0.014360844559332809,0.009839881404377217
9,XYt,590,52,0.014111793118762875,0.009975394361592772
9,XYt,591,52,0.013761943280515358,0.009974264054696837
9,XYt,592,52,0.013495498572184357,0.009923932670446315
9,XYt,593,52,0.01343376101336737,0.009946488520865571
9,XYt,594,52,0.013352787802568614,0.009900973685877489
9,XYt,595,52,0.013379374112851774,0.009929629939683505
9,XYt,596,52,0.013346544898452384,0.009886585643902615
9,XYt,597,52,0.013344280041654376,0.009832409816987292
9,XYt,598,52,0.0135159380280205,0.00986527239221639
9,XYt,599,52,0.013799893477772667,0.009952230572974714
9,XYt,600,52,0.01400688893625349,0.009977037677893203
9,XYt,601,53,0.014044153174040896,0.009868918424175982
9,XYt,602,53,0.01427478110108562,0.009950592867162477
9,XYt,603,54,0.01421995230401933,0.00986051867114273
9,XYt,604,54,0.014367259143985926,0.009936149757723037
9,XYt,605,54,0.014377241652487358,0.009935058197166786
9,XYt,606,54,0.014393585407990218,0.009961821137036224
9,XYt,607,54,0.014381081835446681,0.00996023188157238
9,XYt,608,54,0.014292890631962658,0.009913918439999888
9,XYt,609,54,0.0142717015286712,0.00990966027529244
9,XYt,610,53,0.014271085074981996,0.009939385926950596
9,XYt,611,53,0.014121749629058242,0.009901930808530296
9,XYt,612,52,0.014068448666885164,0.00995286196411409
9,XYt,613,52,0.013726642722276488,0.00984851835036677
9,XYt,614,52,0.013551827043700556,0.009848464406598796
9,XYt,615,51,0.013613547343541485,0.00997718128711095
9,XYt,616,51,0.013480740385226847,0.009963549097289625
9,XYt,617,51,0.01332384634101368,0.009890943805954464
9,XYt,618,51,0.013242629313179686,0.00986205869892585
9,XYt,619,51,0.013277657995364333,0.009860829961169628
9,XYt,620,51,0.013439323130240668,0.009915934542329662
9,XYt,621,51,0.013588524322023747,0.009906406269956416
9,XYt,622,51,0.013882825383364984,0.009948495865105628
9,XYt,623,51,0.01401288427634901,0.009835516984506073
9,XYt,624,51,0.014763718625951971,0.009924911369445755
9,XYt,625,51,0.015200435238205289,0.009866617512809319
9,XYt,626,51,0.01562734038278039,0.009874496899516567
9,XYt,627,51,0.016135493558740437,0.00993446186603149
9,XYt,628,51,0.01650886723254539,0.009988209356703198
9,XYt,629,52,0.016583647259042964,0.009915123279569442
9,XYt,630,52,0.016795733854242687,0.009929919608126413
9,XYt,631,52,0.017020346390143173,0.009979341630286643
9,XYt,632,53,0.016877620927044944,0.009870586534948943
9,XYt,633,53,0.016901278941402715,0.009880187914322935
9,XYt,634,53,0.01680260557071772,0.009849426631866767
9,XYt,635,52,0.016926468969937065,0.0099529843555413
9,XYt,636,52,0.016894618612369135,0.009978174662063776
9,XYt,637,52,0.016749335164851636,0.009961990283535695
9,XYt,638,52,0.01663132665950239,0.00993198054971459
9,XYt,639,52,0.016468505323462376,0.009870620785899495
9,XYt,640,51,0.016656333345084016,0.009962560189135921
9,XYt,641,51,0.016650668002755508,0.009913333828960567
9,XYt,642,51,0.01672310831978172,0.009829788642880281
9,XYt,643,50,0.017259687836674493,0.00994507919978312
9,XYt,644,50,0.017581554261877953,0.00991698221243741
9,XYt,645,50,0.01789171834714118,0.009885443554028275
9,XYt,646,50,0.01830870640572426,0.009867524128325754
9,XYt,647,50,0.018739386173869447,0.009826823286274744
9,XYt,648,49,0.0195781508471982,0.009936814573303109
9,XYt,649,49,0.01998138185754248,0.009875383229182844
9,XYt,650,49,0.02049822010952478,0.009889739818964152
9,XYt,651,49,0.020891773485122615,0.00991218128640461
9,XYt,652,50,0.021148147559480926,0.009859258172600242
9,XYt,653,50,0.021680272524852592,0.009871715122757176
9,XYt,654,50,0.02207431309022226,0.009885921793079231
9,XYt,655,50,0.022465105798785003,0.009981224087239528
9,XYt,656,50,0.022606444333496945,0.0099856887308168
9,XYt,657,51,0.02257453868303648,0.009909733922167104
9,XYt,658,51,0.02276349558044502,0.009911076798609942
9,XYt,659,51,0.02302619894717288,0.009937944819716068
9,XYt,660,52,0.0231855249388218,0.00990882791925507
9,XYt,661,52,0.02351101141574849,0.009895997433373495
9,XYt,662,52,0.024057087456668062,0.009936655259243322
9,XYt,663,52,0.024528443605182266,0.009890498364127177
9,XYt,664,52,0.025537554320287984,0.009975412114082607
9,XYt,665,52,0.02641452495126082,0.009934588265294187
9,XYt,666,52,0.02751759635777182,0.009941224668600845
9,XYt,667,52,0.02836333193746245,0.009934425674493446
9,XYt,668,53,0.028742080257989782,0.009886983498789205
9,XYt,669,53,0.029117402372761215,0.009915269409183941
9,XYt,670,53,0.029192161469466134,0.009903065578145723
9,XYt,671,53,0.028807965321338943,0.009834703998971638
9,XYt,672,52,0.028752637216407168,0.00996683021191559
9,XYt,673,52,0.027871973250905638,0.00987154388580094
9,XYt,674,52,0.02718266084471612,0.009841768180589846
9,XYt,675,55,0.025565302083781175,0.009999334744144245
9,XYt,676,55,0.023157256295181464,0.009950813436597369
9,XYt,677,51,0.020639743216099165,0.009995951561307802
9,XYt,678,55,0.018506772516665562,0.009974019254559052
9,XYt,679,59,0.016398025995267105,0.009851969592463105
9,XYt,680,55,0.016184040293425125,0.009989765153566742
9,XYt,681,52,0.015553361024195364,0.009856453583880207
9,XYt,682,52,0.01497078392163327,0.009832392897862688
9,XYt,683,53,0.014747707121853712,0.009841541350326308
9,XYt,684,52,0.014704890260839714,0.009947973703272795
9,XYt,685,52,0.01441290961746667,0.00982991693401354
9,XYt,686,50,0.014561020466417305,0.009957435792658592
9,XYt,687,50,0.014500832615019405,0.009919763737396668
9,XYt,688,50,0.014460696915260573,0.00987551962233218
9,XYt,689,50,0.014668710800517206,0.009968063648853822
9,XYt,690,51,0.014672202431688552,0.00991786095779313
9,XYt,691,52,0.014639890800226447,0.009877425125634297
9,XYt,692,53,0.014767499879025597,0.0099678413076842
9,XYt,693,54,0.014733569483406454,0.009969366909827505
9,XYt,694,55,0.014685167140784437,0.00998244015600056
9,XYt,695,57,0.014484192579104415,0.009894642205847725
9,XYt,696,58,0.014378215887309042,0.009867869457859326
9,XYt,697,59,0.014392154912668566,0.009901365542860155
9,XYt,698,60,0.014257318519960725,0.009850259649057965
9,XYt,699,60,0.014420618895745287,0.00998235091814877
9,XYt,700,61,0.014283811759592159,0.009910666915699182
9,XYt,701,61,0.014366089219741123,0.009952277483856124
9,XYt,702,62,0.014217946026368817,0.009840512369514737
9,XYt,703,62,0.014310060649299901,0.009878552388930687
9,XYt,704,61,0.014510664612379221,0.009979203967402686
9,XYt,705,61,0.014450134889098309,0.009902554568572704
9,XYt,706,61,0.0144711450141262,0.009878770764343302
9,XYt,707,60,0.014747112195826025,0.009980329413327892
9,XYt,708,60,0.014678138052526686,0.009882043101265864
9,XYt,709,58,0.014775322125363694,0.009879013035893752
9,XYt,710,59,0.014703031531932538,0.00988965571344968
9,XYt,711,54,0.015132914936324382,0.009893580237206864
9,XYt,712,53,0.015149790212600562,0.009907765846236639
9,XYt,713,50,0.014945519623229995,0.00987591683627069
9,XYt,714,44,0.014660816875236418,0.009980199291811948
9,XYt,715,42,0.013687916372634874,0.009942434295231794
9,XYt,716,47,0.013180245850674436,0.00989939526114708
9,XYt,717,56,0.012513323582298097,0.009896537520352069
9,XYt,718,64,0.0115381515989628,0.009888560105950767
9,XYt,719,69,0.011508736856810732,0.009961195700991632
9,XYt,720,72,0.011330644013076574,0.009916431333586646
9,XYt,721,69,0.01117360666828151,0.00986255820398701
9,XYt,722,56,0.012119371799174435,0.009850159952215881
9,XYt,723,46,0.013023201625145722,0.009841156926523357
9,XYt,724,40,0.013512675112049996,0.009974437832247152
9,XYt,725,49,0.0127339131039504,0.009904345424892306
9,XYt,726,59,0.011646637730988028,0.009945242155999326
9,XYt,727,52,0.011593653203881539,0.009841459014009506
9,YZt,0,72,0.3292437652263245,0.00985242728056514
9,YZt,1,46,0.06506584760681086,0.009913645007170235
9,YZt,2,38,0.047216529945023046,0.009814069784121382
9,YZt,3,35,0.040608458537122326,0.0099929841132088
9,YZt,4,43,0.036955079260288536,0.009904937377415256
9,YZt,5,54,0.03317587748222304,0.009916593910194125
9,YZt,6,48,0.03254708349601142,0.009955348394579783
9,YZt,7,43,0.035074504760091565,0.009785232661804259
9,YZt,8,42,0.03696178339826607,0.009933104786054517
9,YZt,9,41,0.03723659330405924,0.009946266853536475
9,YZt,10,42,0.03669710185933798,0.009799294734701612
9,YZt,11,43,0.03951462762331689,0.00999703348232814
9,YZt,12,45,0.040297907747056536,0.0099691136074388
9,YZt,13,47,0.04044354860365617,0.00995161061989957
9,YZt,14,49,0.04074971963889533,0.00986999197853584
9,YZt,15,50,0.0425190160552016,0.009884939001095674
9,YZt,16,51,0.04331078062967569,0.009951077527973405
9,YZt,17,52,0.04348804494741169,0.009920118453859681
9,YZt,18,53,0.043898093083292594,0.009976461683501034
9,YZt,19,54,0.043713718581354304,0.009909353845812536
9,YZt,20,55,0.04466175031183117,0.009900064403340418
9,YZt,21,56,0.04435211859164069,0.009869911199982736
9,YZt,22,56,0.04554669711937597,0.00992876065201399
9,YZt,23,57,0.04480789574709594,0.009849367711698006
9,YZt,24,57,0.04582032033317929,0.009916116145381178
9,YZt,25,58,0.04659995559015238,0.009905809993953069
9,YZt,26,59,0.04574667286177792,0.009826702444054815
9,YZt,27,59,0.046733844432719364,0.009914185911254569
9,YZt,28,60,0.046996896968319775,0.009853379626963402
9,YZt,29,60,0.04674141682451375,0.009917015993936356
9,YZt,30,60,0.04728885219792694,0.009962596201519146
9,YZt,31,61,0.04753383201968856,0.009944198311225488
9,YZt,32,61,0.04802989845326267,0.009977365309812563
9,YZt,33,62,0.04758108916973871,0.009855089184602981
9,YZt,34,62,0.047876553599396125,0.009909590960086888
9,YZt,35,62,0.04700526218431052,0.009983759047577706
9,YZt,36,63,0.046020757767075995,0.009897901395394723
9,YZt,37,63,0.04500615012892833,0.009895040666497056
9,YZt,38,63,0.04379915232907956,0.009923516211315356
9,YZt,39,63,0.04250144763612007,0.009984366408625527
9,YZt,40,64,0.04040981814801934,0.009902998384331129
9,YZt,41,64,0.038641076358184465,0.009929753543909266
9,YZt,42,64,0.03759423356758064,0.009981108033019728
9,YZt,43,65,0.03531943578208262,0.009850181821789105
9,YZt,44,65,0.03385226639717872,0.009931735170492393
9,YZt,45,65,0.03228167979937665,0.009932091003120347
9,YZt,46,65,0.030885119844265323,0.00994506979541668
9,YZt,47,65,0.029684350481063635,0.00996678252344202
9,YZt,48,66,0.028248708638093093,0.009822447054636677
9,YZt,49,66,0.027738951554647576,0.00985385771061075
9,YZt,50,66,0.02709545002435778,0.009844206743077776
9,YZt,51,66,0.026623222054984574,0.009876963240365326
9,YZt,78,60,0.006986153507949753,0.009835403731777258
9,YZt,79,60,0.0068856010667077,0.009892964125374982
9,YZt,80,60,0.006659841487980864,0.009849805518269692
9,YZt,81,60,0.006548929086631536,0.009836887683401966
9,YZt,82,60,0.006609891284238052,0.009961977124379663
9,YZt,83,60,0.006411248641551468,0.009885510169221665
9,YZt,84,61,0.006415933973715567,0.00983147844214
9,YZt,85,60,0.006378591024567011,0.00995982140456384
9,YZt,86,61,0.006318473736339197,0.009827965011980385
9,YZt,87,61,0.006403204176033537,0.009935812973892072
9,YZt,88,61,0.006298591459090828,0.009838157126103258
9,YZt,89,61,0.006420572774876126,0.009990143321720636
9,YZt,90,61,0.00637980665408853,0.009958055921970613
9,YZt,91,61,0.006320802451348906,0.009950886855935941
9,YZt,92,62,0.006286844193694117,0.009836836637313684
9,YZt,93,62,0.0063402031868959935,0.009892077975992956
9,YZt,94,62,0.006243064649484665,0.009825216173849308
9,YZt,95,62,0.006260916213795714,0.009879067588853811
9,YZt,96,62,0.006359315862759259,0.009952219942892039
9,YZt,97,62,0.006342984672776067,0.009916159825482738
9,YZt,98,62,0.006336068763010847,0.00992590649999829
9,YZt,99,63,0.0063341659583563215,0.009854879930450481
9,YZt,100,63,0.0063462366042683314,0.0098141725034309
9,YZt,101,62,0.006441975603700455,0.009973235315667892
9,YZt,102,62,0.006390545130675135,0.009887723182531193
9,YZt,103,62,0.006491562868519852,0.009973098490916316
9,YZt,52,66,0.02614909391917115,0.00981995078378765
9,YZt,53,65,0.026591861430510393,0.009950911508687849
9,YZt,54,65,0.026216218246457854,0.009879339185167415
9,YZt,55,64,0.026248309799913837,0.009930733599154163
9,YZt,56,63,0.026357227954730042,0.009969443499082204
9,YZt,57,63,0.026794534281259153,0.009961290669446057
9,YZt,58,62,0.026643129379680348,0.009932330661946492
9,YZt,59,61,0.026558278177846895,0.00994652659535472
9,YZt,60,61,0.026704013976506343,0.009879499423490314
9,YZt,61,60,0.02662448511664063,0.009963970422983805
9,YZt,62,60,0.02575558383046321,0.009932883669022508
9,YZt,63,60,0.02430778229860337,0.009881655210413953
9,YZt,64,60,0.021556208870875598,0.009874081305622734
9,YZt,65,60,0.018652381649246194,0.009808456472488054
9,YZt,66,59,0.01607130852077773,0.009965054816149477
9,YZt,67,60,0.013888202010225127,0.00982601707126454
9,YZt,68,60,0.012407829015771482,0.009883008495492568
9,YZt,69,60,0.011228920164631078,0.009843111372865636
9,YZt,70,59,0.010334079841532342,0.009936003163644076
9,YZt,71,59,0.00963534239362699,0.009944960719533227
9,YZt,72,59,0.009019380833722383,0.009926765303038041
9,YZt,73,60,0.008558190695204828,0.009826452407499823
9,YZt,74,59,0.008154157821831922,0.009879455193317043
9,YZt,75,60,0.007901194907621496,0.009886839277273487
9,YZt,76,59,0.007501336144909238,0.009904363072524134
9,YZt,77,60,0.0072808446157622995,0.009878622154734744
9,YZt,104,63,0.006471355204933443,0.00984604831019703
9,YZt,105,63,0.006445688744975206,0.009807087428080107
9,YZt,106,63,0.006505469455706137,0.009804962939986039
9,YZt,107,62,0.006679018143614936,0.00994544673395887
9,YZt,108,63,0.006735338773656986,0.009818328023555789
9,YZt,109,63,0.006876727647195828,0.0098270449174978
9,YZt,110,63,0.007058626431799912,0.009887455305554722
9,YZt,111,62,0.0072150903983326095,0.009974933554309675
9,YZt,112,62,0.007392351500716734,0.00999677198535544
9,YZt,113,63,0.0074568078233577,0.009881884455747612
9,YZt,114,63,0.007446519232223467,0.009805705292742304
9,YZt,115,63,0.007524943419032128,0.009854915325052428
9,YZt,116,63,0.007504060123582622,0.009831048007210621
9,YZt,117,63,0.007464382422352289,0.009838532316755058
9,YZt,118,63,0.007436613493447074,0.009848421593874224
9,YZt,119,63,0.007401332909073546,0.009895283159485516
9,YZt,120,63,0.007364908487621807,0.009957968159274326
9,YZt,121,63,0.007207904616539921,0.009947773569933059
9,YZt,122,63,0.007004473589057185,0.009896794926651435
9,YZt,123,63,0.006875850503901668,0.009885962272118512
9,YZt,124,63,0.006802285064530388,0.009870466927522765
9,YZt,125,64,0.006675027874746432,0.009830829273543923
9,YZt,126,64,0.006647781117834355,0.009821837486066246
9,YZt,127,63,0.006692754182782987,0.009916789493355869
9,YZt,128,63,0.006690007022482758,0.009913593196366768
9,YZt,129,64,0.006705826801918448,0.00982067717194853
9,YZt,130,63,0.006826861095783961,0.009993002141311633
9,YZt,131,63,0.006850893674775721,0.009935846151271197
9,YZt,132,63,0.006905922685349431,0.009930106359500132
9,YZt,133,64,0.006875288129843756,0.009805407029273802
9,YZt,134,64,0.006949237738301498,0.009814723185580014
9,YZt,135,63,0.00716193309497174,0.009928393117860484
9,YZt,136,63,0.00724509753625528,0.00993719899956963
9,YZt,137,63,0.0072914032117695335,0.009886566336173753
9,YZt,138,63,0.007385903803531101,0.009901041977421872
9,YZt,139,63,0.007464959179510157,0.009914467757370366
9,YZt,140,63,0.007432488647428338,0.009854520142942212
9,YZt,141,63,0.00739572289468864,0.00982836906186197
9,YZt,142,63,0.007436589721444128,0.009841204211071557
9,YZt,143,63,0.007425063893032674,0.009813615150389492
9,YZt,144,62,0.0075367963734343625,0.009995406491951714
9,YZt,145,62,0.007495527765608384,0.009941963555372652
9,YZt,146,62,0.0075205461059531286,0.00995936842089431
9,YZt,147,62,0.007465515489942438,0.009915991675363877
9,YZt,148,62,0.007494696928018343,0.009942207988187905
9,YZt,149,62,0.007592969759060632,0.009968873679386746
9,YZt,150,62,0.007494544199131859,0.009881163342918813
9,YZt,151,62,0.0075630625538636925,0.009832607074678732
9,YZt,152,61,0.007574866497592907,0.009873563438575582
9,YZt,153,61,0.00781550466142343,0.009963807311424659
9,YZt,154,61,0.007921586278776578,0.009937542293619053
9,YZt,155,61,0.008038289390435301,0.009958883470766705
9,YZt,156,61,0.008035034401184164,0.009844494096950636
9,YZt,157,60,0.008131200256636795,0.009944064170653473
9,YZt,158,61,0.008104573917892039,0.00980378694443695
9,YZt,159,61,0.00806366246037403,0.009804360885418596
9,YZt,160,61,0.007942750431596406,0.009818012184576922
9,YZt,161,60,0.007922832522264856,0.009955354169984557
9,YZt,162,60,0.007837838148231847,0.009971665561646761
9,YZt,163,61,0.007632280728204727,0.009834570469610508
9,YZt,164,60,0.007596224129535592,0.009932184011499581
9,YZt,165,60,0.00751458107475846,0.0099236413594687
9,YZt,166,61,0.007428797429163287,0.009836374872494103
9,YZt,167,61,0.007385399139210301,0.009888039508371171
9,YZt,168,60,0.007305618293080563,0.0099560306392176
9,YZt,169,61,0.007337948982730571,0.009983462648113998
9,YZt,170,61,0.007274055792221726,0.009993205434688093
9,YZt,171,61,0.007100431643120376,0.009950292475007547
9,YZt,172,61,0.007048582961289068,0.00994386719659163
9,YZt,173,61,0.007098447638899773,0.009952673637046328
9,YZt,174,61,0.007099889325534201,0.00983519249987228
9,YZt,175,61,0.007220517205617169,0.009900394659955236
9,YZt,176,61,0.007261239012436756,0.009875317244342282
9,YZt,177,61,0.0075133148574364214,0.009890513556139902
9,YZt,178,61,0.007788031628793674,0.009863222927790382
9,YZt,179,61,0.0080666752025522,0.0098277805319453
9,YZt,180,61,0.00862489622092679,0.009965132130914102
9,YZt,181,61,0.00884736673778296,0.00984306931569605
9,YZt,182,61,0.009371818314748101,0.009824663348802484
9,YZt,183,60,0.010019569683977315,0.009980417133014717
9,YZt,184,60,0.011022165537759763,0.009998200549651774
9,YZt,185,60,0.011886823350540062,0.009908551560661845
9,YZt,186,61,0.013414450514115576,0.00981708686233213
9,YZt,187,60,0.015432381710420976,0.00980989409561322
9,YZt,188,60,0.019017870299056813,0.009831605151730842
9,YZt,189,60,0.024326099480569383,0.009948288729806947
9,YZt,190,60,0.030337523893180306,0.009926653323041214
9,YZt,191,60,0.03552700186974216,0.0098959164797587
9,YZt,192,61,0.03973122770054182,0.009858211911062375
9,YZt,193,61,0.04223182772075421,0.009914613896646482
9,YZt,194,61,0.04437887675966768,0.00992348917292675
9,YZt,195,62,0.04518556569731199,0.009889253547425132
9,YZt,196,63,0.0469134568530971,0.009866930863593647
9,YZt,197,64,0.047295810937795946,0.009863960118765135
9,YZt,198,65,0.04826634971783795,0.009822282763630735
9,YZt,199,65,0.04953477591712997,0.009925474753497478
9,YZt,200,66,0.0488816207303871,0.00987234669352275
9,YZt,201,67,0.0494564211127741,0.009852397712782067
9,YZt,202,67,0.05019057421899759,0.009915078976356108
9,YZt,203,67,0.04960454711825547,0.009950196939310478
9,YZt,204,67,0.050208672123112495,0.009980520060560842
9,YZt,205,67,0.050474369162015316,0.009930626681718818
9,YZt,206,67,0.050767596420336264,0.00993887215681315
9,YZt,207,67,0.04970902331363549,0.00988736342711997
9,YZt,208,67,0.04979680128202484,0.009856675559946314
9,YZt,209,67,0.049955453394060836,0.00982691385845561
9,YZt,210,66,0.05073222056719409,0.009967483982498838
9,YZt,211,66,0.04970705745246272,0.009939152145933794
9,YZt,212,66,0.04934163653010554,0.009842861753143901
9,YZt,213,65,0.05011179393911201,0.009981923302638992
9,YZt,214,65,0.04975849933807419,0.009877384301155534
9,YZt,215,64,0.050157826527431795,0.009941980519358311
9,YZt,216,64,0.049995336085325526,0.009924525463038765
9,YZt,217,64,0.04953140359149893,0.009839736882034704
9,YZt,218,63,0.04861215592595483,0.009896543562466524
9,YZt,219,63,0.048299456295276856,0.009849902027678463
9,YZt,220,62,0.04845397106627959,0.009906571487391677
9,YZt,221,62,0.048051224020095734,0.009861885195449614
9,YZt,222,61,0.04824399555255225,0.009912526761623696
9,YZt,223,61,0.04783539360818938,0.009846269820115015
9,YZt,224,60,0.0479630950756057,0.00992745955082565
9,YZt,225,59,0.049023836312291666,0.009969463492164295
9,YZt,226,59,0.048321567548536073,0.009907415330191273
9,YZt,227,59,0.04776795288774165,0.009860525124057717
9,YZt,228,58,0.047410103578385106,0.009892869973350355
9,YZt,229,57,0.04733806809847034,0.009956942279166374
9,YZt,230,57,0.04702395189182532,0.009972543101512894
9,YZt,231,56,0.04755440713615538,0.009947422922299195
9,YZt,232,56,0.04679301314131476,0.009925537315424057
9,YZt,233,56,0.045818718880780096,0.00982612044586227
9,YZt,234,55,0.046939394945602946,0.009979842178651149
9,YZt,235,55,0.045516248406766206,0.009840933509802762
9,YZt,236,54,0.0448959854123531,0.009887230841544588
9,YZt,237,54,0.04499717914904561,0.009831202404515882
9,YZt,238,53,0.04443016837349809,0.009919632744123351
9,YZt,239,52,0.044604012375654756,0.009916493797952754
9,YZt,240,52,0.04340913017961749,0.009867612617742555
9,YZt,241,51,0.04316240488674432,0.009868111375557898
9,YZt,242,50,0.04306372995120663,0.009895093736556802
9,YZt,243,49,0.043189250913336225,0.009989753489061679
9,YZt,244,48,0.04208228792133195,0.009884588838940722
9,YZt,245,47,0.0404465748302754,0.009882453861079242
9,YZt,246,45,0.04006086110861584,0.00995167686921331
9,YZt,247,44,0.03951627438123116,0.009864880267200424
9,YZt,248,42,0.03840216840979993,0.009882724200762116
9,YZt,249,40,0.03625435946351823,0.009887797613051027
9,YZt,250,39,0.03663829270069839,0.0099296543363921
9,YZt,251,40,0.03601834578811975,0.009858795513967839
9,YZt,252,40,0.035391921131479716,0.009951224285174642
9,YZt,253,47,0.031924693877453406,0.009841904883804244
9,YZt,254,54,0.03274920135855208,0.009893005195524792
9,YZt,255,42,0.037434996386210354,0.00988721610970424
9,YZt,256,36,0.039633534462936805,0.00979955798093635
9,YZt,257,36,0.046835066936364106,0.009898583339892563
9,YZt,258,45,0.06342169554303023,0.009883032929719404
9,YZt,259,71,0.33055909646774195,0.009932904507486915
9,XZt,0,72,0.3588998895739067,0.009897581124723194
9,XZt,1,47,0.06551278561478609,0.009992720975920912
9,XZt,2,38,0.04761730472819958,0.009982587988035762
9,XZt,3,37,0.04117782139702321,0.009907530235824073
9,XZt,4,43,0.039045166391355184,0.009870088290562047
9,XZt,5,55,0.03387582249740601,0.00987716193672599
9,XZt,6,50,0.03210937723809072,0.009810901361337353
9,XZt,7,43,0.03597200601280131,0.00979578776103563
9,XZt,8,41,0.03733771706310529,0.009943450878495557
9,XZt,9,40,0.037501316682350475,0.009932956989351725
9,XZt,10,41,0.037452519826865274,0.009927433295396687
9,XZt,11,43,0.039962794629912216,0.009974614988464345
9,XZt,12,45,0.04077407781349187,0.009912067749497428
9,XZt,13,47,0.041021161756210026,0.009959092079191977
9,XZt,14,49,0.041153744750461685,0.009829049200982013
9,XZt,15,50,0.04289149564949988,0.009900265346250742
9,XZt,16,51,0.04371056549391793,0.009941181252860875
9,XZt,17,52,0.04381470120264448,0.009917667637403373
9,XZt,18,53,0.0436232418493706,0.009848623979659854
9,XZt,19,54,0.04372094826793278,0.009829183741275649
9,XZt,20,54,0.04523521862499354,0.009955888572941173
9,XZt,21,54,0.04501818713821911,0.009989818718026957
9,XZt,22,55,0.045951306678281297,0.009981136835483425
9,XZt,23,56,0.04505309296576471,0.009864589232909136
9,XZt,24,56,0.04582676468587405,0.009879232875499697
9,XZt,25,57,0.04636882263436407,0.00983208390430473
9,XZt,26,57,0.04578850956959017,0.00984942958954098
9,XZt,27,57,0.0468433022994599,0.009967664338718846
9,XZt,28,58,0.046849488106626605,0.009845325351238809
9,XZt,29,58,0.046259693439061784,0.009864089131236112
9,XZt,30,58,0.046511840833134414,0.0098670660527759
9,XZt,31,58,0.047196283685460395,0.009947676083424794
9,XZt,32,59,0.047188477103456666,0.009867224159613334
9,XZt,33,59,0.04739784659928365,0.009858652046502776
9,XZt,34,59,0.048036671884109844,0.009946781706086939
9,XZt,35,59,0.047325561663022625,0.009989781499198947
9,XZt,36,60,0.04682270187402448,0.00985923212432965
9,XZt,37,60,0.046804876565595385,0.009845481081940872
9,XZt,38,60,0.04704112698292165,0.009913248299639939
9,XZt,39,60,0.04699535479412467,0.00989793005272477
9,XZt,40,60,0.0472601727704752,0.00997709561358881
9,XZt,41,61,0.046530996912950574,0.009836979643625385
9,XZt,42,61,0.04767260670137535,0.009900412469494784
9,XZt,43,61,0.04759345832226194,0.009898301041480838
9,XZt,44,61,0.04737079613696526,0.009912747172698279
9,XZt,45,61,0.04719398367076733,0.009971327670909616
9,XZt,46,62,0.04617140482352913,0.009847592157906903
9,XZt,47,62,0.04581837754183021,0.009893977655861965
9,XZt,48,62,0.045663502368206946,0.009941192048977338
9,XZt,49,62,0.04633853376914624,0.009989364408621608
9,XZt,50,63,0.045265172454697404,0.009851774823463815
9,XZt,51,62,0.04527089002951554,0.009988113032386637
9,XZt,52,63,0.044132075972400694,0.009842660027745323
9,XZt,53,63,0.04475118504414425,0.00991834938224669
9,XZt,54,63,0.044071405944232776,0.009914626268126515
9,XZt,55,63,0.043399159609437465,0.009964185849252818
9,XZt,56,63,0.04261679368232301,0.009991672577372152
9,XZt,57,63,0.042664230997804115,0.009984141435959009
9,XZt,58,64,0.041328887737300125,0.009868286556316235
9,XZt,59,63,0.04057405969854949,0.009978446326629715
9,XZt,60,64,0.04011876073433516,0.009941318131326583
9,XZt,61,64,0.038766541388186596,0.009900892153518847
9,XZt,62,64,0.037315460454044914,0.009861690466810595
9,XZt,63,64,0.03694350447938632,0.009926831718163517
9,XZt,64,64,0.03549037933338742,0.009935144001703252
9,XZt,65,64,0.03437753761850225,0.009918473436217849
9,XZt,66,64,0.0329235274625849,0.009956057589230984
9,XZt,67,64,0.031080090494301795,0.00994028821920298
9,XZt,68,64,0.028900258777902196,0.009973681904744095
9,XZt,69,64,0.026709586208115907,0.009969320848335766
9,XZt,70,64,0.02397655463844894,0.00995051782775601
9,XZt,71,64,0.021846914132827085,0.009993386093821837
9,XZt,72,64,0.01975345448817915,0.009888776012170654
9,XZt,73,65,0.01806659251606997,0.009851733581431814
9,XZt,74,64,0.01675552484347611,0.009940314440678135
9,XZt,75,65,0.01560753637858235,0.009833905913863962
9,XZt,76,64,0.014563953654802664,0.009943944290622614
9,XZt,77,65,0.01372185112332322,0.009887822035443266
9,XZt,78,65,0.012749975689226294,0.009855196532592567
9,XZt,79,65,0.01222201025989943,0.009923827919989501
9,XZt,80,65,0.011446192795885015,0.009868932095814308
9,XZt,81,65,0.010989608414376082,0.00983901073226274
9,XZt,82,65,0.010709918912412613,0.009946021364307221
9,XZt,83,65,0.01014751663706081,0.00989402375818206
9,XZt,84,65,0.009964445028423755,0.009980260819375376
9,XZt,85,65,0.009468464091489982,0.009855989160179207
9,XZt,86,65,0.009174015111637268,0.009851665492793626
9,XZt,87,65,0.00903259232734979,0.009887112598522842
9,XZt,88,65,0.008696912593469937,0.009815949416382273
9,XZt,89,65,0.008592563037195406,0.00988027303151835
9,XZt,90,65,0.008417806925778286,0.009887058322563926
9,XZt,91,64,0.008215373174233402,0.009967343617723983
9,XZt,92,65,0.008026484704199489,0.009852784421251775
9,XZt,93,65,0.007873185884772031,0.009848630596048026
9,XZt,94,64,0.007715861551592097,0.00993954280627869
9,XZt,95,64,0.007633712409435469,0.009984806357586508
9,XZt,96,64,0.007475796012276843,0.009982727754492056
9,XZt,97,64,0.007301619545285973,0.009948801551322776
9,XZt,98,64,0.007053875892759063,0.009875792713482722
9,XZt,99,64,0.0070073937272533545,0.009942372225158317
9,XZt,100,64,0.006812352746477394,0.009895526421241084
9,XZt,101,64,0.00665318231104817,0.009860945720613516
9,XZt,102,63,0.0065865170514524994,0.009985145327726347
9,XZt,103,64,0.006398213881347236,0.009841871389744999
9,XZt,104,64,0.006262394533137489,0.009812671835383445
9,XZt,105,63,0.006237963088766717,0.009970327770152542
9,XZt,106,63,0.006030222632559336,0.00984011434966881
9,XZt,107,62,0.006005970684938592,0.009945067482866193
9,XZt,108,62,0.005949932676662747,0.009988251570254354
9,XZt,109,63,0.005831692962604123,0.009830562575643879
9,XZt,110,63,0.005735059699550631,0.009864968469489158
9,XZt,111,63,0.00564210025588337,0.00980783274657984
9,XZt,112,62,0.005667213071377449,0.00992829312459678
9,XZt,113,62,0.005602863122389618,0.00989828942408977
9,XZt,114,62,0.005507311977299181,0.009834609445093003
9,XZt,115,62,0.005526289432851588,0.009904009339867027
9,XZt,116,62,0.005414681126897958,0.009849744031943553
9,XZt,117,62,0.005435700232775606,0.009848732565703587
9,XZt,118,61,0.005445249108285581,0.009962781647841694
9,XZt,119,61,0.0054120579801616555,0.00994016829363354
9,XZt,120,62,0.0053392061878498485,0.00982693609180909
9,XZt,121,61,0.005407866823309957,0.0099960012580061
9,XZt,122,61,0.005419317991467599,0.009995519619104058
9,XZt,123,61,0.005311746923129027,0.009934499677945328
9,XZt,124,61,0.005361155736963062,0.009956357114468767
9,XZt,125,62,0.005182285751933685,0.009810819705555501
9,XZt,126,62,0.00525114342999942,0.009835253687440636
9,XZt,127,61,0.005312936040199085,0.009965828321426645
9,XZt,128,61,0.005309776169991698,0.009908574384521874
9,XZt,129,61,0.005298875190088603,0.009943338700916385
9,XZt,130,61,0.005284788387805285,0.00992981955303107
9,XZt,131,61,0.005273353737956408,0.009867891909687312
9,XZt,132,61,0.005300862925958053,0.009928508166778954
9,XZt,133,61,0.005352218227580063,0.00997303853341119
9,XZt,134,62,0.005271236881694256,0.009810201600034325
9,XZt,135,61,0.005381284072802277,0.009908485796703377
9,XZt,136,61,0.005396248233398581,0.009912035652656406
9,XZt,137,61,0.005461146134829398,0.00996228224302942
9,XZt,138,61,0.005498607674967227,0.009960904710162864
9,XZt,139,61,0.0055684306338033345,0.009968794471101718
9,XZt,140,61,0.0055676683201843985,0.00995520978386007
9,XZt,141,61,0.005614509549993322,0.0099383611370499
9,XZt,142,61,0.005690525324309699,0.009961357623971037
9,XZt,143,61,0.00573644561144662,0.009955405378426988
9,XZt,144,61,0.005819219940951328,0.009983084457264648
9,XZt,145,61,0.005833335508660526,0.009948196642602904
9,XZt,146,62,0.005830327651405224,0.009802779729723807
9,XZt,147,62,0.0059891430127152956,0.009890632146049428
9,XZt,148,62,0.006101091937789177,0.009940404672872912
9,XZt,149,62,0.00618737801488089,0.0099220795983238
9,XZt,150,62,0.0063687918675640635,0.00993667439249539
9,XZt,151,62,0.006448170060625488,0.00988400365655684
9,XZt,152,62,0.006593354732542663,0.009863786026972902
9,XZt,153,62,0.006796691974408851,0.009891536637990743
9,XZt,154,63,0.006972370237081656,0.009840988040153662
9,XZt,155,63,0.0071880103115101335,0.00983498477108378
9,XZt,156,63,0.007394516227744546,0.009810753286475732
9,XZt,157,62,0.007658010856174484,0.009906057640518579
9,XZt,158,63,0.007823002595992454,0.009811283063801458
9,XZt,159,63,0.008133414755255574,0.009861051838721801
9,XZt,160,63,0.00833693839066161,0.0098192973398251
9,XZt,161,62,0.0085875885784712,0.009918558456735012
9,XZt,162,63,0.00879069263912742,0.009816515227288729
9,XZt,163,62,0.00918106498468638,0.009984383300566535
9,XZt,164,62,0.009360902880529785,0.00995473002185773
9,XZt,165,62,0.009545967441795575,0.00993265907390911
9,XZt,166,63,0.009754829423275302,0.009825221245494736
9,XZt,167,63,0.010031688334056203,0.009839443935356674
9,XZt,168,62,0.010160864192259464,0.00988244687946867
9,XZt,169,63,0.010451641039262086,0.009809207939181133
9,XZt,170,62,0.010892020844121955,0.009995489707642526
9,XZt,171,62,0.010948733869698343,0.009911722412968086
9,XZt,172,63,0.011209973342036357,0.009846956508120818
9,XZt,173,63,0.01138796984331968,0.009845027120068787
9,XZt,174,62,0.011637095349490806,0.009924114513377614
9,XZt,175,63,0.011803475075063167,0.009824399994951584
9,XZt,176,62,0.011878304752894784,0.009902562929492953
9,XZt,177,62,0.012145180496642883,0.00998184342989561
9,XZt,178,62,0.012192920374280231,0.009987874712057289
9,XZt,179,62,0.012140009005183087,0.00996576947405517
9,XZt,180,63,0.0120562882847307,0.00980954633439933
9,XZt,181,62,0.012239169069311513,0.009949948465157933
9,XZt,182,62,0.012436472079564513,0.009975500338108921
9,XZt,183,62,0.012353032833211224,0.009894749357158254
9,XZt,184,63,0.012603736763140111,0.009866662422111865
9,XZt,185,62,0.012615617720565568,0.00982864673902269
9,XZt,186,62,0.01309147583321625,0.00992447602638596
9,XZt,187,62,0.013255743827260462,0.009840032936305806
9,XZt,188,62,0.013634538267591704,0.009833979972152978
9,XZt,189,61,0.014185308825387035,0.009930930061765457
9,XZt,190,61,0.014670890175054893,0.009884630719452862
9,XZt,191,61,0.01520571306881918,0.009874741216774539
9,XZt,192,61,0.015789769682281928,0.009839061377493899
9,XZt,193,61,0.016490907797002078,0.009877385077287883
9,XZt,194,61,0.016954474666455808,0.009819786060675182
9,XZt,195,61,0.017673624319594596,0.009925964425201944
9,XZt,196,61,0.01821974951279957,0.009926453686603061
9,XZt,197,61,0.018272294367705014,0.009837730100433479
9,XZt,198,61,0.018836660065407743,0.00995463991951272
9,XZt,199,61,0.01879944388384304,0.009881637367068454
9,XZt,200,61,0.01885642465887098,0.009887130431987167
9,XZt,201,61,0.019002096871901956,0.009877416122531811
9,XZt,202,61,0.01908767392976837,0.009894410001954273
9,XZt,203,61,0.018919186139424046,0.009847956090782959
9,XZt,204,61,0.01893667163333347,0.00983242190205847
9,XZt,205,61,0.019215279775538666,0.009898674339722252
9,XZt,206,61,0.019240674486992574,0.00989714504424494
9,XZt,207,61,0.019161323907345748,0.009863298709055505
9,XZt,208,60,0.01945995017309387,0.009977989962812817
9,XZt,209,60,0.019677374657331107,0.009965724472889573
9,XZt,210,60,0.019729426950705675,0.009904421123722777
9,XZt,211,60,0.01989503424651174,0.009864164128674106
9,XZt,212,60,0.020317355592473055,0.0098674789898716
9,XZt,213,59,0.021213210933490878,0.009939306792190699
9,XZt,214,59,0.02212938562587004,0.00993511738077078
9,XZt,215,59,0.023336989411268983,0.009914343266658313
9,XZt,216,59,0.02492894255538507,0.00988073817589157
9,XZt,217,59,0.02698826780828698,0.009872017051705219
9,XZt,218,59,0.028950185921278855,0.009832790294681185
9,XZt,219,59,0.031719445486138365,0.00983855257586389
9,XZt,220,58,0.0349986235497889,0.009922560166395844
9,XZt,221,58,0.03779405727237554,0.009915658845686523
9,XZt,222,58,0.040626675895101286,0.009933319338190132
9,XZt,223,58,0.042659089777090355,0.009895103033472278
9,XZt,224,58,0.04420414493533588,0.009862044551355262
9,XZt,225,58,0.046194413968518984,0.009835458292786693
9,XZt,226,57,0.047456005684002975,0.009985105788200967
9,XZt,227,58,0.04706557850321494,0.009832040240540992
9,XZt,228,57,0.047504059814065865,0.009940876257726603
9,XZt,229,57,0.04723745586159388,0.009905533705946849
9,XZt,230,57,0.04713532183313246,0.0099235691290913
9,XZt,231,57,0.0475364384138377,0.00984536350548864
9,XZt,232,56,0.04744943399156052,0.009942760060381686
9,XZt,233,56,0.04697007086699542,0.009940122019715076
9,XZt,234,56,0.047393195488406134,0.009916154800348104
9,XZt,235,55,0.04683322870641178,0.009950443866390955
9,XZt,236,55,0.04598817816229241,0.00992907103790845
9,XZt,237,55,0.046089682443269685,0.009856213557883485
9,XZt,238,54,0.0452695180650041,0.009891631965228279
9,XZt,239,53,0.04574881235533632,0.00994735202061598
9,XZt,240,53,0.044667825429424525,0.009916223992362642
9,XZt,241,52,0.044574757967559886,0.009952934752148656
9,XZt,242,51,0.044641854302261516,0.009993610091269934
9,XZt,243,51,0.043812448438415134,0.009869211350418738
9,XZt,244,50,0.04328079628739574,0.009893222167071482
9,XZt,245,49,0.041505066237672666,0.009838822953053572
9,XZt,246,47,0.041276668608037345,0.009917746094553264
9,XZt,247,45,0.041272753533592686,0.009981909478556065
9,XZt,248,44,0.03992069040695221,0.00989044573447408
9,XZt,249,42,0.037665126711321405,0.009860398786098692
9,XZt,250,41,0.03793319729385157,0.009918360203215602
9,XZt,251,42,0.03754954939184671,0.009897434346671875
9,XZt,252,43,0.03722828557796257,0.009914717120710074
9,XZt,253,50,0.032933123604484985,0.009838333619438222
9,XZt,254,55,0.03413372040465041,0.009811432302691965
9,XZt,255,44,0.03897960198816193,0.009903502326828021
9,XZt,256,38,0.04149019023234803,0.00981629812219803
9,XZt,257,39,0.04771096670881611,0.009885564841425665
9,XZt,258,48,0.06501351203400496,0.00997882354089725
9,XZt,259,72,0.34796777058948997,0.009966214859248888
10,XYt,73,36,0.021042136677676754,0.009991369046801295
10,XYt,74,37,0.020482881672090045,0.0098492174130794
10,XYt,75,37,0.020469020762512093,0.009946956272047138
10,XYt,76,37,0.020192235609613154,0.009926103521543845
10,XYt,77,37,0.019969708035566087,0.009969898177994454
10,XYt,78,37,0.01957544716283339,0.009980912788527817
10,XYt,79,38,0.018982330745671745,0.009922316794798847
10,XYt,80,39,0.018370066207212744,0.009844197553845333
10,XYt,81,39,0.01814106490636038,0.009935126794557951
10,XYt,82,39,0.017853386543383455,0.00995472840464334
10,XYt,83,40,0.017439889665333275,0.009893488570626675
10,XYt,84,40,0.017233103232488514,0.009928484153322842
10,XYt,85,41,0.016924924499477204,0.009905356397735349
10,XYt,86,41,0.016828374802697707,0.009989862920001326
10,XYt,87,43,0.016231174949758193,0.00983654757897095
10,XYt,88,43,0.016113109414897596,0.009957418547045722
10,XYt,89,43,0.015838987869061513,0.009962052231375891
10,XYt,90,44,0.015594853937781315,0.009949942994804457
10,XYt,91,45,0.015356848095069106,0.009921026284760845
10,XYt,92,46,0.01504990713113167,0.009837081656121682
10,XYt,93,46,0.015070716684632422,0.009933959494089494
10,XYt,94,46,0.014928916494048986,0.009918652519494373
10,XYt,95,46,0.014885538818684802,0.009985679595010375
10,XYt,96,47,0.014582873842159418,0.009887144155979117
10,XYt,97,47,0.014521670484657665,0.0099264408664857
10,XYt,98,47,0.01448737672282975,0.009975454074387545
10,XYt,99,47,0.014371660036863581,0.009964324104301026
10,XYt,100,47,0.014314947551059143,0.00998194826274023
10,XYt,101,47,0.014227946914094377,0.009970830923828309
10,XYt,102,48,0.014014840508605164,0.00988115736898329
10,XYt,103,47,0.014058244589821418,0.00995163634933659
10,XYt,104,47,0.014054513152343058,0.00999778204669565
10,XYt,105,48,0.013810357384127591,0.009866007798297315
10,XYt,106,48,0.013777160131458679,0.009884028786373136
10,XYt,107,47,0.01387952303219897,0.009965030121456468
10,XYt,108,47,0.01389333365750018,0.009963365434951138
10,XYt,109,47,0.013886332356292455,0.009949541185265727
10,XYt,110,47,0.013850449653857866,0.009919894110695094
10,XYt,111,47,0.014014019367969524,0.009995430804810437
10,XYt,112,47,0.014010696046068518,0.009957678305926372
10,XYt,113,47,0.014017946959750689,0.009911422776407523
10,XYt,114,47,0.014085002073383111,0.009902154629642326
10,XYt,115,46,0.014304745877599811,0.009945682987745447
10,XYt,116,46,0.014440758941470767,0.009911881895745144
10,XYt,117,46,0.014639401064737961,0.009902968580477083
10,XYt,118,46,0.014778117478012536,0.009896980521502473
10,XYt,119,46,0.015067448772368304,0.009938477227619634
10,XYt,120,46,0.015082083514051424,0.009881764519596803
10,XYt,121,45,0.015252654802718155,0.009934193397304787
10,XYt,122,45,0.015225098890197825,0.009917465964896031
10,XYt,123,45,0.015147450256912292,0.009862909148294043
10,XYt,124,45,0.01527640136872618,0.00991778899450576
10,XYt,125,44,0.01541936204653194,0.009943672377311695
10,XYt,126,44,0.015673561771916134,0.00999005576417445
10,XYt,127,44,0.015662450903357522,0.009867211961780436
10,XYt,128,44,0.01589365610422117,0.00985521652408176
10,XYt,129,44,0.016140461688776375,0.009845994664339018
10,XYt,130,43,0.016480929436117682,0.009920328495668571
10,XYt,131,43,0.01663902832069876,0.009873319169818448
10,XYt,132,43,0.016859598347156737,0.009854479768129656
10,XYt,133,42,0.01741430789458875,0.009996988698581276
10,XYt,134,43,0.01742716605753512,0.009839068779467388
10,XYt,135,42,0.017974503828151245,0.009938183488855125
10,XYt,136,42,0.018330020126870458,0.009916439450884187
10,XYt,137,41,0.01879649042926431,0.009982564872625563
10,XYt,138,41,0.019062087925358816,0.00997716192419092
10,XYt,139,42,0.019048415472076783,0.009874006150590708
10,XYt,140,42,0.019195955156330404,0.009885631378253257
10,XYt,141,41,0.019399303585441965,0.00997294744343475
10,XYt,142,41,0.019347392881969697,0.00995412570445358
10,XYt,143,42,0.01915602905178961,0.009895754493073193
10,XYt,144,42,0.0191216636441487,0.009897784054380606
10,XYt,145,42,0.019030382303657074,0.00988864367810962
10,XYt,146,41,0.019172462218584402,0.009969987527306344
10,XYt,147,42,0.018892429840857976,0.009846279708139276
10,XYt,148,42,0.019053637092166568,0.009925616946145393
10,XYt,149,42,0.01901907595319791,0.009894081405150655
10,XYt,150,42,0.019253091526541772,0.009990614937512928
10,XYt,151,42,0.019338854356797584,0.009999635273006003
10,XYt,152,43,0.01910382738584013,0.00985804487218596
10,XYt,153,42,0.019450190928711943,0.00999939002066633
10,XYt,154,43,0.019195386595876177,0.009849396121070407
10,XYt,155,43,0.019308536167504015,0.009911971226635313
10,XYt,156,43,0.019398961249279395,0.009988656888017054
10,XYt,157,44,0.019018407977202736,0.009870588709616004
10,XYt,158,43,0.01893436772076506,0.009957840517060067
10,XYt,159,44,0.01849407815386764,0.009923913744376296
10,XYt,160,44,0.018147067138099764,0.009933942747920553
10,XYt,161,44,0.01791246642267737,0.00999162147807827
10,XYt,162,44,0.01760820476664376,0.009997133094771713
10,XYt,163,45,0.017147413549284948,0.009913554686071746
10,XYt,164,45,0.016928958654003682,0.009956029099214631
10,XYt,165,46,0.01655046485086257,0.009885018493544978
10,XYt,166,46,0.01634406395669961,0.009919348803502733
10,XYt,167,46,0.0161840946117688,0.009979043179051832
10,XYt,168,47,0.01574251900738727,0.009871857546153337
10,XYt,169,47,0.015624427141424391,0.00991956952669178
10,XYt,170,47,0.015550646631614666,0.009962805809473532
10,XYt,171,47,0.015515249030429773,0.009993150430812833
10,XYt,172,48,0.015169445666552787,0.009842291069862723
10,XYt,173,48,0.015181791125435808,0.009867259276856968
10,XYt,174,48,0.015132902761174244,0.009869107106647857
10,XYt,175,48,0.01508694147215529,0.009873550705070667
10,XYt,176,48,0.015025705500950752,0.009871440054961834
10,XYt,177,48,0.014985859946302834,0.00989640792385524
10,XYt,178,48,0.014893137910695782,0.009907275120300808
10,XYt,179,48,0.014851225486025707,0.009939629960391062
10,XYt,180,48,0.014608881607643386,0.009853599182659382
10,XYt,181,48,0.014552296370219282,0.00986941268847466
10,XYt,182,48,0.014510407193082078,0.009890159250626312
10,XYt,183,48,0.014404891356874984,0.009844699055346927
10,XYt,184,47,0.014560521234810489,0.009988280275367233
10,XYt,185,48,0.014467655106026586,0.00993849018648282
10,XYt,186,48,0.014434912262215749,0.009914551188469622
10,XYt,187,48,0.01442451234076433,0.00991161064974492
10,XYt,188,48,0.014407984368577521,0.009903597151850579
10,XYt,189,47,0.014507502910440085,0.009966401622798916
10,XYt,190,48,0.01445093533743385,0.009919184339894185
10,XYt,191,47,0.014595183838372536,0.009991366361327894
10,XYt,192,48,0.014461337861617837,0.009888799967004702
10,XYt,193,47,0.014563235424309458,0.009929485642735113
10,XYt,194,47,0.014647364413193541,0.009923070145738167
10,XYt,195,48,0.014681280662711649,0.009864706113933936
10,XYt,196,48,0.014822308248237735,0.009844413420666817
10,XYt,197,47,0.01521481010429526,0.009968969112999077
10,XYt,198,47,0.015309144515655584,0.009911437936347814
10,XYt,199,48,0.015256651557371114,0.009842901163105818
10,XYt,200,47,0.015363892213211577,0.009853463030695573
10,XYt,201,47,0.015579016095949107,0.009953889574036666
10,XYt,202,46,0.015622245737064487,0.00999993096312437
10,XYt,203,46,0.015518089364136036,0.009971380950004638
10,XYt,204,46,0.015505230011229183,0.00995267594782949
10,XYt,205,46,0.015557179275375985,0.009924026759515802
10,XYt,206,46,0.015789300187618257,0.009969309313705184
10,XYt,207,47,0.015875308495120786,0.009885160182403582
10,XYt,208,47,0.016105485119132203,0.009848052462627028
10,XYt,209,46,0.016397500240446606,0.00987608093367213
10,XYt,210,46,0.01675647356019344,0.00995680415260043
10,XYt,211,46,0.016873585738496472,0.009891280722440273
10,XYt,212,46,0.01705913394389859,0.00987473601529437
10,XYt,213,45,0.01748829366669728,0.009972728977839136
10,XYt,214,45,0.01777696614602501,0.009972181716655204
10,XYt,215,45,0.018059097007625743,0.009941775253187969
10,XYt,216,45,0.018296899247351228,0.009857653470660022
10,XYt,217,45,0.01878259835056061,0.009890324739467313
10,XYt,218,45,0.01924058161937248,0.009925859696186822
10,XYt,0,146,0.0023579310969274805,0.009854321845790307
10,XYt,1,147,0.0024086786712982687,0.009920757452449672
10,XYt,2,146,0.00240758099268272,0.009831454659542466
10,XYt,3,132,0.0025930957690134177,0.00999953384552493
10,XYt,4,112,0.00275740756367622,0.009843574457150353
10,XYt,5,93,0.0025841384847908274,0.00984141975406624
10,XYt,6,85,0.0026058391076746786,0.00983202230715328
10,XYt,7,87,0.002768483325739093,0.009892245292654856
10,XYt,8,84,0.0029702937879528828,0.00989520568633329
10,XYt,9,78,0.003122740167629102,0.00982598009020093
10,XYt,10,80,0.0034297374747920216,0.009907633146808394
10,XYt,11,94,0.003195733678055099,0.009954525711693158
10,XYt,12,105,0.002952851902163,0.009830101451941646
10,XYt,13,106,0.003064108224193039,0.00985857615175821
10,XYt,14,99,0.0033524913122515744,0.009885195468585066
10,XYt,15,90,0.0035401670162292197,0.009935543770084584
10,XYt,16,83,0.00359927540441547,0.009856065930436688
10,XYt,17,77,0.0036178932020604097,0.009923850476965944
10,XYt,18,70,0.0032725091757519254,0.009991972722903811
10,XYt,19,68,0.0032749504668828314,0.009898614628439014
10,XYt,20,60,0.003486470346480707,0.0098834364347866
10,XYt,21,46,0.0038302651261650084,0.00999614750904742
10,XYt,22,40,0.003599788813879664,0.009869453468251977
10,XYt,23,65,0.0034032676059853662,0.009924905962534092
10,XYt,24,95,0.0030778008405574126,0.009904951695912276
10,XYt,25,107,0.0029452868122020887,0.009848803321126575
10,XYt,26,112,0.002889483034196695,0.009843133959049209
10,XYt,27,114,0.0028870266808131446,0.009851952706929231
10,XYt,28,112,0.00296522362819433,0.009987577513650269
10,XYt,29,108,0.0030267111718994904,0.009963802233380429
10,XYt,30,103,0.0031088326646473955,0.009838825524328356
10,XYt,31,100,0.0032272360088496854,0.009852186378359369
10,XYt,32,101,0.0032847678253343448,0.009860342885894411
10,XYt,33,102,0.0033861948872029655,0.009941908036671755
10,XYt,34,98,0.0035881069303755906,0.009972097230197537
10,XYt,35,86,0.0039138509399367135,0.009899737310666366
10,XYt,36,61,0.004330596281059728,0.009886913481832228
10,XYt,37,53,0.004626023226424681,0.009983864090664343
10,XYt,38,81,0.006683780829884509,0.009885284497775463
10,XYt,39,92,0.008551765411174708,0.009849454418402648
10,XYt,40,79,0.010921928594915925,0.009896810806146713
10,XYt,41,56,0.013759032063792823,0.009938040936031555
10,XYt,42,42,0.015289463765281354,0.009892264821788992
10,XYt,43,34,0.016260320604740187,0.009922456328577899
10,XYt,44,27,0.018821210320684376,0.009867982027237186
10,XYt,45,23,0.022617950089681427,0.009922375745355733
10,XYt,46,19,0.024609661626399465,0.00980534893916003
10,XYt,47,19,0.02473723494968531,0.009765029725055593
10,XYt,48,17,0.0240993827670637,0.009784319988188071
10,XYt,49,14,0.02482774578950502,0.009816468370481233
10,XYt,50,12,0.025878068088630524,0.009977353938153192
10,XYt,51,12,0.025745402740801053,0.00965086177209625
10,XYt,52,12,0.02697547615815394,0.009710902984546329
10,XYt,53,12,0.02792231782733185,0.00970458518697094
10,XYt,54,12,0.029465310819034925,0.009976180820385663
10,XYt,55,15,0.028554929856354775,0.009761392167421725
10,XYt,56,17,0.027906790849030683,0.009915232065153986
10,XYt,57,21,0.02674042487118291,0.00997785143613091
10,XYt,58,26,0.025144511659058615,0.0098834299192647
10,XYt,59,28,0.024199647385399987,0.009868745507388399
10,XYt,60,29,0.023549347636843996,0.009848742295577376
10,XYt,61,29,0.02312733474873255,0.009881933407277013
10,XYt,62,29,0.02308445156654384,0.009921959838991646
10,XYt,63,30,0.023253991497239654,0.009969468105946776
10,XYt,64,32,0.023058232540703855,0.009833236635504552
10,XYt,65,33,0.02309339510725019,0.009835446055558049
10,XYt,66,34,0.023199669639198044,0.00994018819135225
10,XYt,67,35,0.022755267768279335,0.009865528593900264
10,XYt,68,35,0.022693838193687095,0.009976271189243978
10,XYt,69,36,0.022211545203982396,0.009939622941813844
10,XYt,70,36,0.02176763802034229,0.00991864494504061
10,XYt,71,36,0.02159995995825663,0.009993712115840662
10,XYt,72,37,0.020941892425156095,0.009835093585660518
10,XYt,219,45,0.019470913870232337,0.009862298660397043
10,XYt,220,45,0.01978024982085908,0.009861093352747907
10,XYt,221,44,0.02023940359715379,0.009973907343923475
10,XYt,222,44,0.020469449253092954,0.00998128161460868
10,XYt,223,44,0.02058412258943838,0.009955876021730944
10,XYt,224,44,0.020751134941216495,0.009952447870944578
10,XYt,225,44,0.020979091061690373,0.00999179710203447
10,XYt,226,44,0.020989911145708372,0.009909538973364542
10,XYt,227,44,0.021334111683774467,0.009984470370390974
10,XYt,228,44,0.021565347735414176,0.009964105449636466
10,XYt,229,44,0.021702002151959873,0.009927272286321079
10,XYt,230,44,0.022053598479035413,0.00995580002111997
10,XYt,231,44,0.022271851867649958,0.009931200316948146
10,XYt,232,44,0.022591824470902844,0.009933006538151962
10,XYt,233,44,0.022782363376828794,0.009887344431050158
10,XYt,234,44,0.02316278010212113,0.009901201864512767
10,XYt,235,44,0.023448356088683172,0.009894625393136198
10,XYt,236,44,0.023747361345983452,0.009898434098360817
10,XYt,237,44,0.023914131693225562,0.009882937984956435
10,XYt,238,44,0.024074549372226025,0.00989316095058127
10,XYt,239,44,0.02408612543677648,0.009871757523830382
10,XYt,240,44,0.024303689437469925,0.009932069699833714
10,XYt,241,43,0.02442231703500332,0.009986458795513546
10,XYt,242,44,0.024083338143995593,0.009857086754679308
10,XYt,243,44,0.02414999315690071,0.009890954114358523
10,XYt,244,43,0.024404259847925183,0.009993065584631918
10,XYt,245,44,0.024012937695053978,0.00984935089953766
10,XYt,246,44,0.024053801336676225,0.009868456218441051
10,XYt,247,44,0.02416503068842468,0.00992056867047685
10,XYt,248,44,0.024250147479459572,0.009964482975986035
10,XYt,249,44,0.024016903149734835,0.009887968025818827
10,XYt,250,44,0.02399222458503697,0.00990903371320055
10,XYt,251,44,0.023781034381130637,0.009868433379478765
10,XYt,252,44,0.023661018787722605,0.009876321097801212
10,XYt,253,44,0.02371126033736262,0.009942978876044862
10,XYt,254,44,0.023562515424643687,0.009985522672795259
10,XYt,255,45,0.02303489154655198,0.009955315436205764
10,XYt,256,46,0.022417170063167582,0.00998664955602749
10,XYt,257,47,0.02097090894704916,0.009946165344282209
10,XYt,258,47,0.018182163193711635,0.009906592071665986
10,XYt,259,46,0.015217783801784575,0.009961378864622863
10,XYt,260,48,0.014130726444665297,0.00990587755564584
10,XYt,261,48,0.013845119910031888,0.009959054591579317
10,XYt,262,50,0.0136626002287128,0.00990371202437604
10,XYt,263,51,0.013615335620614143,0.009900923279911635
10,XYt,264,51,0.013473744452517611,0.009867006927160294
10,XYt,265,51,0.013595422216487484,0.009970527373885082
10,XYt,266,51,0.013497496755681874,0.009945007433450271
10,XYt,267,52,0.013423826239737568,0.009893180477907899
10,XYt,268,51,0.013497819806425365,0.009991351859759055
10,XYt,269,52,0.013400863946926514,0.009911057306543658
10,XYt,270,51,0.013425661698493675,0.009965311221915586
10,XYt,271,52,0.013322571951454617,0.009885577637004213
10,XYt,272,52,0.013254926499142188,0.009881282820870842
10,XYt,273,51,0.01341238809673186,0.009976373929034962
10,XYt,274,51,0.013337957469559568,0.009947787595581327
10,XYt,275,52,0.013297043696672457,0.009884412085713426
10,XYt,276,52,0.013215474070907328,0.009849956741866811
10,XYt,277,52,0.013272913314193304,0.00986763398249599
10,XYt,278,52,0.013201432521423275,0.009846321673738037
10,XYt,279,51,0.013342938701193092,0.009938510704648304
10,XYt,280,51,0.013287437415289725,0.00993042164405196
10,XYt,281,51,0.013401816050240946,0.009987343248755729
10,XYt,282,51,0.013359626538068955,0.009967972128876089
10,XYt,283,51,0.01341224552267293,0.009980167030016612
10,XYt,284,51,0.013396536350566618,0.00998433654053262
10,XYt,285,51,0.013433414416493292,0.009996605421254249
10,XYt,286,51,0.013374176450588079,0.009959881672545894
10,XYt,287,52,0.01325210231362739,0.009862583777094777
10,XYt,288,51,0.013416002944318519,0.009982696038429387
10,XYt,289,52,0.013297239317024666,0.009886168231866213
10,XYt,290,52,0.013304922022400528,0.009883634613192168
10,XYt,291,51,0.013413925183648708,0.009949953781414063
10,XYt,292,52,0.013326114240988767,0.009875373991331707
10,XYt,293,51,0.013477779467669754,0.009980953112742516
10,XYt,294,52,0.01334956811351666,0.009881935579447025
10,XYt,295,51,0.013477129685590745,0.009980103581514882
10,XYt,296,51,0.013484427730548382,0.009978870557236265
10,XYt,297,51,0.013519634201834082,0.009994740894886478
10,XYt,298,51,0.013541485568544143,0.00998248208676387
10,XYt,299,51,0.013532986535842647,0.009990888335562907
10,XYt,300,52,0.01334864404474689,0.009851728289988796
10,XYt,301,52,0.013357043376765602,0.00985719509195341
10,XYt,302,52,0.013380446810734104,0.009864007604876894
10,XYt,303,52,0.013474485424874278,0.009931258674428258
10,XYt,304,52,0.01338197083044144,0.00985631202680571
10,XYt,305,52,0.013424635843679422,0.009884713937055018
10,XYt,306,52,0.013450712900827907,0.009899358941407367
10,XYt,307,52,0.013435219548804936,0.009885709003986106
10,XYt,308,52,0.013470063105487125,0.009906744827312599
10,XYt,309,52,0.01343424230580094,0.009864132186829811
10,XYt,310,52,0.013422600155302156,0.009847804525078246
10,XYt,311,52,0.01356808498644362,0.009937663485157884
10,XYt,312,52,0.013592846768574883,0.009934972314725905
10,XYt,313,52,0.013561177331932931,0.009883448922858234
10,XYt,314,52,0.01359187708792982,0.009886280050082692
10,XYt,315,51,0.013750454045640032,0.009977368997915521
10,XYt,316,51,0.013768562134591392,0.009961313680304822
10,XYt,317,51,0.013793412480911035,0.009947563182835963
10,XYt,318,51,0.013843156923872444,0.009949927893531366
10,XYt,319,51,0.013889378052414416,0.00993041515935789
10,XYt,320,51,0.013936454267942062,0.009905822840770908
10,XYt,321,51,0.01409499727621971,0.009944370686913114
10,XYt,322,51,0.014057423285671023,0.009847438328972507
10,XYt,323,50,0.014435140035155839,0.009969283476084249
10,XYt,324,50,0.01459740576103087,0.009848008324750877
10,XYt,325,49,0.017109081114770313,0.009896741943175538
10,XYt,326,49,0.021831319450926662,0.009953666916252036
10,XYt,327,49,0.02365086684914255,0.009874852853852659
10,XYt,328,48,0.024551063890105092,0.009918518883639505
10,XYt,329,49,0.024912226863161434,0.009858121082080288
10,XYt,330,48,0.02539900322020839,0.009960362263941258
10,XYt,331,49,0.025358669274387183,0.009863223627312415
10,XYt,332,48,0.025681436920020128,0.009965759243038788
10,XYt,333,48,0.025793390501204834,0.009959274973611234
10,XYt,334,49,0.025606371794942198,0.009879863655317548
10,XYt,335,49,0.02571824696467342,0.009861850836424213
10,XYt,336,48,0.026028696000329712,0.009984652032147861
10,XYt,337,48,0.026084454539330282,0.009983379792907787
10,XYt,338,48,0.02584188148537895,0.009924431764923804
10,XYt,339,48,0.025802968970120483,0.009943148882776176
10,XYt,340,48,0.025301839387232395,0.009884668877098325
10,XYt,341,48,0.024948302178632642,0.009877186074956891
10,XYt,342,48,0.02466831882711205,0.009916105012722755
10,XYt,343,48,0.024284059602887126,0.009916049813106783
10,XYt,344,48,0.023784261936981056,0.009913484856781741
10,XYt,345,48,0.02356134303850658,0.009961392871114867
10,XYt,346,48,0.023284822760451386,0.00999565253228517
10,XYt,347,49,0.02272189381664335,0.009866754571009587
10,XYt,348,49,0.022478162970069784,0.009887590834379241
10,XYt,349,49,0.022453422601136693,0.009966691299371373
10,XYt,350,50,0.02192367226802798,0.00984417193297399
10,XYt,351,49,0.02204381974324214,0.009961013611455164
10,XYt,352,50,0.02153746117513707,0.009849623860091649
10,XYt,353,50,0.021349607443832127,0.009884101538382302
10,XYt,354,50,0.021230363193310033,0.009946114088266652
10,XYt,355,51,0.020983679869705556,0.009909383553099395
10,XYt,356,51,0.02090322684915502,0.009991472168433888
10,XYt,357,52,0.02043880476444941,0.009922454706103371
10,XYt,358,53,0.01984021103385401,0.00986920987454591
10,XYt,359,53,0.019634217494630343,0.009981369786755243
10,XYt,360,55,0.01890162234850537,0.009869115262869337
10,XYt,361,55,0.018678439318698465,0.009952101701714119
10,XYt,362,55,0.018413749066625566,0.009994376324030189
10,XYt,363,56,0.018028125816410105,0.009900096693863474
10,XYt,364,56,0.018059594194474456,0.009962191208607156
10,XYt,365,57,0.017896133553233006,0.00992942835572466
10,XYt,366,57,0.01784999041343872,0.00999198883475559
10,XYt,367,58,0.01761552978609316,0.009914867818181045
10,XYt,368,59,0.01737727925591213,0.009902583831762693
10,XYt,369,59,0.01729559221826058,0.00994484393378061
10,XYt,370,60,0.016976635832775824,0.009866283017541676
10,XYt,371,60,0.01694774839912051,0.009902163842509474
10,XYt,372,60,0.01690441445205095,0.00996773148116034
10,XYt,373,61,0.0166966671287321,0.009909489694032193
10,XYt,374,61,0.016554752805579994,0.009961818443597397
10,XYt,375,61,0.016279461209264726,0.009954174762810025
10,XYt,376,61,0.016025314353221503,0.009998992881582949
10,XYt,377,61,0.015711474594812924,0.009966351009299526
10,XYt,378,62,0.015281970758629687,0.009847649765290206
10,XYt,379,61,0.015395521581849111,0.00999726836366029
10,XYt,380,62,0.015167563114282757,0.009926708463694069
10,XYt,381,62,0.015072260921429695,0.00989426418411123
10,XYt,382,62,0.015116537865905813,0.009963811927826256
10,XYt,383,62,0.015076467224768516,0.009966288549733197
10,XYt,384,62,0.014865795149447886,0.009942887125172642
10,XYt,385,62,0.014696256314317186,0.00996271693439262
10,XYt,386,63,0.014366538591366636,0.009841653130316269
10,XYt,387,62,0.014499185033453979,0.009968754866723193
10,XYt,388,63,0.014347084460349671,0.009870499547873644
10,XYt,389,63,0.01431036792959555,0.009857083488210341
10,XYt,390,63,0.01439628432235739,0.00989953891254314
10,XYt,391,63,0.01433590945564891,0.009872048890382184
10,XYt,392,63,0.014435048957102186,0.009908048571336094
10,XYt,393,63,0.014403954039119387,0.009884321962842505
10,XYt,394,63,0.014530754890692343,0.009906919247546631
10,XYt,395,63,0.014585822111413592,0.009908134687148532
10,XYt,396,63,0.014695690632607106,0.009880845090051958
10,XYt,397,63,0.014686593960466909,0.009861696297065205
10,XYt,398,62,0.014905996787764974,0.009980580510796514
10,XYt,399,62,0.014810015542708681,0.009990306617179898
10,XYt,400,63,0.014613839103595812,0.009875525056283174
10,XYt,401,63,0.01455100979019969,0.009871808078718106
10,XYt,402,62,0.014756381095112417,0.009982088038153782
10,XYt,403,62,0.014742005343508844,0.009994374713231067
10,XYt,404,62,0.014768060961775268,0.009960878927703809
10,XYt,405,62,0.014793889843071775,0.009968388268822329
10,XYt,406,62,0.014890094576010472,0.009945478491727474
10,XYt,407,62,0.0149842211023631,0.009960706529844687
10,XYt,408,62,0.015150152701764766,0.009946818700453537
10,XYt,409,62,0.015191335089971784,0.009937190976375866
10,XYt,410,62,0.015440705271797072,0.009943004782020213
10,XYt,411,62,0.015540640289306788,0.009980548250233454
10,XYt,412,62,0.015629185908974025,0.009997074585042535
10,XYt,413,62,0.015622460541550596,0.009969158055014487
10,XYt,414,62,0.015774893921115158,0.009981292904988002
10,XYt,415,62,0.015818777068577327,0.009935733887832247
10,XYt,416,62,0.016034886127395873,0.009939170503071694
10,XYt,417,62,0.016178048484471075,0.009893443008223491
10,XYt,418,62,0.01656277783147518,0.009966953508637232
10,XYt,419,62,0.016709957668040176,0.009890673070864659
10,XYt,420,62,0.017148460714860918,0.009971906191300598
10,XYt,421,62,0.01722723614336416,0.009894776706511501
10,XYt,422,62,0.017414231022207356,0.009904143326305159
10,XYt,423,62,0.01755969605292784,0.009902785420277324
10,XYt,424,62,0.017763316346799802,0.009915635806192058
10,XYt,425,62,0.01787910679859134,0.009862439043312646
10,XYt,426,62,0.018114395262728,0.009886947133454832
10,XYt,427,62,0.01822635678753618,0.009848490016303259
10,XYt,428,62,0.018578469468849612,0.009972832292214802
10,XYt,429,62,0.018674092272286308,0.009937285479929657
10,XYt,430,62,0.018831810745822228,0.009911485040300046
10,XYt,431,62,0.019119325673351662,0.009907879045568642
10,XYt,432,62,0.01944661059052177,0.00991458853506415
10,XYt,433,62,0.019843984649047776,0.009905385110891122
10,XYt,434,62,0.020247768111884393,0.009864442818820393
10,XYt,435,62,0.020798752265772658,0.009865992568549739
10,XYt,436,62,0.021425030038601113,0.009914166889252774
10,XYt,437,62,0.021823007266900837,0.009890911795578643
10,XYt,438,61,0.022330002004684758,0.009995300343005123
10,XYt,439,61,0.02257214542710414,0.009984089837417763
10,XYt,440,61,0.02267222253784619,0.009929161372278715
10,XYt,441,61,0.023035022737039026,0.009947799463422108
10,XYt,442,61,0.023384940789846802,0.009941734770065751
10,XYt,443,61,0.023818465381943942,0.00996317746031306
10,XYt,444,61,0.02387233943183989,0.009871266095087382
10,XYt,445,61,0.02424445841396332,0.009897943994098575
10,XYt,446,61,0.02435159336586192,0.00984590800502786
10,XYt,447,61,0.024776493695833686,0.009876111905392355
10,XYt,448,60,0.02535860383952917,0.009961566334498961
10,XYt,449,61,0.025582688445086942,0.009850329381768552
10,XYt,450,60,0.026419083547285543,0.009966248166184537
10,XYt,451,61,0.026735053449624742,0.009850984736170161
10,XYt,452,61,0.027242779304224862,0.009842890804376173
10,XYt,453,60,0.02819764682021773,0.00999408369126219
10,XYt,454,60,0.028603651288206904,0.009986147122608226
10,XYt,455,61,0.028635840209381567,0.009889238430996965
10,XYt,456,60,0.02907575797573355,0.009986711350905553
10,XYt,457,61,0.028872904255246475,0.009871547691098905
10,XYt,458,60,0.029169085015161654,0.009971265780694346
10,XYt,459,61,0.02884683802744279,0.009869943356139811
10,XYt,460,60,0.02909322166908145,0.009978821082520488
10,XYt,461,60,0.029138848012074992,0.009998865686406469
10,XYt,462,60,0.029112184679525175,0.009987924602451915
10,XYt,463,61,0.028792906274713308,0.00989950259333046
10,XYt,464,61,0.028561653828079545,0.009968530387670406
10,XYt,465,62,0.027483772353274646,0.009874661563957039
10,XYt,466,62,0.02585545620435163,0.009918172612318614
10,XYt,467,61,0.022148882085053053,0.009970506921606248
10,XYt,468,61,0.01792909163235658,0.009943507236650495
10,XYt,469,62,0.01584043192821719,0.009890500534416138
10,XYt,470,62,0.015495448743070336,0.009985896702502191
10,XYt,471,63,0.015090306696137229,0.009859810068736723
10,XYt,472,63,0.015248108903133484,0.009992964627478097
10,XYt,473,64,0.01501885928517467,0.00986011321747347
10,XYt,474,63,0.015179742536794969,0.009972703149077984
10,XYt,475,63,0.015146329364428354,0.009988948605317334
10,XYt,476,64,0.01495955815194452,0.00988001953995328
10,XYt,477,64,0.014958305521209098,0.009911485581723483
10,XYt,478,64,0.01496326476360812,0.00991980755599934
10,XYt,479,64,0.01493054118467593,0.009925174682479127
10,XYt,480,64,0.014885149315248255,0.009896565174614949
10,XYt,481,64,0.01487828038098072,0.00991104322891639
10,XYt,482,64,0.014888778848311043,0.009900197513955523
10,XYt,483,64,0.014891267321045083,0.009913994220388356
10,XYt,484,64,0.014883581677124913,0.009888474905035765
10,XYt,485,64,0.014816424668878515,0.009870470189562705
10,XYt,486,64,0.014844982481793513,0.009864662594565247
10,XYt,487,64,0.014839622797119652,0.009874142562761855
10,XYt,488,64,0.014877751525941917,0.009883028120447786
10,XYt,489,64,0.014915854497733994,0.009911909507197161
10,XYt,490,64,0.014889730537421611,0.009867631807177755
10,XYt,491,64,0.014888412662025906,0.00988853297198107
10,XYt,492,64,0.014857799311062566,0.009865491061585463
10,XYt,493,64,0.014876070077385166,0.0098933171681151
10,XYt,494,63,0.01504809788677733,0.0099911166091465
10,XYt,495,64,0.014849068582838904,0.00988400218289279
10,XYt,496,64,0.014869897136683349,0.009880074940869068
10,XYt,497,64,0.014807918930564084,0.009853396043238876
10,XYt,498,63,0.015027419671064137,0.009974718667584828
10,XYt,499,63,0.015034198860051636,0.009992887297904497
10,XYt,500,63,0.015022969090154107,0.009958960833441563
10,XYt,501,63,0.015013067549225819,0.009955368261958142
10,XYt,502,63,0.01501831535255389,0.00993864515157923
10,XYt,503,63,0.015041750536396779,0.00995507340442949
10,XYt,504,63,0.015064771080300883,0.009948223999141642
10,XYt,505,63,0.01504115692230011,0.00993285040456836
10,XYt,506,64,0.014981159631465438,0.009880830426276932
10,XYt,507,63,0.015092057345802304,0.009950370135607983
10,XYt,508,64,0.015021697782509346,0.009895396579086368
10,XYt,509,63,0.015129779598895172,0.009962280088378149
10,XYt,510,64,0.01506207457664749,0.009915641218158655
10,XYt,511,64,0.015019924445827055,0.0098886680984123
10,XYt,512,63,0.015185842054583436,0.009998984831303286
10,XYt,513,64,0.015025459859511543,0.009884317076639273
10,XYt,514,64,0.01506278433011322,0.009907389408534325
10,XYt,515,64,0.015020727598175009,0.00986640376348281
10,XYt,516,64,0.01506089558688689,0.00989698431702029
10,XYt,517,64,0.015061582203605879,0.009883595520780206
10,XYt,518,64,0.015132883350336523,0.009927505265995078
10,XYt,519,64,0.015226885463186889,0.009975905943409776
10,XYt,520,64,0.015206151223570765,0.009959698481380582
10,XYt,521,65,0.01506447789203934,0.009849019631858046
10,XYt,522,64,0.015287753988338374,0.009987766103644156
10,XYt,523,64,0.015293349619339897,0.009968195005470996
10,XYt,524,64,0.015204821841744305,0.009894915001658594
10,XYt,525,64,0.015269405047139872,0.009896778272519256
10,XYt,526,64,0.015327746785524123,0.009922742420771779
10,XYt,527,64,0.015379151223011124,0.009945563204308379
10,XYt,528,64,0.01532060545781092,0.00994506355152913
10,XYt,529,63,0.015321766946277592,0.009945575074803478
10,XYt,530,62,0.01539523407380183,0.009966780139012352
10,XYt,531,61,0.015641825443505165,0.009998474967053347
10,XYt,532,62,0.01578676308800882,0.009929663986972308
10,XYt,533,60,0.016535623861393,0.009864703393979017
10,XYt,534,60,0.01893170829480956,0.009964605224676812
10,XYt,535,60,0.022937540801405715,0.009965714549528278
10,XYt,536,59,0.02650658119674156,0.009896013159214193
10,XYt,537,60,0.028659785547350988,0.009946445898845508
10,XYt,538,59,0.02926023387533755,0.009901863607015182
10,XYt,539,58,0.02985790149068842,0.009929022473193636
10,XYt,540,57,0.030136970100200115,0.009915930212884692
10,XYt,541,56,0.029936289887438693,0.009908754265646535
10,XYt,542,56,0.029614734822164486,0.00994286337775014
10,XYt,543,57,0.029130738509320547,0.009920971653432248
10,XYt,544,57,0.028494477681198362,0.009860352137827714
10,XYt,545,57,0.02826128657034914,0.009938680787810208
10,XYt,546,57,0.02763044745170749,0.009930534044742997
10,XYt,547,57,0.02679894678781103,0.009940657318660966
10,XYt,548,57,0.02575708629071192,0.00988803315094168
10,XYt,549,57,0.02502991463398604,0.009846468279425953
10,XYt,550,57,0.024810310124127606,0.009933981102007704
10,XYt,551,57,0.024423053211364877,0.009922898713401218
10,XYt,552,57,0.02414686587342678,0.009922337346408903
10,XYt,553,57,0.023935944459979798,0.009934140458953017
10,XYt,554,57,0.023804138568461614,0.009958503884595947
10,XYt,555,58,0.02345858965999677,0.00988870608542994
10,XYt,556,58,0.02336258354315444,0.009910317662591017
10,XYt,557,58,0.023190747556165455,0.00991491328212993
10,XYt,558,58,0.023102842881696173,0.009962413675875702
10,XYt,559,58,0.02259062536669544,0.009890541227245973
10,XYt,560,58,0.02213993566616856,0.009904959280837447
10,XYt,561,58,0.02168567943623881,0.009907977620010012
10,XYt,562,58,0.02145437586791905,0.009938639212194976
10,XYt,563,59,0.021056323069716856,0.009904447827159896
10,XYt,564,58,0.020736441789854555,0.00998249283821327
10,XYt,565,58,0.020162921639443575,0.009999244583724391
10,XYt,566,58,0.01943327303978715,0.00994786096018848
10,XYt,567,58,0.01898513544022698,0.009984586462309115
10,XYt,568,59,0.018312681650349286,0.009853148240152121
10,XYt,569,59,0.017937298021762887,0.009874139301935128
10,XYt,570,59,0.017665479149765715,0.009900356330620147
10,XYt,571,59,0.017445656960582465,0.009916599089718882
10,XYt,572,59,0.017355653591234012,0.00993432520177138
10,XYt,573,59,0.01733869711884154,0.009946430252741683
10,XYt,574,59,0.017297048599328686,0.009895256663735703
10,XYt,575,59,0.017334748955490142,0.009878146045712534
10,XYt,576,58,0.017631948735081823,0.009999328840808291
10,XYt,577,58,0.01766767919405595,0.009999346550805694
10,XYt,578,58,0.017670958500799014,0.009975987170075558
10,XYt,579,58,0.017708733262089132,0.009984731037856978
10,XYt,580,59,0.01745852632375147,0.00984614454499505
10,XYt,581,59,0.017408848486072808,0.009864892157070357
10,XYt,582,59,0.01732933012464377,0.009896181261467215
10,XYt,583,59,0.017201220234001457,0.009908175307554985
10,XYt,584,59,0.017027678476120963,0.009899866321520224
10,XYt,585,59,0.01682653009235514,0.009906645157228661
10,XYt,586,59,0.01652145338123288,0.009895002858748028
10,XYt,587,59,0.016173668479788586,0.009952796724015913
10,XYt,588,59,0.015597280495285136,0.009905646776003623
10,XYt,589,59,0.015027599421490394,0.009899587699335537
10,XYt,590,59,0.014578262420134094,0.009937242278416584
10,XYt,591,59,0.014241430841139595,0.009949727799499097
10,XYt,592,59,0.014052443436161808,0.009957837283641352
10,XYt,593,59,0.013978715694407918,0.009978381176978128
10,XYt,594,60,0.013739942170960525,0.009841100215925382
10,XYt,595,60,0.013789491149613815,0.00988341797413006
10,XYt,596,59,0.013980522906918274,0.009990726660999216
10,XYt,597,59,0.01404711077004691,0.009971914801583163
10,XYt,598,59,0.014154838505088283,0.009953018862103423
10,XYt,599,59,0.014368680361686656,0.009972373826509328
10,XYt,600,59,0.01459663793733003,0.009978128948549238
10,XYt,601,59,0.014722853158244658,0.009908998511907626
10,XYt,602,59,0.014950177820314135,0.009955102513239486
10,XYt,603,59,0.015007468123833542,0.009925388247467916
10,XYt,604,59,0.01512000954135727,0.00996998429782709
10,XYt,605,59,0.015178220425624752,0.009982810000761379
10,XYt,606,60,0.014971186569433956,0.009846300418457122
10,XYt,607,60,0.014941204769591303,0.00984066833218891
10,XYt,608,59,0.015128193653037527,0.009983024482942759
10,XYt,609,59,0.015073627259428384,0.009971773807270273
10,XYt,610,60,0.01479801928893156,0.009841463376215756
10,XYt,611,59,0.014861658841533324,0.009968211155755252
10,XYt,612,60,0.014489545253216787,0.009841259441005761
10,XYt,613,59,0.014440110696481111,0.009951074446434168
10,XYt,614,59,0.014171727299013687,0.009925422849970215
10,XYt,615,59,0.01401437163523135,0.009940206546576827
10,XYt,616,59,0.01385153621513438,0.009917392375439767
10,XYt,617,59,0.013711820606680225,0.009873991476659235
10,XYt,618,59,0.01370839138731042,0.009894701321284012
10,XYt,619,59,0.013716910784379954,0.009883172009739394
10,XYt,620,59,0.013828661393262259,0.009903003261316889
10,XYt,621,59,0.013916310913118837,0.009862847121836646
10,XYt,622,58,0.014344593309325351,0.009982797099430608
10,XYt,623,58,0.01459812540144349,0.00991278166465454
10,XYt,624,58,0.015312207297744695,0.009959349331240529
10,XYt,625,58,0.015767017732885535,0.009896966966069818
10,XYt,626,58,0.016303827016157638,0.00990639164401791
10,XYt,627,58,0.01673672867025416,0.009917356662712722
10,XYt,628,58,0.017098244960408203,0.009960028761836846
10,XYt,629,58,0.01723045405586819,0.009892960250823746
10,XYt,630,58,0.017427427961569635,0.009879216734953766
10,XYt,631,57,0.017768920116190468,0.009985436686974013
10,XYt,632,57,0.017728253655302575,0.009919622542804686
10,XYt,633,57,0.01782000996396632,0.009954294981716252
10,XYt,634,57,0.01776763669215284,0.00994243699392185
10,XYt,635,57,0.017790812053375862,0.009988139512072218
10,XYt,636,57,0.017680488678881136,0.009987356681524335
10,XYt,637,57,0.017545171177350584,0.009988267381102135
10,XYt,638,57,0.017403384201311222,0.009959646217400938
10,XYt,639,57,0.017258005165059688,0.009908521386664502
10,XYt,640,57,0.017322311280114213,0.009949793059719998
10,XYt,641,57,0.017329649342942722,0.00991942129646431
10,XYt,642,57,0.017424815269468652,0.009863939056930435
10,XYt,643,57,0.01778251127449279,0.009895588552743464
10,XYt,644,56,0.018299059597042353,0.009973319254417924
10,XYt,645,56,0.018549319561144986,0.009900575309146837
10,XYt,646,55,0.019152619958386213,0.00998434782745741
10,XYt,647,55,0.019571136020683524,0.009926751711050612
10,XYt,648,55,0.020235437152135854,0.009954082036921927
10,XYt,649,55,0.020700393773431598,0.00989822862618745
10,XYt,650,55,0.021111979000586475,0.009847015987685353
10,XYt,651,54,0.021763679083374905,0.009976000618135219
10,XYt,652,54,0.022031246503902376,0.009913533033631334
10,XYt,653,54,0.022361426692589153,0.00984954976376313
10,XYt,654,53,0.022928220927493477,0.009922700237564105
10,XYt,655,53,0.023092600975980322,0.009893630680583975
10,XYt,656,53,0.023237487537225095,0.009870338619763348
10,XYt,657,52,0.02352594766348266,0.009928547391206143
10,XYt,658,52,0.023646714041710266,0.009911803392177026
10,XYt,659,52,0.02375385174082802,0.009884380597092885
10,XYt,660,51,0.024201049888524447,0.009976123263602754
10,XYt,661,51,0.024271610309057775,0.00987591683627069
10,XYt,662,50,0.024750294890527855,0.009900871789681558
10,XYt,663,49,0.025210344670813685,0.009873701797917916
10,XYt,664,48,0.026154630449424805,0.009954300911759254
10,XYt,665,47,0.027217264548759522,0.009991642961296726
10,XYt,666,48,0.02799836497257046,0.009879058664848237
10,XYt,667,49,0.02872720906788524,0.009838616625541223
10,XYt,668,49,0.029605644975258336,0.009955223799031656
10,XYt,669,50,0.029656473805241772,0.009862912956923452
10,XYt,670,50,0.030018147249409308,0.009924398240403986
10,XYt,671,50,0.03010058379846989,0.009954478811406611
10,XYt,672,52,0.02960600835788109,0.009844899103709163
10,XYt,673,52,0.029224728520238615,0.009851451574684615
10,XYt,674,51,0.028704603634198477,0.009972601447680673
10,XYt,675,54,0.027093424770564534,0.009884501664861193
10,XYt,676,55,0.02454398678308035,0.009926228946002124
10,XYt,677,54,0.02124226556865471,0.009917570396054771
10,XYt,678,55,0.019403605990032196,0.009960080485027325
10,XYt,679,56,0.017688347930257906,0.009933257211159905
10,XYt,680,56,0.0167822461938058,0.009880074397724342
10,XYt,681,56,0.015918808389956973,0.00995556662554619
10,XYt,682,58,0.015693219891921625,0.009945186038928286
10,XYt,683,59,0.015501785892572286,0.009913909238056134
10,XYt,684,60,0.01527562345345659,0.009848591364693205
10,XYt,685,60,0.015224004512122417,0.009856534706056528
10,XYt,686,61,0.01516908720839376,0.009848812039031306
10,XYt,687,61,0.015304561438411461,0.009921747281933527
10,XYt,688,61,0.015430723309978604,0.009987078350867701
10,XYt,689,62,0.015488953072198514,0.00999029694844415
10,XYt,690,63,0.015346778225998418,0.009876673726403426
10,XYt,691,63,0.015437502602777726,0.00991511191384249
10,XYt,692,63,0.01547385489541998,0.009943838594554126
10,XYt,693,63,0.015547722897795078,0.009982750331966795
10,XYt,694,64,0.015322159829064057,0.009845315540122097
10,XYt,695,63,0.015568798997668897,0.009994463843725659
10,XYt,696,64,0.015407283124046996,0.009889165174133146
10,XYt,697,64,0.015533987258422918,0.009969644120153909
10,XYt,698,64,0.015535695694154467,0.00998009874220582
10,XYt,699,65,0.01544799563636291,0.0099301914348193
10,XYt,700,65,0.015459800458162448,0.009938461029016892
10,XYt,701,66,0.015317772024340958,0.009843214645819665
10,XYt,702,65,0.015576446079382158,0.00999589948687891
10,XYt,703,66,0.01542863363396902,0.009889346958686622
10,XYt,704,67,0.015434986110430409,0.009866602827889226
10,XYt,705,67,0.015484306500531241,0.00986071839856606
10,XYt,706,67,0.01570645480323623,0.009923215076760016
10,XYt,707,68,0.015782923805300126,0.009876751965865863
10,XYt,708,68,0.015879298995544553,0.009905055175461898
10,XYt,709,66,0.014796779825682865,0.00985492847158649
10,XYt,710,70,0.015470528672671251,0.00989495242236613
10,XYt,711,69,0.015605251443674103,0.009988435005250072
10,XYt,712,71,0.01546076886988475,0.009931252730626524
10,XYt,713,72,0.015247488430150944,0.009892052169141501
10,XYt,714,71,0.015189017792428035,0.009945342518432976
10,XYt,715,67,0.014795386379714781,0.009997546947390756
10,XYt,716,64,0.014276003051997362,0.009899913480530391
10,XYt,717,63,0.014623534245114702,0.00998786120323064
10,XYt,718,65,0.014325649807350883,0.00992212479743795
10,XYt,719,69,0.01411282575868866,0.00984848129811347
10,XYt,720,71,0.014249768709443384,0.009930964181791423
10,XYt,721,71,0.014337420682369867,0.009982546595286582
10,XYt,722,69,0.014761722945076496,0.009989792012572664
10,XYt,723,69,0.014518356358942308,0.009875799466920323
10,XYt,724,68,0.014315041066363462,0.009890147313619233
10,XYt,725,69,0.014249428941507337,0.009905828258098737
10,XYt,726,71,0.013936756589806592,0.009938530142871268
10,XYt,727,68,0.013331414971452673,0.00985180563815239
10,YZt,0,72,0.6693063092428228,0.009892408886710294
10,YZt,1,62,0.08080924309697361,0.009979365137263387
10,YZt,2,58,0.060678224749753415,0.009996695682163687
10,YZt,3,59,0.05137878026434076,0.009834503821177534
10,YZt,4,60,0.046006404584679264,0.009888995789782709
10,YZt,5,62,0.03982476220613297,0.009832248031539453
10,YZt,6,57,0.04015979950178267,0.009919064700179897
10,YZt,7,53,0.041090048238487394,0.009876429612192214
10,YZt,8,51,0.040891782764312934,0.009902977095873105
10,YZt,9,52,0.04266961367739191,0.009816586293019918
10,YZt,10,52,0.04365020772142425,0.009869507297300035
10,YZt,11,53,0.04522749241213655,0.009980244688590191
10,YZt,12,54,0.045558355952787344,0.0098710455344105
10,YZt,13,54,0.04536961957272876,0.009947753533258372
10,YZt,14,54,0.04572010517306946,0.009948028648687426
10,YZt,15,55,0.046981643234648325,0.009892003577679909
10,YZt,16,55,0.047325776533271774,0.009943752710852774
10,YZt,17,55,0.04730016454904238,0.009945755057522437
10,YZt,18,56,0.046845828335997694,0.009859672991754371
10,YZt,19,56,0.046560904414227645,0.009845422293890271
10,YZt,20,56,0.04747355391222129,0.009865651136302458
10,YZt,21,56,0.04732304085489344,0.009903117211792552
10,YZt,22,57,0.04794497196411946,0.009853770575856804
10,YZt,23,56,0.04797209436889911,0.009975124919491736
10,YZt,24,57,0.04813384320860653,0.00988404476393916
10,YZt,25,57,0.04928532766169794,0.009971556392285206
10,YZt,26,57,0.04837550756632532,0.0099142469979241
10,YZt,27,58,0.04866486195550086,0.009865112233643976
10,YZt,28,58,0.04916048185566241,0.009870957386423596
10,YZt,29,59,0.04830225872367977,0.009845283303526917
10,YZt,30,58,0.04930340877802226,0.009999677974971094
10,YZt,31,59,0.04907430257962242,0.009874215232335214
10,YZt,32,59,0.049693327782434855,0.00995652150302518
10,YZt,33,59,0.04940885444914537,0.009893047427859528
10,YZt,34,59,0.04968298943475181,0.00995090226391304
10,YZt,35,60,0.047953948772972065,0.009877492959090926
10,YZt,36,60,0.04706801709529574,0.009834589957371064
10,YZt,37,60,0.04616392662353199,0.009859923352133003
10,YZt,38,60,0.04505149409104354,0.009926167160752756
10,YZt,39,60,0.04336890239056954,0.009944004423551861
10,YZt,40,60,0.041500183348010616,0.009952090147126271
10,YZt,41,61,0.03902388770575694,0.009826863150619133
10,YZt,42,61,0.038029916543295,0.009882951094214096
10,YZt,43,61,0.035921252221711504,0.009832149009735185
10,YZt,44,61,0.034228269323620775,0.00987772695765727
10,YZt,45,61,0.03281021113091518,0.009939798867512816
10,YZt,46,61,0.03146393923299862,0.009983470326967617
10,YZt,47,62,0.029754861516749276,0.00986064835059988
10,YZt,48,61,0.02904734392495986,0.009990775616363958
10,YZt,49,62,0.028080354880293753,0.009839568205025942
10,YZt,50,62,0.027456671260268576,0.00986412721290801
10,YZt,51,62,0.0268610798450718,0.009853121708902849
10,YZt,52,62,0.026498603721719655,0.009853270314099915
10,YZt,53,62,0.026749006457481083,0.009898251086602503
10,YZt,54,62,0.026513980780379507,0.009845962274245496
10,YZt,55,61,0.026799215520836323,0.009969630355939537
10,YZt,56,61,0.026758832798368944,0.009939591782356249
10,YZt,57,61,0.027141034801272886,0.0098835937367974
10,YZt,58,61,0.027047961408393318,0.009826925170168052
10,YZt,59,60,0.027181781449637333,0.009880528689059233
10,YZt,60,59,0.027678183717908977,0.009943763889653021
10,YZt,61,59,0.027478032744900835,0.009957627879050721
10,YZt,62,59,0.026277875118976515,0.009846994266786546
10,YZt,63,58,0.025163130013348512,0.00999009190765418
10,YZt,64,58,0.022257536446888566,0.00993435961880903
10,YZt,65,58,0.01917466118357161,0.009824558398262049
10,YZt,66,58,0.016252670347589596,0.00986675177392249
10,YZt,67,57,0.014273762245041184,0.00998254997429295
10,YZt,68,58,0.01233009125435485,0.009835666790998777
10,YZt,69,58,0.01116625254585848,0.009829372874516382
10,YZt,70,57,0.010317454740568346,0.009960626486967241
10,YZt,71,58,0.009410380403940067,0.009826143461190725
10,YZt,72,57,0.008960676411455851,0.009928432111099653
10,YZt,73,57,0.008507011728594284,0.00994339228417909
10,YZt,74,57,0.008088777482858514,0.00991998360127394
10,YZt,75,57,0.007864638783543734,0.009993899669571054
10,YZt,76,57,0.007478226969867562,0.009966286011343528
10,YZt,77,58,0.0071291604416893585,0.009820332524834158
10,YZt,78,57,0.006975318184805623,0.009932417879343357
10,YZt,79,58,0.0067868844234934625,0.009840481285749296
10,YZt,80,57,0.006712514423682609,0.009967956593468713
10,YZt,81,58,0.006536113279468154,0.009869805953856824
10,YZt,82,58,0.006523592246408605,0.009956280116553463
10,YZt,83,58,0.006382637289015552,0.0099132718860091
10,YZt,84,58,0.006380341348939743,0.009949380996267862
10,YZt,85,58,0.006356754173828367,0.00997072412881537
10,YZt,86,58,0.006340220137653533,0.009951822076922216
10,YZt,87,59,0.00626835433524147,0.009861332482574156
10,YZt,88,59,0.006222710211050252,0.00981878048715838
10,YZt,89,59,0.006308084197418752,0.009943882229974586
10,YZt,90,59,0.0062936126718966135,0.00996963958334792
10,YZt,91,59,0.006232820209718888,0.009905960904315782
10,YZt,92,59,0.006246242025310396,0.009943428134690034
10,YZt,93,59,0.006305259729474633,0.009998267257005582
10,YZt,94,59,0.006213549984289935,0.009905787163723626
10,YZt,95,59,0.006267961232144477,0.00999637205813329
10,YZt,96,60,0.006233722251583632,0.00988222113806886
10,YZt,97,60,0.0062087911435176465,0.009861654707840244
10,YZt,98,60,0.00619525430987179,0.009828843292270966
10,YZt,99,60,0.006226889214876501,0.009881167610013406
10,YZt,100,60,0.006245058348194001,0.009897326294947585
10,YZt,101,60,0.006305507005286616,0.00992000214844317
10,YZt,102,60,0.00632345573717717,0.009859831994656936
10,YZt,103,60,0.006387745006733284,0.009954663407809454
10,YZt,104,60,0.006403236575309193,0.009931283221519817
10,YZt,105,60,0.006436488539947077,0.00992633320773838
10,YZt,106,60,0.006450428572379765,0.009859833160927922
10,YZt,107,60,0.006622263322002916,0.009927711676630547
10,YZt,108,60,0.006709639625501319,0.009903186107843569
10,YZt,109,60,0.006879979258736416,0.009948860113781089
10,YZt,110,60,0.007027334404149089,0.009945809783956115
10,YZt,111,60,0.007215357360197724,0.009999232546940162
10,YZt,112,60,0.007380332045062304,0.009996450281015461
10,YZt,113,60,0.007480606909911985,0.00995238478492596
10,YZt,114,60,0.007512930188182524,0.009902019454992599
10,YZt,115,60,0.007594633833332171,0.009947624064541341
10,YZt,116,60,0.007581664161222557,0.009906539759667054
10,YZt,117,60,0.0075567383695366325,0.009908117897331889
10,YZt,118,60,0.0075219797272035455,0.0099330677406123
10,YZt,119,60,0.007501656677389613,0.009995356638901873
10,YZt,120,61,0.00727557554464667,0.00985835927308438
10,YZt,121,61,0.007118979644969852,0.009826547195897367
10,YZt,122,61,0.006953582249166142,0.00981304096944596
10,YZt,123,61,0.006815224562479055,0.00982169777167943
10,YZt,124,61,0.006719483246489885,0.009830668631815684
10,YZt,125,61,0.006612285855482015,0.00986312071931572
10,YZt,126,61,0.00659588729379255,0.009896509091379424
10,YZt,127,61,0.006622890539657425,0.009982660559324622
10,YZt,128,62,0.006503429809627965,0.00981610639410561
10,YZt,129,61,0.006641546729861095,0.00996301210433263
10,YZt,130,62,0.006601326379422984,0.009862716927189322
10,YZt,131,62,0.006640472607831031,0.00983050837737903
10,YZt,132,61,0.0068318110089784,0.00998860270333407
10,YZt,133,61,0.006852004241774197,0.009904913384211685
10,YZt,134,61,0.0069167717483264194,0.009878562011829505
10,YZt,135,61,0.007082020818603423,0.009867376048562611
10,YZt,136,61,0.007149064638055087,0.009824220910300519
10,YZt,137,60,0.007355919603005101,0.00998635754126943
10,YZt,138,60,0.007423866577715353,0.009983388546873091
10,YZt,139,60,0.007495046573432026,0.009996253572307752
10,YZt,140,60,0.007478637040098682,0.009939397033533146
10,YZt,141,60,0.0074425810905069225,0.009921407382067569
10,YZt,142,60,0.0074269330249074495,0.009896256170629806
10,YZt,143,60,0.0073851802853591815,0.00984517351143256
10,YZt,144,60,0.007449636765845538,0.00994243506628617
10,YZt,145,60,0.007397650368938459,0.009894025695249631
10,YZt,146,60,0.007409117435554772,0.009931722820324113
10,YZt,147,60,0.007381567634843485,0.009923592690929942
10,YZt,148,60,0.0073762677374878734,0.009907899704500615
10,YZt,149,60,0.007386944915357633,0.009900460477659205
10,YZt,150,60,0.007372593128916673,0.009863240027203636
10,YZt,151,59,0.007491188210220129,0.009955300651105328
10,YZt,152,59,0.007570055306112399,0.009939460664756431
10,YZt,153,59,0.00766927126762246,0.009966143322036223
10,YZt,154,59,0.00773921256643414,0.009951525881762424
10,YZt,155,59,0.007861687524733348,0.00994259004700196
10,YZt,156,59,0.007880159631715223,0.00985118302267599
10,YZt,157,59,0.007973158037171506,0.00981821910124854
10,YZt,158,58,0.008129248266752615,0.009975958352743812
10,YZt,159,59,0.007917253927379932,0.009827322242029991
10,YZt,160,59,0.007836266987439331,0.009833105658987729
10,YZt,161,59,0.007708267299290128,0.009814427539501538
10,YZt,162,59,0.007626859955086832,0.009834758719762289
10,YZt,163,58,0.007652753092540558,0.009972891712870162
10,YZt,164,59,0.007435413211619743,0.00982283143022159
10,YZt,165,58,0.007414347622613227,0.009935708040056692
10,YZt,166,59,0.007266601165754597,0.009810876356768212
10,YZt,167,59,0.007231210125584125,0.009838419332498433
10,YZt,168,59,0.007181557958693334,0.009848966469207474
10,YZt,169,59,0.007193687602509124,0.009949013453321828
10,YZt,170,59,0.007089362024566807,0.009950688090892345
10,YZt,171,59,0.006876101281554404,0.00981711692691509
10,YZt,172,59,0.0069300079971251795,0.009900103508157041
10,YZt,173,59,0.006918634708062898,0.009846118773470644
10,YZt,174,58,0.007111720897009724,0.009983813949621233
10,YZt,175,59,0.007080671131821118,0.009867518223823694
10,YZt,176,58,0.00725838869758824,0.009968719107294792
10,YZt,177,59,0.007354342357404419,0.009827865557000564
10,YZt,178,58,0.007715656106654202,0.009983131299954316
10,YZt,179,58,0.00799850939323702,0.00992837535851268
10,YZt,180,58,0.008425013248514475,0.009993475463268684
10,YZt,181,58,0.008698389763994256,0.009876928312857603
10,YZt,182,58,0.009217192085812707,0.009917986100010668
10,YZt,183,58,0.009731810600068506,0.009865916108645387
10,YZt,184,58,0.010695862388451792,0.009952851950903662
10,YZt,185,58,0.01165582892569077,0.009838547511090593
10,YZt,186,58,0.013351377416452525,0.009876190149305554
10,YZt,187,57,0.015803333105701017,0.009966579075697252
10,YZt,188,58,0.019444967160231495,0.009882555481741403
10,YZt,189,58,0.024943240315442712,0.009943623190043934
10,YZt,190,59,0.031083167818269544,0.009832309627276792
10,YZt,191,59,0.036618711842061176,0.009860049307435375
10,YZt,192,59,0.04121766783182992,0.00990566914220692
10,YZt,193,60,0.043230982482007796,0.009827264515486834
10,YZt,194,60,0.04568485057103302,0.009879560724631125
10,YZt,195,61,0.04651082834798658,0.009821150993196769
10,YZt,196,61,0.04841046834575564,0.009900333874981161
10,YZt,197,61,0.049078227797178756,0.009981311952673832
10,YZt,198,62,0.049935865992457265,0.009905553054097377
10,YZt,199,62,0.051094977179702496,0.009989269630321613
10,YZt,200,63,0.04987781053808638,0.009832563803073398
10,YZt,201,63,0.050770103566154356,0.009882594267978148
10,YZt,202,63,0.05153512923001004,0.009942367984331702
10,YZt,203,63,0.05062515859201388,0.00990839024476237
10,YZt,204,63,0.05125990519004438,0.009933642315310116
10,YZt,205,63,0.05158261806223854,0.009920031128325669
10,YZt,206,63,0.05166522446471393,0.009875860635776968
10,YZt,207,62,0.051224803448545395,0.009970659159367401
10,YZt,208,62,0.05117957197048967,0.009908543823748209
10,YZt,209,62,0.05136480805077137,0.009869558562787139
10,YZt,210,62,0.05170364730950801,0.009904846822116859
10,YZt,211,62,0.05032610402395649,0.009832254658947439
10,YZt,212,61,0.05085555052565409,0.009909097384672069
10,YZt,213,61,0.051037475930455864,0.009906196165116052
10,YZt,214,60,0.05145608751464173,0.009972904780754637
10,YZt,215,60,0.05159482239562574,0.009974187656177906
10,YZt,216,60,0.05120233557053039,0.009894306566033156
10,YZt,217,59,0.05163187600825776,0.009987385389209246
10,YZt,218,59,0.050273523482412645,0.009959925699500227
10,YZt,219,59,0.049751262310865775,0.009863469311926673
10,YZt,220,59,0.04970245562679563,0.009854982613340741
10,YZt,221,58,0.05009346727674133,0.009949706148729127
10,YZt,222,58,0.049979022056802,0.009930008699546437
10,YZt,223,58,0.04946458886907946,0.009853497496770539
10,YZt,224,58,0.04923496477156011,0.009838907493099578
10,YZt,225,57,0.05093135812668846,0.009981123778376849
10,YZt,226,57,0.05029422669569753,0.009904484979648302
10,YZt,227,56,0.05045112298553237,0.009994556271669256
10,YZt,228,56,0.05004044649867505,0.009978661056255307
10,YZt,229,56,0.04938019420807464,0.00992880389043172
10,YZt,230,56,0.04901220462515971,0.009911925826534598
10,YZt,231,56,0.049494987849568434,0.009865622773738534
10,YZt,232,55,0.04942835130052674,0.009944943375201236
10,YZt,233,54,0.04900977974173847,0.00999007847856339
10,YZt,234,55,0.04943501962069269,0.009910567207706122
10,YZt,235,54,0.048788957319616175,0.009930865603930427
10,YZt,236,54,0.04812409574902582,0.009937040077409587
10,YZt,237,54,0.04852028541117687,0.00991985956618833
10,YZt,238,54,0.04765303712758976,0.009906268135231659
10,YZt,239,54,0.04776195686753068,0.009870953891553267
10,YZt,240,53,0.04728876580244653,0.009974423997789715
10,YZt,241,54,0.04685707486515702,0.009836499960294778
10,YZt,242,54,0.04695310336895839,0.009843937681915474
10,YZt,243,54,0.04705963255493801,0.0098686112733997
10,YZt,244,53,0.04736760590681794,0.009987647899506092
10,YZt,245,53,0.045770861362509,0.009955765755203886
10,YZt,246,53,0.045470238392899084,0.009964423197445865
10,YZt,247,53,0.04547314074766859,0.009825771698525346
10,YZt,248,52,0.045524142953660245,0.009997446035491055
10,YZt,249,51,0.04443879540926513,0.009976356408786424
10,YZt,250,51,0.04388697800960828,0.00996251078732152
10,YZt,251,50,0.04157455352598879,0.009982126053655732
10,YZt,252,53,0.041347704825608934,0.009907722902884405
10,YZt,253,57,0.040270173149883494,0.00988771077739008
10,YZt,254,61,0.04039819702056998,0.009985031315271682
10,YZt,255,60,0.04623341333819896,0.009916875687872525
10,YZt,256,58,0.05236027837196176,0.009982956982602785
10,YZt,257,59,0.0607456636124025,0.009930452600687905
10,YZt,258,62,0.08146206805879792,0.009962020988165506
10,YZt,259,71,0.683954246497603,0.009992102997989673
10,XZt,26,56,0.048169002815433154,0.009871345697642524
10,XZt,27,56,0.04900169898805488,0.009943890324863685
10,XZt,28,56,0.049249335295682824,0.009911504299486975
10,XZt,29,56,0.048659176139659845,0.00996062032979618
10,XZt,30,56,0.04890681362346674,0.009970049040997143
10,XZt,31,57,0.048829318010079094,0.009882565954040327
10,XZt,32,57,0.04887654098417477,0.0098475010752754
10,XZt,33,57,0.04899087554513033,0.009841015305215802
10,XZt,34,57,0.04956892913440782,0.0099213888375253
10,XZt,35,58,0.04815631481436435,0.009835809424612792
10,XZt,36,57,0.04863285269429948,0.009937089451556705
10,XZt,37,57,0.0487045088662274,0.009955563237381436
10,XZt,38,58,0.04799377302259062,0.009823904480420725
10,XZt,39,58,0.048042907958895466,0.009854696343222651
10,XZt,40,58,0.04808032160521172,0.0098923988123085
10,XZt,41,58,0.04766734905476401,0.00985678250178176
10,XZt,42,58,0.04897853130592494,0.009932785650473848
10,XZt,43,58,0.04873154529376494,0.009939372737867701
10,XZt,44,58,0.04861083790492067,0.009991299684628288
10,XZt,45,59,0.047564328170235655,0.00985845647637867
10,XZt,46,59,0.04696694076828494,0.00983516560840017
10,XZt,47,59,0.0465606443454702,0.00986889092548244
10,XZt,48,59,0.04628700821116117,0.009928739804852448
10,XZt,49,59,0.04706043124714518,0.009985222870806934
10,XZt,50,59,0.046285698258925,0.009937041234618967
10,XZt,51,60,0.04519945238363572,0.009833872782343574
10,XZt,0,72,0.6940704410314344,0.00985191333317561
10,XZt,1,62,0.08029434118134426,0.00989413068374463
10,XZt,2,59,0.06054963448038637,0.009853638705277131
10,XZt,3,59,0.05209300814095493,0.009841689507223859
10,XZt,4,60,0.046916189721423106,0.009929546249252954
10,XZt,5,61,0.04108387098806851,0.009975664026961982
10,XZt,6,58,0.040405288643447744,0.009906225572323237
10,XZt,7,52,0.04172571440030081,0.009981855718051574
10,XZt,8,50,0.0415701752853536,0.009933462113122432
10,XZt,9,51,0.04380590391437939,0.009946111930112833
10,XZt,10,52,0.04437621652680284,0.009899951346962154
10,XZt,11,53,0.045673617144472066,0.009994710444179402
10,XZt,12,54,0.04604342498431438,0.009924555588378316
10,XZt,13,54,0.04562970585875289,0.009983050668958602
10,XZt,14,54,0.04605787456414724,0.009991631529161226
10,XZt,15,55,0.04699585116202976,0.009898490790271535
10,XZt,16,55,0.04750136619093444,0.009964620534507867
10,XZt,17,55,0.047477492754240715,0.009963941570897682
10,XZt,18,55,0.04730863097712751,0.009949422989304133
10,XZt,19,55,0.047104710802148,0.00993879000974815
10,XZt,20,56,0.04757642136962782,0.009841469452142669
10,XZt,21,56,0.04752278189274278,0.00990325384225793
10,XZt,22,56,0.04825181521377235,0.00991139640115002
10,XZt,23,56,0.047592446706282154,0.009855671416736043
10,XZt,24,56,0.04821767794386019,0.009861012579041938
10,XZt,25,56,0.04904154094488044,0.009900248697956481
10,XZt,52,59,0.04518204010105669,0.009988252721530522
10,XZt,53,60,0.045108490835488554,0.009883748476717375
10,XZt,54,60,0.044532915421290044,0.009916165623711842
10,XZt,55,60,0.0436871780933361,0.009921281433036269
10,XZt,56,60,0.042847100796836214,0.009945044357331746
10,XZt,57,61,0.04251125486854294,0.0098649292253964
10,XZt,58,60,0.04202857588002283,0.009970795248731637
10,XZt,59,61,0.040308663056478566,0.009850460829698742
10,XZt,60,61,0.039968891291524665,0.00985552634808602
10,XZt,61,61,0.03890404265361459,0.009881420916963568
10,XZt,62,61,0.03739132555728847,0.009825122933132277
10,XZt,63,61,0.03701162751987567,0.009898421087056809
10,XZt,64,61,0.03566284892064958,0.009910159933841775
10,XZt,65,61,0.03444081361107407,0.009870959716336461
10,XZt,66,61,0.03285153242128521,0.009917959046545844
10,XZt,67,61,0.031095426075554898,0.009889188042736197
10,XZt,68,61,0.028802708690396483,0.009924744062785975
10,XZt,69,61,0.02651266292550925,0.009909635829360112
10,XZt,70,61,0.0237620719165558,0.009849108131856571
10,XZt,71,61,0.021640982616105368,0.009929977432717969
10,XZt,72,61,0.019707842094132583,0.009880211734797003
10,XZt,73,61,0.01799753581882236,0.00988652213761633
10,XZt,74,61,0.016672543001934527,0.009915210416376568
10,XZt,75,61,0.015558509360986045,0.009935691065361537
10,XZt,76,61,0.014496682512530267,0.009954982612118215
10,XZt,77,61,0.013642067583425429,0.009964153150922523
10,XZt,78,61,0.012745941445105815,0.009935954555656212
10,XZt,79,61,0.012156639092601288,0.009991983694310464
10,XZt,80,61,0.011446848670873078,0.009957671377057829
10,XZt,81,61,0.011021576024761129,0.009990686990096658
10,XZt,82,62,0.010462824103545027,0.009854749630545723
10,XZt,83,61,0.010112743153599283,0.009977796347614774
10,XZt,84,62,0.00972289176095078,0.009889231454176172
10,XZt,85,61,0.009468873310434908,0.009984032019092674
10,XZt,86,62,0.009032533194141034,0.00982285289237433
10,XZt,87,62,0.0088733402761742,0.009868280341531007
10,XZt,88,61,0.008700130768004464,0.009967427452265603
10,XZt,89,62,0.00844554404145912,0.00986829315952125
10,XZt,90,62,0.00822801607555071,0.009850851894429899
10,XZt,91,62,0.008024373609724501,0.009827122928002597
10,XZt,92,62,0.007876150568208532,0.009838877495101884
10,XZt,93,62,0.0077015757480805355,0.009834510836823327
10,XZt,94,62,0.007553549095245334,0.009833672431712447
10,XZt,95,62,0.0073869779629456775,0.009847731504917922
10,XZt,96,62,0.0072699669553562786,0.009887262243552068
10,XZt,97,62,0.007107019739874723,0.009845570236659027
10,XZt,98,61,0.0070323577476134715,0.009965685240938384
10,XZt,99,62,0.006768060389188021,0.009819029157585023
10,XZt,100,62,0.006670812905994502,0.009830213595972439
10,XZt,101,61,0.006587649942341576,0.009926733253719707
10,XZt,102,61,0.0064811518366753775,0.009938360365679454
10,XZt,103,61,0.006339546206139213,0.009911309772244432
10,XZt,104,61,0.0062191952848474575,0.009915003590852237
10,XZt,105,61,0.006106497558623041,0.009904790708375473
10,XZt,106,61,0.00597989355843581,0.009839254606134986
10,XZt,107,61,0.005924116812401369,0.009857057434192925
10,XZt,108,61,0.005818981212371865,0.009860531343730815
10,XZt,109,61,0.0057613741967519625,0.00982496883042591
10,XZt,110,60,0.005736823333996852,0.00997156062069822
10,XZt,111,60,0.005682465153089584,0.009935064524505035
10,XZt,112,60,0.005683588488933633,0.009971895428436938
10,XZt,113,60,0.005605993061190748,0.009901537115744416
10,XZt,114,60,0.005535512982463232,0.009851423871599598
10,XZt,115,60,0.0055026336229936626,0.009875466291825903
10,XZt,116,60,0.005441552972396938,0.009836081046294352
10,XZt,117,60,0.005430846142016897,0.009813681159514923
10,XZt,118,60,0.005421903311490056,0.009856101943026198
10,XZt,119,60,0.005394223322398837,0.009839020082171192
10,XZt,120,59,0.005451061158794155,0.009963072891633734
10,XZt,121,60,0.0053521684559072,0.009856053329888335
10,XZt,122,60,0.005345183704752366,0.009844336014421657
10,XZt,123,59,0.0053699816282176075,0.009966958661991642
10,XZt,124,60,0.005309317167268298,0.009828504391458217
10,XZt,125,60,0.005208942829384507,0.009816235254539634
10,XZt,126,60,0.005229981097393576,0.009825618776326194
10,XZt,127,60,0.00525653220239795,0.009926321623155097
10,XZt,128,60,0.005245637128690593,0.00992256132529393
10,XZt,129,60,0.005247417369955896,0.009970107478651867
10,XZt,130,60,0.0052564062421011845,0.009982588755988672
10,XZt,131,60,0.005227352046372947,0.009917153592445637
10,XZt,132,60,0.005250187998799671,0.009897993176010452
10,XZt,133,60,0.005279681577069836,0.009867085476356802
10,XZt,134,60,0.005267055216506466,0.009807270734001554
10,XZt,135,60,0.005353388903771727,0.009814943449788543
10,XZt,136,59,0.005432711427002061,0.00993933108801734
10,XZt,137,59,0.005470779884284059,0.009960780415006818
10,XZt,138,59,0.005524593178009669,0.00997049269725225
10,XZt,139,59,0.0055626900979404105,0.009985718441322759
10,XZt,140,59,0.005605634870995382,0.009992614338137359
10,XZt,141,60,0.005559316519942942,0.009811494419780993
10,XZt,142,60,0.00560956328716586,0.009838190243195504
10,XZt,143,60,0.0056827307062720525,0.009889241144203724
10,XZt,144,60,0.005737222473247397,0.009901731060754456
10,XZt,145,60,0.005759003871376517,0.009863390423038668
10,XZt,146,60,0.0058204787146297204,0.009839690135809208
10,XZt,147,60,0.005957529149976909,0.009890038019572887
10,XZt,148,60,0.006045221742219998,0.009928859482406408
10,XZt,149,60,0.006126041012214544,0.00996726208987878
10,XZt,150,60,0.006291510619061067,0.009993549106160736
10,XZt,151,60,0.006399506525621393,0.009956377518816515
10,XZt,152,60,0.006568170992047608,0.009928044874418446
10,XZt,153,60,0.006759654945639778,0.009982625233683776
10,XZt,154,60,0.006916409063152889,0.009960458702694543
10,XZt,155,61,0.0070230399665674684,0.009814846206093148
10,XZt,156,60,0.00730048809558701,0.009950258960573105
10,XZt,157,60,0.007518293161787128,0.009943434687995266
10,XZt,158,60,0.0077625853969879215,0.009951041319827108
10,XZt,159,60,0.008001321054401144,0.00999798623968151
10,XZt,160,60,0.008209313186741264,0.009999642326125916
10,XZt,161,60,0.008390884802848034,0.009968133864872135
10,XZt,162,60,0.00862967671255485,0.009943848308462882
10,XZt,163,61,0.008780781537386088,0.009879403203211075
10,XZt,164,61,0.008995564944242944,0.009842828262340777
10,XZt,165,60,0.00935216951010874,0.009971945783163386
10,XZt,166,60,0.009618614154970026,0.009986430468993716
10,XZt,167,60,0.009787903774521508,0.009941656270894269
10,XZt,168,60,0.009947106091319702,0.009895551986619722
10,XZt,169,60,0.010261723414548209,0.009919415963844463
10,XZt,170,60,0.010542991424573194,0.00998921552570668
10,XZt,171,60,0.010681101392994751,0.009885432619477509
10,XZt,172,60,0.011021417990367734,0.009910593121051376
10,XZt,173,60,0.011161746609664914,0.009831332236736684
10,XZt,174,60,0.011379369155401714,0.009860757581673069
10,XZt,175,60,0.011600651467943209,0.009853605640105794
10,XZt,176,60,0.011676834951655744,0.00982362862016289
10,XZt,177,60,0.011914801157252861,0.009917480188005283
10,XZt,178,60,0.011978938986312068,0.009888022064195109
10,XZt,179,60,0.011904290699609237,0.00982923443714048
10,XZt,180,59,0.012121779778754354,0.009950886470736208
10,XZt,181,59,0.012196782018366392,0.009945345755913973
10,XZt,182,60,0.012173103517701815,0.009822217202557233
10,XZt,183,59,0.0123372104674518,0.00988798097334765
10,XZt,184,59,0.012570304213634044,0.009882549663792761
10,XZt,185,59,0.012660849330516744,0.009818133211838755
10,XZt,186,59,0.013037086455510046,0.009891494399205598
10,XZt,187,58,0.013474957849495407,0.009965568698054884
10,XZt,188,58,0.013878286467976404,0.009982638672801004
10,XZt,189,58,0.014287610915704444,0.009942268902685939
10,XZt,190,58,0.01497250237576046,0.009988312203952028
10,XZt,191,58,0.015401875594460969,0.00993767266510602
10,XZt,192,58,0.016046761511731344,0.009897088886836615
10,XZt,193,58,0.016808742141088424,0.00998331905246344
10,XZt,194,58,0.01734278663675949,0.009884672987567605
10,XZt,195,58,0.018024302032754128,0.009968954040547323
10,XZt,196,58,0.01853346463774009,0.00995156748057446
10,XZt,197,58,0.018633031087235054,0.009883113213182249
10,XZt,198,59,0.018834411377110304,0.009821290325079264
10,XZt,199,58,0.019258802532823308,0.009956322465480569
10,XZt,200,58,0.01911459810342653,0.009913938081094958
10,XZt,201,58,0.019350144864248627,0.00995613920882649
10,XZt,202,58,0.019424247376895066,0.00995141880253896
10,XZt,203,58,0.019213392453344955,0.009888829891084812
10,XZt,204,58,0.019282451405064675,0.009854222190046159
10,XZt,205,58,0.019459562994960333,0.009882360384661967
10,XZt,206,58,0.019503226691760748,0.009868077582016101
10,XZt,207,57,0.019622301945818637,0.009985846648435489
10,XZt,208,57,0.01976731970355253,0.009991388689099085
10,XZt,209,58,0.01967539994664687,0.009836717788524555
10,XZt,210,57,0.020198404143088176,0.009974828647742299
10,XZt,211,57,0.02026700777328877,0.009929381028066437
10,XZt,212,57,0.020687009149405567,0.009892012490007325
10,XZt,213,57,0.021425184222756792,0.009899854551091849
10,XZt,214,57,0.022345532150477514,0.009877853073988599
10,XZt,215,57,0.023592470395176715,0.009850398958333768
10,XZt,216,56,0.025647114037828017,0.00998717468516356
10,XZt,217,56,0.027778743607915563,0.009963672665437089
10,XZt,218,56,0.0299050546202987,0.009938106967247336
10,XZt,219,56,0.03279839164412512,0.009919634289776779
10,XZt,220,56,0.03613054323186585,0.009971756278939379
10,XZt,221,56,0.03924307529052774,0.009962481546256773
10,XZt,222,56,0.04207495303774485,0.009968204618738586
10,XZt,223,56,0.04441940310076772,0.0099447626069184
10,XZt,224,56,0.046173520041328533,0.009949525081726461
10,XZt,225,56,0.048223792976584565,0.00990815426233662
10,XZt,226,57,0.04860932369613799,0.009825813829733462
10,XZt,227,56,0.049458334851327675,0.009934405533729672
10,XZt,228,57,0.049017988169785566,0.00982887605076354
10,XZt,229,56,0.049453902881074666,0.009950311736125686
10,XZt,230,56,0.049503590791451495,0.009998094353693277
10,XZt,231,56,0.049972641682245245,0.009928740963029236
10,XZt,232,56,0.04974530432275577,0.009966269088729222
10,XZt,233,56,0.049237027669282805,0.009953236296906965
10,XZt,234,56,0.049992404031633776,0.00996801273616319
10,XZt,235,56,0.04913705794329899,0.009922387875374448
10,XZt,236,56,0.04855483985028635,0.009935281349149002
10,XZt,237,56,0.048872916386384656,0.009911194136945016
10,XZt,238,56,0.04785068580203784,0.009866269653035225
10,XZt,239,56,0.04852762847596013,0.009943905743681836
10,XZt,240,56,0.04739969463144707,0.009888492270886923
10,XZt,241,56,0.04756393596990312,0.009892013264991938
10,XZt,242,56,0.04789684463406291,0.00995133598868033
10,XZt,243,56,0.04738687443719115,0.009847287767354494
10,XZt,244,56,0.047209866451308924,0.009852431560105337
10,XZt,245,55,0.046283369719793785,0.00997115199395459
10,XZt,246,56,0.045280012342226214,0.009833880578005471
10,XZt,247,55,0.04633200048289895,0.009947442959639816
10,XZt,248,54,0.04571134314668774,0.00998603665295541
10,XZt,249,53,0.044563041196043734,0.009994301613359517
10,XZt,250,53,0.04340212119961766,0.00988138328984869
10,XZt,251,52,0.04137177515616529,0.009845086689157668
10,XZt,252,54,0.041624482829456605,0.00987761131726756
10,XZt,253,59,0.04052292859952511,0.009826773436113602
10,XZt,254,62,0.041135998971147204,0.00994966877985162
10,XZt,255,62,0.04644644338007518,0.009934393572720366
10,XZt,256,61,0.052058501618952056,0.009974419386299638
10,XZt,257,62,0.060113450821269176,0.009854193405607725
10,XZt,258,64,0.08090889563393198,0.009948442463449047
10,XZt,259,73,0.6867575482464179,0.009898163568145886
