iteration,orientation,plane,iterations,percent_change_last,gradient_last
1,XYt,0,15,0.43121541782702416,
1,XYt,1,15,0.432669340842313,
1,XYt,2,15,0.4099777915326853,
1,XYt,3,15,0.38400399205108643,
1,XYt,4,15,0.3539202415339063,
1,XYt,5,15,0.3251611730674906,
1,XYt,6,15,0.31168386938549036,
1,XYt,7,15,0.30096592715283865,
1,XYt,8,15,0.29191619874099894,
1,XYt,9,15,0.28542400790162764,
1,XYt,10,15,0.2795660332629987,
1,XYt,11,15,0.27493571202708234,
1,XYt,12,15,0.2733463075612076,
1,XYt,13,15,0.2709182555341105,
1,XYt,14,15,0.2680598807553684,
1,XYt,15,15,0.26043201195129095,
1,XYt,16,15,0.24227279911447336,
1,XYt,17,15,0.2404778617724799,
1,XYt,18,15,0.24106078432139766,
1,XYt,19,15,0.2415176649947458,
1,XYt,20,15,0.24240578422696843,
1,XYt,21,15,0.24358668415680398,
1,XYt,22,15,0.24462559952563742,
1,XYt,23,15,0.24668717487889485,
1,XYt,24,15,0.24843301073101715,
1,XYt,25,15,0.2510047694744173,
1,XYt,26,15,0.2537711288927712,
1,XYt,27,15,0.2581220160205502,
1,XYt,28,15,0.2627911145241116,
1,XYt,29,15,0.26813830387903154,
1,XYt,30,15,0.27429970134066467,
1,XYt,31,15,0.281173524283308,
1,XYt,32,15,0.28918752251232094,
1,XYt,33,15,0.2984339910110754,
1,XYt,34,15,0.30737971370290373,
1,XYt,35,15,0.3180138253884666,
1,XYt,36,15,0.32956313274991317,
1,XYt,37,15,0.3433109941064442,
1,XYt,38,15,0.3576808112541167,
1,XYt,39,15,0.3739531270159192,
1,XYt,40,15,0.39115387731579354,
1,XYt,41,15,0.40966560802468194,
1,XYt,42,15,0.4297323704975118,
1,XYt,43,15,0.4526158613307242,
1,XYt,44,15,0.47932242415829873,
1,XYt,45,15,0.5095671615444785,
1,XYt,46,15,0.5468865324019473,
1,XYt,47,15,0.5887332105412857,
1,XYt,48,15,0.6292779610981434,
1,XYt,49,15,0.672652157331554,
1,XYt,50,15,0.7154397732765052,
1,XYt,51,15,0.7541329159743143,
1,XYt,52,15,0.7880572915052009,
1,XYt,53,15,0.822650135677673,
1,XYt,54,15,0.8579524568048706,
1,XYt,55,15,0.8925975183466196,
1,XYt,56,15,0.9212794561853844,
1,XYt,57,15,0.9412849458205487,
1,XYt,58,15,0.9517544587429625,
1,XYt,59,15,0.9583124233525266,
1,XYt,60,15,0.9646137656997268,
1,XYt,61,15,0.9690879652152262,
1,XYt,62,15,0.9716274170848715,
1,XYt,63,15,0.9737532140644114,
1,XYt,64,15,0.9759986489839048,
1,XYt,65,15,0.9767502730208396,
1,XYt,66,15,0.9745013584967448,
1,XYt,67,15,0.9719359161995287,
1,XYt,68,15,0.9698784031930483,
1,XYt,69,15,0.9653479527191228,
1,XYt,70,15,0.96355091604256,
1,XYt,71,15,0.958943148735121,
1,XYt,72,15,0.9579079395662564,
1,XYt,73,15,0.9534432860401935,
1,XYt,74,15,0.9486296009591848,
1,XYt,75,15,0.9407165406982351,
1,XYt,76,15,0.9290850052443829,
1,XYt,77,15,0.9167397193811109,
1,XYt,78,15,0.8971219992042805,
1,XYt,79,15,0.8761802621184278,
1,XYt,80,15,0.8577435329639416,
1,XYt,81,15,0.842502842074519,
1,XYt,82,15,0.8283901534409764,
1,XYt,83,15,0.814556741654522,
1,XYt,84,15,0.8048322949483298,
1,XYt,85,15,0.7936555970497503,
1,XYt,86,15,0.7816675028267057,
1,XYt,87,15,0.7723567188042215,
1,XYt,88,15,0.7604497744559543,
1,XYt,89,15,0.7501539682810945,
1,XYt,90,15,0.7427924222419733,
1,XYt,91,15,0.7355594872159186,
1,XYt,92,15,0.7305031891866376,
1,XYt,93,15,0.7248960609469717,
1,XYt,94,15,0.7194771505879012,
1,XYt,95,15,0.7154132614798575,
1,XYt,96,15,0.7143143587744502,
1,XYt,97,15,0.7109145840653777,
1,XYt,98,15,0.7066403343957394,
1,XYt,99,15,0.7006388715908511,
1,XYt,100,15,0.6946901958988048,
1,XYt,101,15,0.6882365076330965,
1,XYt,102,15,0.6858896615842283,
1,XYt,103,15,0.681722798999422,
1,XYt,104,15,0.6768420059079236,
1,XYt,105,15,0.6747418622661477,
1,XYt,106,15,0.6750137406618189,
1,XYt,107,15,0.6743853265839411,
1,XYt,108,15,0.6727087120540486,
1,XYt,109,15,0.6737955485231198,
1,XYt,110,15,0.6746013225895162,
1,XYt,111,15,0.6756204864896407,
1,XYt,112,15,0.6773499585567717,
1,XYt,113,15,0.682021967734777,
1,XYt,114,15,0.6864769369690851,
1,XYt,115,15,0.6928030566612324,
1,XYt,116,15,0.7012354298883244,
1,XYt,117,15,0.7085887952899123,
1,XYt,118,15,0.7135062156633362,
1,XYt,119,15,0.7172128897344443,
1,XYt,120,15,0.7231278799436118,
1,XYt,121,15,0.7283099918687718,
1,XYt,122,15,0.7308818152912294,
1,XYt,123,15,0.7339409272097104,
1,XYt,124,15,0.7367721498381999,
1,XYt,125,15,0.7389875138198887,
1,XYt,126,15,0.744071116339263,
1,XYt,127,15,0.7537724749395125,
1,XYt,128,15,0.7624954390769668,
1,XYt,129,15,0.7725419558657747,
1,XYt,130,15,0.7809590690629216,
1,XYt,131,15,0.7923898627461768,
1,XYt,132,15,0.8022830527561494,
1,XYt,133,15,0.814622043446563,
1,XYt,134,15,0.824711977229475,
1,XYt,135,15,0.837963833803775,
1,XYt,136,15,0.8527320918082637,
1,XYt,137,15,0.8675755073579258,
1,XYt,138,15,0.8866118514589726,
1,XYt,139,15,0.902533230652413,
1,XYt,140,15,0.9121284145387468,
1,XYt,141,15,0.9190592345781903,
1,XYt,142,15,0.9197342947155209,
1,XYt,143,15,0.9191310264162884,
1,XYt,144,15,0.918681469218938,
1,XYt,145,15,0.9186399979361884,
1,XYt,219,15,0.923474604589021,
1,XYt,220,15,0.9377610217934793,
1,XYt,221,15,0.9477868089316287,
1,XYt,222,15,0.9554253495880719,
1,XYt,223,15,0.9599002818920864,
1,XYt,224,15,0.9633767983371578,
1,XYt,225,15,0.9638665445738742,
1,XYt,226,15,0.9634039030695712,
1,XYt,227,15,0.9664295103711409,
1,XYt,228,15,0.9657700524888454,
1,XYt,229,15,0.9677551496993347,
1,XYt,230,15,0.9687775042507624,
1,XYt,231,15,0.9696254944827507,
1,XYt,232,15,0.9658705151426006,
1,XYt,233,15,0.9605748797075548,
1,XYt,234,15,0.9581218888858097,
1,XYt,235,15,0.9535641789671692,
1,XYt,236,15,0.9472216883984351,
1,XYt,237,15,0.9369410394117681,
1,XYt,238,15,0.9313440033845445,
1,XYt,239,15,0.9279423261101476,
1,XYt,240,15,0.9296329522065583,
1,XYt,241,15,0.9270093589442592,
1,XYt,242,15,0.9276938710755334,
1,XYt,243,15,0.9263448432939062,
1,XYt,244,15,0.9285979292934528,
1,XYt,245,15,0.927458625963582,
1,XYt,246,15,0.9239514282415715,
1,XYt,247,15,0.9246134285245877,
1,XYt,248,15,0.9269564947450961,
1,XYt,249,15,0.9270174085305829,
1,XYt,250,15,0.9270135950472044,
1,XYt,251,15,0.9256820981065653,
1,XYt,252,15,0.9227521089582059,
1,XYt,253,15,0.917356604241344,
1,XYt,254,15,0.9079330436178142,
1,XYt,255,15,0.8876146017737513,
1,XYt,256,15,0.8509865150688136,
1,XYt,257,15,0.8084377997919853,
1,XYt,258,15,0.7551839847489303,
1,XYt,259,15,0.6887562734172504,
1,XYt,260,15,0.6331010052139003,
1,XYt,261,15,0.6045361001690086,
1,XYt,262,15,0.5973119680386926,
1,XYt,263,15,0.6024424499544154,
1,XYt,264,15,0.606292043875018,
1,XYt,265,15,0.6066496052617409,
1,XYt,266,15,0.6067470875026906,
1,XYt,267,15,0.607110501281348,
1,XYt,268,15,0.60810084651842,
1,XYt,269,15,0.6076352038171535,
1,XYt,270,15,0.6087598347537265,
1,XYt,271,15,0.6080347122106774,
1,XYt,272,15,0.6083351943950204,
1,XYt,273,15,0.6089238490969406,
1,XYt,274,15,0.6106147677885259,
1,XYt,275,15,0.6129554811093881,
1,XYt,276,15,0.6137907572183127,
1,XYt,277,15,0.6136926300384248,
1,XYt,278,15,0.6149727101826339,
1,XYt,279,15,0.6151700020492612,
1,XYt,280,15,0.6151163232525676,
1,XYt,281,15,0.6143128399179457,
1,XYt,282,15,0.6155484661991387,
1,XYt,283,15,0.6176915982857754,
1,XYt,284,15,0.6193296383103637,
1,XYt,285,15,0.6211232610300399,
1,XYt,286,15,0.6209185923224878,
1,XYt,287,15,0.6198443494783076,
1,XYt,288,15,0.6195611622766874,
1,XYt,289,15,0.6197880518941389,
1,XYt,290,15,0.6199474019077449,
1,XYt,291,15,0.6208899023873877,
1,XYt,146,15,0.9164060115155908,
1,XYt,147,15,0.9168162968739487,
1,XYt,148,15,0.9122027425266142,
1,XYt,149,15,0.9113905587176346,
1,XYt,150,15,0.9132354344906495,
1,XYt,151,15,0.9146245196735745,
1,XYt,152,15,0.9143829396971807,
1,XYt,153,15,0.9130856904243932,
1,XYt,154,15,0.9116055289684997,
1,XYt,155,15,0.909065371554135,
1,XYt,156,15,0.9044670594299276,
1,XYt,157,15,0.8942086868977678,
1,XYt,158,15,0.8778968224868953,
1,XYt,159,15,0.8607563941564341,
1,XYt,160,15,0.8453273866977036,
1,XYt,161,15,0.8273539460355387,
1,XYt,162,15,0.812188271707439,
1,XYt,163,15,0.796821530017108,
1,XYt,164,15,0.784712165090405,
1,XYt,165,15,0.7706100564113083,
1,XYt,166,15,0.7588973842759856,
1,XYt,167,15,0.7441421343431206,
1,XYt,168,15,0.7319925687686867,
1,XYt,169,15,0.7216294342705354,
1,XYt,170,15,0.7152730558527545,
1,XYt,171,15,0.7097624905134039,
1,XYt,172,15,0.7052049129541273,
1,XYt,173,15,0.7003741756402054,
1,XYt,174,15,0.6953596380130769,
1,XYt,175,15,0.6914673055409596,
1,XYt,176,15,0.6905445247215117,
1,XYt,177,15,0.6877699923301931,
1,XYt,178,15,0.6827305332173844,
1,XYt,179,15,0.6805349510718146,
1,XYt,180,15,0.6766549511211473,
1,XYt,181,15,0.6726413184868669,
1,XYt,182,15,0.6704332281268464,
1,XYt,183,15,0.6678446815503477,
1,XYt,184,15,0.6659350294248113,
1,XYt,185,15,0.6641442439677131,
1,XYt,186,15,0.6639001825147479,
1,XYt,187,15,0.6649232644304681,
1,XYt,188,15,0.6633286091705135,
1,XYt,189,15,0.664731424380406,
1,XYt,190,15,0.6667636047260548,
1,XYt,191,15,0.6688159804429891,
1,XYt,192,15,0.6690323700339469,
1,XYt,193,15,0.6694224324274186,
1,XYt,194,15,0.674159208441845,
1,XYt,195,15,0.6803593928976415,
1,XYt,196,15,0.6904012554436295,
1,XYt,197,15,0.6986921672179118,
1,XYt,198,15,0.704742458792778,
1,XYt,199,15,0.7052244103797587,
1,XYt,200,15,0.7113076122948707,
1,XYt,201,15,0.713612273354101,
1,XYt,202,15,0.7163373092294708,
1,XYt,203,15,0.7185485686497699,
1,XYt,204,15,0.7217442427877587,
1,XYt,205,15,0.7233060756826977,
1,XYt,206,15,0.7319389942333826,
1,XYt,207,15,0.7417512429476004,
1,XYt,208,15,0.7534131306817704,
1,XYt,209,15,0.7658895077938231,
1,XYt,210,15,0.7785643339404777,
1,XYt,211,15,0.7889036637730268,
1,XYt,212,15,0.7955712564739967,
1,XYt,213,15,0.8055679087536969,
1,XYt,214,15,0.8198526444283689,
1,XYt,215,15,0.8377288565335541,
1,XYt,216,15,0.8566470940493895,
1,XYt,217,15,0.8775547583979088,
1,XYt,218,15,0.9026315524205476,
1,XYt,292,15,0.6200887032198183,
1,XYt,293,15,0.6220053736773535,
1,XYt,294,15,0.620976183253948,
1,XYt,295,15,0.6220508534451765,
1,XYt,296,15,0.6211589901413105,
1,XYt,297,15,0.62219642319197,
1,XYt,298,15,0.6227829422542731,
1,XYt,299,15,0.6219684255038792,
1,XYt,300,15,0.6209760639540821,
1,XYt,301,15,0.6222929495539845,
1,XYt,302,15,0.6224124887192352,
1,XYt,303,15,0.6229329145680795,
1,XYt,304,15,0.6232752185384346,
1,XYt,305,15,0.6237206011276184,
1,XYt,306,15,0.6240984284318527,
1,XYt,307,15,0.6248927157877582,
1,XYt,308,15,0.6268922025485768,
1,XYt,309,15,0.6268752767531028,
1,XYt,310,15,0.628492984128705,
1,XYt,311,15,0.6273953955421823,
1,XYt,312,15,0.62673655604864,
1,XYt,313,15,0.6287365257478589,
1,XYt,314,15,0.6284267184897163,
1,XYt,315,15,0.6281561508915041,
1,XYt,316,15,0.6292657524689725,
1,XYt,317,15,0.6302041975813508,
1,XYt,318,15,0.6287732656638038,
1,XYt,319,15,0.6295560735596539,
1,XYt,320,15,0.6324774544574809,
1,XYt,321,15,0.6367737165756143,
1,XYt,322,15,0.6389799158460968,
1,XYt,323,15,0.6425419003948689,
1,XYt,324,15,0.6637833788472001,
1,XYt,325,15,0.752918937400511,
1,XYt,326,15,0.8777349322678614,
1,XYt,327,15,0.9560395513289348,
1,XYt,328,15,0.9873562488925646,
1,XYt,329,15,1.003931110106348,
1,XYt,330,15,1.0066050674757065,
1,XYt,331,15,1.0100299996591364,
1,XYt,332,15,1.012933225149298,
1,XYt,333,15,1.012441110655083,
1,XYt,334,15,1.010260679409478,
1,XYt,335,15,1.0147890209642851,
1,XYt,336,15,1.011024112330789,
1,XYt,337,15,1.0132349148324666,
1,XYt,338,15,1.0116648787443132,
1,XYt,339,15,1.0144267161172549,
1,XYt,340,15,1.0243021186531456,
1,XYt,341,15,1.0245755464509236,
1,XYt,342,15,1.0245833632216392,
1,XYt,343,15,1.0283499310536242,
1,XYt,344,15,1.0288340768027877,
1,XYt,345,15,1.0307011372855213,
1,XYt,346,15,1.0295739476408605,
1,XYt,347,15,1.0327357071682797,
1,XYt,348,15,1.0367000453156814,
1,XYt,349,15,1.0447515190980163,
1,XYt,350,15,1.0397363499323857,
1,XYt,351,15,1.0471810773306323,
1,XYt,352,15,1.0539023605006006,
1,XYt,353,15,1.0593328107420104,
1,XYt,354,15,1.059929106590084,
1,XYt,355,15,1.0629252564164426,
1,XYt,356,15,1.0577093976319762,
1,XYt,357,15,1.0359410967310447,
1,XYt,358,15,0.9953846053240133,
1,XYt,359,15,0.9619004027735338,
1,XYt,360,15,0.9369990289643928,
1,XYt,361,15,0.9232297725041296,
1,XYt,362,15,0.8907948426929948,
1,XYt,363,15,0.8938331702349636,
1,XYt,364,15,0.9016879154870631,
1,XYt,365,15,0.8939058691197168,
1,XYt,366,15,0.881467076154779,
1,XYt,367,15,0.8745448441171151,
1,XYt,368,15,0.86387056143797,
1,XYt,369,15,0.8562399730372844,
1,XYt,370,15,0.8487788261934097,
1,XYt,371,15,0.8429818941684992,
1,XYt,372,15,0.8373152761012923,
1,XYt,373,15,0.8318794165791603,
1,XYt,374,15,0.8249181739715341,
1,XYt,375,15,0.8169346175519199,
1,XYt,376,15,0.8078577100472826,
1,XYt,377,15,0.7985432847199393,
1,XYt,378,15,0.7883915222157132,
1,XYt,379,15,0.7817656359329936,
1,XYt,380,15,0.7786918897466285,
1,XYt,381,15,0.7778456378790469,
1,XYt,382,15,0.7743766746976621,
1,XYt,383,15,0.7714294712485178,
1,XYt,384,15,0.767934761182367,
1,XYt,385,15,0.76079305738043,
1,XYt,386,15,0.754937203147147,
1,XYt,387,15,0.7548609132491,
1,XYt,388,15,0.7571913840963929,
1,XYt,389,15,0.7562740127593097,
1,XYt,390,15,0.755421114414575,
1,XYt,391,15,0.755903729114764,
1,XYt,392,15,0.7544928449140539,
1,XYt,393,15,0.7558174402964519,
1,XYt,394,15,0.7557595346449084,
1,XYt,395,15,0.7564789093271068,
1,XYt,396,15,0.7592640366334373,
1,XYt,397,15,0.7609955947699074,
1,XYt,398,15,0.7625394073155286,
1,XYt,399,15,0.761368629446775,
1,XYt,400,15,0.7608798407308932,
1,XYt,401,15,0.7596876811800266,
1,XYt,402,15,0.7600178607455478,
1,XYt,403,15,0.7598017051072158,
1,XYt,404,15,0.7618598671006587,
1,XYt,405,15,0.7633676357348119,
1,XYt,406,15,0.7668781171629276,
1,XYt,407,15,0.7698017398058994,
1,XYt,408,15,0.7742769220144214,
1,XYt,409,15,0.7782397206944536,
1,XYt,410,15,0.784562327891155,
1,XYt,411,15,0.7847443380179493,
1,XYt,412,15,0.7891391650882568,
1,XYt,413,15,0.7937366928243866,
1,XYt,414,15,0.7971817939070291,
1,XYt,415,15,0.7999607148710492,
1,XYt,416,15,0.8109629847492241,
1,XYt,417,15,0.8191515345136218,
1,XYt,418,15,0.8282124223495179,
1,XYt,419,15,0.8337298535284537,
1,XYt,420,15,0.8402852125055763,
1,XYt,421,15,0.8466448755847742,
1,XYt,422,15,0.8542877302262679,
1,XYt,423,15,0.8589012330093198,
1,XYt,424,15,0.8657299051658552,
1,XYt,425,15,0.8716489823113535,
1,XYt,426,15,0.8787366664151823,
1,XYt,427,15,0.885149430759854,
1,XYt,428,15,0.8899603877934749,
1,XYt,429,15,0.8969151372192914,
1,XYt,430,15,0.9061992224623352,
1,XYt,431,15,0.9163864741877159,
1,XYt,432,15,0.9304343994141824,
1,XYt,433,15,0.94408624248973,
1,XYt,434,15,0.9626728616625431,
1,XYt,435,15,0.9834608519683106,
1,XYt,436,15,1.0112581173387682,
1,XYt,437,15,1.0280803592035186,
1,XYt,438,15,1.0365634030589592,
1,XYt,439,15,1.0413133473494545,
1,XYt,440,15,1.0465499022131215,
1,XYt,441,15,1.0512440936093261,
1,XYt,442,15,1.0551783356279705,
1,XYt,443,15,1.057473639508265,
1,XYt,444,15,1.0641327726912202,
1,XYt,445,15,1.0674983110631524,
1,XYt,446,15,1.069844233323174,
1,XYt,447,15,1.0760213287981693,
1,XYt,448,15,1.080206100048285,
1,XYt,449,15,1.0824323856825235,
1,XYt,450,15,1.0872373432421054,
1,XYt,451,15,1.0879983958605024,
1,XYt,452,15,1.0912409181592984,
1,XYt,453,15,1.093381578278183,
1,XYt,454,15,1.0906796927817415,
1,XYt,455,15,1.086140321570847,
1,XYt,456,15,1.0861852763694935,
1,XYt,457,15,1.0878152666561829,
1,XYt,458,15,1.0893104122831634,
1,XYt,459,15,1.0871225673789124,
1,XYt,460,15,1.0861784542078332,
1,XYt,461,15,1.0828851915006943,
1,XYt,462,15,1.0787189370678505,
1,XYt,463,15,1.0642032998135673,
1,XYt,464,15,1.0370458872598292,
1,XYt,465,15,0.9949780786139149,
1,XYt,466,15,0.950133780610001,
1,XYt,467,15,0.9010918429702073,
1,XYt,468,15,0.8304334002439705,
1,XYt,469,15,0.7543552016757171,
1,XYt,470,15,0.7089969953238959,
1,XYt,471,15,0.6934646263310547,
1,XYt,472,15,0.6969192884268359,
1,XYt,473,15,0.7015073146396883,
1,XYt,474,15,0.7029934538051054,
1,XYt,475,15,0.7019708189854148,
1,XYt,476,15,0.7022919143167163,
1,XYt,477,15,0.7010345174172935,
1,XYt,478,15,0.7005806168963308,
1,XYt,479,15,0.7003162507807917,
1,XYt,480,15,0.6989251574447845,
1,XYt,481,15,0.6977353493762559,
1,XYt,482,15,0.6961860577151155,
1,XYt,483,15,0.69647053476248,
1,XYt,484,15,0.6961725100419732,
1,XYt,485,15,0.6967393732017454,
1,XYt,486,15,0.6956321498455238,
1,XYt,487,15,0.696752719226603,
1,XYt,488,15,0.6963016090873136,
1,XYt,489,15,0.6966243427400368,
1,XYt,490,15,0.6955567513560439,
1,XYt,491,15,0.6946666788676034,
1,XYt,492,15,0.6969203780972887,
1,XYt,493,15,0.6962754715913777,
1,XYt,494,15,0.6956385685119011,
1,XYt,495,15,0.6950742070438596,
1,XYt,496,15,0.6959643809632112,
1,XYt,497,15,0.6936936918550544,
1,XYt,498,15,0.6925751457824048,
1,XYt,499,15,0.6916609548339598,
1,XYt,500,15,0.6926118109333426,
1,XYt,501,15,0.6924189842097874,
1,XYt,502,15,0.6922313541717927,
1,XYt,503,15,0.6920176349431725,
1,XYt,504,15,0.6934865545381996,
1,XYt,505,15,0.6926386189884117,
1,XYt,506,15,0.6929042713583171,
1,XYt,507,15,0.6929459428166199,
1,XYt,508,15,0.6924573983740852,
1,XYt,509,15,0.6922675639826575,
1,XYt,510,15,0.691965223868443,
1,XYt,511,15,0.6920344888517141,
1,XYt,512,15,0.6922018566087759,
1,XYt,513,15,0.6933131854709367,
1,XYt,514,15,0.6941702245250602,
1,XYt,515,15,0.6948959116989519,
1,XYt,516,15,0.6936617681363446,
1,XYt,517,15,0.6934363343030765,
1,XYt,518,15,0.6933353955647636,
1,XYt,519,15,0.6946567475002002,
1,XYt,520,15,0.6940561161331146,
1,XYt,521,15,0.6925731145540042,
1,XYt,522,15,0.6933297927007354,
1,XYt,523,15,0.691758368558181,
1,XYt,524,15,0.6924028154115731,
1,XYt,525,15,0.6912205134899337,
1,XYt,526,15,0.6899108565688826,
1,XYt,527,15,0.6826112890050896,
1,XYt,528,15,0.6740031807230304,
1,XYt,529,15,0.6658961373119929,
1,XYt,530,15,0.6678207370097533,
1,XYt,531,15,0.6860285074796019,
1,XYt,532,15,0.7201954593261443,
1,XYt,533,15,0.7678187510222707,
1,XYt,534,15,0.8294408328123939,
1,XYt,535,15,0.8826373000005059,
1,XYt,536,15,0.9105513141448376,
1,XYt,537,15,0.933162073575286,
1,XYt,538,15,0.9551406128915779,
1,XYt,539,15,0.9812494091772866,
1,XYt,540,15,1.008129394813392,
1,XYt,541,15,1.0266659391133708,
1,XYt,542,15,1.0385431785896526,
1,XYt,543,15,1.0421693509852084,
1,XYt,544,15,1.0386192316655118,
1,XYt,545,15,1.0290116600484245,
1,XYt,546,15,1.0227199936779532,
1,XYt,547,15,1.0159608585249371,
1,XYt,548,15,1.0005199731301655,
1,XYt,549,15,0.9860741687151184,
1,XYt,550,15,0.9744833042438653,
1,XYt,551,15,0.9616553556509384,
1,XYt,552,15,0.9544214610049362,
1,XYt,553,15,0.947127329943269,
1,XYt,554,15,0.9430189102937384,
1,XYt,555,15,0.9362370077076175,
1,XYt,556,15,0.9297070668828533,
1,XYt,557,15,0.9232122991581693,
1,XYt,558,15,0.915410881239541,
1,XYt,559,15,0.9037838210234252,
1,XYt,560,15,0.89373443380352,
1,XYt,561,15,0.8786515749517458,
1,XYt,562,15,0.8626363536613647,
1,XYt,563,15,0.856097653402765,
1,XYt,564,15,0.8480071695921904,
1,XYt,565,15,0.8324719535244248,
1,XYt,566,15,0.818393524086628,
1,XYt,567,15,0.8050183503635191,
1,XYt,568,15,0.7949631016583106,
1,XYt,569,15,0.7854261372085286,
1,XYt,570,15,0.7757414442017065,
1,XYt,571,15,0.7652118835102417,
1,XYt,572,15,0.75670585514309,
1,XYt,573,15,0.7513089916273932,
1,XYt,574,15,0.7523765331344521,
1,XYt,575,15,0.7528094940165211,
1,XYt,576,15,0.7547756295131012,
1,XYt,577,15,0.7579964828347299,
1,XYt,578,15,0.7584810423469576,
1,XYt,579,15,0.7571534183074589,
1,XYt,580,15,0.7536914133490313,
1,XYt,581,15,0.752075051936323,
1,XYt,582,15,0.7482372360804133,
1,XYt,583,15,0.7419376371879106,
1,XYt,584,15,0.7373250636713198,
1,XYt,585,15,0.7302213719087096,
1,XYt,586,15,0.724645408930427,
1,XYt,587,15,0.7190227241473316,
1,XYt,588,15,0.7115530274966075,
1,XYt,589,15,0.699184689571254,
1,XYt,590,15,0.6864287760875117,
1,XYt,591,15,0.6707591992937958,
1,XYt,592,15,0.6611666427839998,
1,XYt,593,15,0.6560193464554451,
1,XYt,594,15,0.657954540823955,
1,XYt,595,15,0.6599737145497416,
1,XYt,596,15,0.6619438229300492,
1,XYt,597,15,0.6662968549849188,
1,XYt,598,15,0.668728852422537,
1,XYt,599,15,0.6699403354726104,
1,XYt,600,15,0.6737143842405265,
1,XYt,601,15,0.6766173257250702,
1,XYt,602,15,0.679915983974391,
1,XYt,603,15,0.6807455993679912,
1,XYt,604,15,0.6812300135873295,
1,XYt,605,15,0.6804181623424941,
1,XYt,606,15,0.6813451086512406,
1,XYt,607,15,0.6804535936778392,
1,XYt,608,15,0.680715548578567,
1,XYt,609,15,0.6802688916444352,
1,XYt,610,15,0.6781824668629749,
1,XYt,611,15,0.6765890833686437,
1,XYt,612,15,0.6728559196334782,
1,XYt,613,15,0.6698907363208719,
1,XYt,614,15,0.6649256129810758,
1,XYt,615,15,0.6603247443100426,
1,XYt,616,15,0.6561437659965046,
1,XYt,617,15,0.6529540495486885,
1,XYt,618,15,0.6511124276564662,
1,XYt,619,15,0.6536162070985279,
1,XYt,620,15,0.6572426279853704,
1,XYt,621,15,0.6623026053398041,
1,XYt,622,15,0.6716650206462667,
1,XYt,623,15,0.6845028650236565,
1,XYt,624,15,0.6967780464111932,
1,XYt,625,15,0.7084740785492005,
1,XYt,626,15,0.7150776352411754,
1,XYt,627,15,0.7210727844929812,
1,XYt,628,15,0.7260662131953044,
1,XYt,629,15,0.7309457919114195,
1,XYt,630,15,0.7371040307468362,
1,XYt,631,15,0.7398707155852253,
1,XYt,632,15,0.7429771698321352,
1,XYt,633,15,0.7468957957672927,
1,XYt,634,15,0.7490870765667451,
1,XYt,635,15,0.7508360644332212,
1,XYt,636,15,0.7516759861242327,
1,XYt,637,15,0.7503053438151467,
1,XYt,638,15,0.7483620822703426,
1,XYt,639,15,0.7482602984663524,
1,XYt,640,15,0.7518002064222704,
1,XYt,641,15,0.7572058460271094,
1,XYt,642,15,0.7632480382237657,
1,XYt,643,15,0.7700858065292787,
1,XYt,644,15,0.7798673397471318,
1,XYt,645,15,0.7901696989744247,
1,XYt,646,15,0.8011243379327971,
1,XYt,647,15,0.8157850228547205,
1,XYt,648,15,0.8281233693735703,
1,XYt,649,15,0.8390403469121532,
1,XYt,650,15,0.8463554807159348,
1,XYt,651,15,0.8541811434891862,
1,XYt,652,15,0.8702371144268624,
1,XYt,653,15,0.8813965207867788,
1,XYt,654,15,0.8874507936616103,
1,XYt,655,15,0.8960923307017638,
1,XYt,656,15,0.9041825059811027,
1,XYt,657,15,0.9142877253719341,
1,XYt,658,15,0.9235044520752842,
1,XYt,659,15,0.9314397236043637,
1,XYt,660,15,0.9390419572488121,
1,XYt,661,15,0.9454020891539134,
1,XYt,662,15,0.947844636986196,
1,XYt,663,15,0.9505926981661105,
1,XYt,664,15,0.9527452304789614,
1,XYt,665,15,0.9537748953648721,
1,XYt,666,15,0.9473290274573668,
1,XYt,667,15,0.9343854964482621,
1,XYt,668,15,0.9230899198771223,
1,XYt,669,15,0.9136530629520033,
1,XYt,670,15,0.9046384570412163,
1,XYt,671,15,0.8963581348230004,
1,XYt,672,15,0.8869276968521032,
1,XYt,673,15,0.8808765550444603,
1,XYt,674,15,0.8754025882159912,
1,XYt,675,15,0.8727077082217874,
1,XYt,676,15,0.8660071698536821,
1,XYt,677,15,0.8522873382960067,
1,XYt,678,15,0.8237847501478155,
1,XYt,679,15,0.7854851181939081,
1,XYt,680,15,0.7529500381132934,
1,XYt,681,15,0.7224447566819278,
1,XYt,682,15,0.6969631920343419,
1,XYt,683,15,0.67839804932229,
1,XYt,684,15,0.666320850962931,
1,XYt,685,15,0.6566815106701905,
1,XYt,686,15,0.6522727526738992,
1,XYt,687,15,0.6510275030178856,
1,XYt,688,15,0.6533274964688662,
1,XYt,689,15,0.6572187746701001,
1,XYt,690,15,0.6609072724479947,
1,XYt,691,15,0.6655844803435597,
1,XYt,692,15,0.670225957870074,
1,XYt,693,15,0.6712489575486903,
1,XYt,694,15,0.6718768950419132,
1,XYt,695,15,0.6724460702831152,
1,XYt,696,15,0.6731232915307284,
1,XYt,697,15,0.6725083270837268,
1,XYt,698,15,0.6721261171856838,
1,XYt,699,15,0.6718583352344651,
1,XYt,700,15,0.6721271940909882,
1,XYt,701,15,0.6707985948924761,
1,XYt,702,15,0.6707163251137441,
1,XYt,703,15,0.6725833081263866,
1,XYt,704,15,0.6719293898285261,
1,XYt,705,15,0.6708684339652995,
1,XYt,706,15,0.6719452917414859,
1,XYt,707,15,0.6727659297376554,
1,XYt,708,15,0.6716896304477696,
1,XYt,709,15,0.6719537585984595,
1,XYt,710,15,0.6788682090859296,
1,XYt,711,15,0.7046802292942526,
1,XYt,712,15,0.691037019402919,
1,XYt,713,15,0.6603699660100709,
1,XYt,714,15,0.6331197078032254,
1,XYt,715,15,0.6043230407468408,
1,XYt,716,15,0.5758761515157749,
1,XYt,717,15,0.5482243586522275,
1,XYt,718,15,0.5273506945914929,
1,XYt,719,15,0.5284848115660883,
1,XYt,720,15,0.5457765291018695,
1,XYt,721,15,0.5753984783945045,
1,XYt,722,15,0.6159539978319505,
1,XYt,723,15,0.6752411073544563,
1,XYt,724,15,0.7633543068180418,
1,XYt,725,15,0.8598923207344653,
1,XYt,726,15,0.9713319008955079,
1,XYt,727,15,1.026359746966129,
1,YZt,0,15,nan,
1,YZt,1,15,0.9788086947639486,
1,YZt,2,15,0.8294979644907573,
1,YZt,3,15,0.7580719361754114,
1,YZt,4,15,0.7052583654762652,
1,YZt,5,15,0.6000168203499607,
1,YZt,6,15,0.6447945102200233,
1,YZt,7,15,0.6949750756987281,
1,YZt,8,15,0.7774797494401169,
1,YZt,9,15,0.8407021124943461,
1,YZt,10,15,0.8948631218946419,
1,YZt,11,15,0.9508342652098412,
1,YZt,12,15,0.9969859163303288,
1,YZt,13,15,1.0349340625196568,
1,YZt,14,15,1.080211803687121,
1,YZt,15,15,1.1190866985755759,
1,YZt,16,15,1.1666838338943104,
1,YZt,17,15,1.1969261628586252,
1,YZt,18,15,1.2231155955248005,
1,YZt,19,15,1.2532087291540819,
1,YZt,20,15,1.2983378111713053,
1,YZt,21,15,1.3093332556481594,
1,YZt,22,15,1.3533470338665785,
1,YZt,23,15,1.377455599037428,
1,YZt,24,15,1.4047738963206104,
1,YZt,25,15,1.4311682678981423,
1,YZt,104,15,0.5169934902779479,
1,YZt,105,15,0.5205793482471308,
1,YZt,106,15,0.5261298575098607,
1,YZt,107,15,0.5366622961793909,
1,YZt,108,15,0.5455574938842802,
1,YZt,109,15,0.558585642775446,
1,YZt,110,15,0.5747157290184824,
1,YZt,111,15,0.5922510444158814,
1,YZt,112,15,0.6085330551497032,
1,YZt,113,15,0.6244127607841137,
1,YZt,114,15,0.6346492714198583,
1,YZt,115,15,0.6443492049391152,
1,YZt,116,15,0.6517503191798243,
1,YZt,117,15,0.6506276331388992,
1,YZt,118,15,0.6437761659152539,
1,YZt,119,15,0.6316418567152076,
1,YZt,120,15,0.6189731854672362,
1,YZt,121,15,0.6052140680949929,
1,YZt,122,15,0.5892806880508514,
1,YZt,123,15,0.5754751983074011,
1,YZt,124,15,0.561398379921665,
1,YZt,125,15,0.5517587254431352,
1,YZt,126,15,0.5429073854156152,
1,YZt,127,15,0.5411981373180121,
1,YZt,128,15,0.5429257144643356,
1,YZt,129,15,0.5465608288189879,
1,YZt,26,15,1.452480686480938,
1,YZt,27,15,1.5018577542748108,
1,YZt,28,15,1.5232245862135037,
1,YZt,29,15,1.5273638732923631,
1,YZt,30,15,1.5762933206659242,
1,YZt,31,15,1.5869685756380276,
1,YZt,32,15,1.611757534234796,
1,YZt,33,15,1.6531805357207545,
1,YZt,34,15,1.6780301650833656,
1,YZt,35,15,1.6495231006562832,
1,YZt,36,15,1.6606772797006901,
1,YZt,37,15,1.6686175452241425,
1,YZt,38,15,1.6518250794683713,
1,YZt,39,15,1.6218600712111195,
1,YZt,40,15,1.58005746907342,
1,YZt,41,15,1.5389565499602063,
1,YZt,42,15,1.5045590379902096,
1,YZt,43,15,1.4585712829962763,
1,YZt,44,15,1.4041321109443314,
1,YZt,45,15,1.346407785370436,
1,YZt,46,15,1.3000616492420725,
1,YZt,47,15,1.2589033145068211,
1,YZt,48,15,1.2323945995581473,
1,YZt,49,15,1.2163127570281973,
1,YZt,50,15,1.1943697464429386,
1,YZt,51,15,1.1924292945552477,
1,YZt,130,15,0.5514924375710232,
1,YZt,131,15,0.5544501385091267,
1,YZt,132,15,0.5574592838466518,
1,YZt,133,15,0.5616344368711862,
1,YZt,134,15,0.5695947660692738,
1,YZt,135,15,0.5754078390271874,
1,YZt,136,15,0.5825513734223613,
1,YZt,137,15,0.586921687629972,
1,YZt,138,15,0.5904772971163879,
1,YZt,139,15,0.5902531638913504,
1,YZt,140,15,0.5911928588598255,
1,YZt,141,15,0.5917686897055694,
1,YZt,142,15,0.5906711503867661,
1,YZt,143,15,0.5875062697321792,
1,YZt,144,15,0.5813735780383897,
1,YZt,145,15,0.5742615016104644,
1,YZt,146,15,0.5697564011484505,
1,YZt,147,15,0.5638329588955018,
1,YZt,148,15,0.5610708076382293,
1,YZt,149,15,0.560562491010285,
1,YZt,150,15,0.5614246982716617,
1,YZt,151,15,0.5634967593251055,
1,YZt,152,15,0.5686714410966238,
1,YZt,153,15,0.5743083672045335,
1,YZt,154,15,0.5840559535564749,
1,YZt,155,15,0.5950898060943413,
1,YZt,52,15,1.1853156359793093,
1,YZt,53,15,1.198358429047087,
1,YZt,54,15,1.201354240937195,
1,YZt,55,15,1.2282746318732136,
1,YZt,56,15,1.2522847741433276,
1,YZt,57,15,1.2804967738603323,
1,YZt,58,15,1.3036307588523608,
1,YZt,59,15,1.3582328299523896,
1,YZt,60,15,1.4199747710116657,
1,YZt,61,15,1.4601611120443696,
1,YZt,62,15,1.4827884647430438,
1,YZt,63,15,1.4829956866890928,
1,YZt,64,15,1.339909350394743,
1,YZt,65,15,1.1835052937620034,
1,YZt,66,15,1.0130061943523938,
1,YZt,67,15,0.8392245245239791,
1,YZt,68,15,0.7205436651398538,
1,YZt,69,15,0.6476786146681621,
1,YZt,70,15,0.6008841040739565,
1,YZt,71,15,0.5719824621198558,
1,YZt,72,15,0.5448786817610548,
1,YZt,73,15,0.5208155571866314,
1,YZt,74,15,0.501163256396335,
1,YZt,75,15,0.4900205394314789,
1,YZt,76,15,0.47647356492011067,
1,YZt,77,15,0.46641932735719754,
1,YZt,156,15,0.6018719878261479,
1,YZt,157,15,0.6061088424499266,
1,YZt,158,15,0.6013707537967818,
1,YZt,159,15,0.5956257121351647,
1,YZt,160,15,0.5852445340965419,
1,YZt,161,15,0.5723280543299668,
1,YZt,162,15,0.5567062009828437,
1,YZt,163,15,0.5461260188904976,
1,YZt,164,15,0.5326201248347863,
1,YZt,165,15,0.5194834268598767,
1,YZt,166,15,0.5083424336271581,
1,YZt,167,15,0.4982894707355602,
1,YZt,168,15,0.48637853178341206,
1,YZt,169,15,0.47481487596362626,
1,YZt,170,15,0.46748819344433173,
1,YZt,171,15,0.4613565785064908,
1,YZt,172,15,0.45487453532665767,
1,YZt,173,15,0.45387831257782874,
1,YZt,174,15,0.45424592458702606,
1,YZt,175,15,0.460327759889452,
1,YZt,176,15,0.4660097183856329,
1,YZt,177,15,0.4707736164956353,
1,YZt,178,15,0.48246832359677755,
1,YZt,179,15,0.4932168593022513,
1,YZt,180,15,0.5064080140611474,
1,YZt,181,15,0.5242887673568936,
1,YZt,182,15,0.5462069159920441,
1,YZt,183,15,0.5750623048308313,
1,YZt,184,15,0.6172713283902818,
1,YZt,185,15,0.6760387532470163,
1,YZt,186,15,0.7731191872866652,
1,YZt,187,15,0.961764695824952,
1,YZt,188,15,1.1935926964206927,
1,YZt,189,15,1.4419923010381808,
1,YZt,190,15,1.7793718539424859,
1,YZt,191,15,2.007108236909291,
1,YZt,192,15,2.0371414146304265,
1,YZt,193,15,2.0553547287941263,
1,YZt,194,15,2.104314102317589,
1,YZt,195,15,2.0330475051180152,
1,YZt,196,15,2.0245716238877516,
1,YZt,197,15,2.001293406535084,
1,YZt,198,15,1.9990061828020371,
1,YZt,199,15,2.0145073000080482,
1,YZt,200,15,1.9818999365302414,
1,YZt,201,15,1.9647034800964418,
1,YZt,202,15,1.9671146933835308,
1,YZt,203,15,1.9426239333823332,
1,YZt,204,15,1.9263283366316528,
1,YZt,205,15,1.9113350110325322,
1,YZt,206,15,1.9307281195813577,
1,YZt,207,15,1.8919115306924392,
1,YZt,208,15,1.887551968729885,
1,YZt,209,15,1.8600263702792073,
1,YZt,210,15,1.8550088785019248,
1,YZt,211,15,1.8199332946006712,
1,YZt,212,15,1.811863203882794,
1,YZt,213,15,1.8223468301624974,
1,YZt,214,15,1.7977750555485184,
1,YZt,215,15,1.79106051640069,
1,YZt,216,15,1.7903833218254888,
1,YZt,217,15,1.7750046081276079,
1,YZt,218,15,1.7324951362159207,
1,YZt,219,15,1.7037026935452497,
1,YZt,220,15,1.6976391242948425,
1,YZt,221,15,1.6783598839908598,
1,YZt,222,15,1.6523007843227109,
1,YZt,223,15,1.6309620999527121,
1,YZt,224,15,1.611996385524439,
1,YZt,225,15,1.6258249437377303,
1,YZt,226,15,1.6033234306414141,
1,YZt,227,15,1.577662539687547,
1,YZt,228,15,1.552563012249707,
1,YZt,229,15,1.5384948506692333,
1,YZt,230,15,1.499908203387295,
1,YZt,231,15,1.497519097864039,
1,YZt,232,15,1.4712059829488262,
1,YZt,233,15,1.4328734350228067,
1,YZt,234,15,1.4166827684707954,
1,YZt,235,15,1.3881667395881392,
1,YZt,236,15,1.3595088903593686,
1,YZt,237,15,1.3367806487714564,
1,YZt,238,15,1.3000451043209291,
1,YZt,239,15,1.288151169607025,
1,YZt,240,15,1.2470269354596184,
1,YZt,241,15,1.219772763415335,
1,YZt,242,15,1.1965268314643789,
1,YZt,243,15,1.1700708062798766,
1,YZt,244,15,1.1253241128616145,
1,YZt,245,15,1.085913597779529,
1,YZt,246,15,1.0453531969308987,
1,YZt,247,15,1.0144226129312448,
1,YZt,248,15,0.9687540684738821,
1,YZt,249,15,0.913416686491017,
1,YZt,250,15,0.8633023013823968,
1,YZt,251,15,0.799389340343914,
1,YZt,252,15,0.7153299894130071,
1,YZt,253,15,0.6619714534996196,
1,YZt,254,15,0.6148648913545699,
1,YZt,255,15,0.7182650661564516,
1,YZt,256,15,0.7656751933465292,
1,YZt,257,15,0.8380532052687182,
1,YZt,258,15,0.9911160282566399,
1,YZt,259,15,nan,
1,YZt,78,15,0.45738156964879206,
1,YZt,79,15,0.45084565393468157,
1,YZt,80,15,0.4441300353035587,
1,YZt,81,15,0.44184027462342657,
1,YZt,82,15,0.4383215555500134,
1,YZt,83,15,0.4419777961521601,
1,YZt,84,15,0.4432934712972674,
1,YZt,85,15,0.4442342462571403,
1,YZt,86,15,0.44923815005729895,
1,YZt,87,15,0.4534447204583068,
1,YZt,88,15,0.4578901055306594,
1,YZt,89,15,0.46135795792054585,
1,YZt,90,15,0.46397942514473794,
1,YZt,91,15,0.467339985378759,
1,YZt,92,15,0.46974647051655427,
1,YZt,93,15,0.471057370026352,
1,YZt,94,15,0.47345761460729624,
1,YZt,95,15,0.4776210868730254,
1,YZt,96,15,0.4802916615307692,
1,YZt,97,15,0.48118636301880496,
1,YZt,98,15,0.4876960718666632,
1,YZt,99,15,0.4912419988780591,
1,YZt,100,15,0.4959921494449495,
1,YZt,101,15,0.4983063572629235,
1,YZt,102,15,0.5057473701362776,
1,YZt,103,15,0.5108896126010601,
1,XZt,0,15,nan,
1,XZt,1,15,0.9745011040052275,
1,XZt,2,15,0.8238329571145286,
1,XZt,3,15,0.7277467080021858,
1,XZt,4,15,0.6857329540446889,
1,XZt,5,15,0.5909902065185539,
1,XZt,6,15,0.6314552878337402,
1,XZt,7,15,0.7035784845695365,
1,XZt,8,15,0.815003554349231,
1,XZt,9,15,0.8801164017242744,
1,XZt,10,15,0.9307394123897003,
1,XZt,11,15,0.991422893408987,
1,XZt,12,15,1.0357382738714245,
1,XZt,13,15,1.0746287639863925,
1,XZt,14,15,1.1173975002292509,
1,XZt,15,15,1.150891957134024,
1,XZt,16,15,1.2017725005255857,
1,XZt,17,15,1.225526931393652,
1,XZt,18,15,1.248235274015845,
1,XZt,19,15,1.2829325893490684,
1,XZt,20,15,1.3121654279881938,
1,XZt,21,15,1.3252786636721237,
1,XZt,22,15,1.373395236664934,
1,XZt,23,15,1.3932820837699211,
1,XZt,24,15,1.4139612585321943,
1,XZt,25,15,1.4285510629091605,
1,XZt,26,15,1.450273176794149,
1,XZt,27,15,1.4896091110722762,
1,XZt,28,15,1.507556949837013,
1,XZt,29,15,1.5051812177017878,
1,XZt,30,15,1.543745622738762,
1,XZt,31,15,1.5565069857217542,
1,XZt,32,15,1.5784872494816329,
1,XZt,33,15,1.5994265235679812,
1,XZt,34,15,1.6123046062031985,
1,XZt,35,15,1.6016347938442448,
1,XZt,36,15,1.6204666876219864,
1,XZt,37,15,1.6369713273905482,
1,XZt,38,15,1.6564096703834308,
1,XZt,39,15,1.678136481090545,
1,XZt,40,15,1.6843078187885303,
1,XZt,41,15,1.7051377967586565,
1,XZt,42,15,1.7355131020591896,
1,XZt,43,15,1.7523643690678876,
1,XZt,44,15,1.7431058517377085,
1,XZt,45,15,1.735765893337075,
1,XZt,46,15,1.7479588061125417,
1,XZt,47,15,1.7324009624039314,
1,XZt,48,15,1.7276037909706665,
1,XZt,49,15,1.7474664916412463,
1,XZt,50,15,1.7456831520590739,
1,XZt,51,15,1.7630198593628217,
1,XZt,52,15,1.7557163519139076,
1,XZt,53,15,1.773963448390952,
1,XZt,54,15,1.7580621313518618,
1,XZt,55,15,1.7585797770640128,
1,XZt,56,15,1.7583022192557702,
1,XZt,57,15,1.7544558114429183,
1,XZt,58,15,1.7293164846793176,
1,XZt,59,15,1.7369854300096237,
1,XZt,60,15,1.7384220562114723,
1,XZt,61,15,1.7081825239228299,
1,XZt,62,15,1.6978856499934654,
1,XZt,63,15,1.7015833959423032,
1,XZt,64,15,1.6779016221194238,
1,XZt,65,15,1.6895530361757238,
1,XZt,66,15,1.6559260790464547,
1,XZt,67,15,1.627384649590607,
1,XZt,68,15,1.570040542966595,
1,XZt,69,15,1.4976782329839975,
1,XZt,70,15,1.3973339091948245,
1,XZt,71,15,1.2896629885398379,
1,XZt,72,15,1.2095446836616517,
1,XZt,73,15,1.1211433408863105,
1,XZt,74,15,1.0521559053971639,
1,XZt,75,15,0.9889551404418337,
1,XZt,76,15,0.9332528283093722,
1,XZt,77,15,0.8840681894935509,
1,XZt,78,15,0.8425092285242611,
1,XZt,79,15,0.8023932439243545,
1,XZt,80,15,0.7665698819461582,
1,XZt,81,15,0.7375017122769438,
1,XZt,82,15,0.709075674925362,
1,XZt,83,15,0.6874785757030941,
1,XZt,84,15,0.6672111445015587,
1,XZt,85,15,0.6445525666681506,
1,XZt,86,15,0.63118701461024,
1,XZt,87,15,0.6188190113867534,
1,XZt,88,15,0.6087913058295783,
1,XZt,89,15,0.5992613580944396,
1,XZt,90,15,0.5892039881765474,
1,XZt,91,15,0.581072393752364,
1,XZt,92,15,0.57220919070463,
1,XZt,93,15,0.5630061430800364,
1,XZt,94,15,0.5545263759673401,
1,XZt,95,15,0.546124784924537,
1,XZt,96,15,0.5365851590255639,
1,XZt,97,15,0.5262301968744176,
1,XZt,98,15,0.5205684517756944,
1,XZt,99,15,0.5110624486595294,
1,XZt,100,15,0.5021669125845889,
1,XZt,101,15,0.4912454696972395,
1,XZt,102,15,0.48518398950541863,
1,XZt,103,15,0.47689124632996954,
1,XZt,104,15,0.46984290916130206,
1,XZt,105,15,0.461919638149775,
1,XZt,106,15,0.45431658327342106,
1,XZt,107,15,0.45053503175289805,
1,XZt,108,15,0.44477572711258573,
1,XZt,109,15,0.4417167255474601,
1,XZt,110,15,0.4377052416183381,
1,XZt,111,15,0.43306845702757507,
1,XZt,112,15,0.4292620115087384,
1,XZt,113,15,0.42948787123911647,
1,XZt,114,15,0.4277209435046935,
1,XZt,115,15,0.42615902253928406,
1,XZt,116,15,0.4247809512636306,
1,XZt,117,15,0.42449542485151176,
1,XZt,118,15,0.4220453797745702,
1,XZt,119,15,0.4197331843055229,
1,XZt,120,15,0.4189215743081164,
1,XZt,121,15,0.41812060562895526,
1,XZt,122,15,0.41734221493008167,
1,XZt,123,15,0.4170942810152194,
1,XZt,124,15,0.4172931777868802,
1,XZt,125,15,0.41653650220803723,
1,XZt,126,15,0.4139312006325675,
1,XZt,127,15,0.41303147806366025,
1,XZt,128,15,0.4144567761365167,
1,XZt,129,15,0.4163541697779762,
1,XZt,130,15,0.41716838169238696,
1,XZt,131,15,0.41800317941841886,
1,XZt,132,15,0.41848829323968206,
1,XZt,133,15,0.42145555844534716,
1,XZt,134,15,0.42630921111262604,
1,XZt,135,15,0.4286108743442482,
1,XZt,136,15,0.431061180762942,
1,XZt,137,15,0.43355558361812807,
1,XZt,138,15,0.43640546274445063,
1,XZt,139,15,0.43969343927841087,
1,XZt,140,15,0.44237442449318104,
1,XZt,141,15,0.445404708708815,
1,XZt,142,15,0.4497473202450496,
1,XZt,143,15,0.453769430074891,
1,XZt,144,15,0.4577398810756312,
1,XZt,145,15,0.4610086390901981,
1,XZt,146,15,0.4665172286357877,
1,XZt,147,15,0.47118584694934573,
1,XZt,148,15,0.47994859435316944,
1,XZt,149,15,0.4913713232748586,
1,XZt,150,15,0.5022320426438031,
1,XZt,151,15,0.5123255472413927,
1,XZt,152,15,0.5253303538673151,
1,XZt,153,15,0.5380985451542818,
1,XZt,154,15,0.5537196070924476,
1,XZt,155,15,0.5710214299273528,
1,XZt,182,15,0.7808158070287937,
1,XZt,183,15,0.7755933342041776,
1,XZt,184,15,0.7757916668139528,
1,XZt,185,15,0.7753728819034932,
1,XZt,186,15,0.7840007541657188,
1,XZt,187,15,0.7966124806137475,
1,XZt,188,15,0.8066518998192838,
1,XZt,189,15,0.8277384231114595,
1,XZt,190,15,0.855436894264739,
1,XZt,191,15,0.8860604380139497,
1,XZt,192,15,0.9148965178529999,
1,XZt,193,15,0.9421745087920829,
1,XZt,194,15,0.9724324189515361,
1,XZt,195,15,0.9844131888493723,
1,XZt,196,15,0.994056580343409,
1,XZt,197,15,0.9915924564104768,
1,XZt,198,15,0.9859009688073279,
1,XZt,199,15,0.9831324854155996,
1,XZt,200,15,0.9722048572392191,
1,XZt,201,15,0.9614536330744845,
1,XZt,202,15,0.9586294387748476,
1,XZt,203,15,0.9514935851219285,
1,XZt,204,15,0.9457642233254164,
1,XZt,205,15,0.939183817306166,
1,XZt,206,15,0.9384658760186263,
1,XZt,207,15,0.9314111962610616,
1,XZt,156,15,0.585634399542449,
1,XZt,157,15,0.6017417003443883,
1,XZt,158,15,0.6156031999903614,
1,XZt,159,15,0.6346350246189454,
1,XZt,160,15,0.6506754023250334,
1,XZt,161,15,0.6661990773651861,
1,XZt,162,15,0.6785548472495444,
1,XZt,163,15,0.6954583986153263,
1,XZt,164,15,0.7094534809887265,
1,XZt,165,15,0.7213313801694822,
1,XZt,166,15,0.7335787908901054,
1,XZt,167,15,0.7464144495834655,
1,XZt,168,15,0.7584210443455676,
1,XZt,169,15,0.7710535966535591,
1,XZt,170,15,0.785187981224773,
1,XZt,171,15,0.7994055136907146,
1,XZt,172,15,0.810038244866259,
1,XZt,173,15,0.8197566732295889,
1,XZt,174,15,0.8272397239612598,
1,XZt,175,15,0.8347200415236758,
1,XZt,176,15,0.8338013699267621,
1,XZt,177,15,0.8261382039820688,
1,XZt,178,15,0.8192850298006182,
1,XZt,179,15,0.8085094125216663,
1,XZt,180,15,0.7996487458896031,
1,XZt,181,15,0.7907398306018772,
1,XZt,208,15,0.9308230843541132,
1,XZt,209,15,0.9274664728943905,
1,XZt,210,15,0.9297692155173749,
1,XZt,211,15,0.9412223145089887,
1,XZt,212,15,0.9546720250746741,
1,XZt,213,15,0.9856410094673893,
1,XZt,214,15,1.0279506289928086,
1,XZt,215,15,1.0962133889464054,
1,XZt,216,15,1.1848023117903563,
1,XZt,217,15,1.2770836808144437,
1,XZt,218,15,1.370779127882561,
1,XZt,219,15,1.4804919954569307,
1,XZt,220,15,1.5952855152607286,
1,XZt,221,15,1.6723179537086803,
1,XZt,222,15,1.716506970752578,
1,XZt,223,15,1.7313760471000492,
1,XZt,224,15,1.7177296827445392,
1,XZt,225,15,1.7261544723152902,
1,XZt,226,15,1.6952712142068036,
1,XZt,227,15,1.6549881473850554,
1,XZt,228,15,1.6186025989029347,
1,XZt,229,15,1.599182481332304,
1,XZt,230,15,1.5606835391819962,
1,XZt,231,15,1.5501123759907325,
1,XZt,232,15,1.5240050467379034,
1,XZt,233,15,1.485967436390678,
1,XZt,234,15,1.4630688597697101,
1,XZt,235,15,1.443002306399359,
1,XZt,236,15,1.4154852485890017,
1,XZt,237,15,1.386938282769291,
1,XZt,238,15,1.3469713639185446,
1,XZt,239,15,1.3391534498944475,
1,XZt,240,15,1.3049041342518712,
1,XZt,241,15,1.271069651524622,
1,XZt,242,15,1.2393964677360476,
1,XZt,243,15,1.2087231854718357,
1,XZt,244,15,1.155824750274626,
1,XZt,245,15,1.1210721672591268,
1,XZt,246,15,1.076931540937781,
1,XZt,247,15,1.0402901770998203,
1,XZt,248,15,0.991126630387477,
1,XZt,249,15,0.9312118452502781,
1,XZt,250,15,0.8827224679040673,
1,XZt,251,15,0.8169531565878775,
1,XZt,252,15,0.705546243887134,
1,XZt,253,15,0.6347169325921368,
1,XZt,254,15,0.589144253017339,
1,XZt,255,15,0.6831801039119255,
1,XZt,256,15,0.7219289921058546,
1,XZt,257,15,0.8144524321302891,
1,XZt,258,15,0.9760183280124962,
1,XZt,259,15,nan,
2,XYt,0,15,0.26850925717978164,
2,XYt,1,15,0.2594986770965259,
2,XYt,2,15,0.24590747724136022,
2,XYt,3,15,0.23794502790146113,
2,XYt,4,15,0.22679960437924038,
2,XYt,5,15,0.2111733578133295,
2,XYt,6,15,0.20001919588016667,
2,XYt,7,15,0.19433166705849736,
2,XYt,8,15,0.19226565538043028,
2,XYt,9,15,0.19469337727724,
2,XYt,10,15,0.19913708846747102,
2,XYt,11,15,0.20297051779976757,
2,XYt,12,15,0.20767142646770606,
2,XYt,13,15,0.21101175190309648,
2,XYt,14,15,0.21254844393633096,
2,XYt,15,15,0.21095439308485153,
2,XYt,16,15,0.19404508823639305,
2,XYt,17,15,0.18048627639187412,
2,XYt,18,15,0.18297402638029392,
2,XYt,19,15,0.18670430601013044,
2,XYt,20,15,0.1910279327074907,
2,XYt,21,15,0.1950694284932007,
2,XYt,22,15,0.19767654641845672,
2,XYt,23,15,0.19962090663063864,
2,XYt,24,15,0.1996568962766744,
2,XYt,25,15,0.199255178554663,
2,XYt,26,15,0.19812778143564772,
2,XYt,27,15,0.19788403739036522,
2,XYt,28,15,0.19776768139918383,
2,XYt,29,15,0.19879424373099264,
2,XYt,30,15,0.20154685191288937,
2,XYt,31,15,0.20562358282319204,
2,XYt,32,15,0.2122205526549509,
2,XYt,33,15,0.22089577788551762,
2,XYt,34,15,0.23099564466150668,
2,XYt,35,15,0.24553880450112944,
2,XYt,36,15,0.2647350814004879,
2,XYt,37,15,0.2913238965846693,
2,XYt,38,15,0.3250660050260071,
2,XYt,39,15,0.36640555855088974,
2,XYt,40,15,0.4124347375848183,
2,XYt,41,15,0.4595458974806553,
2,XYt,42,15,0.5040667052742055,
2,XYt,43,15,0.5466454162566894,
2,XYt,44,15,0.5852837607482876,
2,XYt,45,15,0.6158355257307674,
2,XYt,46,15,0.6290369937834853,
2,XYt,47,15,0.6229678825894867,
2,XYt,48,15,0.6125269922142424,
2,XYt,49,15,0.6087993967339203,
2,XYt,50,15,0.6041033751192398,
2,XYt,51,15,0.5988649795881997,
2,XYt,52,15,0.5879560764012173,
2,XYt,53,15,0.5734446714896207,
2,XYt,54,15,0.5567438179540664,
2,XYt,55,15,0.5392116955977259,
2,XYt,56,15,0.5189772305916479,
2,XYt,57,15,0.498909004785301,
2,XYt,58,15,0.48342023882669993,
2,XYt,59,15,0.4747972707011098,
2,XYt,60,15,0.47193900630396485,
2,XYt,61,15,0.4725483375138199,
2,XYt,62,15,0.47506472896206686,
2,XYt,63,15,0.47937305526503354,
2,XYt,64,15,0.48590387267643287,
2,XYt,65,15,0.49303108988178496,
2,XYt,66,15,0.49792395960649966,
2,XYt,67,15,0.5019005364741673,
2,XYt,68,15,0.5050881053166925,
2,XYt,69,15,0.5065903352849601,
2,XYt,70,15,0.5074398290146905,
2,XYt,71,15,0.5076085923317704,
2,XYt,72,15,0.5088381048156811,
2,XYt,73,15,0.509300267951804,
2,XYt,74,15,0.5082065662318195,
2,XYt,75,15,0.5062955559875842,
2,XYt,76,15,0.5014752892506188,
2,XYt,77,15,0.4917423160557388,
2,XYt,78,15,0.4774386172051135,
2,XYt,79,15,0.4617029429247756,
2,XYt,80,15,0.44756751012306595,
2,XYt,81,15,0.4377899812617125,
2,XYt,82,15,0.4284164281848312,
2,XYt,83,15,0.42067582735718495,
2,XYt,84,15,0.4149384759796078,
2,XYt,85,15,0.40956381287019705,
2,XYt,86,15,0.4049720877495537,
2,XYt,87,15,0.4013913127604939,
2,XYt,88,15,0.3945860659120988,
2,XYt,89,15,0.3901605337987241,
2,XYt,90,15,0.38717392933325484,
2,XYt,91,15,0.3852202278123183,
2,XYt,92,15,0.3824729091408104,
2,XYt,93,15,0.37827134760775966,
2,XYt,94,15,0.3755585149768442,
2,XYt,95,15,0.3738580882717932,
2,XYt,96,15,0.3731936637034993,
2,XYt,97,15,0.37176651068375294,
2,XYt,98,15,0.3696137659362863,
2,XYt,99,15,0.36789064012888734,
2,XYt,100,15,0.3650767188821199,
2,XYt,101,15,0.363061695469156,
2,XYt,102,15,0.36206947794502214,
2,XYt,103,15,0.3604899681352689,
2,XYt,104,15,0.35729364794962126,
2,XYt,105,15,0.35614161872393496,
2,XYt,106,15,0.35449224463900647,
2,XYt,107,15,0.3538779610354259,
2,XYt,108,15,0.352621866029552,
2,XYt,109,15,0.3521043409751248,
2,XYt,110,15,0.35197276218338536,
2,XYt,111,15,0.35209472089158506,
2,XYt,112,15,0.35320154493785194,
2,XYt,113,15,0.35635989037123467,
2,XYt,114,15,0.3592997239541168,
2,XYt,115,15,0.36348513443630337,
2,XYt,116,15,0.3692473562225283,
2,XYt,117,15,0.37457790483462206,
2,XYt,118,15,0.3788429075143649,
2,XYt,119,15,0.37978247118096775,
2,XYt,120,15,0.3803592017939867,
2,XYt,121,15,0.3794407646612315,
2,XYt,122,15,0.3791001518748003,
2,XYt,123,15,0.3799145355543691,
2,XYt,124,15,0.3805477132206189,
2,XYt,125,15,0.3813047205573393,
2,XYt,126,15,0.3829476662999039,
2,XYt,127,15,0.38733764864291353,
2,XYt,128,15,0.39143877108245917,
2,XYt,129,15,0.39580133777926485,
2,XYt,130,15,0.3981308142414309,
2,XYt,131,15,0.40067544411301154,
2,XYt,132,15,0.4041427706489603,
2,XYt,133,15,0.40966036950529344,
2,XYt,134,15,0.415060761126846,
2,XYt,135,15,0.4221842334612207,
2,XYt,136,15,0.43020738876406356,
2,XYt,137,15,0.4388909821406155,
2,XYt,138,15,0.4498048854196465,
2,XYt,139,15,0.46307755538804035,
2,XYt,140,15,0.47204190637363436,
2,XYt,141,15,0.47438240663779063,
2,XYt,142,15,0.4731484785392209,
2,XYt,143,15,0.4715397418466474,
2,XYt,144,15,0.47047225858456987,
2,XYt,145,15,0.4686547151391594,
2,XYt,146,15,0.46655931236302883,
2,XYt,147,15,0.46490104994816567,
2,XYt,148,15,0.4640798927802974,
2,XYt,149,15,0.464117893784417,
2,XYt,150,15,0.46404505364073056,
2,XYt,151,15,0.4647451263856384,
2,XYt,152,15,0.46566020634189015,
2,XYt,153,15,0.46636917956696233,
2,XYt,154,15,0.4655146375752272,
2,XYt,155,15,0.4644293373555524,
2,XYt,156,15,0.46159959298704195,
2,XYt,157,15,0.45366231393983036,
2,XYt,158,15,0.4402977383288849,
2,XYt,159,15,0.4289437367790116,
2,XYt,160,15,0.41772764665585005,
2,XYt,161,15,0.4083313937121851,
2,XYt,162,15,0.40035097893865645,
2,XYt,163,15,0.39384044608935564,
2,XYt,164,15,0.3870328256753893,
2,XYt,165,15,0.38201831484850457,
2,XYt,166,15,0.37741668204304446,
2,XYt,167,15,0.37022311329555263,
2,XYt,168,15,0.36320824708495114,
2,XYt,169,15,0.35867893244215954,
2,XYt,170,15,0.3565129258440918,
2,XYt,171,15,0.35444804837913424,
2,XYt,172,15,0.3526399648450686,
2,XYt,173,15,0.35023696289608375,
2,XYt,174,15,0.3487301708712512,
2,XYt,175,15,0.34911293984441233,
2,XYt,176,15,0.34868289453079604,
2,XYt,177,15,0.34706902894088926,
2,XYt,178,15,0.34496551244381096,
2,XYt,179,15,0.34380610172525417,
2,XYt,180,15,0.3415531984378708,
2,XYt,181,15,0.33891569419509276,
2,XYt,182,15,0.33683876542196073,
2,XYt,183,15,0.3359415447700289,
2,XYt,184,15,0.33512268624791175,
2,XYt,185,15,0.3352044984819065,
2,XYt,186,15,0.33402098859512647,
2,XYt,187,15,0.33316803543849144,
2,XYt,188,15,0.3329563341173054,
2,XYt,189,15,0.3343528261853456,
2,XYt,190,15,0.33607242943422866,
2,XYt,191,15,0.33708079626904736,
2,XYt,192,15,0.3368173914831797,
2,XYt,193,15,0.33801111217668883,
2,XYt,194,15,0.3391596845335539,
2,XYt,195,15,0.3427241365262289,
2,XYt,196,15,0.3471329994437115,
2,XYt,197,15,0.3526356155527777,
2,XYt,198,15,0.35740976472322156,
2,XYt,199,15,0.35754504002348103,
2,XYt,200,15,0.3596685409467589,
2,XYt,201,15,0.3603016639355005,
2,XYt,202,15,0.3592490363259937,
2,XYt,203,15,0.3602810041162423,
2,XYt,204,15,0.36098650318311665,
2,XYt,205,15,0.36222606078824005,
2,XYt,206,15,0.36537226741408624,
2,XYt,207,15,0.37042792552768955,
2,XYt,208,15,0.37634922670328186,
2,XYt,209,15,0.3807376135509134,
2,XYt,210,15,0.386751410692685,
2,XYt,211,15,0.3917310148769461,
2,XYt,212,15,0.39579178185793623,
2,XYt,213,15,0.39962197252831966,
2,XYt,214,15,0.4064119989452516,
2,XYt,215,15,0.41480231113445365,
2,XYt,216,15,0.42482348914257256,
2,XYt,217,15,0.43703602215798737,
2,XYt,218,15,0.45306266627995784,
2,XYt,219,15,0.4701369911167857,
2,XYt,220,15,0.4807941681165548,
2,XYt,221,15,0.484216109292701,
2,XYt,222,15,0.4861620455905369,
2,XYt,223,15,0.4868857833749891,
2,XYt,224,15,0.4864196122273729,
2,XYt,225,15,0.48410231035285733,
2,XYt,226,15,0.48182489324717204,
2,XYt,227,15,0.48136932308766833,
2,XYt,228,15,0.4773601144223242,
2,XYt,229,15,0.47448837477385014,
2,XYt,230,15,0.46937864212206454,
2,XYt,231,15,0.4645956346847039,
2,XYt,232,15,0.4570248969210257,
2,XYt,233,15,0.4485039138681841,
2,XYt,234,15,0.43788706095237007,
2,XYt,235,15,0.4263290684992914,
2,XYt,236,15,0.41451364550042846,
2,XYt,237,15,0.4019394494970767,
2,XYt,238,15,0.3929962836808524,
2,XYt,239,15,0.3906374564339046,
2,XYt,240,15,0.38927306202578627,
2,XYt,241,15,0.3891536935079561,
2,XYt,242,15,0.3888714531165843,
2,XYt,243,15,0.3890838717048793,
2,XYt,244,15,0.38928602832912984,
2,XYt,245,15,0.3885412186631696,
2,XYt,246,15,0.3875803949463413,
2,XYt,247,15,0.3889360076667823,
2,XYt,248,15,0.38961197676531084,
2,XYt,249,15,0.39017357136053954,
2,XYt,250,15,0.3899620338183218,
2,XYt,251,15,0.38908237814338364,
2,XYt,252,15,0.3861654506426953,
2,XYt,253,15,0.3861218355960523,
2,XYt,254,15,0.3896292483932084,
2,XYt,255,15,0.3939027719087482,
2,XYt,256,15,0.39518703752418566,
2,XYt,257,15,0.3898894000607828,
2,XYt,258,15,0.36324126313473826,
2,XYt,259,15,0.3199287454474544,
2,XYt,260,15,0.29481770030574006,
2,XYt,261,15,0.2863508938222436,
2,XYt,262,15,0.2862374485999708,
2,XYt,263,15,0.288773527697482,
2,XYt,264,15,0.2898216180240042,
2,XYt,265,15,0.28750466484204956,
2,XYt,266,15,0.28635400324754556,
2,XYt,267,15,0.2855604304185582,
2,XYt,268,15,0.2860182488291034,
2,XYt,269,15,0.2860310403658575,
2,XYt,270,15,0.2862663977505505,
2,XYt,271,15,0.28642014453086395,
2,XYt,272,15,0.2858387382268263,
2,XYt,273,15,0.28665411183755873,
2,XYt,274,15,0.28768452531034383,
2,XYt,275,15,0.288793824509159,
2,XYt,276,15,0.2896149021130344,
2,XYt,277,15,0.28895631210104206,
2,XYt,278,15,0.2884583873461603,
2,XYt,279,15,0.28847248011826204,
2,XYt,280,15,0.28885828472125474,
2,XYt,281,15,0.28940836153627403,
2,XYt,282,15,0.2892007401827689,
2,XYt,283,15,0.28988467238980475,
2,XYt,284,15,0.2899143721596314,
2,XYt,285,15,0.29107608183842415,
2,XYt,286,15,0.29180120950700733,
2,XYt,287,15,0.2917719741751083,
2,XYt,288,15,0.2906035766100182,
2,XYt,289,15,0.2901169822053701,
2,XYt,290,15,0.29024946193112455,
2,XYt,291,15,0.290348685780997,
2,XYt,292,15,0.2902135528029246,
2,XYt,293,15,0.29068748211183565,
2,XYt,294,15,0.2904345740468163,
2,XYt,295,15,0.29048360966768405,
2,XYt,296,15,0.2902860148582502,
2,XYt,297,15,0.28944602767814637,
2,XYt,298,15,0.2905254930107763,
2,XYt,299,15,0.2905981482185951,
2,XYt,300,15,0.29083980105352425,
2,XYt,301,15,0.2915147972871733,
2,XYt,302,15,0.2910699499837961,
2,XYt,303,15,0.2905563064887959,
2,XYt,304,15,0.29042109202872207,
2,XYt,305,15,0.29063575060386193,
2,XYt,306,15,0.290613549947145,
2,XYt,307,15,0.2903627347921592,
2,XYt,308,15,0.292230016709668,
2,XYt,309,15,0.2915072219198692,
2,XYt,310,15,0.2925420766561499,
2,XYt,311,15,0.29256025497849725,
2,XYt,312,15,0.2925305106446652,
2,XYt,313,15,0.29384218335145873,
2,XYt,314,15,0.2933150661083744,
2,XYt,315,15,0.29410436021338404,
2,XYt,316,15,0.2932671212548996,
2,XYt,317,15,0.2936983556144082,
2,XYt,318,15,0.2915410918313053,
2,XYt,319,15,0.2923623516368487,
2,XYt,320,15,0.29243794988535166,
2,XYt,321,15,0.29590831873146345,
2,XYt,322,15,0.296699218373244,
2,XYt,323,15,0.2991636194831305,
2,XYt,324,15,0.30161656913319534,
2,XYt,325,15,0.3476592043272165,
2,XYt,326,15,0.3932735899513634,
2,XYt,327,15,0.3921303966566922,
2,XYt,328,15,0.3965364095632212,
2,XYt,329,15,0.4034061043145236,
2,XYt,330,15,0.4045100458587673,
2,XYt,331,15,0.4076256876193064,
2,XYt,332,15,0.40849512307283553,
2,XYt,333,15,0.40903411620433355,
2,XYt,334,15,0.40881365721005475,
2,XYt,335,15,0.4128034070704038,
2,XYt,336,15,0.41392760240933263,
2,XYt,337,15,0.4160738247270035,
2,XYt,338,15,0.4167138472669873,
2,XYt,339,15,0.4234312835172874,
2,XYt,340,15,0.4345335879949397,
2,XYt,341,15,0.44325295810421034,
2,XYt,342,15,0.44999857433722523,
2,XYt,343,15,0.45762384081340973,
2,XYt,344,15,0.46337525735307783,
2,XYt,345,15,0.46750426670264367,
2,XYt,346,15,0.46957350957646615,
2,XYt,347,15,0.4708655275078699,
2,XYt,348,15,0.47525349017870894,
2,XYt,349,15,0.47682414287825853,
2,XYt,350,15,0.4766813100663291,
2,XYt,351,15,0.47954098648558074,
2,XYt,352,15,0.4830397582036617,
2,XYt,353,15,0.48478362555888255,
2,XYt,354,15,0.4848627034441974,
2,XYt,355,15,0.4826630117718423,
2,XYt,356,15,0.47922769403784643,
2,XYt,357,15,0.4701465922917846,
2,XYt,358,15,0.45372273737281377,
2,XYt,359,15,0.4413139548333147,
2,XYt,360,15,0.4327413814938879,
2,XYt,361,15,0.4272253758038563,
2,XYt,362,15,0.4167474563564209,
2,XYt,363,15,0.4231252961636181,
2,XYt,364,15,0.41916832785147773,
2,XYt,365,15,0.427515981502289,
2,XYt,366,15,0.43031232710371803,
2,XYt,367,15,0.4327725114830992,
2,XYt,368,15,0.4322985020869884,
2,XYt,369,15,0.4302108938584348,
2,XYt,370,15,0.42692692206584903,
2,XYt,371,15,0.42531101362309365,
2,XYt,372,15,0.4216364259921418,
2,XYt,373,15,0.4206260848059049,
2,XYt,374,15,0.41871755658535,
2,XYt,375,15,0.41707291070326974,
2,XYt,376,15,0.4115862079439385,
2,XYt,377,15,0.40700808797505666,
2,XYt,378,15,0.40038633564930154,
2,XYt,379,15,0.39653930482949856,
2,XYt,380,15,0.39227706693236847,
2,XYt,381,15,0.39198346536661627,
2,XYt,382,15,0.3878755545763005,
2,XYt,383,15,0.38803411407114546,
2,XYt,384,15,0.3876442086252914,
2,XYt,385,15,0.38339528808377615,
2,XYt,386,15,0.37851966481148075,
2,XYt,387,15,0.3806351007297085,
2,XYt,388,15,0.38219175248614135,
2,XYt,389,15,0.38295845645819476,
2,XYt,390,15,0.3823299247386805,
2,XYt,391,15,0.38405297408942,
2,XYt,392,15,0.38462274767691024,
2,XYt,393,15,0.3850081586299995,
2,XYt,394,15,0.3849152855316344,
2,XYt,395,15,0.3859836860714178,
2,XYt,396,15,0.38681185651317535,
2,XYt,397,15,0.38988485029452385,
2,XYt,398,15,0.3900672038907425,
2,XYt,399,15,0.3893716433074535,
2,XYt,400,15,0.3891380173680574,
2,XYt,401,15,0.3885962660146121,
2,XYt,402,15,0.3887361774402773,
2,XYt,403,15,0.38849027684704773,
2,XYt,404,15,0.3887849126658045,
2,XYt,405,15,0.38976292928669515,
2,XYt,406,15,0.3904670185007111,
2,XYt,407,15,0.3906769541434675,
2,XYt,408,15,0.39342691986179884,
2,XYt,409,15,0.3948430543023305,
2,XYt,410,15,0.39665776560049965,
2,XYt,411,15,0.3934059790740056,
2,XYt,412,15,0.3955285360230228,
2,XYt,413,15,0.398046072840325,
2,XYt,414,15,0.40008211411346073,
2,XYt,415,15,0.4020219004694567,
2,XYt,416,15,0.408650057880986,
2,XYt,417,15,0.41289351136392,
2,XYt,418,15,0.4170730026533248,
2,XYt,419,15,0.41973701676661984,
2,XYt,420,15,0.42402846239362296,
2,XYt,421,15,0.4252224114834063,
2,XYt,422,15,0.4275217595317019,
2,XYt,423,15,0.4282568510155664,
2,XYt,424,15,0.4301012072286785,
2,XYt,425,15,0.4330320619886522,
2,XYt,426,15,0.43692797482496337,
2,XYt,427,15,0.4394584202215899,
2,XYt,428,15,0.44149690563742383,
2,XYt,429,15,0.4457973888173136,
2,XYt,430,15,0.4504718576413207,
2,XYt,431,15,0.45722264108037847,
2,XYt,432,15,0.4661790612522404,
2,XYt,433,15,0.47455740552464376,
2,XYt,434,15,0.48457326129032136,
2,XYt,435,15,0.49732681999452516,
2,XYt,436,15,0.5178260527516414,
2,XYt,437,15,0.5305796172861817,
2,XYt,438,15,0.5335249690516564,
2,XYt,439,15,0.5347697808258736,
2,XYt,440,15,0.5369742094156709,
2,XYt,441,15,0.5395947940556317,
2,XYt,442,15,0.5407838902067972,
2,XYt,443,15,0.5398098190050258,
2,XYt,444,15,0.5381455251612784,
2,XYt,445,15,0.5358119331612186,
2,XYt,446,15,0.5341778591421568,
2,XYt,447,15,0.5326571087034169,
2,XYt,448,15,0.5322847313121206,
2,XYt,449,15,0.528012299914173,
2,XYt,450,15,0.5237322647908481,
2,XYt,451,15,0.5170723220645643,
2,XYt,452,15,0.508576509133769,
2,XYt,453,15,0.500945629596144,
2,XYt,454,15,0.4896770392264019,
2,XYt,455,15,0.48040819331721535,
2,XYt,456,15,0.4766131563440205,
2,XYt,457,15,0.4762199428256091,
2,XYt,458,15,0.4753203202434938,
2,XYt,459,15,0.47226819532164116,
2,XYt,460,15,0.46997133229059673,
2,XYt,461,15,0.466051157893849,
2,XYt,462,15,0.4655385836637444,
2,XYt,463,15,0.4711606268314922,
2,XYt,464,15,0.4800131386871986,
2,XYt,465,15,0.4816969819775055,
2,XYt,466,15,0.47166187745343097,
2,XYt,467,15,0.4390336246045768,
2,XYt,468,15,0.3831161983466232,
2,XYt,469,15,0.34036206918867046,
2,XYt,470,15,0.3225669832873467,
2,XYt,471,15,0.3182994503471433,
2,XYt,472,15,0.321917040238168,
2,XYt,473,15,0.32492907958398426,
2,XYt,474,15,0.32311297926514043,
2,XYt,475,15,0.3219094904971141,
2,XYt,476,15,0.3193132176016955,
2,XYt,477,15,0.31784340767885366,
2,XYt,478,15,0.3170830476803504,
2,XYt,479,15,0.3168254296472066,
2,XYt,480,15,0.31606330338761557,
2,XYt,481,15,0.31559840242057785,
2,XYt,482,15,0.3147461115624576,
2,XYt,483,15,0.31488047313922246,
2,XYt,484,15,0.31510681741470775,
2,XYt,485,15,0.31533280190622776,
2,XYt,486,15,0.31445296417642604,
2,XYt,487,15,0.31439672719266504,
2,XYt,488,15,0.3141658750140831,
2,XYt,489,15,0.3152375865731001,
2,XYt,490,15,0.3147007353479089,
2,XYt,491,15,0.3153990954031796,
2,XYt,492,15,0.31616372055392916,
2,XYt,493,15,0.3161313871620489,
2,XYt,494,15,0.3160847896438125,
2,XYt,495,15,0.3153817303359944,
2,XYt,496,15,0.3154620013080109,
2,XYt,497,15,0.31498036792552464,
2,XYt,498,15,0.3142398746687439,
2,XYt,499,15,0.3127050516201261,
2,XYt,500,15,0.3120712162545755,
2,XYt,501,15,0.3120667461753066,
2,XYt,502,15,0.31144195646316397,
2,XYt,503,15,0.31124385758623807,
2,XYt,504,15,0.31227010101798003,
2,XYt,505,15,0.3117117892355387,
2,XYt,506,15,0.3124439885549022,
2,XYt,507,15,0.3114196677986736,
2,XYt,508,15,0.3122501550302889,
2,XYt,509,15,0.31166150303739326,
2,XYt,510,15,0.31203525116040964,
2,XYt,511,15,0.3115573043078975,
2,XYt,512,15,0.3120442430210327,
2,XYt,513,15,0.31245167822183434,
2,XYt,514,15,0.31271816312471146,
2,XYt,515,15,0.3132255046435159,
2,XYt,516,15,0.31261655827882173,
2,XYt,517,15,0.31242058187647365,
2,XYt,518,15,0.3125602853937523,
2,XYt,519,15,0.31298129117006424,
2,XYt,520,15,0.31258704409218324,
2,XYt,521,15,0.31174088851083603,
2,XYt,522,15,0.31195783185687714,
2,XYt,523,15,0.31071516589774156,
2,XYt,524,15,0.3107333400599472,
2,XYt,525,15,0.3121907200084127,
2,XYt,526,15,0.3120861057885131,
2,XYt,527,15,0.31016810813727597,
2,XYt,528,15,0.3076743660327585,
2,XYt,529,15,0.3056514616207025,
2,XYt,530,15,0.30628646467992465,
2,XYt,531,15,0.31199768010015816,
2,XYt,532,15,0.32451067422264473,
2,XYt,533,15,0.34671244316414,
2,XYt,534,15,0.3825322217997839,
2,XYt,535,15,0.4251883583193442,
2,XYt,536,15,0.44831354876412,
2,XYt,537,15,0.4586241725986982,
2,XYt,538,15,0.4670424508478298,
2,XYt,539,15,0.4749284552610909,
2,XYt,540,15,0.48082333870791355,
2,XYt,541,15,0.4767151765419535,
2,XYt,542,15,0.47090501833012355,
2,XYt,543,15,0.46460256168002045,
2,XYt,544,15,0.46091444934214815,
2,XYt,545,15,0.4611672793973568,
2,XYt,546,15,0.46445086892047943,
2,XYt,547,15,0.4666769813016826,
2,XYt,548,15,0.46143939121469685,
2,XYt,549,15,0.4543775720602445,
2,XYt,550,15,0.45065802754773426,
2,XYt,551,15,0.444201540360662,
2,XYt,552,15,0.4418281954655056,
2,XYt,553,15,0.43836644754542303,
2,XYt,554,15,0.43613687473228313,
2,XYt,555,15,0.43499015454737283,
2,XYt,556,15,0.4331632226590204,
2,XYt,557,15,0.43085955806752113,
2,XYt,558,15,0.4276193235573,
2,XYt,559,15,0.4228562215851387,
2,XYt,560,15,0.41592983452264565,
2,XYt,561,15,0.406574372562638,
2,XYt,562,15,0.39995177120309533,
2,XYt,563,15,0.39916675764550874,
2,XYt,564,15,0.39777256869846833,
2,XYt,565,15,0.3927712469899354,
2,XYt,566,15,0.38620454699677165,
2,XYt,567,15,0.37943038918276517,
2,XYt,568,15,0.37430003128789835,
2,XYt,569,15,0.3709499623452466,
2,XYt,570,15,0.3660936772974329,
2,XYt,571,15,0.35959247589224613,
2,XYt,572,15,0.35355537705278933,
2,XYt,573,15,0.34956142021543596,
2,XYt,574,15,0.3498819258407428,
2,XYt,575,15,0.3508186270845359,
2,XYt,576,15,0.3532812052551902,
2,XYt,577,15,0.35476270209217653,
2,XYt,578,15,0.3560219247946794,
2,XYt,579,15,0.35799675491561916,
2,XYt,580,15,0.3593449586869023,
2,XYt,581,15,0.3616224773740242,
2,XYt,582,15,0.3602673024682954,
2,XYt,583,15,0.3586119378992508,
2,XYt,584,15,0.3570388540728985,
2,XYt,585,15,0.35608879955440875,
2,XYt,586,15,0.3554463338947106,
2,XYt,587,15,0.35391081300193744,
2,XYt,588,15,0.3493021488759077,
2,XYt,589,15,0.34342655681005013,
2,XYt,590,15,0.33514557413941376,
2,XYt,591,15,0.32677969313216604,
2,XYt,592,15,0.32159673365540953,
2,XYt,593,15,0.3200589907985208,
2,XYt,594,15,0.3215520179634848,
2,XYt,595,15,0.32184823212723973,
2,XYt,596,15,0.32270220732971033,
2,XYt,597,15,0.3251890446346344,
2,XYt,598,15,0.3266707423925487,
2,XYt,599,15,0.32751054663269663,
2,XYt,600,15,0.3305058296091529,
2,XYt,601,15,0.3331994283897675,
2,XYt,602,15,0.33522416238374375,
2,XYt,603,15,0.3355332012769868,
2,XYt,604,15,0.3343489460535727,
2,XYt,605,15,0.33445270618766554,
2,XYt,606,15,0.3350540673304326,
2,XYt,607,15,0.3344696559547068,
2,XYt,608,15,0.3345618861700363,
2,XYt,609,15,0.33446737340561744,
2,XYt,610,15,0.3338433134180392,
2,XYt,611,15,0.332341920658928,
2,XYt,612,15,0.3299368156545332,
2,XYt,613,15,0.32725924399517897,
2,XYt,614,15,0.32450471210197385,
2,XYt,615,15,0.3226895475017145,
2,XYt,616,15,0.32053803913697243,
2,XYt,617,15,0.3197544998168587,
2,XYt,618,15,0.3188098776642196,
2,XYt,619,15,0.3199462754586224,
2,XYt,620,15,0.3204885055710866,
2,XYt,621,15,0.32310019846278537,
2,XYt,622,15,0.32943516259962213,
2,XYt,623,15,0.3385394486096737,
2,XYt,624,15,0.34701332410902286,
2,XYt,625,15,0.3535966404803013,
2,XYt,626,15,0.35525774834041113,
2,XYt,627,15,0.35629077662146036,
2,XYt,628,15,0.35742801692462395,
2,XYt,629,15,0.35900471678930646,
2,XYt,630,15,0.3612876692277214,
2,XYt,631,15,0.36012113534593054,
2,XYt,632,15,0.3579149039196093,
2,XYt,633,15,0.3556619778561039,
2,XYt,634,15,0.35577911799369916,
2,XYt,635,15,0.35472444741572456,
2,XYt,636,15,0.35327278213421204,
2,XYt,637,15,0.3513198816063668,
2,XYt,638,15,0.3499357073262647,
2,XYt,639,15,0.34979540720688157,
2,XYt,640,15,0.35192545285462956,
2,XYt,641,15,0.3572817051858472,
2,XYt,642,15,0.36303854564284005,
2,XYt,643,15,0.36600629070023494,
2,XYt,644,15,0.36940360115864607,
2,XYt,645,15,0.37371760898530126,
2,XYt,646,15,0.37845739697093966,
2,XYt,647,15,0.3859199274472479,
2,XYt,648,15,0.39156531063013605,
2,XYt,649,15,0.3949158920446844,
2,XYt,650,15,0.39619358424909873,
2,XYt,651,15,0.3978332281906999,
2,XYt,652,15,0.40764359816050644,
2,XYt,653,15,0.4147664888053029,
2,XYt,654,15,0.4187804767090015,
2,XYt,655,15,0.42131234097216325,
2,XYt,656,15,0.4233840630144885,
2,XYt,657,15,0.42492719331118833,
2,XYt,658,15,0.42681006870876664,
2,XYt,659,15,0.4287488419510303,
2,XYt,660,15,0.4317763905102432,
2,XYt,661,15,0.43605109173184137,
2,XYt,662,15,0.4410548603733263,
2,XYt,663,15,0.44684976105329655,
2,XYt,664,15,0.45291228743375367,
2,XYt,665,15,0.4608823977535674,
2,XYt,666,15,0.4674064257371201,
2,XYt,667,15,0.4666048487744441,
2,XYt,668,15,0.4647946480977351,
2,XYt,669,15,0.4628059232494834,
2,XYt,670,15,0.4624340284339803,
2,XYt,671,15,0.459440556992582,
2,XYt,672,15,0.4553035764831021,
2,XYt,673,15,0.44985241169728135,
2,XYt,674,15,0.4444963334661804,
2,XYt,675,15,0.43569472187736225,
2,XYt,676,15,0.42149060949337613,
2,XYt,677,15,0.40171063019310066,
2,XYt,678,15,0.37550831436454424,
2,XYt,679,15,0.35225134998713903,
2,XYt,680,15,0.3361628540212209,
2,XYt,681,15,0.32212327367396054,
2,XYt,682,15,0.3112192697993986,
2,XYt,683,15,0.30377132888274844,
2,XYt,684,15,0.2990329202078922,
2,XYt,685,15,0.2956884465991878,
2,XYt,686,15,0.29338644871069947,
2,XYt,687,15,0.2929776781711325,
2,XYt,688,15,0.2928008364523816,
2,XYt,689,15,0.2947040064681191,
2,XYt,690,15,0.29419849652144614,
2,XYt,691,15,0.29550098531391344,
2,XYt,692,15,0.29658360843802395,
2,XYt,693,15,0.29701584913719825,
2,XYt,694,15,0.2966659852792555,
2,XYt,695,15,0.29737156528773173,
2,XYt,696,15,0.2969602551705612,
2,XYt,697,15,0.2958383113813853,
2,XYt,698,15,0.29491430641390376,
2,XYt,699,15,0.2948410803566724,
2,XYt,700,15,0.29499441690129946,
2,XYt,701,15,0.2943118856287132,
2,XYt,702,15,0.29376149931933926,
2,XYt,703,15,0.29451208525888506,
2,XYt,704,15,0.29412314949833124,
2,XYt,705,15,0.294750396749322,
2,XYt,706,15,0.296242816436546,
2,XYt,707,15,0.299047221566898,
2,XYt,708,15,0.30239828445294914,
2,XYt,709,15,0.3221130720550928,
2,XYt,710,15,0.3203332757826764,
2,XYt,711,15,0.33750428353268214,
2,XYt,712,15,0.3346200179479551,
2,XYt,713,15,0.3248263992773576,
2,XYt,714,15,0.3216692585306423,
2,XYt,715,15,0.31705471109306654,
2,XYt,716,15,0.30952389311001965,
2,XYt,717,15,0.29718563249534197,
2,XYt,718,15,0.28708579175553656,
2,XYt,719,15,0.2829638581954345,
2,XYt,720,15,0.29329898826224526,
2,XYt,721,15,0.2996163579605601,
2,XYt,722,15,0.3057573311400179,
2,XYt,723,15,0.3119611967617913,
2,XYt,724,15,0.32903893248842747,
2,XYt,725,15,0.34873833579735564,
2,XYt,726,15,0.369998185562893,
2,XYt,727,15,0.3906589123655588,
2,YZt,0,15,0.32843293649817457,
2,YZt,1,15,0.44584791414301667,
2,YZt,2,15,0.42209086372598703,
2,YZt,3,15,0.40400978537401755,
2,YZt,4,15,0.4052130882460727,
2,YZt,5,15,0.3712552786248515,
2,YZt,6,15,0.4272731649196669,
2,YZt,7,15,0.5180335054582073,
2,YZt,8,15,0.5017463734942635,
2,YZt,9,15,0.5010817310770703,
2,YZt,10,15,0.48455666619436866,
2,YZt,11,15,0.5058953499156398,
2,YZt,12,15,0.48049920336741103,
2,YZt,13,15,0.48208349516410937,
2,YZt,14,15,0.4472252086977665,
2,YZt,15,15,0.4591710205883082,
2,YZt,16,15,0.46563669760218923,
2,YZt,17,15,0.4427520548666292,
2,YZt,18,15,0.45844160048627525,
2,YZt,19,15,0.4611471685259398,
2,YZt,20,15,0.44725998753183976,
2,YZt,21,15,0.4522317608813872,
2,YZt,22,15,0.4560425613924066,
2,YZt,23,15,0.44844355394143093,
2,YZt,24,15,0.46133269798424736,
2,YZt,25,15,0.4605946768136338,
2,YZt,26,15,0.45173585004215366,
2,YZt,27,15,0.46961376941664845,
2,YZt,28,15,0.46520345721562184,
2,YZt,29,15,0.46836161870358684,
2,YZt,30,15,0.46099922338651766,
2,YZt,31,15,0.46727282496394257,
2,YZt,32,15,0.47242317576107135,
2,YZt,33,15,0.4689411046095948,
2,YZt,34,15,0.46741095571410357,
2,YZt,35,15,0.4729507884751394,
2,YZt,36,15,0.4767190028712315,
2,YZt,37,15,0.47750299672004637,
2,YZt,38,15,0.4800241864174764,
2,YZt,39,15,0.4767010513379677,
2,YZt,40,15,0.4675367487416209,
2,YZt,41,15,0.4578279099791964,
2,YZt,42,15,0.4597995993102989,
2,YZt,43,15,0.4504748393397319,
2,YZt,44,15,0.441531242205802,
2,YZt,45,15,0.4319717547590878,
2,YZt,46,15,0.4288160094992465,
2,YZt,47,15,0.42645002426020073,
2,YZt,48,15,0.4202656134882547,
2,YZt,49,15,0.4098978715134231,
2,YZt,50,15,0.39862282118152237,
2,YZt,51,15,0.3901684463089669,
2,YZt,52,15,0.39230214690341664,
2,YZt,53,15,0.39928892026948654,
2,YZt,54,15,0.39935674309079283,
2,YZt,55,15,0.39042790374266684,
2,YZt,56,15,0.3909448636389044,
2,YZt,57,15,0.407087302360506,
2,YZt,58,15,0.4120587868115845,
2,YZt,59,15,0.40459598614330367,
2,YZt,60,15,0.4220629744744057,
2,YZt,61,15,0.42987178198926446,
2,YZt,62,15,0.42096356237117244,
2,YZt,63,15,0.4383249867755071,
2,YZt,64,15,0.43318303266765507,
2,YZt,65,15,0.41048475143368823,
2,YZt,66,15,0.4214072332396829,
2,YZt,67,15,0.36984727145054086,
2,YZt,68,15,0.3377644104009977,
2,YZt,69,15,0.3105725499461254,
2,YZt,70,15,0.2919889805832244,
2,YZt,71,15,0.2892025378087126,
2,YZt,72,15,0.26979958101738544,
2,YZt,73,15,0.2710262711954744,
2,YZt,74,15,0.25556690420473194,
2,YZt,75,15,0.25998646642631784,
2,YZt,76,15,0.2481405177741337,
2,YZt,77,15,0.2527029626374418,
2,YZt,78,15,0.2450327179906641,
2,YZt,79,15,0.24757079952407174,
2,YZt,80,15,0.24696074145715347,
2,YZt,81,15,0.24642967002303875,
2,YZt,82,15,0.25057768456811713,
2,YZt,83,15,0.2479101548885582,
2,YZt,84,15,0.25843252448160975,
2,YZt,85,15,0.2564633147935247,
2,YZt,86,15,0.2582230392842893,
2,YZt,87,15,0.2644961811961384,
2,YZt,88,15,0.261265982826638,
2,YZt,89,15,0.26882685971160425,
2,YZt,90,15,0.271967054561926,
2,YZt,91,15,0.26896422993637187,
2,YZt,92,15,0.2760602101331988,
2,YZt,93,15,0.2805472726897269,
2,YZt,94,15,0.27754578546381253,
2,YZt,95,15,0.2808896390542638,
2,YZt,96,15,0.287318344190512,
2,YZt,97,15,0.2859951672059932,
2,YZt,98,15,0.2852699235330499,
2,YZt,99,15,0.29308479412242966,
2,YZt,100,15,0.2984946680800326,
2,YZt,101,15,0.29660654099331685,
2,YZt,102,15,0.297813425429982,
2,YZt,103,15,0.30452925432270056,
2,YZt,104,15,0.31251682534567155,
2,YZt,105,15,0.3124600829380307,
2,YZt,106,15,0.3132249015119292,
2,YZt,107,15,0.3176943139062802,
2,YZt,108,15,0.32693547420325475,
2,YZt,109,15,0.33786748087736757,
2,YZt,110,15,0.3434801266418013,
2,YZt,111,15,0.34720674333301516,
2,YZt,112,15,0.3484464045384665,
2,YZt,113,15,0.349613767105348,
2,YZt,114,15,0.35421235888151964,
2,YZt,115,15,0.35921568859815883,
2,YZt,116,15,0.3655064493669184,
2,YZt,117,15,0.3710517843416991,
2,YZt,118,15,0.37439530995510373,
2,YZt,119,15,0.3761803241845024,
2,YZt,120,15,0.37821940778703556,
2,YZt,121,15,0.37803150546006076,
2,YZt,122,15,0.37394148130738497,
2,YZt,123,15,0.36823655875522093,
2,YZt,124,15,0.36046565218611765,
2,YZt,125,15,0.3542101327386527,
2,YZt,126,15,0.34752499638907636,
2,YZt,127,15,0.34451203275282716,
2,YZt,128,15,0.3426312577740802,
2,YZt,129,15,0.34133717877984193,
2,YZt,130,15,0.34051474344011073,
2,YZt,131,15,0.3391383094677479,
2,YZt,132,15,0.33824229619052504,
2,YZt,133,15,0.3382375135644232,
2,YZt,134,15,0.33880745173005566,
2,YZt,135,15,0.3368156071727262,
2,YZt,136,15,0.33671720887691114,
2,YZt,137,15,0.3362566251571347,
2,YZt,138,15,0.33591667979310175,
2,YZt,139,15,0.3382640162608346,
2,YZt,140,15,0.34140831671905936,
2,YZt,141,15,0.34403328055436927,
2,YZt,142,15,0.34399283968168437,
2,YZt,143,15,0.34218559893789313,
2,YZt,144,15,0.33563182716267986,
2,YZt,145,15,0.3283503123643919,
2,YZt,146,15,0.32318400193330693,
2,YZt,147,15,0.32325548503021734,
2,YZt,148,15,0.3238474385248313,
2,YZt,149,15,0.32702141766210335,
2,YZt,150,15,0.32729898790134004,
2,YZt,151,15,0.3219649798163823,
2,YZt,152,15,0.3179067778954736,
2,YZt,153,15,0.31776685358510276,
2,YZt,154,15,0.32125899374620603,
2,YZt,155,15,0.3210896319783215,
2,YZt,156,15,0.3106186063610422,
2,YZt,157,15,0.3018970768157534,
2,YZt,158,15,0.2980525656909193,
2,YZt,159,15,0.29745391029904616,
2,YZt,160,15,0.29059438830550144,
2,YZt,161,15,0.27955564125355176,
2,YZt,162,15,0.281868899455266,
2,YZt,163,15,0.2821435710629235,
2,YZt,164,15,0.2736045494391402,
2,YZt,165,15,0.26925199448158993,
2,YZt,166,15,0.27228139901560816,
2,YZt,167,15,0.2674701258218098,
2,YZt,168,15,0.2584445383371402,
2,YZt,169,15,0.2605227849402494,
2,YZt,170,15,0.25650362525777254,
2,YZt,171,15,0.24726461619516724,
2,YZt,172,15,0.24907703752228358,
2,YZt,173,15,0.24353518268353325,
2,YZt,174,15,0.24319427538797853,
2,YZt,175,15,0.24840621932748935,
2,YZt,176,15,0.24091089304369215,
2,YZt,177,15,0.24992423787026852,
2,YZt,178,15,0.2502334514583766,
2,YZt,179,15,0.25568261616281074,
2,YZt,180,15,0.2605133268034162,
2,YZt,181,15,0.26267346109519785,
2,YZt,182,15,0.2774651975660775,
2,YZt,183,15,0.2769191899668361,
2,YZt,184,15,0.3027394976736966,
2,YZt,185,15,0.3113754142093671,
2,YZt,186,15,0.3537462536373727,
2,YZt,187,15,0.4004502972344195,
2,YZt,188,15,0.4438829524473357,
2,YZt,189,15,0.43125626804425266,
2,YZt,190,15,0.45649587828541965,
2,YZt,191,15,0.46490935326110117,
2,YZt,192,15,0.4524479041564137,
2,YZt,193,15,0.4750094011357635,
2,YZt,194,15,0.45724130876970015,
2,YZt,195,15,0.472671313798928,
2,YZt,196,15,0.4703629909085086,
2,YZt,197,15,0.45673192508966837,
2,YZt,198,15,0.47689129124722907,
2,YZt,199,15,0.46924287911727786,
2,YZt,200,15,0.4544899508407957,
2,YZt,201,15,0.47268034269175696,
2,YZt,202,15,0.47930126619245406,
2,YZt,203,15,0.4666558171985529,
2,YZt,204,15,0.47195495437351037,
2,YZt,205,15,0.4873875378587995,
2,YZt,206,15,0.4963607381281914,
2,YZt,207,15,0.48268977570034416,
2,YZt,208,15,0.4751982221666244,
2,YZt,209,15,0.48324418588210705,
2,YZt,210,15,0.49522064995914317,
2,YZt,211,15,0.5060437562795489,
2,YZt,212,15,0.5033039024419131,
2,YZt,213,15,0.49886832300789047,
2,YZt,214,15,0.49108076452022653,
2,YZt,215,15,0.49123760579605014,
2,YZt,216,15,0.49019004118016707,
2,YZt,217,15,0.4892428053848621,
2,YZt,218,15,0.4832375395095836,
2,YZt,219,15,0.48600963170524664,
2,YZt,220,15,0.48993601434902123,
2,YZt,221,15,0.48666447446894473,
2,YZt,222,15,0.4828654039642925,
2,YZt,223,15,0.48551512108475653,
2,YZt,224,15,0.47890777262000384,
2,YZt,225,15,0.46438491252830516,
2,YZt,226,15,0.4698280000393811,
2,YZt,227,15,0.47817137228130263,
2,YZt,228,15,0.46569037156409343,
2,YZt,229,15,0.46025056322778074,
2,YZt,230,15,0.4581392030733885,
2,YZt,231,15,0.46218414085771675,
2,YZt,232,15,0.46306421874959797,
2,YZt,233,15,0.4478435154014199,
2,YZt,234,15,0.45551264366341876,
2,YZt,235,15,0.4562525165199261,
2,YZt,236,15,0.4426647391276341,
2,YZt,237,15,0.4529138556663571,
2,YZt,238,15,0.4477795427315601,
2,YZt,239,15,0.4421392285495566,
2,YZt,240,15,0.45553281786229255,
2,YZt,241,15,0.453763859171167,
2,YZt,242,15,0.4397818425420282,
2,YZt,243,15,0.4621112941666428,
2,YZt,244,15,0.4548892285390943,
2,YZt,245,15,0.44302912708555015,
2,YZt,246,15,0.4817259828529095,
2,YZt,247,15,0.4795016452612755,
2,YZt,248,15,0.5092715958140277,
2,YZt,249,15,0.4906380283437516,
2,YZt,250,15,0.5100989048667772,
2,YZt,251,15,0.5105559180976084,
2,YZt,252,15,0.528307045928181,
2,YZt,253,15,0.43842452419993555,
2,YZt,254,15,0.3834176041220796,
2,YZt,255,15,0.4185602675125576,
2,YZt,256,15,0.41854914619600303,
2,YZt,257,15,0.4367326152680425,
2,YZt,258,15,0.4578017184384749,
2,YZt,259,15,0.35051772162457506,
2,XZt,0,15,0.34070499321469927,
2,XZt,1,15,0.44906276409660517,
2,XZt,2,15,0.40094924287317574,
2,XZt,3,15,0.38727599899551746,
2,XZt,4,15,0.38993204590196323,
2,XZt,5,15,0.36150754851912625,
2,XZt,6,15,0.4131366071918172,
2,XZt,7,15,0.517088922660206,
2,XZt,8,15,0.5129485385259231,
2,XZt,9,15,0.5250624045506626,
2,XZt,10,15,0.5071963607730321,
2,XZt,11,15,0.5402115829375039,
2,XZt,12,15,0.5196052771172545,
2,XZt,13,15,0.5260147373214475,
2,XZt,14,15,0.49355093766101765,
2,XZt,15,15,0.5032863447385092,
2,XZt,16,15,0.5043679747055351,
2,XZt,17,15,0.4967183181226688,
2,XZt,18,15,0.5174985330995456,
2,XZt,19,15,0.5120525671588328,
2,XZt,20,15,0.49949080637941656,
2,XZt,21,15,0.5128709102701728,
2,XZt,22,15,0.5135690074462091,
2,XZt,23,15,0.5043323081424909,
2,XZt,24,15,0.5125105310739086,
2,XZt,25,15,0.5115516300803956,
2,XZt,26,15,0.5109654598481599,
2,XZt,27,15,0.5258433239215363,
2,XZt,28,15,0.5147540599574932,
2,XZt,29,15,0.523199869450432,
2,XZt,30,15,0.5205069088698568,
2,XZt,31,15,0.5158803156304979,
2,XZt,32,15,0.5280260519316334,
2,XZt,33,15,0.5198335487085302,
2,XZt,34,15,0.5084949997618403,
2,XZt,35,15,0.5155898085484559,
2,XZt,36,15,0.5213933080530843,
2,XZt,37,15,0.5203033353250772,
2,XZt,38,15,0.5240182383140464,
2,XZt,39,15,0.5226810235038425,
2,XZt,40,15,0.5137564718323048,
2,XZt,41,15,0.512419116944009,
2,XZt,42,15,0.5189794365105429,
2,XZt,43,15,0.5222799957647616,
2,XZt,44,15,0.5179914940004915,
2,XZt,45,15,0.5167190243438989,
2,XZt,46,15,0.5222376251054045,
2,XZt,47,15,0.5258047507701593,
2,XZt,48,15,0.5240324256061137,
2,XZt,49,15,0.5090405465853794,
2,XZt,50,15,0.497626681233299,
2,XZt,51,15,0.49018512894494015,
2,XZt,52,15,0.49565274605098253,
2,XZt,53,15,0.5085793857702118,
2,XZt,54,15,0.5015941136782801,
2,XZt,55,15,0.48800067544064585,
2,XZt,56,15,0.4827757793288583,
2,XZt,57,15,0.4998988236598484,
2,XZt,58,15,0.4920358101234013,
2,XZt,59,15,0.47406778271660716,
2,XZt,60,15,0.4906720929917341,
2,XZt,61,15,0.4992437109795898,
2,XZt,62,15,0.472647790752964,
2,XZt,63,15,0.48685683704180105,
2,XZt,64,15,0.4846827787101758,
2,XZt,65,15,0.4691248140367161,
2,XZt,66,15,0.48619898310574966,
2,XZt,67,15,0.46444682368234297,
2,XZt,68,15,0.4686606160626718,
2,XZt,69,15,0.46373847457691675,
2,XZt,70,15,0.44316124077541225,
2,XZt,71,15,0.43870995664108975,
2,XZt,72,15,0.41426529887185254,
2,XZt,73,15,0.41320097694478325,
2,XZt,74,15,0.3873441194718147,
2,XZt,75,15,0.3890046782973129,
2,XZt,76,15,0.36560412602887443,
2,XZt,77,15,0.3672741142985051,
2,XZt,78,15,0.35111308285236337,
2,XZt,79,15,0.3476255807612767,
2,XZt,80,15,0.3380230454925157,
2,XZt,81,15,0.32981263229204083,
2,XZt,82,15,0.32843510311092505,
2,XZt,83,15,0.31545335777453704,
2,XZt,84,15,0.3210494619092157,
2,XZt,85,15,0.3124084749853677,
2,XZt,86,15,0.31003588384902997,
2,XZt,87,15,0.3148627298226066,
2,XZt,88,15,0.30587029199500093,
2,XZt,89,15,0.3111375369947824,
2,XZt,90,15,0.3112137647861142,
2,XZt,91,15,0.3049865454797606,
2,XZt,92,15,0.30943581713981855,
2,XZt,93,15,0.31077371847344104,
2,XZt,94,15,0.30458672740857307,
2,XZt,95,15,0.3055112149886825,
2,XZt,96,15,0.3091966595260298,
2,XZt,97,15,0.3036778090016086,
2,XZt,98,15,0.2982814752208802,
2,XZt,99,15,0.30069368395190044,
2,XZt,100,15,0.30030814954638785,
2,XZt,101,15,0.2929551881143005,
2,XZt,102,15,0.28773728334318527,
2,XZt,103,15,0.2880966014181207,
2,XZt,104,15,0.2883787775803688,
2,XZt,105,15,0.2827408316360666,
2,XZt,106,15,0.27563737359414026,
2,XZt,107,15,0.2722969300433298,
2,XZt,108,15,0.2726229690568285,
2,XZt,109,15,0.2747586540640658,
2,XZt,110,15,0.27106468233352,
2,XZt,111,15,0.26679634994788887,
2,XZt,112,15,0.26267409905619693,
2,XZt,113,15,0.2601788342921108,
2,XZt,114,15,0.2614337852019022,
2,XZt,115,15,0.262997075337266,
2,XZt,116,15,0.2638198337993456,
2,XZt,117,15,0.2639288601177453,
2,XZt,118,15,0.2629833663026371,
2,XZt,119,15,0.2607058773378047,
2,XZt,120,15,0.258669100494032,
2,XZt,121,15,0.2562647556098382,
2,XZt,122,15,0.2556534595738322,
2,XZt,123,15,0.25313565400376425,
2,XZt,124,15,0.253805453264478,
2,XZt,125,15,0.2550845344385054,
2,XZt,126,15,0.25581651582581244,
2,XZt,127,15,0.25538798664483503,
2,XZt,128,15,0.2567473707643404,
2,XZt,129,15,0.2590477259569973,
2,XZt,130,15,0.2598650061108954,
2,XZt,131,15,0.25976780977031416,
2,XZt,132,15,0.26001209503658856,
2,XZt,133,15,0.2602550693325112,
2,XZt,134,15,0.26276118421349304,
2,XZt,135,15,0.26242983996318,
2,XZt,136,15,0.262914184781633,
2,XZt,137,15,0.2654365270750621,
2,XZt,138,15,0.2674967815189174,
2,XZt,139,15,0.27099879822392675,
2,XZt,140,15,0.2727292973325368,
2,XZt,141,15,0.27529984433676336,
2,XZt,142,15,0.27678992785815665,
2,XZt,143,15,0.27742298621787465,
2,XZt,144,15,0.2760989159422772,
2,XZt,145,15,0.27412845796379565,
2,XZt,146,15,0.2756101177811893,
2,XZt,147,15,0.27865186309526135,
2,XZt,148,15,0.2849867265377419,
2,XZt,149,15,0.29248990598264235,
2,XZt,150,15,0.2967629048589859,
2,XZt,151,15,0.2986222682272706,
2,XZt,152,15,0.3001604801996931,
2,XZt,153,15,0.30570633660060653,
2,XZt,154,15,0.31530922379205173,
2,XZt,155,15,0.32372136789509454,
2,XZt,156,15,0.3258101208240147,
2,XZt,157,15,0.32874021138306525,
2,XZt,158,15,0.33854762077078404,
2,XZt,159,15,0.35191882945512803,
2,XZt,160,15,0.35901136789354304,
2,XZt,161,15,0.3616855198568631,
2,XZt,162,15,0.375925110805553,
2,XZt,163,15,0.38981555594793693,
2,XZt,164,15,0.3926701414860243,
2,XZt,165,15,0.39841740107055285,
2,XZt,166,15,0.4120547841950154,
2,XZt,167,15,0.4161601032998435,
2,XZt,168,15,0.415312843939515,
2,XZt,169,15,0.4286833692261725,
2,XZt,170,15,0.43252454607033064,
2,XZt,171,15,0.42950163607066083,
2,XZt,172,15,0.4399777363616299,
2,XZt,173,15,0.43248516925868397,
2,XZt,174,15,0.4303334722340052,
2,XZt,175,15,0.4323147189534269,
2,XZt,176,15,0.4141884425704296,
2,XZt,177,15,0.41642582368668635,
2,XZt,178,15,0.3980642225760483,
2,XZt,179,15,0.38945381423820585,
2,XZt,180,15,0.38348427079874026,
2,XZt,181,15,0.3689951290145632,
2,XZt,182,15,0.36900923955805165,
2,XZt,183,15,0.35196265008820277,
2,XZt,184,15,0.35783123039274556,
2,XZt,185,15,0.3435086445414341,
2,XZt,186,15,0.3534910088978629,
2,XZt,187,15,0.3432744962731763,
2,XZt,188,15,0.3539508493014803,
2,XZt,189,15,0.3504359085511421,
2,XZt,190,15,0.35869589856189776,
2,XZt,191,15,0.3637391193480704,
2,XZt,192,15,0.35866989413116673,
2,XZt,193,15,0.37057997996521924,
2,XZt,194,15,0.35738837177121663,
2,XZt,195,15,0.36603533530748067,
2,XZt,196,15,0.36454158971092004,
2,XZt,197,15,0.35293939553858916,
2,XZt,198,15,0.3647485525645816,
2,XZt,199,15,0.36054046882508883,
2,XZt,200,15,0.35112493909283365,
2,XZt,201,15,0.3609667877256892,
2,XZt,202,15,0.36122885151173717,
2,XZt,203,15,0.3525870858612528,
2,XZt,204,15,0.3535568692063141,
2,XZt,205,15,0.3613991462187343,
2,XZt,206,15,0.36129912614691795,
2,XZt,207,15,0.356101692283272,
2,XZt,208,15,0.35154371314994154,
2,XZt,209,15,0.35813075926148596,
2,XZt,210,15,0.3657086798745324,
2,XZt,211,15,0.37553201764732297,
2,XZt,212,15,0.37959941890829246,
2,XZt,213,15,0.38751242203577607,
2,XZt,214,15,0.39795943223079483,
2,XZt,215,15,0.41425278624898043,
2,XZt,216,15,0.43456649820235943,
2,XZt,217,15,0.45383973997806554,
2,XZt,218,15,0.47301984636532407,
2,XZt,219,15,0.49831879645175214,
2,XZt,220,15,0.5243838495633818,
2,XZt,221,15,0.5401437784977676,
2,XZt,222,15,0.5467673203193736,
2,XZt,223,15,0.539984138421408,
2,XZt,224,15,0.5289834317239226,
2,XZt,225,15,0.5134121646230938,
2,XZt,226,15,0.5192548609788349,
2,XZt,227,15,0.5232236069186772,
2,XZt,228,15,0.5082843003870716,
2,XZt,229,15,0.5060793846550858,
2,XZt,230,15,0.507626521299274,
2,XZt,231,15,0.5007369639148553,
2,XZt,232,15,0.5093867246688677,
2,XZt,233,15,0.49243462046808806,
2,XZt,234,15,0.4983668061252873,
2,XZt,235,15,0.5071331181323141,
2,XZt,236,15,0.49374536766467597,
2,XZt,237,15,0.5039131981870043,
2,XZt,238,15,0.5024492619967554,
2,XZt,239,15,0.5002515927674389,
2,XZt,240,15,0.5166535675289199,
2,XZt,241,15,0.5076984812785393,
2,XZt,242,15,0.49724256126717004,
2,XZt,243,15,0.5059954580708654,
2,XZt,244,15,0.5101075424697651,
2,XZt,245,15,0.4941853377922247,
2,XZt,246,15,0.5312259171721815,
2,XZt,247,15,0.5234891073906016,
2,XZt,248,15,0.5477629684278238,
2,XZt,249,15,0.523274898939834,
2,XZt,250,15,0.5363160642559575,
2,XZt,251,15,0.5256779197528684,
2,XZt,252,15,0.5303048389912779,
2,XZt,253,15,0.4208932789156089,
2,XZt,254,15,0.3624322912730255,
2,XZt,255,15,0.39478200417829057,
2,XZt,256,15,0.3983433003962353,
2,XZt,257,15,0.4196794793911954,
2,XZt,258,15,0.4578399547607268,
2,XZt,259,15,0.32148580817961453,
3,XYt,0,15,0.2274736482209571,
3,XYt,1,15,0.21757296203201562,
3,XYt,2,15,0.20607568462672043,
3,XYt,3,15,0.20076894110674995,
3,XYt,4,15,0.19331215821468592,
3,XYt,5,15,0.1813517675413881,
3,XYt,6,15,0.17268892911510494,
3,XYt,7,15,0.16713272852840347,
3,XYt,8,15,0.16477287944355162,
3,XYt,9,15,0.16741293710533353,
3,XYt,10,15,0.17209159650637348,
3,XYt,11,15,0.17600581477961605,
3,XYt,12,15,0.17911065022876752,
3,XYt,13,15,0.1797928241826762,
3,XYt,14,15,0.17748840162448226,
3,XYt,15,15,0.17182768956061056,
3,XYt,16,15,0.158008941585524,
3,XYt,17,15,0.14233552351686918,
3,XYt,18,15,0.14331576152361636,
3,XYt,19,15,0.1485282492711371,
3,XYt,20,15,0.15719302107690417,
3,XYt,21,15,0.1648003691035014,
3,XYt,22,15,0.17002715531934331,
3,XYt,23,15,0.17283655935586742,
3,XYt,24,15,0.17287396673231012,
3,XYt,25,15,0.17099660729365765,
3,XYt,26,15,0.16775422487308156,
3,XYt,27,15,0.1641624242755763,
3,XYt,28,15,0.16076840885363322,
3,XYt,29,15,0.15839490101207282,
3,XYt,30,15,0.15788732231516997,
3,XYt,31,15,0.15944860427365906,
3,XYt,32,15,0.16355278634772252,
3,XYt,33,15,0.16985841512912817,
3,XYt,34,15,0.17843299253297829,
3,XYt,35,15,0.19168530607831466,
3,XYt,36,15,0.2115646867910503,
3,XYt,37,15,0.24195876184366416,
3,XYt,38,15,0.28532835416173963,
3,XYt,39,15,0.34548233161013875,
3,XYt,40,15,0.42215424047915423,
3,XYt,41,15,0.5110037203762372,
3,XYt,42,15,0.6107886593083004,
3,XYt,43,15,0.7140611322391653,
3,XYt,44,15,0.7802318383764505,
3,XYt,45,15,0.8065073951531391,
3,XYt,46,15,0.7872249530381469,
3,XYt,47,15,0.7434944317812943,
3,XYt,48,15,0.7152398521701866,
3,XYt,49,15,0.7041523611528464,
3,XYt,50,15,0.6963420459099204,
3,XYt,51,15,0.6884279008988056,
3,XYt,52,15,0.6749092320749862,
3,XYt,53,15,0.6575705232755068,
3,XYt,54,15,0.6308207677439569,
3,XYt,55,15,0.5929029358357065,
3,XYt,56,15,0.5437222523207308,
3,XYt,57,15,0.4952965965914912,
3,XYt,58,15,0.4568665877756898,
3,XYt,59,15,0.4325220502139577,
3,XYt,60,15,0.4167990733602552,
3,XYt,61,15,0.40855716669724335,
3,XYt,62,15,0.405048222818862,
3,XYt,63,15,0.40673593678869296,
3,XYt,64,15,0.410836933563278,
3,XYt,65,15,0.417591625689077,
3,XYt,66,15,0.4225608264044732,
3,XYt,67,15,0.42696185088670474,
3,XYt,68,15,0.4301583769263157,
3,XYt,69,15,0.43163705566893024,
3,XYt,70,15,0.4323018911107547,
3,XYt,71,15,0.43306246072386967,
3,XYt,72,15,0.4343610811079911,
3,XYt,73,15,0.43359950862779506,
3,XYt,74,15,0.43236568632955363,
3,XYt,75,15,0.4289951345715486,
3,XYt,76,15,0.42311835466328696,
3,XYt,77,15,0.4124498537237338,
3,XYt,78,15,0.3973260740171617,
3,XYt,79,15,0.3808641812012995,
3,XYt,80,15,0.3666263454714499,
3,XYt,81,15,0.35588265733803187,
3,XYt,82,15,0.34720397694650973,
3,XYt,83,15,0.34045929231470834,
3,XYt,84,15,0.3346980224490042,
3,XYt,85,15,0.3301306829549422,
3,XYt,86,15,0.3258859018846225,
3,XYt,87,15,0.32118992359347026,
3,XYt,88,15,0.31503907403096737,
3,XYt,89,15,0.30998502225825597,
3,XYt,90,15,0.3071016289817058,
3,XYt,91,15,0.3061461756320368,
3,XYt,92,15,0.30440317708577697,
3,XYt,93,15,0.3020814184822061,
3,XYt,94,15,0.29993303620729705,
3,XYt,95,15,0.2988032071865224,
3,XYt,96,15,0.2979689011221897,
3,XYt,97,15,0.29667864402098465,
3,XYt,98,15,0.2946364453966283,
3,XYt,99,15,0.2927208213355263,
3,XYt,100,15,0.2900102756304557,
3,XYt,101,15,0.28782170841255195,
3,XYt,102,15,0.2859887495811822,
3,XYt,103,15,0.28408050966951376,
3,XYt,104,15,0.2819911095442179,
3,XYt,105,15,0.28111786526892385,
3,XYt,106,15,0.2802187640760816,
3,XYt,107,15,0.27946988960301916,
3,XYt,108,15,0.27868346523168286,
3,XYt,109,15,0.2775429099079062,
3,XYt,110,15,0.27666659165487967,
3,XYt,111,15,0.27635711838525595,
3,XYt,112,15,0.27728113683913064,
3,XYt,113,15,0.2797383278654403,
3,XYt,114,15,0.28289762618747777,
3,XYt,115,15,0.2875358229874121,
3,XYt,116,15,0.2947979181335848,
3,XYt,117,15,0.3016314607585292,
3,XYt,118,15,0.305316413348969,
3,XYt,119,15,0.30750904549143565,
3,XYt,120,15,0.30870536301997425,
3,XYt,121,15,0.3068002438757797,
3,XYt,122,15,0.30543719726354485,
3,XYt,123,15,0.30452940413304885,
3,XYt,124,15,0.3040332602144184,
3,XYt,125,15,0.3041643206463757,
3,XYt,126,15,0.30527622045233316,
3,XYt,127,15,0.3092626950134926,
3,XYt,128,15,0.31305661174948873,
3,XYt,129,15,0.31721113051684147,
3,XYt,130,15,0.3201218793275789,
3,XYt,131,15,0.32239616083785366,
3,XYt,132,15,0.32495290062715465,
3,XYt,133,15,0.3303537345527377,
3,XYt,134,15,0.33650657329027267,
3,XYt,135,15,0.344047803240414,
3,XYt,136,15,0.3524527025627601,
3,XYt,137,15,0.3614726205688755,
3,XYt,138,15,0.3720627623567894,
3,XYt,139,15,0.3839315036397433,
3,XYt,140,15,0.39155301465271736,
3,XYt,141,15,0.3919127414345809,
3,XYt,142,15,0.3902306652020541,
3,XYt,143,15,0.38798435873411957,
3,XYt,144,15,0.3860104552133217,
3,XYt,145,15,0.3834156997242213,
3,XYt,146,15,0.3810256976229471,
3,XYt,147,15,0.3792629648858706,
3,XYt,148,15,0.3780437903489895,
3,XYt,149,15,0.3780262173529345,
3,XYt,150,15,0.3780608115113158,
3,XYt,151,15,0.3787669522382031,
3,XYt,152,15,0.37996847004760137,
3,XYt,153,15,0.38153883304431996,
3,XYt,154,15,0.38130157840992984,
3,XYt,155,15,0.3806265296656099,
3,XYt,156,15,0.37831380687115707,
3,XYt,157,15,0.3708060616144505,
3,XYt,158,15,0.35842706262896445,
3,XYt,159,15,0.34680621263613665,
3,XYt,160,15,0.3358323181815612,
3,XYt,161,15,0.32627616295837236,
3,XYt,162,15,0.3180438387062536,
3,XYt,163,15,0.3118892364217613,
3,XYt,164,15,0.3063611037282923,
3,XYt,165,15,0.30049189859567815,
3,XYt,166,15,0.2949371408005636,
3,XYt,167,15,0.2873957176175396,
3,XYt,168,15,0.2803660697804899,
3,XYt,169,15,0.2757331045711109,
3,XYt,170,15,0.27342166899150794,
3,XYt,171,15,0.27162570962275345,
3,XYt,172,15,0.2707513855059898,
3,XYt,173,15,0.26906732188777666,
3,XYt,174,15,0.2687901243808874,
3,XYt,175,15,0.26890563545297363,
3,XYt,176,15,0.26923252245386303,
3,XYt,177,15,0.2678720511089327,
3,XYt,178,15,0.2667358137176975,
3,XYt,179,15,0.26517758851784645,
3,XYt,180,15,0.2631481782265018,
3,XYt,181,15,0.2605311635113328,
3,XYt,182,15,0.2594534180005876,
3,XYt,183,15,0.258530463775853,
3,XYt,184,15,0.25787237388794293,
3,XYt,185,15,0.25709517563549367,
3,XYt,186,15,0.25542899268032615,
3,XYt,187,15,0.25381808477738255,
3,XYt,188,15,0.2542032441007883,
3,XYt,189,15,0.2555296012006695,
3,XYt,190,15,0.25699174223053345,
3,XYt,191,15,0.25846267367629494,
3,XYt,192,15,0.2590503820197453,
3,XYt,193,15,0.2595579743601862,
3,XYt,194,15,0.26060436933769093,
3,XYt,195,15,0.2633876966917713,
3,XYt,196,15,0.26761850643655166,
3,XYt,197,15,0.27372944750834066,
3,XYt,198,15,0.27848461157783044,
3,XYt,199,15,0.2798136677044959,
3,XYt,200,15,0.2821391678040916,
3,XYt,201,15,0.2825506687941336,
3,XYt,202,15,0.2809140833902776,
3,XYt,203,15,0.28093674636643234,
3,XYt,204,15,0.2811768111916211,
3,XYt,205,15,0.28152018387033434,
3,XYt,206,15,0.284113058190725,
3,XYt,207,15,0.2892200112317891,
3,XYt,208,15,0.2959231883523149,
3,XYt,209,15,0.30210529382451534,
3,XYt,210,15,0.30771492662739736,
3,XYt,211,15,0.3115752970761824,
3,XYt,212,15,0.31476692469448514,
3,XYt,213,15,0.3184975207422812,
3,XYt,214,15,0.32422990573431637,
3,XYt,215,15,0.33197225485460774,
3,XYt,216,15,0.34222813652090733,
3,XYt,217,15,0.35310492390366655,
3,XYt,218,15,0.36841324654863356,
3,XYt,219,15,0.38390970752950604,
3,XYt,220,15,0.39311402378671745,
3,XYt,221,15,0.3960765617907162,
3,XYt,222,15,0.397915217865588,
3,XYt,223,15,0.39791277547943604,
3,XYt,224,15,0.3964501382853144,
3,XYt,225,15,0.3936385092316976,
3,XYt,226,15,0.3904019306150259,
3,XYt,227,15,0.3885259392113276,
3,XYt,228,15,0.38518224561395886,
3,XYt,229,15,0.38191398826322853,
3,XYt,230,15,0.3774983716734719,
3,XYt,231,15,0.3722366830217701,
3,XYt,232,15,0.36513401189509725,
3,XYt,233,15,0.35673687069670407,
3,XYt,234,15,0.3455848169613365,
3,XYt,235,15,0.33538080460006847,
3,XYt,236,15,0.3232121253644942,
3,XYt,237,15,0.3098358462680917,
3,XYt,238,15,0.30001862495145365,
3,XYt,239,15,0.2965908172928635,
3,XYt,240,15,0.29499905097018625,
3,XYt,241,15,0.29467501604603563,
3,XYt,242,15,0.2938905159383015,
3,XYt,243,15,0.2935707921470898,
3,XYt,244,15,0.29361623855689345,
3,XYt,245,15,0.29393520758068975,
3,XYt,246,15,0.2927740643671173,
3,XYt,247,15,0.2940733749606535,
3,XYt,248,15,0.2948718871564007,
3,XYt,249,15,0.2964494209552409,
3,XYt,250,15,0.29737162624810065,
3,XYt,251,15,0.2981018062190846,
3,XYt,252,15,0.2990161004099851,
3,XYt,253,15,0.3020643035819429,
3,XYt,254,15,0.3077176238304942,
3,XYt,255,15,0.3138887136413961,
3,XYt,256,15,0.3163367751548508,
3,XYt,257,15,0.3043322017981982,
3,XYt,258,15,0.2716046445087534,
3,XYt,259,15,0.23225042283420116,
3,XYt,260,15,0.21014442800899458,
3,XYt,261,15,0.20203040175534984,
3,XYt,262,15,0.20101542483317436,
3,XYt,263,15,0.20244854549665964,
3,XYt,264,15,0.20400298079909907,
3,XYt,265,15,0.20309076907367812,
3,XYt,266,15,0.20294822934362228,
3,XYt,267,15,0.2023526526157235,
3,XYt,268,15,0.20373330890103683,
3,XYt,269,15,0.20386957166899722,
3,XYt,270,15,0.20404818206694425,
3,XYt,271,15,0.20409561901842277,
3,XYt,272,15,0.20385881359406272,
3,XYt,273,15,0.20359639292683915,
3,XYt,274,15,0.20493176290305007,
3,XYt,275,15,0.20572443010348332,
3,XYt,276,15,0.20650591355729142,
3,XYt,277,15,0.20591628285957114,
3,XYt,278,15,0.20562384017429863,
3,XYt,279,15,0.20482948086287628,
3,XYt,280,15,0.2046570832832869,
3,XYt,281,15,0.20493567767957696,
3,XYt,282,15,0.2054498191607244,
3,XYt,283,15,0.2062981104839943,
3,XYt,284,15,0.2070177865253767,
3,XYt,285,15,0.20744512949508143,
3,XYt,286,15,0.20764780013391923,
3,XYt,287,15,0.20776335737397716,
3,XYt,288,15,0.20685476028941083,
3,XYt,289,15,0.20596474889601726,
3,XYt,290,15,0.2053872219542461,
3,XYt,291,15,0.20576151675984486,
3,XYt,292,15,0.2054490101723911,
3,XYt,293,15,0.20568330737503865,
3,XYt,294,15,0.20548044854396685,
3,XYt,295,15,0.2054775346685193,
3,XYt,296,15,0.20512358544541673,
3,XYt,297,15,0.20522675729357912,
3,XYt,298,15,0.20615218776129865,
3,XYt,299,15,0.2057197205225554,
3,XYt,300,15,0.20579070760088444,
3,XYt,301,15,0.20668057934350365,
3,XYt,302,15,0.2070112729040048,
3,XYt,303,15,0.2063924998702111,
3,XYt,304,15,0.2059301460577664,
3,XYt,305,15,0.20550921110341278,
3,XYt,306,15,0.2056236542358736,
3,XYt,307,15,0.20563072569202137,
3,XYt,308,15,0.20703993928294515,
3,XYt,309,15,0.20724420544236546,
3,XYt,310,15,0.2080467349629029,
3,XYt,311,15,0.20785628454361754,
3,XYt,312,15,0.20734174728963495,
3,XYt,313,15,0.2084492263757183,
3,XYt,314,15,0.2083497024488005,
3,XYt,315,15,0.20853672592773972,
3,XYt,316,15,0.20764269912107772,
3,XYt,317,15,0.2074381958516308,
3,XYt,318,15,0.20581383379144172,
3,XYt,319,15,0.20615593189537051,
3,XYt,320,15,0.20642492436980625,
3,XYt,321,15,0.2088125738573171,
3,XYt,322,15,0.20958467218227644,
3,XYt,323,15,0.21268879405559232,
3,XYt,324,15,0.21677692417668296,
3,XYt,325,15,0.25620489124662854,
3,XYt,326,15,0.3007355282817112,
3,XYt,327,15,0.3018763989434674,
3,XYt,328,15,0.30313812243121485,
3,XYt,329,15,0.3049115164004899,
3,XYt,330,15,0.30375125953226456,
3,XYt,331,15,0.3043418136907043,
3,XYt,332,15,0.30321914296618974,
3,XYt,333,15,0.3034869747754697,
3,XYt,334,15,0.30358347420526105,
3,XYt,335,15,0.3068252338323585,
3,XYt,336,15,0.3082623658925384,
3,XYt,337,15,0.3101192607711401,
3,XYt,338,15,0.3112851431999306,
3,XYt,339,15,0.3179682516375024,
3,XYt,340,15,0.3278523050791002,
3,XYt,341,15,0.3346017240657644,
3,XYt,342,15,0.3422447180912547,
3,XYt,343,15,0.3507886745349874,
3,XYt,344,15,0.356088740469427,
3,XYt,345,15,0.3597590780301192,
3,XYt,346,15,0.3625674324667637,
3,XYt,347,15,0.3654421308030617,
3,XYt,348,15,0.3693331706633191,
3,XYt,349,15,0.37160566742030565,
3,XYt,350,15,0.3721413984985545,
3,XYt,351,15,0.37521336756356616,
3,XYt,352,15,0.3789198674773107,
3,XYt,353,15,0.38093700728573177,
3,XYt,354,15,0.381044751527917,
3,XYt,355,15,0.3805896756333716,
3,XYt,356,15,0.37788313838473897,
3,XYt,357,15,0.3692767961724534,
3,XYt,358,15,0.3547346951271726,
3,XYt,359,15,0.34356747670376997,
3,XYt,360,15,0.3353115882762918,
3,XYt,361,15,0.3282407740450327,
3,XYt,362,15,0.31697120954119984,
3,XYt,363,15,0.3124214565876831,
3,XYt,364,15,0.3750335050356701,
3,XYt,365,15,0.3685670132891555,
3,XYt,366,15,0.3630573265360489,
3,XYt,367,15,0.35999110558717085,
3,XYt,368,15,0.3583765339971844,
3,XYt,369,15,0.35656770120574977,
3,XYt,370,15,0.35437293184434765,
3,XYt,371,15,0.3529066004961979,
3,XYt,372,15,0.3505958008230395,
3,XYt,373,15,0.34994520026822573,
3,XYt,374,15,0.3489180348245066,
3,XYt,375,15,0.34683306040344786,
3,XYt,376,15,0.3420932321920853,
3,XYt,377,15,0.3377454107639908,
3,XYt,378,15,0.3315309346274432,
3,XYt,379,15,0.3274962775855473,
3,XYt,380,15,0.32420820709152676,
3,XYt,381,15,0.32388432764877284,
3,XYt,382,15,0.3224653921397776,
3,XYt,383,15,0.32293981851409337,
3,XYt,384,15,0.32170337526363196,
3,XYt,385,15,0.31663534705858654,
3,XYt,386,15,0.3123831866124548,
3,XYt,387,15,0.3140736994128454,
3,XYt,388,15,0.31467215473804994,
3,XYt,389,15,0.3162648928995593,
3,XYt,390,15,0.3162985615429499,
3,XYt,391,15,0.31759667143359877,
3,XYt,392,15,0.3174906691969128,
3,XYt,393,15,0.3184928007816182,
3,XYt,394,15,0.31864786388814414,
3,XYt,395,15,0.31998750534636194,
3,XYt,396,15,0.32096526903002937,
3,XYt,397,15,0.32390892225849194,
3,XYt,398,15,0.32438736496854476,
3,XYt,399,15,0.3244270084386765,
3,XYt,400,15,0.32384397182880886,
3,XYt,401,15,0.32373737655943347,
3,XYt,402,15,0.3225369245412158,
3,XYt,403,15,0.3221253606354126,
3,XYt,404,15,0.3220944717666108,
3,XYt,405,15,0.3224349301834038,
3,XYt,406,15,0.3229335037452175,
3,XYt,407,15,0.3245666069240437,
3,XYt,408,15,0.327320983105102,
3,XYt,409,15,0.32997509286120214,
3,XYt,410,15,0.3309919747373412,
3,XYt,411,15,0.3278477602442191,
3,XYt,412,15,0.32933830231909395,
3,XYt,413,15,0.33147573154979504,
3,XYt,414,15,0.33341027125190026,
3,XYt,415,15,0.3354821371330511,
3,XYt,416,15,0.34157765960769515,
3,XYt,417,15,0.34695493694462204,
3,XYt,418,15,0.3512063985810375,
3,XYt,419,15,0.35366369497901395,
3,XYt,420,15,0.35741168530006606,
3,XYt,421,15,0.35773545887935476,
3,XYt,422,15,0.359472605856903,
3,XYt,423,15,0.3606014872191632,
3,XYt,424,15,0.36288494927454074,
3,XYt,425,15,0.3643711705244863,
3,XYt,426,15,0.36646787591122654,
3,XYt,427,15,0.3676246938101024,
3,XYt,428,15,0.3707789689415251,
3,XYt,429,15,0.3739932530620224,
3,XYt,430,15,0.3776802910526816,
3,XYt,431,15,0.38297133710741915,
3,XYt,432,15,0.3908972532387552,
3,XYt,433,15,0.39851248288076707,
3,XYt,434,15,0.40783552853009386,
3,XYt,435,15,0.41913463614106916,
3,XYt,436,15,0.4365626291757987,
3,XYt,437,15,0.44755660091225036,
3,XYt,438,15,0.4503058981070607,
3,XYt,439,15,0.45058877198234737,
3,XYt,440,15,0.4522548583560093,
3,XYt,441,15,0.45385976953799445,
3,XYt,442,15,0.45528084278367786,
3,XYt,443,15,0.45437524453178174,
3,XYt,444,15,0.4529893549488153,
3,XYt,445,15,0.44999959117114785,
3,XYt,446,15,0.44755014003292043,
3,XYt,447,15,0.4450991475569267,
3,XYt,448,15,0.4435459785998485,
3,XYt,449,15,0.44020311853235733,
3,XYt,450,15,0.4370264132121758,
3,XYt,451,15,0.431369301043638,
3,XYt,452,15,0.42450926431997277,
3,XYt,453,15,0.4180698470874887,
3,XYt,454,15,0.40912032641281226,
3,XYt,455,15,0.3997090643128394,
3,XYt,456,15,0.3952439984919625,
3,XYt,457,15,0.39391450633072406,
3,XYt,458,15,0.39368113724892,
3,XYt,459,15,0.39348936899279646,
3,XYt,460,15,0.3948837474643062,
3,XYt,461,15,0.3955230079030624,
3,XYt,462,15,0.3979958981902053,
3,XYt,463,15,0.4024733939126471,
3,XYt,464,15,0.4116828861872498,
3,XYt,465,15,0.4178878421884392,
3,XYt,466,15,0.40681744354602223,
3,XYt,467,15,0.36108819181417917,
3,XYt,468,15,0.30532069084767227,
3,XYt,469,15,0.26768445989570816,
3,XYt,470,15,0.25463448240757486,
3,XYt,471,15,0.2525883878253243,
3,XYt,472,15,0.25406226493196093,
3,XYt,473,15,0.2546970103408263,
3,XYt,474,15,0.2538129299410977,
3,XYt,475,15,0.25337448535960216,
3,XYt,476,15,0.2523241948267814,
3,XYt,477,15,0.2516720888076873,
3,XYt,478,15,0.2510093571662599,
3,XYt,479,15,0.2504961127157413,
3,XYt,480,15,0.24995486872702233,
3,XYt,481,15,0.24957492447968277,
3,XYt,482,15,0.24918527689684963,
3,XYt,483,15,0.2493171257917207,
3,XYt,484,15,0.25009344037872716,
3,XYt,485,15,0.2503612459348849,
3,XYt,486,15,0.24981264118869093,
3,XYt,487,15,0.249733784295546,
3,XYt,488,15,0.24968069558899642,
3,XYt,489,15,0.2502408416263601,
3,XYt,490,15,0.2504437888778881,
3,XYt,491,15,0.25139832560138436,
3,XYt,492,15,0.2524155331250769,
3,XYt,493,15,0.2524490924110998,
3,XYt,494,15,0.251999594774521,
3,XYt,495,15,0.2521078745725572,
3,XYt,496,15,0.25184770984155397,
3,XYt,497,15,0.2509188195911357,
3,XYt,498,15,0.2496935779333814,
3,XYt,499,15,0.2485585915913,
3,XYt,500,15,0.24736328727247922,
3,XYt,501,15,0.24709975620183533,
3,XYt,502,15,0.24660441948179732,
3,XYt,503,15,0.24686391313493025,
3,XYt,504,15,0.24752755761940454,
3,XYt,505,15,0.24724210896779095,
3,XYt,506,15,0.24749585296095275,
3,XYt,507,15,0.2470259480433134,
3,XYt,508,15,0.24738655395815193,
3,XYt,509,15,0.24756257654701638,
3,XYt,510,15,0.24760298560609414,
3,XYt,511,15,0.24747737629748343,
3,XYt,512,15,0.24809367581725486,
3,XYt,513,15,0.24788132892240083,
3,XYt,514,15,0.24856408755030449,
3,XYt,515,15,0.24923857924008616,
3,XYt,516,15,0.24895153796194208,
3,XYt,517,15,0.24841897184591655,
3,XYt,518,15,0.24876850456444416,
3,XYt,519,15,0.24844149662986326,
3,XYt,520,15,0.24821394900793442,
3,XYt,521,15,0.24736456335050877,
3,XYt,522,15,0.2462221770162786,
3,XYt,523,15,0.2443446845485445,
3,XYt,524,15,0.2436599658470207,
3,XYt,525,15,0.24341772526649186,
3,XYt,526,15,0.2430984753930505,
3,XYt,527,15,0.24207690893022468,
3,XYt,528,15,0.23959981216344653,
3,XYt,529,15,0.2359241925156678,
3,XYt,530,15,0.23436539810658047,
3,XYt,531,15,0.23671326105444201,
3,XYt,532,15,0.2462495968680172,
3,XYt,533,15,0.26516920959919205,
3,XYt,534,15,0.30060575735576645,
3,XYt,535,15,0.34886212763459334,
3,XYt,536,15,0.3876231768972511,
3,XYt,537,15,0.41483705494925205,
3,XYt,538,15,0.4253474423254909,
3,XYt,539,15,0.4298811757118204,
3,XYt,540,15,0.427638056141848,
3,XYt,541,15,0.41868486428269897,
3,XYt,542,15,0.4088697910272195,
3,XYt,543,15,0.40209029629059934,
3,XYt,544,15,0.397200757349339,
3,XYt,545,15,0.3954730398507006,
3,XYt,546,15,0.3966047315755915,
3,XYt,547,15,0.3955727978643726,
3,XYt,548,15,0.3886449574339329,
3,XYt,549,15,0.38188306901606867,
3,XYt,550,15,0.37724497649842936,
3,XYt,551,15,0.3732259115237467,
3,XYt,552,15,0.37067891646910484,
3,XYt,553,15,0.3691185838297859,
3,XYt,554,15,0.36873473948388263,
3,XYt,555,15,0.36827278202140057,
3,XYt,556,15,0.3671845987273616,
3,XYt,557,15,0.3657597779931964,
3,XYt,558,15,0.3627212478267625,
3,XYt,559,15,0.35770550567584325,
3,XYt,560,15,0.3494830649087874,
3,XYt,561,15,0.3400946217842676,
3,XYt,562,15,0.3348518993048138,
3,XYt,563,15,0.3339285209553922,
3,XYt,564,15,0.3324631471214735,
3,XYt,565,15,0.328086148454209,
3,XYt,566,15,0.32157621671365416,
3,XYt,567,15,0.3152855360896928,
3,XYt,568,15,0.30974404552676277,
3,XYt,569,15,0.304426310564554,
3,XYt,570,15,0.2987872497674161,
3,XYt,571,15,0.2918013677969722,
3,XYt,572,15,0.2859126339723075,
3,XYt,573,15,0.28289617447383947,
3,XYt,574,15,0.2833827146352395,
3,XYt,575,15,0.2853239544389726,
3,XYt,576,15,0.2884297308928499,
3,XYt,577,15,0.29117096040627016,
3,XYt,578,15,0.29359871748917443,
3,XYt,579,15,0.295801104938922,
3,XYt,580,15,0.29794335130992916,
3,XYt,581,15,0.301164597056298,
3,XYt,582,15,0.3013706695597563,
3,XYt,583,15,0.3004679623729458,
3,XYt,584,15,0.2988432770236702,
3,XYt,585,15,0.2970598925587741,
3,XYt,586,15,0.29525810514085726,
3,XYt,587,15,0.2937876427706529,
3,XYt,588,15,0.2886558821749045,
3,XYt,589,15,0.28093230091960814,
3,XYt,590,15,0.27173288040028326,
3,XYt,591,15,0.2638191876284413,
3,XYt,592,15,0.25939223085962215,
3,XYt,593,15,0.25787599015528756,
3,XYt,594,15,0.2586219386812495,
3,XYt,595,15,0.25961509207559297,
3,XYt,596,15,0.26074279226518293,
3,XYt,597,15,0.26247434169719724,
3,XYt,598,15,0.26392345269984446,
3,XYt,599,15,0.26510698655842735,
3,XYt,600,15,0.2678542933030134,
3,XYt,601,15,0.2712449451278935,
3,XYt,602,15,0.2740174066721529,
3,XYt,603,15,0.2757911064489613,
3,XYt,604,15,0.27636318103165575,
3,XYt,605,15,0.2765084399841866,
3,XYt,606,15,0.27668054586337426,
3,XYt,607,15,0.2764015150428729,
3,XYt,608,15,0.2759156037037338,
3,XYt,609,15,0.2760529505800601,
3,XYt,610,15,0.2743505293685685,
3,XYt,611,15,0.27198109974557394,
3,XYt,612,15,0.26850103854144597,
3,XYt,613,15,0.26488642087541997,
3,XYt,614,15,0.2613145593592393,
3,XYt,615,15,0.25851769384950435,
3,XYt,616,15,0.25604173773816535,
3,XYt,617,15,0.25511199205366164,
3,XYt,618,15,0.25454054121965647,
3,XYt,619,15,0.2559791274983823,
3,XYt,620,15,0.25679142630682433,
3,XYt,621,15,0.2589505474941855,
3,XYt,622,15,0.26422856666278094,
3,XYt,623,15,0.272195837436036,
3,XYt,624,15,0.28041553236381933,
3,XYt,625,15,0.2895450407080814,
3,XYt,626,15,0.2948567337257568,
3,XYt,627,15,0.29805512128035877,
3,XYt,628,15,0.3003307258994018,
3,XYt,629,15,0.30172411138806504,
3,XYt,630,15,0.3016296448169528,
3,XYt,631,15,0.299576507369118,
3,XYt,632,15,0.297058850337224,
3,XYt,633,15,0.2940957614427165,
3,XYt,634,15,0.292304892898711,
3,XYt,635,15,0.2887065504709158,
3,XYt,636,15,0.28522224458467055,
3,XYt,637,15,0.2817668653464981,
3,XYt,638,15,0.2794911706449611,
3,XYt,639,15,0.2785964274939337,
3,XYt,640,15,0.2804667284208984,
3,XYt,641,15,0.28520986755974176,
3,XYt,642,15,0.29130005477951787,
3,XYt,643,15,0.29568362538034554,
3,XYt,644,15,0.29972831025305774,
3,XYt,645,15,0.3036849411844058,
3,XYt,646,15,0.30864175947078787,
3,XYt,647,15,0.31571293631509106,
3,XYt,648,15,0.32178018039882694,
3,XYt,649,15,0.32638792004358924,
3,XYt,650,15,0.32867173915309794,
3,XYt,651,15,0.33089124439113066,
3,XYt,652,15,0.3390564502405912,
3,XYt,653,15,0.3460491427103495,
3,XYt,654,15,0.3503084771742133,
3,XYt,655,15,0.3526426718596936,
3,XYt,656,15,0.35440980176887404,
3,YZt,0,15,0.2425010045816512,
3,YZt,1,15,0.3954520344785959,
3,YZt,2,15,0.3025209339778844,
3,YZt,3,15,0.2667031892797831,
3,YZt,4,15,0.2668066525953487,
3,YZt,5,15,0.3007501123139773,
3,YZt,6,15,0.30664547132992764,
3,YZt,7,15,0.38356009528480617,
3,YZt,8,15,0.36195561608086807,
3,YZt,9,15,0.378582090948919,
3,YZt,10,15,0.3630312994474936,
3,YZt,11,15,0.3799218849099677,
3,YZt,12,15,0.36269515020735343,
3,YZt,13,15,0.37486083313966445,
3,YZt,14,15,0.37350801037721243,
3,YZt,15,15,0.3705633355975444,
3,YZt,16,15,0.38277610778606996,
3,YZt,17,15,0.36940919110909337,
3,YZt,18,15,0.3779665095011075,
3,YZt,19,15,0.3822189925450606,
3,YZt,20,15,0.3738748787520935,
3,YZt,21,15,0.3788747396929125,
3,YZt,22,15,0.3750208010182434,
3,YZt,23,15,0.36967930474526656,
3,YZt,24,15,0.38728688352048957,
3,YZt,25,15,0.3779502430677134,
3,XYt,657,15,0.3568839582846763,
3,XYt,658,15,0.35913872073938663,
3,XYt,659,15,0.361319500499178,
3,XYt,660,15,0.3642101746022823,
3,XYt,661,15,0.3676912087302516,
3,XYt,662,15,0.37260214582996154,
3,XYt,663,15,0.3798932396567245,
3,XYt,664,15,0.38914405416309106,
3,XYt,665,15,0.40053078342321025,
3,XYt,666,15,0.41133595812270557,
3,XYt,667,15,0.4185770260561769,
3,XYt,668,15,0.4230481165310189,
3,XYt,669,15,0.42750743966718935,
3,XYt,670,15,0.43204823292023076,
3,XYt,671,15,0.4329712271820018,
3,XYt,672,15,0.42829554703854855,
3,XYt,673,15,0.4155850396647366,
3,XYt,674,15,0.3957806477563053,
3,XYt,675,15,0.37510845887259203,
3,XYt,676,15,0.35187253518184947,
3,XYt,677,15,0.32266432289596886,
3,XYt,678,15,0.2910510856780113,
3,XYt,679,15,0.26590937826580063,
3,XYt,680,15,0.24992291578834402,
3,XYt,681,15,0.23773221603361538,
3,XYt,682,15,0.2292452839069642,
3,XYt,683,15,0.22367340538240235,
3,XYt,684,15,0.22125511153419267,
3,XYt,685,15,0.21987859623460318,
3,XYt,686,15,0.2202673296558584,
3,XYt,687,15,0.22160865730590015,
3,XYt,688,15,0.22376271538813813,
3,XYt,689,15,0.22615319023175612,
3,XYt,690,15,0.22746365719753442,
3,XYt,691,15,0.22909404618608004,
3,XYt,692,15,0.2298583781039322,
3,XYt,693,15,0.23024862367541774,
3,XYt,694,15,0.23006207163253828,
3,XYt,695,15,0.23086628733754383,
3,XYt,696,15,0.23114246505068736,
3,XYt,697,15,0.23107368571699421,
3,XYt,698,15,0.23060694289495473,
3,XYt,699,15,0.23135265766439259,
3,XYt,700,15,0.2310248235223459,
3,XYt,701,15,0.23079307337469604,
3,XYt,702,15,0.23036633414581417,
3,XYt,703,15,0.23096757186116448,
3,XYt,704,15,0.230507885140144,
3,XYt,705,15,0.2310381739181913,
3,XYt,706,15,0.23117390353898748,
3,XYt,707,15,0.23152198439074126,
3,XYt,708,15,0.23070114309883222,
3,XYt,709,15,0.23753262520678797,
3,XYt,710,15,0.2275094715526158,
3,XYt,711,15,0.27410236264826315,
3,XYt,712,15,0.26065324473676793,
3,XYt,713,15,0.25753817208620633,
3,XYt,714,15,0.2483075602726431,
3,XYt,715,15,0.23761578701535052,
3,XYt,716,15,0.22548252188505716,
3,XYt,717,15,0.20852141262358032,
3,XYt,718,15,0.19981854381388126,
3,XYt,719,15,0.20020150215092355,
3,XYt,720,15,0.21167869343862297,
3,XYt,721,15,0.22287915120984977,
3,XYt,722,15,0.2353076397225792,
3,XYt,723,15,0.25239532021877553,
3,XYt,724,15,0.27777440371315,
3,XYt,725,15,0.2975147199804326,
3,XYt,726,15,0.31522497238095604,
3,XYt,727,15,0.32314887187643054,
3,YZt,26,15,0.3759082097315269,
3,YZt,27,15,0.3766938359165457,
3,YZt,28,15,0.38701401276556213,
3,YZt,29,15,0.3734401280880663,
3,YZt,30,15,0.38027836992914393,
3,YZt,31,15,0.38285168818452486,
3,YZt,32,15,0.3742565787680058,
3,YZt,33,15,0.3761170699944088,
3,YZt,34,15,0.3828632127436333,
3,YZt,35,15,0.3833403692615747,
3,YZt,36,15,0.38261673761889914,
3,YZt,37,15,0.3775279161224292,
3,YZt,38,15,0.37932556907019793,
3,YZt,39,15,0.37966180891860124,
3,YZt,40,15,0.3785313875418439,
3,YZt,41,15,0.37393048857544975,
3,YZt,42,15,0.37049086513256885,
3,YZt,43,15,0.36252619300526634,
3,YZt,44,15,0.3541257814596288,
3,YZt,45,15,0.3439382171276556,
3,YZt,46,15,0.33589397722068226,
3,YZt,47,15,0.3317768253602804,
3,YZt,48,15,0.32791565447458154,
3,YZt,49,15,0.3233715241923185,
3,YZt,50,15,0.31757347981103834,
3,YZt,51,15,0.3172645445778636,
3,YZt,52,15,0.31081711746059487,
3,YZt,53,15,0.30890467126841553,
3,YZt,54,15,0.31156791302024234,
3,YZt,55,15,0.3120433654757027,
3,YZt,56,15,0.3124909664148146,
3,YZt,57,15,0.3149146732806253,
3,YZt,58,15,0.32237076712127305,
3,YZt,59,15,0.3268127742977672,
3,YZt,60,15,0.32865930887155487,
3,YZt,61,15,0.3426503241248905,
3,YZt,62,15,0.34961023290229704,
3,YZt,63,15,0.35652776927667595,
3,YZt,64,15,0.37243575221003833,
3,YZt,65,15,0.3699094027701142,
3,YZt,66,15,0.353351131180902,
3,YZt,67,15,0.30967944416602666,
3,YZt,68,15,0.27036928872580085,
3,YZt,69,15,0.24746948032827587,
3,YZt,70,15,0.22866274416767704,
3,YZt,71,15,0.22045956367925867,
3,YZt,72,15,0.21008167279293874,
3,YZt,73,15,0.203474398466326,
3,YZt,74,15,0.19589232743371243,
3,YZt,75,15,0.1933277164572503,
3,YZt,76,15,0.1874369185775535,
3,YZt,77,15,0.1857881247485272,
3,YZt,78,15,0.18197993063400816,
3,YZt,79,15,0.18166073657023002,
3,YZt,80,15,0.18042332052370255,
3,YZt,81,15,0.18195535920073763,
3,YZt,82,15,0.18325521135514133,
3,YZt,83,15,0.1864514898169419,
3,YZt,84,15,0.19007409685127222,
3,YZt,85,15,0.1904771756662983,
3,YZt,86,15,0.19357631934304012,
3,YZt,87,15,0.1956551491221195,
3,YZt,88,15,0.1976932942726559,
3,YZt,89,15,0.2017293486165331,
3,YZt,90,15,0.2038577961823854,
3,YZt,91,15,0.20618821834316742,
3,YZt,92,15,0.20939557081069166,
3,YZt,93,15,0.21135616548276737,
3,YZt,94,15,0.2127797106051172,
3,YZt,95,15,0.21646790626270213,
3,YZt,96,15,0.21950101571094885,
3,YZt,97,15,0.2202568467590655,
3,YZt,98,15,0.22357016937667537,
3,YZt,99,15,0.22782517869241073,
3,YZt,100,15,0.23050854935934822,
3,YZt,101,15,0.23097149796909652,
3,YZt,102,15,0.23490280523829365,
3,YZt,103,15,0.23946129868042354,
3,YZt,104,15,0.24378227428290133,
3,YZt,105,15,0.2456039925051288,
3,YZt,106,15,0.2488952072283822,
3,YZt,107,15,0.25494542711032714,
3,YZt,108,15,0.2619323273292705,
3,YZt,109,15,0.2691459324791436,
3,YZt,110,15,0.2759835592120953,
3,YZt,111,15,0.281180034135019,
3,YZt,112,15,0.28700200726016933,
3,YZt,113,15,0.2916916148137214,
3,YZt,114,15,0.2933105566077044,
3,YZt,115,15,0.29526353473182365,
3,YZt,116,15,0.2987943477695075,
3,YZt,117,15,0.3029041149924765,
3,YZt,118,15,0.3078551831206868,
3,YZt,119,15,0.31126229113321086,
3,YZt,120,15,0.3126715618483657,
3,YZt,121,15,0.3126077122830575,
3,YZt,122,15,0.30938775059526075,
3,YZt,123,15,0.30442127898898913,
3,YZt,124,15,0.29756223315569336,
3,YZt,125,15,0.29088868178481525,
3,YZt,126,15,0.28511394348125546,
3,YZt,127,15,0.281913564906368,
3,YZt,128,15,0.27936980994441774,
3,YZt,129,15,0.2775458373406916,
3,YZt,130,15,0.2769202889295087,
3,YZt,131,15,0.27641817113002265,
3,YZt,132,15,0.2767812492218886,
3,YZt,133,15,0.2773262720657326,
3,YZt,134,15,0.27677986634532237,
3,YZt,135,15,0.27627896901319077,
3,YZt,136,15,0.2756703836965168,
3,YZt,137,15,0.2746877323641927,
3,YZt,138,15,0.27492573214986776,
3,YZt,139,15,0.27495644542069153,
3,YZt,140,15,0.2770069656296074,
3,YZt,141,15,0.27819929612038746,
3,YZt,142,15,0.27715382612349526,
3,YZt,143,15,0.274209407592003,
3,YZt,144,15,0.27083042655870354,
3,YZt,145,15,0.26665750990833526,
3,YZt,146,15,0.26336791847195223,
3,YZt,147,15,0.25953357331828564,
3,YZt,148,15,0.2570652813619932,
3,YZt,149,15,0.25681265476189347,
3,YZt,150,15,0.25527801458169014,
3,YZt,151,15,0.25272189485059987,
3,YZt,152,15,0.2505907777006468,
3,YZt,153,15,0.24866307413888383,
3,YZt,154,15,0.24815269260146464,
3,YZt,155,15,0.24756543000730968,
3,YZt,156,15,0.24280690840797417,
3,YZt,157,15,0.23640962198807278,
3,YZt,158,15,0.2291520974891513,
3,YZt,159,15,0.2249341435575144,
3,YZt,160,15,0.2199187440124933,
3,YZt,161,15,0.2134443903001106,
3,YZt,162,15,0.20928333455203962,
3,YZt,163,15,0.2079729143880747,
3,YZt,164,15,0.2036764442707473,
3,YZt,165,15,0.19899508514786773,
3,YZt,166,15,0.19798556115884192,
3,YZt,167,15,0.19491889545920074,
3,YZt,168,15,0.1902564707163229,
3,YZt,169,15,0.1864266730442885,
3,YZt,170,15,0.18324343206307606,
3,YZt,171,15,0.17737358603273648,
3,YZt,172,15,0.17455123254130944,
3,YZt,173,15,0.1725152635927707,
3,YZt,174,15,0.17108004831539964,
3,YZt,175,15,0.17381251644124385,
3,YZt,176,15,0.1745604717936108,
3,YZt,177,15,0.17695814409174043,
3,YZt,178,15,0.1806639905544401,
3,YZt,179,15,0.1839324519543076,
3,YZt,180,15,0.19011572617746467,
3,YZt,181,15,0.19469021335086859,
3,YZt,182,15,0.20536838185344414,
3,YZt,183,15,0.21389393679349272,
3,YZt,184,15,0.23145315832661092,
3,YZt,185,15,0.2529190362383324,
3,YZt,186,15,0.28899158826128185,
3,YZt,187,15,0.3444914775620392,
3,YZt,188,15,0.3913851154013403,
3,YZt,189,15,0.40210614366817204,
3,YZt,190,15,0.4033977565048556,
3,YZt,191,15,0.38798619883757324,
3,YZt,192,15,0.3879185563970651,
3,YZt,193,15,0.38574500483819807,
3,YZt,194,15,0.3831859847607053,
3,YZt,195,15,0.38751042639390465,
3,YZt,196,15,0.38142567692523,
3,YZt,197,15,0.3887341872867338,
3,YZt,198,15,0.39031315430093344,
3,YZt,199,15,0.38497887572053613,
3,YZt,200,15,0.38903680673127056,
3,YZt,201,15,0.3948781403183408,
3,YZt,202,15,0.39168267670035684,
3,YZt,203,15,0.3930306431133083,
3,YZt,204,15,0.3958062458443015,
3,YZt,205,15,0.3968830790972479,
3,YZt,206,15,0.39477338492145536,
3,YZt,207,15,0.3940271846798479,
3,YZt,208,15,0.40221751366232183,
3,YZt,209,15,0.39611899821641994,
3,YZt,210,15,0.39874950964113276,
3,YZt,211,15,0.399369284587756,
3,YZt,212,15,0.3958445649173134,
3,YZt,213,15,0.39229713226430335,
3,YZt,214,15,0.39386722864092705,
3,YZt,215,15,0.39753610422971425,
3,YZt,216,15,0.39704033899904667,
3,YZt,217,15,0.3970651701869918,
3,YZt,218,15,0.3946951449326768,
3,YZt,219,15,0.39607860743900036,
3,YZt,220,15,0.3904962591596038,
3,YZt,221,15,0.38834624553438285,
3,YZt,222,15,0.38652974973376286,
3,YZt,223,15,0.3920381918177829,
3,YZt,224,15,0.39487497811599226,
3,YZt,225,15,0.396057800841865,
3,YZt,226,15,0.38863818216589724,
3,YZt,227,15,0.38605879646984304,
3,YZt,228,15,0.39481990441764925,
3,YZt,229,15,0.38984481292016004,
3,YZt,230,15,0.3818607823455022,
3,YZt,231,15,0.3978219838691103,
3,YZt,232,15,0.3860682952880732,
3,YZt,233,15,0.3818224922731104,
3,XZt,0,15,0.24240139572169442,
3,XZt,1,15,0.36708091060521353,
3,XZt,2,15,0.28297022001671984,
3,XZt,3,15,0.24590733522203476,
3,XZt,4,15,0.2422225701512086,
3,XZt,5,15,0.2881099261654804,
3,XZt,6,15,0.2931378144074587,
3,XZt,7,15,0.3775590809408593,
3,XZt,8,15,0.36379460419743825,
3,XZt,9,15,0.37741459042957687,
3,XZt,10,15,0.36145162336167685,
3,XZt,11,15,0.38054885458273563,
3,XZt,12,15,0.3611037310919637,
3,XZt,13,15,0.37559338187807156,
3,XZt,14,15,0.37674706783335443,
3,XZt,15,15,0.3729126445010299,
3,XZt,16,15,0.38997591557253003,
3,XZt,17,15,0.38076395043177297,
3,XZt,18,15,0.38685782889749465,
3,XZt,19,15,0.3932280648157771,
3,XZt,20,15,0.3869167462075102,
3,XZt,21,15,0.39309090227017196,
3,XZt,22,15,0.3928286124889677,
3,XZt,23,15,0.38307320004465395,
3,XZt,24,15,0.406858694249052,
3,XZt,25,15,0.390298196975985,
3,YZt,234,15,0.3830953666696978,
3,YZt,235,15,0.3934787880801023,
3,YZt,236,15,0.3753934177341814,
3,YZt,237,15,0.38033298037252783,
3,YZt,238,15,0.38192645602884107,
3,YZt,239,15,0.3770062290689396,
3,YZt,240,15,0.3848827737463156,
3,YZt,241,15,0.377291392818927,
3,YZt,242,15,0.3721218754760823,
3,YZt,243,15,0.38440228797091397,
3,YZt,244,15,0.3708881011392298,
3,YZt,245,15,0.3723143637782877,
3,YZt,246,15,0.37519169303309885,
3,YZt,247,15,0.3618224429149441,
3,YZt,248,15,0.3797983268088641,
3,YZt,249,15,0.36073959974341424,
3,YZt,250,15,0.379195129275029,
3,YZt,251,15,0.3597982377729243,
3,YZt,252,15,0.38178386834702616,
3,YZt,253,15,0.31011280233865735,
3,YZt,254,15,0.30376004709723525,
3,YZt,255,15,0.2694037006488962,
3,YZt,256,15,0.26814664613172606,
3,YZt,257,15,0.3033618852584206,
3,YZt,258,15,0.3957621390445075,
3,YZt,259,15,0.2478956270253173,
3,XZt,26,15,0.3932609389011377,
3,XZt,27,15,0.396358109501837,
3,XZt,28,15,0.4055960146296095,
3,XZt,29,15,0.3940357772398562,
3,XZt,30,15,0.40309146794233597,
3,XZt,31,15,0.4084390116274553,
3,XZt,32,15,0.39962686362348226,
3,XZt,33,15,0.4022089313857294,
3,XZt,34,15,0.4091015595361666,
3,XZt,35,15,0.4081940535877131,
3,XZt,36,15,0.40531820249877737,
3,XZt,37,15,0.40092870625208793,
3,XZt,38,15,0.4036077651048396,
3,XZt,39,15,0.4062514221019114,
3,XZt,40,15,0.41294090609296613,
3,XZt,41,15,0.41645116603269267,
3,XZt,42,15,0.4198046955323687,
3,XZt,43,15,0.4170062091977413,
3,XZt,44,15,0.41802125351266906,
3,XZt,45,15,0.4153366722808703,
3,XZt,46,15,0.4125986086112962,
3,XZt,47,15,0.4157905178193551,
3,XZt,48,15,0.4182688005481894,
3,XZt,49,15,0.4162861248638828,
3,XZt,50,15,0.41466492306500063,
3,XZt,51,15,0.4178240520303057,
3,XZt,78,15,0.2846971825847501,
3,XZt,79,15,0.27786078365524486,
3,XZt,80,15,0.26760384099613155,
3,XZt,81,15,0.26221413024286827,
3,XZt,82,15,0.2553865873207506,
3,XZt,83,15,0.24975793754098302,
3,XZt,84,15,0.24654954798519094,
3,XZt,85,15,0.24020340752570873,
3,XZt,86,15,0.23965658380904345,
3,XZt,87,15,0.23828752932809738,
3,XZt,88,15,0.23563860186586275,
3,XZt,89,15,0.2374473497923935,
3,XZt,90,15,0.2361992631547146,
3,XZt,91,15,0.23457360637161428,
3,XZt,92,15,0.2360237906164121,
3,XZt,93,15,0.23440613203917834,
3,XZt,94,15,0.23180834313568224,
3,XZt,95,15,0.2321886749213005,
3,XZt,96,15,0.23191703338804495,
3,XZt,97,15,0.22840511123754592,
3,XZt,98,15,0.22701675849634717,
3,XZt,99,15,0.22635820115309577,
3,XZt,100,15,0.223639847926417,
3,XZt,101,15,0.2190385222329882,
3,XZt,102,15,0.21667894909492874,
3,XZt,103,15,0.21557358876237556,
3,XZt,52,15,0.4102946557339982,
3,XZt,53,15,0.41332921776373766,
3,XZt,54,15,0.4155266231572533,
3,XZt,55,15,0.4143945371364651,
3,XZt,56,15,0.4111355830705258,
3,XZt,57,15,0.41205302201558863,
3,XZt,58,15,0.4167162701496773,
3,XZt,59,15,0.4157804379380196,
3,XZt,60,15,0.41313866769560936,
3,XZt,61,15,0.4188684490081299,
3,XZt,62,15,0.41696361253793074,
3,XZt,63,15,0.411695651718278,
3,XZt,64,15,0.41564658443213715,
3,XZt,65,15,0.4112283408954571,
3,XZt,66,15,0.4112324207085941,
3,XZt,67,15,0.41162227920268407,
3,XZt,68,15,0.40354855631320696,
3,XZt,69,15,0.4031117352994428,
3,XZt,70,15,0.3842256856049084,
3,XZt,71,15,0.37280488783612853,
3,XZt,72,15,0.3583612445148311,
3,XZt,73,15,0.34434594675713476,
3,XZt,74,15,0.32874728783120216,
3,XZt,75,15,0.31954042794893167,
3,XZt,76,15,0.30495053883361917,
3,XZt,77,15,0.29727096295026834,
3,XZt,104,15,0.2136738034184093,
3,XZt,105,15,0.20972520251811297,
3,XZt,106,15,0.20621929161804112,
3,XZt,107,15,0.2045797517133274,
3,XZt,108,15,0.20360666605346933,
3,XZt,109,15,0.20290536158179673,
3,XZt,110,15,0.20161212519689276,
3,XZt,111,15,0.19904675334435445,
3,XZt,112,15,0.1976460415415315,
3,XZt,113,15,0.19777814103529684,
3,XZt,114,15,0.19695937245101494,
3,XZt,115,15,0.19702890099187154,
3,XZt,116,15,0.19696997308867145,
3,XZt,117,15,0.19635426445298929,
3,XZt,118,15,0.19540324637914308,
3,XZt,119,15,0.19410732946322604,
3,XZt,120,15,0.19231660250656812,
3,XZt,121,15,0.1919848624189841,
3,XZt,122,15,0.19190831211365417,
3,XZt,123,15,0.19140083857292262,
3,XZt,124,15,0.19093053709730343,
3,XZt,125,15,0.1913016432203905,
3,XZt,126,15,0.19201100304079055,
3,XZt,127,15,0.19207978073928741,
3,XZt,128,15,0.19268466836399953,
3,XZt,129,15,0.1931310703611341,
3,XZt,130,15,0.1936469069306091,
3,XZt,131,15,0.19421104894217056,
3,XZt,132,15,0.19495126995483314,
3,XZt,133,15,0.19643025166833222,
3,XZt,134,15,0.19743543670415867,
3,XZt,135,15,0.1986671879552735,
3,XZt,136,15,0.1995601524071013,
3,XZt,137,15,0.2010687891222875,
3,XZt,138,15,0.2022504736646072,
3,XZt,139,15,0.20354748107382176,
3,XZt,140,15,0.20544953549934183,
3,XZt,141,15,0.20768637961190894,
3,XZt,142,15,0.208764895076255,
3,XZt,143,15,0.20969869859503226,
3,XZt,144,15,0.21023405782994317,
3,XZt,145,15,0.21062729226614985,
3,XZt,146,15,0.21251872641429304,
3,XZt,147,15,0.21470950643449316,
3,XZt,148,15,0.21842983881841405,
3,XZt,149,15,0.22400419099376437,
3,XZt,150,15,0.2279461751390892,
3,XZt,151,15,0.23110394742119245,
3,XZt,152,15,0.23463126544230453,
3,XZt,153,15,0.2385912428810555,
3,XZt,154,15,0.24447820427474323,
3,XZt,155,15,0.2515793553953272,
3,XZt,156,15,0.25664779364219864,
3,XZt,157,15,0.26205722442693763,
3,XZt,158,15,0.26896412834843186,
3,XZt,159,15,0.27916724042060237,
3,XZt,160,15,0.2878288335777959,
3,XZt,161,15,0.2953602739800807,
3,XZt,162,15,0.30492339308649125,
3,XZt,163,15,0.31677833904769365,
3,XZt,164,15,0.3246732798374086,
3,XZt,165,15,0.33057994419360026,
3,XZt,166,15,0.340344789077014,
3,XZt,167,15,0.3480866742300006,
3,XZt,168,15,0.35262326657292803,
3,XZt,169,15,0.3591210792747983,
3,XZt,170,15,0.3654903373625819,
3,XZt,171,15,0.36732028051586335,
3,XZt,172,15,0.372388053415289,
3,XZt,173,15,0.37197980154956173,
3,XZt,174,15,0.36716932300241595,
3,XZt,175,15,0.36444263661860493,
3,XZt,176,15,0.3552074077235471,
3,XZt,177,15,0.3468173085877212,
3,XZt,178,15,0.3353851118961527,
3,XZt,179,15,0.32252252761159445,
3,XZt,180,15,0.3136158972102275,
3,XZt,181,15,0.30226872460453363,
3,XZt,182,15,0.2969169902925838,
3,XZt,183,15,0.2892605331104751,
3,XZt,184,15,0.28730237571179085,
3,XZt,185,15,0.28223653630240875,
3,XZt,186,15,0.28303965034260226,
3,XZt,187,15,0.2832228418129868,
3,XZt,188,15,0.2874648707624497,
3,XZt,189,15,0.2896704846230305,
3,XZt,190,15,0.29663889184709474,
3,XZt,191,15,0.29890181460915605,
3,XZt,192,15,0.30541934757691597,
3,XZt,193,15,0.30621059232013687,
3,XZt,194,15,0.30464354165850693,
3,XZt,195,15,0.30404836098966487,
3,XZt,196,15,0.29804479121052824,
3,XZt,197,15,0.2975252999390616,
3,XZt,198,15,0.29519470321872354,
3,XZt,199,15,0.28944173553091,
3,XZt,200,15,0.2910388685664131,
3,XZt,201,15,0.29118761185328634,
3,XZt,202,15,0.28800726708625524,
3,XZt,203,15,0.28791033800134075,
3,XZt,204,15,0.2891117050375195,
3,XZt,205,15,0.2887930962137929,
3,XZt,206,15,0.28619795996864256,
3,XZt,207,15,0.28561126151387684,
3,XZt,208,15,0.2890804101631342,
3,XZt,209,15,0.287610728359332,
3,XZt,210,15,0.28928693249620846,
3,XZt,211,15,0.29334808043751315,
3,XZt,212,15,0.2969135575006235,
3,XZt,213,15,0.30423911435383866,
3,XZt,214,15,0.3175964676204852,
3,XZt,215,15,0.33542368223678687,
3,XZt,216,15,0.35496676594337745,
3,XZt,217,15,0.3744433581088786,
3,XZt,218,15,0.39325007244329957,
3,XZt,219,15,0.41165761569841375,
3,XZt,220,15,0.42478174061169716,
3,XZt,221,15,0.432978958892106,
3,XZt,222,15,0.43724759562770227,
3,XZt,223,15,0.44199894110209015,
3,XZt,224,15,0.4379405610283455,
3,XZt,225,15,0.4331195535146388,
3,XZt,226,15,0.41931404638339104,
3,XZt,227,15,0.4133455231568897,
3,XZt,228,15,0.4203871340042735,
3,XZt,229,15,0.4146170290702196,
3,XZt,230,15,0.40264309975875273,
3,XZt,231,15,0.41396773314702223,
3,XZt,232,15,0.4038231025052346,
3,XZt,233,15,0.39969668113851475,
3,XZt,234,15,0.4018914400320519,
3,XZt,235,15,0.4145430020556097,
3,XZt,236,15,0.38847682612751827,
3,XZt,237,15,0.39964378710253873,
3,XZt,238,15,0.4042997824144961,
3,XZt,239,15,0.39561320646341097,
3,XZt,240,15,0.4040557968518368,
3,XZt,241,15,0.39777792170301496,
3,XZt,242,15,0.3889006563721238,
3,XZt,243,15,0.39869936603004413,
3,XZt,244,15,0.3846631400618438,
3,XZt,245,15,0.3884347022467088,
3,XZt,246,15,0.3858776880988922,
3,XZt,247,15,0.3734070092869081,
3,XZt,248,15,0.3918343749488826,
3,XZt,249,15,0.37047679246369325,
3,XZt,250,15,0.38840328184342454,
3,XZt,251,15,0.37967278442025953,
3,XZt,252,15,0.38654246732174113,
3,XZt,253,15,0.3019821863167788,
3,XZt,254,15,0.29364850036354323,
3,XZt,255,15,0.24886020695251743,
3,XZt,256,15,0.25488522682312154,
3,XZt,257,15,0.29477306916305446,
3,XZt,258,15,0.3740339597677229,
3,XZt,259,15,0.2228812659408619,
4,XYt,0,15,0.20595818748068082,
4,XYt,1,15,0.19423418998279865,
4,XYt,2,15,0.18505986732278962,
4,XYt,3,15,0.18272425671739415,
4,XYt,4,15,0.18013609959324164,
4,XYt,5,15,0.17301400845798537,
4,XYt,6,15,0.16754703318739522,
4,XYt,7,15,0.16202008849490807,
4,XYt,8,15,0.15807714763968206,
4,XYt,9,15,0.15884089618271657,
4,XYt,10,15,0.16189500123816025,
4,XYt,11,15,0.16445651568798472,
4,XYt,12,15,0.1652090227161134,
4,XYt,13,15,0.16369218974600877,
4,XYt,14,15,0.15960851154610156,
4,XYt,15,15,0.15292919118080564,
4,XYt,16,15,0.14095451276796045,
4,XYt,17,15,0.12319420752788268,
4,XYt,18,15,0.12301920497088685,
4,XYt,19,15,0.13115366843155676,
4,XYt,20,15,0.14267740504474075,
4,XYt,21,15,0.15232591440307927,
4,XYt,22,15,0.15882224692128033,
4,XYt,23,15,0.16192431954557676,
4,XYt,24,15,0.16170962563536978,
4,XYt,25,15,0.15891748480020695,
4,XYt,26,15,0.15401653648367014,
4,XYt,27,15,0.14811141874890835,
4,XYt,28,15,0.1421349410068708,
4,XYt,29,15,0.13704267191831523,
4,XYt,30,15,0.1338290959559653,
4,XYt,31,15,0.13320280490465394,
4,XYt,32,15,0.1351345433291382,
4,XYt,33,15,0.1396222724268314,
4,XYt,34,15,0.14711095015585224,
4,XYt,35,15,0.1594811474876915,
4,XYt,36,15,0.17989764086554444,
4,XYt,37,15,0.21224756882360285,
4,XYt,38,15,0.2607383811862847,
4,XYt,39,15,0.3312874273055327,
4,XYt,40,15,0.42727252501402835,
4,XYt,41,15,0.5442046338026219,
4,XYt,42,15,0.6721651650781038,
4,XYt,43,15,0.7505145612175541,
4,XYt,44,15,0.7771728184633605,
4,XYt,45,15,0.7792707796974656,
4,XYt,46,15,0.7483961860201297,
4,XYt,47,15,0.6912913332688855,
4,XYt,48,15,0.6525506842653892,
4,XYt,49,15,0.638238100133679,
4,XYt,50,15,0.6369024006554395,
4,XYt,51,15,0.6419477591331584,
4,XYt,52,15,0.6476465199521579,
4,XYt,53,15,0.6530687813683164,
4,XYt,54,15,0.6514911296916454,
4,XYt,55,15,0.6330655313944193,
4,XYt,56,15,0.588523608637954,
4,XYt,57,15,0.531719542714795,
4,XYt,58,15,0.4826744376129632,
4,XYt,59,15,0.4507480543152528,
4,XYt,60,15,0.43096772315068405,
4,XYt,61,15,0.42039975797950097,
4,XYt,62,15,0.4157986537213616,
4,XYt,63,15,0.4167167959293323,
4,XYt,64,15,0.42050284679086114,
4,XYt,65,15,0.4270990189332982,
4,XYt,66,15,0.4328477531993932,
4,XYt,67,15,0.43746114435086936,
4,XYt,68,15,0.43991688875347024,
4,XYt,69,15,0.44020879381301053,
4,XYt,70,15,0.4398789449877626,
4,XYt,71,15,0.43970062525647235,
4,XYt,72,15,0.4399095342947492,
4,XYt,73,15,0.43837139173778805,
4,XYt,74,15,0.43659985678910285,
4,XYt,75,15,0.4324042092044656,
4,XYt,76,15,0.4264511909295159,
4,XYt,77,15,0.41482863008746884,
4,XYt,78,15,0.398107086884293,
4,XYt,79,15,0.38066796495487787,
4,XYt,80,15,0.36578138573640256,
4,XYt,81,15,0.3543490004099592,
4,XYt,82,15,0.3457990342158693,
4,XYt,83,15,0.3394053955648528,
4,XYt,84,15,0.3341145388634539,
4,XYt,85,15,0.3300428258011921,
4,XYt,86,15,0.3256038992920044,
4,XYt,87,15,0.32031563807863705,
4,XYt,88,15,0.31368600461067053,
4,XYt,89,15,0.3083983523365364,
4,XYt,90,15,0.30473089046459223,
4,XYt,91,15,0.3036809789407911,
4,XYt,92,15,0.3022708653285765,
4,XYt,93,15,0.2999725228232373,
4,XYt,94,15,0.2974775413474837,
4,XYt,95,15,0.2964907155533764,
4,XYt,96,15,0.29514655860145594,
4,XYt,97,15,0.29352152434788303,
4,XYt,98,15,0.29171065770620414,
4,XYt,99,15,0.29038329397522344,
4,XYt,100,15,0.28785749290861834,
4,XYt,101,15,0.2855724338890823,
4,XYt,102,15,0.28354258083432754,
4,XYt,103,15,0.28096115310439995,
4,XYt,104,15,0.279047588265229,
4,XYt,105,15,0.2779833649274817,
4,XYt,106,15,0.27683455601056983,
4,XYt,107,15,0.27555671390188025,
4,XYt,108,15,0.27494398020737104,
4,XYt,109,15,0.27382079652429087,
4,XYt,110,15,0.27302906307598285,
4,XYt,111,15,0.273004492454168,
4,XYt,112,15,0.2742921497899782,
4,XYt,113,15,0.27675598790047473,
4,XYt,114,15,0.280090393980214,
4,XYt,115,15,0.28495336426807466,
4,XYt,116,15,0.29195977099900816,
4,XYt,117,15,0.29896233130971045,
4,XYt,118,15,0.3028811260075426,
4,XYt,119,15,0.3060594545790518,
4,XYt,120,15,0.30758692110390023,
4,XYt,121,15,0.3049067669173789,
4,XYt,122,15,0.30378090155379855,
4,XYt,123,15,0.30395517100787717,
4,XYt,124,15,0.30431397742375543,
4,XYt,125,15,0.30470100115337706,
4,XYt,126,15,0.3060785165960546,
4,XYt,127,15,0.3096807221706066,
4,XYt,128,15,0.3138314064758607,
4,XYt,129,15,0.31758764353557534,
4,XYt,130,15,0.3203776104639695,
4,XYt,131,15,0.32232767857733524,
4,XYt,132,15,0.32503813838156875,
4,XYt,133,15,0.3304511989109535,
4,XYt,134,15,0.3372460726977496,
4,XYt,135,15,0.3449544760829333,
4,XYt,136,15,0.3541612165263136,
4,XYt,137,15,0.363000182778818,
4,XYt,138,15,0.3736879918370507,
4,XYt,139,15,0.3852828918304065,
4,XYt,140,15,0.39169800932569937,
4,XYt,141,15,0.3904134734688075,
4,XYt,142,15,0.38753921184414697,
4,XYt,143,15,0.38487866204287363,
4,XYt,144,15,0.38312777007302806,
4,XYt,145,15,0.3809360856698082,
4,XYt,146,15,0.37865547534184885,
4,XYt,147,15,0.37706742030809653,
4,XYt,148,15,0.3758444257681521,
4,XYt,149,15,0.3755410602267579,
4,XYt,150,15,0.3752204936485659,
4,XYt,151,15,0.37533233571195956,
4,XYt,152,15,0.3757509989730942,
4,XYt,153,15,0.3765332924834351,
4,XYt,154,15,0.3755263237182214,
4,XYt,155,15,0.3740495983517088,
4,XYt,156,15,0.3719880274604342,
4,XYt,157,15,0.364666287105113,
4,XYt,158,15,0.35302893246216444,
4,XYt,159,15,0.3412445552431445,
4,XYt,160,15,0.3305883488750328,
4,XYt,161,15,0.3204231606844912,
4,XYt,162,15,0.3113087081998003,
4,XYt,163,15,0.30450965013116826,
4,XYt,164,15,0.29869499327257676,
4,XYt,165,15,0.29258111914499485,
4,XYt,166,15,0.2858687731519398,
4,XYt,167,15,0.27760278848834824,
4,XYt,168,15,0.269976518346374,
4,XYt,169,15,0.2653565134736843,
4,XYt,170,15,0.2626833962290942,
4,XYt,171,15,0.2609111093286066,
4,XYt,172,15,0.25993094995103866,
4,XYt,173,15,0.25857683633373835,
4,XYt,174,15,0.25797085794844926,
4,XYt,175,15,0.25755778862459894,
4,XYt,176,15,0.2568435476025078,
4,XYt,177,15,0.2554672511083819,
4,XYt,178,15,0.2545882952907415,
4,XYt,179,15,0.25333733745340725,
4,XYt,180,15,0.2510957953975516,
4,XYt,181,15,0.24867834016085535,
4,XYt,182,15,0.24791896917663625,
4,XYt,183,15,0.24709118682094722,
4,XYt,184,15,0.246956245756582,
4,XYt,185,15,0.246182214590585,
4,XYt,186,15,0.2443322866592348,
4,XYt,187,15,0.24199511613188698,
4,XYt,188,15,0.24203798146795302,
4,XYt,189,15,0.24332362496397264,
4,XYt,190,15,0.245280861937877,
4,XYt,191,15,0.2475833959050619,
4,XYt,192,15,0.24872776156120496,
4,XYt,193,15,0.24838672601662581,
4,XYt,194,15,0.24857969332451355,
4,XYt,195,15,0.2508853033653672,
4,XYt,196,15,0.2552434274203841,
4,XYt,197,15,0.2614889759236141,
4,XYt,198,15,0.2667732782063611,
4,XYt,199,15,0.2698388971879788,
4,XYt,200,15,0.2728270055435634,
4,XYt,201,15,0.2732642988361834,
4,XYt,202,15,0.27215978617355857,
4,XYt,203,15,0.2725040148548996,
4,XYt,204,15,0.27286425304909057,
4,XYt,205,15,0.2738295466570727,
4,XYt,206,15,0.2769089366336436,
4,XYt,207,15,0.28257590638172025,
4,XYt,208,15,0.29008583556142065,
4,XYt,209,15,0.2971861565376188,
4,XYt,210,15,0.3027459436374666,
4,XYt,211,15,0.3068042394139683,
4,XYt,212,15,0.31002059408368804,
4,XYt,213,15,0.3141674937639958,
4,XYt,214,15,0.31989489607146804,
4,XYt,215,15,0.3278685609393813,
4,XYt,216,15,0.3383687655812181,
4,XYt,217,15,0.34943411763103077,
4,XYt,218,15,0.36506610508387566,
4,XYt,219,15,0.38139193740448946,
4,XYt,220,15,0.39051016811553635,
4,XYt,221,15,0.3935801841547151,
4,XYt,222,15,0.39641057471242236,
4,XYt,223,15,0.396966914075307,
4,XYt,224,15,0.3961746186812564,
4,XYt,225,15,0.3936280354954238,
4,XYt,226,15,0.39053792153664796,
4,XYt,227,15,0.38791048138738526,
4,XYt,228,15,0.384928597311184,
4,XYt,229,15,0.38172826434356216,
4,XYt,230,15,0.3780813225512748,
4,XYt,231,15,0.3724067301313233,
4,XYt,232,15,0.3650094566709577,
4,XYt,233,15,0.35651389587128884,
4,XYt,234,15,0.3460700018300542,
4,XYt,235,15,0.3353064531471538,
4,XYt,236,15,0.3222401267760384,
4,XYt,237,15,0.3076584397528281,
4,XYt,238,15,0.29736883645101553,
4,XYt,239,15,0.29306471124453976,
4,XYt,240,15,0.2913855506137602,
4,XYt,241,15,0.29100419391235877,
4,XYt,242,15,0.2905620173850885,
4,XYt,243,15,0.29038347609735227,
4,XYt,244,15,0.2902294959729192,
4,XYt,245,15,0.29113020233042985,
4,XYt,246,15,0.29020068969147145,
4,XYt,247,15,0.29095741440252487,
4,XYt,248,15,0.2922131073517019,
4,XYt,249,15,0.2941248169179745,
4,XYt,250,15,0.2955930484542451,
4,XYt,251,15,0.2968599706117787,
4,XYt,252,15,0.29864180922514066,
4,XYt,253,15,0.3013473476375737,
4,XYt,254,15,0.3050723269284717,
4,XYt,255,15,0.3075072820284816,
4,XYt,256,15,0.3050065542098924,
4,XYt,257,15,0.2877973700723666,
4,XYt,258,15,0.25327090952567716,
4,XYt,259,15,0.2140344564061905,
4,XYt,260,15,0.19233501484984897,
4,XYt,261,15,0.1848499379931186,
4,XYt,262,15,0.18286157408939357,
4,XYt,263,15,0.18267419340920496,
4,XYt,264,15,0.18344412536944635,
4,XYt,265,15,0.1829155070156763,
4,XYt,266,15,0.18305672629213393,
4,XYt,267,15,0.18274086735427858,
4,XYt,268,15,0.18408319351855268,
4,XYt,269,15,0.1843642757788094,
4,XYt,270,15,0.18535202373262122,
4,XYt,271,15,0.18548361137957584,
4,XYt,272,15,0.1852348786803992,
4,XYt,273,15,0.18476886377852225,
4,XYt,274,15,0.18594315827583846,
4,XYt,275,15,0.18697032102805178,
4,XYt,276,15,0.18739108558194165,
4,XYt,277,15,0.186974494827794,
4,XYt,278,15,0.18650717284412538,
4,XYt,279,15,0.18573834563239275,
4,XYt,280,15,0.1853081804657544,
4,XYt,281,15,0.1853180105768661,
4,XYt,282,15,0.18605362477488466,
4,XYt,283,15,0.1875114071140492,
4,XYt,284,15,0.18890004521162157,
4,XYt,285,15,0.18973929030551762,
4,XYt,286,15,0.18975001907002897,
4,XYt,287,15,0.18971576106345325,
4,XYt,288,15,0.18834449048641155,
4,XYt,289,15,0.1871510290824895,
4,XYt,290,15,0.18571386662884254,
4,XYt,291,15,0.18603966449723025,
4,XYt,292,15,0.18558975997724497,
4,XYt,293,15,0.18561657158535425,
4,XYt,294,15,0.18560135033344344,
4,XYt,295,15,0.18550562862064482,
4,XYt,296,15,0.18510393391892938,
4,XYt,297,15,0.18563770035717037,
4,XYt,298,15,0.18614676245397738,
4,XYt,299,15,0.18605222967544233,
4,XYt,300,15,0.18691097025014652,
4,XYt,301,15,0.1882126646206686,
4,XYt,302,15,0.18863432074140346,
4,XYt,303,15,0.18788762442636645,
4,XYt,304,15,0.18653516454481928,
4,XYt,305,15,0.18582482969759362,
4,XYt,306,15,0.18631561464787777,
4,XYt,307,15,0.18648603320199383,
4,XYt,308,15,0.18774552740427425,
4,XYt,309,15,0.18825917621825178,
4,XYt,310,15,0.1894085771774577,
4,XYt,311,15,0.18898897487253546,
4,XYt,312,15,0.18869551229479176,
4,XYt,313,15,0.18930719444914004,
4,XYt,314,15,0.18998164506411172,
4,XYt,315,15,0.189527113456911,
4,XYt,316,15,0.18864977321757018,
4,XYt,317,15,0.18748468288063785,
4,XYt,318,15,0.1862258662323372,
4,XYt,319,15,0.1854823374390528,
4,XYt,320,15,0.18570084887641958,
4,XYt,321,15,0.18726964230680124,
4,XYt,322,15,0.18818139749513907,
4,XYt,323,15,0.19047911706880266,
4,XYt,324,15,0.1952059445246125,
4,XYt,325,15,0.23604582491319048,
4,XYt,326,15,0.2848945599615287,
4,XYt,327,15,0.29885393181572745,
4,XYt,328,15,0.3035100027968196,
4,XYt,329,15,0.3050749557132224,
4,XYt,330,15,0.30327433221110617,
4,XYt,331,15,0.30228718991385145,
4,XYt,332,15,0.3003296442678049,
4,XYt,333,15,0.30108328432998666,
4,XYt,334,15,0.3020003352666416,
4,XYt,335,15,0.30617947657590844,
4,XYt,336,15,0.30823393820477,
4,XYt,337,15,0.3107654858843257,
4,XYt,338,15,0.3126186637330469,
4,XYt,339,15,0.3191658912012936,
4,XYt,340,15,0.32771362040277763,
4,XYt,341,15,0.3334909147053152,
4,XYt,342,15,0.3410405692289032,
4,XYt,343,15,0.349788251294554,
4,XYt,344,15,0.35373958560820246,
4,XYt,345,15,0.3575730011955627,
4,XYt,346,15,0.3606857850849984,
4,XYt,347,15,0.36390297489559525,
4,XYt,348,15,0.36643582055775326,
4,XYt,349,15,0.3688322785829362,
4,XYt,350,15,0.36909477753775183,
4,XYt,351,15,0.37126666872950537,
4,XYt,352,15,0.3747856923611822,
4,XYt,353,15,0.37626872871822026,
4,XYt,354,15,0.37557380969627985,
4,XYt,355,15,0.3748841838089719,
4,XYt,356,15,0.3716235252373655,
4,XYt,357,15,0.3628444433306672,
4,XYt,358,15,0.3470321882760804,
4,XYt,359,15,0.33546454383420676,
4,XYt,360,15,0.3273739617868775,
4,XYt,361,15,0.3210378223006042,
4,XYt,362,15,0.31444670252023665,
4,XYt,363,15,0.3145410501565902,
4,XYt,364,15,0.3684366188743174,
4,XYt,365,15,0.36886479223992347,
4,XYt,366,15,0.36716868903449185,
4,XYt,367,15,0.3660018559041439,
4,XYt,368,15,0.3655087920232613,
4,XYt,369,15,0.36403721545130613,
4,XYt,370,15,0.36177923193713324,
4,XYt,371,15,0.3600980080972951,
4,XYt,372,15,0.3573810684980617,
4,XYt,373,15,0.3558707420501042,
4,XYt,374,15,0.3542637731472461,
4,XYt,375,15,0.35178904522065924,
4,XYt,376,15,0.34651888099449457,
4,XYt,377,15,0.34108762915250945,
4,XYt,378,15,0.33409243416394935,
4,XYt,379,15,0.32904668706403856,
4,XYt,380,15,0.3258547547070329,
4,XYt,381,15,0.3255528873113798,
4,XYt,382,15,0.32583206002352355,
4,XYt,383,15,0.32578943749931777,
4,XYt,384,15,0.32323662535270303,
4,XYt,385,15,0.3166612978454824,
4,XYt,386,15,0.3128111566074768,
4,XYt,387,15,0.3146177601321995,
4,XYt,388,15,0.31532638160074644,
4,XYt,389,15,0.3172567606378465,
4,XYt,390,15,0.3181084774084954,
4,XYt,391,15,0.31921310607710063,
4,XYt,392,15,0.3195121494890909,
4,XYt,393,15,0.32068571827017256,
4,XYt,394,15,0.32085337081294857,
4,XYt,395,15,0.3222122977557815,
4,XYt,396,15,0.32427481171322214,
4,XYt,397,15,0.3269221325478596,
4,XYt,398,15,0.3278930105099059,
4,XYt,399,15,0.3282003589935629,
4,XYt,400,15,0.3277266347163787,
4,XYt,401,15,0.32722375634779965,
4,XYt,402,15,0.3254095832127571,
4,XYt,403,15,0.32444688157686724,
4,XYt,404,15,0.323822593810022,
4,XYt,405,15,0.32380769298347206,
4,XYt,406,15,0.32496979501191087,
4,XYt,407,15,0.32764142656812173,
4,XYt,408,15,0.3310072522356981,
4,XYt,409,15,0.3343131697808176,
4,XYt,410,15,0.3357734116156497,
4,XYt,411,15,0.3319762578523784,
4,XYt,412,15,0.333271889908348,
4,XYt,413,15,0.33608902110107775,
4,XYt,414,15,0.3387029489257852,
4,XYt,415,15,0.3416377991266622,
4,XYt,416,15,0.347916301967905,
4,XYt,417,15,0.3548796928943062,
4,XYt,418,15,0.3603766431178422,
4,XYt,419,15,0.36366622141762855,
4,XYt,420,15,0.3669825533469466,
4,XYt,421,15,0.36695319343410854,
4,XYt,422,15,0.3694955535360497,
4,XYt,423,15,0.37132171742456277,
4,XYt,424,15,0.37419270989780595,
4,XYt,425,15,0.37585916941810044,
4,XYt,426,15,0.3778439351891395,
4,XYt,427,15,0.3784996854321875,
4,XYt,428,15,0.38168614047508553,
4,XYt,429,15,0.38508096196000735,
4,XYt,430,15,0.38928181138226414,
4,XYt,431,15,0.3950376643769128,
4,XYt,432,15,0.40325721809091564,
4,XYt,433,15,0.4118820238387326,
4,XYt,434,15,0.42223323882625535,
4,XYt,435,15,0.43474004465870353,
4,XYt,436,15,0.45312185213327427,
4,XYt,437,15,0.4645614524317546,
4,XYt,438,15,0.4682615341725865,
4,XYt,439,15,0.4695219426332038,
4,XYt,440,15,0.47157883232572856,
4,XYt,441,15,0.4733450994600644,
4,XYt,442,15,0.4749470831688707,
4,XYt,443,15,0.47476813813999785,
4,XYt,444,15,0.4737973645397102,
4,XYt,445,15,0.47132702343312194,
4,XYt,446,15,0.46833790747201204,
4,XYt,447,15,0.46612499271867597,
4,XYt,448,15,0.4636180937102898,
4,XYt,449,15,0.4609097610504093,
4,XYt,450,15,0.4578565156107351,
4,XYt,451,15,0.4527902425074146,
4,XYt,452,15,0.44669436530309314,
4,XYt,453,15,0.440600076349877,
4,XYt,454,15,0.43129288762483997,
4,XYt,455,15,0.42171932483193497,
4,XYt,456,15,0.41641356791938855,
4,XYt,457,15,0.4152771622299437,
4,XYt,458,15,0.41584398299231373,
4,XYt,459,15,0.4172309282348391,
4,XYt,460,15,0.4195219730256129,
4,XYt,461,15,0.42126406727828747,
4,XYt,462,15,0.4228890641661609,
4,XYt,463,15,0.424459416248049,
4,XYt,464,15,0.4281418694231112,
4,XYt,465,15,0.4293196882215036,
4,XYt,466,15,0.4118848711291517,
4,XYt,467,15,0.3620206565682586,
4,XYt,468,15,0.30102886786429806,
4,XYt,469,15,0.26210849050837903,
4,XYt,470,15,0.24994052959821036,
4,XYt,471,15,0.24742030738005,
4,XYt,472,15,0.24703839945631936,
4,XYt,473,15,0.24618663942183647,
4,XYt,474,15,0.24589329189308426,
4,XYt,475,15,0.24555481330523038,
4,XYt,476,15,0.24535987227287834,
4,XYt,477,15,0.24452265581866775,
4,XYt,478,15,0.24427299586989537,
4,XYt,479,15,0.24341740127516875,
4,XYt,480,15,0.24276751661001877,
4,XYt,481,15,0.2421658889778396,
4,XYt,482,15,0.24214206048418438,
4,XYt,483,15,0.24235150974898323,
4,XYt,484,15,0.24336782390611877,
4,XYt,485,15,0.24350773498234968,
4,XYt,486,15,0.24318610438045515,
4,XYt,487,15,0.242651867537932,
4,XYt,488,15,0.24280216445331437,
4,XYt,489,15,0.24378075080842826,
4,XYt,490,15,0.2446324441088627,
4,XYt,491,15,0.24580919722062772,
4,XYt,492,15,0.24658871636595922,
4,XYt,493,15,0.24687650446246714,
4,XYt,494,15,0.24667953236588527,
4,XYt,495,15,0.24686525808764404,
4,XYt,496,15,0.24607761550932716,
4,XYt,497,15,0.24477950987454558,
4,XYt,498,15,0.2430183938874044,
4,XYt,499,15,0.24153255570734128,
4,XYt,500,15,0.23989162658241298,
4,XYt,501,15,0.23930037012206518,
4,XYt,502,15,0.23932182787305373,
4,XYt,503,15,0.24003429551481587,
4,XYt,504,15,0.2406516449476085,
4,XYt,505,15,0.24062974865399783,
4,XYt,506,15,0.24040305563888476,
4,XYt,507,15,0.24002457407908137,
4,XYt,508,15,0.2404220827569399,
4,XYt,509,15,0.24107982221586782,
4,XYt,510,15,0.24101769363878317,
4,XYt,511,15,0.24096094897231324,
4,XYt,512,15,0.24145872002660304,
4,XYt,513,15,0.24155734295708906,
4,XYt,514,15,0.24238234319330518,
4,XYt,515,15,0.24278431344600002,
4,XYt,516,15,0.24263989928583235,
4,XYt,517,15,0.24208783247376348,
4,XYt,518,15,0.24203054998016515,
4,XYt,519,15,0.24146375091689767,
4,XYt,520,15,0.24100487933254097,
4,XYt,521,15,0.23968805768899326,
4,XYt,522,15,0.23779158673390544,
4,XYt,523,15,0.23575110529233137,
4,XYt,524,15,0.23478243895740997,
4,XYt,525,15,0.23364783479777593,
4,XYt,526,15,0.23295737097395122,
4,XYt,527,15,0.23226158916104855,
4,XYt,528,15,0.2306678589631213,
4,XYt,529,15,0.2281169730907073,
4,XYt,530,15,0.22661370050772628,
4,XYt,531,15,0.228466266861992,
4,XYt,532,15,0.2366888837716716,
4,XYt,533,15,0.25553043048877516,
4,XYt,534,15,0.2933592373759991,
4,XYt,535,15,0.34714716502134807,
4,XYt,536,15,0.392184689825628,
4,XYt,537,15,0.42338479181555966,
4,XYt,538,15,0.4340421751074101,
4,XYt,539,15,0.435079285173235,
4,XYt,540,15,0.4322573894258248,
4,XYt,541,15,0.42660506934328923,
4,XYt,542,15,0.42034486236479995,
4,XYt,543,15,0.416182339866768,
4,XYt,544,15,0.41205750694273724,
4,XYt,545,15,0.4096878873272698,
4,XYt,546,15,0.40931994834442087,
4,XYt,547,15,0.4070249184593909,
4,XYt,548,15,0.3989187059574524,
4,XYt,549,15,0.39163193152203557,
4,XYt,550,15,0.3857609120204427,
4,XYt,551,15,0.38179308237685106,
4,XYt,552,15,0.3789758765895001,
4,XYt,553,15,0.3778265284379302,
4,XYt,554,15,0.37718216994433756,
4,XYt,555,15,0.3764424567303774,
4,XYt,556,15,0.3750961942314766,
4,XYt,557,15,0.37330365169778185,
4,XYt,558,15,0.3701196374685056,
4,XYt,559,15,0.3644211403037741,
4,XYt,560,15,0.3548934601973396,
4,XYt,561,15,0.343362971353109,
4,XYt,562,15,0.33693875353864305,
4,XYt,563,15,0.3351709627653883,
4,XYt,564,15,0.3330456966286575,
4,XYt,565,15,0.32827714752810633,
4,XYt,566,15,0.3211081163542039,
4,XYt,567,15,0.3144815808920279,
4,XYt,568,15,0.3081504685508946,
4,XYt,569,15,0.3021532653110766,
4,XYt,570,15,0.29571912474550155,
4,XYt,571,15,0.28820746941693026,
4,XYt,572,15,0.28193241131831553,
4,XYt,573,15,0.2786775266443592,
4,XYt,574,15,0.27883611198160035,
4,XYt,575,15,0.28074104666108973,
4,XYt,576,15,0.283825891977329,
4,XYt,577,15,0.28688502810746924,
4,XYt,578,15,0.2890582996168355,
4,XYt,579,15,0.29107167309446985,
4,XYt,580,15,0.29316458951175195,
4,XYt,581,15,0.2957701332865736,
4,XYt,582,15,0.29598051460692965,
4,XYt,583,15,0.2948273244344382,
4,XYt,584,15,0.2928641543150089,
4,XYt,585,15,0.2903199975095556,
4,XYt,586,15,0.287678674446469,
4,XYt,587,15,0.28594480843273645,
4,XYt,588,15,0.2803831424873522,
4,XYt,589,15,0.27211482729084846,
4,XYt,590,15,0.2624376483264714,
4,XYt,591,15,0.254379272064326,
4,XYt,592,15,0.2501337662356571,
4,XYt,593,15,0.2487851441747647,
4,XYt,594,15,0.2488664814569871,
4,XYt,595,15,0.24950818462320498,
4,XYt,596,15,0.25049163812797026,
4,XYt,597,15,0.25172790678606966,
4,XYt,598,15,0.2532285676517419,
4,XYt,599,15,0.2549813833789205,
4,XYt,600,15,0.2575028407232566,
4,XYt,601,15,0.2611401503180716,
4,XYt,602,15,0.26428563324619525,
4,XYt,603,15,0.2660077627857377,
4,XYt,604,15,0.2673071765633795,
4,XYt,605,15,0.2677412100921268,
4,XYt,606,15,0.2678269212373694,
4,XYt,607,15,0.2678085832190061,
4,XYt,608,15,0.267439895922091,
4,XYt,609,15,0.2668804876827257,
4,XYt,610,15,0.26488095314051097,
4,XYt,611,15,0.2622036995663149,
4,XYt,612,15,0.2586833370239872,
4,XYt,613,15,0.2548995526706886,
4,XYt,614,15,0.25127292919408895,
4,XYt,615,15,0.24828420637340157,
4,XYt,616,15,0.24583658193544,
4,XYt,617,15,0.24446277551857706,
4,XYt,618,15,0.24425048864982277,
4,XYt,619,15,0.24560874424132223,
4,XYt,620,15,0.2461901645854248,
4,XYt,621,15,0.24838224297901337,
4,XYt,622,15,0.25383560644925407,
4,XYt,623,15,0.261866549283967,
4,XYt,624,15,0.2701303085476063,
4,XYt,625,15,0.2798663450047685,
4,XYt,626,15,0.28637143734179277,
4,XYt,627,15,0.2903997530036453,
4,XYt,628,15,0.29345136573978214,
4,XYt,629,15,0.29527099941046236,
4,XYt,630,15,0.2957421101477782,
4,XYt,631,15,0.2942104329070186,
4,XYt,632,15,0.29195675272739496,
4,XYt,633,15,0.28926551996771377,
4,XYt,634,15,0.2868173968912562,
4,XYt,635,15,0.28317913784115223,
4,XYt,636,15,0.27932644910190535,
4,XYt,637,15,0.2756907269017225,
4,XYt,638,15,0.2734202334872792,
4,XYt,639,15,0.27222199320621526,
4,XYt,640,15,0.2740038029786296,
4,XYt,641,15,0.2790552242814158,
4,XYt,642,15,0.2854411871665345,
4,XYt,643,15,0.29102929875831796,
4,XYt,644,15,0.29567381126795333,
4,XYt,645,15,0.30024735253260265,
4,XYt,646,15,0.3057840500003464,
4,XYt,647,15,0.312616384582171,
4,XYt,648,15,0.31831415848530137,
4,XYt,649,15,0.32338601758163776,
4,XYt,650,15,0.327010344810342,
4,XYt,651,15,0.3300076075432478,
4,XYt,652,15,0.33932412751396024,
4,XYt,653,15,0.3488258464059051,
4,XYt,654,15,0.3537670638184024,
4,XYt,655,15,0.3560020151276949,
4,XYt,656,15,0.35796932365680467,
4,XYt,657,15,0.36069566896377725,
4,XYt,658,15,0.363135426321052,
4,XYt,659,15,0.36553379645255824,
4,XYt,660,15,0.36825549829595505,
4,XYt,661,15,0.37131840453774134,
4,XYt,662,15,0.3753437030819145,
4,XYt,663,15,0.3806971416869812,
4,XYt,664,15,0.38796344794254994,
4,XYt,665,15,0.39684318382200207,
4,XYt,666,15,0.4048147229254391,
4,XYt,667,15,0.41079044061616493,
4,XYt,668,15,0.4158275663198946,
4,XYt,669,15,0.4209462902219045,
4,XYt,670,15,0.4263906401501364,
4,XYt,671,15,0.4292191494956338,
4,XYt,672,15,0.4263760100521141,
4,XYt,673,15,0.4131420021369989,
4,XYt,674,15,0.3925002011460914,
4,XYt,675,15,0.3705777486871332,
4,XYt,676,15,0.34510387821926863,
4,XYt,677,15,0.31235410063905733,
4,XYt,678,15,0.2783646077075523,
4,XYt,679,15,0.25243023735661985,
4,XYt,680,15,0.23560831660799103,
4,XYt,681,15,0.22364509990225379,
4,XYt,682,15,0.21597954262819424,
4,XYt,683,15,0.2112255171732262,
4,XYt,684,15,0.20927351894021784,
4,XYt,685,15,0.20830771713590868,
4,XYt,686,15,0.20915401551513027,
4,XYt,687,15,0.2105758589095618,
4,XYt,688,15,0.21280745064767556,
4,XYt,689,15,0.21473290163712544,
4,XYt,690,15,0.21621890083659648,
4,XYt,691,15,0.21759542695911413,
4,XYt,692,15,0.21831615175924982,
4,XYt,693,15,0.21904735266944003,
4,XYt,694,15,0.21924833980845682,
4,XYt,695,15,0.2201227441661748,
4,XYt,696,15,0.22055735183902025,
4,XYt,697,15,0.22100693795898163,
4,XYt,698,15,0.2209546121370594,
4,XYt,699,15,0.22161140283472489,
4,XYt,700,15,0.22121465312570648,
4,XYt,701,15,0.22145191024532715,
4,XYt,702,15,0.22083012745274813,
4,XYt,703,15,0.22105414324993375,
4,XYt,704,15,0.22065998602099,
4,XYt,705,15,0.2205258995520566,
4,XYt,706,15,0.22004856694633435,
4,XYt,707,15,0.21956850173606735,
4,XYt,708,15,0.21836530298084303,
4,XYt,709,15,0.22868202345777583,
4,XYt,710,15,0.21528417239521794,
4,XYt,711,15,0.2590649687235958,
4,XYt,712,15,0.2509756611281657,
4,XYt,713,15,0.2491774511001413,
4,XYt,714,15,0.23947476464193665,
4,XYt,715,15,0.22643033238669472,
4,XYt,716,15,0.212610249454629,
4,XYt,717,15,0.19632467062503126,
4,XYt,718,15,0.1879915095557006,
4,XYt,719,15,0.1930610960662421,
4,XYt,720,15,0.207812652738792,
4,XYt,721,15,0.22297056095770207,
4,XYt,722,15,0.2384623637074404,
4,XYt,723,15,0.2580989547873843,
4,XYt,724,15,0.28589688512079986,
4,XYt,725,15,0.30910515780478043,
4,XYt,726,15,0.3246235072175682,
4,XYt,727,15,0.3300589265392286,
4,YZt,0,15,0.1969763835528123,
4,YZt,1,15,0.36787438101782066,
4,YZt,2,15,0.2766179089534531,
4,YZt,3,15,0.2484452782095387,
4,YZt,4,15,0.2480987235699353,
4,YZt,5,15,0.29556103148518453,
4,YZt,6,15,0.2826037637201477,
4,YZt,7,15,0.3232129564679129,
4,YZt,8,15,0.3238115835588697,
4,YZt,9,15,0.3460534442883969,
4,YZt,10,15,0.3374749546313509,
4,YZt,11,15,0.34984560704332346,
4,YZt,12,15,0.341771808703763,
4,YZt,13,15,0.34735030093695274,
4,YZt,14,15,0.3502786755444326,
4,YZt,15,15,0.34984612402433574,
4,YZt,16,15,0.35625868447544223,
4,YZt,17,15,0.3504992903345375,
4,YZt,18,15,0.3581058246907345,
4,YZt,19,15,0.36275619882552845,
4,YZt,20,15,0.35904515256241376,
4,YZt,21,15,0.36468385941776105,
4,YZt,22,15,0.36533205061283286,
4,YZt,23,15,0.36140714397200024,
4,YZt,24,15,0.3775345780135749,
4,YZt,25,15,0.37367090393187424,
4,YZt,26,15,0.3732834787939733,
4,YZt,27,15,0.37735455945909263,
4,YZt,28,15,0.3859875728489562,
4,YZt,29,15,0.37664340485769976,
4,YZt,30,15,0.38509184074999186,
4,YZt,31,15,0.38994929520920035,
4,YZt,32,15,0.3827746923128899,
4,YZt,33,15,0.3894651961249389,
4,YZt,34,15,0.3946846328313676,
4,YZt,35,15,0.39775766113752153,
4,YZt,36,15,0.39787152733170283,
4,YZt,37,15,0.3917476836585443,
4,YZt,38,15,0.3928200541626365,
4,YZt,39,15,0.3930441640151243,
4,YZt,40,15,0.39289319933057787,
4,YZt,41,15,0.38616207133291375,
4,YZt,42,15,0.381073805620753,
4,YZt,43,15,0.36994432233479374,
4,YZt,44,15,0.3596246350458708,
4,YZt,45,15,0.34747885703463494,
4,YZt,46,15,0.33528709225215547,
4,YZt,47,15,0.3281318425655792,
4,YZt,48,15,0.3234718497448363,
4,YZt,49,15,0.31918901064019006,
4,YZt,50,15,0.31545266677953565,
4,YZt,51,15,0.31399940300192003,
4,YZt,52,15,0.30930178366240085,
4,YZt,53,15,0.3054075765749857,
4,YZt,54,15,0.3090483597281438,
4,YZt,55,15,0.3126987657436814,
4,YZt,56,15,0.3154962534875066,
4,YZt,57,15,0.31772503369908284,
4,YZt,58,15,0.3284530297422853,
4,YZt,59,15,0.3367621660380071,
4,YZt,60,15,0.3415842742357197,
4,YZt,61,15,0.35434285632159085,
4,YZt,62,15,0.36749407972137926,
4,YZt,63,15,0.37193711963456266,
4,YZt,64,15,0.37929296269663587,
4,YZt,65,15,0.3671838499497859,
4,YZt,66,15,0.3356399577790414,
4,YZt,67,15,0.29129861901430726,
4,YZt,68,15,0.2507487888399264,
4,YZt,69,15,0.2258869265894024,
4,YZt,70,15,0.20825907170955743,
4,YZt,71,15,0.19662458095248622,
4,YZt,72,15,0.18803585858253058,
4,YZt,73,15,0.18016882307599888,
4,YZt,74,15,0.1739837220343566,
4,YZt,75,15,0.17071451206467322,
4,YZt,76,15,0.1663946221934115,
4,YZt,77,15,0.16358381719151124,
4,YZt,78,15,0.16134390966511836,
4,YZt,79,15,0.16015668771029823,
4,YZt,80,15,0.15962012411906942,
4,YZt,81,15,0.1611147262582286,
4,YZt,82,15,0.1617700573050336,
4,YZt,83,15,0.1657631519071066,
4,YZt,84,15,0.168357403277721,
4,YZt,85,15,0.17008639232269912,
4,YZt,86,15,0.1730940945790915,
4,YZt,87,15,0.174902127558342,
4,YZt,88,15,0.17885234891669355,
4,YZt,89,15,0.18179591140022738,
4,YZt,90,15,0.18406799275902788,
4,YZt,91,15,0.1878864614646769,
4,YZt,92,15,0.1903459583619008,
4,YZt,93,15,0.19205236451599272,
4,YZt,94,15,0.19539717616488078,
4,YZt,95,15,0.19817479622858356,
4,YZt,96,15,0.20069541059156334,
4,YZt,97,15,0.2024174162767775,
4,YZt,98,15,0.20686489143806475,
4,YZt,99,15,0.21014271888129787,
4,YZt,100,15,0.21242695376672144,
4,YZt,101,15,0.21481102354162976,
4,YZt,102,15,0.21935778808345324,
4,YZt,103,15,0.22325255954082504,
4,YZt,104,15,0.22713124828324135,
4,YZt,105,15,0.22973813159370837,
4,YZt,106,15,0.23493462255355324,
4,YZt,107,15,0.24147955533424573,
4,YZt,108,15,0.24796050004462933,
4,YZt,109,15,0.2552053594678928,
4,YZt,110,15,0.26262115682286463,
4,YZt,111,15,0.26873664792855423,
4,YZt,112,15,0.2773943247385803,
4,YZt,113,15,0.2833911918944514,
4,YZt,114,15,0.28704852652907714,
4,YZt,115,15,0.2895119012497198,
4,YZt,116,15,0.29315306620650045,
4,YZt,117,15,0.2969980970316035,
4,YZt,118,15,0.30137046563154346,
4,YZt,119,15,0.30350958841258924,
4,YZt,120,15,0.3043581135920808,
4,YZt,121,15,0.3039459633502123,
4,YZt,122,15,0.30036524515958224,
4,YZt,123,15,0.2947128045711861,
4,YZt,124,15,0.2882837903945076,
4,YZt,125,15,0.28137102343649173,
4,YZt,126,15,0.2764340923132873,
4,YZt,127,15,0.27336814446114893,
4,YZt,128,15,0.2713477249465538,
4,YZt,129,15,0.2700702795862259,
4,YZt,130,15,0.2697438955766286,
4,YZt,131,15,0.2696449656401825,
4,YZt,132,15,0.27029874607889043,
4,YZt,133,15,0.27087726517753286,
4,YZt,134,15,0.27053787749653835,
4,YZt,135,15,0.27123912785300464,
4,YZt,136,15,0.2710664389450299,
4,YZt,137,15,0.27034444555754156,
4,YZt,138,15,0.2707940690253491,
4,YZt,139,15,0.2698508764805325,
4,YZt,140,15,0.2709133387429567,
4,YZt,141,15,0.27077741435286595,
4,YZt,142,15,0.26928176537993365,
4,YZt,143,15,0.26626970520576243,
4,YZt,144,15,0.26326783183809943,
4,YZt,145,15,0.2597403955109892,
4,YZt,146,15,0.2556886672009788,
4,YZt,147,15,0.2511619862488701,
4,YZt,148,15,0.24708405825648014,
4,YZt,149,15,0.24513861187243352,
4,YZt,150,15,0.2431097601698613,
4,YZt,151,15,0.24062316681354684,
4,YZt,152,15,0.2387384084495241,
4,YZt,153,15,0.2364716298631936,
4,YZt,154,15,0.23364166672612594,
4,YZt,155,15,0.23318101654478984,
4,YZt,156,15,0.22971253143211035,
4,YZt,157,15,0.2243197418754963,
4,YZt,158,15,0.21679099289800954,
4,YZt,159,15,0.2108587886554641,
4,YZt,160,15,0.2048717970446492,
4,YZt,161,15,0.1987312932218838,
4,YZt,162,15,0.1920410041953828,
4,YZt,163,15,0.18865539384180105,
4,YZt,164,15,0.18440414182765738,
4,YZt,165,15,0.17992161818753183,
4,YZt,166,15,0.1759337311673218,
4,YZt,167,15,0.17244502464605366,
4,YZt,168,15,0.16814150017569618,
4,YZt,169,15,0.16219680595012773,
4,YZt,170,15,0.15885281164323917,
4,YZt,171,15,0.15424606175223152,
4,YZt,172,15,0.1496321139397135,
4,YZt,173,15,0.14856507512656442,
4,YZt,174,15,0.14799143185728247,
4,YZt,175,15,0.14875022677594077,
4,YZt,176,15,0.1505020731267714,
4,YZt,177,15,0.15109672581003283,
4,YZt,178,15,0.15543739546494414,
4,YZt,179,15,0.15863723810983055,
4,YZt,180,15,0.16411396393584624,
4,YZt,181,15,0.17017223418684474,
4,YZt,182,15,0.17846265689836172,
4,YZt,183,15,0.18909603640209308,
4,YZt,184,15,0.2051292059273254,
4,YZt,185,15,0.22918201454834977,
4,YZt,186,15,0.26620720393996433,
4,YZt,187,15,0.323416781555176,
4,YZt,188,15,0.3786085723218332,
4,YZt,189,15,0.4157677019086498,
4,YZt,190,15,0.435750955994036,
4,YZt,191,15,0.4315489078452711,
4,YZt,192,15,0.43807874752753806,
4,YZt,193,15,0.43018447033163854,
4,YZt,194,15,0.43198506700278577,
4,YZt,195,15,0.42988518289652916,
4,YZt,196,15,0.4230797959957862,
4,YZt,197,15,0.4307140145162691,
4,YZt,198,15,0.4266229212986007,
4,YZt,199,15,0.4227558625887976,
4,YZt,200,15,0.4249544813567591,
4,YZt,201,15,0.42666078107043176,
4,YZt,202,15,0.4206581893392649,
4,YZt,203,15,0.4233703582115941,
4,YZt,204,15,0.4246141770879186,
4,YZt,205,15,0.42165039906464336,
4,YZt,206,15,0.41757588282292074,
4,YZt,207,15,0.4197485043040746,
4,YZt,208,15,0.424861864651013,
4,YZt,209,15,0.4199436584020209,
4,YZt,210,15,0.41628567935743604,
4,YZt,211,15,0.41225250726894563,
4,YZt,212,15,0.4086929390340484,
4,YZt,213,15,0.4057539034208652,
4,YZt,214,15,0.4101218046727127,
4,YZt,215,15,0.4131258318422276,
4,YZt,216,15,0.4109370963422092,
4,YZt,217,15,0.40983120336619305,
4,YZt,218,15,0.40444296992886397,
4,YZt,219,15,0.4044314462861702,
4,YZt,220,15,0.39649956719794527,
4,YZt,221,15,0.39173460959938217,
4,YZt,222,15,0.38946698971079147,
4,YZt,223,15,0.39458593055470714,
4,YZt,224,15,0.3959972764923364,
4,YZt,225,15,0.39528802361115556,
4,YZt,226,15,0.38856610542148007,
4,YZt,227,15,0.38189970828842607,
4,YZt,228,15,0.3897714001090239,
4,YZt,229,15,0.38403041846071284,
4,YZt,230,15,0.3752457242439933,
4,YZt,231,15,0.3853489271021152,
4,YZt,232,15,0.3759065531661222,
4,YZt,233,15,0.36954799186880605,
4,YZt,234,15,0.3690391538937361,
4,YZt,235,15,0.37502234412010316,
4,YZt,236,15,0.35823285881527017,
4,YZt,237,15,0.3612208988774501,
4,YZt,238,15,0.36047116158708803,
4,YZt,239,15,0.35566818386630183,
4,YZt,240,15,0.36029546282822944,
4,YZt,241,15,0.35207147554048907,
4,YZt,242,15,0.3474724761150255,
4,YZt,243,15,0.35315349721900385,
4,YZt,244,15,0.34557812594588566,
4,YZt,245,15,0.345673216146829,
4,YZt,246,15,0.3438982334308681,
4,YZt,247,15,0.33634301383293363,
4,YZt,248,15,0.34585187475294565,
4,YZt,249,15,0.3325821137878944,
4,YZt,250,15,0.3434340604491666,
4,YZt,251,15,0.32082225288866545,
4,YZt,252,15,0.32060315326852484,
4,YZt,253,15,0.28333482027903595,
4,YZt,254,15,0.2967690528335705,
4,YZt,255,15,0.2472358954472449,
4,YZt,256,15,0.24733413476887045,
4,YZt,257,15,0.27472929104654503,
4,YZt,258,15,0.36864551178532695,
4,YZt,259,15,0.2060495657872904,
4,XZt,0,15,0.19764692292517888,
4,XZt,1,15,0.33043184741336007,
4,XZt,2,15,0.25319214203634005,
4,XZt,3,15,0.21953597526609683,
4,XZt,4,15,0.21855521584775406,
4,XZt,5,15,0.2782856084359743,
4,XZt,6,15,0.2657109016668992,
4,XZt,7,15,0.31180527722361423,
4,XZt,8,15,0.3182418258101852,
4,XZt,9,15,0.34074839852684563,
4,XZt,10,15,0.3332293300915532,
4,XZt,11,15,0.3449530446090979,
4,XZt,12,15,0.33915162594712045,
4,XZt,13,15,0.3464344949529413,
4,XZt,14,15,0.35031224641201675,
4,XZt,15,15,0.3488476241254129,
4,XZt,16,15,0.3602795281218645,
4,XZt,17,15,0.35676510074639617,
4,XZt,18,15,0.3611152570538694,
4,XZt,19,15,0.36754911022547504,
4,XZt,20,15,0.36511320161546496,
4,XZt,21,15,0.37141288006517104,
4,XZt,22,15,0.3702956371042612,
4,XZt,23,15,0.36551669006217324,
4,XZt,24,15,0.387029091151907,
4,XZt,25,15,0.3736401351246495,
4,XZt,26,15,0.3755361562017044,
4,XZt,27,15,0.38199975935829966,
4,XZt,28,15,0.3887106061001029,
4,XZt,29,15,0.3802437323696867,
4,XZt,30,15,0.388855572115221,
4,XZt,31,15,0.3955143582491705,
4,XZt,32,15,0.38760933147268817,
4,XZt,33,15,0.3939111599483003,
4,XZt,34,15,0.3988648926970663,
4,XZt,35,15,0.39955151797197813,
4,XZt,36,15,0.39839632307333867,
4,XZt,37,15,0.39342298112952506,
4,XZt,38,15,0.3967496502362831,
4,XZt,39,15,0.40225843993854815,
4,XZt,40,15,0.41180805376712304,
4,XZt,41,15,0.414837259981792,
4,XZt,42,15,0.41968409672007834,
4,XZt,43,15,0.41856840065121964,
4,XZt,44,15,0.4209683725478196,
4,XZt,45,15,0.4194343664117476,
4,XZt,46,15,0.4136902316219026,
4,XZt,47,15,0.4161285769450549,
4,XZt,48,15,0.4191824163156733,
4,XZt,49,15,0.4214472174179841,
4,XZt,50,15,0.42447131496198565,
4,XZt,51,15,0.42773973462174597,
4,XZt,52,15,0.42421652744191973,
4,XZt,53,15,0.42411649114759603,
4,XZt,54,15,0.42948745522332277,
4,XZt,55,15,0.4318222662471261,
4,XZt,56,15,0.43127580535286386,
4,XZt,57,15,0.43051419247268413,
4,XZt,58,15,0.438091234828803,
4,XZt,59,15,0.4396239469082473,
4,XZt,60,15,0.44011205036291917,
4,XZt,61,15,0.4432328770617635,
4,XZt,62,15,0.4453564690848527,
4,XZt,63,15,0.44095194899252904,
4,XZt,64,15,0.44581350932199937,
4,XZt,65,15,0.44605981710341425,
4,XZt,66,15,0.4430783545647373,
4,XZt,67,15,0.4447952676087634,
4,XZt,68,15,0.4334148037535972,
4,XZt,69,15,0.4278096436673478,
4,XZt,70,15,0.40688871644115504,
4,XZt,71,15,0.38755759228089554,
4,XZt,72,15,0.3712566343304734,
4,XZt,73,15,0.35154927493805094,
4,XZt,74,15,0.3344360113863416,
4,XZt,75,15,0.32114232545150695,
4,XZt,76,15,0.3063802832453855,
4,XZt,77,15,0.29425012402242245,
4,XZt,78,15,0.2818250488481035,
4,XZt,79,15,0.27162977779885605,
4,XZt,80,15,0.2607394762073359,
4,XZt,81,15,0.25368772678435614,
4,XZt,82,15,0.24497017922378775,
4,XZt,83,15,0.23954210064859044,
4,XZt,84,15,0.2340265875121699,
4,XZt,85,15,0.22848008942444295,
4,XZt,86,15,0.2259579761979189,
4,XZt,87,15,0.2230814975517567,
4,XZt,88,15,0.22217658634729728,
4,XZt,89,15,0.2213926177862233,
4,XZt,90,15,0.21958591847547315,
4,XZt,91,15,0.21915135001621802,
4,XZt,92,15,0.21880867206003435,
4,XZt,93,15,0.2162388684336588,
4,XZt,94,15,0.21515008703828467,
4,XZt,95,15,0.21387580571905795,
4,XZt,96,15,0.21222349539466678,
4,XZt,97,15,0.20931134286165076,
4,XZt,98,15,0.20842759939780636,
4,XZt,99,15,0.20613408238022451,
4,XZt,100,15,0.20285484904690476,
4,XZt,101,15,0.19907779599425796,
4,XZt,102,15,0.19697995114092404,
4,XZt,103,15,0.19466586620066542,
4,XZt,104,15,0.19199902999475826,
4,XZt,105,15,0.18820696429079498,
4,XZt,106,15,0.18635957326899372,
4,XZt,107,15,0.1845528271287251,
4,XZt,108,15,0.18258169781331537,
4,XZt,109,15,0.18123271048590878,
4,XZt,110,15,0.17983097327243022,
4,XZt,111,15,0.17784852295682327,
4,XZt,112,15,0.17802723236406862,
4,XZt,113,15,0.1778150788934071,
4,XZt,114,15,0.1769165512399539,
4,XZt,115,15,0.17647405130936816,
4,XZt,116,15,0.175799786403505,
4,XZt,117,15,0.17503514401847367,
4,XZt,118,15,0.17439738854928968,
4,XZt,119,15,0.17342591327872392,
4,XZt,120,15,0.17233052850303138,
4,XZt,121,15,0.1723759054501997,
4,XZt,122,15,0.17239217578334068,
4,XZt,123,15,0.1721602282910331,
4,XZt,124,15,0.17213526013996758,
4,XZt,125,15,0.1719955291009281,
4,XZt,126,15,0.17259463646160866,
4,XZt,127,15,0.17286794094177807,
4,XZt,128,15,0.17346350000358401,
4,XZt,129,15,0.17376321672001904,
4,XZt,130,15,0.17449410452963504,
4,XZt,131,15,0.17526233159753254,
4,XZt,132,15,0.17623598675988197,
4,XZt,133,15,0.17801693966752677,
4,XZt,134,15,0.17863472644936107,
4,XZt,135,15,0.180507331478825,
4,XZt,136,15,0.18177952025818822,
4,XZt,137,15,0.1833399392171461,
4,XZt,138,15,0.18448029652978837,
4,XZt,139,15,0.1853457254211779,
4,XZt,140,15,0.18719371363402998,
4,XZt,141,15,0.18908507277325926,
4,XZt,142,15,0.19034125313163922,
4,XZt,143,15,0.19171251511876916,
4,XZt,144,15,0.19295813697156655,
4,XZt,145,15,0.19454654002535762,
4,XZt,146,15,0.19650566779868678,
4,XZt,147,15,0.19950015188241996,
4,XZt,148,15,0.20173503354996214,
4,XZt,149,15,0.2067499096351112,
4,XZt,150,15,0.21136783345110693,
4,XZt,151,15,0.21549909524619457,
4,XZt,152,15,0.22029299602422683,
4,XZt,153,15,0.22487355761010205,
4,XZt,154,15,0.2298090565033003,
4,XZt,155,15,0.23740095321315427,
4,XZt,156,15,0.24384874546931806,
4,XZt,157,15,0.2511611026231208,
4,XZt,158,15,0.258100594519945,
4,XZt,159,15,0.2679016351621098,
4,XZt,160,15,0.27756168838264716,
4,XZt,161,15,0.2867622711525039,
4,XZt,162,15,0.29613312622418025,
4,XZt,163,15,0.30742254611312153,
4,XZt,164,15,0.3167352378977542,
4,XZt,165,15,0.32524917342101656,
4,XZt,166,15,0.3336746688478609,
4,XZt,167,15,0.3426730780491417,
4,XZt,168,15,0.34899830161845213,
4,XZt,169,15,0.3544318117691956,
4,XZt,170,15,0.36206664452203857,
4,XZt,171,15,0.36621883790477444,
4,XZt,172,15,0.3695263479051243,
4,XZt,173,15,0.3712594378995318,
4,XZt,174,15,0.3675751777716374,
4,XZt,175,15,0.36387309034153204,
4,XZt,176,15,0.35557727168508013,
4,XZt,177,15,0.3447164302635586,
4,XZt,178,15,0.33514338569323465,
4,XZt,179,15,0.32146023954358527,
4,XZt,180,15,0.3115521553083081,
4,XZt,181,15,0.3010617786874964,
4,XZt,182,15,0.2937391375169334,
4,XZt,183,15,0.2864713307279204,
4,XZt,184,15,0.2834880385971894,
4,XZt,185,15,0.27888738098936317,
4,XZt,186,15,0.2786228418277219,
4,XZt,187,15,0.2804943676114215,
4,XZt,188,15,0.283040836876509,
4,XZt,189,15,0.28743178360587135,
4,XZt,190,15,0.29367985984598705,
4,XZt,191,15,0.29630400666566775,
4,XZt,192,15,0.30465305769811263,
4,XZt,193,15,0.30564324230997686,
4,XZt,194,15,0.3069708298779407,
4,XZt,195,15,0.3049419519101009,
4,XZt,196,15,0.29957743179424967,
4,XZt,197,15,0.29926865915266915,
4,XZt,198,15,0.29554432513723283,
4,XZt,199,15,0.29015786901459667,
4,XZt,200,15,0.2903377422271446,
4,XZt,201,15,0.28835692966264453,
4,XZt,202,15,0.28401399552186607,
4,XZt,203,15,0.28503449483272275,
4,XZt,204,15,0.2844641219679229,
4,XZt,205,15,0.2826566025053731,
4,XZt,206,15,0.279511838525734,
4,XZt,207,15,0.28080279565243876,
4,XZt,208,15,0.2830200175599594,
4,XZt,209,15,0.28130678776302104,
4,XZt,210,15,0.2815280737953123,
4,XZt,211,15,0.2843484223803116,
4,XZt,212,15,0.28841457013161664,
4,XZt,213,15,0.2966107656955172,
4,XZt,214,15,0.3121691486745916,
4,XZt,215,15,0.3306722164357633,
4,XZt,216,15,0.3513879476740372,
4,XZt,217,15,0.37436883744348654,
4,XZt,218,15,0.3963723884217547,
4,XZt,219,15,0.41999955615307133,
4,XZt,220,15,0.43694717574302483,
4,XZt,221,15,0.4482679579602725,
4,XZt,222,15,0.4565527517984367,
4,XZt,223,15,0.4641499288711266,
4,XZt,224,15,0.45946025126665946,
4,XZt,225,15,0.45165509934192977,
4,XZt,226,15,0.43589006839923816,
4,XZt,227,15,0.4229638822353321,
4,XZt,228,15,0.42760450409003775,
4,XZt,229,15,0.4183694531404945,
4,XZt,230,15,0.4067129392181133,
4,XZt,231,15,0.4133072133059648,
4,XZt,232,15,0.40434240650152237,
4,XZt,233,15,0.39764443716402037,
4,XZt,234,15,0.39776233256359034,
4,XZt,235,15,0.40576974951846084,
4,XZt,236,15,0.3834104968824849,
4,XZt,237,15,0.3893810884705301,
4,XZt,238,15,0.3920994761115296,
4,XZt,239,15,0.3835372153786195,
4,XZt,240,15,0.3877387778203412,
4,XZt,241,15,0.3807343898555532,
4,XZt,242,15,0.37385601095671034,
4,XZt,243,15,0.37723714903742356,
4,XZt,244,15,0.3673700755878033,
4,XZt,245,15,0.3704190116290651,
4,XZt,246,15,0.3633176045504445,
4,XZt,247,15,0.3558209688116314,
4,XZt,248,15,0.3647524019556655,
4,XZt,249,15,0.347143286597588,
4,XZt,250,15,0.3567589000941799,
4,XZt,251,15,0.33858570216527306,
4,XZt,252,15,0.32732696582290666,
4,XZt,253,15,0.2785656938414442,
4,XZt,254,15,0.28745849411508545,
4,XZt,255,15,0.2301650902519007,
4,XZt,256,15,0.23489239850502194,
4,XZt,257,15,0.26908371296970496,
4,XZt,258,15,0.3438568848409095,
4,XZt,259,15,0.1824625022954292,
5,XYt,0,15,0.18748945171115058,
5,XYt,1,15,0.1752762632760047,
5,XYt,2,15,0.16890251677223111,
5,XYt,3,15,0.1687205750860859,
5,XYt,4,15,0.1711622796815258,
5,XYt,5,15,0.16820838519075315,
5,XYt,6,15,0.16446711915557705,
5,XYt,7,15,0.15941566282926004,
5,XYt,8,15,0.155006679457855,
5,XYt,9,15,0.15430363915319925,
5,XYt,10,15,0.1555870974891197,
5,XYt,11,15,0.15633831182599864,
5,XYt,12,15,0.15540564071276017,
5,XYt,13,15,0.15280175452191014,
5,XYt,14,15,0.14853277955120353,
5,XYt,15,15,0.14177937983555533,
5,XYt,16,15,0.12960484986281007,
5,XYt,17,15,0.1151626055458523,
5,XYt,18,15,0.11531733057663421,
5,XYt,19,15,0.12540109885667802,
5,XYt,20,15,0.1375125622898417,
5,XYt,21,15,0.1471954399940529,
5,XYt,22,15,0.15360728909992327,
5,XYt,23,15,0.15642109564307638,
5,XYt,24,15,0.15583178184718663,
5,XYt,25,15,0.15252591191996975,
5,XYt,26,15,0.1469428756399268,
5,XYt,27,15,0.1399877609475678,
5,XYt,28,15,0.13270275665031253,
5,XYt,29,15,0.12605602096847718,
5,XYt,30,15,0.12105340275053914,
5,XYt,31,15,0.11897673106787511,
5,XYt,32,15,0.119741509527554,
5,XYt,33,15,0.12362173572092786,
5,XYt,34,15,0.13133632161744627,
5,XYt,35,15,0.14447705905701566,
5,XYt,36,15,0.16610515115581292,
5,XYt,37,15,0.20037569646640954,
5,XYt,38,15,0.2529832264592166,
5,XYt,39,15,0.33056256794778266,
5,XYt,40,15,0.4360380420115427,
5,XYt,41,15,0.5565848689135354,
5,XYt,42,15,0.6661264641319031,
5,XYt,43,15,0.724917244142361,
5,XYt,44,15,0.7626208260574493,
5,XYt,45,15,0.7860013218809445,
5,XYt,46,15,0.7703708119044099,
5,XYt,47,15,0.709668178339067,
5,XYt,48,15,0.659468343646416,
5,XYt,49,15,0.6359764874155874,
5,XYt,50,15,0.629941456662227,
5,XYt,51,15,0.6335865322419998,
5,XYt,52,15,0.6420158844271704,
5,XYt,53,15,0.6511232991806332,
5,XYt,54,15,0.6543048421664,
5,XYt,55,15,0.6412425491865171,
5,XYt,56,15,0.6028874852842606,
5,XYt,57,15,0.5505759229384684,
5,XYt,58,15,0.5033661675717002,
5,XYt,59,15,0.4726048536120444,
5,XYt,60,15,0.4548267905369439,
5,XYt,61,15,0.4452303438696026,
5,XYt,62,15,0.4404047248829869,
5,XYt,63,15,0.43958940453539974,
5,XYt,64,15,0.4412031917198869,
5,XYt,65,15,0.4452624816183247,
5,XYt,66,15,0.44921663372786247,
5,XYt,67,15,0.4524954584832085,
5,XYt,68,15,0.4539029094956743,
5,XYt,69,15,0.45340865948745224,
5,XYt,70,15,0.4526389089065512,
5,XYt,71,15,0.4518260012891113,
5,XYt,72,15,0.4516290722792418,
5,XYt,73,15,0.44954113907756854,
5,XYt,74,15,0.44744704363374177,
5,XYt,75,15,0.4429048144559508,
5,XYt,76,15,0.43667743496651357,
5,XYt,77,15,0.4240253989474357,
5,XYt,78,15,0.40623627097980847,
5,XYt,79,15,0.3885656025611511,
5,XYt,80,15,0.3739031180471453,
5,XYt,81,15,0.3628345495697799,
5,XYt,82,15,0.3550561670086833,
5,XYt,83,15,0.3497026750226866,
5,XYt,84,15,0.3454036757082869,
5,XYt,85,15,0.3421038572718904,
5,XYt,86,15,0.33784302526511656,
5,XYt,87,15,0.3323695019563874,
5,XYt,88,15,0.3254257347621626,
5,XYt,89,15,0.31988531238810897,
5,XYt,90,15,0.3154935264670899,
5,XYt,91,15,0.3138171399796224,
5,XYt,92,15,0.31213622017142323,
5,XYt,93,15,0.3097306272065189,
5,XYt,94,15,0.30687984866846285,
5,XYt,95,15,0.30582244829686056,
5,XYt,96,15,0.3037193649048506,
5,XYt,97,15,0.3020948681563271,
5,XYt,98,15,0.30083773904790767,
5,XYt,99,15,0.30015397908744074,
5,XYt,100,15,0.2980767900210969,
5,XYt,101,15,0.29589078278077885,
5,XYt,102,15,0.29411430680960704,
5,XYt,103,15,0.2913657764398339,
5,XYt,104,15,0.28897970144432433,
5,XYt,105,15,0.2874705787673057,
5,XYt,106,15,0.28584368947665756,
5,XYt,107,15,0.2842007366135578,
5,XYt,108,15,0.2835237474687518,
5,XYt,109,15,0.2826831405766017,
5,XYt,110,15,0.2821613196291291,
5,XYt,111,15,0.28262408828700986,
5,XYt,112,15,0.28408479676468257,
5,XYt,113,15,0.28693839751485745,
5,XYt,114,15,0.2901276484160511,
5,XYt,115,15,0.29466558050421593,
5,XYt,116,15,0.30100480896781057,
5,XYt,117,15,0.307921720615482,
5,XYt,118,15,0.312088424485134,
5,XYt,119,15,0.315671134100589,
5,XYt,120,15,0.31707701509596997,
5,XYt,121,15,0.31375903150707907,
5,XYt,122,15,0.3130355048881457,
5,XYt,123,15,0.31447129949073993,
5,XYt,124,15,0.3160179878870856,
5,XYt,125,15,0.3170642871112024,
5,XYt,126,15,0.3188643209143761,
5,XYt,127,15,0.32214231834915125,
5,XYt,128,15,0.3261813228634622,
5,XYt,129,15,0.32950815017948026,
5,XYt,130,15,0.33158470524454375,
5,XYt,131,15,0.33261558508913186,
5,XYt,132,15,0.3349565139843217,
5,XYt,133,15,0.33961161089916314,
5,XYt,134,15,0.3458251974890304,
5,XYt,135,15,0.35270062146715325,
5,XYt,136,15,0.3612829082433028,
5,XYt,137,15,0.3693951672683072,
5,XYt,138,15,0.3791962107299347,
5,XYt,139,15,0.3900582491563892,
5,XYt,140,15,0.39520102450210143,
5,XYt,141,15,0.39256815125106775,
5,XYt,142,15,0.3887959326588361,
5,XYt,143,15,0.3859359383150176,
5,XYt,144,15,0.3842836037108117,
5,XYt,145,15,0.3827086002037297,
5,XYt,146,15,0.3811431363799177,
5,XYt,147,15,0.37997137573146883,
5,XYt,148,15,0.37876448286553277,
5,XYt,149,15,0.37793007103642123,
5,XYt,150,15,0.37686945279336975,
5,XYt,151,15,0.37614340305646277,
5,XYt,152,15,0.375725655028835,
5,XYt,153,15,0.3754191485245252,
5,XYt,154,15,0.3736196919292164,
5,XYt,155,15,0.3712260044944417,
5,XYt,156,15,0.36898338503279315,
5,XYt,157,15,0.361968246034688,
5,XYt,158,15,0.35131386787022556,
5,XYt,159,15,0.340663735916461,
5,XYt,160,15,0.33161927372538375,
5,XYt,161,15,0.3222889008269811,
5,XYt,162,15,0.31360839989633316,
5,XYt,163,15,0.3072154659676193,
5,XYt,164,15,0.3014405821136075,
5,XYt,165,15,0.2953867406845694,
5,XYt,166,15,0.28809025644733793,
5,XYt,167,15,0.27954058227631484,
5,XYt,168,15,0.2716030250571167,
5,XYt,169,15,0.2671367216596779,
5,XYt,170,15,0.2647096498399387,
5,XYt,171,15,0.2632222513347945,
5,XYt,172,15,0.2622955601345592,
5,XYt,173,15,0.2610736728008779,
5,XYt,174,15,0.26013350693252596,
5,XYt,175,15,0.2591880743381206,
5,XYt,176,15,0.2573088026708584,
5,XYt,177,15,0.2554659726240539,
5,XYt,178,15,0.25466871713232603,
5,XYt,179,15,0.25360680630897003,
5,XYt,180,15,0.25109558632037143,
5,XYt,181,15,0.24901552134893398,
5,XYt,182,15,0.2484217633218257,
5,XYt,183,15,0.24784395196677553,
5,XYt,184,15,0.2480611139336586,
5,XYt,185,15,0.24748916585420505,
5,XYt,186,15,0.24567507876958358,
5,XYt,187,15,0.24309316548049267,
5,XYt,188,15,0.24290303217919823,
5,XYt,189,15,0.24421804292188787,
5,XYt,190,15,0.2463578143382438,
5,XYt,191,15,0.2491801840928176,
5,XYt,192,15,0.2504202819809319,
5,XYt,193,15,0.24935780325439613,
5,XYt,194,15,0.2488116044213393,
5,XYt,195,15,0.25058974875887396,
5,XYt,196,15,0.25499438523137335,
5,XYt,197,15,0.261155000051148,
5,XYt,198,15,0.26703242736569766,
5,XYt,199,15,0.27142555679001346,
5,XYt,200,15,0.2752402222917773,
5,XYt,201,15,0.27605479114551584,
5,XYt,202,15,0.2754607941857522,
5,XYt,203,15,0.2760094631176004,
5,XYt,204,15,0.2764598071534949,
5,XYt,205,15,0.27801472825162793,
5,XYt,206,15,0.281845462503122,
5,XYt,207,15,0.2878130419853941,
5,XYt,208,15,0.29620469606741057,
5,XYt,209,15,0.30361315505475633,
5,XYt,210,15,0.3093588503240059,
5,XYt,211,15,0.3134294710651474,
5,XYt,212,15,0.3166166779688004,
5,XYt,213,15,0.3202044187487095,
5,XYt,214,15,0.3256303424051876,
5,XYt,215,15,0.3331131053017089,
5,XYt,216,15,0.3430224538457547,
5,XYt,217,15,0.35349436239963433,
5,XYt,218,15,0.36819297564658654,
5,XYt,219,15,0.3847675377116531,
5,XYt,220,15,0.39344054412642615,
5,XYt,221,15,0.3966385475627944,
5,XYt,222,15,0.4003133950571616,
5,XYt,223,15,0.4022690495798726,
5,XYt,224,15,0.40256526095631473,
5,XYt,225,15,0.4011597293054686,
5,XYt,226,15,0.39846560456800806,
5,XYt,227,15,0.3956520497988426,
5,XYt,228,15,0.3927228721779043,
5,XYt,229,15,0.38958887785302987,
5,XYt,230,15,0.38639800159499066,
5,XYt,231,15,0.3808781963951943,
5,XYt,232,15,0.3733520451495428,
5,XYt,233,15,0.3646337436939872,
5,XYt,234,15,0.3545862371856574,
5,XYt,235,15,0.3432635168594024,
5,XYt,236,15,0.32913683463783383,
5,XYt,237,15,0.31383341035121587,
5,XYt,238,15,0.30334009755494795,
5,XYt,239,15,0.2988193425988578,
5,XYt,240,15,0.29705995082467557,
5,XYt,241,15,0.29661786962974784,
5,XYt,242,15,0.2964290349276223,
5,XYt,243,15,0.29645778175125,
5,XYt,244,15,0.2965355282519013,
5,XYt,245,15,0.29768236371999257,
5,XYt,246,15,0.29694122336964957,
5,XYt,247,15,0.29743783487585645,
5,XYt,248,15,0.2987576237434912,
5,XYt,249,15,0.2998500668489635,
5,XYt,250,15,0.30037482714874486,
5,XYt,251,15,0.3003827975739407,
5,XYt,252,15,0.30039134319989086,
5,XYt,253,15,0.30061405065876146,
5,XYt,254,15,0.30239917290330026,
5,XYt,255,15,0.3029087747697944,
5,XYt,256,15,0.30039622127630317,
5,XYt,257,15,0.28496926986345905,
5,XYt,258,15,0.25002314625240146,
5,XYt,259,15,0.20952389398603938,
5,XYt,260,15,0.18842421274133975,
5,XYt,261,15,0.1830176151357752,
5,XYt,262,15,0.18117847797451714,
5,XYt,263,15,0.18023680893486033,
5,XYt,264,15,0.18023928058413424,
5,XYt,265,15,0.179292372775759,
5,XYt,266,15,0.17882367122476617,
5,XYt,267,15,0.17832785178249774,
5,XYt,268,15,0.17926771739893535,
5,XYt,269,15,0.17962283792635406,
5,XYt,270,15,0.1810400908554481,
5,XYt,271,15,0.1814012237257919,
5,XYt,272,15,0.18092135776146304,
5,XYt,273,15,0.18053142830449126,
5,XYt,274,15,0.18168968341912095,
5,XYt,275,15,0.18277527142908093,
5,XYt,276,15,0.18310211490700357,
5,XYt,277,15,0.18267877673217828,
5,XYt,278,15,0.18200960368242608,
5,XYt,279,15,0.18121829340226914,
5,XYt,280,15,0.18048575870447042,
5,XYt,281,15,0.1805109230121167,
5,XYt,282,15,0.1813407272373937,
5,XYt,283,15,0.18321854187189876,
5,XYt,284,15,0.1850857488291301,
5,XYt,285,15,0.18605217331501764,
5,XYt,286,15,0.18600736577043586,
5,XYt,287,15,0.18570543160431624,
5,XYt,288,15,0.1841639735304802,
5,XYt,289,15,0.18248487998695878,
5,XYt,290,15,0.1808735019586747,
5,XYt,291,15,0.18060108332281383,
5,XYt,292,15,0.18032901475189736,
5,XYt,293,15,0.1800168187766176,
5,XYt,294,15,0.18026655880596454,
5,XYt,295,15,0.17979868326554083,
5,XYt,296,15,0.17955505049175954,
5,XYt,297,15,0.1800925371255448,
5,XYt,298,15,0.1806425216524841,
5,XYt,299,15,0.1809022323559374,
5,XYt,300,15,0.18260344247274382,
5,XYt,301,15,0.18396095741884375,
5,XYt,302,15,0.18440165093759425,
5,XYt,303,15,0.18317005619851717,
5,XYt,304,15,0.1813212695681446,
5,XYt,305,15,0.1803982202721753,
5,XYt,306,15,0.18108281808298873,
5,XYt,307,15,0.1812635777726671,
5,XYt,308,15,0.1823758262857027,
5,XYt,309,15,0.18305044810585408,
5,XYt,310,15,0.18452145087345687,
5,XYt,311,15,0.18418770293342704,
5,XYt,312,15,0.18391737707126704,
5,XYt,313,15,0.1844824669499204,
5,XYt,314,15,0.18538276461616152,
5,XYt,315,15,0.18479905639127264,
5,XYt,316,15,0.18358098661015337,
5,XYt,317,15,0.1821247430303903,
5,XYt,318,15,0.18070082917511718,
5,XYt,319,15,0.17973344583287654,
5,XYt,320,15,0.17988498996106186,
5,XYt,321,15,0.18166954193466095,
5,XYt,322,15,0.18273093681614663,
5,XYt,323,15,0.1850278369514564,
5,XYt,324,15,0.18867294269770019,
5,XYt,325,15,0.2316431264017985,
5,XYt,326,15,0.28286390102916437,
5,XYt,327,15,0.30140932851038893,
5,XYt,328,15,0.3091824131169514,
5,XYt,329,15,0.3122017875805771,
5,XYt,330,15,0.310625635436635,
5,XYt,331,15,0.3093266796979058,
5,XYt,332,15,0.30699487752524857,
5,XYt,333,15,0.30821850084042896,
5,XYt,334,15,0.3098034647645945,
5,XYt,335,15,0.31517960988834415,
5,XYt,336,15,0.31775975747307067,
5,XYt,337,15,0.3208107962545974,
5,XYt,338,15,0.3229443963455731,
5,XYt,339,15,0.3294561145378584,
5,XYt,340,15,0.33763797387839783,
5,XYt,341,15,0.34250515405083315,
5,XYt,342,15,0.34980799420840103,
5,XYt,343,15,0.358868608479945,
5,XYt,344,15,0.36272635307210527,
5,XYt,345,15,0.36629909206409383,
5,XYt,346,15,0.3696189770974077,
5,XYt,347,15,0.37258736920421615,
5,XYt,348,15,0.3746371489026075,
5,XYt,349,15,0.37648103148282636,
5,XYt,350,15,0.3764308634462864,
5,XYt,351,15,0.3780745154752987,
5,XYt,352,15,0.3823494026678641,
5,XYt,353,15,0.3834869632750223,
5,XYt,354,15,0.3829875031840595,
5,XYt,355,15,0.38117565152557215,
5,XYt,356,15,0.37704195171845367,
5,XYt,357,15,0.36708661705055323,
5,XYt,358,15,0.35022763844665883,
5,XYt,359,15,0.3384357092133416,
5,XYt,360,15,0.3304490240424393,
5,XYt,361,15,0.32438376621846565,
5,XYt,362,15,0.31942018830948943,
5,XYt,363,15,0.32042846823556914,
5,XYt,364,15,0.3536506504728117,
5,XYt,365,15,0.35720827078438516,
5,XYt,366,15,0.35682401989370216,
5,XYt,367,15,0.3559855594434125,
5,XYt,368,15,0.3566065821679847,
5,XYt,369,15,0.3551529934048322,
5,XYt,370,15,0.352761717583871,
5,XYt,371,15,0.35078023486697757,
5,XYt,372,15,0.3474307357284966,
5,XYt,373,15,0.3451625978813821,
5,XYt,374,15,0.3433567832751514,
5,XYt,375,15,0.34109127148671264,
5,XYt,376,15,0.3357384344459135,
5,XYt,377,15,0.32978139546148405,
5,XYt,378,15,0.32236266633535493,
5,XYt,379,15,0.3168109332182848,
5,XYt,380,15,0.31305586379171285,
5,XYt,381,15,0.31277616480486503,
5,XYt,382,15,0.3139446873587866,
5,XYt,383,15,0.31382834779073276,
5,XYt,384,15,0.31047519857212325,
5,XYt,385,15,0.3030287449837012,
5,XYt,386,15,0.29945107711262015,
5,XYt,387,15,0.3017774398092754,
5,XYt,388,15,0.30250222119500564,
5,XYt,389,15,0.30465978753112827,
5,XYt,390,15,0.3058427130816759,
5,XYt,391,15,0.30709891160292024,
5,XYt,392,15,0.3076904432970818,
5,XYt,393,15,0.3089980746639966,
5,XYt,394,15,0.30894425928217134,
5,XYt,395,15,0.30994904801352297,
5,XYt,396,15,0.31212066522214044,
5,XYt,397,15,0.31465597180835775,
5,XYt,398,15,0.3162094922328746,
5,XYt,399,15,0.31689045694209483,
5,XYt,400,15,0.3166173068887518,
5,XYt,401,15,0.3159754314308935,
5,XYt,402,15,0.3137404704541611,
5,XYt,403,15,0.3122701337253676,
5,XYt,404,15,0.3111866464718107,
5,XYt,405,15,0.3110886404828853,
5,XYt,406,15,0.3128557198043401,
5,XYt,407,15,0.3157680858614732,
5,XYt,408,15,0.3196160745081789,
5,XYt,409,15,0.323310566723618,
5,XYt,410,15,0.3249973539039093,
5,XYt,411,15,0.320437468439248,
5,XYt,412,15,0.32198483898494396,
5,XYt,413,15,0.325123593779014,
5,XYt,414,15,0.32829507907325406,
5,XYt,415,15,0.33154072616843144,
5,XYt,416,15,0.33809566071776964,
5,XYt,417,15,0.34587045250226767,
5,XYt,418,15,0.3519973143304056,
5,XYt,419,15,0.3552164652866562,
5,XYt,420,15,0.3580712246235813,
5,XYt,421,15,0.35746554899693417,
5,XYt,422,15,0.36060953579357896,
5,XYt,423,15,0.3626483301687456,
5,XYt,424,15,0.365186012139008,
5,XYt,425,15,0.3667986632312447,
5,XYt,426,15,0.36858093056987723,
5,XYt,427,15,0.3685480550452409,
5,XYt,428,15,0.37172559478697587,
5,XYt,429,15,0.3753321563693753,
5,XYt,430,15,0.379603888537878,
5,XYt,431,15,0.38511637808410554,
5,XYt,432,15,0.3931409530418023,
5,XYt,433,15,0.4015204705032604,
5,XYt,434,15,0.4115361045954994,
5,XYt,435,15,0.4239269275268993,
5,XYt,436,15,0.44300448689299393,
5,XYt,437,15,0.4547305928907526,
5,XYt,438,15,0.4583962244833358,
5,XYt,439,15,0.45995197986347963,
5,XYt,440,15,0.462246235898378,
5,XYt,441,15,0.4643380715605456,
5,XYt,442,15,0.4660599737247704,
5,XYt,443,15,0.4664373926848606,
5,XYt,444,15,0.4653731805090361,
5,XYt,445,15,0.46305983712354337,
5,XYt,446,15,0.459535717331249,
5,XYt,447,15,0.4567968646080832,
5,XYt,448,15,0.45316231395111994,
5,XYt,449,15,0.4497529369531208,
5,XYt,450,15,0.4456713205116661,
5,XYt,451,15,0.43987850774961434,
5,XYt,452,15,0.43275278740015527,
5,XYt,453,15,0.42537151342383783,
5,XYt,454,15,0.41426099529588634,
5,XYt,455,15,0.40316893215155086,
5,XYt,456,15,0.396706410976069,
5,XYt,457,15,0.3949078265388862,
5,XYt,458,15,0.39484799191137054,
5,XYt,459,15,0.39493645070891686,
5,XYt,460,15,0.39501413119455137,
5,XYt,461,15,0.3944966173349349,
5,XYt,462,15,0.3930881299177155,
5,XYt,463,15,0.3922505020841123,
5,XYt,464,15,0.3940482492660784,
5,XYt,465,15,0.3954064341466881,
5,XYt,466,15,0.38211957576693256,
5,XYt,467,15,0.33641895195571286,
5,XYt,468,15,0.27559807778241674,
5,XYt,469,15,0.2386388096838974,
5,XYt,470,15,0.22945659899438675,
5,XYt,471,15,0.22804996036294567,
5,XYt,472,15,0.22716985338267007,
5,XYt,473,15,0.22553533688741842,
5,XYt,474,15,0.22420768878837544,
5,XYt,475,15,0.22249188398022132,
5,XYt,476,15,0.22129680576532237,
5,XYt,477,15,0.21985531206495018,
5,XYt,478,15,0.2190942368273239,
5,XYt,479,15,0.2179941210813686,
5,XYt,480,15,0.21716510428967944,
5,XYt,481,15,0.21655907432123414,
5,XYt,482,15,0.2167816155529782,
5,XYt,483,15,0.21715536206727692,
5,XYt,484,15,0.218064054106537,
5,XYt,485,15,0.21815604089382798,
5,XYt,486,15,0.21773406925039407,
5,XYt,487,15,0.2169796401172986,
5,XYt,488,15,0.2172059579593761,
5,XYt,489,15,0.21845981640551043,
5,XYt,490,15,0.21967606695483963,
5,XYt,491,15,0.22112403686294851,
5,XYt,492,15,0.2216687265349933,
5,XYt,493,15,0.22201797306450247,
5,XYt,494,15,0.2220457328467645,
5,XYt,495,15,0.221960843190555,
5,XYt,496,15,0.22112512454657965,
5,XYt,497,15,0.21942817614323515,
5,XYt,498,15,0.21732047380979355,
5,XYt,499,15,0.21527874339220443,
5,XYt,500,15,0.21304814621749432,
5,XYt,501,15,0.21239666927303727,
5,XYt,502,15,0.2126814933529743,
5,XYt,503,15,0.21347936894894268,
5,XYt,504,15,0.21417046190068742,
5,XYt,505,15,0.21418531490217546,
5,XYt,506,15,0.21395498128400947,
5,XYt,507,15,0.21351145774980723,
5,XYt,508,15,0.21417148580473336,
5,XYt,509,15,0.2148099917434441,
5,XYt,510,15,0.2147512158323114,
5,XYt,584,15,0.2606036447293794,
5,XYt,585,15,0.2589604494485984,
5,XYt,586,15,0.25776794007521625,
5,XYt,587,15,0.2577403940564247,
5,XYt,588,15,0.25358285947400677,
5,XYt,589,15,0.24640996733103948,
5,XYt,590,15,0.23762021723935062,
5,XYt,591,15,0.2303937812974418,
5,XYt,592,15,0.22684313792303754,
5,XYt,593,15,0.22598188421302984,
5,XYt,594,15,0.22595385241244953,
5,XYt,595,15,0.2260918625753089,
5,XYt,596,15,0.2267434737732087,
5,XYt,597,15,0.22737029735540448,
5,XYt,598,15,0.22808170248531928,
5,XYt,599,15,0.22916198781487504,
5,XYt,600,15,0.23071881069490074,
5,XYt,601,15,0.2332883585232004,
5,XYt,602,15,0.2355708334212048,
5,XYt,603,15,0.23658977893631652,
5,XYt,604,15,0.23755660347486665,
5,XYt,605,15,0.23772615715508438,
5,XYt,606,15,0.23782006935422945,
5,XYt,607,15,0.23799079495172948,
5,XYt,608,15,0.2380970121058385,
5,XYt,609,15,0.23781365884906527,
5,XYt,610,15,0.23660539336566172,
5,XYt,611,15,0.23484605567338793,
5,XYt,612,15,0.23230532528511566,
5,XYt,613,15,0.22956516980719927,
5,XYt,614,15,0.22672763411283195,
5,XYt,615,15,0.2243796448588907,
5,XYt,616,15,0.22253783673891614,
5,XYt,617,15,0.22112123859506297,
5,XYt,618,15,0.22128215354409922,
5,XYt,619,15,0.22254537004690306,
5,XYt,620,15,0.22239468371286178,
5,XYt,621,15,0.22411097786251183,
5,XYt,622,15,0.22898149698894177,
5,XYt,623,15,0.23618651557547696,
5,XYt,624,15,0.24315842888331254,
5,XYt,625,15,0.2518294395301246,
5,XYt,626,15,0.2571936137766771,
5,XYt,627,15,0.25992064715683694,
5,XYt,628,15,0.26223287559750724,
5,XYt,629,15,0.26365026364889366,
5,XYt,630,15,0.2639707498868932,
5,XYt,631,15,0.26250473425679166,
5,XYt,632,15,0.26035735831478957,
5,XYt,633,15,0.2582897768109246,
5,XYt,634,15,0.25629210812967773,
5,XYt,635,15,0.25334186164620526,
5,XYt,636,15,0.24992259088023544,
5,XYt,637,15,0.24714563575258375,
5,XYt,638,15,0.2455280148742496,
5,XYt,639,15,0.2449108578593396,
5,XYt,640,15,0.24694993802470938,
5,XYt,641,15,0.2524931081454611,
5,XYt,642,15,0.2595550573002846,
5,XYt,643,15,0.2657294921749565,
5,XYt,644,15,0.2703312384280873,
5,XYt,645,15,0.2747508713504258,
5,XYt,646,15,0.2797260745827195,
5,XYt,647,15,0.2852585605295417,
5,XYt,648,15,0.2894382084315356,
5,XYt,649,15,0.2926114862709341,
5,XYt,650,15,0.29491075985500065,
5,XYt,651,15,0.29688442330429016,
5,XYt,652,15,0.30644871409293134,
5,XYt,653,15,0.3167466457777218,
5,XYt,654,15,0.3217061296951288,
5,XYt,655,15,0.32379863019830846,
5,XYt,656,15,0.3255037884468867,
5,XYt,511,15,0.21468985056120443,
5,XYt,512,15,0.21538755118229255,
5,XYt,513,15,0.21571670780487223,
5,XYt,514,15,0.2164819539052278,
5,XYt,515,15,0.2166908808406616,
5,XYt,516,15,0.21647873559707143,
5,XYt,517,15,0.2159092292998097,
5,XYt,518,15,0.21543556742663703,
5,XYt,519,15,0.21459854208399562,
5,XYt,520,15,0.21400284071423065,
5,XYt,521,15,0.2125458455616743,
5,XYt,522,15,0.2103899281901819,
5,XYt,523,15,0.20870308191412623,
5,XYt,524,15,0.20862485333746789,
5,XYt,525,15,0.20861088030585118,
5,XYt,526,15,0.20889357209101478,
5,XYt,527,15,0.20932213902054053,
5,XYt,528,15,0.20858807833079038,
5,XYt,529,15,0.20687043773713001,
5,XYt,530,15,0.20489894755491264,
5,XYt,531,15,0.20531111942459473,
5,XYt,532,15,0.2107506418735657,
5,XYt,533,15,0.22707138027229012,
5,XYt,534,15,0.26287346400726286,
5,XYt,535,15,0.3146748666881323,
5,XYt,536,15,0.3567482931560124,
5,XYt,537,15,0.38021767150655006,
5,XYt,538,15,0.38660228345211467,
5,XYt,539,15,0.3865805442032816,
5,XYt,540,15,0.3849286112740422,
5,XYt,541,15,0.3804767248485506,
5,XYt,542,15,0.37535416266945015,
5,XYt,543,15,0.37302276951640273,
5,XYt,544,15,0.3716325071374289,
5,XYt,545,15,0.3723093044162925,
5,XYt,546,15,0.3750055191068914,
5,XYt,547,15,0.3756306561188506,
5,XYt,548,15,0.36916443390221076,
5,XYt,549,15,0.36261321286647435,
5,XYt,550,15,0.3571904497869105,
5,XYt,551,15,0.3537315113549867,
5,XYt,552,15,0.3510087164398154,
5,XYt,553,15,0.3498343490283208,
5,XYt,554,15,0.3487659048917346,
5,XYt,555,15,0.3474525270634423,
5,XYt,556,15,0.3457827648017197,
5,XYt,557,15,0.3434478385777112,
5,XYt,558,15,0.3400372804958977,
5,XYt,559,15,0.3337743221349845,
5,XYt,560,15,0.32321752079955757,
5,XYt,561,15,0.3107808544668111,
5,XYt,562,15,0.3047280401601883,
5,XYt,563,15,0.30459473106479584,
5,XYt,564,15,0.30389784950046805,
5,XYt,565,15,0.3008410791504977,
5,XYt,566,15,0.29464597027283357,
5,XYt,567,15,0.28887821130925057,
5,XYt,568,15,0.2830289215044439,
5,XYt,569,15,0.27735491104409576,
5,XYt,570,15,0.2708167123009867,
5,XYt,571,15,0.2628245969611135,
5,XYt,572,15,0.2558221083636881,
5,XYt,573,15,0.25216912021114357,
5,XYt,574,15,0.25179042364272647,
5,XYt,575,15,0.2530593741356712,
5,XYt,576,15,0.25528554518606433,
5,XYt,577,15,0.25750636667808413,
5,XYt,578,15,0.2584665614813041,
5,XYt,579,15,0.25948794880094267,
5,XYt,580,15,0.2608288768319988,
5,XYt,581,15,0.2627764243695004,
5,XYt,582,15,0.2628612472450864,
5,XYt,583,15,0.2619684983812882,
5,XYt,657,15,0.32761467660158505,
5,XYt,658,15,0.3295240316540794,
5,XYt,659,15,0.3311006050922634,
5,XYt,660,15,0.3325071670491997,
5,XYt,661,15,0.33379581977541195,
5,XYt,662,15,0.3353136190888181,
5,XYt,663,15,0.3380920742232772,
5,XYt,664,15,0.34285604995848,
5,XYt,665,15,0.34951491650384564,
5,XYt,666,15,0.35534748096888186,
5,XYt,667,15,0.3596287820219981,
5,XYt,668,15,0.3635332080554641,
5,XYt,669,15,0.3673826386470768,
5,XYt,670,15,0.3716286058866976,
5,XYt,671,15,0.3737448747299818,
5,XYt,672,15,0.3714908087714851,
5,XYt,673,15,0.3619727951314802,
5,XYt,674,15,0.3451135722684173,
5,XYt,675,15,0.3249167150117177,
5,XYt,676,15,0.3012426576910733,
5,XYt,677,15,0.271593517883591,
5,XYt,678,15,0.24114378749988213,
5,XYt,679,15,0.21834525069635344,
5,XYt,680,15,0.20361274412470728,
5,XYt,681,15,0.1937040071303896,
5,XYt,682,15,0.18785230001868564,
5,XYt,683,15,0.18473937110146119,
5,XYt,684,15,0.18363751970116915,
5,XYt,685,15,0.18366967780139093,
5,XYt,686,15,0.18474457211548725,
5,XYt,687,15,0.18629273781357766,
5,XYt,688,15,0.18831975814412988,
5,XYt,689,15,0.18992754602492498,
5,XYt,690,15,0.19123515200942745,
5,XYt,691,15,0.19209172444908998,
5,XYt,692,15,0.19226668297875485,
5,XYt,693,15,0.1921806441111256,
5,XYt,694,15,0.19155779884657456,
5,XYt,695,15,0.19148993379612425,
5,XYt,696,15,0.19094474752578933,
5,XYt,697,15,0.1909755094917656,
5,XYt,698,15,0.1906625966858902,
5,XYt,699,15,0.19093280710944036,
5,XYt,700,15,0.19065957981248852,
5,XYt,701,15,0.19109092256325583,
5,XYt,702,15,0.19081122923374044,
5,XYt,703,15,0.19114465880152795,
5,XYt,704,15,0.19144631334896636,
5,XYt,705,15,0.19167793153540624,
5,XYt,706,15,0.19176033810966864,
5,XYt,707,15,0.19165899755133192,
5,XYt,708,15,0.19095200148352484,
5,XYt,709,15,0.21416413419645997,
5,XYt,710,15,0.1972260414682262,
5,XYt,711,15,0.2316219092488664,
5,XYt,712,15,0.23047458551310784,
5,XYt,713,15,0.2319221154754932,
5,XYt,714,15,0.22515262953940285,
5,XYt,715,15,0.2120308760284518,
5,XYt,716,15,0.1969138622940213,
5,XYt,717,15,0.1815713140066188,
5,XYt,718,15,0.17467273354417573,
5,XYt,719,15,0.18348567707755076,
5,XYt,720,15,0.20312491409555408,
5,XYt,721,15,0.2228065368199674,
5,XYt,722,15,0.241395971079447,
5,XYt,723,15,0.26371258602308895,
5,XYt,724,15,0.2941972403213918,
5,XYt,725,15,0.32281024558363697,
5,XYt,726,15,0.3411108291298512,
5,XYt,727,15,0.3457354317096345,
5,YZt,0,15,0.2929769531921796,
5,YZt,1,15,0.36088424639200667,
5,YZt,2,15,0.2811687828677333,
5,YZt,3,15,0.25618757072211884,
5,YZt,4,15,0.25723831787555057,
5,YZt,5,15,0.29417831613537065,
5,YZt,6,15,0.27397983907500517,
5,YZt,7,15,0.2980479280783766,
5,YZt,8,15,0.3076984817777716,
5,YZt,9,15,0.3202433179021712,
5,YZt,10,15,0.31142882415094475,
5,YZt,11,15,0.3178205859489036,
5,YZt,12,15,0.31513803435003207,
5,YZt,13,15,0.31607252343558445,
5,YZt,14,15,0.32165942982277596,
5,YZt,15,15,0.32489290774490853,
5,YZt,16,15,0.32915479699266464,
5,YZt,17,15,0.32762188405634396,
5,YZt,18,15,0.3345650081152517,
5,YZt,19,15,0.33851018336659044,
5,YZt,20,15,0.3399697794399574,
5,YZt,21,15,0.3469211179294535,
5,YZt,22,15,0.35153859188415143,
5,YZt,23,15,0.348248631823742,
5,YZt,24,15,0.3609687985634399,
5,YZt,25,15,0.36503912797796645,
5,YZt,26,15,0.3639131998890404,
5,YZt,27,15,0.37132026048179256,
5,YZt,28,15,0.3779916923577929,
5,YZt,29,15,0.3742601016428266,
5,YZt,30,15,0.38034561120323673,
5,YZt,31,15,0.38830241733781756,
5,YZt,32,15,0.38684001558841025,
5,YZt,33,15,0.3920640228373757,
5,YZt,34,15,0.3969334760314424,
5,YZt,35,15,0.4024579325483786,
5,YZt,36,15,0.40589790240914475,
5,YZt,37,15,0.40274327919709907,
5,YZt,38,15,0.40282857711678643,
5,YZt,39,15,0.4004867693717918,
5,YZt,40,15,0.3973177687286893,
5,YZt,41,15,0.38897843166617624,
5,YZt,42,15,0.3832529698469024,
5,YZt,43,15,0.37097908027770876,
5,YZt,44,15,0.35959100824116075,
5,YZt,45,15,0.34777498281696906,
5,YZt,46,15,0.33574519256836094,
5,YZt,47,15,0.32681054691942674,
5,YZt,48,15,0.32061839974347683,
5,YZt,49,15,0.31666495243358833,
5,YZt,50,15,0.3132590848243998,
5,YZt,51,15,0.31036493743125093,
5,YZt,52,15,0.307875654625631,
5,YZt,53,15,0.3079133386457715,
5,YZt,54,15,0.31155012171559965,
5,YZt,55,15,0.3158540365529268,
5,YZt,56,15,0.31991590402045683,
5,YZt,57,15,0.3277480688891206,
5,YZt,58,15,0.339195046327363,
5,YZt,59,15,0.3488934633831789,
5,YZt,60,15,0.3590474837245203,
5,YZt,61,15,0.3734541365654793,
5,YZt,62,15,0.3879535595420443,
5,YZt,63,15,0.39509625309117147,
5,YZt,64,15,0.3929601398571654,
5,YZt,65,15,0.37106420323325634,
5,YZt,66,15,0.3319732742023092,
5,YZt,67,15,0.2848411500291496,
5,YZt,68,15,0.24483933853605375,
5,YZt,69,15,0.2193594882631728,
5,YZt,70,15,0.20146615222504904,
5,YZt,71,15,0.18935122594119844,
5,YZt,72,15,0.18043121225606357,
5,YZt,73,15,0.17331066304165804,
5,YZt,74,15,0.16700725919602805,
5,YZt,75,15,0.16403399083854464,
5,YZt,76,15,0.15972366695185494,
5,YZt,77,15,0.1572290623864396,
5,YZt,78,15,0.15508092247050448,
5,YZt,79,15,0.15446023202394912,
5,YZt,80,15,0.15423210880003443,
5,YZt,81,15,0.15555757948246302,
5,YZt,82,15,0.15654560665503206,
5,YZt,83,15,0.1596215025875117,
5,YZt,84,15,0.16230600550918112,
5,YZt,85,15,0.16434843542160768,
5,YZt,86,15,0.16743156293015496,
5,YZt,87,15,0.16999412056176955,
5,YZt,88,15,0.17367198662702868,
5,YZt,89,15,0.17681070144365693,
5,YZt,90,15,0.17965308930397572,
5,YZt,91,15,0.18284751874087807,
5,YZt,92,15,0.18588603705474885,
5,YZt,93,15,0.18803111830943112,
5,YZt,94,15,0.19098678825996146,
5,YZt,95,15,0.1941170177869238,
5,YZt,96,15,0.19671300550522883,
5,YZt,97,15,0.199030795964338,
5,YZt,98,15,0.20261662747422066,
5,YZt,99,15,0.2059652363584887,
5,YZt,100,15,0.20876522326976646,
5,YZt,101,15,0.21181621904928366,
5,YZt,102,15,0.2158614801737446,
5,YZt,103,15,0.21989766904723962,
5,YZt,104,15,0.22399298505205856,
5,YZt,105,15,0.22730682304691008,
5,YZt,106,15,0.23270659874090074,
5,YZt,107,15,0.23909559985276635,
5,YZt,108,15,0.2461065266146832,
5,YZt,109,15,0.2538331717846135,
5,YZt,110,15,0.2618988775547576,
5,YZt,111,15,0.26914848754681686,
5,YZt,112,15,0.27823349689985494,
5,YZt,113,15,0.2851693368307685,
5,YZt,114,15,0.29061575712801146,
5,YZt,115,15,0.29411956523039634,
5,YZt,116,15,0.2983280876209664,
5,YZt,117,15,0.3023134310776944,
5,YZt,118,15,0.3063745332534546,
5,YZt,119,15,0.30803441827430783,
5,YZt,120,15,0.30845096705317454,
5,YZt,121,15,0.3069448869154448,
5,YZt,122,15,0.3023262737044948,
5,YZt,123,15,0.29622302046666454,
5,YZt,124,15,0.28983406936224176,
5,YZt,125,15,0.28320314155413984,
5,YZt,126,15,0.2787005633655637,
5,YZt,127,15,0.2756218051462715,
5,YZt,128,15,0.27388101834730516,
5,YZt,129,15,0.2731109290103813,
5,YZt,130,15,0.2728965871027837,
5,YZt,131,15,0.2730487090822665,
5,YZt,132,15,0.2737695386703634,
5,YZt,133,15,0.27445991964570304,
5,YZt,134,15,0.2745076506217469,
5,YZt,135,15,0.2754571322999316,
5,YZt,136,15,0.27547697214308486,
5,YZt,137,15,0.2750711658050218,
5,YZt,138,15,0.27565046284233014,
5,YZt,139,15,0.27502123573826126,
5,YZt,140,15,0.2755395496099862,
5,YZt,141,15,0.27463983697273825,
5,YZt,142,15,0.2726051297525095,
5,YZt,143,15,0.2694601784068321,
5,YZt,144,15,0.265963053789111,
5,YZt,145,15,0.2619863638756392,
5,YZt,146,15,0.2573853434301611,
5,YZt,147,15,0.2529781968650884,
5,YZt,148,15,0.24904377753886675,
5,YZt,149,15,0.2462053274338007,
5,YZt,150,15,0.24372328660369216,
5,YZt,151,15,0.24098257651187405,
5,YZt,152,15,0.23843185828387614,
5,YZt,153,15,0.23610800575365926,
5,YZt,154,15,0.23338269428617706,
5,YZt,155,15,0.2325605037339824,
5,YZt,156,15,0.22927674594650357,
5,YZt,157,15,0.22422922867902836,
5,YZt,158,15,0.2174738164055938,
5,YZt,159,15,0.21104290574170637,
5,YZt,160,15,0.20393588548597946,
5,YZt,161,15,0.19692580106514487,
5,YZt,162,15,0.19061761576754244,
5,YZt,163,15,0.18568697150113592,
5,YZt,164,15,0.1808033439063489,
5,YZt,165,15,0.175245278932667,
5,YZt,166,15,0.1710544026456138,
5,YZt,167,15,0.16653513501573186,
5,YZt,168,15,0.1611772675642222,
5,YZt,169,15,0.15567118344612282,
5,YZt,170,15,0.15132850568242848,
5,YZt,171,15,0.1465694571875372,
5,YZt,172,15,0.1424480876306569,
5,YZt,173,15,0.1411967871656938,
5,YZt,174,15,0.14060481038947284,
5,YZt,175,15,0.14088489030170395,
5,YZt,176,15,0.1419578528398599,
5,YZt,177,15,0.14276190000535896,
5,YZt,178,15,0.14660021494141012,
5,YZt,179,15,0.14971182410813783,
5,YZt,180,15,0.15461109033527728,
5,YZt,181,15,0.16039977964364388,
5,YZt,182,15,0.16886007011893425,
5,YZt,183,15,0.17905493253716726,
5,YZt,184,15,0.19568520969074915,
5,YZt,185,15,0.21887684686900652,
5,YZt,186,15,0.2563613046105786,
5,YZt,187,15,0.3122156572811447,
5,YZt,188,15,0.37596626330914223,
5,YZt,189,15,0.43000454341617694,
5,YZt,190,15,0.4719130414779709,
5,YZt,191,15,0.4822095464700995,
5,YZt,192,15,0.4877591909067099,
5,YZt,193,15,0.4802763653085718,
5,YZt,194,15,0.4794631045789732,
5,YZt,195,15,0.4752058805398048,
5,YZt,196,15,0.4694420938829349,
5,YZt,197,15,0.4681686741152025,
5,YZt,198,15,0.4645254526329542,
5,YZt,199,15,0.45821704300186133,
5,YZt,200,15,0.45390432144845827,
5,YZt,201,15,0.45279236290860053,
5,YZt,202,15,0.4455228813677404,
5,YZt,203,15,0.43894071382387995,
5,YZt,204,15,0.4386199709442487,
5,YZt,205,15,0.4351823998977866,
5,YZt,206,15,0.4314359516058501,
5,YZt,207,15,0.42680288074286127,
5,YZt,208,15,0.42855402597900594,
5,YZt,209,15,0.4254099203526454,
5,YZt,210,15,0.4203325903065988,
5,YZt,211,15,0.41348197199318004,
5,YZt,212,15,0.40983025937519496,
5,YZt,213,15,0.4077914323321338,
5,YZt,214,15,0.4094926646392677,
5,YZt,215,15,0.4101721468980189,
5,YZt,216,15,0.40763716980138237,
5,YZt,217,15,0.40566898492590064,
5,YZt,218,15,0.39806755843251573,
5,YZt,219,15,0.39734045946878094,
5,YZt,220,15,0.3909901920733002,
5,YZt,221,15,0.3871303401509284,
5,YZt,222,15,0.3843038106092191,
5,YZt,223,15,0.3868768629881339,
5,YZt,224,15,0.3860280201500769,
5,YZt,225,15,0.38350217603775466,
5,YZt,226,15,0.3777616692475072,
5,YZt,227,15,0.37269455061345375,
5,YZt,228,15,0.3760859793098385,
5,YZt,229,15,0.3685083926279062,
5,YZt,230,15,0.36210343229854236,
5,YZt,231,15,0.3665066411652923,
5,YZt,232,15,0.35925920954264684,
5,YZt,233,15,0.35106164059528944,
5,YZt,234,15,0.3517350567830185,
5,YZt,235,15,0.3509846235697793,
5,YZt,236,15,0.33820861316119916,
5,YZt,237,15,0.34108613447968317,
5,YZt,238,15,0.33605441118228346,
5,YZt,239,15,0.33136745664206413,
5,YZt,240,15,0.3314670948577924,
5,YZt,241,15,0.32452973926237527,
5,YZt,242,15,0.31990636766761127,
5,YZt,243,15,0.3222627870340842,
5,YZt,244,15,0.317241388324015,
5,YZt,245,15,0.3155532797556243,
5,YZt,246,15,0.31029569336022284,
5,YZt,247,15,0.30824660660665637,
5,YZt,248,15,0.3119370473032602,
5,YZt,249,15,0.3056309487652852,
5,YZt,250,15,0.31648652991088466,
5,YZt,251,15,0.3058152134161245,
5,YZt,252,15,0.29832313719628434,
5,YZt,253,15,0.27675699984978147,
5,YZt,254,15,0.29670566384947245,
5,YZt,255,15,0.2558324714824729,
5,YZt,256,15,0.25535095231039395,
5,YZt,257,15,0.27893054747964396,
5,YZt,258,15,0.3607598528939203,
5,YZt,259,15,0.3102407225506635,
5,XZt,0,15,0.27051143119233445,
5,XZt,1,15,0.3138914292398018,
5,XZt,2,15,0.2464077792845047,
5,XZt,3,15,0.2179638572396132,
5,XZt,4,15,0.21964006093523072,
5,XZt,5,15,0.26883104765808874,
5,XZt,6,15,0.25183561513579544,
5,XZt,7,15,0.2858068543222575,
5,XZt,8,15,0.2994149260169782,
5,XZt,9,15,0.314836920225564,
5,XZt,10,15,0.3073230943536193,
5,XZt,11,15,0.312650667652485,
5,XZt,12,15,0.3125751854284443,
5,XZt,13,15,0.31494486480863315,
5,XZt,14,15,0.3196753690465626,
5,XZt,15,15,0.32332585947905074,
5,XZt,16,15,0.32962305336740017,
5,XZt,17,15,0.32886270014411817,
5,XZt,18,15,0.3324526847400952,
5,XZt,19,15,0.33748201835053976,
5,XZt,20,15,0.3383877167442956,
5,XZt,21,15,0.3468549038167089,
5,XZt,22,15,0.34785461336915974,
5,XZt,23,15,0.3440747353878822,
5,XZt,24,15,0.35999449015462703,
5,XZt,25,15,0.3567180461122807,
5,XZt,26,15,0.3537412520668868,
5,XZt,27,15,0.3617415532283988,
5,XZt,28,15,0.36798282106274544,
5,XZt,29,15,0.36383631047762827,
5,XZt,30,15,0.36767847447770824,
5,XZt,31,15,0.3762269360731302,
5,XZt,32,15,0.37321681022724706,
5,XZt,33,15,0.37685854467942936,
5,XZt,34,15,0.38159187864036836,
5,XZt,35,15,0.38369248793279054,
5,XZt,36,15,0.3848659116810525,
5,XZt,37,15,0.382372249815158,
5,XZt,38,15,0.3859694339094861,
5,XZt,39,15,0.3910147150958161,
5,XZt,40,15,0.39894494870623765,
5,XZt,41,15,0.40184721555788394,
5,XZt,42,15,0.40897720827984607,
5,XZt,43,15,0.4100019283341334,
5,XZt,44,15,0.4128878588938863,
5,XZt,45,15,0.4137501322391327,
5,XZt,46,15,0.41078447151834624,
5,XZt,47,15,0.4131483357133746,
5,XZt,48,15,0.4163745290591304,
5,XZt,49,15,0.42049935383112635,
5,XZt,50,15,0.42460705959217315,
5,XZt,51,15,0.42678708907216095,
5,XZt,52,15,0.4269099207861034,
5,XZt,53,15,0.4322750130312042,
5,XZt,54,15,0.4373659898787053,
5,XZt,55,15,0.4400554893951855,
5,XZt,56,15,0.4410083150656342,
5,XZt,57,15,0.44761578221215537,
5,XZt,58,15,0.4544106610503794,
5,XZt,59,15,0.4555937522850065,
5,XZt,60,15,0.46082510422720346,
5,XZt,61,15,0.46474572266374975,
5,XZt,62,15,0.46537288542064004,
5,XZt,63,15,0.46723570728376196,
5,XZt,64,15,0.4708996743953471,
5,XZt,65,15,0.4723228812289193,
5,XZt,66,15,0.47216514319844244,
5,XZt,67,15,0.4720288475684449,
5,XZt,68,15,0.46037877076773914,
5,XZt,69,15,0.4494543702238795,
5,XZt,70,15,0.42420090512041003,
5,XZt,71,15,0.4022186135445436,
5,XZt,72,15,0.38158059702697844,
5,XZt,73,15,0.36084111299191507,
5,XZt,74,15,0.3412889446318379,
5,XZt,75,15,0.32733354649088686,
5,XZt,76,15,0.31025881189830096,
5,XZt,77,15,0.2977465272295964,
5,XZt,78,15,0.2834846028083415,
5,XZt,79,15,0.2728204121597886,
5,XZt,80,15,0.26112297760787373,
5,XZt,81,15,0.25348567165326913,
5,XZt,82,15,0.24480462923290994,
5,XZt,83,15,0.23810099580440608,
5,XZt,84,15,0.2325699619187966,
5,XZt,85,15,0.22671093910137263,
5,XZt,86,15,0.22342173579305777,
5,XZt,87,15,0.22072552250535118,
5,XZt,88,15,0.21907575922049477,
5,XZt,89,15,0.2182660956711133,
5,XZt,90,15,0.2166935543544439,
5,XZt,91,15,0.21532432989703953,
5,XZt,92,15,0.21498897373842546,
5,XZt,93,15,0.21270907910500622,
5,XZt,94,15,0.2109814858986943,
5,XZt,95,15,0.20965753380784852,
5,XZt,96,15,0.20792049572457894,
5,XZt,97,15,0.20512347230515726,
5,XZt,98,15,0.202958988046607,
5,XZt,99,15,0.200462184780632,
5,XZt,100,15,0.19727670942770095,
5,XZt,101,15,0.19377196110963538,
5,XZt,102,15,0.19100285729729433,
5,XZt,103,15,0.18873784005391298,
5,XZt,104,15,0.18583096465443896,
5,XZt,105,15,0.1824767829625117,
5,XZt,106,15,0.18045726150760885,
5,XZt,107,15,0.17841660061189896,
5,XZt,108,15,0.17661732063651625,
5,XZt,109,15,0.17514921325655317,
5,XZt,110,15,0.1737495536291113,
5,XZt,111,15,0.17217680937794594,
5,XZt,112,15,0.17226203863374498,
5,XZt,113,15,0.17179406417062537,
5,XZt,114,15,0.1711255199175615,
5,XZt,115,15,0.17082661739817465,
5,XZt,116,15,0.17005888160011523,
5,XZt,117,15,0.16927803695579424,
5,XZt,118,15,0.16866792770024142,
5,XZt,119,15,0.1680551143712041,
5,XZt,120,15,0.1675885769344769,
5,XZt,121,15,0.16741942198815035,
5,XZt,122,15,0.16729081695537473,
5,XZt,123,15,0.16699416814232582,
5,XZt,124,15,0.16731723761504835,
5,XZt,125,15,0.16713446625122502,
5,XZt,126,15,0.16759958010780995,
5,XZt,127,15,0.16805527343599277,
5,XZt,128,15,0.16864704198578112,
5,XZt,129,15,0.1691335996218204,
5,XZt,130,15,0.17006543535899032,
5,XZt,131,15,0.17094745221524582,
5,XZt,132,15,0.17197764979445435,
5,XZt,133,15,0.17386326890133577,
5,XZt,134,15,0.17467199866704183,
5,XZt,135,15,0.1766597230294631,
5,XZt,136,15,0.1780014178225015,
5,XZt,137,15,0.17964522663614105,
5,XZt,138,15,0.18106232424025645,
5,XZt,139,15,0.1823373218367895,
5,XZt,140,15,0.18392086526445905,
5,XZt,141,15,0.18563729509754107,
5,XZt,142,15,0.1872136550511113,
5,XZt,143,15,0.18873684915300362,
5,XZt,144,15,0.19037176846457962,
5,XZt,145,15,0.1919638533013414,
5,XZt,146,15,0.19391300958255517,
5,XZt,147,15,0.19723170622552816,
5,XZt,148,15,0.19993869949867926,
5,XZt,149,15,0.20429180666979696,
5,XZt,150,15,0.20910405847899435,
5,XZt,151,15,0.21361887072642885,
5,XZt,152,15,0.21840896278572516,
5,XZt,153,15,0.22382611384532533,
5,XZt,154,15,0.2294375436926759,
5,XZt,155,15,0.23680512621716668,
5,XZt,156,15,0.243899063749531,
5,XZt,157,15,0.2515008031448489,
5,XZt,158,15,0.2597261159838145,
5,XZt,159,15,0.2694430715480484,
5,XZt,160,15,0.27929798428850916,
5,XZt,161,15,0.28855636996791934,
5,XZt,162,15,0.2993194551570762,
5,XZt,163,15,0.3104651782415873,
5,XZt,164,15,0.3198543594215257,
5,XZt,165,15,0.32887833909160796,
5,XZt,166,15,0.3386364059319898,
5,XZt,167,15,0.34731476803241074,
5,XZt,168,15,0.3534891734527291,
5,XZt,169,15,0.36073249941060787,
5,XZt,170,15,0.36786161457306776,
5,XZt,171,15,0.3723630442152757,
5,XZt,172,15,0.37681021790794683,
5,XZt,173,15,0.3783579691104897,
5,XZt,174,15,0.3746176686599829,
5,XZt,175,15,0.37106663619604047,
5,XZt,176,15,0.36236378388734725,
5,XZt,177,15,0.35244252241819085,
5,XZt,178,15,0.34190922514819916,
5,XZt,179,15,0.3278969159276743,
5,XZt,180,15,0.3178269525196361,
5,XZt,181,15,0.3065296479628081,
5,XZt,182,15,0.29952985625001366,
5,XZt,183,15,0.29097899101436037,
5,XZt,184,15,0.28810164239517855,
5,XZt,185,15,0.28280144530061313,
5,XZt,186,15,0.28298723276428045,
5,XZt,187,15,0.2838185831362826,
5,XZt,188,15,0.28658275921751947,
5,XZt,189,15,0.29106068595138856,
5,XZt,190,15,0.29747226500411417,
5,XZt,191,15,0.301553492437839,
5,XZt,192,15,0.30906304780306715,
5,XZt,193,15,0.3113235028829725,
5,XZt,194,15,0.3126427817752754,
5,XZt,195,15,0.31107397629401695,
5,XZt,196,15,0.30704228716527787,
5,XZt,197,15,0.3041882113049755,
5,XZt,198,15,0.30111259948696223,
5,XZt,199,15,0.29561305959316553,
5,XZt,200,15,0.29348511854467957,
5,XZt,201,15,0.29142849800851367,
5,XZt,202,15,0.2878536539507287,
5,XZt,203,15,0.2860966135240344,
5,XZt,204,15,0.284865242469007,
5,XZt,205,15,0.2835282624187397,
5,XZt,206,15,0.281236975084001,
5,XZt,207,15,0.28066111261275284,
5,XZt,208,15,0.2813513404049239,
5,XZt,209,15,0.28085014717472573,
5,XZt,210,15,0.2812872898430773,
5,XZt,211,15,0.2839173124167847,
5,XZt,212,15,0.28864959145052094,
5,XZt,213,15,0.2973515061982458,
5,XZt,214,15,0.3115842953004944,
5,XZt,215,15,0.3297057392472076,
5,XZt,216,15,0.35074626187768354,
5,XZt,217,15,0.3758644934181081,
5,XZt,218,15,0.4009591775185033,
5,XZt,219,15,0.42967981834111074,
5,XZt,220,15,0.453060646845058,
5,XZt,221,15,0.47043727881371233,
5,XZt,222,15,0.4823894731205887,
5,XZt,223,15,0.48776515028195,
5,XZt,224,15,0.47984643830096774,
5,XZt,225,15,0.4682160884497649,
5,XZt,226,15,0.4498011554924971,
5,XZt,227,15,0.4359808255307794,
5,XZt,228,15,0.4330347540605315,
5,XZt,229,15,0.41947839449219504,
5,XZt,230,15,0.4113270325714558,
5,XZt,231,15,0.4113591954942924,
5,XZt,232,15,0.40248034686498746,
5,XZt,233,15,0.3935537202284746,
5,XZt,234,15,0.3957984960087424,
5,XZt,235,15,0.39455282459567736,
5,XZt,236,15,0.3781496630346442,
5,XZt,237,15,0.3830548044364586,
5,XZt,238,15,0.3792401301985888,
5,XZt,239,15,0.3712070093877146,
5,XZt,240,15,0.3705321043594555,
5,XZt,241,15,0.3640757300961811,
5,XZt,242,15,0.3593979821228979,
5,XZt,243,15,0.35808478274305383,
5,XZt,244,15,0.35254570589255235,
5,XZt,245,15,0.3502780710395842,
5,XZt,246,15,0.342197987407452,
5,XZt,247,15,0.3385352876798836,
5,XZt,248,15,0.3417531485552441,
5,XZt,249,15,0.3313502755685295,
5,XZt,250,15,0.3396893990452042,
5,XZt,251,15,0.3272986692605189,
5,XZt,252,15,0.3103566271382584,
5,XZt,253,15,0.2723704362777249,
5,XZt,254,15,0.2861118336293971,
5,XZt,255,15,0.2405152649059024,
5,XZt,256,15,0.24184443608040407,
5,XZt,257,15,0.2692089276250836,
5,XZt,258,15,0.3315263731458876,
5,XZt,259,15,0.24912641442276037,
6,XYt,0,15,0.17381416266284713,
6,XYt,1,15,0.16375722065100262,
6,XYt,2,15,0.16047020513844903,
6,XYt,3,15,0.16065486236160498,
6,XYt,4,15,0.16523305882405723,
6,XYt,5,15,0.16450925143820488,
6,XYt,6,15,0.16166431463888517,
6,XYt,7,15,0.15695551764858362,
6,XYt,8,15,0.15280324574419235,
6,XYt,9,15,0.15186511064445057,
6,XYt,10,15,0.15235966837870396,
6,XYt,11,15,0.15198742593400127,
6,XYt,12,15,0.15034825756338227,
6,XYt,13,15,0.1476817963256014,
6,XYt,14,15,0.1439543810368134,
6,XYt,15,15,0.13785584280128588,
6,XYt,16,15,0.12594956269499097,
6,XYt,17,15,0.11521638540810872,
6,XYt,18,15,0.11758314242416001,
6,XYt,19,15,0.12873013543050807,
6,XYt,20,15,0.13972122073174856,
6,XYt,21,15,0.14799345367527114,
6,XYt,22,15,0.15306874360391448,
6,XYt,23,15,0.15427900676438308,
6,XYt,24,15,0.15211277288898162,
6,XYt,25,15,0.14740925915152486,
6,XYt,26,15,0.1409228927621701,
6,XYt,27,15,0.13350207868222935,
6,XYt,28,15,0.12608208715602412,
6,XYt,29,15,0.11927130189284683,
6,XYt,30,15,0.11398125721386251,
6,XYt,31,15,0.11167866773074085,
6,XYt,32,15,0.11253201241397964,
6,XYt,33,15,0.11680590671069829,
6,XYt,34,15,0.12519476070284075,
6,XYt,35,15,0.1388799996528179,
6,XYt,36,15,0.16109346456059506,
6,XYt,37,15,0.19649856587700673,
6,XYt,38,15,0.25215100640345495,
6,XYt,39,15,0.3349960921363108,
6,XYt,40,15,0.44370268815904035,
6,XYt,41,15,0.5543599463532161,
6,XYt,42,15,0.6364843325243114,
6,XYt,43,15,0.6901560366290812,
6,XYt,44,15,0.7365378788365103,
6,XYt,45,15,0.770181680903573,
6,XYt,46,15,0.7675479565377278,
6,XYt,47,15,0.7135054414288351,
6,XYt,48,15,0.6631466668942985,
6,XYt,49,15,0.6371612578794571,
6,XYt,50,15,0.6290507759704728,
6,XYt,51,15,0.6319418994552239,
6,XYt,52,15,0.6412484430378844,
6,XYt,53,15,0.6500316378171896,
6,XYt,54,15,0.6510010637543342,
6,XYt,55,15,0.635029876568185,
6,XYt,56,15,0.5996594817580373,
6,XYt,57,15,0.554691044552829,
6,XYt,58,15,0.5140995712685548,
6,XYt,59,15,0.48766608321148064,
6,XYt,60,15,0.47355241710429513,
6,XYt,61,15,0.4657951420332617,
6,XYt,62,15,0.460935804438072,
6,XYt,63,15,0.45833548638005306,
6,XYt,64,15,0.4565709145876548,
6,XYt,65,15,0.4567704496111798,
6,XYt,66,15,0.4579887410720962,
6,XYt,67,15,0.45975498261607695,
6,XYt,68,15,0.46020290771107036,
6,XYt,69,15,0.45935557138591465,
6,XYt,70,15,0.45845708196735724,
6,XYt,71,15,0.45756886324853036,
6,XYt,72,15,0.4572489034160036,
6,XYt,73,15,0.4549017988216086,
6,XYt,74,15,0.452438154295724,
6,XYt,75,15,0.4476562252466913,
6,XYt,76,15,0.4408909293405332,
6,XYt,77,15,0.4275233017372112,
6,XYt,78,15,0.40919419923294686,
6,XYt,79,15,0.39173583625102165,
6,XYt,80,15,0.37748664546896926,
6,XYt,81,15,0.36694627498888904,
6,XYt,82,15,0.35987058793107857,
6,XYt,83,15,0.3553710732510645,
6,XYt,84,15,0.3519228427965497,
6,XYt,85,15,0.34923754919122807,
6,XYt,86,15,0.34525094915109367,
6,XYt,87,15,0.3395396040613964,
6,XYt,88,15,0.3320858054197844,
6,XYt,89,15,0.32606376263979364,
6,XYt,90,15,0.3211139829212703,
6,XYt,91,15,0.31883458075290794,
6,XYt,92,15,0.31672132712126244,
6,XYt,93,15,0.31415828254639133,
6,XYt,94,15,0.3110685549420967,
6,XYt,95,15,0.3098507008106214,
6,XYt,96,15,0.30747395774798736,
6,XYt,97,15,0.3057129712363651,
6,XYt,98,15,0.3048248494500663,
6,XYt,99,15,0.3046283795010722,
6,XYt,100,15,0.3030678607469291,
6,XYt,101,15,0.3010626302264824,
6,XYt,102,15,0.2993255431930328,
6,XYt,103,15,0.296552151132888,
6,XYt,104,15,0.29380007297702154,
6,XYt,105,15,0.2920053974227416,
6,XYt,106,15,0.29004666020455555,
6,XYt,107,15,0.2883908022686747,
6,XYt,108,15,0.2877063792874885,
6,XYt,109,15,0.28719408586157397,
6,XYt,110,15,0.28702784486454463,
6,XYt,111,15,0.28785468417294074,
6,XYt,112,15,0.28948270868992765,
6,XYt,113,15,0.2925115301427182,
6,XYt,114,15,0.29546857131059395,
6,XYt,115,15,0.29945164360097315,
6,XYt,116,15,0.3053358676728278,
6,XYt,117,15,0.3121998103352194,
6,XYt,118,15,0.31653224779211153,
6,XYt,119,15,0.32009135637566327,
6,XYt,120,15,0.3214519250727665,
6,XYt,121,15,0.31782408379857335,
6,XYt,122,15,0.3172351739749826,
6,XYt,123,15,0.3193165924613796,
6,XYt,124,15,0.32171788766436765,
6,XYt,125,15,0.3233732300173015,
6,XYt,126,15,0.32537714461463674,
6,XYt,127,15,0.32834107389169864,
6,XYt,128,15,0.33203052436907193,
6,XYt,129,15,0.33503084819544804,
6,XYt,130,15,0.3365759815079232,
6,XYt,131,15,0.3371153258649521,
6,XYt,132,15,0.339035197752547,
6,XYt,133,15,0.3430634057323092,
6,XYt,134,15,0.34865981433889265,
6,XYt,135,15,0.3550623598347151,
6,XYt,136,15,0.36328958615203416,
6,XYt,137,15,0.37094106900586477,
6,XYt,138,15,0.38009735948196566,
6,XYt,139,15,0.3904269007689951,
6,XYt,140,15,0.3944416380135201,
6,XYt,141,15,0.3907140806196463,
6,XYt,142,15,0.3862360436977532,
6,XYt,143,15,0.3829146565476686,
6,XYt,144,15,0.38107345617198185,
6,XYt,145,15,0.3796907047875174,
6,XYt,146,15,0.3784831230606867,
6,XYt,147,15,0.3775098395808799,
6,XYt,148,15,0.3761720482977086,
6,XYt,149,15,0.37501618252206936,
6,XYt,150,15,0.3734589422555631,
6,XYt,151,15,0.37234179603554163,
6,XYt,152,15,0.371622514888181,
6,XYt,153,15,0.37081958878477517,
6,XYt,154,15,0.36873077722994596,
6,XYt,155,15,0.3660522399111431,
6,XYt,156,15,0.36374411787234157,
6,XYt,157,15,0.3573334656144193,
6,XYt,158,15,0.34715033941473394,
6,XYt,159,15,0.33731439157824344,
6,XYt,160,15,0.329280826801627,
6,XYt,161,15,0.32052198785391073,
6,XYt,162,15,0.3122073245017147,
6,XYt,163,15,0.3059029737033704,
6,XYt,164,15,0.3001092968917901,
6,XYt,165,15,0.2939772767638017,
6,XYt,166,15,0.28644269157433744,
6,XYt,167,15,0.27776852536488406,
6,XYt,168,15,0.2700177936216488,
6,XYt,169,15,0.26578248274171706,
6,XYt,170,15,0.2636604254288094,
6,XYt,171,15,0.26250755473596826,
6,XYt,172,15,0.2617938145117412,
6,XYt,173,15,0.26066555440676553,
6,XYt,174,15,0.259546482253217,
6,XYt,175,15,0.25830363450569055,
6,XYt,176,15,0.2559344278800309,
6,XYt,177,15,0.2538243867744623,
6,XYt,178,15,0.25302624756369685,
6,XYt,179,15,0.2520078348208341,
6,XYt,180,15,0.24947700913444246,
6,XYt,181,15,0.2475652850748296,
6,XYt,182,15,0.24710100446950137,
6,XYt,183,15,0.2467321394693517,
6,XYt,184,15,0.24703972323974818,
6,XYt,185,15,0.24658175584994818,
6,XYt,186,15,0.2447606418162114,
6,XYt,187,15,0.24217286840699923,
6,XYt,188,15,0.24187269205622122,
6,XYt,189,15,0.2432395889952075,
6,XYt,190,15,0.24557584269402172,
6,XYt,191,15,0.24861602230668733,
6,XYt,192,15,0.24990122188746708,
6,XYt,193,15,0.2483815703283562,
6,XYt,194,15,0.24742983408349725,
6,XYt,195,15,0.24883594688165261,
6,XYt,196,15,0.25313433432162774,
6,XYt,197,15,0.25925303207709505,
6,XYt,198,15,0.26552211536752385,
6,XYt,199,15,0.2707021811216141,
6,XYt,200,15,0.2750300119682403,
6,XYt,201,15,0.2761814917574188,
6,XYt,202,15,0.2758429547812145,
6,XYt,203,15,0.2763735847250334,
6,XYt,204,15,0.2767608456767302,
6,XYt,205,15,0.2784317042817268,
6,XYt,206,15,0.2824857820401388,
6,XYt,207,15,0.28837786281494276,
6,XYt,208,15,0.2969607849827841,
6,XYt,209,15,0.3044991630262378,
6,XYt,210,15,0.3103840884350947,
6,XYt,211,15,0.31469457592816835,
6,XYt,212,15,0.31776869278150854,
6,XYt,213,15,0.3208715013353275,
6,XYt,214,15,0.3259354457813059,
6,XYt,215,15,0.3328002804803725,
6,XYt,216,15,0.3419458237838928,
6,XYt,217,15,0.3514813962486081,
6,XYt,218,15,0.3650016133513684,
6,XYt,219,15,0.3813354523729685,
6,XYt,220,15,0.3895620462173594,
6,XYt,221,15,0.3927405464063815,
6,XYt,222,15,0.3967953494568569,
6,XYt,223,15,0.3994776284854559,
6,XYt,224,15,0.40044727372615013,
6,XYt,225,15,0.3996442326526793,
6,XYt,226,15,0.3971637592012565,
6,XYt,227,15,0.39425380860050485,
6,XYt,228,15,0.39125536205749456,
6,XYt,229,15,0.3880725214107242,
6,XYt,230,15,0.38486874578556407,
6,XYt,231,15,0.3795337013997068,
6,XYt,232,15,0.3721816733253913,
6,XYt,233,15,0.3635293000936622,
6,XYt,234,15,0.35371965619767826,
6,XYt,235,15,0.34222209881315935,
6,XYt,236,15,0.3276962278830962,
6,XYt,237,15,0.31210465543352184,
6,XYt,238,15,0.3014190530749146,
6,XYt,239,15,0.29676046235596265,
6,XYt,240,15,0.29482415973767606,
6,XYt,241,15,0.2942455401352773,
6,XYt,242,15,0.2941673838951551,
6,XYt,243,15,0.29423761039662283,
6,XYt,244,15,0.29466728324633595,
6,XYt,245,15,0.2956715864225904,
6,XYt,246,15,0.29506459698043214,
6,XYt,247,15,0.29561170619170746,
6,XYt,248,15,0.2970374372063169,
6,XYt,249,15,0.2977538059592033,
6,XYt,250,15,0.29803251607787534,
6,XYt,251,15,0.2977519537186997,
6,XYt,252,15,0.2975044038261621,
6,XYt,253,15,0.29736296046416705,
6,XYt,254,15,0.29888895580753044,
6,XYt,255,15,0.29878218096244136,
6,XYt,256,15,0.2957477114540844,
6,XYt,257,15,0.28111016659272037,
6,XYt,258,15,0.2455335229140545,
6,XYt,259,15,0.2044084756488056,
6,XYt,260,15,0.1846335692496974,
6,XYt,261,15,0.18060749984241514,
6,XYt,262,15,0.17890998905814062,
6,XYt,263,15,0.17769341926240187,
6,XYt,264,15,0.17729890902463885,
6,XYt,265,15,0.17613067294023288,
6,XYt,266,15,0.17530333090116074,
6,XYt,267,15,0.1747749867085591,
6,XYt,268,15,0.1755974681163639,
6,XYt,269,15,0.1761707294161227,
6,XYt,270,15,0.17780584305648883,
6,XYt,271,15,0.1782559203315867,
6,XYt,272,15,0.1777718829319041,
6,XYt,273,15,0.17753202290572756,
6,XYt,274,15,0.17863075970327824,
6,XYt,275,15,0.17970145813563174,
6,XYt,276,15,0.1799684080987277,
6,XYt,277,15,0.17954271985759795,
6,XYt,278,15,0.17874529920074664,
6,XYt,279,15,0.1777642198824747,
6,XYt,280,15,0.1768695083526993,
6,XYt,281,15,0.17681418654400116,
6,XYt,282,15,0.1777885724032973,
6,XYt,283,15,0.17988598377241988,
6,XYt,284,15,0.18194091789630515,
6,XYt,285,15,0.18292724666278834,
6,XYt,286,15,0.1829064992888875,
6,XYt,287,15,0.1822729710119346,
6,XYt,288,15,0.18059923257232355,
6,XYt,289,15,0.17855479987151127,
6,XYt,290,15,0.17680876140712987,
6,XYt,291,15,0.17625518595123846,
6,XYt,292,15,0.17602359254089492,
6,XYt,293,15,0.1756745861678853,
6,XYt,294,15,0.17605952322369262,
6,XYt,295,15,0.1755079049460596,
6,XYt,296,15,0.17535220684746114,
6,XYt,297,15,0.17590674803570627,
6,XYt,298,15,0.17657748126488199,
6,XYt,299,15,0.1771334404778355,
6,XYt,300,15,0.17923435571167726,
6,XYt,301,15,0.18073487158527907,
6,XYt,302,15,0.18111258816340117,
6,XYt,303,15,0.17947821439214137,
6,XYt,304,15,0.17742402597966536,
6,XYt,305,15,0.17629828631485478,
6,XYt,306,15,0.17680759205355964,
6,XYt,307,15,0.17696606277444552,
6,XYt,308,15,0.1780134851039733,
6,XYt,309,15,0.17896361334543365,
6,XYt,310,15,0.18049775924253,
6,XYt,311,15,0.18029812335024595,
6,XYt,312,15,0.1800016617472861,
6,XYt,313,15,0.18058592280828992,
6,XYt,314,15,0.18143544581555762,
6,XYt,315,15,0.18084684159615302,
6,XYt,316,15,0.17943135616949984,
6,XYt,317,15,0.17785630803700642,
6,XYt,318,15,0.17609465783324185,
6,XYt,319,15,0.17526052517935536,
6,XYt,320,15,0.1753071875283686,
6,XYt,321,15,0.17745392252933834,
6,XYt,322,15,0.17860359633675527,
6,XYt,323,15,0.1812173116452295,
6,XYt,324,15,0.18415771620536062,
6,XYt,325,15,0.2268096198201407,
6,XYt,326,15,0.27684811062326437,
6,XYt,327,15,0.2955586413550463,
6,XYt,328,15,0.30464784696246133,
6,XYt,329,15,0.30836397668445,
6,XYt,330,15,0.3066861375366363,
6,XYt,331,15,0.3052298483084255,
6,XYt,332,15,0.30284718519265175,
6,XYt,333,15,0.30405208497689157,
6,XYt,334,15,0.30593829535813843,
6,XYt,335,15,0.3119844833472394,
6,XYt,336,15,0.31516079910381223,
6,XYt,337,15,0.31832566566170434,
6,XYt,338,15,0.3203960598370019,
6,XYt,339,15,0.32694898742981615,
6,XYt,340,15,0.3349764120363335,
6,XYt,341,15,0.3392274641035802,
6,XYt,342,15,0.34618567419486557,
6,XYt,343,15,0.3553402610242389,
6,XYt,344,15,0.3595176971010086,
6,XYt,345,15,0.3628697024699325,
6,XYt,346,15,0.3662256178961967,
6,XYt,347,15,0.3689704623660572,
6,XYt,348,15,0.37093943322737566,
6,XYt,349,15,0.3722754210294809,
6,XYt,350,15,0.3719451713203183,
6,XYt,351,15,0.37315150580099493,
6,XYt,352,15,0.37825366809705263,
6,XYt,353,15,0.3793052772551139,
6,XYt,354,15,0.3792971645474207,
6,XYt,355,15,0.3766153325629708,
6,XYt,356,15,0.3719639673265683,
6,XYt,357,15,0.361232109202513,
6,XYt,358,15,0.3442928793939898,
6,XYt,359,15,0.3328112257203507,
6,XYt,360,15,0.3252779199373972,
6,XYt,361,15,0.3195677391622495,
6,XYt,362,15,0.3153607202073403,
6,XYt,363,15,0.3162772967864,
6,XYt,364,15,0.3293954703453556,
6,XYt,365,15,0.33164409376496434,
6,XYt,366,15,0.33125451100837977,
6,XYt,367,15,0.33042605179593576,
6,XYt,368,15,0.3321688548940438,
6,XYt,369,15,0.33082640250998596,
6,XYt,370,15,0.3284782176167653,
6,XYt,371,15,0.3262518715872577,
6,XYt,372,15,0.322321407146364,
6,XYt,373,15,0.31959802797623243,
6,XYt,374,15,0.31778541317818426,
6,XYt,375,15,0.31641899967666054,
6,XYt,376,15,0.3114921366446142,
6,XYt,377,15,0.3059181049489428,
6,XYt,378,15,0.2984317283131938,
6,XYt,379,15,0.2928147423117315,
6,XYt,380,15,0.28854090069564037,
6,XYt,381,15,0.2888763810851173,
6,XYt,382,15,0.29029490543384856,
6,XYt,383,15,0.2901255681087376,
6,XYt,384,15,0.2863275452431108,
6,XYt,385,15,0.27882423509583304,
6,XYt,386,15,0.2756704641291554,
6,XYt,387,15,0.2785836983416891,
6,XYt,388,15,0.2792887190279713,
6,XYt,389,15,0.2813629475061239,
6,XYt,390,15,0.2828232830539829,
6,XYt,391,15,0.28436549343286205,
6,XYt,392,15,0.2850084373579651,
6,XYt,393,15,0.28621619692237754,
6,XYt,394,15,0.28599681011531086,
6,XYt,395,15,0.2864477327891672,
6,XYt,396,15,0.28851830716049215,
6,XYt,397,15,0.29094924805400635,
6,XYt,398,15,0.29294423567450084,
6,XYt,399,15,0.293601444631868,
6,XYt,400,15,0.2938189606657021,
6,XYt,401,15,0.2929679515529448,
6,XYt,402,15,0.2909153117695032,
6,XYt,403,15,0.28891844986121556,
6,XYt,404,15,0.28793320992102783,
6,XYt,405,15,0.2874295530739605,
6,XYt,406,15,0.28956257795167645,
6,XYt,407,15,0.2922288699213529,
6,XYt,408,15,0.2963119916329914,
6,XYt,409,15,0.2998061024852805,
6,XYt,410,15,0.30161338696263007,
6,XYt,411,15,0.2965378801250011,
6,XYt,412,15,0.29819446696662044,
6,XYt,413,15,0.3014168271431699,
6,XYt,414,15,0.30467709496298373,
6,XYt,415,15,0.3081179996287319,
6,XYt,416,15,0.3144755818841122,
6,XYt,417,15,0.32223334579238666,
6,XYt,418,15,0.32819931732195357,
6,XYt,419,15,0.3312598357281941,
6,XYt,420,15,0.3331866590453738,
6,XYt,421,15,0.3325275028804982,
6,XYt,422,15,0.33569573527239766,
6,XYt,423,15,0.3374236567585848,
6,XYt,424,15,0.3391144467395477,
6,XYt,425,15,0.34048718011264495,
6,XYt,426,15,0.3413833055214585,
6,XYt,427,15,0.34089330921738376,
6,XYt,428,15,0.3432032578852427,
6,XYt,429,15,0.3465052353963808,
6,XYt,430,15,0.35073932145174835,
6,XYt,431,15,0.35589955408475304,
6,XYt,432,15,0.3629369108166205,
6,XYt,433,15,0.3703286398210148,
6,XYt,434,15,0.379313536410318,
6,XYt,435,15,0.39065203543917654,
6,XYt,436,15,0.40955369961919963,
6,XYt,437,15,0.4209366628919071,
6,XYt,438,15,0.4240086026276636,
6,XYt,439,15,0.4253261489614047,
6,XYt,440,15,0.4274872321233292,
6,XYt,441,15,0.42888348324995573,
6,XYt,442,15,0.43060298452511003,
6,XYt,443,15,0.43052951843174553,
6,XYt,444,15,0.4296727642098111,
6,XYt,445,15,0.42664610521311813,
6,XYt,446,15,0.4228679929298532,
6,XYt,447,15,0.41901465661856624,
6,XYt,448,15,0.4148346890561978,
6,XYt,449,15,0.40973599256701926,
6,XYt,450,15,0.40457813243835644,
6,XYt,451,15,0.39745613919563766,
6,XYt,452,15,0.38950424246038057,
6,XYt,453,15,0.38039842288519726,
6,XYt,454,15,0.3682158399896282,
6,XYt,455,15,0.3554615997161495,
6,XYt,456,15,0.3484926625369862,
6,XYt,457,15,0.3461577858330877,
6,XYt,458,15,0.3463287815425153,
6,XYt,459,15,0.34623783081911574,
6,XYt,460,15,0.34582989766211153,
6,XYt,461,15,0.345127986251689,
6,XYt,462,15,0.34434685460301495,
6,XYt,463,15,0.344833306845472,
6,XYt,464,15,0.3466666032004294,
6,XYt,465,15,0.3471210793779154,
6,XYt,466,15,0.33653590197226885,
6,XYt,467,15,0.296171041252686,
6,XYt,468,15,0.23881828396823732,
6,XYt,469,15,0.2060889153589127,
6,XYt,470,15,0.1989513766327979,
6,XYt,471,15,0.19802590534528935,
6,XYt,472,15,0.1968578049647759,
6,XYt,473,15,0.19563366770752066,
6,XYt,474,15,0.1936169084393413,
6,XYt,475,15,0.19134405549501288,
6,XYt,476,15,0.18933510711827437,
6,XYt,477,15,0.187967079480683,
6,XYt,478,15,0.18684980931047254,
6,XYt,479,15,0.18610716352292553,
6,XYt,480,15,0.18529196727039451,
6,XYt,481,15,0.18474981920576639,
6,XYt,482,15,0.18538905016326745,
6,XYt,483,15,0.18607430251036594,
6,XYt,484,15,0.18671466444342177,
6,XYt,485,15,0.1868141988981967,
6,XYt,486,15,0.1863815059727611,
6,XYt,487,15,0.1854010062993724,
6,XYt,488,15,0.18574565541686747,
6,XYt,489,15,0.1868807455541489,
6,XYt,490,15,0.1887137023269369,
6,XYt,491,15,0.1899366819998644,
6,XYt,492,15,0.19068935219225464,
6,XYt,493,15,0.19082548492123927,
6,XYt,494,15,0.19128511847096497,
6,XYt,495,15,0.19059675546124324,
6,XYt,496,15,0.18978463091233938,
6,XYt,497,15,0.18793412147241761,
6,XYt,498,15,0.18578469542354425,
6,XYt,499,15,0.18313185117948994,
6,XYt,500,15,0.18057278809729058,
6,XYt,501,15,0.17983152123037813,
6,XYt,502,15,0.18033817382433798,
6,XYt,503,15,0.1811181190533771,
6,XYt,504,15,0.18187385343021883,
6,XYt,505,15,0.182173674054872,
6,XYt,506,15,0.18172523504941432,
6,XYt,507,15,0.18113407297514433,
6,XYt,508,15,0.1819013077386532,
6,XYt,509,15,0.18252478901395974,
6,XYt,510,15,0.18233391756692038,
6,XYt,511,15,0.18249772037191828,
6,XYt,512,15,0.18306061209194985,
6,XYt,513,15,0.18376909202505431,
6,XYt,514,15,0.1842090447077947,
6,XYt,515,15,0.18463026175533315,
6,XYt,516,15,0.18404716094866744,
6,XYt,517,15,0.18367781677115458,
6,XYt,518,15,0.18263850337229434,
6,XYt,519,15,0.18192498860261302,
6,XYt,520,15,0.1809557713209708,
6,XYt,521,15,0.17939964654398738,
6,XYt,522,15,0.17662067763203806,
6,XYt,523,15,0.17469647022512036,
6,XYt,524,15,0.17493592186635537,
6,XYt,525,15,0.17556235293212388,
6,XYt,526,15,0.17591618545846946,
6,XYt,527,15,0.1763668189738507,
6,XYt,528,15,0.17622333025238884,
6,XYt,529,15,0.1753952807238079,
6,XYt,530,15,0.17345948449001017,
6,XYt,531,15,0.17316528224609484,
6,XYt,532,15,0.1765668993498982,
6,XYt,533,15,0.18960441538668826,
6,XYt,534,15,0.22180965598090344,
6,XYt,535,15,0.2698258766741472,
6,XYt,536,15,0.3092932816804362,
6,XYt,537,15,0.32699454432745045,
6,XYt,538,15,0.3325167691653326,
6,XYt,539,15,0.33372866736842155,
6,XYt,540,15,0.33518239308849934,
6,XYt,541,15,0.3318672575331344,
6,XYt,542,15,0.32612781231131777,
6,XYt,543,15,0.32109060819163643,
6,XYt,544,15,0.31857337593524315,
6,XYt,545,15,0.3191012101131595,
6,XYt,546,15,0.322877752622107,
6,XYt,547,15,0.3252898143274053,
6,XYt,548,15,0.3202266285357421,
6,XYt,549,15,0.3141797389534666,
6,XYt,550,15,0.3093073083116007,
6,XYt,551,15,0.306611920584423,
6,XYt,552,15,0.3043070081584393,
6,XYt,553,15,0.3033528984158487,
6,XYt,554,15,0.30238322703421017,
6,XYt,555,15,0.3015230590156795,
6,XYt,556,15,0.30033940433467776,
6,XYt,557,15,0.2985619717287807,
6,XYt,558,15,0.29550649429989817,
6,XYt,559,15,0.2898958876418764,
6,XYt,560,15,0.2796848786054009,
6,XYt,561,15,0.26756541712425697,
6,XYt,562,15,0.2617005943770987,
6,XYt,563,15,0.26252186918035614,
6,XYt,564,15,0.2631013396858527,
6,XYt,565,15,0.2610276503913206,
6,XYt,566,15,0.2556236159973043,
6,XYt,567,15,0.25046559479779384,
6,XYt,568,15,0.2453457162646381,
6,XYt,569,15,0.240264146915675,
6,XYt,570,15,0.2342278201852727,
6,XYt,571,15,0.22649205587361698,
6,XYt,572,15,0.21958941808289414,
6,XYt,573,15,0.21602218055180303,
6,XYt,574,15,0.21549584518990098,
6,XYt,575,15,0.2166313036311264,
6,XYt,576,15,0.2187326250192398,
6,XYt,577,15,0.22091351263152695,
6,XYt,578,15,0.2218523403899665,
6,XYt,579,15,0.2229621485076083,
6,XYt,580,15,0.22428664865304856,
6,XYt,581,15,0.22605947063402843,
6,XYt,582,15,0.22629295574034758,
6,XYt,583,15,0.22544309873121088,
6,XYt,584,15,0.22443711395547264,
6,XYt,585,15,0.22320792708897774,
6,XYt,586,15,0.22258011965625468,
6,XYt,587,15,0.22346204178120818,
6,XYt,588,15,0.22047990345711835,
6,XYt,589,15,0.21428729442042826,
6,XYt,590,15,0.20658276862115824,
6,XYt,591,15,0.20025740097785613,
6,XYt,592,15,0.19738188325912057,
6,XYt,593,15,0.1968117807315082,
6,XYt,594,15,0.19678259086914565,
6,XYt,595,15,0.19663103247267022,
6,XYt,596,15,0.19707570915181277,
6,XYt,597,15,0.19751126534221902,
6,XYt,598,15,0.19789130637331995,
6,XYt,599,15,0.1985338864486908,
6,XYt,600,15,0.19954970167037617,
6,XYt,601,15,0.2016971013851478,
6,XYt,602,15,0.20346036083650665,
6,XYt,603,15,0.20422349638857853,
6,XYt,604,15,0.20490573234164924,
6,XYt,605,15,0.205087777826906,
6,XYt,606,15,0.2052175218663047,
6,XYt,607,15,0.20539885137361352,
6,XYt,608,15,0.20561976400407161,
6,XYt,609,15,0.20518748429768585,
6,XYt,610,15,0.20426681063173677,
6,XYt,611,15,0.20287472655031377,
6,XYt,612,15,0.20094114380392242,
6,XYt,613,15,0.19880196694126115,
6,XYt,614,15,0.1966762775629801,
6,XYt,615,15,0.19517272489356607,
6,XYt,616,15,0.1938248314201769,
6,XYt,617,15,0.19263668819306132,
6,XYt,618,15,0.19292779812419508,
6,XYt,619,15,0.19402335194249032,
6,XYt,620,15,0.19322333100881098,
6,XYt,621,15,0.1945688013420308,
6,XYt,622,15,0.19879505506172737,
6,XYt,623,15,0.2052585832557774,
6,XYt,624,15,0.21103380257385182,
6,XYt,625,15,0.21886378719658514,
6,XYt,626,15,0.2232692903014353,
6,XYt,627,15,0.22519240872514754,
6,XYt,628,15,0.22696614189592004,
6,XYt,629,15,0.22813140375990593,
6,XYt,630,15,0.22840112377479393,
6,XYt,631,15,0.22715429107224558,
6,XYt,632,15,0.2246616874541853,
6,XYt,633,15,0.22243982741544285,
6,XYt,634,15,0.22028873806557875,
6,XYt,635,15,0.21734533451878438,
6,XYt,636,15,0.2142433149001308,
6,XYt,637,15,0.21178335393208003,
6,XYt,638,15,0.21035171271499659,
6,XYt,639,15,0.20989819526947914,
6,XYt,640,15,0.21192926832291978,
6,XYt,641,15,0.21739476380798237,
6,XYt,642,15,0.22451162866403518,
6,XYt,643,15,0.23068246836923187,
6,XYt,644,15,0.23504692716781098,
6,XYt,645,15,0.23880387775217973,
6,XYt,646,15,0.24300225851577767,
6,XYt,647,15,0.24730454770631247,
6,XYt,648,15,0.2500575616124104,
6,XYt,649,15,0.25176588939758404,
6,XYt,650,15,0.25303455039255085,
6,XYt,651,15,0.25408241120847264,
6,XYt,652,15,0.2633178586540796,
6,XYt,653,15,0.27380367873675754,
6,XYt,654,15,0.2788730475482482,
6,XYt,655,15,0.28097149116882447,
6,XYt,656,15,0.28221973936561634,
6,XYt,657,15,0.283798339828841,
6,XYt,658,15,0.285199692841575,
6,XYt,659,15,0.28653627290065903,
6,XYt,660,15,0.28740359586577713,
6,XYt,661,15,0.288666822636153,
6,XYt,662,15,0.2905136160969118,
6,XYt,663,15,0.2937314004233359,
6,XYt,664,15,0.2986515968912088,
6,XYt,665,15,0.3053840936304865,
6,XYt,666,15,0.31004966736656886,
6,XYt,667,15,0.3124503163158161,
6,XYt,668,15,0.31408298482093533,
6,XYt,669,15,0.317092586490696,
6,XYt,670,15,0.31983545309768996,
6,XYt,671,15,0.32092633841084645,
6,XYt,672,15,0.3173271153026469,
6,XYt,673,15,0.30987388325413423,
6,XYt,674,15,0.2963804449910794,
6,XYt,675,15,0.2779111606207023,
6,XYt,676,15,0.2553729446323573,
6,XYt,677,15,0.22816265420218373,
6,XYt,678,15,0.2004164358659014,
6,XYt,679,15,0.18050372775375204,
6,XYt,680,15,0.16796677526073198,
6,XYt,681,15,0.1603753322190103,
6,XYt,682,15,0.15614428210289624,
6,XYt,683,15,0.15462211046557772,
6,XYt,684,15,0.15398433883240828,
6,XYt,685,15,0.1546412827597185,
6,XYt,686,15,0.15554577825647764,
6,XYt,687,15,0.15699177744779783,
6,XYt,688,15,0.15867747791782727,
6,XYt,689,15,0.1595321016360671,
6,XYt,690,15,0.1602833704998985,
6,XYt,691,15,0.16037477452241475,
6,XYt,692,15,0.16034294791274856,
6,XYt,693,15,0.1595332445359487,
6,XYt,694,15,0.15886351724895142,
6,XYt,695,15,0.15815863000636168,
6,XYt,696,15,0.1571468296259657,
6,XYt,697,15,0.15681343636537284,
6,XYt,698,15,0.15643843227931273,
6,XYt,699,15,0.1563270563393915,
6,XYt,700,15,0.15610252826225726,
6,XYt,701,15,0.15662313753511306,
6,XYt,702,15,0.15640238552037017,
6,XYt,703,15,0.15706766171593625,
6,XYt,704,15,0.15767230012662695,
6,XYt,705,15,0.15857722451793224,
6,XYt,706,15,0.1594160709897569,
6,XYt,707,15,0.1605503346156276,
6,XYt,708,15,0.1627213428047855,
6,XYt,709,15,0.1982586725997514,
6,XYt,710,15,0.17951319386442402,
6,XYt,711,15,0.20358914965795766,
6,XYt,712,15,0.20619918257968559,
6,XYt,713,15,0.21157520509477976,
6,XYt,714,15,0.2089639947056584,
6,XYt,715,15,0.19812596081284642,
6,XYt,716,15,0.1829331901604112,
6,XYt,717,15,0.1692777270801858,
6,XYt,718,15,0.16406001427306016,
6,XYt,719,15,0.17612953952293667,
6,XYt,720,15,0.19982863584865643,
6,XYt,721,15,0.22355832427325756,
6,XYt,722,15,0.24549293644028822,
6,XYt,723,15,0.27091142650665123,
6,XYt,724,15,0.3040326523019099,
6,XYt,725,15,0.33686089953475457,
6,XYt,726,15,0.3581435388342133,
6,XYt,727,15,0.3626762038713395,
6,YZt,0,15,0.3279860831166982,
6,YZt,1,15,0.3414926600133871,
6,YZt,2,15,0.28251892039518556,
6,YZt,3,15,0.2562098605015795,
6,YZt,4,15,0.2472297181877631,
6,YZt,5,15,0.2603839310731989,
6,YZt,6,15,0.25535039365572976,
6,YZt,7,15,0.26952832944146393,
6,YZt,8,15,0.285558475789902,
6,YZt,9,15,0.28979382929488123,
6,YZt,10,15,0.2813890157199776,
6,YZt,11,15,0.2847291055298868,
6,YZt,12,15,0.28420120917556646,
6,YZt,13,15,0.2821865183011354,
6,YZt,14,15,0.28733163084817953,
6,YZt,15,15,0.29298433489913206,
6,YZt,16,15,0.2941499403849917,
6,YZt,17,15,0.29480104655829115,
6,YZt,18,15,0.298574750266682,
6,YZt,19,15,0.30347695512711653,
6,YZt,20,15,0.3076089350542883,
6,YZt,21,15,0.31298056558690324,
6,YZt,22,15,0.3189534390453849,
6,YZt,23,15,0.3174964713286811,
6,YZt,24,15,0.3260028912476694,
6,YZt,25,15,0.3322325377328092,
6,YZt,26,15,0.3304171772011563,
6,YZt,27,15,0.3388187866648225,
6,YZt,28,15,0.3431556363555089,
6,YZt,29,15,0.34406014516222716,
6,YZt,30,15,0.34862525261076666,
6,YZt,31,15,0.3547830908916986,
6,YZt,32,15,0.3593729726642677,
6,YZt,33,15,0.3632254064967836,
6,YZt,34,15,0.3677864026130529,
6,YZt,35,15,0.3730193324913265,
6,YZt,36,15,0.3812284317049281,
6,YZt,37,15,0.38280067428558023,
6,YZt,38,15,0.3829744994838614,
6,YZt,39,15,0.3798798366915273,
6,YZt,40,15,0.37510853227746765,
6,YZt,41,15,0.3671501900825131,
6,YZt,42,15,0.36109464822189824,
6,YZt,43,15,0.3507478866034838,
6,YZt,44,15,0.34015817951553434,
6,YZt,45,15,0.3296748376614228,
6,YZt,46,15,0.31906293163778465,
6,YZt,47,15,0.30991984197545763,
6,YZt,48,15,0.3030017334679797,
6,YZt,49,15,0.29890782043182945,
6,YZt,50,15,0.2951380522974397,
6,YZt,51,15,0.2916429438599024,
6,YZt,52,15,0.2914584314018257,
6,YZt,53,15,0.29344708679641524,
6,YZt,54,15,0.2963409255457048,
6,YZt,55,15,0.3011916399890464,
6,YZt,56,15,0.3087158633417031,
6,YZt,57,15,0.3193410998049146,
6,YZt,58,15,0.33026858419816774,
6,YZt,59,15,0.34292880365755746,
6,YZt,60,15,0.35905431735634535,
6,YZt,61,15,0.3753327662878281,
6,YZt,62,15,0.392097622443053,
6,YZt,63,15,0.4015824112265359,
6,YZt,64,15,0.3927250839659678,
6,YZt,65,15,0.369312837972593,
6,YZt,66,15,0.3270525938217142,
6,YZt,67,15,0.2789469183902381,
6,YZt,68,15,0.24041492903566875,
6,YZt,69,15,0.21382231893103976,
6,YZt,70,15,0.19681698175236048,
6,YZt,71,15,0.1844334341413968,
6,YZt,72,15,0.17612241992220523,
6,YZt,73,15,0.16826599726833846,
6,YZt,74,15,0.1625376326551191,
6,YZt,75,15,0.1586963730166984,
6,YZt,76,15,0.15510704039643192,
6,YZt,77,15,0.15211997620924345,
6,YZt,104,15,0.22022198214365274,
6,YZt,105,15,0.22433339376526376,
6,YZt,106,15,0.2296146580471873,
6,YZt,107,15,0.23573465698719553,
6,YZt,108,15,0.24286127132227944,
6,YZt,109,15,0.25095724976842115,
6,YZt,110,15,0.2597379606385746,
6,YZt,111,15,0.2680219042359598,
6,YZt,112,15,0.27709502071980197,
6,YZt,113,15,0.2843247425430742,
6,YZt,114,15,0.29035443356623697,
6,YZt,115,15,0.2946649109213953,
6,YZt,116,15,0.299540759164834,
6,YZt,117,15,0.3039603456601692,
6,YZt,118,15,0.30782372985593576,
6,YZt,119,15,0.30930218525543146,
6,YZt,120,15,0.30933502456032197,
6,YZt,121,15,0.3069829731914785,
6,YZt,122,15,0.3018117313427109,
6,YZt,123,15,0.29566768836793245,
6,YZt,124,15,0.2891540784147901,
6,YZt,125,15,0.2826164017326202,
6,YZt,126,15,0.27807063038630836,
6,YZt,127,15,0.2750941116275009,
6,YZt,128,15,0.2736755587540292,
6,YZt,129,15,0.27323888447372696,
6,YZt,78,15,0.15065703207457104,
6,YZt,79,15,0.14965416726132816,
6,YZt,80,15,0.1500277361668429,
6,YZt,81,15,0.15091744981367705,
6,YZt,82,15,0.15213823940279322,
6,YZt,83,15,0.15491609650299476,
6,YZt,84,15,0.15731033008206777,
6,YZt,85,15,0.15993178036339512,
6,YZt,86,15,0.1627806268250608,
6,YZt,87,15,0.1659206381440674,
6,YZt,88,15,0.16976560942611896,
6,YZt,89,15,0.17264068093365387,
6,YZt,90,15,0.1759417230764526,
6,YZt,91,15,0.17900712555612153,
6,YZt,92,15,0.18190780944186935,
6,YZt,93,15,0.1844824992694064,
6,YZt,94,15,0.18752802889419684,
6,YZt,95,15,0.19030680935302677,
6,YZt,96,15,0.1929517451742444,
6,YZt,97,15,0.19597695907283091,
6,YZt,98,15,0.1989529443417524,
6,YZt,99,15,0.20180324212820733,
6,YZt,100,15,0.20503639556298192,
6,YZt,101,15,0.20860894625796428,
6,YZt,102,15,0.21232523658104158,
6,YZt,103,15,0.21613946175521193,
6,YZt,130,15,0.27325109111460993,
6,YZt,131,15,0.273323570094621,
6,YZt,132,15,0.273852422985717,
6,YZt,133,15,0.27455711810609196,
6,YZt,134,15,0.27497774873649355,
6,YZt,135,15,0.2761697775217242,
6,YZt,136,15,0.2764471035411574,
6,YZt,137,15,0.27636347876043593,
6,YZt,138,15,0.27713051636442115,
6,YZt,139,15,0.27688529416539664,
6,YZt,140,15,0.2769967059121805,
6,YZt,141,15,0.2755276686500663,
6,YZt,142,15,0.2730819779736811,
6,YZt,143,15,0.2698664799957798,
6,YZt,144,15,0.2659472075036,
6,YZt,145,15,0.26145440095028577,
6,YZt,146,15,0.2566322757288917,
6,YZt,147,15,0.2523004176059322,
6,YZt,148,15,0.24878896094698327,
6,YZt,149,15,0.24532268379291006,
6,YZt,150,15,0.24251867812016553,
6,YZt,151,15,0.23948901375003784,
6,YZt,152,15,0.23694170099428838,
6,YZt,153,15,0.23459489568082828,
6,YZt,154,15,0.23222608336237105,
6,YZt,155,15,0.23039555184408916,
6,YZt,156,15,0.2274991540679565,
6,YZt,157,15,0.22307482224368935,
6,YZt,158,15,0.21693165733341546,
6,YZt,159,15,0.20992800986665436,
6,YZt,160,15,0.2020637443499516,
6,YZt,161,15,0.19505177238438365,
6,YZt,162,15,0.18867836321156764,
6,YZt,163,15,0.1824685640578442,
6,YZt,164,15,0.17720543268898353,
6,YZt,165,15,0.17173397917938218,
6,YZt,166,15,0.16681379073217337,
6,YZt,167,15,0.16151657563415034,
6,YZt,168,15,0.15607971697561948,
6,YZt,169,15,0.15043673747984046,
6,YZt,170,15,0.14528110350638612,
6,YZt,171,15,0.14091357599418952,
6,YZt,172,15,0.13664752550281772,
6,YZt,173,15,0.1350274047444995,
6,YZt,174,15,0.13471679870505562,
6,YZt,175,15,0.1343071405302566,
6,YZt,176,15,0.1353813804334818,
6,YZt,177,15,0.13633517859496508,
6,YZt,178,15,0.1397565399351061,
6,YZt,179,15,0.14325458045326464,
6,YZt,180,15,0.14738530613936127,
6,YZt,181,15,0.15381198206953442,
6,YZt,182,15,0.16172776036362674,
6,YZt,183,15,0.17286894447283285,
6,YZt,184,15,0.18857466358206504,
6,YZt,185,15,0.21218062575501026,
6,YZt,186,15,0.24811435970475484,
6,YZt,187,15,0.30379247788088376,
6,YZt,188,15,0.36869528313647515,
6,YZt,189,15,0.43098556832730245,
6,YZt,190,15,0.480157290312303,
6,YZt,191,15,0.5001344001950108,
6,YZt,192,15,0.5002909397958396,
6,YZt,193,15,0.49091127541001595,
6,YZt,194,15,0.4868940701537351,
6,YZt,195,15,0.47208006081278797,
6,YZt,196,15,0.46439573351489005,
6,YZt,197,15,0.45338171200854616,
6,YZt,198,15,0.4444600812369697,
6,YZt,199,15,0.43671587560713554,
6,YZt,200,15,0.42602661382615564,
6,YZt,201,15,0.42082020481925303,
6,YZt,202,15,0.41518432818995676,
6,YZt,203,15,0.40553738765654945,
6,YZt,204,15,0.401654152418328,
6,YZt,205,15,0.39941506007491123,
6,YZt,206,15,0.39842566106167027,
6,YZt,207,15,0.3920323567217755,
6,YZt,208,15,0.38943693040038285,
6,YZt,209,15,0.3872545725481863,
6,YZt,210,15,0.38349594196290426,
6,YZt,211,15,0.3779843465044397,
6,YZt,212,15,0.3753096262837185,
6,YZt,213,15,0.37404163782078165,
6,YZt,214,15,0.3737144788065274,
6,YZt,215,15,0.3730525978378263,
6,YZt,216,15,0.3704828694144191,
6,YZt,217,15,0.3689672707833359,
6,YZt,218,15,0.36210528060344205,
6,YZt,219,15,0.3611820158183974,
6,YZt,220,15,0.3575027970200473,
6,YZt,221,15,0.3553285926214628,
6,YZt,222,15,0.3529811439942002,
6,YZt,223,15,0.35236066381987824,
6,YZt,224,15,0.34808295476786655,
6,YZt,225,15,0.3457744755537785,
6,YZt,226,15,0.34237591087502883,
6,YZt,227,15,0.33992882378823436,
6,YZt,228,15,0.33815964689208916,
6,YZt,229,15,0.3329600730037127,
6,YZt,230,15,0.3291001165960579,
6,YZt,231,15,0.3280703851746513,
6,YZt,232,15,0.3240246626711251,
6,YZt,233,15,0.31630468940332007,
6,YZt,234,15,0.31723858948070377,
6,YZt,235,15,0.31266559668701005,
6,YZt,236,15,0.30517746050585165,
6,YZt,237,15,0.3072259208005115,
6,YZt,238,15,0.30078897806488014,
6,YZt,239,15,0.29756688061793307,
6,YZt,240,15,0.2945221238085598,
6,YZt,241,15,0.2887616870229142,
6,YZt,242,15,0.286374520421495,
6,YZt,243,15,0.28633592620580317,
6,YZt,244,15,0.2847917825181983,
6,YZt,245,15,0.2817189739065624,
6,YZt,246,15,0.27634393038295635,
6,YZt,247,15,0.27866013128609646,
6,YZt,248,15,0.2801767639395397,
6,YZt,249,15,0.2773409133255618,
6,YZt,250,15,0.2868503725308428,
6,YZt,251,15,0.28524930595181963,
6,YZt,252,15,0.2730839451328161,
6,YZt,253,15,0.2605860328320273,
6,YZt,254,15,0.265751261649404,
6,YZt,255,15,0.25006463782371374,
6,YZt,256,15,0.258021446732816,
6,YZt,257,15,0.28120916344997904,
6,YZt,258,15,0.3395084670113843,
6,YZt,259,15,0.3363160666527715,
6,XZt,0,15,0.3108267195653523,
6,XZt,1,15,0.29796054757815443,
6,XZt,2,15,0.24266586415159622,
6,XZt,3,15,0.21733748659430568,
6,XZt,4,15,0.21450024024101366,
6,XZt,5,15,0.24210057665319906,
6,XZt,6,15,0.23731891623934107,
6,XZt,7,15,0.26392984752937976,
6,XZt,8,15,0.2804702231754129,
6,XZt,9,15,0.28810473960248123,
6,XZt,10,15,0.2800336424273632,
6,XZt,11,15,0.28263182060927083,
6,XZt,12,15,0.2826179899054019,
6,XZt,13,15,0.28102381219234074,
6,XZt,14,15,0.284520584737848,
6,XZt,15,15,0.2902522743696844,
6,XZt,16,15,0.29207725090939796,
6,XZt,17,15,0.2918000162583614,
6,XZt,18,15,0.29463809119837536,
6,XZt,19,15,0.29949272636704344,
6,XZt,20,15,0.30208955969478934,
6,XZt,21,15,0.3082004463355795,
6,XZt,22,15,0.31227082323033917,
6,XZt,23,15,0.3087558679211178,
6,XZt,24,15,0.3180382853639357,
6,XZt,25,15,0.3217006945674189,
6,XZt,26,15,0.31739586961537297,
6,XZt,27,15,0.3241406795857333,
6,XZt,28,15,0.32851519195540574,
6,XZt,29,15,0.3296448569305931,
6,XZt,30,15,0.3309594340596164,
6,XZt,31,15,0.33610009666833746,
6,XZt,32,15,0.33912183762048953,
6,XZt,33,15,0.34035129430664907,
6,XZt,34,15,0.34312056087104115,
6,XZt,35,15,0.3447098699248097,
6,XZt,36,15,0.3496604744558974,
6,XZt,37,15,0.35103194570402163,
6,XZt,38,15,0.3539883629585094,
6,XZt,39,15,0.3586395665611976,
6,XZt,40,15,0.3637590145052021,
6,XZt,41,15,0.36682856375128126,
6,XZt,42,15,0.37464951394798596,
6,XZt,43,15,0.3769655150381813,
6,XZt,44,15,0.38051362677673606,
6,XZt,45,15,0.3827138582801358,
6,XZt,46,15,0.3831859248653159,
6,XZt,47,15,0.3856256790418249,
6,XZt,48,15,0.3884958946110489,
6,XZt,49,15,0.3924637071302687,
6,XZt,50,15,0.3964677955381707,
6,XZt,51,15,0.39914580179857656,
6,XZt,52,15,0.4030135361332278,
6,XZt,53,15,0.4103978696821436,
6,XZt,54,15,0.4141615290571491,
6,XZt,55,15,0.41765621742040165,
6,XZt,56,15,0.4225574609068864,
6,XZt,57,15,0.43154497589231067,
6,XZt,58,15,0.4360381283162504,
6,XZt,59,15,0.44009211402849474,
6,XZt,60,15,0.4486985395079343,
6,XZt,61,15,0.4517013782144337,
6,XZt,62,15,0.45470871954670306,
6,XZt,63,15,0.46077845651320315,
6,XZt,64,15,0.4622813085189457,
6,XZt,65,15,0.4686624476778328,
6,XZt,66,15,0.46905118756808106,
6,XZt,67,15,0.4694224272467877,
6,XZt,68,15,0.4597308029039569,
6,XZt,69,15,0.4456028076937531,
6,XZt,70,15,0.4216049970256452,
6,XZt,71,15,0.39806631022761335,
6,XZt,72,15,0.3782493505223448,
6,XZt,73,15,0.35610235294517695,
6,XZt,74,15,0.3378553653586202,
6,XZt,75,15,0.32238855745866607,
6,XZt,76,15,0.30642991953867393,
6,XZt,77,15,0.29254508590038464,
6,XZt,78,15,0.2791458810699318,
6,XZt,79,15,0.26780159518066615,
6,XZt,80,15,0.2568887808086979,
6,XZt,81,15,0.2485136689410904,
6,XZt,82,15,0.24030679910052158,
6,XZt,83,15,0.2337825492650827,
6,XZt,84,15,0.22778501643176433,
6,XZt,85,15,0.22264205414704816,
6,XZt,86,15,0.21859068892450187,
6,XZt,87,15,0.21600051726915237,
6,XZt,88,15,0.21487018574971758,
6,XZt,89,15,0.2132524632742938,
6,XZt,90,15,0.21244866367692603,
6,XZt,91,15,0.2109260313077654,
6,XZt,92,15,0.21001406433889913,
6,XZt,93,15,0.20822094223179322,
6,XZt,94,15,0.20666498874779282,
6,XZt,95,15,0.20459544771267382,
6,XZt,96,15,0.20279096226521048,
6,XZt,97,15,0.2004893455805795,
6,XZt,98,15,0.19768177135249615,
6,XZt,99,15,0.1946650302741825,
6,XZt,100,15,0.19152442644572848,
6,XZt,101,15,0.1884989557999499,
6,XZt,102,15,0.18543282110082893,
6,XZt,103,15,0.182785058755406,
6,XZt,104,15,0.17993598288596516,
6,XZt,105,15,0.17731690815854106,
6,XZt,106,15,0.17499723472405798,
6,XZt,107,15,0.17277645468371106,
6,XZt,108,15,0.17108237736017548,
6,XZt,109,15,0.16964797709981624,
6,XZt,110,15,0.16839913566632658,
6,XZt,111,15,0.16723323234752124,
6,XZt,112,15,0.1668749856105995,
6,XZt,113,15,0.16642939600775097,
6,XZt,114,15,0.16593000136374647,
6,XZt,115,15,0.1655650099040339,
6,XZt,116,15,0.16496870096945374,
6,XZt,117,15,0.16427299078257362,
6,XZt,118,15,0.1637336059225636,
6,XZt,119,15,0.1634882841892823,
6,XZt,120,15,0.1631642995761315,
6,XZt,121,15,0.16272311203946668,
6,XZt,122,15,0.1623924497307274,
6,XZt,123,15,0.1622016020606716,
6,XZt,124,15,0.162537219709791,
6,XZt,125,15,0.16238940231288632,
6,XZt,126,15,0.16267226900905676,
6,XZt,127,15,0.16315929419334485,
6,XZt,128,15,0.16390952586778626,
6,XZt,129,15,0.1646550387485312,
6,XZt,130,15,0.16564581544035797,
6,XZt,131,15,0.16650847600143368,
6,XZt,132,15,0.16745448160098486,
6,XZt,133,15,0.16932475509568595,
6,XZt,134,15,0.17046483005062207,
6,XZt,135,15,0.1725218139872487,
6,XZt,136,15,0.17396696485040505,
6,XZt,137,15,0.17573442755888632,
6,XZt,138,15,0.17742093574076442,
6,XZt,139,15,0.17910899480150344,
6,XZt,140,15,0.18067126204079328,
6,XZt,141,15,0.18218842104660346,
6,XZt,142,15,0.1837443125316091,
6,XZt,143,15,0.18537482310995346,
6,XZt,144,15,0.18703283401255485,
6,XZt,145,15,0.1886567675286675,
6,XZt,146,15,0.1907686760709445,
6,XZt,147,15,0.19409218734186542,
6,XZt,148,15,0.19740007006275728,
6,XZt,149,15,0.20134336001908737,
6,XZt,150,15,0.20588973198545324,
6,XZt,151,15,0.21061961843334218,
6,XZt,152,15,0.21553074563016478,
6,XZt,153,15,0.22153589590483413,
6,XZt,154,15,0.22763238725241777,
6,XZt,155,15,0.23454859287716373,
6,XZt,156,15,0.24179444978160058,
6,XZt,157,15,0.2498520911924041,
6,XZt,158,15,0.25889093968324167,
6,XZt,159,15,0.26811262460610835,
6,XZt,160,15,0.27800301843047787,
6,XZt,161,15,0.28779297708457796,
6,XZt,162,15,0.2991554557258916,
6,XZt,163,15,0.3095347958448195,
6,XZt,164,15,0.31908726705416246,
6,XZt,165,15,0.3289682264811658,
6,XZt,166,15,0.3388491011996102,
6,XZt,167,15,0.34718684234157904,
6,XZt,168,15,0.35402740406866817,
6,XZt,169,15,0.3617078904866547,
6,XZt,170,15,0.3681373471487671,
6,XZt,171,15,0.37357511209765426,
6,XZt,172,15,0.3778164503033188,
6,XZt,173,15,0.3787670886376962,
6,XZt,174,15,0.3758568920400484,
6,XZt,175,15,0.3715839989379939,
6,XZt,176,15,0.3634158073900036,
6,XZt,177,15,0.3537548726225383,
6,XZt,178,15,0.3422608296001553,
6,XZt,179,15,0.32898269668087765,
6,XZt,180,15,0.31809087871151337,
6,XZt,181,15,0.30724340152988094,
6,XZt,182,15,0.29937019516381413,
6,XZt,183,15,0.29127293284057965,
6,XZt,184,15,0.2868697784566415,
6,XZt,185,15,0.2822985469607163,
6,XZt,186,15,0.2814671920308454,
6,XZt,187,15,0.2827525865301607,
6,XZt,188,15,0.2844488216893964,
6,XZt,189,15,0.28921701685072065,
6,XZt,190,15,0.29451990562951447,
6,XZt,191,15,0.3002378916249266,
6,XZt,192,15,0.30619490766879626,
6,XZt,193,15,0.30873145714162886,
6,XZt,194,15,0.3105371623793459,
6,XZt,195,15,0.30761187201106793,
6,XZt,196,15,0.30568155551592646,
6,XZt,197,15,0.3009807117984191,
6,XZt,198,15,0.29684223045560204,
6,XZt,199,15,0.2927392695520324,
6,XZt,200,15,0.28883533408178236,
6,XZt,201,15,0.2858143747297568,
6,XZt,202,15,0.28334452356114664,
6,XZt,203,15,0.2803366905121149,
6,XZt,204,15,0.277998837127241,
6,XZt,205,15,0.2767839346102238,
6,XZt,206,15,0.2756943289372843,
6,XZt,207,15,0.27415341178575303,
6,XZt,208,15,0.2734922396100286,
6,XZt,209,15,0.2733666333427024,
6,XZt,210,15,0.27414850912525557,
6,XZt,211,15,0.27690325014967976,
6,XZt,212,15,0.2821258553601479,
6,XZt,213,15,0.290673477127023,
6,XZt,214,15,0.3034356065323115,
6,XZt,215,15,0.3203091018645062,
6,XZt,216,15,0.3404756437961889,
6,XZt,217,15,0.3656365590001781,
6,XZt,218,15,0.3916331365945048,
6,XZt,219,15,0.42208659601303666,
6,XZt,220,15,0.4490061155362093,
6,XZt,221,15,0.46849009642556244,
6,XZt,222,15,0.4808400828212349,
6,XZt,223,15,0.4812658284979783,
6,XZt,224,15,0.46801278434583954,
6,XZt,225,15,0.45337890697204963,
6,XZt,226,15,0.43418753226854245,
6,XZt,227,15,0.4198196211743713,
6,XZt,228,15,0.40890366172216114,
6,XZt,229,15,0.3959492304967586,
6,XZt,230,15,0.38904124078987046,
6,XZt,231,15,0.3834084087910081,
6,XZt,232,15,0.37569133231943985,
6,XZt,233,15,0.366074749212109,
6,XZt,234,15,0.3680496901772106,
6,XZt,235,15,0.3623404043761856,
6,XZt,236,15,0.35247158128131323,
6,XZt,237,15,0.3551015160842417,
6,XZt,238,15,0.34793391666305856,
6,XZt,239,15,0.34182586178657076,
6,XZt,240,15,0.33811198614702703,
6,XZt,241,15,0.33231053334528027,
6,XZt,242,15,0.3289657550252268,
6,XZt,243,15,0.3273500700584573,
6,XZt,244,15,0.3247438902760999,
6,XZt,245,15,0.320095112017492,
6,XZt,246,15,0.3127737650298176,
6,XZt,247,15,0.3131735883835443,
6,XZt,248,15,0.3132596094628954,
6,XZt,249,15,0.3072129286010594,
6,XZt,250,15,0.31563965748855427,
6,XZt,251,15,0.30944233765400897,
6,XZt,252,15,0.2918777274998229,
6,XZt,253,15,0.2642290907530932,
6,XZt,254,15,0.2656414778207946,
6,XZt,255,15,0.24310894543325406,
6,XZt,256,15,0.2464077253605609,
6,XZt,257,15,0.2692358855172262,
6,XZt,258,15,0.31730289603320333,
6,XZt,259,15,0.2822806289695585,
7,XYt,0,15,0.1653904077093545,
7,XYt,1,15,0.15775091489701756,
7,XYt,2,15,0.15656571245929218,
7,XYt,3,15,0.15729518187701932,
7,XYt,4,15,0.1601798301077256,
7,XYt,5,15,0.16067129352895707,
7,XYt,6,15,0.15876313629941471,
7,XYt,7,15,0.15499386832420392,
7,XYt,8,15,0.1523009761007565,
7,XYt,9,15,0.15220232283105706,
7,XYt,10,15,0.15253182981075505,
7,XYt,11,15,0.15144722300111818,
7,XYt,12,15,0.14908513270865226,
7,XYt,13,15,0.14620482853534286,
7,XYt,14,15,0.14285358413622126,
7,XYt,15,15,0.1375596157556085,
7,XYt,16,15,0.12608761874179122,
7,XYt,17,15,0.11748478139057847,
7,XYt,18,15,0.1206964044192046,
7,XYt,19,15,0.1322468622459552,
7,XYt,20,15,0.14210270537199354,
7,XYt,21,15,0.1491155395661155,
7,XYt,22,15,0.15287020108740032,
7,XYt,23,15,0.15272997910320724,
7,XYt,24,15,0.1492945962278215,
7,XYt,25,15,0.14343017643015926,
7,XYt,26,15,0.13605855719213653,
7,XYt,27,15,0.12827519296746287,
7,XYt,28,15,0.12109989642121767,
7,XYt,29,15,0.11488680802929398,
7,XYt,30,15,0.11012713314687737,
7,XYt,31,15,0.10811966996315378,
7,XYt,32,15,0.10931062515491052,
7,XYt,33,15,0.11401868727099254,
7,XYt,34,15,0.12274358141020944,
7,XYt,35,15,0.13663001097388308,
7,XYt,36,15,0.15917423180579576,
7,XYt,37,15,0.19560368109273565,
7,XYt,38,15,0.2541046767979795,
7,XYt,39,15,0.34212999979073383,
7,XYt,40,15,0.45089741072667777,
7,XYt,41,15,0.5488958632726642,
7,XYt,42,15,0.6118132476276812,
7,XYt,43,15,0.6602010562210453,
7,XYt,44,15,0.7008516721569846,
7,XYt,45,15,0.7258267148549993,
7,XYt,46,15,0.7207971588073296,
7,XYt,47,15,0.6702918101225739,
7,XYt,48,15,0.6233106036877325,
7,XYt,49,15,0.599576821073296,
7,XYt,50,15,0.5940480198950345,
7,XYt,51,15,0.6006020428640043,
7,XYt,52,15,0.6143741326865735,
7,XYt,53,15,0.627455759846287,
7,XYt,54,15,0.6320780174363884,
7,XYt,55,15,0.6215231808936985,
7,XYt,56,15,0.5942342051995487,
7,XYt,57,15,0.5565824809218654,
7,XYt,58,15,0.5214659746539475,
7,XYt,59,15,0.49888634253419195,
7,XYt,60,15,0.4875952522571654,
7,XYt,61,15,0.48122051505204727,
7,XYt,62,15,0.475993211012912,
7,XYt,63,15,0.4717934965111404,
7,XYt,64,15,0.4677946613927071,
7,XYt,65,15,0.4657647308296036,
7,XYt,66,15,0.4654727821079312,
7,XYt,67,15,0.4662513529665419,
7,XYt,68,15,0.46588092020335287,
7,XYt,69,15,0.4644972805912014,
7,XYt,70,15,0.46320582362287843,
7,XYt,71,15,0.4619340104334628,
7,XYt,72,15,0.4612675941024764,
7,XYt,73,15,0.45870542092234323,
7,XYt,74,15,0.4560061487400488,
7,XYt,75,15,0.4511688002733148,
7,XYt,76,15,0.44411113721745776,
7,XYt,77,15,0.43036493750657717,
7,XYt,78,15,0.4118047560941492,
7,XYt,79,15,0.394586594780884,
7,XYt,80,15,0.38071746363227615,
7,XYt,81,15,0.3705974741747761,
7,XYt,82,15,0.36406495699410424,
7,XYt,83,15,0.36017549900853946,
7,XYt,84,15,0.357233656788448,
7,XYt,85,15,0.35489336885661105,
7,XYt,86,15,0.35105916708402,
7,XYt,87,15,0.3450702376219814,
7,XYt,88,15,0.3373211442222951,
7,XYt,89,15,0.33101215099713177,
7,XYt,90,15,0.3258877163940405,
7,XYt,91,15,0.32332993884228867,
7,XYt,92,15,0.3209787077222107,
7,XYt,93,15,0.3182771626095592,
7,XYt,94,15,0.31510953907914896,
7,XYt,95,15,0.3138887982682215,
7,XYt,96,15,0.3114047760130151,
7,XYt,97,15,0.30962881873864107,
7,XYt,98,15,0.3089014620229749,
7,XYt,99,15,0.3090075779697375,
7,XYt,100,15,0.3076303872889432,
7,XYt,101,15,0.30566872101672754,
7,XYt,102,15,0.3037380468855626,
7,XYt,103,15,0.3008097877827445,
7,XYt,104,15,0.29776835922563205,
7,XYt,105,15,0.2957648155205689,
7,XYt,106,15,0.2937570758954079,
7,XYt,107,15,0.29227276783037853,
7,XYt,108,15,0.2917171186182814,
7,XYt,109,15,0.2915590451726282,
7,XYt,110,15,0.2917235505883797,
7,XYt,111,15,0.29277691711526455,
7,XYt,112,15,0.29454673888069016,
7,XYt,113,15,0.2976212055060808,
7,XYt,114,15,0.3003765861596661,
7,XYt,115,15,0.3038636700511913,
7,XYt,116,15,0.30956046422636657,
7,XYt,117,15,0.31646324790892166,
7,XYt,118,15,0.3210399209669833,
7,XYt,119,15,0.3245554963107032,
7,XYt,120,15,0.32592481895449804,
7,XYt,121,15,0.32215489140505493,
7,XYt,122,15,0.3215746811738409,
7,XYt,123,15,0.3239825835588468,
7,XYt,124,15,0.32686186600193995,
7,XYt,125,15,0.3288611543281059,
7,XYt,126,15,0.3308637979326328,
7,XYt,127,15,0.3335105382671247,
7,XYt,128,15,0.33696321270752927,
7,XYt,129,15,0.3398926418806608,
7,XYt,130,15,0.34130550277162486,
7,XYt,131,15,0.34180664443799086,
7,XYt,132,15,0.3435593371097557,
7,XYt,133,15,0.34726578249653234,
7,XYt,134,15,0.35254798110205104,
7,XYt,135,15,0.35884143260629997,
7,XYt,136,15,0.36695175096195687,
7,XYt,137,15,0.37436830673177535,
7,XYt,138,15,0.38308939356599153,
7,XYt,139,15,0.3932327652546573,
7,XYt,140,15,0.3965303623705059,
7,XYt,141,15,0.39218605837369097,
7,XYt,142,15,0.3873811161591535,
7,XYt,143,15,0.38384243462939,
7,XYt,144,15,0.38194195419197646,
7,XYt,145,15,0.3806251699737871,
7,XYt,146,15,0.37963822991860885,
7,XYt,147,15,0.378641067028396,
7,XYt,148,15,0.37725071037162355,
7,XYt,149,15,0.3758289832068292,
7,XYt,150,15,0.37396498974050135,
7,XYt,151,15,0.3726329378350339,
7,XYt,152,15,0.37187545783041553,
7,XYt,153,15,0.37075640815197325,
7,XYt,154,15,0.368457543266899,
7,XYt,155,15,0.365802320022048,
7,XYt,156,15,0.36356521579861756,
7,XYt,157,15,0.3576273282435229,
7,XYt,158,15,0.34758340831991746,
7,XYt,159,15,0.3381815235835754,
7,XYt,160,15,0.33062788449100355,
7,XYt,161,15,0.322082120677904,
7,XYt,162,15,0.3139000287350856,
7,XYt,163,15,0.3075715663997443,
7,XYt,164,15,0.30171856515384626,
7,XYt,165,15,0.2954176149484858,
7,XYt,166,15,0.28770714624583477,
7,XYt,167,15,0.2788034659165418,
7,XYt,168,15,0.2711628045080806,
7,XYt,169,15,0.2670735441211901,
7,XYt,170,15,0.2650410237368237,
7,XYt,171,15,0.26401813298616666,
7,XYt,172,15,0.2634579010609182,
7,XYt,173,15,0.26233044972340164,
7,XYt,174,15,0.26115747193716743,
7,XYt,175,15,0.259628444274853,
7,XYt,176,15,0.25709777527924843,
7,XYt,177,15,0.254775116972201,
7,XYt,178,15,0.25390904736559655,
7,XYt,179,15,0.2530088167295151,
7,XYt,180,15,0.2505379692021253,
7,XYt,181,15,0.24866013163016756,
7,XYt,182,15,0.24830907800520488,
7,XYt,183,15,0.24799918042912417,
7,XYt,184,15,0.24832566953599508,
7,XYt,185,15,0.24779740805395473,
7,XYt,186,15,0.24585775476011676,
7,XYt,187,15,0.24321298333378677,
7,XYt,188,15,0.2429168629586861,
7,XYt,189,15,0.24434057001989617,
7,XYt,190,15,0.2469141316104429,
7,XYt,191,15,0.25012849853835956,
7,XYt,192,15,0.25152566260140463,
7,XYt,193,15,0.2498399565359913,
7,XYt,194,15,0.24860777937196787,
7,XYt,195,15,0.24968409451427426,
7,XYt,196,15,0.2538623654421674,
7,XYt,197,15,0.2601063189665153,
7,XYt,198,15,0.2667747299485398,
7,XYt,199,15,0.2723726116332455,
7,XYt,200,15,0.2771160712828191,
7,XYt,201,15,0.27851825592579904,
7,XYt,202,15,0.2783176467547206,
7,XYt,203,15,0.2787823560222127,
7,XYt,204,15,0.27903574718351126,
7,XYt,205,15,0.28074712181181,
7,XYt,206,15,0.2847837139811906,
7,XYt,207,15,0.29070870954696004,
7,XYt,208,15,0.2993558331314756,
7,XYt,209,15,0.3071217855145722,
7,XYt,210,15,0.31317852745238767,
7,XYt,211,15,0.3178352856416482,
7,XYt,212,15,0.32084467003431366,
7,XYt,213,15,0.32369301391997657,
7,XYt,214,15,0.32857047129352784,
7,XYt,215,15,0.3351462154941334,
7,XYt,216,15,0.3439344452336123,
7,XYt,217,15,0.35285638549216475,
7,XYt,218,15,0.36562526057185407,
7,XYt,219,15,0.38193016909603444,
7,XYt,220,15,0.39001296875129127,
7,XYt,221,15,0.39326220438437537,
7,XYt,222,15,0.39763749298680684,
7,XYt,223,15,0.40076612279367807,
7,XYt,224,15,0.40203189331260636,
7,XYt,225,15,0.40151697644485107,
7,XYt,226,15,0.399151155898068,
7,XYt,227,15,0.3961540612891894,
7,XYt,228,15,0.3930715393472951,
7,XYt,229,15,0.38989155229763706,
7,XYt,230,15,0.3866669176104532,
7,XYt,231,15,0.3813524655173047,
7,XYt,232,15,0.3743134366129744,
7,XYt,233,15,0.36581551028957504,
7,XYt,234,15,0.35604873124568953,
7,XYt,235,15,0.3443492860214868,
7,XYt,236,15,0.3295067172035568,
7,XYt,237,15,0.3136504683958242,
7,XYt,238,15,0.3027668555338565,
7,XYt,239,15,0.2979324049339547,
7,XYt,240,15,0.2958051281376085,
7,XYt,241,15,0.2952890174176106,
7,XYt,242,15,0.29521335004536686,
7,XYt,243,15,0.29535296949199363,
7,XYt,244,15,0.2959208903375085,
7,XYt,245,15,0.2967272458031031,
7,XYt,246,15,0.29618458634976047,
7,XYt,247,15,0.2969333271658812,
7,XYt,248,15,0.2984674848387944,
7,XYt,249,15,0.2991263275398204,
7,XYt,250,15,0.29935770036022796,
7,XYt,251,15,0.2991491700058179,
7,XYt,252,15,0.2988518403627593,
7,XYt,253,15,0.2986200170326084,
7,XYt,254,15,0.29991844842817017,
7,XYt,255,15,0.2995594149343019,
7,XYt,256,15,0.2959828439038245,
7,XYt,257,15,0.2817059298058238,
7,XYt,258,15,0.24531973048317643,
7,XYt,259,15,0.20337811920536616,
7,XYt,260,15,0.18437768002300625,
7,XYt,261,15,0.18074062369648272,
7,XYt,262,15,0.17894355166886547,
7,XYt,263,15,0.17763621912097327,
7,XYt,264,15,0.1772118920648367,
7,XYt,265,15,0.17609045415347033,
7,XYt,266,15,0.17524166969556718,
7,XYt,267,15,0.17471663819668032,
7,XYt,268,15,0.17553675212524097,
7,XYt,269,15,0.17636131695765928,
7,XYt,270,15,0.17812345508430324,
7,XYt,271,15,0.17863613707529105,
7,XYt,272,15,0.17819783364054526,
7,XYt,273,15,0.17806675511890996,
7,XYt,274,15,0.17917509001115445,
7,XYt,275,15,0.18020027584252676,
7,XYt,276,15,0.18047482293538933,
7,XYt,277,15,0.17994919033784051,
7,XYt,278,15,0.17904527664633024,
7,XYt,279,15,0.177860256105549,
7,XYt,280,15,0.17686438147766456,
7,XYt,281,15,0.176819208392358,
7,XYt,282,15,0.1778348635346985,
7,XYt,283,15,0.18012241385754593,
7,XYt,284,15,0.1822900161426507,
7,XYt,285,15,0.18337497339438813,
7,XYt,286,15,0.18335168883471176,
7,XYt,287,15,0.18250411565911615,
7,XYt,288,15,0.18067320247805316,
7,XYt,289,15,0.1784223629307762,
7,XYt,290,15,0.17645146559375055,
7,XYt,291,15,0.17581182408199855,
7,XYt,292,15,0.1755133613850877,
7,XYt,293,15,0.17524217227384237,
7,XYt,294,15,0.17571871666357516,
7,XYt,295,15,0.1752015032932028,
7,XYt,296,15,0.17511037791116613,
7,XYt,297,15,0.17579266579280342,
7,XYt,298,15,0.1766761397512668,
7,XYt,299,15,0.17743341147823224,
7,XYt,300,15,0.17972051408355647,
7,XYt,301,15,0.18131024014948696,
7,XYt,302,15,0.1816422977818551,
7,XYt,303,15,0.17976621145234017,
7,XYt,304,15,0.17756896822614435,
7,XYt,305,15,0.17633704869295716,
7,XYt,306,15,0.17657672574522582,
7,XYt,307,15,0.17672876922473119,
7,XYt,308,15,0.17773891786679225,
7,XYt,309,15,0.17888095265289394,
7,XYt,310,15,0.1804068536311559,
7,XYt,311,15,0.18029914857957996,
7,XYt,312,15,0.18006436678194165,
7,XYt,313,15,0.1806398371780782,
7,XYt,314,15,0.1814885941082481,
7,XYt,315,15,0.180905866434617,
7,XYt,316,15,0.17934026373812162,
7,XYt,317,15,0.17766634025779426,
7,XYt,318,15,0.1756778767679458,
7,XYt,319,15,0.17491767833723007,
7,XYt,320,15,0.17483714699462796,
7,XYt,321,15,0.17723891452466417,
7,XYt,322,15,0.17843849474825432,
7,XYt,323,15,0.1811429125266709,
7,XYt,324,15,0.18375473807363885,
7,XYt,325,15,0.22664597503696968,
7,XYt,326,15,0.2765427209980027,
7,XYt,327,15,0.2955838788751672,
7,XYt,328,15,0.3054185042207143,
7,XYt,329,15,0.30931769064206643,
7,XYt,330,15,0.30751442882117147,
7,XYt,331,15,0.30580631127236607,
7,XYt,332,15,0.3032575756496297,
7,XYt,333,15,0.3043270805075293,
7,XYt,334,15,0.306550567905808,
7,XYt,335,15,0.3130370699767453,
7,XYt,336,15,0.31680224282066344,
7,XYt,337,15,0.3200107828875794,
7,XYt,338,15,0.32221928507153513,
7,XYt,339,15,0.3287908965111528,
7,XYt,340,15,0.3366959036455611,
7,XYt,341,15,0.3406369635344073,
7,XYt,342,15,0.3474825026472581,
7,XYt,343,15,0.35682672962482925,
7,XYt,344,15,0.36126189848437557,
7,XYt,345,15,0.3646163790722172,
7,XYt,346,15,0.3679231596191973,
7,XYt,347,15,0.3705620786584577,
7,XYt,348,15,0.3724003598382172,
7,XYt,349,15,0.3733251018228463,
7,XYt,350,15,0.37274664840005034,
7,XYt,351,15,0.37363785092954016,
7,XYt,352,15,0.3791163040532412,
7,XYt,353,15,0.38013266994978534,
7,XYt,354,15,0.3801831535063133,
7,XYt,355,15,0.3771013860324011,
7,XYt,356,15,0.3721316158979276,
7,XYt,357,15,0.3611370429357357,
7,XYt,358,15,0.3440529073942989,
7,XYt,359,15,0.3327425812535392,
7,XYt,360,15,0.32506991706809574,
7,XYt,361,15,0.319046945855709,
7,XYt,362,15,0.3143690604310032,
7,XYt,363,15,0.31419305129664465,
7,XYt,364,15,0.3169286178702565,
7,XYt,365,15,0.3166616777120826,
7,XYt,366,15,0.31507299943576406,
7,XYt,367,15,0.31348043012533605,
7,XYt,368,15,0.31536847955311753,
7,XYt,369,15,0.31384692702143735,
7,XYt,370,15,0.3113240601755037,
7,XYt,371,15,0.30893281890612223,
7,XYt,372,15,0.30463257152695417,
7,XYt,373,15,0.3015275190477137,
7,XYt,374,15,0.2997193767005829,
7,XYt,375,15,0.2991176104975526,
7,XYt,376,15,0.2946949638076051,
7,XYt,377,15,0.2895545641039666,
7,XYt,378,15,0.2821025203824971,
7,XYt,379,15,0.27646371235992273,
7,XYt,380,15,0.2720251922814867,
7,XYt,381,15,0.27289406424882123,
7,XYt,382,15,0.27442646922430913,
7,XYt,383,15,0.2742942453527804,
7,XYt,384,15,0.27020290396085644,
7,XYt,385,15,0.2626040970610867,
7,XYt,386,15,0.2596990233667855,
7,XYt,387,15,0.26295793778832444,
7,XYt,388,15,0.2637010845965201,
7,XYt,389,15,0.2657260080860455,
7,XYt,390,15,0.26745084289464427,
7,XYt,391,15,0.2691464250547613,
7,XYt,392,15,0.26979337722134544,
7,XYt,393,15,0.2708735692999772,
7,XYt,394,15,0.2705441345197671,
7,XYt,395,15,0.27057607426727304,
7,XYt,396,15,0.27246830399779726,
7,XYt,397,15,0.2747948578418783,
7,XYt,398,15,0.2770118844381439,
7,XYt,399,15,0.2777583229795523,
7,XYt,400,15,0.278246739380609,
7,XYt,401,15,0.2772585054864662,
7,XYt,402,15,0.27531934412051967,
7,XYt,403,15,0.2731294660835361,
7,XYt,404,15,0.27216611077508673,
7,XYt,405,15,0.27148842785750954,
7,XYt,406,15,0.27373873337730287,
7,XYt,407,15,0.27627726550357556,
7,XYt,408,15,0.28037971297860126,
7,XYt,409,15,0.2836939597398802,
7,XYt,410,15,0.28550889762301634,
7,XYt,411,15,0.2802857903512792,
7,XYt,412,15,0.2818461047814246,
7,XYt,413,15,0.28504641884013204,
7,XYt,414,15,0.28828497308004974,
7,XYt,415,15,0.2918375054757825,
7,XYt,416,15,0.2980460580072228,
7,XYt,417,15,0.305571819554223,
7,XYt,418,15,0.3111877920670093,
7,XYt,419,15,0.3140178160099683,
7,XYt,420,15,0.3153730113360619,
7,XYt,421,15,0.3146650238919545,
7,XYt,422,15,0.31776662650338083,
7,XYt,423,15,0.31919516182357643,
7,XYt,424,15,0.3203341112241974,
7,XYt,425,15,0.32139606015824856,
7,XYt,426,15,0.3216567393796567,
7,XYt,427,15,0.3208912954240922,
7,XYt,428,15,0.32245775203640226,
7,XYt,429,15,0.3252948259723455,
7,XYt,430,15,0.32953813075805094,
7,XYt,431,15,0.3344349026614833,
7,XYt,432,15,0.3407643343931865,
7,XYt,433,15,0.3473472056744798,
7,XYt,434,15,0.3553521995722047,
7,XYt,435,15,0.36570795027391784,
7,XYt,436,15,0.38419606443758314,
7,XYt,437,15,0.39505106577901306,
7,XYt,438,15,0.39750623873191115,
7,XYt,439,15,0.39864905653489247,
7,XYt,440,15,0.40052274940039456,
7,XYt,441,15,0.4015008282973073,
7,XYt,442,15,0.40304230862179624,
7,XYt,443,15,0.40265350599282407,
7,XYt,444,15,0.4016075540702685,
7,XYt,445,15,0.3982110441639634,
7,XYt,446,15,0.394045439485832,
7,XYt,447,15,0.38941266869664387,
7,XYt,448,15,0.3845932871470642,
7,XYt,449,15,0.3784059037963286,
7,XYt,450,15,0.37239312249192974,
7,XYt,451,15,0.36445430256779143,
7,XYt,452,15,0.35586634414725654,
7,XYt,453,15,0.3458682471610045,
7,XYt,454,15,0.33295700253673083,
7,XYt,455,15,0.31943322662899826,
7,XYt,456,15,0.3122142634621628,
7,XYt,457,15,0.309495919238213,
7,XYt,458,15,0.30974297064812245,
7,XYt,459,15,0.3096602472188342,
7,XYt,460,15,0.3093477282576357,
7,XYt,461,15,0.30896471455293734,
7,XYt,462,15,0.30867632300391146,
7,XYt,463,15,0.3095784548504781,
7,XYt,464,15,0.3115819412237118,
7,XYt,465,15,0.3119702206661199,
7,XYt,466,15,0.3034250530258563,
7,XYt,467,15,0.2675468618736021,
7,XYt,468,15,0.21379901890836772,
7,XYt,469,15,0.18437615548259897,
7,XYt,470,15,0.17861141460343102,
7,XYt,471,15,0.17764506251070142,
7,XYt,472,15,0.1763280811527177,
7,XYt,473,15,0.17522313005260598,
7,XYt,474,15,0.17315587019102904,
7,XYt,475,15,0.1708526283819838,
7,XYt,476,15,0.16858427226399134,
7,XYt,477,15,0.16727487577784803,
7,XYt,478,15,0.16603933796273082,
7,XYt,479,15,0.16549162380425855,
7,XYt,480,15,0.16480759229157146,
7,XYt,481,15,0.16436598046609116,
7,XYt,482,15,0.16521552891623215,
7,XYt,483,15,0.16617263204634564,
7,XYt,484,15,0.16673450465681117,
7,XYt,485,15,0.16678579466862625,
7,XYt,486,15,0.16616530847443398,
7,XYt,487,15,0.16507267691076888,
7,XYt,488,15,0.16544739613750498,
7,XYt,489,15,0.16672180246282614,
7,XYt,490,15,0.16873357279427714,
7,XYt,491,15,0.17000836109438444,
7,XYt,492,15,0.17088029882019337,
7,XYt,493,15,0.17089659461436874,
7,XYt,494,15,0.17133715145827144,
7,XYt,495,15,0.17046976432090377,
7,XYt,496,15,0.1695236540190897,
7,XYt,497,15,0.16763729548070844,
7,XYt,498,15,0.16538457545479437,
7,XYt,499,15,0.1624585136332124,
7,XYt,500,15,0.1595996393721502,
7,XYt,501,15,0.15881962922584902,
7,XYt,502,15,0.15949694232990444,
7,XYt,503,15,0.16028908412415974,
7,XYt,504,15,0.1610738092103817,
7,XYt,505,15,0.16146443317463222,
7,XYt,506,15,0.1610228198812961,
7,XYt,507,15,0.1602571331735914,
7,XYt,508,15,0.1610906481159017,
7,XYt,509,15,0.16171933666526292,
7,XYt,510,15,0.16143939112042988,
7,XYt,511,15,0.16164455306455666,
7,XYt,512,15,0.1621458017926507,
7,XYt,513,15,0.16289543791383765,
7,XYt,514,15,0.16332143630132995,
7,XYt,515,15,0.16390205837087382,
7,XYt,516,15,0.16327499974451862,
7,XYt,517,15,0.1627948925111638,
7,XYt,518,15,0.16146497598524323,
7,XYt,519,15,0.1607205982471186,
7,XYt,520,15,0.1595116045764572,
7,XYt,521,15,0.1578880384278551,
7,XYt,522,15,0.1547025278283535,
7,XYt,523,15,0.15246872973810902,
7,XYt,524,15,0.1526218896244854,
7,XYt,525,15,0.1531773896960143,
7,XYt,526,15,0.15341384902442926,
7,XYt,527,15,0.15365138144245793,
7,XYt,528,15,0.1534838979013996,
7,XYt,529,15,0.1528249876495641,
7,XYt,530,15,0.15104368056165815,
7,XYt,531,15,0.15067347120849456,
7,XYt,532,15,0.15333721261310843,
7,XYt,533,15,0.16424189745971177,
7,XYt,534,15,0.19371659219011084,
7,XYt,535,15,0.2386111977802812,
7,XYt,536,15,0.2751271759610847,
7,XYt,537,15,0.2887563335332128,
7,XYt,538,15,0.29356275846940766,
7,XYt,539,15,0.2951751836559781,
7,XYt,540,15,0.29816561405371994,
7,XYt,541,15,0.2957833869640316,
7,XYt,542,15,0.2899506383817459,
7,XYt,543,15,0.2836557913172006,
7,XYt,544,15,0.2804445353545471,
7,XYt,545,15,0.2806013943085528,
7,XYt,546,15,0.28461992432929156,
7,XYt,547,15,0.28804631248898366,
7,XYt,548,15,0.284130050702082,
7,XYt,549,15,0.27863480470363106,
7,XYt,550,15,0.2744070394964561,
7,XYt,551,15,0.2722400272521644,
7,XYt,552,15,0.27042550193785697,
7,XYt,553,15,0.26973415307975657,
7,XYt,554,15,0.26907657025177006,
7,XYt,555,15,0.26866509745597644,
7,XYt,556,15,0.26790028455584186,
7,XYt,557,15,0.26657455707889965,
7,XYt,558,15,0.2639744617161032,
7,XYt,559,15,0.25899313387349454,
7,XYt,560,15,0.2493060665239486,
7,XYt,561,15,0.23769517292930203,
7,XYt,562,15,0.2320968666387841,
7,XYt,563,15,0.2334159771864509,
7,XYt,564,15,0.2346828033297203,
7,XYt,565,15,0.23327777455457885,
7,XYt,566,15,0.2284034317635244,
7,XYt,567,15,0.22364008608454292,
7,XYt,568,15,0.21900878040209065,
7,XYt,569,15,0.2143697862545007,
7,XYt,570,15,0.20871058041528742,
7,XYt,571,15,0.2012706738153949,
7,XYt,572,15,0.19464806144167224,
7,XYt,573,15,0.1913532185885652,
7,XYt,574,15,0.19082065991145813,
7,XYt,575,15,0.19195673128575244,
7,XYt,576,15,0.1940918662082822,
7,XYt,577,15,0.19629293844579432,
7,XYt,578,15,0.19733807951735344,
7,XYt,579,15,0.198552219057546,
7,XYt,580,15,0.1998366834512546,
7,XYt,581,15,0.20163447616377053,
7,XYt,582,15,0.2020618795648466,
7,XYt,583,15,0.20125803552499838,
7,XYt,584,15,0.20049708855043505,
7,XYt,585,15,0.199563663538818,
7,XYt,586,15,0.19923605728800584,
7,XYt,587,15,0.20058402923842406,
7,XYt,588,15,0.1982433872645847,
7,XYt,589,15,0.19265332172827918,
7,XYt,590,15,0.18554237194310574,
7,XYt,591,15,0.17971670455614988,
7,XYt,592,15,0.17717082064900758,
7,XYt,593,15,0.1767048071275424,
7,XYt,594,15,0.17667902682932093,
7,XYt,595,15,0.17649100068725604,
7,XYt,596,15,0.1768487819018752,
7,XYt,597,15,0.17724681962077898,
7,XYt,598,15,0.17757518390272609,
7,XYt,599,15,0.17810642440930233,
7,XYt,600,15,0.17892356051798874,
7,XYt,601,15,0.18085653332577664,
7,XYt,602,15,0.18233719912929003,
7,XYt,603,15,0.18304784673591096,
7,XYt,604,15,0.18360914032831296,
7,XYt,605,15,0.18384542882652885,
7,XYt,606,15,0.1840248540878472,
7,XYt,607,15,0.18421249269997952,
7,XYt,608,15,0.18439625627632517,
7,XYt,609,15,0.18393708991063046,
7,XYt,610,15,0.1831808137349475,
7,XYt,611,15,0.18190877112907053,
7,XYt,612,15,0.18025604277471854,
7,XYt,613,15,0.1783807953227887,
7,XYt,614,15,0.17660497579903622,
7,XYt,615,15,0.17539890027793745,
7,XYt,616,15,0.17426090431332988,
7,XYt,617,15,0.17312768852803823,
7,XYt,618,15,0.17340967360610304,
7,XYt,619,15,0.17439401819777733,
7,XYt,620,15,0.17336831616502743,
7,XYt,621,15,0.1744743744917054,
7,XYt,622,15,0.17845259477790482,
7,XYt,623,15,0.18443404370456717,
7,XYt,624,15,0.18960898784233013,
7,XYt,625,15,0.19690603197896517,
7,XYt,626,15,0.20073383854447785,
7,XYt,627,15,0.20226265300047683,
7,XYt,628,15,0.20379952534880863,
7,XYt,629,15,0.20486694479411133,
7,XYt,630,15,0.20521581911494727,
7,XYt,631,15,0.20409585298190938,
7,XYt,632,15,0.20143054072630073,
7,XYt,633,15,0.19908053502232814,
7,XYt,634,15,0.1968757346420639,
7,XYt,635,15,0.19395901294482482,
7,XYt,636,15,0.19097103834074583,
7,XYt,637,15,0.1887429870098202,
7,XYt,638,15,0.1872849070702486,
7,XYt,639,15,0.18679468867532037,
7,XYt,640,15,0.1886209295110246,
7,XYt,641,15,0.19382013480198115,
7,XYt,642,15,0.20070539422915673,
7,XYt,643,15,0.2066376269815876,
7,XYt,644,15,0.2107504479479102,
7,XYt,645,15,0.21418010864879383,
7,XYt,646,15,0.21789437684691138,
7,XYt,647,15,0.22155300510467804,
7,XYt,648,15,0.2233431800056068,
7,XYt,649,15,0.22424666955040032,
7,XYt,650,15,0.22480746003809057,
7,XYt,651,15,0.22533797490065333,
7,XYt,652,15,0.2343990536188004,
7,XYt,653,15,0.2449350333749562,
7,XYt,654,15,0.25002542635371366,
7,XYt,655,15,0.25206184584231256,
7,XYt,656,15,0.25299763991048607,
7,XYt,657,15,0.25408493027316265,
7,XYt,658,15,0.2550997505890853,
7,XYt,659,15,0.2562140910274205,
7,XYt,660,15,0.2569449808213465,
7,XYt,661,15,0.2582780629749479,
7,XYt,662,15,0.2605189170524322,
7,XYt,663,15,0.26404226376975637,
7,XYt,664,15,0.2691238485690048,
7,XYt,665,15,0.2756556057200043,
7,XYt,666,15,0.279146424743767,
7,XYt,667,15,0.27989979838184065,
7,XYt,668,15,0.27993483098219873,
7,XYt,669,15,0.28195585897838643,
7,XYt,670,15,0.28392179002176376,
7,XYt,671,15,0.2844756342246049,
7,XYt,672,15,0.2800212032324764,
7,XYt,673,15,0.2734810115184879,
7,XYt,674,15,0.2630021331153607,
7,XYt,675,15,0.24646006167892762,
7,XYt,676,15,0.22522617713545992,
7,XYt,677,15,0.19968914745419455,
7,XYt,678,15,0.17385503081462375,
7,XYt,679,15,0.1559266067981251,
7,XYt,680,15,0.14491279416554476,
7,XYt,681,15,0.13854539086304674,
7,XYt,682,15,0.1351236222892853,
7,XYt,683,15,0.13418746737513748,
7,XYt,684,15,0.13359582471938644,
7,XYt,685,15,0.13428297960369553,
7,XYt,686,15,0.13484152518669074,
7,XYt,687,15,0.13599922659145006,
7,XYt,688,15,0.13726970150221984,
7,XYt,689,15,0.13781077940622555,
7,XYt,690,15,0.13839331508553712,
7,XYt,691,15,0.13859716436559294,
7,XYt,692,15,0.138839952382694,
7,XYt,693,15,0.13814988213182652,
7,XYt,694,15,0.1377026476501589,
7,XYt,695,15,0.13686487997826258,
7,XYt,696,15,0.13578845334528197,
7,XYt,697,15,0.1352553809626227,
7,XYt,698,15,0.13483431334518153,
7,XYt,699,15,0.13452709715692446,
7,XYt,700,15,0.13434882503622234,
7,XYt,701,15,0.1348973732377169,
7,XYt,702,15,0.13485492544069688,
7,XYt,703,15,0.13575827491717155,
7,XYt,704,15,0.1366254096086124,
7,XYt,705,15,0.13801573875796241,
7,XYt,706,15,0.1396518606692597,
7,XYt,707,15,0.1419718715019139,
7,XYt,708,15,0.14716022430437217,
7,XYt,709,15,0.18812553043804675,
7,XYt,710,15,0.1743366608549628,
7,XYt,711,15,0.19088661447510488,
7,XYt,712,15,0.1927070628111338,
7,XYt,713,15,0.19674618502532842,
7,XYt,714,15,0.1959374961392063,
7,XYt,715,15,0.18782740371415416,
7,XYt,716,15,0.17294559835143145,
7,XYt,717,15,0.16006034320110887,
7,XYt,718,15,0.1546420851483473,
7,XYt,719,15,0.16797690286714417,
7,XYt,720,15,0.19359274607292357,
7,XYt,721,15,0.2197583628034978,
7,XYt,722,15,0.24419487348698116,
7,XYt,723,15,0.2720867504933553,
7,XYt,724,15,0.3066300189112615,
7,XYt,725,15,0.34118475898345807,
7,XYt,726,15,0.36262884734734296,
7,XYt,727,15,0.36657487129139343,
7,YZt,0,15,0.18208927883352674,
7,YZt,1,15,0.29369606205189336,
7,YZt,2,15,0.2596217552543455,
7,YZt,3,15,0.24369531294047794,
7,YZt,4,15,0.2309141810867602,
7,YZt,5,15,0.23439129523846752,
7,YZt,6,15,0.23681588467523307,
7,YZt,7,15,0.24470341501211124,
7,YZt,8,15,0.26248844976785096,
7,YZt,9,15,0.26625760961605555,
7,YZt,10,15,0.26097248731024886,
7,YZt,11,15,0.2658512114762268,
7,YZt,12,15,0.26646146006534416,
7,YZt,13,15,0.2653429546851879,
7,YZt,14,15,0.27042686477072575,
7,YZt,15,15,0.2768133618181827,
7,YZt,16,15,0.27817518552827253,
7,YZt,17,15,0.28094232254175483,
7,YZt,18,15,0.2840451913459099,
7,YZt,19,15,0.28965659690295614,
7,YZt,20,15,0.29590220251708976,
7,YZt,21,15,0.29908544678241444,
7,YZt,22,15,0.30432588426021173,
7,YZt,23,15,0.30441457282163514,
7,YZt,24,15,0.3140778567108378,
7,YZt,25,15,0.3179628673514146,
7,YZt,26,15,0.3174426297075208,
7,YZt,27,15,0.3252991922929338,
7,YZt,28,15,0.33016988890137094,
7,YZt,29,15,0.32913679616860414,
7,YZt,30,15,0.3365580518867435,
7,YZt,31,15,0.3413556769609166,
7,YZt,32,15,0.34667180458836033,
7,YZt,33,15,0.3524258248300293,
7,YZt,34,15,0.35790551290075373,
7,YZt,35,15,0.36068239345400305,
7,YZt,36,15,0.37011017227330567,
7,YZt,37,15,0.3745812201949496,
7,YZt,38,15,0.37548454616819343,
7,YZt,39,15,0.3725807402009179,
7,YZt,40,15,0.36689155234856513,
7,YZt,41,15,0.35951426632892114,
7,YZt,42,15,0.3538406170167043,
7,YZt,43,15,0.34384493089753987,
7,YZt,44,15,0.33309256117219277,
7,YZt,45,15,0.3222921900077926,
7,YZt,46,15,0.3116335286818912,
7,YZt,47,15,0.30190002375515945,
7,YZt,48,15,0.2942899769190991,
7,YZt,49,15,0.29045397909653187,
7,YZt,50,15,0.28612739771972684,
7,YZt,51,15,0.2830333141286047,
7,YZt,52,15,0.2827933683232816,
7,YZt,53,15,0.28473954905447374,
7,YZt,54,15,0.2868988093322144,
7,YZt,55,15,0.2923874779708777,
7,YZt,56,15,0.3013602018444431,
7,YZt,57,15,0.31164816818884444,
7,YZt,58,15,0.3222936329788105,
7,YZt,59,15,0.33741644748725746,
7,YZt,60,15,0.3565773612544846,
7,YZt,61,15,0.3747715628883938,
7,YZt,62,15,0.3936628503775619,
7,YZt,63,15,0.40424110867539115,
7,YZt,64,15,0.3932472846493746,
7,YZt,65,15,0.3696219933003718,
7,YZt,66,15,0.32498284976570174,
7,YZt,67,15,0.2770171991499865,
7,YZt,68,15,0.2387589183941014,
7,YZt,69,15,0.2117905704521097,
7,YZt,70,15,0.19515532720565368,
7,YZt,71,15,0.18240448835024636,
7,YZt,72,15,0.1745727755773251,
7,YZt,73,15,0.16602441965813736,
7,YZt,74,15,0.16078125876285634,
7,YZt,75,15,0.15614754855923216,
7,YZt,76,15,0.15295205883191465,
7,YZt,77,15,0.14929228516144427,
7,YZt,78,15,0.1482571405083329,
7,YZt,79,15,0.14682152473651655,
7,YZt,80,15,0.1474128517921496,
7,YZt,81,15,0.14805708499741593,
7,YZt,82,15,0.14933340115998725,
7,YZt,83,15,0.15212857999875343,
7,YZt,84,15,0.1543326135984555,
7,YZt,85,15,0.15727050682002694,
7,YZt,86,15,0.1600942640147814,
7,YZt,87,15,0.16340042913057454,
7,YZt,88,15,0.16749944140727946,
7,YZt,89,15,0.17021193742158344,
7,YZt,90,15,0.17375985798634333,
7,YZt,91,15,0.17704430639355512,
7,YZt,92,15,0.17960544295734626,
7,YZt,93,15,0.1824956050342831,
7,YZt,94,15,0.18570375568367198,
7,YZt,95,15,0.18833855764651483,
7,YZt,96,15,0.19102641366158835,
7,YZt,97,15,0.1944327995206099,
7,YZt,98,15,0.19736754979326432,
7,YZt,99,15,0.19978056251387152,
7,YZt,100,15,0.2031162792612572,
7,YZt,101,15,0.20676101940019184,
7,YZt,102,15,0.21031851560228843,
7,YZt,103,15,0.21371656722730045,
7,YZt,104,15,0.21775520543730786,
7,YZt,105,15,0.22228584618337413,
7,YZt,106,15,0.22761854257017472,
7,YZt,107,15,0.2336418895138592,
7,YZt,108,15,0.240626051887992,
7,YZt,109,15,0.2489882535161579,
7,YZt,110,15,0.25811708152845436,
7,YZt,111,15,0.2668602294644555,
7,YZt,112,15,0.2762569070867936,
7,YZt,113,15,0.2837241263088791,
7,YZt,114,15,0.29011218784449794,
7,YZt,115,15,0.29472890615316827,
7,YZt,116,15,0.29982982350866105,
7,YZt,117,15,0.3044627743027936,
7,YZt,118,15,0.3083295775954372,
7,YZt,119,15,0.30979788241580475,
7,YZt,120,15,0.3095572202247778,
7,YZt,121,15,0.3068172359733563,
7,YZt,122,15,0.3014208787805824,
7,YZt,123,15,0.2951317613765122,
7,YZt,124,15,0.288547305884046,
7,YZt,125,15,0.2820456412012652,
7,YZt,126,15,0.2774947825845117,
7,YZt,127,15,0.2747173594208326,
7,YZt,128,15,0.27345193881530405,
7,YZt,129,15,0.2730874054224464,
7,YZt,130,15,0.273173596819204,
7,YZt,131,15,0.273328422128139,
7,YZt,132,15,0.273782974728967,
7,YZt,133,15,0.27448843335584,
7,YZt,134,15,0.2751087172064391,
7,YZt,135,15,0.27637312258395025,
7,YZt,136,15,0.27706182472993274,
7,YZt,137,15,0.2770757500184622,
7,YZt,138,15,0.2779161512167866,
7,YZt,139,15,0.27784975046161003,
7,YZt,140,15,0.27779032694829214,
7,YZt,141,15,0.27597367278463963,
7,YZt,142,15,0.27328737584537444,
7,YZt,143,15,0.2698573863311344,
7,YZt,144,15,0.2657079385980392,
7,YZt,145,15,0.26112305638236477,
7,YZt,146,15,0.25615294003432904,
7,YZt,147,15,0.25174930522169164,
7,YZt,148,15,0.24823332178130977,
7,YZt,149,15,0.24465901871288004,
7,YZt,150,15,0.24168167923152883,
7,YZt,151,15,0.23855351581075282,
7,YZt,152,15,0.23615889262574388,
7,YZt,153,15,0.23378686719800346,
7,YZt,154,15,0.23142096351586056,
7,YZt,155,15,0.22937639534839718,
7,YZt,156,15,0.22661131523061223,
7,YZt,157,15,0.22294596621525936,
7,YZt,158,15,0.21706560959940044,
7,YZt,159,15,0.2097362271318535,
7,YZt,160,15,0.20166138712747655,
7,YZt,161,15,0.19479180887158457,
7,YZt,162,15,0.18793706658923737,
7,YZt,163,15,0.1810887972384083,
7,YZt,164,15,0.17547705427893914,
7,YZt,165,15,0.1699618400446014,
7,YZt,166,15,0.16426748464420762,
7,YZt,167,15,0.1585507662733679,
7,YZt,168,15,0.15311948668232897,
7,YZt,169,15,0.1471001696214299,
7,YZt,170,15,0.1415319882224848,
7,YZt,171,15,0.13729448525405344,
7,YZt,172,15,0.13286187952351516,
7,YZt,173,15,0.1309293484373465,
7,YZt,174,15,0.1307318519622097,
7,YZt,175,15,0.13012148920511352,
7,YZt,176,15,0.13129990158861685,
7,YZt,177,15,0.13217653594169768,
7,YZt,178,15,0.13555165758944845,
7,YZt,179,15,0.1394829188108661,
7,YZt,180,15,0.14345300251609683,
7,YZt,181,15,0.15052373346144282,
7,YZt,182,15,0.1583559362219316,
7,YZt,183,15,0.17027410274840674,
7,YZt,184,15,0.18563555960229433,
7,YZt,185,15,0.20990183053363876,
7,YZt,186,15,0.2445504785913456,
7,YZt,187,15,0.30169262334469626,
7,YZt,188,15,0.36614613310131633,
7,YZt,189,15,0.4338136356694051,
7,YZt,190,15,0.48411043970344364,
7,YZt,191,15,0.5067946601432877,
7,YZt,192,15,0.5043159594857847,
7,YZt,193,15,0.4908047783715812,
7,YZt,194,15,0.48456095416650885,
7,YZt,195,15,0.46176246048575587,
7,YZt,196,15,0.45256972330134076,
7,YZt,197,15,0.4381571162128779,
7,YZt,198,15,0.4274808863248809,
7,YZt,199,15,0.42150400442559266,
7,YZt,200,15,0.40990309741682296,
7,YZt,201,15,0.4030542739327755,
7,YZt,202,15,0.399165088661525,
7,YZt,203,15,0.39048833431633534,
7,YZt,204,15,0.38491668646786265,
7,YZt,205,15,0.3831297389659192,
7,YZt,206,15,0.38329810211918897,
7,YZt,207,15,0.3775439413820756,
7,YZt,208,15,0.3744665182560518,
7,YZt,209,15,0.3711181561449146,
7,YZt,210,15,0.36848260979242875,
7,YZt,211,15,0.362870248038069,
7,YZt,212,15,0.3608599944531762,
7,YZt,213,15,0.3604128959589712,
7,YZt,214,15,0.3598972040990676,
7,YZt,215,15,0.3589628276301055,
7,YZt,216,15,0.35720485656666756,
7,YZt,217,15,0.35626589766410016,
7,YZt,218,15,0.34902652151394326,
7,YZt,219,15,0.3474368872171694,
7,YZt,220,15,0.34430589253562294,
7,YZt,221,15,0.3425067481975585,
7,YZt,222,15,0.33912285744350057,
7,YZt,223,15,0.33638984534609423,
7,YZt,224,15,0.331174031680145,
7,YZt,225,15,0.33179780742994014,
7,YZt,226,15,0.3286089044496935,
7,YZt,227,15,0.3250212101862637,
7,YZt,228,15,0.3225504407813518,
7,YZt,229,15,0.3191198420826144,
7,YZt,230,15,0.312783410357738,
7,YZt,231,15,0.3134562599026004,
7,YZt,232,15,0.3093069969842605,
7,YZt,233,15,0.3018892951969329,
7,YZt,234,15,0.30185147848173566,
7,YZt,235,15,0.2983154979027652,
7,YZt,236,15,0.2904174008855417,
7,YZt,237,15,0.2914538863262736,
7,YZt,238,15,0.28630045137951604,
7,YZt,239,15,0.28469529276842775,
7,YZt,240,15,0.2794847166325166,
7,YZt,241,15,0.2740652278372033,
7,YZt,242,15,0.27185537222395995,
7,YZt,243,15,0.2699526129744772,
7,YZt,244,15,0.2681865873426843,
7,YZt,245,15,0.2645526129220789,
7,YZt,246,15,0.259124362521562,
7,YZt,247,15,0.2609268372957995,
7,YZt,248,15,0.26037313098863935,
7,YZt,249,15,0.2566596042808218,
7,YZt,250,15,0.26166228917776174,
7,YZt,251,15,0.2592170323468025,
7,YZt,252,15,0.24547691997772259,
7,YZt,253,15,0.23665289292899502,
7,YZt,254,15,0.233287235867382,
7,YZt,255,15,0.22847314676284,
7,YZt,256,15,0.24095836258692416,
7,YZt,257,15,0.25591565024830226,
7,YZt,258,15,0.2907610502726105,
7,YZt,259,15,0.18440522849405655,
7,XZt,0,15,0.17928704716304114,
7,XZt,1,15,0.25789309257125226,
7,XZt,2,15,0.22369401728207314,
7,XZt,3,15,0.20813724874144604,
7,XZt,4,15,0.20208447821887685,
7,XZt,5,15,0.21724955720115358,
7,XZt,6,15,0.2215754037834634,
7,XZt,7,15,0.24269505111966355,
7,XZt,8,15,0.2596195484379149,
7,XZt,9,15,0.2669553510053539,
7,XZt,10,15,0.2621106552536366,
7,XZt,11,15,0.265857400291207,
7,XZt,12,15,0.26644172364208624,
7,XZt,13,15,0.2653725665309567,
7,XZt,14,15,0.26871905313197236,
7,XZt,15,15,0.27493344406850667,
7,XZt,16,15,0.2766911932762633,
7,XZt,17,15,0.27710910573685965,
7,XZt,18,15,0.27950351176153165,
7,XZt,19,15,0.2848574573175541,
7,XZt,20,15,0.2888426363152991,
7,XZt,21,15,0.2918444912005894,
7,XZt,22,15,0.2969219608951419,
7,XZt,23,15,0.29348641232509576,
7,XZt,24,15,0.3019885846349216,
7,XZt,25,15,0.30560759179828606,
7,XZt,26,15,0.3023041208106919,
7,XZt,27,15,0.3079030427121758,
7,XZt,28,15,0.31198994046451767,
7,XZt,29,15,0.3123016379959311,
7,XZt,30,15,0.31611534352607373,
7,XZt,31,15,0.3185643409694085,
7,XZt,32,15,0.3226683951224176,
7,XZt,33,15,0.32494913140441106,
7,XZt,34,15,0.32719116505901735,
7,XZt,35,15,0.3255094798009816,
7,XZt,36,15,0.331883477268462,
7,XZt,37,15,0.335273196844583,
7,XZt,38,15,0.33880497448604074,
7,XZt,39,15,0.3435982928742322,
7,XZt,40,15,0.3478116393512026,
7,XZt,41,15,0.3513105722933877,
7,XZt,42,15,0.35999449656552995,
7,XZt,43,15,0.3626616401680713,
7,XZt,44,15,0.3658457984433573,
7,XZt,45,15,0.36783958433580205,
7,XZt,46,15,0.36914056511433513,
7,XZt,47,15,0.37149404932080377,
7,XZt,48,15,0.3735075288946857,
7,XZt,49,15,0.3785777112229692,
7,XZt,50,15,0.3825576862663722,
7,XZt,51,15,0.38715157015850665,
7,XZt,52,15,0.39124174708704523,
7,XZt,53,15,0.39822592622966047,
7,XZt,54,15,0.4017791970821677,
7,XZt,55,15,0.40704062922640577,
7,XZt,56,15,0.4142176119022917,
7,XZt,57,15,0.4220095053289525,
7,XZt,58,15,0.42591374126030823,
7,XZt,59,15,0.43272696367078384,
7,XZt,60,15,0.441930085074434,
7,XZt,61,15,0.44391647574189597,
7,XZt,62,15,0.44955680212147664,
7,XZt,63,15,0.45621593832803553,
7,XZt,64,15,0.45714564983567985,
7,XZt,65,15,0.46788395743438116,
7,XZt,66,15,0.4661184681802155,
7,XZt,67,15,0.46883986544750095,
7,XZt,68,15,0.45911753412900563,
7,XZt,69,15,0.4440485161848088,
7,XZt,70,15,0.4213477859262417,
7,XZt,71,15,0.395963736228802,
7,XZt,72,15,0.37754540398321745,
7,XZt,73,15,0.35317636619764087,
7,XZt,74,15,0.3366551004968068,
7,XZt,75,15,0.3193965220733523,
7,XZt,76,15,0.3047954397157159,
7,XZt,77,15,0.28945062210873657,
7,XZt,78,15,0.2767499947244545,
7,XZt,79,15,0.2646754073130293,
7,XZt,80,15,0.25434876826313646,
7,XZt,81,15,0.245541528185283,
7,XZt,82,15,0.23740006512902165,
7,XZt,83,15,0.2312450947783829,
7,XZt,84,15,0.22483449050898502,
7,XZt,85,15,0.21999806309415348,
7,XZt,86,15,0.21569355926233186,
7,XZt,87,15,0.21301530084822973,
7,XZt,88,15,0.2121502429052038,
7,XZt,89,15,0.2101580700801456,
7,XZt,90,15,0.20971818967026584,
7,XZt,91,15,0.20854094292664546,
7,XZt,92,15,0.20697126903072233,
7,XZt,93,15,0.2054337108096151,
7,XZt,94,15,0.20414850925913575,
7,XZt,95,15,0.201809074195265,
7,XZt,96,15,0.19994159625376617,
7,XZt,97,15,0.19780070434338265,
7,XZt,98,15,0.19503573118093886,
7,XZt,99,15,0.1914555065737743,
7,XZt,100,15,0.18818748454837292,
7,XZt,101,15,0.18532756212366217,
7,XZt,102,15,0.18208002170193505,
7,XZt,103,15,0.17900276028779666,
7,XZt,104,15,0.17613788265295105,
7,XZt,105,15,0.17380972143243398,
7,XZt,106,15,0.1714156075982375,
7,XZt,107,15,0.16920244862343733,
7,XZt,108,15,0.16727737146280827,
7,XZt,109,15,0.16580432939226275,
7,XZt,110,15,0.16467405651446476,
7,XZt,111,15,0.16372614275105696,
7,XZt,112,15,0.16320171661299218,
7,XZt,113,15,0.1627980644663478,
7,XZt,114,15,0.16231048534659395,
7,XZt,115,15,0.1618526123011538,
7,XZt,116,15,0.1613498122595006,
7,XZt,117,15,0.16077769332543157,
7,XZt,118,15,0.16032067919720666,
7,XZt,119,15,0.16009431499062318,
7,XZt,120,15,0.1597846929583315,
7,XZt,121,15,0.15928618745744366,
7,XZt,122,15,0.15890537443825553,
7,XZt,123,15,0.15870882794179206,
7,XZt,124,15,0.1589095666785517,
7,XZt,125,15,0.15884106752472726,
7,XZt,126,15,0.15902166602692985,
7,XZt,127,15,0.15950416551787425,
7,XZt,128,15,0.1603627276038798,
7,XZt,129,15,0.1611855155845149,
7,XZt,130,15,0.16220956930617023,
7,XZt,131,15,0.16310258754834378,
7,XZt,132,15,0.16415273588472737,
7,XZt,133,15,0.16585508455610884,
7,XZt,134,15,0.16728589899890572,
7,XZt,135,15,0.1692580867282844,
7,XZt,136,15,0.1709803536970842,
7,XZt,137,15,0.1728777409928517,
7,XZt,138,15,0.1747420160067636,
7,XZt,139,15,0.17658675272238403,
7,XZt,140,15,0.17809833252733767,
7,XZt,141,15,0.17964821096369224,
7,XZt,142,15,0.18122780714064443,
7,XZt,143,15,0.18288483249833973,
7,XZt,144,15,0.18456808340567005,
7,XZt,145,15,0.1863753894841351,
7,XZt,146,15,0.1886463850982885,
7,XZt,147,15,0.1919843112116596,
7,XZt,148,15,0.19546576491726303,
7,XZt,149,15,0.19941126637471784,
7,XZt,150,15,0.20378590439966265,
7,XZt,151,15,0.2087408862574574,
7,XZt,152,15,0.21383476627355535,
7,XZt,153,15,0.22005608832700224,
7,XZt,154,15,0.22648749537044366,
7,XZt,155,15,0.23311278152378048,
7,XZt,156,15,0.24075689714365503,
7,XZt,157,15,0.2493758901024936,
7,XZt,158,15,0.25878928876752144,
7,XZt,159,15,0.2679172746858078,
7,XZt,160,15,0.2779033503000759,
7,XZt,161,15,0.2885070767346717,
7,XZt,162,15,0.2996403696895425,
7,XZt,163,15,0.30970412348081444,
7,XZt,164,15,0.3195046874151546,
7,XZt,165,15,0.3296641745958089,
7,XZt,166,15,0.3392848248707205,
7,XZt,167,15,0.34744975433574865,
7,XZt,168,15,0.3550816398670004,
7,XZt,169,15,0.3625945967628454,
7,XZt,170,15,0.3685823665205287,
7,XZt,171,15,0.37477615241654066,
7,XZt,172,15,0.378582092739547,
7,XZt,173,15,0.37937242864681886,
7,XZt,174,15,0.3769083059093052,
7,XZt,175,15,0.3721454799784589,
7,XZt,176,15,0.36463501091224365,
7,XZt,177,15,0.35475578099331495,
7,XZt,178,15,0.34284526811091426,
7,XZt,179,15,0.33006751661431016,
7,XZt,180,15,0.31853607737103623,
7,XZt,181,15,0.3085269614230578,
7,XZt,182,15,0.29966329996145347,
7,XZt,183,15,0.2925128318647809,
7,XZt,184,15,0.2868548494268857,
7,XZt,185,15,0.28324647399490566,
7,XZt,186,15,0.28100811758810834,
7,XZt,187,15,0.28339411228498274,
7,XZt,188,15,0.28381011918989296,
7,XZt,189,15,0.2891566335231244,
7,XZt,190,15,0.2938211093323017,
7,XZt,191,15,0.2998295936361991,
7,XZt,192,15,0.30565927424771966,
7,XZt,193,15,0.3077376441652897,
7,XZt,194,15,0.3110888850427022,
7,XZt,195,15,0.30707434469384853,
7,XZt,196,15,0.30582278631472953,
7,XZt,197,15,0.3010366540668538,
7,XZt,198,15,0.29581180124025136,
7,XZt,199,15,0.29254768534848724,
7,XZt,200,15,0.2881867771263246,
7,XZt,201,15,0.28399643658949386,
7,XZt,202,15,0.28192781711549575,
7,XZt,203,15,0.27911891723494203,
7,XZt,204,15,0.2761481887826406,
7,XZt,205,15,0.2742691544671175,
7,XZt,206,15,0.27349608077599963,
7,XZt,207,15,0.27197068940013086,
7,XZt,208,15,0.27170136946332746,
7,XZt,209,15,0.27079010421280736,
7,XZt,210,15,0.2717862790918468,
7,XZt,211,15,0.273943818942463,
7,XZt,212,15,0.279495146589267,
7,XZt,213,15,0.28821179826531457,
7,XZt,214,15,0.3006383949073732,
7,XZt,215,15,0.31720552591956835,
7,XZt,216,15,0.3374900614643396,
7,XZt,217,15,0.36350412708371094,
7,XZt,218,15,0.38958261025618884,
7,XZt,219,15,0.42083629195157285,
7,XZt,220,15,0.44938758561414743,
7,XZt,221,15,0.4698049106004403,
7,XZt,222,15,0.48100440232010944,
7,XZt,223,15,0.47860123502881985,
7,XZt,224,15,0.4627726475434963,
7,XZt,225,15,0.4492464711945629,
7,XZt,226,15,0.42907564595643854,
7,XZt,227,15,0.41205024112305844,
7,XZt,228,15,0.3985941878031746,
7,XZt,229,15,0.3867257189231471,
7,XZt,230,15,0.37656874686138003,
7,XZt,231,15,0.3720859123946302,
7,XZt,232,15,0.36479689368590174,
7,XZt,233,15,0.354052243601128,
7,XZt,234,15,0.3550283990098657,
7,XZt,235,15,0.3501010268784985,
7,XZt,236,15,0.33956051180328284,
7,XZt,237,15,0.3409943684916584,
7,XZt,238,15,0.33416526152508735,
7,XZt,239,15,0.3300608346697339,
7,XZt,240,15,0.3239144980514081,
7,XZt,241,15,0.3182495678691364,
7,XZt,242,15,0.31471510874803593,
7,XZt,243,15,0.31302315286761345,
7,XZt,244,15,0.3099192684533151,
7,XZt,245,15,0.30406101901660176,
7,XZt,246,15,0.2975065051564515,
7,XZt,247,15,0.29763354620648663,
7,XZt,248,15,0.2959720691968292,
7,XZt,249,15,0.2896453449856676,
7,XZt,250,15,0.29558564365927137,
7,XZt,251,15,0.288770074171396,
7,XZt,252,15,0.2705929283766359,
7,XZt,253,15,0.25012427149711497,
7,XZt,254,15,0.24269893371715273,
7,XZt,255,15,0.2279651713538397,
7,XZt,256,15,0.23367214260910574,
7,XZt,257,15,0.24604467470151875,
7,XZt,258,15,0.2748943806132562,
7,XZt,259,15,0.17139310580239522,
8,XYt,0,15,0.1589464760926916,
8,XYt,1,15,0.15221417504674775,
8,XYt,2,15,0.15170121968041497,
8,XYt,3,15,0.15321709109316056,
8,XYt,4,15,0.1557046518499481,
8,XYt,5,15,0.15573106193949032,
8,XYt,6,15,0.1552133111074922,
8,XYt,7,15,0.15322021898383104,
8,XYt,8,15,0.1516060255352746,
8,XYt,9,15,0.15165478655308667,
8,XYt,10,15,0.15155690530090316,
8,XYt,11,15,0.14986306387414097,
8,XYt,12,15,0.14707600111915156,
8,XYt,13,15,0.14425440246940105,
8,XYt,14,15,0.14153120537852226,
8,XYt,15,15,0.13719893052546084,
8,XYt,16,15,0.12597391193697274,
8,XYt,17,15,0.11924765457327656,
8,XYt,18,15,0.1225084039731701,
8,XYt,19,15,0.1334090030282246,
8,XYt,20,15,0.141815270707372,
8,XYt,21,15,0.14719722557075482,
8,XYt,22,15,0.14927346224173255,
8,XYt,23,15,0.147661212969147,
8,XYt,24,15,0.1431260245147986,
8,XYt,25,15,0.1366240049685851,
8,XYt,26,15,0.12898426427468582,
8,XYt,27,15,0.12141505557004269,
8,XYt,28,15,0.11497455364570502,
8,XYt,29,15,0.10995374821960825,
8,XYt,30,15,0.1062634302069993,
8,XYt,31,15,0.10490455850186071,
8,XYt,32,15,0.10654517044515353,
8,XYt,33,15,0.11165423398383023,
8,XYt,34,15,0.12066100910229835,
8,XYt,35,15,0.1347611399212123,
8,XYt,36,15,0.1576426376633411,
8,XYt,37,15,0.19512862016191013,
8,XYt,38,15,0.25627124790115274,
8,XYt,39,15,0.3491500525927224,
8,XYt,40,15,0.45682124757676973,
8,XYt,41,15,0.5445267736512491,
8,XYt,42,15,0.6003403580539965,
8,XYt,43,15,0.6456473441301261,
8,XYt,44,15,0.6825460879595541,
8,XYt,45,15,0.7053364859722611,
8,XYt,46,15,0.7023868299700589,
8,XYt,47,15,0.6560513644591595,
8,XYt,48,15,0.6110935604997122,
8,XYt,49,15,0.5878626947774771,
8,XYt,50,15,0.581601272105457,
8,XYt,51,15,0.5875829054351888,
8,XYt,52,15,0.6015612786802028,
8,XYt,53,15,0.6163091438277206,
8,XYt,54,15,0.6237632624665245,
8,XYt,55,15,0.6168744717634937,
8,XYt,56,15,0.5939860109155235,
8,XYt,57,15,0.5600864431820857,
8,XYt,58,15,0.5279047788843344,
8,XYt,59,15,0.5076470573278601,
8,XYt,60,15,0.4979121542512674,
8,XYt,61,15,0.49205142962656456,
8,XYt,62,15,0.48632491597029964,
8,XYt,63,15,0.48101693053175487,
8,XYt,64,15,0.4758739318944801,
8,XYt,65,15,0.4729175380152788,
8,XYt,66,15,0.47185262719385523,
8,XYt,67,15,0.47196256262556585,
8,XYt,68,15,0.47076052474383756,
8,XYt,69,15,0.46869373780985885,
8,XYt,70,15,0.4668693498317051,
8,XYt,71,15,0.46510617276782784,
8,XYt,72,15,0.4640468790607267,
8,XYt,73,15,0.46134518856613743,
8,XYt,74,15,0.4584966329353932,
8,XYt,75,15,0.4535854025495846,
8,XYt,76,15,0.446346834801907,
8,XYt,77,15,0.43236119118595384,
8,XYt,78,15,0.41367294716754216,
8,XYt,79,15,0.3965421108160983,
8,XYt,80,15,0.38293657356803995,
8,XYt,81,15,0.37317639325173785,
8,XYt,82,15,0.36708282090363087,
8,XYt,83,15,0.3636221372230667,
8,XYt,84,15,0.36099690534141626,
8,XYt,85,15,0.3588070151073897,
8,XYt,86,15,0.3550202778052056,
8,XYt,87,15,0.3488225079898923,
8,XYt,88,15,0.34089010854162644,
8,XYt,89,15,0.3345055536987213,
8,XYt,90,15,0.32937383933656567,
8,XYt,91,15,0.32674434842350736,
8,XYt,92,15,0.324325835250353,
8,XYt,93,15,0.3215383368282164,
8,XYt,94,15,0.3183970295692313,
8,XYt,95,15,0.31714604168987715,
8,XYt,96,15,0.31473438291912764,
8,XYt,97,15,0.3129806610378454,
8,XYt,98,15,0.3122988694318618,
8,XYt,99,15,0.3125365979688061,
8,XYt,100,15,0.3112598233786826,
8,XYt,101,15,0.30929129064832,
8,XYt,102,15,0.3071462049417014,
8,XYt,103,15,0.3040419368712008,
8,XYt,104,15,0.30087253089493443,
8,XYt,105,15,0.29883083516955355,
8,XYt,106,15,0.2967900026932908,
8,XYt,107,15,0.2954546426624459,
8,XYt,108,15,0.29505337534690085,
8,XYt,109,15,0.29508227805494774,
8,XYt,110,15,0.29547549427790515,
8,XYt,111,15,0.296632085939918,
8,XYt,112,15,0.29845865217385115,
8,XYt,113,15,0.30146149569889563,
8,XYt,114,15,0.3040104543568899,
8,XYt,115,15,0.30720277488441206,
8,XYt,116,15,0.31278996348010757,
8,XYt,117,15,0.31975686507575385,
8,XYt,118,15,0.32452516143613047,
8,XYt,119,15,0.32798919162193385,
8,XYt,120,15,0.3294379038550654,
8,XYt,121,15,0.32557730568647625,
8,XYt,122,15,0.32496508176882855,
8,XYt,123,15,0.3275091203012057,
8,XYt,124,15,0.33063933043110777,
8,XYt,125,15,0.3327802577223569,
8,XYt,126,15,0.33477179314794564,
8,XYt,127,15,0.3371968790969706,
8,XYt,128,15,0.3405533626528053,
8,XYt,129,15,0.3434910657645944,
8,XYt,130,15,0.3449131328728204,
8,XYt,131,15,0.34542121096260137,
8,XYt,132,15,0.3470240777269805,
8,XYt,133,15,0.35053651439315664,
8,XYt,134,15,0.35565337131946306,
8,XYt,135,15,0.36184962552855227,
8,XYt,136,15,0.36990012780035375,
8,XYt,137,15,0.377135133385677,
8,XYt,138,15,0.3854956665535335,
8,XYt,139,15,0.3954857183257918,
8,XYt,140,15,0.39831896535330635,
8,XYt,141,15,0.3936223940014815,
8,XYt,142,15,0.38873719880847907,
8,XYt,143,15,0.38514095276711946,
8,XYt,144,15,0.3833096058988174,
8,XYt,145,15,0.3820876754113157,
8,XYt,146,15,0.3812649889319762,
8,XYt,147,15,0.3802467075553346,
8,XYt,148,15,0.3787451345606203,
8,XYt,149,15,0.377159805562325,
8,XYt,150,15,0.37522081768671955,
8,XYt,151,15,0.3737332926375582,
8,XYt,152,15,0.3728868388218556,
8,XYt,153,15,0.3715810677510695,
8,XYt,154,15,0.36914948781930346,
8,XYt,155,15,0.3665357350629697,
8,XYt,156,15,0.3643704241549889,
8,XYt,157,15,0.3587026137276563,
8,XYt,158,15,0.3487258111244869,
8,XYt,159,15,0.33967629352143597,
8,XYt,160,15,0.3323459462003737,
8,XYt,161,15,0.32389059332501424,
8,XYt,162,15,0.315760840570329,
8,XYt,163,15,0.3095022002485773,
8,XYt,164,15,0.30367646661389885,
8,XYt,165,15,0.2972483213289696,
8,XYt,166,15,0.2894667253024313,
8,XYt,167,15,0.2804123898965128,
8,XYt,168,15,0.27279980003621535,
8,XYt,169,15,0.2687483300309745,
8,XYt,170,15,0.26668275183580425,
8,XYt,171,15,0.26564078217511433,
8,XYt,172,15,0.2651512698549795,
8,XYt,173,15,0.2640066897608014,
8,XYt,174,15,0.26283954335312854,
8,XYt,175,15,0.26113752960629044,
8,XYt,176,15,0.2585310436954623,
8,XYt,177,15,0.2560973244982253,
8,XYt,178,15,0.25515898429224126,
8,XYt,179,15,0.25428019471430197,
8,XYt,180,15,0.2518345257269456,
8,XYt,181,15,0.24995905043735936,
8,XYt,182,15,0.24967746358109133,
8,XYt,183,15,0.24938753667777838,
8,XYt,184,15,0.24965804463077784,
8,XYt,185,15,0.24903088153185107,
8,XYt,186,15,0.24697906133444233,
8,XYt,187,15,0.24429097539457645,
8,XYt,188,15,0.24401630944267863,
8,XYt,189,15,0.24548796945859752,
8,XYt,190,15,0.2482229494781118,
8,XYt,191,15,0.2515688369645069,
8,XYt,192,15,0.25302075456194617,
8,XYt,193,15,0.2512944514948515,
8,XYt,194,15,0.2498688334385937,
8,XYt,195,15,0.25074552537160766,
8,XYt,196,15,0.25487105686495326,
8,XYt,197,15,0.2612214728511982,
8,XYt,198,15,0.2681110093661203,
8,XYt,199,15,0.27398715228633624,
8,XYt,200,15,0.2789742400927205,
8,XYt,201,15,0.2804842095074517,
8,XYt,202,15,0.28029932917937644,
8,XYt,203,15,0.28073474650305824,
8,XYt,204,15,0.2809357306974584,
8,XYt,205,15,0.28268956284290797,
8,XYt,206,15,0.28669097090833445,
8,XYt,207,15,0.2926850222811056,
8,XYt,208,15,0.3014207877618235,
8,XYt,209,15,0.30937098787389494,
8,XYt,210,15,0.3154552637117336,
8,XYt,211,15,0.3202853755438064,
8,XYt,212,15,0.32328633980925586,
8,XYt,213,15,0.3260358621661046,
8,XYt,214,15,0.33086780233689606,
8,XYt,215,15,0.33736325385874,
8,XYt,216,15,0.3459711718732097,
8,XYt,217,15,0.3546067724741056,
8,XYt,218,15,0.36695589185097016,
8,XYt,219,15,0.38324376774468943,
8,XYt,220,15,0.3913551317705992,
8,XYt,221,15,0.3947890488277997,
8,XYt,222,15,0.3993481248863346,
8,XYt,223,15,0.4027330629940978,
8,XYt,224,15,0.4042082982070785,
8,XYt,225,15,0.40388950320070893,
8,XYt,226,15,0.40163057704261623,
8,XYt,227,15,0.39868494388730424,
8,XYt,228,15,0.39554407597856833,
8,XYt,229,15,0.39243988347922854,
8,XYt,230,15,0.3892055760148143,
8,XYt,231,15,0.38390831547651055,
8,XYt,232,15,0.3770282657909409,
8,XYt,233,15,0.3686138630673371,
8,XYt,234,15,0.35882764168056663,
8,XYt,235,15,0.3468982893430277,
8,XYt,236,15,0.33186437937784075,
8,XYt,237,15,0.31579487481488844,
8,XYt,238,15,0.30472924633650794,
8,XYt,239,15,0.29984154642959027,
8,XYt,240,15,0.2975696165575302,
8,XYt,241,15,0.2971210282509659,
8,XYt,242,15,0.296979692886968,
8,XYt,243,15,0.2971922852608608,
8,XYt,244,15,0.29777752646461836,
8,XYt,245,15,0.29843467086111963,
8,XYt,246,15,0.2979367866112045,
8,XYt,247,15,0.298712955172901,
8,XYt,248,15,0.3002356548036463,
8,XYt,249,15,0.30084583388994246,
8,XYt,250,15,0.30088807539572765,
8,XYt,251,15,0.3006374032788392,
8,XYt,252,15,0.30019099047683934,
8,XYt,253,15,0.2999235288984986,
8,XYt,254,15,0.3012455479825475,
8,XYt,255,15,0.30096797609761683,
8,XYt,256,15,0.297161293738632,
8,XYt,257,15,0.28301867024018046,
8,XYt,258,15,0.24615670763155584,
8,XYt,259,15,0.20346379881125295,
8,XYt,260,15,0.18493702490724348,
8,XYt,261,15,0.18125222930601828,
8,XYt,262,15,0.1794431624440046,
8,XYt,263,15,0.1781801003771136,
8,XYt,264,15,0.177779274821244,
8,XYt,265,15,0.17670352985237026,
8,XYt,266,15,0.17587105837152828,
8,XYt,267,15,0.175281979301244,
8,XYt,268,15,0.1761203284557205,
8,XYt,269,15,0.17707077645292468,
8,XYt,270,15,0.1788159928907324,
8,XYt,271,15,0.17937664855852717,
8,XYt,272,15,0.1789338064113888,
8,XYt,273,15,0.17885680046610333,
8,XYt,274,15,0.1799218987248676,
8,XYt,275,15,0.1809220782029654,
8,XYt,276,15,0.1811868652111485,
8,XYt,277,15,0.1805667953735639,
8,XYt,278,15,0.17956450015084113,
8,XYt,279,15,0.1782484234171117,
8,XYt,280,15,0.1772059358104415,
8,XYt,281,15,0.17723606308939305,
8,XYt,282,15,0.17829703796612015,
8,XYt,283,15,0.18069809672373174,
8,XYt,284,15,0.18289116041805895,
8,XYt,285,15,0.18409183055031975,
8,XYt,286,15,0.18400260211842698,
8,XYt,287,15,0.1830502429108179,
8,XYt,288,15,0.1810961760434403,
8,XYt,289,15,0.17875970249250203,
8,XYt,290,15,0.1766312244147552,
8,XYt,291,15,0.1760176071241808,
8,XYt,292,15,0.17562089728344343,
8,XYt,293,15,0.17550259337279975,
8,XYt,294,15,0.1759788858024547,
8,XYt,295,15,0.17559838554792212,
8,XYt,296,15,0.17551969751448188,
8,XYt,297,15,0.1763004893061126,
8,XYt,298,15,0.1773603412364708,
8,XYt,299,15,0.17828181268950588,
8,XYt,300,15,0.1805744746442454,
8,XYt,301,15,0.18224794115339898,
8,XYt,302,15,0.18251110919596192,
8,XYt,303,15,0.1804992836831221,
8,XYt,304,15,0.17816005388300363,
8,XYt,305,15,0.17694593792857,
8,XYt,306,15,0.17698798425790224,
8,XYt,307,15,0.17721245719131598,
8,XYt,308,15,0.1782365638884899,
8,XYt,309,15,0.17942644795846838,
8,XYt,310,15,0.18088785783851277,
8,XYt,311,15,0.18089918090872925,
8,XYt,312,15,0.18069950588940267,
8,XYt,313,15,0.1812335673369379,
8,XYt,314,15,0.18209000699162478,
8,XYt,315,15,0.18156648379063578,
8,XYt,316,15,0.17997914428334333,
8,XYt,317,15,0.1782420158232515,
8,XYt,318,15,0.17614761060718032,
8,XYt,319,15,0.1754192317652177,
8,XYt,320,15,0.17526683493823617,
8,XYt,321,15,0.17782548723141622,
8,XYt,322,15,0.1790927317328125,
8,XYt,323,15,0.18178522649901324,
8,XYt,324,15,0.18425069697643057,
8,XYt,325,15,0.22756506475490076,
8,XYt,326,15,0.2780342743272696,
8,XYt,327,15,0.2974191192979453,
8,XYt,328,15,0.30768983647878434,
8,XYt,329,15,0.31165487657304886,
8,XYt,330,15,0.3096660907545332,
8,XYt,331,15,0.3079460493878244,
8,XYt,332,15,0.30536121423338275,
8,XYt,333,15,0.306467512168951,
8,XYt,334,15,0.30899553994573664,
8,XYt,335,15,0.31578471427110455,
8,XYt,336,15,0.3199326789597056,
8,XYt,337,15,0.3232409008426358,
8,XYt,338,15,0.32559491317949707,
8,XYt,339,15,0.33210759651427924,
8,XYt,340,15,0.3398379442428298,
8,XYt,341,15,0.34368395614384417,
8,XYt,342,15,0.3505537767966478,
8,XYt,343,15,0.3600739476771161,
8,XYt,344,15,0.3646623182211639,
8,XYt,345,15,0.36803974932473477,
8,XYt,346,15,0.37126538626656785,
8,XYt,347,15,0.3738266000940917,
8,XYt,348,15,0.3755079076584832,
8,XYt,349,15,0.3761407860873855,
8,XYt,350,15,0.375403510367511,
8,XYt,351,15,0.37605906273478157,
8,XYt,352,15,0.38163989866527276,
8,XYt,353,15,0.38262887702060444,
8,XYt,354,15,0.3825464501146697,
8,XYt,355,15,0.37929257210777406,
8,XYt,356,15,0.37419113816169974,
8,XYt,357,15,0.36310170408546427,
8,XYt,358,15,0.3458895521877726,
8,XYt,359,15,0.3346577971770468,
8,XYt,360,15,0.3268510786801905,
8,XYt,361,15,0.3204259238455799,
8,XYt,362,15,0.31507503757651134,
8,XYt,363,15,0.31308265232675814,
8,XYt,364,15,0.3136088837424,
8,XYt,365,15,0.312290949692976,
8,XYt,366,15,0.3098268683763377,
8,XYt,367,15,0.3076688752131649,
8,XYt,368,15,0.3094888441919361,
8,XYt,369,15,0.30789207402954594,
8,XYt,370,15,0.30543319671973385,
8,XYt,371,15,0.3030216997174791,
8,XYt,372,15,0.2987211554344164,
8,XYt,373,15,0.295334230344863,
8,XYt,374,15,0.29358985056030884,
8,XYt,375,15,0.29333892922310073,
8,XYt,376,15,0.28937601194266016,
8,XYt,377,15,0.2841882209197835,
8,XYt,378,15,0.2767968433059517,
8,XYt,379,15,0.27100344864461295,
8,XYt,380,15,0.2665401488771974,
8,XYt,381,15,0.26752129162805927,
8,XYt,382,15,0.2691186689725851,
8,XYt,383,15,0.2691034142343314,
8,XYt,384,15,0.2649572754836543,
8,XYt,385,15,0.2571658448186746,
8,XYt,386,15,0.25434968840847466,
8,XYt,387,15,0.2577664010076689,
8,XYt,388,15,0.2585458385919191,
8,XYt,389,15,0.26069556404815947,
8,XYt,390,15,0.2624619894577628,
8,XYt,391,15,0.2642570725236527,
8,XYt,392,15,0.26484387811687643,
8,XYt,393,15,0.26597164905098747,
8,XYt,394,15,0.26546271599457344,
8,XYt,395,15,0.26534838151900003,
8,XYt,396,15,0.26688731709991986,
8,XYt,397,15,0.2692856989446166,
8,XYt,398,15,0.2714054080505075,
8,XYt,399,15,0.2725249339338027,
8,XYt,400,15,0.2729799109484757,
8,XYt,401,15,0.2722230123793164,
8,XYt,402,15,0.2700368875128949,
8,XYt,403,15,0.2679778812463051,
8,XYt,404,15,0.2668364426196833,
8,XYt,405,15,0.26632079314081303,
8,XYt,406,15,0.26854803003446054,
8,XYt,407,15,0.271146748179784,
8,XYt,408,15,0.2752962856202176,
8,XYt,409,15,0.27865632552608466,
8,XYt,410,15,0.28037302758865984,
8,XYt,411,15,0.2752187403778287,
8,XYt,412,15,0.2768381239265596,
8,XYt,413,15,0.27996362707558814,
8,XYt,414,15,0.2834001202559748,
8,XYt,415,15,0.2870320158200401,
8,XYt,416,15,0.2933228217267605,
8,XYt,417,15,0.300643624612871,
8,XYt,418,15,0.3061283621160724,
8,XYt,419,15,0.30864672340139715,
8,XYt,420,15,0.3101132130058554,
8,XYt,421,15,0.3091574195824913,
8,XYt,422,15,0.312384772552252,
8,XYt,423,15,0.31383653666707817,
8,XYt,424,15,0.314935288251463,
8,XYt,425,15,0.31560124459663846,
8,XYt,426,15,0.31578261940499824,
8,XYt,427,15,0.3148242038783666,
8,XYt,428,15,0.3163981573817298,
8,XYt,429,15,0.31901596823471495,
8,XYt,430,15,0.32330930395808405,
8,XYt,431,15,0.32821007042660894,
8,XYt,432,15,0.33442578879819923,
8,XYt,433,15,0.34081859100015005,
8,XYt,434,15,0.3484719783680717,
8,XYt,435,15,0.35851135580005467,
8,XYt,436,15,0.37704697838772533,
8,XYt,437,15,0.38765223581312314,
8,XYt,438,15,0.38964129407428066,
8,XYt,439,15,0.3907529430260078,
8,XYt,440,15,0.3924204423306687,
8,XYt,441,15,0.39358169163775286,
8,XYt,442,15,0.3948761874045031,
8,XYt,443,15,0.3947939553974208,
8,XYt,444,15,0.3933033074918585,
8,XYt,445,15,0.390121817927503,
8,XYt,446,15,0.3855197487636206,
8,XYt,447,15,0.380694640569887,
8,XYt,448,15,0.3751263244430466,
8,XYt,449,15,0.36885859059540715,
8,XYt,450,15,0.36228808204756696,
8,XYt,451,15,0.35439393092433,
8,XYt,452,15,0.34524906203852307,
8,XYt,453,15,0.33516499925352855,
8,XYt,454,15,0.3215518565129361,
8,XYt,455,15,0.3078916296245386,
8,XYt,456,15,0.3002789039410674,
8,XYt,457,15,0.2969965668567484,
8,XYt,458,15,0.2968411011067983,
8,XYt,459,15,0.2964637978092295,
8,XYt,460,15,0.2964036693801583,
8,XYt,461,15,0.2963550967294335,
8,XYt,462,15,0.2960651370777173,
8,XYt,463,15,0.2962996866786373,
8,XYt,464,15,0.29871595486907854,
8,XYt,465,15,0.29974853003980395,
8,XYt,466,15,0.2922890499965062,
8,XYt,467,15,0.2573734014222982,
8,XYt,468,15,0.20435041576404633,
8,XYt,469,15,0.17613989474214342,
8,XYt,470,15,0.17129829245852865,
8,XYt,471,15,0.17033176963744917,
8,XYt,472,15,0.1690249063274806,
8,XYt,473,15,0.16757808794714085,
8,XYt,474,15,0.16543544052433085,
8,XYt,475,15,0.16312135032571715,
8,XYt,476,15,0.16096924276568722,
8,XYt,477,15,0.15956402878897977,
8,XYt,478,15,0.15837377419371954,
8,XYt,479,15,0.15782625827335223,
8,XYt,480,15,0.15721085330532697,
8,XYt,481,15,0.1568009736953419,
8,XYt,482,15,0.15750897699326744,
8,XYt,483,15,0.15865120683763956,
8,XYt,484,15,0.1593072321449659,
8,XYt,485,15,0.15931553396471512,
8,XYt,486,15,0.15841286616271946,
8,XYt,487,15,0.1573711262166486,
8,XYt,488,15,0.15762329888991586,
8,XYt,489,15,0.15924330530870662,
8,XYt,490,15,0.16103323573528075,
8,XYt,491,15,0.16256510009213532,
8,XYt,492,15,0.163443128940663,
8,XYt,493,15,0.16364570154705968,
8,XYt,494,15,0.16374424652081782,
8,XYt,495,15,0.16305929571438751,
8,XYt,496,15,0.16191213808705468,
8,XYt,497,15,0.15996241867711147,
8,XYt,498,15,0.15743786908661475,
8,XYt,499,15,0.15449838591834622,
8,XYt,500,15,0.1512854690943076,
8,XYt,501,15,0.15053522869680488,
8,XYt,502,15,0.1513274382077454,
8,XYt,503,15,0.15212516325486122,
8,XYt,504,15,0.1529601093859297,
8,XYt,505,15,0.15321964402506436,
8,XYt,506,15,0.15297932333562272,
8,XYt,507,15,0.15208942815882628,
8,XYt,508,15,0.15314930982534478,
8,XYt,509,15,0.15369381234409119,
8,XYt,510,15,0.15352689259100782,
8,XYt,511,15,0.15356574809744283,
8,XYt,512,15,0.15415467389223383,
8,XYt,513,15,0.15471696406047403,
8,XYt,514,15,0.15534029741633013,
8,XYt,515,15,0.15582781331317005,
8,XYt,516,15,0.1554843603500998,
8,XYt,517,15,0.15470083492719566,
8,XYt,518,15,0.1534672269115831,
8,XYt,519,15,0.15247478527490443,
8,XYt,520,15,0.15120998022020146,
8,XYt,521,15,0.14951227624507135,
8,XYt,522,15,0.1462345042891673,
8,XYt,523,15,0.14364157753627035,
8,XYt,524,15,0.14358354586483388,
8,XYt,525,15,0.14374147468390758,
8,XYt,526,15,0.14420303766812875,
8,XYt,527,15,0.14490117848506112,
8,XYt,528,15,0.14496423627044194,
8,XYt,529,15,0.14401300964514896,
8,XYt,530,15,0.14198980254792318,
8,XYt,531,15,0.14146712177503712,
8,XYt,532,15,0.14386593197653216,
8,XYt,533,15,0.1535865700287345,
8,XYt,534,15,0.181891151059099,
8,XYt,535,15,0.2265268622101942,
8,XYt,536,15,0.26174517878088444,
8,XYt,537,15,0.2732957548796993,
8,XYt,538,15,0.27692917460072314,
8,XYt,539,15,0.27794454011452235,
8,XYt,540,15,0.28018390509408975,
8,XYt,541,15,0.2779650658801016,
8,XYt,542,15,0.27277740889581076,
8,XYt,543,15,0.2678076651488694,
8,XYt,544,15,0.2651497527445339,
8,XYt,545,15,0.2655349173161692,
8,XYt,546,15,0.2694415056074401,
8,XYt,547,15,0.2731054633416077,
8,XYt,548,15,0.26960623754134855,
8,XYt,549,15,0.26437421889711166,
8,XYt,550,15,0.2605651653484216,
8,XYt,551,15,0.2585411012759991,
8,XYt,552,15,0.25707332471870975,
8,XYt,553,15,0.2564887346193674,
8,XYt,554,15,0.2560996032378614,
8,XYt,555,15,0.25575011705011164,
8,XYt,556,15,0.2551224950181085,
8,XYt,557,15,0.25382386038646326,
8,XYt,558,15,0.25145910534959154,
8,XYt,559,15,0.24661773391824143,
8,XYt,560,15,0.23696108587545206,
8,XYt,561,15,0.2253753840574824,
8,XYt,562,15,0.21990363093199744,
8,XYt,563,15,0.22142593227479104,
8,XYt,564,15,0.2227105169946589,
8,XYt,565,15,0.22174576688310105,
8,XYt,566,15,0.21709266160216162,
8,XYt,567,15,0.21252398501462724,
8,XYt,568,15,0.20807397245121853,
8,XYt,569,15,0.20368067259216643,
8,XYt,570,15,0.19801108697248623,
8,XYt,571,15,0.19065152568535335,
8,XYt,572,15,0.18412011402035552,
8,XYt,573,15,0.18094921641109238,
8,XYt,574,15,0.18044200315522196,
8,XYt,575,15,0.18155088857659432,
8,XYt,576,15,0.18360924009902735,
8,XYt,577,15,0.1856607374272977,
8,XYt,578,15,0.18665818321879504,
8,XYt,579,15,0.1877419810944353,
8,XYt,580,15,0.1889317496875624,
8,XYt,581,15,0.19073570727521863,
8,XYt,582,15,0.19118194563215848,
8,XYt,583,15,0.19046149490151684,
8,XYt,584,15,0.1897862630669609,
8,XYt,585,15,0.188972023510366,
8,XYt,586,15,0.1887739994130442,
8,XYt,587,15,0.19031892927275518,
8,XYt,588,15,0.1882192287539088,
8,XYt,589,15,0.18296604109837225,
8,XYt,590,15,0.17602991598620665,
8,XYt,591,15,0.17043291448013198,
8,XYt,592,15,0.16811642358970477,
8,XYt,593,15,0.16774004980876056,
8,XYt,594,15,0.16781185868867987,
8,XYt,595,15,0.16773446162248248,
8,XYt,596,15,0.16792344323416797,
8,XYt,597,15,0.16813824187226623,
8,XYt,598,15,0.16838105400598513,
8,XYt,599,15,0.1687835562674085,
8,XYt,600,15,0.1694949410932727,
8,XYt,601,15,0.17117261575222797,
8,XYt,602,15,0.17250380084322936,
8,XYt,603,15,0.17316093627328458,
8,XYt,604,15,0.17365102677845518,
8,XYt,605,15,0.17389431527980745,
8,XYt,606,15,0.17414909639561071,
8,XYt,607,15,0.17429287158483503,
8,XYt,608,15,0.17434677031918072,
8,XYt,609,15,0.17400895471330508,
8,XYt,610,15,0.17334012205881594,
8,XYt,611,15,0.172176604705366,
8,XYt,612,15,0.17071585297191086,
8,XYt,613,15,0.16912258715857914,
8,XYt,614,15,0.16752476946182793,
8,XYt,615,15,0.16638296972355593,
8,XYt,616,15,0.1653928988234184,
8,XYt,617,15,0.1643729175824014,
8,XYt,618,15,0.164749878767849,
8,XYt,619,15,0.16567825519670934,
8,XYt,620,15,0.1646678406309192,
8,XYt,621,15,0.16547814525163132,
8,XYt,622,15,0.16924228241397332,
8,XYt,623,15,0.174945230346826,
8,XYt,624,15,0.17988077192021076,
8,XYt,625,15,0.18687664338995782,
8,XYt,626,15,0.19037226433034127,
8,XYt,627,15,0.19169440395641393,
8,XYt,628,15,0.19308310410162347,
8,XYt,629,15,0.19410102052484854,
8,XYt,630,15,0.19446709754634445,
8,XYt,631,15,0.19319690862089378,
8,XYt,632,15,0.19050713896417337,
8,XYt,633,15,0.188267329664153,
8,XYt,634,15,0.18613250775039356,
8,XYt,635,15,0.18337326359090925,
8,XYt,636,15,0.18039512412822684,
8,XYt,637,15,0.17837876149175041,
8,XYt,638,15,0.17696659515354696,
8,XYt,639,15,0.17650275410131275,
8,XYt,640,15,0.1782398462543144,
8,XYt,641,15,0.18341173396189167,
8,XYt,642,15,0.19023301768256753,
8,XYt,643,15,0.19605172822089564,
8,XYt,644,15,0.1999515445323415,
8,XYt,645,15,0.2032339734706549,
8,XYt,646,15,0.20660502566942654,
8,XYt,647,15,0.20992629512579664,
8,XYt,648,15,0.21114822110527262,
8,XYt,649,15,0.2115838227523426,
8,XYt,650,15,0.2116970045183262,
8,XYt,651,15,0.21188839985364347,
8,XYt,652,15,0.22093354081688404,
8,XYt,653,15,0.2314905065578356,
8,XYt,654,15,0.23652585074826235,
8,XYt,655,15,0.2384862675728342,
8,XYt,656,15,0.23935041917940214,
8,XYt,657,15,0.24021315207613517,
8,XYt,658,15,0.2411211994248296,
8,XYt,659,15,0.2419473589954773,
8,XYt,660,15,0.24263210258643683,
8,XYt,661,15,0.24371132469606216,
8,XYt,662,15,0.24542309324559536,
8,XYt,663,15,0.24820541929489476,
8,XYt,664,15,0.252521905633707,
8,XYt,665,15,0.2579711586208514,
8,XYt,666,15,0.2602815951680168,
8,XYt,667,15,0.2599754167908763,
8,XYt,668,15,0.25933183739508603,
8,XYt,669,15,0.2605420827674951,
8,XYt,670,15,0.2624329544082076,
8,XYt,671,15,0.2628859143471782,
8,XYt,672,15,0.25871315261814243,
8,XYt,673,15,0.25270920481103465,
8,XYt,674,15,0.24510999077813575,
8,XYt,675,15,0.23032919763427404,
8,XYt,676,15,0.21022132442434457,
8,XYt,677,15,0.1852149638243394,
8,XYt,678,15,0.16039802390272997,
8,XYt,679,15,0.14375277530521965,
8,XYt,680,15,0.1339172162130055,
8,XYt,681,15,0.12831811175655358,
8,XYt,682,15,0.12558489200551665,
8,XYt,683,15,0.12484896061256712,
8,XYt,684,15,0.12450219092595305,
8,XYt,685,15,0.12512187745358122,
8,XYt,686,15,0.12569491867608848,
8,XYt,687,15,0.12673946435087216,
8,XYt,688,15,0.12785000188129209,
8,XYt,689,15,0.12850514618999,
8,XYt,690,15,0.1290555321002604,
8,XYt,691,15,0.1293723212909687,
8,XYt,692,15,0.12961084893196043,
8,XYt,693,15,0.12911367784283415,
8,XYt,694,15,0.12860116784781894,
8,XYt,695,15,0.12778148971454878,
8,XYt,696,15,0.1268277346467064,
8,XYt,697,15,0.1263991644497083,
8,XYt,698,15,0.12608810667409548,
8,XYt,699,15,0.12583425727829914,
8,XYt,700,15,0.125866136325304,
8,XYt,701,15,0.1263114427337038,
8,XYt,702,15,0.12651376945851636,
8,XYt,703,15,0.127347448992985,
8,XYt,704,15,0.12843256242891102,
8,XYt,705,15,0.129897752354196,
8,XYt,706,15,0.13190825662444677,
8,XYt,707,15,0.13491838288926158,
8,XYt,708,15,0.1423176300789196,
8,XYt,709,15,0.183913371089883,
8,XYt,710,15,0.17440408774884503,
8,XYt,711,15,0.18838036559053095,
8,XYt,712,15,0.18904805532681965,
8,XYt,713,15,0.19164077312165237,
8,XYt,714,15,0.19120600268826377,
8,XYt,715,15,0.18506309815734695,
8,XYt,716,15,0.17082779053031416,
8,XYt,717,15,0.15766059522860212,
8,XYt,718,15,0.15123563915297808,
8,XYt,719,15,0.1647321323168213,
8,XYt,720,15,0.1910991418111828,
8,XYt,721,15,0.2177939386893476,
8,XYt,722,15,0.24247920789465094,
8,XYt,723,15,0.27006491178364833,
8,XYt,724,15,0.30266820715531206,
8,XYt,725,15,0.3349448373034381,
8,XYt,726,15,0.3538325278822161,
8,XYt,727,15,0.3569525454007885,
8,YZt,0,15,0.23444511825294972,
8,YZt,1,15,0.2769717745951277,
8,YZt,2,15,0.24694245058521166,
8,YZt,3,15,0.23003507856822658,
8,YZt,4,15,0.21824372577763096,
8,YZt,5,15,0.2221004060848776,
8,YZt,6,15,0.22249010067386363,
8,YZt,7,15,0.22913926543578003,
8,YZt,8,15,0.24356483301516374,
8,YZt,9,15,0.25068403246055715,
8,YZt,10,15,0.2489911863758638,
8,YZt,11,15,0.25501059387446157,
8,YZt,12,15,0.2569483522881498,
8,YZt,13,15,0.25669607704877556,
8,YZt,14,15,0.2623371317655165,
8,YZt,15,15,0.26903802221573575,
8,YZt,16,15,0.2714064284780768,
8,YZt,17,15,0.2747432972547744,
8,YZt,18,15,0.2781839768872356,
8,YZt,19,15,0.2841954917460285,
8,YZt,20,15,0.29082158490202364,
8,YZt,21,15,0.2937868664126296,
8,YZt,22,15,0.29962487981301683,
8,YZt,23,15,0.30048645109044353,
8,YZt,24,15,0.31004722438304677,
8,YZt,25,15,0.31483386095088517,
8,YZt,26,15,0.3141143443447656,
8,YZt,27,15,0.32241513151097884,
8,YZt,28,15,0.32718465399081303,
8,YZt,29,15,0.32662015186512394,
8,YZt,30,15,0.3338750987307398,
8,YZt,31,15,0.33961393993182676,
8,YZt,32,15,0.34521518426315967,
8,YZt,33,15,0.35132519503718984,
8,YZt,34,15,0.35696616431873396,
8,YZt,35,15,0.3597758567145472,
8,YZt,36,15,0.3693677946816706,
8,YZt,37,15,0.3746286992491122,
8,YZt,38,15,0.3758314876437989,
8,YZt,39,15,0.3726874372170111,
8,YZt,40,15,0.3671191746409807,
8,YZt,41,15,0.3597763575263492,
8,YZt,42,15,0.3542059410770216,
8,YZt,43,15,0.34395736892044465,
8,YZt,44,15,0.3324116237114013,
8,YZt,45,15,0.3213452844734003,
8,YZt,46,15,0.31077975519563666,
8,YZt,47,15,0.30063431534202695,
8,YZt,48,15,0.29282147991550184,
8,YZt,49,15,0.28918656667518505,
8,YZt,50,15,0.2843862750123114,
8,YZt,51,15,0.28096236246492484,
8,YZt,52,15,0.28003913948229286,
8,YZt,53,15,0.282318309104138,
8,YZt,54,15,0.28461662801425697,
8,YZt,55,15,0.2898349041016938,
8,YZt,56,15,0.2983959531589006,
8,YZt,57,15,0.3087922399963362,
8,YZt,58,15,0.320410363857654,
8,YZt,59,15,0.33535046433461285,
8,YZt,60,15,0.3555405580114611,
8,YZt,61,15,0.37570936370984315,
8,YZt,62,15,0.3953060425023725,
8,YZt,63,15,0.4082512130551527,
8,YZt,64,15,0.3970017481350933,
8,YZt,65,15,0.37171848700417315,
8,YZt,66,15,0.3265022754010102,
8,YZt,67,15,0.2778922945020768,
8,YZt,68,15,0.2392543995626651,
8,YZt,69,15,0.21271063273937313,
8,YZt,70,15,0.19549848579512252,
8,YZt,71,15,0.1827945418448148,
8,YZt,72,15,0.174542838407117,
8,YZt,73,15,0.1661413308471637,
8,YZt,74,15,0.16065951959393876,
8,YZt,75,15,0.15599094049158088,
8,YZt,76,15,0.1524243816248745,
8,YZt,77,15,0.14895121546438958,
8,YZt,78,15,0.14756100688915516,
8,YZt,79,15,0.14627988615757526,
8,YZt,80,15,0.14654397971067748,
8,YZt,81,15,0.14729001848975812,
8,YZt,82,15,0.14849039319021548,
8,YZt,83,15,0.15106342530944009,
8,YZt,84,15,0.1534583713043715,
8,YZt,85,15,0.15621588861286148,
8,YZt,86,15,0.15925474106774634,
8,YZt,87,15,0.16261330324019307,
8,YZt,88,15,0.16653236478185823,
8,YZt,89,15,0.16956324041379264,
8,YZt,90,15,0.1731526508306661,
8,YZt,91,15,0.17637900923341915,
8,YZt,92,15,0.17904920940204636,
8,YZt,93,15,0.18204400600100223,
8,YZt,94,15,0.18523917420688343,
8,YZt,95,15,0.18795424457781765,
8,YZt,96,15,0.19073839338336393,
8,YZt,97,15,0.194079629722839,
8,YZt,98,15,0.19711300748810928,
8,YZt,99,15,0.19966960503450723,
8,YZt,100,15,0.2030822203547556,
8,YZt,101,15,0.20661826991137283,
8,YZt,102,15,0.21012766535129096,
8,YZt,103,15,0.21362906342076754,
8,YZt,104,15,0.2176743395485158,
8,YZt,105,15,0.22221160421552413,
8,YZt,106,15,0.2275753607945527,
8,YZt,107,15,0.23356419433689357,
8,YZt,108,15,0.240546083605687,
8,YZt,109,15,0.24891686942083527,
8,YZt,110,15,0.2581196648240202,
8,YZt,111,15,0.2669073073607705,
8,YZt,112,15,0.276559055716991,
8,YZt,113,15,0.284466096353206,
8,YZt,114,15,0.2909807900907265,
8,YZt,115,15,0.2957327725994773,
8,YZt,116,15,0.30087707288018173,
8,YZt,117,15,0.3055081717802516,
8,YZt,118,15,0.3094890697568122,
8,YZt,119,15,0.3109336005619725,
8,YZt,120,15,0.31056420839898086,
8,YZt,121,15,0.3076009188314828,
8,YZt,122,15,0.3019653278094161,
8,YZt,123,15,0.29563319216024114,
8,YZt,124,15,0.2889033300353027,
8,YZt,125,15,0.2825463274100261,
8,YZt,126,15,0.2779675282493775,
8,YZt,127,15,0.27538995010216194,
8,YZt,128,15,0.27410886155565056,
8,YZt,129,15,0.273642644740704,
8,YZt,130,15,0.2738175439623525,
8,YZt,131,15,0.2740445705814287,
8,YZt,132,15,0.27469128337344384,
8,YZt,133,15,0.2754470112634816,
8,YZt,134,15,0.2762279410797145,
8,YZt,135,15,0.277316372489206,
8,YZt,136,15,0.27817907731878044,
8,YZt,137,15,0.2781764969873183,
8,YZt,138,15,0.27910179836790505,
8,YZt,139,15,0.2791804773012194,
8,YZt,140,15,0.27912889414877806,
8,YZt,141,15,0.2772712416405729,
8,YZt,142,15,0.274335160456486,
8,YZt,143,15,0.2707581943055302,
8,YZt,144,15,0.2664797972629806,
8,YZt,145,15,0.2618932865227754,
8,YZt,146,15,0.25708464484343874,
8,YZt,147,15,0.2524999609720774,
8,YZt,148,15,0.248882584291866,
8,YZt,149,15,0.24537393773557364,
8,YZt,150,15,0.24240460303190436,
8,YZt,151,15,0.23924821250984096,
8,YZt,152,15,0.23708034593234842,
8,YZt,153,15,0.23485502103757816,
8,YZt,154,15,0.23259921007996037,
8,YZt,155,15,0.23065216232631422,
8,YZt,156,15,0.2279503494013106,
8,YZt,157,15,0.22439365625153188,
8,YZt,158,15,0.21857767889594146,
8,YZt,159,15,0.21115511861341169,
8,YZt,160,15,0.20295871020870132,
8,YZt,161,15,0.19570867454191523,
8,YZt,162,15,0.18859042184379643,
8,YZt,163,15,0.18154357191834777,
8,YZt,164,15,0.17561200626903037,
8,YZt,165,15,0.16970789167057243,
8,YZt,166,15,0.1638004023416632,
8,YZt,167,15,0.15779731077686907,
8,YZt,168,15,0.1520135291347677,
8,YZt,169,15,0.14581842197294473,
8,YZt,170,15,0.14030537704087445,
8,YZt,171,15,0.13565584594367885,
8,YZt,172,15,0.13134823729565667,
8,YZt,173,15,0.1293716495234791,
8,YZt,174,15,0.12897277090115292,
8,YZt,175,15,0.12874803100988658,
8,YZt,176,15,0.12960808718889053,
8,YZt,177,15,0.13081835453321713,
8,YZt,178,15,0.13419953307519955,
8,YZt,179,15,0.1382491059020268,
8,YZt,180,15,0.14281916924744084,
8,YZt,181,15,0.14979759149696223,
8,YZt,182,15,0.15813365885402225,
8,YZt,183,15,0.16991227828879651,
8,YZt,184,15,0.18564408818769984,
8,YZt,185,15,0.21003727028044203,
8,YZt,186,15,0.24514203600758802,
8,YZt,187,15,0.3026809004121839,
8,YZt,188,15,0.36862622331493794,
8,YZt,189,15,0.4384251208861739,
8,YZt,190,15,0.49286059519596404,
8,YZt,191,15,0.515319008580474,
8,YZt,192,15,0.5110071633189603,
8,YZt,193,15,0.49331717540489395,
8,YZt,194,15,0.4842039230914462,
8,YZt,195,15,0.4616223107704792,
8,YZt,196,15,0.4506421864597837,
8,YZt,197,15,0.4351190080580516,
8,YZt,198,15,0.425956470230777,
8,YZt,199,15,0.41927569641244417,
8,YZt,200,15,0.4078283607358191,
8,YZt,201,15,0.4020769135279432,
8,YZt,202,15,0.3977044544568385,
8,YZt,203,15,0.38893628463616153,
8,YZt,204,15,0.3845182331714311,
8,YZt,205,15,0.3828776916362772,
8,YZt,206,15,0.38252819492462475,
8,YZt,207,15,0.3759555256403251,
8,YZt,208,15,0.37403605171880167,
8,YZt,209,15,0.3711853696811378,
8,YZt,210,15,0.3687421124855411,
8,YZt,211,15,0.36215104616082394,
8,YZt,212,15,0.3599231003168013,
8,YZt,213,15,0.35972426919999556,
8,YZt,214,15,0.3589259317805538,
8,YZt,215,15,0.35779658426729,
8,YZt,216,15,0.3563867913646451,
8,YZt,217,15,0.3557851161536966,
8,YZt,218,15,0.3480172556974151,
8,YZt,219,15,0.3458933545321654,
8,YZt,220,15,0.3428098881972543,
8,YZt,221,15,0.3408077102399218,
8,YZt,222,15,0.33711509824593155,
8,YZt,223,15,0.3334188117703322,
8,YZt,224,15,0.3283043385631972,
8,YZt,225,15,0.3293654246418351,
8,YZt,226,15,0.32652561838800725,
8,YZt,227,15,0.32273244394436007,
8,YZt,228,15,0.32009605374588035,
8,YZt,229,15,0.3161539652943918,
8,YZt,230,15,0.3094054142848179,
8,YZt,231,15,0.310017573779307,
8,YZt,232,15,0.3060390104729079,
8,YZt,233,15,0.2979689040256861,
8,YZt,234,15,0.29824182284574646,
8,YZt,235,15,0.2942108262629339,
8,YZt,236,15,0.28650659671239415,
8,YZt,237,15,0.2871208587282854,
8,YZt,238,15,0.2815402976447613,
8,YZt,239,15,0.27997752005133136,
8,YZt,240,15,0.2742347158168286,
8,YZt,241,15,0.268694797725696,
8,YZt,242,15,0.266242765456621,
8,YZt,243,15,0.2638678145687415,
8,YZt,244,15,0.2611714843750801,
8,YZt,245,15,0.2571119301338666,
8,YZt,246,15,0.25137876001348797,
8,YZt,247,15,0.2524482009175671,
8,YZt,248,15,0.2503880945901235,
8,YZt,249,15,0.2453288380450379,
8,YZt,250,15,0.24721928847961763,
8,YZt,251,15,0.2412990952981904,
8,YZt,252,15,0.22950004626162995,
8,YZt,253,15,0.22180008591099254,
8,YZt,254,15,0.21999394205809714,
8,YZt,255,15,0.21333042410812617,
8,YZt,256,15,0.22483226920138555,
8,YZt,257,15,0.24243619674080255,
8,YZt,258,15,0.2744070242390754,
8,YZt,259,15,0.233080875399768,
8,XZt,0,15,0.23410785260581224,
8,XZt,1,15,0.24162613333106892,
8,XZt,2,15,0.21297499593482108,
8,XZt,3,15,0.19866531066526466,
8,XZt,4,15,0.19389207217174387,
8,XZt,5,15,0.2059885713229022,
8,XZt,6,15,0.21029995362804998,
8,XZt,7,15,0.22812059909789995,
8,XZt,8,15,0.24184926519001926,
8,XZt,9,15,0.25105962230185175,
8,XZt,10,15,0.24964256801570994,
8,XZt,11,15,0.2551377364865212,
8,XZt,12,15,0.25699266560945305,
8,XZt,13,15,0.256731768093091,
8,XZt,14,15,0.26103631294373153,
8,XZt,15,15,0.26731125141070505,
8,XZt,16,15,0.26967630095252454,
8,XZt,17,15,0.270836915991304,
8,XZt,18,15,0.2737388477129305,
8,XZt,19,15,0.2790129201717845,
8,XZt,20,15,0.28341865259687116,
8,XZt,21,15,0.2857919633846881,
8,XZt,22,15,0.29174438954197085,
8,XZt,23,15,0.2891102040840959,
8,XZt,24,15,0.29665465441541894,
8,XZt,25,15,0.3009737456433285,
8,XZt,26,15,0.29784973351060234,
8,XZt,27,15,0.30372452280815265,
8,XZt,28,15,0.3073585164778562,
8,XZt,29,15,0.307292139495749,
8,XZt,30,15,0.31150215704985496,
8,XZt,31,15,0.31483346496830994,
8,XZt,32,15,0.31859796094332177,
8,XZt,33,15,0.3210717761773741,
8,XZt,34,15,0.32329929181049755,
8,XZt,35,15,0.3210042428525742,
8,XZt,36,15,0.32714737304647756,
8,XZt,37,15,0.3309941613090789,
8,XZt,38,15,0.3350069826669679,
8,XZt,39,15,0.33997118285214184,
8,XZt,40,15,0.3441627703073451,
8,XZt,41,15,0.3479045043447128,
8,XZt,42,15,0.35698301817671857,
8,XZt,43,15,0.3597668498313621,
8,XZt,44,15,0.3623328872338386,
8,XZt,45,15,0.3643424112599029,
8,XZt,46,15,0.3662853850247717,
8,XZt,47,15,0.3686544484637194,
8,XZt,48,15,0.3705887683293588,
8,XZt,49,15,0.3770726875697374,
8,XZt,50,15,0.3809337031547106,
8,XZt,51,15,0.3853723498021751,
8,XZt,52,15,0.3892322069662321,
8,XZt,53,15,0.3970555242396108,
8,XZt,54,15,0.40156837642812016,
8,XZt,55,15,0.4068917647255335,
8,XZt,56,15,0.4133866337540656,
8,XZt,57,15,0.42223671342926483,
8,XZt,58,15,0.426770630481606,
8,XZt,59,15,0.43239124084261826,
8,XZt,60,15,0.44249121538666586,
8,XZt,61,15,0.4453817421505382,
8,XZt,62,15,0.44960978597596135,
8,XZt,63,15,0.45734142891984036,
8,XZt,64,15,0.4591787042348356,
8,XZt,65,15,0.46932049232533185,
8,XZt,66,15,0.46840199195836857,
8,XZt,67,15,0.47126240303994116,
8,XZt,68,15,0.4614627893234826,
8,XZt,69,15,0.44712022986366873,
8,XZt,70,15,0.4232222230041662,
8,XZt,71,15,0.3974476984713709,
8,XZt,72,15,0.3782461929145242,
8,XZt,73,15,0.3538437766789537,
8,XZt,74,15,0.33674983995845703,
8,XZt,75,15,0.3196342539301289,
8,XZt,76,15,0.3043928287527256,
8,XZt,77,15,0.28926341164498454,
8,XZt,78,15,0.27605116130249896,
8,XZt,79,15,0.26424565263273525,
8,XZt,80,15,0.25370882870410244,
8,XZt,81,15,0.2449410883965023,
8,XZt,82,15,0.23674207790845533,
8,XZt,83,15,0.23036667570278585,
8,XZt,84,15,0.22415469297226423,
8,XZt,85,15,0.2190896034721407,
8,XZt,86,15,0.21495265511089112,
8,XZt,87,15,0.21225539818214367,
8,XZt,88,15,0.21100270560369372,
8,XZt,89,15,0.20938114802450955,
8,XZt,90,15,0.20888416874775503,
8,XZt,91,15,0.20774666886263735,
8,XZt,92,15,0.20627281289470226,
8,XZt,93,15,0.20476539534442847,
8,XZt,94,15,0.2032996922736736,
8,XZt,95,15,0.20117802423199774,
8,XZt,96,15,0.19930917319114197,
8,XZt,97,15,0.19709996874171903,
8,XZt,98,15,0.19432198578846666,
8,XZt,99,15,0.1908766023405005,
8,XZt,100,15,0.1875602891774021,
8,XZt,101,15,0.18459329316218423,
8,XZt,102,15,0.1813221637945521,
8,XZt,103,15,0.17826579871359222,
8,XZt,104,15,0.17547073656677448,
8,XZt,105,15,0.17297456802186356,
8,XZt,106,15,0.17056329309310214,
8,XZt,107,15,0.16819718682478013,
8,XZt,108,15,0.16619070159310378,
8,XZt,109,15,0.16464610343957264,
8,XZt,110,15,0.16342079540009957,
8,XZt,111,15,0.16241693866781504,
8,XZt,112,15,0.16185660473795532,
8,XZt,113,15,0.16146735125693074,
8,XZt,114,15,0.1610220443704034,
8,XZt,115,15,0.16054046733908886,
8,XZt,116,15,0.1600590850656589,
8,XZt,117,15,0.15949921251077395,
8,XZt,118,15,0.15903465636444494,
8,XZt,119,15,0.1588035794568595,
8,XZt,120,15,0.15838642735050887,
8,XZt,121,15,0.15791305895622368,
8,XZt,122,15,0.15759599852737655,
8,XZt,123,15,0.1573557950884184,
8,XZt,124,15,0.1574524197845292,
8,XZt,125,15,0.15743988519540722,
8,XZt,126,15,0.15767645138288036,
8,XZt,127,15,0.15819088487047359,
8,XZt,128,15,0.15894509991680014,
8,XZt,129,15,0.15979979842780345,
8,XZt,130,15,0.16082937906895595,
8,XZt,131,15,0.1617394548111863,
8,XZt,132,15,0.16287604989037777,
8,XZt,133,15,0.1645455896298531,
8,XZt,134,15,0.16617711205523825,
8,XZt,135,15,0.16812201126199805,
8,XZt,136,15,0.16996371678981925,
8,XZt,137,15,0.17193789455554306,
8,XZt,138,15,0.17382985837073134,
8,XZt,139,15,0.1757998519417188,
8,XZt,140,15,0.17733339177356613,
8,XZt,141,15,0.17898804949552338,
8,XZt,142,15,0.18066130149709045,
8,XZt,143,15,0.18229745352846138,
8,XZt,144,15,0.18406751943797559,
8,XZt,145,15,0.185931262571697,
8,XZt,146,15,0.18829782760551134,
8,XZt,147,15,0.19160090930908394,
8,XZt,148,15,0.19515667638255704,
8,XZt,149,15,0.19940267685779783,
8,XZt,150,15,0.20383113182540977,
8,XZt,151,15,0.20897974008731124,
8,XZt,152,15,0.21429401242571813,
8,XZt,153,15,0.22069881719775827,
8,XZt,154,15,0.22732149444590782,
8,XZt,155,15,0.23418984642253787,
8,XZt,156,15,0.24187415311461669,
8,XZt,157,15,0.25058444191267176,
8,XZt,158,15,0.2601423894795622,
8,XZt,159,15,0.26933578648257084,
8,XZt,160,15,0.27933102753742084,
8,XZt,161,15,0.2898499516197957,
8,XZt,162,15,0.30096039788336953,
8,XZt,163,15,0.3111742457124888,
8,XZt,164,15,0.3209896892802157,
8,XZt,165,15,0.33091588717161885,
8,XZt,166,15,0.34074085449587405,
8,XZt,167,15,0.34893883787497487,
8,XZt,168,15,0.35652770579943965,
8,XZt,169,15,0.36416315210045164,
8,XZt,170,15,0.3704069164997017,
8,XZt,171,15,0.37616438365269167,
8,XZt,172,15,0.38034221432090004,
8,XZt,173,15,0.38101788202786574,
8,XZt,174,15,0.3785805758824964,
8,XZt,175,15,0.373985820049794,
8,XZt,176,15,0.36621671513970316,
8,XZt,177,15,0.35656552579847706,
8,XZt,178,15,0.34466638809419275,
8,XZt,179,15,0.331724370993674,
8,XZt,180,15,0.3205052476176916,
8,XZt,181,15,0.3099698544510977,
8,XZt,182,15,0.3014010258075946,
8,XZt,183,15,0.2939335350707261,
8,XZt,184,15,0.28843451073711945,
8,XZt,185,15,0.28457966791780276,
8,XZt,186,15,0.2823341348347127,
8,XZt,187,15,0.28460595117438947,
8,XZt,188,15,0.2856310316735251,
8,XZt,189,15,0.2906050641126924,
8,XZt,190,15,0.29563322747122084,
8,XZt,191,15,0.3014083784140767,
8,XZt,192,15,0.30761590808498085,
8,XZt,193,15,0.31005396345907804,
8,XZt,194,15,0.31312371357340296,
8,XZt,195,15,0.30992998244144726,
8,XZt,196,15,0.3084438722956986,
8,XZt,197,15,0.30316666373341905,
8,XZt,198,15,0.29852004559040884,
8,XZt,199,15,0.29493149833192084,
8,XZt,200,15,0.2899985470980179,
8,XZt,201,15,0.2863163533762321,
8,XZt,202,15,0.283731471260377,
8,XZt,203,15,0.28060275324115724,
8,XZt,204,15,0.2780074176967366,
8,XZt,205,15,0.27590726250670783,
8,XZt,206,15,0.27485150449787316,
8,XZt,207,15,0.2729989588532656,
8,XZt,208,15,0.2729088596312945,
8,XZt,209,15,0.2720560330765288,
8,XZt,210,15,0.2733245057983398,
8,XZt,211,15,0.27488134215779864,
8,XZt,212,15,0.2802295339463575,
8,XZt,213,15,0.28896397835846216,
8,XZt,214,15,0.3010949888216859,
8,XZt,215,15,0.3177050146003869,
8,XZt,216,15,0.3386273947656514,
8,XZt,217,15,0.3652364671309955,
8,XZt,218,15,0.3920773082459967,
8,XZt,219,15,0.42411832811840405,
8,XZt,220,15,0.4535948373364539,
8,XZt,221,15,0.4754054292226078,
8,XZt,222,15,0.48597698469107564,
8,XZt,223,15,0.48298402202865753,
8,XZt,224,15,0.46622767086289446,
8,XZt,225,15,0.45278614202670525,
8,XZt,226,15,0.43147047420992285,
8,XZt,227,15,0.41293251752986665,
8,XZt,228,15,0.3988395843900492,
8,XZt,229,15,0.3860600649859822,
8,XZt,230,15,0.3749555620207224,
8,XZt,231,15,0.370782106115413,
8,XZt,232,15,0.3634397613206149,
8,XZt,233,15,0.35206162137048613,
8,XZt,234,15,0.35267393176203815,
8,XZt,235,15,0.3469257963481686,
8,XZt,236,15,0.33695218963174917,
8,XZt,237,15,0.3372160923752386,
8,XZt,238,15,0.3296896807806279,
8,XZt,239,15,0.32597640826673185,
8,XZt,240,15,0.3191654906092186,
8,XZt,241,15,0.3135107598784908,
8,XZt,242,15,0.3088955424489439,
8,XZt,243,15,0.3070509677477851,
8,XZt,244,15,0.3034241632579424,
8,XZt,245,15,0.29716720205257713,
8,XZt,246,15,0.2902309857613816,
8,XZt,247,15,0.2892412643653087,
8,XZt,248,15,0.28635075234893076,
8,XZt,249,15,0.27904249930217023,
8,XZt,250,15,0.2812624352976893,
8,XZt,251,15,0.272310169459975,
8,XZt,252,15,0.2567258417949949,
8,XZt,253,15,0.24000754922430742,
8,XZt,254,15,0.23254381267022642,
8,XZt,255,15,0.21845947190253923,
8,XZt,256,15,0.22310585592387788,
8,XZt,257,15,0.23508321620043315,
8,XZt,258,15,0.2600658581091031,
8,XZt,259,15,0.2238492981121633,
9,XYt,0,15,0.15326782894761137,
9,XYt,1,15,0.14661697426192588,
9,XYt,2,15,0.1464037403987859,
9,XYt,3,15,0.148389133626374,
9,XYt,4,15,0.15193480599604756,
9,XYt,5,15,0.15217035387566083,
9,XYt,6,15,0.15258562842707213,
9,XYt,7,15,0.151395196175499,
9,XYt,8,15,0.1500828830883732,
9,XYt,9,15,0.1501009280095433,
9,XYt,10,15,0.14975583005743368,
9,XYt,11,15,0.14787512833770042,
9,XYt,12,15,0.14504267688168165,
9,XYt,13,15,0.1425151217323677,
9,XYt,14,15,0.14040284287305124,
9,XYt,15,15,0.13692197887467425,
9,XYt,16,15,0.12580311245647574,
9,XYt,17,15,0.12021524387820948,
9,XYt,18,15,0.12316566156818584,
9,XYt,19,15,0.13329217834072457,
9,XYt,20,15,0.14036232544744856,
9,XYt,21,15,0.14410595912369667,
9,XYt,22,15,0.14441882513007748,
9,XYt,23,15,0.1413058376808851,
9,XYt,24,15,0.13575489194250823,
9,XYt,25,15,0.1287417577930447,
9,XYt,26,15,0.12111588830788947,
9,XYt,27,15,0.11407321205135493,
9,XYt,28,15,0.10867770491571566,
9,XYt,29,15,0.10507808564853514,
9,XYt,30,15,0.10263912940630955,
9,XYt,31,15,0.10205438473411294,
9,XYt,32,15,0.10416943933946644,
9,XYt,33,15,0.10966193625423319,
9,XYt,34,15,0.11899317618946259,
9,XYt,35,15,0.13340337588069032,
9,XYt,36,15,0.15677241010885165,
9,XYt,37,15,0.19555256490107897,
9,XYt,38,15,0.25945806745054917,
9,XYt,39,15,0.3567954406251389,
9,XYt,40,15,0.4634994723029271,
9,XYt,41,15,0.5452199299553135,
9,XYt,42,15,0.6029464563730793,
9,XYt,43,15,0.6516574477241601,
9,XYt,44,15,0.6918780380553453,
9,XYt,45,15,0.7188378370831707,
9,XYt,46,15,0.7204719811889618,
9,XYt,47,15,0.6749623397070804,
9,XYt,48,15,0.628591392926665,
9,XYt,49,15,0.6038535577630593,
9,XYt,50,15,0.5957280249825063,
9,XYt,51,15,0.5996205096512383,
9,XYt,52,15,0.6114522337593822,
9,XYt,53,15,0.6246376977670657,
9,XYt,54,15,0.6306780321617467,
9,XYt,55,15,0.622873493163181,
9,XYt,56,15,0.6002721603871949,
9,XYt,57,15,0.5672794771788897,
9,XYt,58,15,0.5360431588657739,
9,XYt,59,15,0.5168145084283681,
9,XYt,60,15,0.5076414416452407,
9,XYt,61,15,0.5017717226774967,
9,XYt,62,15,0.4954040070672577,
9,XYt,63,15,0.48906964364082056,
9,XYt,64,15,0.48299886733900604,
9,XYt,65,15,0.47917623175006807,
9,XYt,66,15,0.47741526392225464,
9,XYt,67,15,0.4769145012359216,
9,XYt,68,15,0.4750819353083048,
9,XYt,69,15,0.47248457892551876,
9,XYt,70,15,0.4703028971685958,
9,XYt,71,15,0.4683329518208889,
9,XYt,72,15,0.4670733994309074,
9,XYt,73,15,0.4642881704011092,
9,XYt,74,15,0.461334157464169,
9,XYt,75,15,0.4562571613371435,
9,XYt,76,15,0.4487511130557908,
9,XYt,77,15,0.4345088102864111,
9,XYt,78,15,0.4155917843740327,
9,XYt,79,15,0.39836235229670935,
9,XYt,80,15,0.3848520935267234,
9,XYt,81,15,0.3752828492997657,
9,XYt,82,15,0.369499700117976,
9,XYt,83,15,0.3662881318794572,
9,XYt,84,15,0.3638442619123447,
9,XYt,85,15,0.3616661763099221,
9,XYt,86,15,0.357821971285316,
9,XYt,87,15,0.3513961873946191,
9,XYt,88,15,0.3433207811413759,
9,XYt,89,15,0.3368732677691345,
9,XYt,90,15,0.3317620519789509,
9,XYt,91,15,0.32907821925957004,
9,XYt,92,15,0.3265613415065843,
9,XYt,93,15,0.32367771489465585,
9,XYt,94,15,0.32052471210157263,
9,XYt,95,15,0.31921985024094574,
9,XYt,96,15,0.31688354112380457,
9,XYt,97,15,0.31519631166052525,
9,XYt,98,15,0.3145637378699608,
9,XYt,99,15,0.31489374386891467,
9,XYt,100,15,0.3137037034543979,
9,XYt,101,15,0.3117312338029037,
9,XYt,102,15,0.3094306918936375,
9,XYt,103,15,0.306205719167313,
9,XYt,104,15,0.30295328105543406,
9,XYt,105,15,0.30084314064843154,
9,XYt,106,15,0.2988055030110894,
9,XYt,107,15,0.2976017609387895,
9,XYt,108,15,0.2973735112949163,
9,XYt,109,15,0.2975345762933937,
9,XYt,110,15,0.298085924764009,
9,XYt,111,15,0.29929549235434777,
9,XYt,112,15,0.30117265477901595,
9,XYt,113,15,0.30411096330323795,
9,XYt,114,15,0.3065224367915597,
9,XYt,115,15,0.30947512026043816,
9,XYt,116,15,0.31496961336872825,
9,XYt,117,15,0.32193865380328934,
9,XYt,118,15,0.3267208792710597,
9,XYt,119,15,0.33013387467401495,
9,XYt,120,15,0.33162531220935865,
9,XYt,121,15,0.3277599114199885,
9,XYt,122,15,0.3271595888222694,
9,XYt,123,15,0.3297829201934704,
9,XYt,124,15,0.3330904148260652,
9,XYt,125,15,0.33534604308483223,
9,XYt,126,15,0.3372770729506964,
9,XYt,127,15,0.3394856023388024,
9,XYt,128,15,0.34271079105595975,
9,XYt,129,15,0.3456284300827836,
9,XYt,130,15,0.34703861417435666,
9,XYt,131,15,0.3475236699428164,
9,XYt,132,15,0.34896803437566876,
9,XYt,133,15,0.35240996471886094,
9,XYt,134,15,0.3574031794328225,
9,XYt,135,15,0.3635937581914803,
9,XYt,136,15,0.3715965999523342,
9,XYt,137,15,0.3786876739682199,
9,XYt,138,15,0.38673849429661655,
9,XYt,139,15,0.3965253700215012,
9,XYt,140,15,0.3989789342704073,
9,XYt,141,15,0.3940835109188064,
9,XYt,142,15,0.38910695730043976,
9,XYt,143,15,0.3854483718662823,
9,XYt,144,15,0.3836445968157518,
9,XYt,145,15,0.38249453558306645,
9,XYt,146,15,0.38178091432883765,
9,XYt,147,15,0.3807609147516326,
9,XYt,148,15,0.37916668920464,
9,XYt,149,15,0.3774603539141578,
9,XYt,150,15,0.37544560395787147,
9,XYt,151,15,0.37388751862881503,
9,XYt,152,15,0.37298412849839824,
9,XYt,153,15,0.37151583899118246,
9,XYt,154,15,0.36899326204616256,
9,XYt,155,15,0.3663997631732112,
9,XYt,156,15,0.36421458905568926,
9,XYt,157,15,0.3586756248461885,
9,XYt,158,15,0.3487827126740233,
9,XYt,159,15,0.34004754539898024,
9,XYt,160,15,0.33290578798884374,
9,XYt,161,15,0.3245770035681916,
9,XYt,162,15,0.3165089477164955,
9,XYt,163,15,0.3103553263815485,
9,XYt,164,15,0.3045967570014791,
9,XYt,165,15,0.2981225857575509,
9,XYt,166,15,0.29034944722262523,
9,XYt,167,15,0.28121978500410166,
9,XYt,168,15,0.27361898189555334,
9,XYt,169,15,0.2695868823564501,
9,XYt,170,15,0.26751078596409716,
9,XYt,171,15,0.2664731052057926,
9,XYt,172,15,0.2660610347123888,
9,XYt,173,15,0.2649539690350873,
9,XYt,174,15,0.26379978788544295,
9,XYt,175,15,0.26195229925836483,
9,XYt,176,15,0.2592924252489972,
9,XYt,177,15,0.25673511995561743,
9,XYt,178,15,0.2557708365471838,
9,XYt,179,15,0.2549269266900934,
9,XYt,180,15,0.25252042589301066,
9,XYt,181,15,0.25067516120063826,
9,XYt,182,15,0.25041713028182916,
9,XYt,183,15,0.2501647717949275,
9,XYt,184,15,0.2503982815531942,
9,XYt,185,15,0.24972632312052992,
9,XYt,186,15,0.24756981667018196,
9,XYt,187,15,0.24485175413086233,
9,XYt,188,15,0.24460240458071825,
9,XYt,189,15,0.24613854681689198,
9,XYt,190,15,0.24892440613226316,
9,XYt,191,15,0.25232129192331726,
9,XYt,192,15,0.253783840838229,
9,XYt,193,15,0.2520949726125674,
9,XYt,194,15,0.25051950054069294,
9,XYt,195,15,0.2512566844040078,
9,XYt,196,15,0.25529380086746706,
9,XYt,197,15,0.26171695536694134,
9,XYt,198,15,0.26870555312332345,
9,XYt,199,15,0.27469940848516017,
9,XYt,200,15,0.2798536135416464,
9,XYt,201,15,0.2814482483426951,
9,XYt,202,15,0.2813023787002928,
9,XYt,203,15,0.281740262086036,
9,XYt,204,15,0.28188161241160575,
9,XYt,205,15,0.28364552562729667,
9,XYt,206,15,0.28758296989881593,
9,XYt,207,15,0.2936106514094226,
9,XYt,208,15,0.30235393369788305,
9,XYt,209,15,0.31037291900014796,
9,XYt,210,15,0.3164851720654147,
9,XYt,211,15,0.32139107647055076,
9,XYt,212,15,0.32439544425126143,
9,XYt,213,15,0.3270192419838151,
9,XYt,214,15,0.3317930261492219,
9,XYt,215,15,0.33819683024803393,
9,XYt,216,15,0.3467035652612889,
9,XYt,217,15,0.35509478581380266,
9,XYt,218,15,0.36709277599900914,
9,XYt,219,15,0.38327716815858875,
9,XYt,220,15,0.3913896560073998,
9,XYt,221,15,0.3949043425538595,
9,XYt,222,15,0.3995887951191734,
9,XYt,223,15,0.40311293515554675,
9,XYt,224,15,0.4047101330560606,
9,XYt,225,15,0.40455138390008755,
9,XYt,226,15,0.4024503556380049,
9,XYt,227,15,0.3996250332175438,
9,XYt,228,15,0.3963916660289958,
9,XYt,229,15,0.3933878097755347,
9,XYt,230,15,0.3901271442803513,
9,XYt,231,15,0.3848429970675601,
9,XYt,232,15,0.37806574084499495,
9,XYt,233,15,0.3696987715986084,
9,XYt,234,15,0.35988360881393705,
9,XYt,235,15,0.3478353314691755,
9,XYt,236,15,0.33271771783283893,
9,XYt,237,15,0.31655139743662103,
9,XYt,238,15,0.3054607012115673,
9,XYt,239,15,0.30057996971879464,
9,XYt,240,15,0.2983022925145357,
9,XYt,241,15,0.2979292266331826,
9,XYt,242,15,0.2977548193618412,
9,XYt,243,15,0.29800001856354796,
9,XYt,244,15,0.2985732495227655,
9,XYt,245,15,0.29912146318583166,
9,XYt,246,15,0.29860514727436166,
9,XYt,247,15,0.2993275056689364,
9,XYt,248,15,0.30077819383272975,
9,XYt,249,15,0.3012958048524574,
9,XYt,250,15,0.30116440748383017,
9,XYt,251,15,0.3008144947900317,
9,XYt,252,15,0.30026330377367394,
9,XYt,253,15,0.29995824734893,
9,XYt,254,15,0.30133515292947155,
9,XYt,255,15,0.3012534684787935,
9,XYt,256,15,0.29738899657421314,
9,XYt,257,15,0.2832545231979272,
9,XYt,258,15,0.2465406375156922,
9,XYt,259,15,0.2035533259687057,
9,XYt,260,15,0.1854229159410061,
9,XYt,261,15,0.18155869016145515,
9,XYt,262,15,0.17980931410262435,
9,XYt,263,15,0.17868813336657616,
9,XYt,264,15,0.17832150495741766,
9,XYt,265,15,0.1772805716610703,
9,XYt,266,15,0.17644967848865128,
9,XYt,267,15,0.17581341402585368,
9,XYt,268,15,0.17658079642141303,
9,XYt,269,15,0.17754582849739492,
9,XYt,270,15,0.17923630440703314,
9,XYt,271,15,0.17981093700773854,
9,XYt,272,15,0.17934378222675212,
9,XYt,273,15,0.17926107523313967,
9,XYt,274,15,0.18026632869176998,
9,XYt,275,15,0.18124162476953262,
9,XYt,276,15,0.18149356279406934,
9,XYt,277,15,0.18082478300276958,
9,XYt,278,15,0.179767051731396,
9,XYt,279,15,0.17840084298532483,
9,XYt,280,15,0.1773412666328705,
9,XYt,281,15,0.1774028078024649,
9,XYt,282,15,0.17848989861046816,
9,XYt,283,15,0.1809442679761064,
9,XYt,284,15,0.1831567662135463,
9,XYt,285,15,0.18443287832577993,
9,XYt,286,15,0.18425945003109134,
9,XYt,287,15,0.18327045898013,
9,XYt,288,15,0.18118410582654915,
9,XYt,289,15,0.17886044626803946,
9,XYt,290,15,0.17664443470063235,
9,XYt,291,15,0.1760873479545341,
9,XYt,292,15,0.17565983633898574,
9,XYt,293,15,0.17566866388740904,
9,XYt,294,15,0.17612094968794917,
9,XYt,295,15,0.17582308198480723,
9,XYt,296,15,0.175759756149585,
9,XYt,297,15,0.17660387248975237,
9,XYt,298,15,0.17774356781287048,
9,XYt,299,15,0.17874697130618283,
9,XYt,300,15,0.1810112365701013,
9,XYt,301,15,0.18273456832577561,
9,XYt,302,15,0.18293142866471693,
9,XYt,303,15,0.18084832318757518,
9,XYt,304,15,0.17843999653648432,
9,XYt,305,15,0.17725739603878035,
9,XYt,306,15,0.17717857768091325,
9,XYt,307,15,0.17742103224708713,
9,XYt,308,15,0.17848129544234617,
9,XYt,309,15,0.17969730519564867,
9,XYt,310,15,0.18111799760020908,
9,XYt,311,15,0.18120667177087268,
9,XYt,312,15,0.1810378857315199,
9,XYt,313,15,0.18150771760092718,
9,XYt,314,15,0.18233704551411561,
9,XYt,315,15,0.18185051347653955,
9,XYt,316,15,0.18031941477186364,
9,XYt,317,15,0.17854909992763543,
9,XYt,318,15,0.1764935123800726,
9,XYt,319,15,0.17582759676601084,
9,XYt,320,15,0.1756678217374501,
9,XYt,321,15,0.17827927874229538,
9,XYt,322,15,0.1795675978445471,
9,XYt,323,15,0.18218713644862664,
9,XYt,324,15,0.1845833198648518,
9,XYt,325,15,0.22794862135008484,
9,XYt,326,15,0.2783997659664641,
9,XYt,327,15,0.29791958899244164,
9,XYt,328,15,0.30834796550179977,
9,XYt,329,15,0.3122500631291425,
9,XYt,330,15,0.31014304308573887,
9,XYt,331,15,0.3083639422474444,
9,XYt,332,15,0.30593732022529957,
9,XYt,333,15,0.3071429504586963,
9,XYt,334,15,0.3100193298669067,
9,XYt,335,15,0.3169993362622054,
9,XYt,336,15,0.32143181404820514,
9,XYt,337,15,0.3247551841477478,
9,XYt,338,15,0.32724013935933244,
9,XYt,339,15,0.3336071090514757,
9,XYt,340,15,0.34110104193132074,
9,XYt,341,15,0.34489720618862846,
9,XYt,342,15,0.35174449580828965,
9,XYt,343,15,0.3612858038529862,
9,XYt,344,15,0.36607780813915597,
9,XYt,345,15,0.36948080063784916,
9,XYt,346,15,0.3726163908063538,
9,XYt,347,15,0.3750617121853433,
9,XYt,348,15,0.3766267108102483,
9,XYt,349,15,0.37705881407074227,
9,XYt,350,15,0.3761709559455375,
9,XYt,351,15,0.3766667181186287,
9,XYt,352,15,0.38217778314844497,
9,XYt,353,15,0.3831856227371022,
9,XYt,354,15,0.3829537081849853,
9,XYt,355,15,0.37958934090291696,
9,XYt,356,15,0.3743521452756379,
9,XYt,357,15,0.36321815983341493,
9,XYt,358,15,0.34602767721534977,
9,XYt,359,15,0.3350590349809433,
9,XYt,360,15,0.3272951227198608,
9,XYt,361,15,0.3207715496651861,
9,XYt,362,15,0.31521897991056513,
9,XYt,363,15,0.3119901378678068,
9,XYt,364,15,0.3120663008922042,
9,XYt,365,15,0.3105703594292162,
9,XYt,366,15,0.3079294796858215,
9,XYt,367,15,0.3056240441785475,
9,XYt,368,15,0.30763094155410703,
9,XYt,369,15,0.3060658492437663,
9,XYt,370,15,0.303644220171514,
9,XYt,371,15,0.3011962783684714,
9,XYt,372,15,0.2969144510925173,
9,XYt,373,15,0.29333354675742573,
9,XYt,374,15,0.29151573816914794,
9,XYt,375,15,0.2914427365926352,
9,XYt,376,15,0.28776897070659146,
9,XYt,377,15,0.28259680263539905,
9,XYt,378,15,0.2752493598980968,
9,XYt,379,15,0.26932199980511995,
9,XYt,380,15,0.2648418128666179,
9,XYt,381,15,0.26579861294060575,
9,XYt,382,15,0.2674452804238594,
9,XYt,383,15,0.2674748180731769,
9,XYt,384,15,0.26329507687088904,
9,XYt,385,15,0.2553750757673623,
9,XYt,386,15,0.25263341623845786,
9,XYt,387,15,0.2561875477087707,
9,XYt,388,15,0.2571469958050604,
9,XYt,389,15,0.25931952713395723,
9,XYt,390,15,0.26116464530371886,
9,XYt,391,15,0.2629481617243791,
9,XYt,392,15,0.2634972076361261,
9,XYt,393,15,0.2645186715024603,
9,XYt,394,15,0.2638601074697063,
9,XYt,395,15,0.26362142216900597,
9,XYt,396,15,0.26494644009208845,
9,XYt,397,15,0.2673631956061998,
9,XYt,398,15,0.2694793959617261,
9,XYt,399,15,0.2708248021317132,
9,XYt,400,15,0.2713092795257638,
9,XYt,401,15,0.2707232815688074,
9,XYt,402,15,0.2684844465964135,
9,XYt,403,15,0.2664318997323396,
9,XYt,404,15,0.26522380833868114,
9,XYt,405,15,0.26477084331259937,
9,XYt,406,15,0.26696098969609783,
9,XYt,407,15,0.26962540638785193,
9,XYt,408,15,0.27382133521554025,
9,XYt,409,15,0.27723566421854096,
9,XYt,410,15,0.27891865884488803,
9,XYt,411,15,0.273855488183918,
9,XYt,412,15,0.2754706401882019,
9,XYt,413,15,0.27863541738288006,
9,XYt,414,15,0.282228192201127,
9,XYt,415,15,0.2860419433420625,
9,XYt,416,15,0.292415539508121,
9,XYt,417,15,0.29950299322004215,
9,XYt,418,15,0.3048614870355068,
9,XYt,419,15,0.30725262383184393,
9,XYt,420,15,0.30870169916132745,
9,XYt,421,15,0.3076845084697161,
9,XYt,422,15,0.31091460741448984,
9,XYt,423,15,0.3124312535767964,
9,XYt,424,15,0.31349960342802213,
9,XYt,425,15,0.31422088796238107,
9,XYt,426,15,0.3143777599112888,
9,XYt,427,15,0.3134946332719676,
9,XYt,428,15,0.3150960085982367,
9,XYt,429,15,0.31764825239413563,
9,XYt,430,15,0.3219995753002903,
9,XYt,431,15,0.3269458375136503,
9,XYt,432,15,0.3330644132589068,
9,XYt,433,15,0.3394010122148076,
9,XYt,434,15,0.3468408140722455,
9,XYt,435,15,0.3568764664212772,
9,XYt,436,15,0.37551755156129923,
9,XYt,437,15,0.38603199204502775,
9,XYt,438,15,0.3878554079618936,
9,XYt,439,15,0.38893716636902936,
9,XYt,440,15,0.3906223166246408,
9,XYt,441,15,0.39194457009057965,
9,XYt,442,15,0.39326023189961934,
9,XYt,443,15,0.3933330264287526,
9,XYt,444,15,0.39166272426216386,
9,XYt,445,15,0.3884743072268499,
9,XYt,446,15,0.38370358199399357,
9,XYt,447,15,0.3787591749327241,
9,XYt,448,15,0.37300356094609766,
9,XYt,449,15,0.36669340343083684,
9,XYt,450,15,0.35996902481582593,
9,XYt,451,15,0.3521164795485521,
9,XYt,452,15,0.3427943672085209,
9,XYt,453,15,0.33240126620326355,
9,XYt,454,15,0.3183359811919674,
9,XYt,455,15,0.30447502272903315,
9,XYt,456,15,0.29663481327157615,
9,XYt,457,15,0.29294220482689926,
9,XYt,458,15,0.2923794618889184,
9,XYt,459,15,0.29154399625369437,
9,XYt,460,15,0.2913018055366208,
9,XYt,461,15,0.2911598986476877,
9,XYt,462,15,0.2909674838784998,
9,XYt,463,15,0.2911691517911261,
9,XYt,464,15,0.29381158650819256,
9,XYt,465,15,0.2952367167934419,
9,XYt,466,15,0.2882056905807408,
9,XYt,467,15,0.2541022791352898,
9,XYt,468,15,0.20091838670866874,
9,XYt,469,15,0.17349291159116795,
9,XYt,470,15,0.16895043963177675,
9,XYt,471,15,0.16787309967318434,
9,XYt,472,15,0.1666825137739446,
9,XYt,473,15,0.1651954097427408,
9,XYt,474,15,0.16300057968365259,
9,XYt,475,15,0.1607070270693765,
9,XYt,476,15,0.15846007939579762,
9,XYt,477,15,0.15691700207638032,
9,XYt,478,15,0.155656694364832,
9,XYt,479,15,0.1551191413801598,
9,XYt,480,15,0.15447613669545734,
9,XYt,481,15,0.15400338213269604,
9,XYt,482,15,0.15465996561923268,
9,XYt,483,15,0.15585465995323847,
9,XYt,484,15,0.1565096470734139,
9,XYt,485,15,0.15651317866500353,
9,XYt,486,15,0.15547546150860525,
9,XYt,487,15,0.1544628255132667,
9,XYt,488,15,0.15466949868282762,
9,XYt,489,15,0.1564777637646103,
9,XYt,490,15,0.15820725012100273,
9,XYt,491,15,0.1597970651294445,
9,XYt,492,15,0.16076109688077464,
9,XYt,493,15,0.16107241965181296,
9,XYt,494,15,0.16100117722072524,
9,XYt,495,15,0.1603219884496751,
9,XYt,496,15,0.15910981907540309,
9,XYt,497,15,0.15711898966017604,
9,XYt,498,15,0.15444755612983732,
9,XYt,499,15,0.15143490093887044,
9,XYt,500,15,0.147994294769935,
9,XYt,501,15,0.14723263854974886,
9,XYt,502,15,0.14813669747438574,
9,XYt,503,15,0.14891206881275912,
9,XYt,504,15,0.14985493602587174,
9,XYt,505,15,0.1500643465914077,
9,XYt,506,15,0.14990453211885987,
9,XYt,507,15,0.14895281910365107,
9,XYt,508,15,0.15011396976409802,
9,XYt,509,15,0.1506781961377161,
9,XYt,510,15,0.15052082336130126,
9,XYt,511,15,0.1504960774885066,
9,XYt,512,15,0.15110159391764297,
9,XYt,513,15,0.1515709390936684,
9,XYt,514,15,0.15226296531548275,
9,XYt,515,15,0.15277095742371744,
9,XYt,516,15,0.15252908887131245,
9,XYt,517,15,0.15161788799326648,
9,XYt,518,15,0.15042281393315685,
9,XYt,519,15,0.14930050825136298,
9,XYt,520,15,0.14797860575762625,
9,XYt,521,15,0.14626760024765034,
9,XYt,522,15,0.14302376480122525,
9,XYt,523,15,0.14024248863456104,
9,XYt,524,15,0.14023073644295653,
9,XYt,525,15,0.14034427115173598,
9,XYt,526,15,0.14101768729761285,
9,XYt,527,15,0.14191146043191666,
9,XYt,528,15,0.14200990196326235,
9,XYt,529,15,0.14090759404733838,
9,XYt,530,15,0.13878962432684422,
9,XYt,531,15,0.13830169799250827,
9,XYt,532,15,0.14059947162717187,
9,XYt,533,15,0.14937391583013349,
9,XYt,534,15,0.177061170339103,
9,XYt,535,15,0.22208805463005896,
9,XYt,536,15,0.25621188888734225,
9,XYt,537,15,0.2662212892979447,
9,XYt,538,15,0.26948753914610474,
9,XYt,539,15,0.27033984927156446,
9,XYt,540,15,0.2723065592958103,
9,XYt,541,15,0.2702458120569006,
9,XYt,542,15,0.2654616914445431,
9,XYt,543,15,0.2609180007168612,
9,XYt,544,15,0.25835174579063763,
9,XYt,545,15,0.258993560357876,
9,XYt,546,15,0.2631194297046575,
9,XYt,547,15,0.2671232941586782,
9,XYt,548,15,0.26400829779601287,
9,XYt,549,15,0.25898744764019926,
9,XYt,550,15,0.2554479215104162,
9,XYt,551,15,0.2534477160777688,
9,XYt,552,15,0.25213233504048616,
9,XYt,553,15,0.2515446797315205,
9,XYt,554,15,0.2511872199206636,
9,XYt,555,15,0.25081517628340255,
9,XYt,556,15,0.2501239150798968,
9,XYt,557,15,0.24878450289212375,
9,XYt,558,15,0.2464050236354705,
9,XYt,559,15,0.24163107300042033,
9,XYt,560,15,0.2319156656099328,
9,XYt,561,15,0.22037811002056087,
9,XYt,562,15,0.2149623711957136,
9,XYt,563,15,0.21664398139206184,
9,XYt,564,15,0.2179440849478587,
9,XYt,565,15,0.21717228795359958,
9,XYt,566,15,0.21265739325109909,
9,XYt,567,15,0.20815494632065484,
9,XYt,568,15,0.2038053226275188,
9,XYt,569,15,0.19952198698153104,
9,XYt,570,15,0.19379192207640156,
9,XYt,571,15,0.18644864006436287,
9,XYt,572,15,0.17997888425676908,
9,XYt,573,15,0.17679734567501326,
9,XYt,574,15,0.17625058179013733,
9,XYt,575,15,0.1772288115497803,
9,XYt,576,15,0.17921232540904017,
9,XYt,577,15,0.18113742693645238,
9,XYt,578,15,0.1820660052352638,
9,XYt,579,15,0.1830460346305189,
9,XYt,580,15,0.18410406414418537,
9,XYt,581,15,0.1858495492679445,
9,XYt,582,15,0.1862809941440958,
9,XYt,583,15,0.18556873510616104,
9,XYt,584,15,0.1849348446103241,
9,XYt,585,15,0.1841777060936585,
9,XYt,586,15,0.184049674406312,
9,XYt,587,15,0.18573756546938924,
9,XYt,588,15,0.18381498106358982,
9,XYt,589,15,0.178851643082721,
9,XYt,590,15,0.172090707765693,
9,XYt,591,15,0.1666249215184763,
9,XYt,592,15,0.16444258929879438,
9,XYt,593,15,0.16406066625666835,
9,XYt,594,15,0.16421827211156126,
9,XYt,595,15,0.16422022155328575,
9,XYt,596,15,0.1643281978644328,
9,XYt,597,15,0.1644158244796134,
9,XYt,598,15,0.164507458616744,
9,XYt,599,15,0.16473867067209275,
9,XYt,600,15,0.16534422118645464,
9,XYt,601,15,0.16679716264348232,
9,XYt,602,15,0.1680008733659545,
9,XYt,603,15,0.16857565225512758,
9,XYt,604,15,0.1690038108314123,
9,XYt,605,15,0.1692269571092277,
9,XYt,606,15,0.16949350971819807,
9,XYt,607,15,0.1696298637923925,
9,XYt,608,15,0.16959766643197324,
9,XYt,609,15,0.16938883289483173,
9,XYt,610,15,0.16876877366932735,
9,XYt,611,15,0.16768676076512337,
9,XYt,612,15,0.16640269803480004,
9,XYt,613,15,0.16501633074648708,
9,XYt,614,15,0.16361468919330488,
9,XYt,615,15,0.16258880016005328,
9,XYt,616,15,0.16170397438237355,
9,XYt,617,15,0.1607732816343066,
9,XYt,618,15,0.16121617639970962,
9,XYt,619,15,0.1621628811956094,
9,XYt,620,15,0.16112513511633575,
9,XYt,621,15,0.16178701324585618,
9,XYt,622,15,0.16533007215353795,
9,XYt,623,15,0.17087898775144061,
9,XYt,624,15,0.17562225556604064,
9,XYt,625,15,0.18242519581187883,
9,XYt,626,15,0.18562862543366673,
9,XYt,627,15,0.18677911982895257,
9,XYt,628,15,0.1880148180143209,
9,XYt,629,15,0.18896666184095984,
9,XYt,630,15,0.1892772621644253,
9,XYt,631,15,0.18791213094635456,
9,XYt,632,15,0.1852596746150627,
9,XYt,633,15,0.18314384586825264,
9,XYt,634,15,0.1811603414748811,
9,XYt,635,15,0.17851081506405442,
9,XYt,636,15,0.1756109699405262,
9,XYt,637,15,0.17384028087696882,
9,XYt,638,15,0.17256441832744113,
9,XYt,639,15,0.17217383009525297,
9,XYt,640,15,0.1738895442053912,
9,XYt,641,15,0.17906898189359652,
9,XYt,642,15,0.18589838877267942,
9,XYt,643,15,0.19163940502173762,
9,XYt,644,15,0.1954812881325324,
9,XYt,645,15,0.1986769099316784,
9,XYt,646,15,0.20188049147247192,
9,XYt,647,15,0.2049850384420471,
9,XYt,648,15,0.20583078800521085,
9,XYt,649,15,0.20599855231958003,
9,XYt,650,15,0.20577579523406903,
9,XYt,651,15,0.20578793131166923,
9,XYt,652,15,0.21473105388372205,
9,XYt,653,15,0.22523903138891563,
9,XYt,654,15,0.2302321205258191,
9,XYt,655,15,0.23215540982619992,
9,XYt,656,15,0.2330683156922205,
9,XYt,657,15,0.23384364097609303,
9,XYt,658,15,0.23469698236022515,
9,XYt,659,15,0.23538980688551803,
9,XYt,660,15,0.2361695697188729,
9,XYt,661,15,0.23721249266587208,
9,XYt,662,15,0.23856381430812007,
9,XYt,663,15,0.24092471412813662,
9,XYt,664,15,0.24471268904170218,
9,XYt,665,15,0.2494768884161396,
9,XYt,666,15,0.2512706079492958,
9,XYt,667,15,0.2506570707294656,
9,XYt,668,15,0.24996952908468145,
9,XYt,669,15,0.2509374582460381,
9,XYt,670,15,0.2528113633591379,
9,XYt,671,15,0.2532566511371488,
9,XYt,672,15,0.24920846248127557,
9,XYt,673,15,0.24285310887634734,
9,XYt,674,15,0.23678979470176864,
9,XYt,675,15,0.22298884453857024,
9,XYt,676,15,0.20312043186354792,
9,XYt,677,15,0.17796102099402403,
9,XYt,678,15,0.1535938164345812,
9,XYt,679,15,0.13776687829734582,
9,XYt,680,15,0.1287725041721244,
9,XYt,681,15,0.12374754836090701,
9,XYt,682,15,0.12159826171554322,
9,XYt,683,15,0.12100512161883827,
9,XYt,684,15,0.12091524137903863,
9,XYt,685,15,0.12144899608895988,
9,XYt,686,15,0.12216420701611166,
9,XYt,687,15,0.12316763029249873,
9,XYt,688,15,0.1242688175911859,
9,XYt,689,15,0.12497591849331578,
9,XYt,690,15,0.12550621827642403,
9,XYt,691,15,0.12579445987691795,
9,XYt,692,15,0.12596399262119395,
9,XYt,693,15,0.12548785586634087,
9,XYt,694,15,0.12484936407813843,
9,XYt,695,15,0.12399544965838785,
9,XYt,696,15,0.12306366426548132,
9,XYt,697,15,0.12262888082155013,
9,XYt,698,15,0.1223074254714433,
9,XYt,699,15,0.12204785254726448,
9,XYt,700,15,0.12218694823672792,
9,XYt,701,15,0.12250229448275118,
9,XYt,702,15,0.12279666583075559,
9,XYt,703,15,0.12352513342325437,
9,XYt,704,15,0.12464803063121264,
9,XYt,705,15,0.12609650932454167,
9,XYt,706,15,0.12817876273355927,
9,XYt,707,15,0.13150162098268647,
9,XYt,708,15,0.14046596375538678,
9,XYt,709,15,0.18261267678425563,
9,XYt,710,15,0.1739319352273588,
9,XYt,711,15,0.18559916046425867,
9,XYt,712,15,0.185880501635673,
9,XYt,713,15,0.1876808571611692,
9,XYt,714,15,0.18736392935236823,
9,XYt,715,15,0.1824178081090987,
9,XYt,716,15,0.1692837250430831,
9,XYt,717,15,0.15606113310873243,
9,XYt,718,15,0.1490979619984316,
9,XYt,719,15,0.16239329146614712,
9,XYt,720,15,0.1889488863591316,
9,XYt,721,15,0.21546639116617228,
9,XYt,722,15,0.23915077873142687,
9,XYt,723,15,0.26520881593669077,
9,XYt,724,15,0.29526239173797725,
9,XYt,725,15,0.3244045467368084,
9,XYt,726,15,0.340413279044222,
9,XYt,727,15,0.34315574903456436,
9,YZt,0,15,0.4041361731624287,
9,YZt,1,15,0.2704386885993693,
9,YZt,2,15,0.24032788045303655,
9,YZt,3,15,0.2212424550222786,
9,YZt,4,15,0.2108478630441072,
9,YZt,5,15,0.2141780742719881,
9,YZt,6,15,0.2128816141776277,
9,YZt,7,15,0.22029202047633617,
9,YZt,8,15,0.23174419285943165,
9,YZt,9,15,0.24075407115939138,
9,YZt,10,15,0.24102309268957,
9,YZt,11,15,0.24710782443803284,
9,YZt,12,15,0.24978828554035837,
9,YZt,13,15,0.24968520114119308,
9,YZt,14,15,0.255600802585595,
9,YZt,15,15,0.2621398390607335,
9,YZt,16,15,0.2645516462522485,
9,YZt,17,15,0.26794403276795903,
9,YZt,18,15,0.2715541480519676,
9,YZt,19,15,0.2771303018408893,
9,YZt,20,15,0.2835815311720702,
9,YZt,21,15,0.2865570290592751,
9,YZt,22,15,0.2927564309526114,
9,YZt,23,15,0.293649704684465,
9,YZt,24,15,0.30271062017198924,
9,YZt,25,15,0.30803525556265976,
9,YZt,26,15,0.30685677862956984,
9,YZt,27,15,0.31556077364590956,
9,YZt,28,15,0.3198485765041202,
9,YZt,29,15,0.3197015166349504,
9,YZt,30,15,0.32671885934324696,
9,YZt,31,15,0.33297700488852183,
9,YZt,32,15,0.3384529488827487,
9,YZt,33,15,0.34421418834308193,
9,YZt,34,15,0.34978374294370007,
9,YZt,35,15,0.35310835149062053,
9,YZt,36,15,0.36287824657107587,
9,YZt,37,15,0.36828438798159085,
9,YZt,38,15,0.3698373380333086,
9,YZt,39,15,0.36710775097053117,
9,YZt,40,15,0.36167180667911575,
9,YZt,41,15,0.3548943012993102,
9,YZt,42,15,0.34968290150003384,
9,YZt,43,15,0.3397055039721818,
9,YZt,44,15,0.3282317083974518,
9,YZt,45,15,0.3175656487240307,
9,YZt,46,15,0.3073719440291277,
9,YZt,47,15,0.2977010314612896,
9,YZt,48,15,0.28994533598690064,
9,YZt,49,15,0.28657230754576535,
9,YZt,50,15,0.28163869256939494,
9,YZt,51,15,0.27804650069804965,
9,YZt,52,15,0.27698976444943785,
9,YZt,53,15,0.27950804926403533,
9,YZt,54,15,0.282016582303862,
9,YZt,55,15,0.28686621643358307,
9,YZt,56,15,0.29457875020013763,
9,YZt,57,15,0.305232641827512,
9,YZt,58,15,0.3170538342644591,
9,YZt,59,15,0.33171576263781744,
9,YZt,60,15,0.35212498028480316,
9,YZt,61,15,0.37353054800595265,
9,YZt,62,15,0.39381271005421836,
9,YZt,63,15,0.40834460359908015,
9,YZt,64,15,0.39850599275313,
9,YZt,65,15,0.3723367483910335,
9,YZt,66,15,0.3273090894164523,
9,YZt,67,15,0.2786731122564445,
9,YZt,68,15,0.2396616405500668,
9,YZt,69,15,0.21351550277666742,
9,YZt,70,15,0.19611671946389997,
9,YZt,71,15,0.18360762997737648,
9,YZt,72,15,0.17504490779934453,
9,YZt,73,15,0.16689472758335122,
9,YZt,74,15,0.16107734941125823,
9,YZt,75,15,0.15653972083361237,
9,YZt,76,15,0.15278489141694734,
9,YZt,77,15,0.14938899481114493,
9,YZt,78,15,0.14781747141262672,
9,YZt,79,15,0.1466770230505692,
9,YZt,80,15,0.14670892941627883,
9,YZt,81,15,0.14745922587970872,
9,YZt,82,15,0.148602677841447,
9,YZt,83,15,0.15104693438581426,
9,YZt,84,15,0.1534671916886006,
9,YZt,85,15,0.15611849930399738,
9,YZt,86,15,0.1592726168226037,
9,YZt,87,15,0.16264918012032364,
9,YZt,88,15,0.16645812409380598,
9,YZt,89,15,0.1696210323810384,
9,YZt,90,15,0.17317842007585493,
9,YZt,91,15,0.1764403747594888,
9,YZt,92,15,0.1791583158229045,
9,YZt,93,15,0.18218411624261452,
9,YZt,94,15,0.1852306545547964,
9,YZt,95,15,0.18812330469074715,
9,YZt,96,15,0.19094172074716947,
9,YZt,97,15,0.19419198125643955,
9,YZt,98,15,0.19724908306196146,
9,YZt,99,15,0.19994761462775718,
9,YZt,100,15,0.20342818006400315,
9,YZt,101,15,0.206886770127511,
9,YZt,102,15,0.21040685640053236,
9,YZt,103,15,0.21397096421471654,
9,YZt,104,15,0.21806796861050975,
9,YZt,105,15,0.22265278614485043,
9,YZt,106,15,0.22799353461788943,
9,YZt,107,15,0.2339946109345485,
9,YZt,108,15,0.24108749834983748,
9,YZt,109,15,0.24946821622161236,
9,YZt,110,15,0.2586265756316368,
9,YZt,111,15,0.2674452777508174,
9,YZt,112,15,0.2772793669915433,
9,YZt,113,15,0.28537346097402183,
9,YZt,114,15,0.29195401615996935,
9,YZt,115,15,0.2967322405666136,
9,YZt,116,15,0.3017924758079263,
9,YZt,117,15,0.30641442972742544,
9,YZt,118,15,0.31037592096442873,
9,YZt,119,15,0.31195533629394745,
9,YZt,120,15,0.3114248155523728,
9,YZt,121,15,0.3083468140377574,
9,YZt,122,15,0.30257324210247055,
9,YZt,123,15,0.29617926090021324,
9,YZt,124,15,0.28942876747857577,
9,YZt,125,15,0.28316644100095567,
9,YZt,126,15,0.2785784722276541,
9,YZt,127,15,0.27606439071059935,
9,YZt,128,15,0.2748120417788097,
9,YZt,129,15,0.27427193184431226,
9,YZt,130,15,0.2744841304430192,
9,YZt,131,15,0.27478613237483634,
9,YZt,132,15,0.275476837856345,
9,YZt,133,15,0.2763460065339451,
9,YZt,134,15,0.2771513745477676,
9,YZt,135,15,0.27824123373887033,
9,YZt,136,15,0.279192085853089,
9,YZt,137,15,0.27915417411980514,
9,YZt,138,15,0.2800305953496818,
9,YZt,139,15,0.28018050228176816,
9,YZt,140,15,0.28013250404193957,
9,YZt,141,15,0.2783194168239228,
9,YZt,142,15,0.27531212511151315,
9,YZt,143,15,0.27166054345740454,
9,YZt,144,15,0.2673622612649544,
9,YZt,145,15,0.2628203254335935,
9,YZt,146,15,0.25807049696946854,
9,YZt,147,15,0.2534998130368137,
9,YZt,148,15,0.24985476269941487,
9,YZt,149,15,0.24654140097840663,
9,YZt,150,15,0.2435774456045551,
9,YZt,151,15,0.24033685151462672,
9,YZt,152,15,0.238194444503096,
9,YZt,153,15,0.23603480824265027,
9,YZt,154,15,0.23384259892213244,
9,YZt,155,15,0.23201862170734122,
9,YZt,156,15,0.22924714606435162,
9,YZt,157,15,0.22565038555908537,
9,YZt,158,15,0.21990594932046414,
9,YZt,159,15,0.2124185653840861,
9,YZt,160,15,0.20407832865607808,
9,YZt,161,15,0.19652940151790543,
9,YZt,162,15,0.18932957147299287,
9,YZt,163,15,0.18227376702071485,
9,YZt,164,15,0.17622462574459793,
9,YZt,165,15,0.16994709755901335,
9,YZt,166,15,0.16403322574698415,
9,YZt,167,15,0.15793061679999326,
9,YZt,168,15,0.15189733292241436,
9,YZt,169,15,0.1456334746444136,
9,YZt,170,15,0.14003843074727726,
9,YZt,171,15,0.13518481715586017,
9,YZt,172,15,0.13100186267653063,
9,YZt,173,15,0.12903678499798163,
9,YZt,174,15,0.1285626292565393,
9,YZt,175,15,0.12855904930950002,
9,YZt,176,15,0.12933313606286334,
9,YZt,177,15,0.13055485626472846,
9,YZt,178,15,0.1340287752862658,
9,YZt,179,15,0.13822696465027773,
9,YZt,180,15,0.14303761106731988,
9,YZt,181,15,0.15005653655076986,
9,YZt,182,15,0.15872560999162644,
9,YZt,183,15,0.17014967754436075,
9,YZt,184,15,0.18640640903683287,
9,YZt,185,15,0.21046570328491368,
9,YZt,186,15,0.24592926709971724,
9,YZt,187,15,0.3036418265969613,
9,YZt,188,15,0.37069588097400874,
9,YZt,189,15,0.4403639951305031,
9,YZt,190,15,0.49581602221456533,
9,YZt,191,15,0.516257827021996,
9,YZt,192,15,0.5100146638520001,
9,YZt,193,15,0.4888739183266602,
9,YZt,194,15,0.4770999448429819,
9,YZt,195,15,0.4555456640268504,
9,YZt,196,15,0.44370696715905245,
9,YZt,197,15,0.4283916134154459,
9,YZt,198,15,0.42082821992625635,
9,YZt,199,15,0.41364489096917284,
9,YZt,200,15,0.4023560238525681,
9,YZt,201,15,0.3974863562158347,
9,YZt,202,15,0.3925000579886857,
9,YZt,203,15,0.38317310261960114,
9,YZt,204,15,0.3795598898961937,
9,YZt,205,15,0.3779081743588063,
9,YZt,206,15,0.3765549664328759,
9,YZt,207,15,0.36914893308727453,
9,YZt,208,15,0.36767351457898956,
9,YZt,209,15,0.36527295636248663,
9,YZt,210,15,0.36305990798404963,
9,YZt,211,15,0.3558154639513794,
9,YZt,212,15,0.3535106692604784,
9,YZt,213,15,0.3533036167735138,
9,YZt,214,15,0.3521570150785102,
9,YZt,215,15,0.3506002183065528,
9,YZt,216,15,0.34958516253933913,
9,YZt,217,15,0.34888706964427174,
9,YZt,218,15,0.3412186973535912,
9,YZt,219,15,0.33920422438290665,
9,YZt,220,15,0.3362472089607987,
9,YZt,221,15,0.33415982684042406,
9,YZt,222,15,0.33046672767610175,
9,YZt,223,15,0.3267811510496394,
9,YZt,224,15,0.3217121511212101,
9,YZt,225,15,0.32282596430736177,
9,YZt,226,15,0.32021218557359316,
9,YZt,227,15,0.31679119708682374,
9,YZt,228,15,0.3140005300983928,
9,YZt,229,15,0.3097926812496423,
9,YZt,230,15,0.30318801043539495,
9,YZt,231,15,0.30374462420781334,
9,YZt,232,15,0.30009405498483266,
9,YZt,233,15,0.291624510815273,
9,YZt,234,15,0.2925811437447076,
9,YZt,235,15,0.2883474136066458,
9,YZt,236,15,0.2809450394470678,
9,YZt,237,15,0.28142826221962175,
9,YZt,238,15,0.275469872366156,
9,YZt,239,15,0.27387865827021507,
9,YZt,240,15,0.2683191411040394,
9,YZt,241,15,0.26291159042433354,
9,YZt,242,15,0.26041355533123,
9,YZt,243,15,0.25802188735961296,
9,YZt,244,15,0.2554235151550563,
9,YZt,245,15,0.251299094318903,
9,YZt,246,15,0.24548453442681606,
9,YZt,247,15,0.2464095365064838,
9,YZt,248,15,0.243722742444473,
9,YZt,249,15,0.23877753772582863,
9,YZt,250,15,0.23937902216623227,
9,YZt,251,15,0.23141096798983024,
9,YZt,252,15,0.22124984403196457,
9,YZt,253,15,0.2130170764997278,
9,YZt,254,15,0.21313011286005742,
9,YZt,255,15,0.20656231944645698,
9,YZt,256,15,0.2158066667482187,
9,YZt,257,15,0.23637579384590338,
9,YZt,258,15,0.26854785340342296,
9,YZt,259,15,0.3996080510612456,
9,XZt,0,15,0.3834423568387505,
9,XZt,1,15,0.23410266149694933,
9,XZt,2,15,0.20783142236086982,
9,XZt,3,15,0.19368460409794128,
9,XZt,4,15,0.18975930872564337,
9,XZt,5,15,0.19923448148816983,
9,XZt,6,15,0.20312261091459083,
9,XZt,7,15,0.21895172831098228,
9,XZt,8,15,0.23028231788211662,
9,XZt,9,15,0.24040533474282497,
9,XZt,10,15,0.24071175471471434,
9,XZt,11,15,0.2468664753234066,
9,XZt,12,15,0.2487499175789274,
9,XZt,13,15,0.24874335945119724,
9,XZt,14,15,0.25346360570234416,
9,XZt,15,15,0.25963899804954305,
9,XZt,16,15,0.26191256882472763,
9,XZt,17,15,0.2634661530715564,
9,XZt,18,15,0.26667845100944365,
9,XZt,19,15,0.2714816327464226,
9,XZt,20,15,0.27590035819260145,
9,XZt,21,15,0.27841933356498166,
9,XZt,22,15,0.28453936548763026,
9,XZt,23,15,0.2826238807122805,
9,XZt,24,15,0.2896598288030784,
9,XZt,25,15,0.2940274195881781,
9,XZt,26,15,0.29099803370091964,
9,XZt,27,15,0.2972875444021572,
9,XZt,28,15,0.30057543075763954,
9,XZt,29,15,0.3003118388841288,
9,XZt,30,15,0.30478664511289966,
9,XZt,31,15,0.30855666530216536,
9,XZt,32,15,0.31222023668833965,
9,XZt,33,15,0.3144628759159392,
9,XZt,34,15,0.31655633957846757,
9,XZt,35,15,0.3145550165345852,
9,XZt,36,15,0.3201489934494775,
9,XZt,37,15,0.3240035208090008,
9,XZt,38,15,0.3281032042743551,
9,XZt,39,15,0.3327985197760628,
9,XZt,40,15,0.33696736291478,
9,XZt,41,15,0.34067945890592,
9,XZt,42,15,0.3496898738804807,
9,XZt,43,15,0.35227433013675435,
9,XZt,44,15,0.35464906048804895,
9,XZt,45,15,0.356834985499433,
9,XZt,46,15,0.35913660436887,
9,XZt,47,15,0.36166846970889066,
9,XZt,48,15,0.36401254712679404,
9,XZt,49,15,0.370801533869731,
9,XZt,50,15,0.37450600376772675,
9,XZt,51,15,0.3782799644342855,
9,XZt,52,15,0.3820510812822197,
9,XZt,53,15,0.3908070602146234,
9,XZt,54,15,0.39564374434930843,
9,XZt,55,15,0.40064850325139123,
9,XZt,56,15,0.40627610854475005,
9,XZt,57,15,0.41608252582209565,
9,XZt,58,15,0.42133507011957555,
9,XZt,59,15,0.4260049816539068,
9,XZt,60,15,0.43632376502865877,
9,XZt,61,15,0.44008926577477303,
9,XZt,62,15,0.4433868766339317,
9,XZt,63,15,0.4516585752174792,
9,XZt,64,15,0.4544448278131769,
9,XZt,65,15,0.46378253236612427,
9,XZt,66,15,0.4639963600091975,
9,XZt,67,15,0.46746994975250394,
9,XZt,68,15,0.4583340541859175,
9,XZt,69,15,0.44531015195307416,
9,XZt,70,15,0.42102015107484614,
9,XZt,71,15,0.39607474059975883,
9,XZt,72,15,0.3762527432811416,
9,XZt,73,15,0.3528124552739131,
9,XZt,74,15,0.3353192866386947,
9,XZt,75,15,0.3187482131928759,
9,XZt,76,15,0.30303749251586415,
9,XZt,77,15,0.28861505148367067,
9,XZt,78,15,0.27511742394790717,
9,XZt,79,15,0.2635933201951067,
9,XZt,80,15,0.252933555073278,
9,XZt,81,15,0.24434033096812055,
9,XZt,82,15,0.23618483770906812,
9,XZt,83,15,0.2296570252487222,
9,XZt,84,15,0.22374793925589473,
9,XZt,85,15,0.21838413203797516,
9,XZt,86,15,0.21458494289657665,
9,XZt,87,15,0.21191478091880656,
9,XZt,88,15,0.21028826279430776,
9,XZt,89,15,0.20910231768606508,
9,XZt,90,15,0.2084953121460801,
9,XZt,91,15,0.20728588759574865,
9,XZt,92,15,0.20604333827026014,
9,XZt,93,15,0.2045978780453828,
9,XZt,94,15,0.20296124340786556,
9,XZt,95,15,0.2011508163728463,
9,XZt,96,15,0.19926502775794783,
9,XZt,97,15,0.1969269289836075,
9,XZt,98,15,0.19420658279705486,
9,XZt,99,15,0.19088051514634927,
9,XZt,100,15,0.18762767499018235,
9,XZt,101,15,0.18460803288392966,
9,XZt,102,15,0.1813766156376502,
9,XZt,103,15,0.17843635731084495,
9,XZt,104,15,0.1756603950355539,
9,XZt,105,15,0.17319514846983614,
9,XZt,106,15,0.1708041889669371,
9,XZt,107,15,0.16840828453221213,
9,XZt,108,15,0.1664186242182643,
9,XZt,109,15,0.164809430246611,
9,XZt,110,15,0.1635699443728175,
9,XZt,111,15,0.16258686018407895,
9,XZt,112,15,0.16201640999064468,
9,XZt,113,15,0.16160073358584465,
9,XZt,114,15,0.16103009630039142,
9,XZt,115,15,0.16053592694689128,
9,XZt,116,15,0.16009662619578174,
9,XZt,117,15,0.15952328498041557,
9,XZt,118,15,0.15908318304745367,
9,XZt,119,15,0.15877879547971036,
9,XZt,120,15,0.1583968078163223,
9,XZt,121,15,0.15790035467880553,
9,XZt,122,15,0.15766556189194447,
9,XZt,123,15,0.1573897637832042,
9,XZt,124,15,0.15747872356124953,
9,XZt,125,15,0.15745116942089535,
9,XZt,126,15,0.15772023905115284,
9,XZt,127,15,0.1582301699592603,
9,XZt,128,15,0.1589751168819008,
9,XZt,129,15,0.15983896566971265,
9,XZt,130,15,0.16083960932267824,
9,XZt,131,15,0.161777008738536,
9,XZt,132,15,0.1629431982690281,
9,XZt,133,15,0.16461317965883096,
9,XZt,134,15,0.16635695879682783,
9,XZt,135,15,0.16823482563552247,
9,XZt,136,15,0.1702059725621925,
9,XZt,137,15,0.17215662751778849,
9,XZt,138,15,0.17406112225955878,
9,XZt,139,15,0.17603099466038857,
9,XZt,140,15,0.1776114045151059,
9,XZt,141,15,0.17931102500161517,
9,XZt,142,15,0.18105560303743728,
9,XZt,143,15,0.1827257694841595,
9,XZt,144,15,0.18442434150532117,
9,XZt,145,15,0.1864272797904375,
9,XZt,146,15,0.18897243448528417,
9,XZt,147,15,0.19227096603932894,
9,XZt,148,15,0.1958852085686923,
9,XZt,149,15,0.20019811348933247,
9,XZt,150,15,0.2047196934149259,
9,XZt,151,15,0.20987383351111297,
9,XZt,152,15,0.21529490213468222,
9,XZt,153,15,0.22170044897671004,
9,XZt,154,15,0.22842150790181995,
9,XZt,155,15,0.23526824088800252,
9,XZt,156,15,0.2430426055215023,
9,XZt,157,15,0.25159334659729704,
9,XZt,158,15,0.26118572278388313,
9,XZt,159,15,0.2703466608884378,
9,XZt,160,15,0.2802621875513689,
9,XZt,161,15,0.29068268092592825,
9,XZt,162,15,0.3017366243574978,
9,XZt,163,15,0.31200173394971614,
9,XZt,164,15,0.3218656681027146,
9,XZt,165,15,0.3314009072222279,
9,XZt,166,15,0.3413625233436473,
9,XZt,167,15,0.349629398062007,
9,XZt,168,15,0.35696856226134893,
9,XZt,169,15,0.3648128172803938,
9,XZt,170,15,0.37119982767914433,
9,XZt,171,15,0.37654804585172763,
9,XZt,172,15,0.38102633823311655,
9,XZt,173,15,0.3817033697852919,
9,XZt,174,15,0.37906787441146533,
9,XZt,175,15,0.3746498712785699,
9,XZt,176,15,0.36663210238382277,
9,XZt,177,15,0.35736919576478593,
9,XZt,178,15,0.34533644669412283,
9,XZt,179,15,0.3323392864028528,
9,XZt,180,15,0.3212313401465809,
9,XZt,181,15,0.31043362344683273,
9,XZt,182,15,0.3020348062871231,
9,XZt,183,15,0.2942148540520976,
9,XZt,184,15,0.289026106917131,
9,XZt,185,15,0.2849165957559988,
9,XZt,186,15,0.28278117451800433,
9,XZt,187,15,0.2847705247071334,
9,XZt,188,15,0.2862983193701874,
9,XZt,189,15,0.2910901573993091,
9,XZt,190,15,0.29637996312392306,
9,XZt,191,15,0.30182704223672696,
9,XZt,192,15,0.3080862857715617,
9,XZt,193,15,0.3107080861999663,
9,XZt,194,15,0.3135893372695335,
9,XZt,195,15,0.3110112732116495,
9,XZt,196,15,0.30910096292845707,
9,XZt,197,15,0.303791206444014,
9,XZt,198,15,0.299559549280699,
9,XZt,199,15,0.29566649060544214,
9,XZt,200,15,0.29046261334003637,
9,XZt,201,15,0.28719448927752766,
9,XZt,202,15,0.2843502118170779,
9,XZt,203,15,0.28095709380027556,
9,XZt,204,15,0.2786174549007,
9,XZt,205,15,0.27662725435205054,
9,XZt,206,15,0.2751855653869292,
9,XZt,207,15,0.2731885129315051,
9,XZt,208,15,0.2731415670406027,
9,XZt,209,15,0.2723842127110623,
9,XZt,210,15,0.2737235472080652,
9,XZt,211,15,0.2750685460803605,
9,XZt,212,15,0.2802363738410546,
9,XZt,213,15,0.28870062528699936,
9,XZt,214,15,0.3005367593786235,
9,XZt,215,15,0.3169783843428671,
9,XZt,216,15,0.3380520256647158,
9,XZt,217,15,0.3647001219332951,
9,XZt,218,15,0.39150961865803025,
9,XZt,219,15,0.42346108151011125,
9,XZt,220,15,0.45315774450685237,
9,XZt,221,15,0.47500101207084744,
9,XZt,222,15,0.4855976249875788,
9,XZt,223,15,0.4817371173081305,
9,XZt,224,15,0.46450331779718734,
9,XZt,225,15,0.4505599519148461,
9,XZt,226,15,0.4284058201894163,
9,XZt,227,15,0.40984135708155134,
9,XZt,228,15,0.3953070692700096,
9,XZt,229,15,0.38167416277287697,
9,XZt,230,15,0.37030463878967806,
9,XZt,231,15,0.3664416021873727,
9,XZt,232,15,0.35903379030565236,
9,XZt,233,15,0.3475609226438601,
9,XZt,234,15,0.3480429903850895,
9,XZt,235,15,0.34166233790146167,
9,XZt,236,15,0.3319619525395843,
9,XZt,237,15,0.3318910457983678,
9,XZt,238,15,0.3237081811866142,
9,XZt,239,15,0.31981405041635474,
9,XZt,240,15,0.3132469157271423,
9,XZt,241,15,0.30780308286783786,
9,XZt,242,15,0.30305854666699716,
9,XZt,243,15,0.30057271954555825,
9,XZt,244,15,0.29734339721176584,
9,XZt,245,15,0.290944870055461,
9,XZt,246,15,0.2839381343331187,
9,XZt,247,15,0.28270004871886417,
9,XZt,248,15,0.28007922252631573,
9,XZt,249,15,0.2721692548124717,
9,XZt,250,15,0.2727835850057855,
9,XZt,251,15,0.2627891116592482,
9,XZt,252,15,0.24921025021394555,
9,XZt,253,15,0.2337269318916388,
9,XZt,254,15,0.2266840812151155,
9,XZt,255,15,0.2148093187198057,
9,XZt,256,15,0.21852543776787992,
9,XZt,257,15,0.23036206500738912,
9,XZt,258,15,0.2540437008867787,
9,XZt,259,15,0.37325373844368004,
10,XYt,0,15,0.14853900163036218,
10,XYt,1,15,0.14181486855372524,
10,XYt,2,15,0.14185917887489696,
10,XYt,3,15,0.14435188273633884,
10,XYt,4,15,0.1486346720554215,
10,XYt,5,15,0.14984849196428748,
10,XYt,6,15,0.15076346894292605,
10,XYt,7,15,0.14985339904083228,
10,XYt,8,15,0.148803354082699,
10,XYt,9,15,0.14885832790455128,
10,XYt,10,15,0.14845925056379625,
10,XYt,11,15,0.14658768344893935,
10,XYt,12,15,0.14380239312286242,
10,XYt,13,15,0.14158321414271324,
10,XYt,14,15,0.1398998431667008,
10,XYt,15,15,0.13707585557547405,
10,XYt,16,15,0.1261168122598093,
10,XYt,17,15,0.12108131285561406,
10,XYt,18,15,0.12350575081480411,
10,XYt,19,15,0.13290667594301603,
10,XYt,20,15,0.13884937532094904,
10,XYt,21,15,0.14110789837934462,
10,XYt,22,15,0.13984820260170372,
10,XYt,23,15,0.13544002811553935,
10,XYt,24,15,0.12904922157124488,
10,XYt,25,15,0.12172373790806183,
10,XYt,26,15,0.11431780132085034,
10,XYt,27,15,0.10797589060176156,
10,XYt,28,15,0.10369442460407591,
10,XYt,29,15,0.10136808259438293,
10,XYt,30,15,0.09997275075250261,
10,XYt,31,15,0.10003591986939564,
10,XYt,32,15,0.10254290840634875,
10,XYt,33,15,0.10836402985925002,
10,XYt,34,15,0.11801335454675113,
10,XYt,35,15,0.13280469135429007,
10,XYt,36,15,0.15681838048267688,
10,XYt,37,15,0.19712805225719043,
10,XYt,38,15,0.2639671563086194,
10,XYt,39,15,0.3654430798716137,
10,XYt,40,15,0.4712148903494101,
10,XYt,41,15,0.5503986923675913,
10,XYt,42,15,0.6130519516893305,
10,XYt,43,15,0.6661643376712088,
10,XYt,44,15,0.7113432301299555,
10,XYt,45,15,0.7447901590130959,
10,XYt,46,15,0.7514188957781032,
10,XYt,47,15,0.7052387255514707,
10,XYt,48,15,0.6563557716322838,
10,XYt,49,15,0.6295436186918801,
10,XYt,50,15,0.6189462053590827,
10,XYt,51,15,0.6201505900459774,
10,XYt,52,15,0.6291394791871925,
10,XYt,53,15,0.6397645909860542,
10,XYt,54,15,0.643390303314108,
10,XYt,55,15,0.6335535579468133,
10,XYt,56,15,0.6098875601774703,
10,XYt,57,15,0.576448394196575,
10,XYt,58,15,0.5451237435437936,
10,XYt,59,15,0.5261478921802802,
10,XYt,60,15,0.5170664673057994,
10,XYt,61,15,0.5109920527989374,
10,XYt,62,15,0.5041411888256863,
10,XYt,63,15,0.49700751504531315,
10,XYt,64,15,0.49012871069559594,
10,XYt,65,15,0.4854627290423916,
10,XYt,66,15,0.4830555675536972,
10,XYt,67,15,0.4820558455078192,
10,XYt,68,15,0.4798247690651216,
10,XYt,69,15,0.47696781265830906,
10,XYt,70,15,0.4747076480993025,
10,XYt,71,15,0.472686018850835,
10,XYt,72,15,0.4714025164911663,
10,XYt,73,15,0.4685453321600394,
10,XYt,74,15,0.4654030932894195,
10,XYt,75,15,0.4601117198815975,
10,XYt,76,15,0.45230674663828085,
10,XYt,77,15,0.43773349198787515,
10,XYt,78,15,0.41848088718723997,
10,XYt,79,15,0.40099431880575265,
10,XYt,80,15,0.38740497633547083,
10,XYt,81,15,0.3779229320369266,
10,XYt,82,15,0.37229282222855264,
10,XYt,83,15,0.3692522901932563,
10,XYt,84,15,0.366938358822911,
10,XYt,85,15,0.36470248380134146,
10,XYt,86,15,0.360756099596325,
10,XYt,87,15,0.35415004013435836,
10,XYt,88,15,0.3458530228062801,
10,XYt,89,15,0.33925488075023724,
10,XYt,90,15,0.3340602812546337,
10,XYt,91,15,0.33124539565435657,
10,XYt,92,15,0.32859261995633615,
10,XYt,93,15,0.3255266557970926,
10,XYt,94,15,0.3222664097204354,
10,XYt,95,15,0.320876800954044,
10,XYt,96,15,0.3185908940465101,
10,XYt,97,15,0.31692134468483113,
10,XYt,98,15,0.31638158269200223,
10,XYt,99,15,0.3167785831118689,
10,XYt,100,15,0.31567814904613983,
10,XYt,101,15,0.31372402841386177,
10,XYt,102,15,0.3113221462043312,
10,XYt,103,15,0.3079948482045609,
10,XYt,104,15,0.3046723274417008,
10,XYt,105,15,0.3025195464292473,
10,XYt,106,15,0.30044937067084665,
10,XYt,107,15,0.2993347489939229,
10,XYt,108,15,0.2992756969562128,
10,XYt,109,15,0.2995838530362837,
10,XYt,110,15,0.3002534039105939,
10,XYt,111,15,0.3015551007624713,
10,XYt,112,15,0.30349709271691105,
10,XYt,113,15,0.3063929847097291,
10,XYt,114,15,0.3087547389278929,
10,XYt,115,15,0.31154162793504026,
10,XYt,116,15,0.31689945722730495,
10,XYt,117,15,0.3238292301967224,
10,XYt,118,15,0.3286064626054515,
10,XYt,119,15,0.3319777026090925,
10,XYt,120,15,0.3334759048846867,
10,XYt,121,15,0.3296642832110732,
10,XYt,122,15,0.32913217711999226,
10,XYt,123,15,0.33183747816949966,
10,XYt,124,15,0.33527862751777865,
10,XYt,125,15,0.3376029297289447,
10,XYt,126,15,0.3394894277382221,
10,XYt,127,15,0.3415404170270728,
10,XYt,128,15,0.3446371942836385,
10,XYt,129,15,0.3475307409083455,
10,XYt,130,15,0.34898424892203206,
10,XYt,131,15,0.34947501854881385,
10,XYt,132,15,0.3509130476497431,
10,XYt,133,15,0.3544079752035016,
10,XYt,134,15,0.3594255478425716,
10,XYt,135,15,0.36572112418327474,
10,XYt,136,15,0.3737124406572911,
10,XYt,137,15,0.38076289319158785,
10,XYt,138,15,0.38860348021555285,
10,XYt,139,15,0.3982214227874808,
10,XYt,140,15,0.4003823826092144,
10,XYt,141,15,0.395298383901336,
10,XYt,142,15,0.3901873522892018,
10,XYt,143,15,0.3864339807401179,
10,XYt,144,15,0.38455859804716774,
10,XYt,145,15,0.38343982441420216,
10,XYt,146,15,0.38275616977739196,
10,XYt,147,15,0.3817012942720203,
10,XYt,148,15,0.38001103695350236,
10,XYt,149,15,0.3782217080363156,
10,XYt,150,15,0.37620828330062767,
10,XYt,151,15,0.37464913490761864,
10,XYt,152,15,0.37374169845298383,
10,XYt,153,15,0.37221844261191395,
10,XYt,154,15,0.3696626805467361,
10,XYt,155,15,0.3670604621882721,
10,XYt,156,15,0.36482142902308734,
10,XYt,157,15,0.3593298287558636,
10,XYt,158,15,0.34946254509222463,
10,XYt,159,15,0.3409006093973068,
10,XYt,160,15,0.3338927842385399,
10,XYt,161,15,0.3255601603211741,
10,XYt,162,15,0.31749442757421154,
10,XYt,163,15,0.3113357626013538,
10,XYt,164,15,0.30554532425277603,
10,XYt,165,15,0.29897364087653505,
10,XYt,166,15,0.2911474849312773,
10,XYt,167,15,0.28191791491849744,
10,XYt,168,15,0.27433111643961405,
10,XYt,169,15,0.27033356620365984,
10,XYt,170,15,0.2682870838497891,
10,XYt,171,15,0.2672991766067608,
10,XYt,172,15,0.2670040206877094,
10,XYt,173,15,0.2659458785642772,
10,XYt,174,15,0.26480958500122254,
10,XYt,175,15,0.26283981473999835,
10,XYt,176,15,0.2600820202911091,
10,XYt,177,15,0.2574732652542553,
10,XYt,178,15,0.2565151262488516,
10,XYt,179,15,0.2557092876247428,
10,XYt,180,15,0.2533387262982772,
10,XYt,181,15,0.25153119397366447,
10,XYt,182,15,0.2513073105154914,
10,XYt,183,15,0.2511049038459093,
10,XYt,184,15,0.25133572814552235,
10,XYt,185,15,0.2506015212053014,
10,XYt,186,15,0.24836616835802236,
10,XYt,187,15,0.2456366382763751,
10,XYt,188,15,0.24542263313613866,
10,XYt,189,15,0.24701772699339658,
10,XYt,190,15,0.24983272497864323,
10,XYt,191,15,0.2532590766765175,
10,XYt,192,15,0.2547362244835282,
10,XYt,193,15,0.2530663012398847,
10,XYt,194,15,0.2514188963366161,
10,XYt,195,15,0.2520607310626827,
10,XYt,196,15,0.2560520707685815,
10,XYt,197,15,0.26247220897387014,
10,XYt,198,15,0.2695139053955108,
10,XYt,199,15,0.2756456451985866,
10,XYt,200,15,0.28091169718559345,
10,XYt,201,15,0.28260620287620797,
10,XYt,202,15,0.28251587082983304,
10,XYt,203,15,0.2829258246106875,
10,XYt,204,15,0.28299609408858883,
10,XYt,205,15,0.2847021615954609,
10,XYt,206,15,0.28854300472525546,
10,XYt,207,15,0.29455218881418954,
10,XYt,208,15,0.3032735367319653,
10,XYt,209,15,0.3113327667045443,
10,XYt,210,15,0.31749708191581,
10,XYt,211,15,0.32247846718675593,
10,XYt,212,15,0.3255179150118911,
10,XYt,213,15,0.32811166448976953,
10,XYt,214,15,0.33289841597444697,
10,XYt,215,15,0.339245805151807,
10,XYt,216,15,0.34764210960319386,
10,XYt,217,15,0.35581571876022605,
10,XYt,218,15,0.3675271324866918,
10,XYt,219,15,0.38355018446690287,
10,XYt,220,15,0.3916280079207816,
10,XYt,221,15,0.39520900786072605,
10,XYt,222,15,0.39996282061324556,
10,XYt,223,15,0.40359502106073103,
10,XYt,224,15,0.405249555787027,
10,XYt,225,15,0.4051634202763847,
10,XYt,226,15,0.40315227081226507,
10,XYt,227,15,0.40036629485261327,
10,XYt,228,15,0.39703076798886605,
10,XYt,229,15,0.39398763448780766,
10,XYt,230,15,0.39066731697304624,
10,XYt,231,15,0.385429952533046,
10,XYt,232,15,0.3787175918988135,
10,XYt,233,15,0.3704823270322538,
10,XYt,234,15,0.36074115400758494,
10,XYt,235,15,0.34868730473502213,
10,XYt,236,15,0.333580816679428,
10,XYt,237,15,0.3173605977464951,
10,XYt,238,15,0.3063141493747356,
10,XYt,239,15,0.30150937421894636,
10,XYt,240,15,0.2992615480194655,
10,XYt,241,15,0.29894416530437873,
10,XYt,242,15,0.29876943778361303,
10,XYt,243,15,0.29903566791000685,
10,XYt,244,15,0.29958987847315965,
10,XYt,245,15,0.30006619787188854,
10,XYt,246,15,0.2996035695458483,
10,XYt,247,15,0.30035635265223165,
10,XYt,248,15,0.3018459778144278,
10,XYt,249,15,0.30247864781489,
10,XYt,250,15,0.30236901694488016,
10,XYt,251,15,0.30202389881547576,
10,XYt,252,15,0.3015025454307621,
10,XYt,253,15,0.3011888046951586,
10,XYt,254,15,0.3024974733140959,
10,XYt,255,15,0.3023763352744077,
10,XYt,256,15,0.29824962942113675,
10,XYt,257,15,0.2837990612452596,
10,XYt,258,15,0.24723523726492527,
10,XYt,259,15,0.20407563909137985,
10,XYt,260,15,0.18614878152393793,
10,XYt,261,15,0.181999636136514,
10,XYt,262,15,0.18025636158120623,
10,XYt,263,15,0.17925059268323298,
10,XYt,264,15,0.17889469209668335,
10,XYt,265,15,0.1779203537958587,
10,XYt,266,15,0.17714473548158796,
10,XYt,267,15,0.17655186010689883,
10,XYt,268,15,0.17732971773354272,
10,XYt,269,15,0.1783523532436188,
10,XYt,270,15,0.18004318393013097,
10,XYt,271,15,0.18063907975807975,
10,XYt,272,15,0.18016833406943614,
10,XYt,273,15,0.1800815662115423,
10,XYt,274,15,0.18105338533344945,
10,XYt,275,15,0.18202744955137207,
10,XYt,276,15,0.18224861672441695,
10,XYt,277,15,0.18154452813805616,
10,XYt,278,15,0.18045146779866522,
10,XYt,279,15,0.17906657350113445,
10,XYt,280,15,0.17800039506398224,
10,XYt,281,15,0.17806151764358807,
10,XYt,282,15,0.17917717575416595,
10,XYt,283,15,0.18166852124624155,
10,XYt,284,15,0.1838720810485793,
10,XYt,285,15,0.18517994042379898,
10,XYt,286,15,0.18498159689573196,
10,XYt,287,15,0.18390159355472033,
10,XYt,288,15,0.1817257802387261,
10,XYt,289,15,0.17940352521141972,
10,XYt,290,15,0.17712127336122233,
10,XYt,291,15,0.1765934550948295,
10,XYt,292,15,0.1761809437824359,
10,XYt,293,15,0.17629000350913956,
10,XYt,294,15,0.1767432997065751,
10,XYt,295,15,0.17649639591606076,
10,XYt,296,15,0.1764477648945097,
10,XYt,297,15,0.177329013002466,
10,XYt,298,15,0.17852978239690812,
10,XYt,299,15,0.1795666086269199,
10,XYt,300,15,0.18186045170408427,
10,XYt,301,15,0.183611565600834,
10,XYt,302,15,0.18377338849527855,
10,XYt,303,15,0.1816290961320371,
10,XYt,304,15,0.1791493522239318,
10,XYt,305,15,0.17796757931765272,
10,XYt,306,15,0.17779330132399254,
10,XYt,307,15,0.17805618503321255,
10,XYt,308,15,0.17916148002906987,
10,XYt,309,15,0.18037808894333637,
10,XYt,310,15,0.18174508930658678,
10,XYt,311,15,0.1818853978403719,
10,XYt,312,15,0.18171545837969422,
10,XYt,313,15,0.1821341302184665,
10,XYt,314,15,0.18292089106280598,
10,XYt,315,15,0.18246656994031846,
10,XYt,316,15,0.1808957852782267,
10,XYt,317,15,0.1790906047411617,
10,XYt,318,15,0.1770698338778091,
10,XYt,319,15,0.176434075600015,
10,XYt,320,15,0.17631196441173552,
10,XYt,321,15,0.17899675766590523,
10,XYt,322,15,0.1803007408707246,
10,XYt,323,15,0.1829216114541008,
10,XYt,324,15,0.18530640406324067,
10,XYt,325,15,0.22855418933324234,
10,XYt,326,15,0.2787505692497245,
10,XYt,327,15,0.29833485582765057,
10,XYt,328,15,0.3088738139005485,
10,XYt,329,15,0.31281444577148254,
10,XYt,330,15,0.3105992993438703,
10,XYt,331,15,0.3087435582454458,
10,XYt,332,15,0.3063855841052367,
10,XYt,333,15,0.30766937411704587,
10,XYt,334,15,0.3106825908065891,
10,XYt,335,15,0.3177435865876813,
10,XYt,336,15,0.32231080534098994,
10,XYt,337,15,0.32560440136230456,
10,XYt,338,15,0.3280815113894382,
10,XYt,339,15,0.3343126275658529,
10,XYt,340,15,0.3415779029866341,
10,XYt,341,15,0.3452323300633634,
10,XYt,342,15,0.3520665540409848,
10,XYt,343,15,0.3616247041436301,
10,XYt,344,15,0.36654339469820674,
10,XYt,345,15,0.36996059758175,
10,XYt,346,15,0.3730282998050688,
10,XYt,347,15,0.37533699117610797,
10,XYt,348,15,0.37680177721664937,
10,XYt,349,15,0.37698044104458567,
10,XYt,350,15,0.3760180204754668,
10,XYt,351,15,0.3764107710885368,
10,XYt,352,15,0.3820369778090172,
10,XYt,353,15,0.38308702939552286,
10,XYt,354,15,0.38281716746304606,
10,XYt,355,15,0.37927502484051095,
10,XYt,356,15,0.373927066595323,
10,XYt,357,15,0.3626258423546218,
10,XYt,358,15,0.3453779700597849,
10,XYt,359,15,0.334455434151608,
10,XYt,360,15,0.3267106762376413,
10,XYt,361,15,0.32007672007000204,
10,XYt,362,15,0.31444666644111285,
10,XYt,363,15,0.31081773669102547,
10,XYt,364,15,0.3105367903517099,
10,XYt,365,15,0.3090546939525285,
10,XYt,366,15,0.3064531931356467,
10,XYt,367,15,0.30414693228031753,
10,XYt,368,15,0.306237475566612,
10,XYt,369,15,0.3047121660093792,
10,XYt,370,15,0.3022484699336577,
10,XYt,371,15,0.2996988286847815,
10,XYt,372,15,0.2953736296333017,
10,XYt,373,15,0.29164338027333647,
10,XYt,374,15,0.28980554076136644,
10,XYt,375,15,0.2900011184743761,
10,XYt,376,15,0.28651692186659,
10,XYt,377,15,0.2814200677117861,
10,XYt,378,15,0.2740528357994676,
10,XYt,379,15,0.2680384926897362,
10,XYt,380,15,0.26346702763105984,
10,XYt,381,15,0.26442578701432706,
10,XYt,382,15,0.2660872831764655,
10,XYt,383,15,0.2661989279546323,
10,XYt,384,15,0.2619305971874822,
10,XYt,385,15,0.25399238349502956,
10,XYt,386,15,0.2513773163728154,
10,XYt,387,15,0.25504805375704315,
10,XYt,388,15,0.25611850390119056,
10,XYt,389,15,0.25831043423429995,
10,XYt,390,15,0.26015453823000434,
10,XYt,391,15,0.2619752100250268,
10,XYt,392,15,0.26247818275173246,
10,XYt,393,15,0.2634475809403394,
10,XYt,394,15,0.26269753485358777,
10,XYt,395,15,0.2623059589391188,
10,XYt,396,15,0.2634716968440606,
10,XYt,397,15,0.2658793587252427,
10,XYt,398,15,0.26800092193603925,
10,XYt,399,15,0.2694838977129687,
10,XYt,400,15,0.27006052850882195,
10,XYt,401,15,0.26956455190075923,
10,XYt,402,15,0.26731050895144587,
10,XYt,403,15,0.2652210707746936,
10,XYt,404,15,0.2639367805868251,
10,XYt,405,15,0.263506089495712,
10,XYt,406,15,0.2656975936656465,
10,XYt,407,15,0.2683656275646838,
10,XYt,408,15,0.2726644103231613,
10,XYt,409,15,0.27603999577187105,
10,XYt,410,15,0.27772200174623674,
10,XYt,411,15,0.27268491517290394,
10,XYt,412,15,0.27432517149650265,
10,XYt,413,15,0.277476645027196,
10,XYt,414,15,0.2811516000655213,
10,XYt,415,15,0.28510185586161646,
10,XYt,416,15,0.29151242942007055,
10,XYt,417,15,0.29842683049108853,
10,XYt,418,15,0.3037094038208239,
10,XYt,419,15,0.3059814724358287,
10,XYt,420,15,0.30737916764050444,
10,XYt,421,15,0.3063164837661557,
10,XYt,422,15,0.30943607169211096,
10,XYt,423,15,0.3109557698963397,
10,XYt,424,15,0.3119280430243908,
10,XYt,425,15,0.3125921647802695,
10,XYt,426,15,0.312696371753246,
10,XYt,427,15,0.31181886094621286,
10,XYt,428,15,0.31334185906466194,
10,XYt,429,15,0.31583482510213806,
10,XYt,430,15,0.32022896662876044,
10,XYt,431,15,0.3251971485482126,
10,XYt,432,15,0.33117200210699127,
10,XYt,433,15,0.3373656266445833,
10,XYt,434,15,0.34461045138605817,
10,XYt,435,15,0.3545233443485327,
10,XYt,436,15,0.3731047973186382,
10,XYt,437,15,0.3835542427781657,
10,XYt,438,15,0.38521266415606026,
10,XYt,439,15,0.38627212796845206,
10,XYt,440,15,0.3879226339211961,
10,XYt,441,15,0.38931385076260383,
10,XYt,442,15,0.39059905749136636,
10,XYt,443,15,0.3907125871155918,
10,XYt,444,15,0.3889134582751724,
10,XYt,445,15,0.3857422439602543,
10,XYt,446,15,0.38086757932658943,
10,XYt,447,15,0.37588406694047194,
10,XYt,448,15,0.3699836147902429,
10,XYt,449,15,0.36352376588789603,
10,XYt,450,15,0.35671176197586496,
10,XYt,451,15,0.3488586358789925,
10,XYt,452,15,0.33953262631955095,
10,XYt,453,15,0.32895662891998734,
10,XYt,454,15,0.314796500580544,
10,XYt,455,15,0.30081926714911106,
10,XYt,456,15,0.292941477186874,
10,XYt,457,15,0.289128070166158,
10,XYt,458,15,0.2885726621399785,
10,XYt,459,15,0.28765641757390836,
10,XYt,460,15,0.28753766218896953,
10,XYt,461,15,0.2873940663107526,
10,XYt,462,15,0.28725852287460724,
10,XYt,463,15,0.28736638110631213,
10,XYt,464,15,0.2900997452915485,
10,XYt,465,15,0.2915453303429057,
10,XYt,466,15,0.2843294735753313,
10,XYt,467,15,0.2510175779178668,
10,XYt,468,15,0.19783311203008871,
10,XYt,469,15,0.1710636714618476,
10,XYt,470,15,0.16650701476032265,
10,XYt,471,15,0.16528055903723,
10,XYt,472,15,0.16422954639411866,
10,XYt,473,15,0.1628114103995293,
10,XYt,474,15,0.16058400267346015,
10,XYt,475,15,0.15824125548902723,
10,XYt,476,15,0.15593250336066883,
10,XYt,477,15,0.1543437322382233,
10,XYt,478,15,0.15311661751979402,
10,XYt,479,15,0.15266663182474333,
10,XYt,480,15,0.15208719847611346,
10,XYt,481,15,0.15161893251783856,
10,XYt,482,15,0.15231276308482566,
10,XYt,483,15,0.15356020613537766,
10,XYt,484,15,0.15421546791549545,
10,XYt,485,15,0.15424669669149998,
10,XYt,486,15,0.153117847900021,
10,XYt,487,15,0.15206002652029948,
10,XYt,488,15,0.15222154716572794,
10,XYt,489,15,0.1541323000838504,
10,XYt,490,15,0.15583221321869323,
10,XYt,491,15,0.1574612928343923,
10,XYt,492,15,0.158475240497779,
10,XYt,493,15,0.1588310976864631,
10,XYt,494,15,0.15869401168432934,
10,XYt,495,15,0.15797212740440594,
10,XYt,496,15,0.15675838012042645,
10,XYt,497,15,0.1547409429527135,
10,XYt,498,15,0.15202814247942423,
10,XYt,499,15,0.14895073129152872,
10,XYt,500,15,0.1453779174428008,
10,XYt,501,15,0.14458695532591856,
10,XYt,502,15,0.14554550197172494,
10,XYt,503,15,0.14629188441532354,
10,XYt,504,15,0.14729389142904603,
10,XYt,505,15,0.1475238510759118,
10,XYt,506,15,0.14740467040757213,
10,XYt,507,15,0.1464079018087132,
10,XYt,508,15,0.14763344453283142,
10,XYt,509,15,0.14815403322327542,
10,XYt,510,15,0.14800217416650863,
10,XYt,511,15,0.14796756243253711,
10,XYt,512,15,0.14856589425117983,
10,XYt,513,15,0.1490058381569961,
10,XYt,514,15,0.14972422811074426,
10,XYt,515,15,0.15024703624242278,
10,XYt,516,15,0.15004298782816275,
10,XYt,517,15,0.14907786860157846,
10,XYt,518,15,0.14787105778887463,
10,XYt,519,15,0.14663660619444333,
10,XYt,520,15,0.14519744349750163,
10,XYt,521,15,0.14342122544362684,
10,XYt,522,15,0.14010375232822878,
10,XYt,523,15,0.13712620064416872,
10,XYt,524,15,0.13712412436454022,
10,XYt,525,15,0.13719834077503767,
10,XYt,526,15,0.13795112002719642,
10,XYt,527,15,0.13887101578816405,
10,XYt,528,15,0.1389074506915034,
10,XYt,529,15,0.13775398883407755,
10,XYt,530,15,0.13557940203408445,
10,XYt,531,15,0.13521240124650535,
10,XYt,532,15,0.13762559899117274,
10,XYt,533,15,0.1457742960002271,
10,XYt,534,15,0.17309397800843887,
10,XYt,535,15,0.2186579406530843,
10,XYt,536,15,0.2521448547349868,
10,XYt,537,15,0.26184591231538984,
10,XYt,538,15,0.2653449766084694,
10,XYt,539,15,0.26624362927192824,
10,XYt,540,15,0.26825115765534546,
10,XYt,541,15,0.26639139238232773,
10,XYt,542,15,0.26169100530144135,
10,XYt,543,15,0.25696213888373876,
10,XYt,544,15,0.25412546840621597,
10,XYt,545,15,0.2547023263227676,
10,XYt,546,15,0.2587542915382764,
10,XYt,547,15,0.26272916730714796,
10,XYt,548,15,0.2596260570908722,
10,XYt,549,15,0.2545554835550151,
10,XYt,550,15,0.250978713303478,
10,XYt,551,15,0.2489460677136187,
10,XYt,552,15,0.2476371655304847,
10,XYt,553,15,0.24708687722359207,
10,XYt,554,15,0.24679841560202817,
10,XYt,555,15,0.24646726362817137,
10,XYt,556,15,0.24587811431502202,
10,XYt,557,15,0.24453821892368954,
10,XYt,558,15,0.24220984319029623,
10,XYt,559,15,0.2374750283720496,
10,XYt,560,15,0.22781401157464665,
10,XYt,561,15,0.21632536851371192,
10,XYt,562,15,0.21099048012089894,
10,XYt,563,15,0.21275994973673557,
10,XYt,564,15,0.21408503339749338,
10,XYt,565,15,0.21335074459866665,
10,XYt,566,15,0.2089001673797312,
10,XYt,567,15,0.20438453258315556,
10,XYt,568,15,0.20002797597261754,
10,XYt,569,15,0.19584483025061758,
10,XYt,570,15,0.19013035991639302,
10,XYt,571,15,0.18284888171847888,
10,XYt,572,15,0.17652797382243762,
10,XYt,573,15,0.17340987267780303,
10,XYt,574,15,0.17292242494321874,
10,XYt,575,15,0.17391756758583427,
10,XYt,576,15,0.17594202335515596,
10,XYt,577,15,0.17788626237096253,
10,XYt,578,15,0.17888454356890354,
10,XYt,579,15,0.1798795173472904,
10,XYt,580,15,0.18093833253161296,
10,XYt,581,15,0.1826598069028313,
10,XYt,582,15,0.18307629575360934,
10,XYt,583,15,0.18237503287198895,
10,YZt,0,15,0.8040419734847917,
10,YZt,1,15,0.2649192839268656,
10,YZt,2,15,0.2368939332882257,
10,YZt,3,15,0.21703886081265014,
10,YZt,4,15,0.20739265246950536,
10,YZt,5,15,0.20801750790891632,
10,YZt,6,15,0.20668296592238805,
10,YZt,7,15,0.21449857887722718,
10,YZt,8,15,0.22415730234316253,
10,YZt,9,15,0.23398474376532916,
10,YZt,10,15,0.2351448843981977,
10,YZt,11,15,0.24151437412478008,
10,YZt,12,15,0.24464075395134416,
10,YZt,13,15,0.24502995192910637,
10,YZt,14,15,0.25111791997042343,
10,YZt,15,15,0.2576525623446181,
10,YZt,16,15,0.26013496155470583,
10,YZt,17,15,0.263265098740207,
10,YZt,18,15,0.26688037199494946,
10,YZt,19,15,0.27209217384608164,
10,YZt,20,15,0.2781791805727338,
10,YZt,21,15,0.28083839431523067,
10,YZt,22,15,0.28710510440538767,
10,YZt,23,15,0.2880479430090367,
10,YZt,24,15,0.29649533245683496,
10,YZt,25,15,0.3016521968175208,
10,XYt,657,15,0.2302165300158857,
10,XYt,658,15,0.23115522736678584,
10,XYt,659,15,0.23193645629706006,
10,XYt,660,15,0.2329115433485242,
10,XYt,661,15,0.23415759217539842,
10,XYt,662,15,0.23562823803973615,
10,XYt,663,15,0.2380900140702159,
10,XYt,664,15,0.24180323589971242,
10,XYt,665,15,0.24638815613085485,
10,XYt,666,15,0.24793354818514085,
10,XYt,667,15,0.24719916597948013,
10,XYt,668,15,0.24652629513931806,
10,XYt,669,15,0.24752470866103599,
10,XYt,670,15,0.2492379214098023,
10,XYt,671,15,0.2496478003598519,
10,XYt,672,15,0.2456176875679063,
10,XYt,673,15,0.23872773197222935,
10,XYt,674,15,0.23329453500762065,
10,XYt,675,15,0.2201958362628949,
10,XYt,676,15,0.19997653367943183,
10,XYt,677,15,0.17413042229881148,
10,XYt,678,15,0.14963704278791476,
10,XYt,679,15,0.1341772441940504,
10,XYt,680,15,0.12557454837715973,
10,XYt,681,15,0.12089156958826493,
10,XYt,682,15,0.1190040838525119,
10,XYt,683,15,0.11842420782207949,
10,XYt,684,15,0.1183788780733525,
10,XYt,685,15,0.11878803298779667,
10,XYt,686,15,0.119474594351619,
10,XYt,687,15,0.12038521420536742,
10,XYt,688,15,0.12141671968382083,
10,XYt,689,15,0.12218098380125449,
10,XYt,690,15,0.12278504751493295,
10,XYt,691,15,0.12308175665650457,
10,XYt,692,15,0.1232327697368368,
10,XYt,693,15,0.12275750939643194,
10,XYt,694,15,0.12207284565638893,
10,XYt,695,15,0.12122063456814439,
10,XYt,696,15,0.12036308539406192,
10,XYt,697,15,0.11996768928560092,
10,XYt,698,15,0.1197143191116236,
10,XYt,699,15,0.1195336831477436,
10,XYt,700,15,0.11977597519839284,
10,XYt,701,15,0.1201068482123513,
10,XYt,702,15,0.12048206670435917,
10,XYt,703,15,0.12123738082056448,
10,XYt,704,15,0.12241388737706083,
10,XYt,705,15,0.12393143702124003,
10,XYt,706,15,0.126013885284004,
10,XYt,707,15,0.12956527668206128,
10,XYt,708,15,0.13935635558503798,
10,XYt,709,15,0.1815524804309728,
10,XYt,710,15,0.1725885417651296,
10,XYt,711,15,0.18234754714728826,
10,XYt,712,15,0.18270890542109094,
10,XYt,713,15,0.1840474132669203,
10,XYt,714,15,0.1836722097546699,
10,XYt,715,15,0.1790417550585324,
10,XYt,716,15,0.1666000305340172,
10,XYt,717,15,0.1532406460513216,
10,XYt,718,15,0.14603758089252458,
10,XYt,719,15,0.15911835468367938,
10,XYt,720,15,0.18581774720150065,
10,XYt,721,15,0.2123362605795862,
10,XYt,722,15,0.23532269089401836,
10,XYt,723,15,0.26034943884296313,
10,XYt,724,15,0.2888345030637331,
10,XYt,725,15,0.3156224264287973,
10,XYt,726,15,0.3291592570298371,
10,XYt,727,15,0.3316150505740761,
10,XYt,584,15,0.18173808196785532,
10,XYt,585,15,0.1809598859603261,
10,XYt,586,15,0.18082773453022288,
10,XYt,587,15,0.18252885684997835,
10,XYt,588,15,0.1806442261028079,
10,XYt,589,15,0.17582791035563672,
10,XYt,590,15,0.16917727466374904,
10,XYt,591,15,0.16375238967365735,
10,XYt,592,15,0.16163435873105286,
10,XYt,593,15,0.161224035347045,
10,XYt,594,15,0.16143588598428454,
10,XYt,595,15,0.16148668902631555,
10,XYt,596,15,0.161588686140376,
10,XYt,597,15,0.1616536324521444,
10,XYt,598,15,0.1617597343359986,
10,XYt,599,15,0.16193326547642434,
10,XYt,600,15,0.1625361247650448,
10,XYt,601,15,0.16390264424800277,
10,XYt,602,15,0.16508300303918583,
10,XYt,603,15,0.16564443239577684,
10,XYt,604,15,0.1660679638898253,
10,XYt,605,15,0.1662899591633829,
10,XYt,606,15,0.16656960373855126,
10,XYt,607,15,0.16667800401693814,
10,XYt,608,15,0.16659065076326401,
10,XYt,609,15,0.16639600233588922,
10,XYt,610,15,0.16574190858240753,
10,XYt,611,15,0.16463371779605143,
10,XYt,612,15,0.1634081289116705,
10,XYt,613,15,0.1620657722875509,
10,XYt,614,15,0.16074919875569246,
10,XYt,615,15,0.1597932385092949,
10,XYt,616,15,0.15895407854848245,
10,XYt,617,15,0.15806182953806988,
10,XYt,618,15,0.15851246972226077,
10,XYt,619,15,0.1594820526178018,
10,XYt,620,15,0.15848109996199033,
10,XYt,621,15,0.15915158167908308,
10,XYt,622,15,0.16257141577693257,
10,XYt,623,15,0.16807352744792975,
10,XYt,624,15,0.17269810034848326,
10,XYt,625,15,0.1794482260029615,
10,XYt,626,15,0.18255351870341785,
10,XYt,627,15,0.1836634477124612,
10,XYt,628,15,0.1848995071957113,
10,XYt,629,15,0.18584759745456256,
10,XYt,630,15,0.18616103739890433,
10,XYt,631,15,0.1847631856854154,
10,XYt,632,15,0.1820950523979508,
10,XYt,633,15,0.17997524193741424,
10,XYt,634,15,0.1780529083891094,
10,XYt,635,15,0.17540901527134942,
10,XYt,636,15,0.17250050527617095,
10,XYt,637,15,0.17077439298967628,
10,XYt,638,15,0.16954535746817315,
10,XYt,639,15,0.16915274608257166,
10,XYt,640,15,0.17080774744073754,
10,XYt,641,15,0.17590169941810535,
10,XYt,642,15,0.18267711955625743,
10,XYt,643,15,0.1883596576318759,
10,XYt,644,15,0.19219741268544827,
10,XYt,645,15,0.19537542216336246,
10,XYt,646,15,0.19850061457593304,
10,XYt,647,15,0.20150496492955652,
10,XYt,648,15,0.20214806163374846,
10,XYt,649,15,0.20224295152019758,
10,XYt,650,15,0.20190119251236532,
10,XYt,651,15,0.2018718229959898,
10,XYt,652,15,0.21075768405659584,
10,XYt,653,15,0.22127244662007084,
10,XYt,654,15,0.22631336196440374,
10,XYt,655,15,0.228302345647828,
10,XYt,656,15,0.22936882030537778,
10,YZt,26,15,0.3002982945021931,
10,YZt,27,15,0.30870140731299156,
10,YZt,28,15,0.31276926173633396,
10,YZt,29,15,0.31262484970349674,
10,YZt,30,15,0.3190677037324554,
10,YZt,31,15,0.32558429555672336,
10,YZt,32,15,0.33085406257053057,
10,YZt,33,15,0.33608845771199763,
10,YZt,34,15,0.34169951790871406,
10,YZt,35,15,0.34530862043217636,
10,YZt,36,15,0.3552114795513241,
10,YZt,37,15,0.3605289576889085,
10,YZt,38,15,0.3623442637241088,
10,YZt,39,15,0.3599024377197801,
10,YZt,40,15,0.3549525261143566,
10,YZt,41,15,0.3485972457405434,
10,YZt,42,15,0.3436132538622313,
10,YZt,43,15,0.33429328512488166,
10,YZt,44,15,0.3230835789698224,
10,YZt,45,15,0.31289258568004824,
10,YZt,46,15,0.3031135241814158,
10,YZt,47,15,0.29385025568179657,
10,YZt,48,15,0.28626317467253964,
10,YZt,49,15,0.28287373559865703,
10,YZt,50,15,0.2780950389656266,
10,YZt,51,15,0.2743303645407543,
10,YZt,52,15,0.27317754630705676,
10,YZt,53,15,0.27581948521098,
10,YZt,54,15,0.27841047706739697,
10,YZt,55,15,0.28307052788936493,
10,YZt,56,15,0.29046049255248085,
10,YZt,57,15,0.3010570548952388,
10,YZt,58,15,0.313172339290891,
10,YZt,59,15,0.3278398851627197,
10,YZt,60,15,0.3483654698877569,
10,YZt,61,15,0.3703977917661829,
10,YZt,62,15,0.39133474999381934,
10,YZt,63,15,0.4070923266446075,
10,YZt,64,15,0.3982102621672562,
10,YZt,65,15,0.3723276513762775,
10,YZt,66,15,0.3280379914874231,
10,YZt,67,15,0.279208476839895,
10,YZt,68,15,0.24018919990542492,
10,YZt,69,15,0.21429173243481883,
10,YZt,70,15,0.19694078541238974,
10,YZt,71,15,0.1846026104364841,
10,YZt,72,15,0.17586072753777088,
10,YZt,73,15,0.16780643119198121,
10,YZt,74,15,0.1618668073107738,
10,YZt,75,15,0.15736707790024188,
10,YZt,76,15,0.15344878784855775,
10,YZt,77,15,0.15021801438494609,
10,YZt,78,15,0.14852746822024898,
10,YZt,79,15,0.14749533045242563,
10,YZt,80,15,0.14734411409583817,
10,YZt,81,15,0.14814922720698642,
10,YZt,82,15,0.14920252754123448,
10,YZt,83,15,0.1515830795864438,
10,YZt,84,15,0.15399823283447825,
10,YZt,85,15,0.1565269496975275,
10,YZt,86,15,0.15973871503960602,
10,YZt,87,15,0.16308516235310008,
10,YZt,88,15,0.16681594032838012,
10,YZt,89,15,0.1700456169950334,
10,YZt,90,15,0.17356120838766206,
10,YZt,91,15,0.17674085818236882,
10,YZt,92,15,0.1796127049409253,
10,YZt,93,15,0.18257438341468976,
10,YZt,94,15,0.18555148180776224,
10,YZt,95,15,0.18846930726543978,
10,YZt,96,15,0.19136523043930764,
10,YZt,97,15,0.1945306188523713,
10,YZt,98,15,0.19755449240929976,
10,YZt,99,15,0.2003366683711468,
10,YZt,100,15,0.2038464012944006,
10,YZt,101,15,0.20722649265314644,
10,YZt,102,15,0.2107681533514448,
10,YZt,103,15,0.21444096173013527,
10,YZt,104,15,0.21851634621282506,
10,YZt,105,15,0.2230617300735245,
10,YZt,106,15,0.22836093933144394,
10,YZt,107,15,0.2343998543832312,
10,YZt,108,15,0.24157522844084184,
10,YZt,109,15,0.24991096538038954,
10,YZt,110,15,0.25910301813888753,
10,YZt,111,15,0.26801131219544805,
10,YZt,112,15,0.2779140733555839,
10,YZt,113,15,0.2860697362012315,
10,YZt,114,15,0.2926474181916533,
10,YZt,115,15,0.29741133800191544,
10,YZt,116,15,0.30249359329137726,
10,YZt,117,15,0.3070629391327915,
10,YZt,118,15,0.3110680623241613,
10,YZt,119,15,0.31260632887914397,
10,YZt,120,15,0.31195824591716576,
10,YZt,121,15,0.3088714574445201,
10,YZt,122,15,0.30298693080325423,
10,YZt,123,15,0.2965764507029268,
10,YZt,124,15,0.2897994662929942,
10,YZt,125,15,0.28360808573537133,
10,YZt,126,15,0.27902975581031975,
10,YZt,127,15,0.2765607737805443,
10,YZt,128,15,0.27539964691751434,
10,YZt,129,15,0.27484894817026934,
10,YZt,156,15,0.23027664453203534,
10,YZt,157,15,0.22668222802633003,
10,YZt,158,15,0.220997868866275,
10,YZt,159,15,0.21339736203469245,
10,YZt,160,15,0.20500218284624538,
10,YZt,161,15,0.19736832534485355,
10,YZt,162,15,0.19003323932751426,
10,YZt,163,15,0.18304042581953084,
10,YZt,164,15,0.17684198750175528,
10,YZt,165,15,0.17051833997336316,
10,YZt,166,15,0.1645618481090588,
10,YZt,167,15,0.1584122734990568,
10,YZt,168,15,0.15219138117794534,
10,YZt,169,15,0.14584756815606095,
10,YZt,170,15,0.1402187131802879,
10,YZt,171,15,0.13531321030791557,
10,YZt,172,15,0.13123337142542058,
10,YZt,173,15,0.12932573689113624,
10,YZt,174,15,0.12881624737458014,
10,YZt,175,15,0.12891305501733016,
10,YZt,176,15,0.12959558696451212,
10,YZt,177,15,0.1309000032605588,
10,YZt,178,15,0.13446031940990374,
10,YZt,179,15,0.13862512804325722,
10,YZt,180,15,0.1437326758468579,
10,YZt,181,15,0.15059469175447177,
10,YZt,130,15,0.27508000627461204,
10,YZt,131,15,0.2754572730287883,
10,YZt,132,15,0.2761996255190848,
10,YZt,133,15,0.27709299760761047,
10,YZt,134,15,0.27789206387105936,
10,YZt,135,15,0.2789603992185552,
10,YZt,136,15,0.279945894486887,
10,YZt,137,15,0.2799370278276117,
10,YZt,138,15,0.28078729387468343,
10,YZt,139,15,0.28099767349444116,
10,YZt,140,15,0.2809458623032163,
10,YZt,141,15,0.2791512051256128,
10,YZt,142,15,0.276158386044907,
10,YZt,143,15,0.2724206634826832,
10,YZt,144,15,0.26814222322362935,
10,YZt,145,15,0.26364835856022073,
10,YZt,146,15,0.25895106678092117,
10,YZt,147,15,0.25438741450784036,
10,YZt,148,15,0.25072002247424835,
10,YZt,149,15,0.24742947137370036,
10,YZt,150,15,0.2444842930545722,
10,YZt,151,15,0.24127542714291014,
10,YZt,152,15,0.2391407700323762,
10,YZt,153,15,0.2369906814152357,
10,YZt,154,15,0.23487049785192107,
10,YZt,155,15,0.23301591366138885,
10,YZt,182,15,0.1594516545574605,
10,YZt,183,15,0.1707128500921352,
10,YZt,184,15,0.18703118302964597,
10,YZt,185,15,0.21099065165770345,
10,YZt,186,15,0.24652378632359617,
10,YZt,187,15,0.30415054251941653,
10,YZt,188,15,0.3713202420643015,
10,YZt,189,15,0.440419473437576,
10,YZt,190,15,0.4953823423982739,
10,YZt,191,15,0.5123851485269648,
10,YZt,192,15,0.503494435881402,
10,YZt,193,15,0.47990742562313804,
10,YZt,194,15,0.46612674577662583,
10,YZt,195,15,0.44430220692409433,
10,YZt,196,15,0.43131773546029484,
10,YZt,197,15,0.4163705082981065,
10,YZt,198,15,0.4087882146098663,
10,YZt,199,15,0.40108744439795957,
10,YZt,200,15,0.39023627422433854,
10,YZt,201,15,0.38542071204589956,
10,YZt,202,15,0.38022073899691583,
10,YZt,203,15,0.3709184312654224,
10,YZt,204,15,0.36762181568855745,
10,YZt,205,15,0.36620954038580594,
10,YZt,206,15,0.36468751712049896,
10,YZt,207,15,0.357599713131238,
10,YZt,208,15,0.35629082268004897,
10,YZt,209,15,0.35473841894207286,
10,YZt,210,15,0.3526323475983629,
10,YZt,211,15,0.34581619981511214,
10,YZt,212,15,0.34372891711334164,
10,YZt,213,15,0.34334754071303997,
10,YZt,214,15,0.3422679516861839,
10,YZt,215,15,0.34065331903597673,
10,YZt,216,15,0.3395976034280146,
10,YZt,217,15,0.33908605657088076,
10,YZt,218,15,0.3319681438595852,
10,YZt,219,15,0.3301858049843257,
10,YZt,220,15,0.32758604780477424,
10,YZt,221,15,0.3254595519120583,
10,YZt,222,15,0.3222725213536253,
10,YZt,223,15,0.3188360648331319,
10,YZt,224,15,0.31391496786338086,
10,YZt,225,15,0.3150110404935445,
10,YZt,226,15,0.3128701802787361,
10,YZt,227,15,0.3098293199201582,
10,YZt,228,15,0.30726001545187537,
10,YZt,229,15,0.3030754398288901,
10,YZt,230,15,0.2968183169743502,
10,YZt,231,15,0.29742513088407546,
10,YZt,232,15,0.29418480507391037,
10,YZt,233,15,0.2859212839294046,
10,YZt,234,15,0.28732769330407587,
10,YZt,235,15,0.28314484907346316,
10,YZt,236,15,0.2762680805096994,
10,YZt,237,15,0.27665178626314224,
10,YZt,238,15,0.27070412237273184,
10,YZt,239,15,0.2693985974329336,
10,YZt,240,15,0.26391540540565894,
10,YZt,241,15,0.25900378506967,
10,YZt,242,15,0.2566565900143734,
10,YZt,243,15,0.25427349350735373,
10,YZt,244,15,0.2518286431829887,
10,YZt,245,15,0.24743255911002776,
10,YZt,246,15,0.24152153647557253,
10,YZt,247,15,0.2420258536300759,
10,YZt,248,15,0.2390766594880325,
10,YZt,249,15,0.2338351870012884,
10,YZt,250,15,0.23397889306961744,
10,YZt,251,15,0.22552049370280955,
10,YZt,252,15,0.2164624556284881,
10,YZt,253,15,0.20748755635864677,
10,YZt,254,15,0.20779781769035702,
10,YZt,255,15,0.2040238932155382,
10,YZt,256,15,0.21224997269432633,
10,YZt,257,15,0.23326584130400002,
10,YZt,258,15,0.26314651110563675,
10,YZt,259,15,0.8194066647744642,
10,XZt,0,15,0.7502061458113336,
10,XZt,1,15,0.22834035437914088,
10,XZt,2,15,0.2046352661150438,
10,XZt,3,15,0.19085041610237105,
10,XZt,4,15,0.18701806944321164,
10,XZt,5,15,0.19333718693774604,
10,XZt,6,15,0.19787290216341388,
10,XZt,7,15,0.2126574405218079,
10,XZt,8,15,0.22259718017039679,
10,XZt,9,15,0.23294304671208463,
10,XZt,10,15,0.234005636542945,
10,XZt,11,15,0.24029697918923773,
10,XZt,12,15,0.24244769720742637,
10,XZt,13,15,0.24282539949083715,
10,XZt,14,15,0.2480163332891614,
10,XZt,15,15,0.2541295804720056,
10,XZt,16,15,0.25619006146904566,
10,XZt,17,15,0.2580293539508008,
10,XZt,18,15,0.26124120778532695,
10,XZt,19,15,0.2657150008823912,
10,XZt,20,15,0.26998040141507773,
10,XZt,21,15,0.2722842540060311,
10,XZt,22,15,0.2784428248389961,
10,XZt,23,15,0.2769033144674333,
10,XZt,24,15,0.2837661204549943,
10,XZt,25,15,0.2876716138177446,
10,XZt,26,15,0.28491840923651957,
10,XZt,27,15,0.291047354301476,
10,XZt,28,15,0.29427359737834474,
10,XZt,29,15,0.29390674312780063,
10,XZt,30,15,0.2982377617881305,
10,XZt,31,15,0.30229546300644344,
10,XZt,32,15,0.30548086994827395,
10,XZt,33,15,0.30763004820450635,
10,XZt,34,15,0.30971863231349617,
10,XZt,35,15,0.30782723272546075,
10,XZt,36,15,0.3132812905017063,
10,XZt,37,15,0.31676387125742383,
10,XZt,38,15,0.32056163859254544,
10,XZt,39,15,0.32515908604779076,
10,XZt,40,15,0.3292015901907162,
10,XZt,41,15,0.33262609999838355,
10,XZt,42,15,0.3415025029403304,
10,XZt,43,15,0.34382721486046636,
10,XZt,44,15,0.3461766968605103,
10,XZt,45,15,0.3483530635606248,
10,XZt,46,15,0.3509351825361992,
10,XZt,47,15,0.35364401553148567,
10,XZt,48,15,0.35619236273704863,
10,XZt,49,15,0.36293676868111274,
10,XZt,50,15,0.3665991023195553,
10,XZt,51,15,0.36996583308984654,
10,XZt,52,15,0.3737794356751511,
10,XZt,53,15,0.38273647035764996,
10,XZt,54,15,0.38775222693237177,
10,XZt,55,15,0.39283667012981105,
10,XZt,56,15,0.39801686234468747,
10,XZt,57,15,0.40826783073263123,
10,XZt,58,15,0.4136902686588703,
10,XZt,59,15,0.41797728091101616,
10,XZt,60,15,0.42825515573911,
10,XZt,61,15,0.4326381461275083,
10,XZt,62,15,0.43574655608365737,
10,XZt,63,15,0.44416128061707544,
10,XZt,64,15,0.4474769171601343,
10,XZt,65,15,0.45644165768496175,
10,XZt,66,15,0.4574710228951443,
10,XZt,67,15,0.46146488229294474,
10,XZt,68,15,0.4529107403600841,
10,XZt,69,15,0.44108973620253866,
10,XZt,70,15,0.41712323412531893,
10,XZt,71,15,0.392873886991905,
10,XZt,72,15,0.37327498352574917,
10,XZt,73,15,0.35046781712429503,
10,XZt,74,15,0.33300536301342454,
10,XZt,75,15,0.3169363181331582,
10,XZt,76,15,0.3012602337822304,
10,XZt,77,15,0.2871483219978798,
10,XZt,78,15,0.27377999687980353,
10,XZt,79,15,0.26256234530757333,
10,XZt,80,15,0.2519539195961279,
10,XZt,81,15,0.24347049959519873,
10,XZt,82,15,0.23544769928475817,
10,XZt,83,15,0.22896894084327707,
10,XZt,84,15,0.22326462753790374,
10,XZt,85,15,0.21783953400107553,
10,XZt,86,15,0.21418337456676753,
10,XZt,87,15,0.21146511741564192,
10,XZt,88,15,0.20975658920066464,
10,XZt,89,15,0.20866394256018234,
10,XZt,90,15,0.2080994560378794,
10,XZt,91,15,0.20691338154712668,
10,XZt,92,15,0.20582309039998176,
10,XZt,93,15,0.20440638145939366,
10,XZt,94,15,0.20279243902539024,
10,XZt,95,15,0.2010754270298149,
10,XZt,96,15,0.19919339190322374,
10,XZt,97,15,0.196884753961032,
10,XZt,98,15,0.19416018310291366,
10,XZt,99,15,0.1909226197223211,
10,XZt,100,15,0.18773038870246345,
10,XZt,101,15,0.18471087978015813,
10,XZt,102,15,0.18154692090477173,
10,XZt,103,15,0.17869626468043895,
10,XZt,104,15,0.1759946687104997,
10,XZt,105,15,0.17356604483817278,
10,XZt,106,15,0.17118333240538375,
10,XZt,107,15,0.16877761480920003,
10,XZt,108,15,0.16689894043057119,
10,XZt,109,15,0.1653000007019055,
10,XZt,110,15,0.16406435997508773,
10,XZt,111,15,0.1631339846199872,
10,XZt,112,15,0.16261023348216874,
10,XZt,113,15,0.16218237275909328,
10,XZt,114,15,0.16161056847811514,
10,XZt,115,15,0.16107692014998254,
10,XZt,116,15,0.16064532585501357,
10,XZt,117,15,0.16007327664528498,
10,XZt,118,15,0.15962296518194763,
10,XZt,119,15,0.15933796246200177,
10,XZt,120,15,0.15887762463798535,
10,XZt,121,15,0.158440878713751,
10,XZt,122,15,0.1582443796190801,
10,XZt,123,15,0.15798690890814726,
10,XZt,124,15,0.1580708421789276,
10,XZt,125,15,0.15807062254849497,
10,XZt,126,15,0.15834598150955892,
10,XZt,127,15,0.1588359499814988,
10,XZt,128,15,0.15957404415492102,
10,XZt,129,15,0.16043109041308704,
10,XZt,130,15,0.16142871116061405,
10,XZt,131,15,0.16242464622616082,
10,XZt,132,15,0.16358991197396555,
10,XZt,133,15,0.16525584654379172,
10,XZt,134,15,0.16704812924831325,
10,XZt,135,15,0.16894431074269434,
10,XZt,136,15,0.17090858942156195,
10,XZt,137,15,0.17291052403154214,
10,XZt,138,15,0.17478386497453216,
10,XZt,139,15,0.1767545332592199,
10,XZt,140,15,0.17833112782489172,
10,XZt,141,15,0.18012560914352332,
10,XZt,142,15,0.18183623997067996,
10,XZt,143,15,0.183459449385476,
10,XZt,144,15,0.18520603615852407,
10,XZt,145,15,0.18725088417219646,
10,XZt,146,15,0.1898471677104355,
10,XZt,147,15,0.19310223313053354,
10,XZt,148,15,0.19668866608267208,
10,XZt,149,15,0.2010288623339275,
10,XZt,150,15,0.20551146368046966,
10,XZt,151,15,0.21068501665387251,
10,XZt,152,15,0.21605298711215387,
10,XZt,153,15,0.22246386617259326,
10,XZt,154,15,0.22915766053549239,
10,XZt,155,15,0.23604091004528222,
10,XZt,156,15,0.2436981742075843,
10,XZt,157,15,0.25217649675881443,
10,XZt,158,15,0.2617076579584919,
10,XZt,159,15,0.2708088368341289,
10,XZt,160,15,0.2806037597642992,
10,XZt,161,15,0.29085869175147355,
10,XZt,162,15,0.30193552547598357,
10,XZt,163,15,0.31207303785150575,
10,XZt,164,15,0.3218724231943181,
10,XZt,165,15,0.33123620070175364,
10,XZt,166,15,0.34122948112425777,
10,XZt,167,15,0.3494772722441765,
10,XZt,168,15,0.3566735578151735,
10,XZt,169,15,0.3645841763983442,
10,XZt,170,15,0.37111006020425014,
10,XZt,171,15,0.37626113786361337,
10,XZt,172,15,0.38081367097155433,
10,XZt,173,15,0.3814937558419104,
10,XZt,174,15,0.37890354290477224,
10,XZt,175,15,0.37445172594976367,
10,XZt,176,15,0.3664281742416812,
10,XZt,177,15,0.35740299097593703,
10,XZt,178,15,0.3453281722181723,
10,XZt,179,15,0.33238157828649056,
10,XZt,180,15,0.321353760841774,
10,XZt,181,15,0.3103610217714545,
10,XZt,182,15,0.3020602213817393,
10,XZt,183,15,0.29408502076729853,
10,XZt,184,15,0.2890049755225942,
10,XZt,185,15,0.284663365247525,
10,XZt,186,15,0.28278583018759584,
10,XZt,187,15,0.28461326419950383,
10,XZt,188,15,0.28644435896093334,
10,XZt,189,15,0.29112409287973084,
10,XZt,190,15,0.29641620936980034,
10,XZt,191,15,0.30177138357469535,
10,XZt,192,15,0.30809839221180985,
10,XZt,193,15,0.31081939533298797,
10,XZt,194,15,0.3134178249338006,
10,XZt,195,15,0.3110719567775776,
10,XZt,196,15,0.30915498553393367,
10,XZt,197,15,0.3038241096540728,
10,XZt,198,15,0.29975233152879355,
10,XZt,199,15,0.29569279241620694,
10,XZt,200,15,0.2906306879171139,
10,XZt,201,15,0.2874610635319456,
10,XZt,202,15,0.2845261803665491,
10,XZt,203,15,0.28092801181611915,
10,XZt,204,15,0.2787673826845213,
10,XZt,205,15,0.2768153226235006,
10,XZt,206,15,0.2753030396390044,
10,XZt,207,15,0.2731829502590271,
10,XZt,208,15,0.27307856903227357,
10,XZt,209,15,0.2725066101780774,
10,XZt,210,15,0.2738138607113366,
10,XZt,211,15,0.2749449124577085,
10,XZt,212,15,0.27997195100814826,
10,XZt,213,15,0.2881827389470209,
10,XZt,214,15,0.29993084142750004,
10,XZt,215,15,0.3161018791968987,
10,XZt,216,15,0.33695512425001817,
10,XZt,217,15,0.36315887143382336,
10,XZt,218,15,0.3898764298667513,
10,XZt,219,15,0.421664652618011,
10,XZt,220,15,0.45102069024173885,
10,XZt,221,15,0.47235100465938046,
10,XZt,222,15,0.4826408385866271,
10,XZt,223,15,0.47884535884920215,
10,XZt,224,15,0.4611783539498813,
10,XZt,225,15,0.44651662586119945,
10,XZt,226,15,0.4242589713482704,
10,XZt,227,15,0.40541209426339525,
10,XZt,228,15,0.39101098953429214,
10,XZt,229,15,0.37731592919565193,
10,XZt,230,15,0.36593803938192715,
10,XZt,231,15,0.3620400872235941,
10,XZt,232,15,0.35439435210783005,
10,XZt,233,15,0.34345785861776723,
10,XZt,234,15,0.34351052242881613,
10,XZt,235,15,0.33705685461292156,
10,XZt,236,15,0.3278356162475645,
10,XZt,237,15,0.3275110805094993,
10,XZt,238,15,0.3191152032378584,
10,XZt,239,15,0.3156303535808597,
10,XZt,240,15,0.3090608841745569,
10,XZt,241,15,0.30379611682632296,
10,XZt,242,15,0.2993263472553626,
10,XZt,243,15,0.29676539249214706,
10,XZt,244,15,0.29366877242341527,
10,XZt,245,15,0.28718961560356165,
10,XZt,246,15,0.279841515047006,
10,XZt,247,15,0.27863186687749536,
10,XZt,248,15,0.27562415015120045,
10,XZt,249,15,0.2675786295472525,
10,XZt,250,15,0.2673488615814457,
10,XZt,251,15,0.2566687981755077,
10,XZt,252,15,0.24469374582010175,
10,XZt,253,15,0.22935943603704873,
10,XZt,254,15,0.22208062851122143,
10,XZt,255,15,0.21355735963829264,
10,XZt,256,15,0.21715456652935403,
10,XZt,257,15,0.22883929826676444,
10,XZt,258,15,0.25029692278268934,
10,XZt,259,15,0.7221493220835453,
