iteration,orientation,plane,iterations,percent_change_last,gradient_last
1,XYt,0,57,0.0076819991792989525,0.00990429171389491
1,XYt,1,57,0.006763780156014262,0.009630727201019483
1,XYt,2,56,0.006329057073671477,0.009919632768317093
1,XYt,3,56,0.0055247565121186466,0.009710727785118884
1,XYt,4,55,0.005083469824016668,0.009986658649303905
1,XYt,5,55,0.004404284019975097,0.009761242540789236
1,XYt,6,55,0.003959596321090555,0.00991946854671538
1,XYt,7,56,0.003415647859241556,0.00953745462791808
1,XYt,8,55,0.0034078188223976512,0.009989268588570424
1,XYt,9,55,0.0032121124574445614,0.009957206635858761
1,XYt,10,55,0.0030568551918747746,0.009935438090989474
1,XYt,11,55,0.002930654643796674,0.009920269938146228
1,XYt,12,55,0.002834443907968636,0.00991184086402128
1,XYt,13,55,0.002754923711455821,0.009911350956881119
1,XYt,14,55,0.0026617763207139994,0.0099097174953565
1,XYt,15,55,0.002544815499924353,0.009904991396505785
1,XYt,16,55,0.00252354611355748,0.009894940645358508
1,XYt,17,55,0.0025510795851841914,0.009885547141855909
1,XYt,18,55,0.002565743177907589,0.009978955879871505
1,XYt,19,55,0.0025743457038652643,0.009975071717938698
1,XYt,20,55,0.002588943928690609,0.009963653627557367
1,XYt,21,55,0.002601891573658822,0.009958055596294282
1,XYt,22,55,0.0026169418519499475,0.009947926513142103
1,XYt,23,55,0.002637625085657433,0.00992961249648366
1,XYt,24,55,0.0026619739445477497,0.009899445035082246
1,XYt,25,55,0.002707847828712025,0.00987742144912368
1,XYt,26,55,0.002748933946228923,0.009838979130660409
1,XYt,27,55,0.0028050452987034334,0.009800413525895071
1,XYt,28,55,0.0028634923864361704,0.009756585459732224
1,XYt,29,55,0.0029502453304924366,0.009714961722240898
1,XYt,30,55,0.0030447019552721577,0.009666663226370848
1,XYt,31,55,0.003150756829631815,0.009622741551139062
1,XYt,32,55,0.003277211149554126,0.009565047164354456
1,XYt,33,54,0.0036847292012163347,0.009973863873886055
1,XYt,34,54,0.0038555250027841265,0.009887682812633336
1,XYt,35,54,0.004059523887920631,0.009801842019098405
1,XYt,36,54,0.004281578662497261,0.009701515098462031
1,XYt,37,54,0.004561540683443687,0.009611986835264359
1,XYt,38,53,0.005212463341808399,0.009979918072592372
1,XYt,39,53,0.005561246848247622,0.009847535630443544
1,XYt,40,53,0.005933873807391519,0.009688614716224018
1,XYt,41,53,0.0063473812464676285,0.00951109974264322
1,XYt,42,52,0.00732144794650655,0.009794917226317916
1,XYt,43,52,0.007929410895798723,0.009577161178649608
1,XYt,44,51,0.009277092800992547,0.009841727069995669
1,XYt,45,51,0.010269595627649508,0.009630785205544747
1,XYt,46,50,0.012459919591796117,0.009982434288667463
1,XYt,47,50,0.013892716839965317,0.009782178358085761
1,XYt,48,50,0.015128261011417232,0.009447873475372048
1,XYt,49,49,0.017341928219760487,0.009530804186630272
1,XYt,50,48,0.019570296832798113,0.009486952307457856
1,XYt,51,46,0.02344459521956051,0.009928525030330562
1,XYt,52,45,0.025869601793985078,0.009716195318141645
1,XYt,53,44,0.028507278726151844,0.009582184731790925
1,XYt,54,43,0.031513020696829985,0.009647463037844032
1,XYt,55,42,0.03474722417478847,0.00989728782556017
1,XYt,56,42,0.03521591861095668,0.009584492750122837
1,XYt,57,42,0.03560269520823386,0.009408146116000259
1,XYt,58,42,0.035669040086279205,0.00929794096536953
1,XYt,59,42,0.035579184162193106,0.009275933762578332
1,XYt,60,42,0.03553559503640283,0.009349089509462281
1,XYt,61,42,0.035503043068413634,0.009451346050420615
1,XYt,62,42,0.035268928704730834,0.009570473428399659
1,XYt,63,42,0.03517232733277557,0.009721131753026786
1,XYt,64,42,0.03501946002907689,0.009907050716560978
1,XYt,65,43,0.0320277081383343,0.009245289280179503
1,XYt,66,43,0.03193672325484548,0.009374674350221325
1,XYt,67,43,0.03189784576771344,0.009527442578151205
1,XYt,68,43,0.03180716730873496,0.009645972398858674
1,XYt,69,43,0.03160735199082077,0.009729432944561987
1,XYt,70,43,0.03161915401562508,0.009829238050508464
1,XYt,71,43,0.03152417482816358,0.009888890121912668
1,XYt,72,43,0.03137674968750037,0.009943515587768197
1,XYt,73,44,0.028687368864959126,0.009230529656529202
1,XYt,74,44,0.0285585320381936,0.009308346341970555
1,XYt,75,44,0.028431388509896793,0.009335907601221617
1,XYt,76,44,0.028182839075474208,0.009352131773680678
1,XYt,77,44,0.027845712747105886,0.009295795456253296
1,XYt,78,43,0.029718244548980515,0.00996741878313576
1,XYt,79,43,0.028999438005252044,0.009869777103200621
1,XYt,80,43,0.02837387156841846,0.00977867225998098
1,XYt,81,43,0.027805676192217743,0.00968059167210708
1,XYt,82,43,0.027305091587474524,0.009594021402610864
1,XYt,83,43,0.02683689163362854,0.009536845541970729
1,XYt,84,43,0.026499425308993275,0.009518834323546662
1,XYt,85,43,0.026088529441849397,0.009503711963867331
1,XYt,86,43,0.025723966480845115,0.009481732864450932
1,XYt,87,43,0.025349229513787135,0.009473181218530467
1,XYt,88,43,0.02484718855145083,0.009408731563256369
1,XYt,89,43,0.024260822582245288,0.009290813410553484
1,XYt,90,43,0.024042815679106322,0.009345265012635889
1,XYt,91,43,0.02386594032913402,0.009353767803431763
1,XYt,92,43,0.023624521343131994,0.009362022527916708
1,XYt,93,43,0.023482674066329732,0.009337222654893697
1,XYt,94,43,0.023293053013793037,0.009333995568516724
1,XYt,95,43,0.023141708634675087,0.009314011077905793
1,XYt,96,43,0.023116969951439397,0.009340675305962953
1,XYt,97,43,0.023094798467730906,0.00940099615288592
1,XYt,98,43,0.022912821852333523,0.009392514489099963
1,XYt,99,43,0.022696911770890827,0.009378641387992064
1,XYt,100,43,0.02242781542979531,0.009346960756341859
1,XYt,101,43,0.022186819591874025,0.009288543028815582
1,XYt,102,43,0.022108028026371667,0.009288138010757778
1,XYt,103,43,0.02188073017421562,0.009242555477974994
1,XYt,104,43,0.021734584734934035,0.009202995789650873
1,XYt,105,42,0.02366969552328021,0.009999194834509104
1,XYt,106,42,0.023645390294224505,0.009951976321761676
1,XYt,107,43,0.02177846823804206,0.00919840474466305
1,XYt,108,42,0.023763642433477655,0.009993827013008341
1,XYt,109,42,0.023725856207317708,0.00993089180852852
1,XYt,110,42,0.023746187709882155,0.009908396812008578
1,XYt,111,42,0.023743554405194295,0.009915260080546039
1,XYt,112,42,0.023802561968153182,0.009932901710758096
1,XYt,113,42,0.024033341152846804,0.009976193268354692
1,XYt,114,43,0.022205305706411976,0.009230346826447121
1,XYt,115,43,0.022445275413430374,0.009284073393670152
1,XYt,116,43,0.022817974621907166,0.009331996073167865
1,XYt,117,43,0.023090358794530547,0.009419058510856839
1,XYt,118,43,0.02315157365678743,0.009362803206430945
1,XYt,119,43,0.023328820250177077,0.009352519401186529
1,XYt,120,43,0.02348398097046062,0.009331102293731831
1,XYt,121,43,0.02348742881261942,0.009282663276911959
1,XYt,122,43,0.023599965840182147,0.009248369913680148
1,XYt,123,42,0.025786290218414935,0.009996059917310271
1,XYt,124,42,0.02577882545251287,0.009964488709342493
1,XYt,125,42,0.025911494313642768,0.009999283127803061
1,XYt,126,42,0.0260200279997808,0.009944360610178086
1,XYt,127,42,0.02638758255835283,0.009983124972760247
1,XYt,128,43,0.024541533883244097,0.009266888696578752
1,XYt,129,43,0.024883199913305905,0.009292110042015838
1,XYt,130,43,0.0250702086632724,0.009230689629880447
1,XYt,131,43,0.025357657765262734,0.009216783177090985
1,XYt,132,42,0.027854447621532996,0.009950459456133182
1,XYt,133,42,0.028093030255601798,0.009904955506435833
1,XYt,134,42,0.028470512719546506,0.00991873207588114
1,XYt,135,42,0.02912686462514649,0.00997867597319439
1,XYt,136,42,0.029643035211133612,0.009997953957781117
1,XYt,137,43,0.027523281380964028,0.009206128766088529
1,XYt,138,43,0.02794954759669863,0.009281927204297815
1,XYt,139,43,0.02822624452521093,0.009348306432070488
1,XYt,140,43,0.0282932360565376,0.009323202333593726
1,XYt,141,43,0.028243716655803858,0.009250392975023237
1,XYt,142,43,0.028329346381613715,0.009211045075405586
1,XYt,143,43,0.028391310778747084,0.009202009245770188
1,XYt,144,43,0.028402782911497493,0.009198355055606853
1,XYt,145,43,0.02848241465866058,0.009216761984826717
1,XYt,219,42,0.030565900234000017,0.00972816930374522
1,XYt,220,42,0.03092279160641963,0.009748537008317659
1,XYt,221,42,0.03123571662532596,0.009718996864730382
1,XYt,222,42,0.03146631364037949,0.009678527355663703
1,XYt,223,42,0.03156450323004478,0.009633675659952025
1,XYt,224,42,0.031740275276185385,0.009609126038819582
1,XYt,225,42,0.03170327096692277,0.009518410375680925
1,XYt,226,42,0.03160543366805061,0.0094201230951639
1,XYt,227,42,0.03174188410574453,0.009365034311329765
1,XYt,228,42,0.03169145962751427,0.009222512625646377
1,XYt,229,41,0.03468733826403514,0.00995568821280617
1,XYt,230,41,0.0346163493180107,0.009822511939755299
1,XYt,231,41,0.03449322339239448,0.009627004851437767
1,XYt,232,41,0.034339622621082345,0.009431300395417293
1,XYt,233,41,0.03424304558390733,0.009270222160448888
1,XYt,234,40,0.03730979476172664,0.009936415112772866
1,XYt,235,40,0.03696565242420043,0.00969339633894765
1,XYt,236,40,0.03672432320118299,0.009500409438251934
1,XYt,237,40,0.03620160605686034,0.009274560316727977
1,XYt,238,40,0.03579123090354659,0.009127909299465345
1,XYt,239,39,0.039257376386461824,0.009960536546882908
1,XYt,240,39,0.039263074440254016,0.009949638116654258
1,XYt,241,39,0.03909525036982761,0.009895676912999645
1,XYt,242,39,0.03903555275246203,0.009875693373753195
1,XYt,243,39,0.039046537155283306,0.0098970213976941
1,XYt,244,39,0.039053213946858484,0.00989467612832564
1,XYt,245,39,0.039140214549531684,0.00993347589384237
1,XYt,246,39,0.0388610300742731,0.009850974787614453
1,XYt,247,39,0.03894633584508411,0.009877943490707239
1,XYt,248,39,0.03899522321403982,0.009909757704446569
1,XYt,249,39,0.03916035614067387,0.009960915009124792
1,XYt,250,39,0.03903947819195839,0.009928008796313245
1,XYt,251,39,0.0389288501435805,0.009926092751070406
1,XYt,252,39,0.0389931129521544,0.009946163556020715
1,XYt,253,40,0.03565275602743186,0.00915066741857616
1,XYt,254,40,0.03549053443473789,0.00921578496853677
1,XYt,255,40,0.034634510880819175,0.00925628225265071
1,XYt,256,40,0.03302697136249967,0.009271667454958001
1,XYt,257,40,0.03109009857522947,0.00931875183765778
1,XYt,258,40,0.029024759864792218,0.009438592129368385
1,XYt,259,40,0.026291739064224297,0.00941799256184328
1,XYt,260,40,0.023989068197848157,0.00936677276955016
1,XYt,261,40,0.022725019700413514,0.009378849650685452
1,XYt,262,40,0.022237833128972366,0.009351625076862855
1,XYt,263,40,0.02227544655055686,0.009381270157011479
1,XYt,264,40,0.022413085074424494,0.009431352999222436
1,XYt,265,40,0.022429541324983995,0.00943129542496384
1,XYt,266,40,0.02239983085240598,0.009408812941693217
1,XYt,267,40,0.02243443400723768,0.009426499373479998
1,XYt,268,40,0.022484885864830727,0.0094400116459581
1,XYt,269,40,0.022591398478302396,0.0095383094126009
1,XYt,270,40,0.022511976877590423,0.009528739807596616
1,XYt,271,40,0.022471394771820967,0.009527140795283651
1,XYt,272,40,0.022644495063068485,0.009575180638850078
1,XYt,273,40,0.02257066585989341,0.009532652156198414
1,XYt,274,40,0.02263566697721552,0.009522425016254384
1,XYt,275,40,0.022701095076396574,0.009546038316180248
1,XYt,276,40,0.02275301556244031,0.009561554599147625
1,XYt,277,40,0.022701553315622493,0.009545070447988854
1,XYt,278,40,0.022675978241502494,0.009502995890576167
1,XYt,279,40,0.022615669705311613,0.009475384684394812
1,XYt,280,40,0.022695389261967104,0.009480749366507427
1,XYt,281,40,0.02258990738188096,0.00945717751908495
1,XYt,282,40,0.022604543399478903,0.009443130108170335
1,XYt,283,40,0.02264438559217991,0.009436892981154254
1,XYt,284,40,0.022724227512361805,0.009455151188833603
1,XYt,285,40,0.02276074373251928,0.009450214709867708
1,XYt,286,40,0.02276340783421168,0.009483260030025737
1,XYt,287,40,0.02277688310410534,0.009466809560026612
1,XYt,288,40,0.022689790552158643,0.009413679836238807
1,XYt,289,40,0.022648854434821706,0.009409548222087305
1,XYt,290,40,0.022570323343910115,0.009363630128923902
1,XYt,291,40,0.02263414960745175,0.009377575843692384
1,XYt,146,42,0.03084800590769227,0.009885893701107986
1,XYt,147,42,0.03095922328420923,0.00990273519637546
1,XYt,148,42,0.030874504271681553,0.00987497658268416
1,XYt,149,42,0.03076352931662858,0.009821219703436771
1,XYt,150,42,0.03068028220451002,0.009772677267465224
1,XYt,151,42,0.030738133629703495,0.009757286926119263
1,XYt,152,42,0.030567942908750458,0.009708296066699226
1,XYt,153,42,0.030359953837588265,0.00969483818301845
1,XYt,154,42,0.03029050802632459,0.009689582356858123
1,XYt,155,42,0.030196288887628205,0.009683412394595043
1,XYt,156,42,0.03022696046279962,0.009767538516332696
1,XYt,157,42,0.030099101236228186,0.009771277693414814
1,XYt,158,42,0.029656420586245787,0.00966482430844274
1,XYt,159,42,0.02929240350195928,0.009615417204898016
1,XYt,160,42,0.028802523091071213,0.009570508940082507
1,XYt,161,42,0.0281073397620644,0.009442713104021195
1,XYt,162,42,0.027547593614527487,0.009385117859609195
1,XYt,163,42,0.026906897304824103,0.009313477140520703
1,XYt,164,42,0.026589374676119597,0.009329693841758021
1,XYt,165,42,0.02610300255437913,0.009305188167183606
1,XYt,166,42,0.025762057849974276,0.009291058119448213
1,XYt,167,41,0.027529156093169985,0.009970336241524895
1,XYt,168,41,0.027088136331494404,0.009951557086991612
1,XYt,169,41,0.02673300618834938,0.009879947162344836
1,XYt,170,41,0.026435809111754756,0.009827416833506146
1,XYt,171,41,0.026150779982587486,0.009817961112980377
1,XYt,172,41,0.026026966963325113,0.009840784313948872
1,XYt,173,41,0.025818501944266825,0.009835652946638442
1,XYt,174,41,0.02570417546430063,0.009847584027330903
1,XYt,175,41,0.025781002668625427,0.009933001211985086
1,XYt,176,41,0.025691795197390413,0.009924417630137468
1,XYt,177,41,0.02568463700708553,0.00992041800141822
1,XYt,178,41,0.02560847986827355,0.009893245244953388
1,XYt,179,41,0.025436241599913853,0.009889424593640868
1,XYt,180,41,0.02526798337043881,0.009861207814305061
1,XYt,181,41,0.024958874745042076,0.009790039942942417
1,XYt,182,41,0.02488010478083956,0.009763273763547483
1,XYt,183,41,0.024701786678316632,0.009739226117056826
1,XYt,184,41,0.024595612172210162,0.009744912575487194
1,XYt,185,41,0.024565879780435368,0.00975815928456203
1,XYt,186,41,0.024509489511960247,0.009758384267526263
1,XYt,187,41,0.02445803911315764,0.009735986627797018
1,XYt,188,41,0.02449345654670242,0.0097392217048632
1,XYt,189,41,0.024483553604946064,0.00971702553489626
1,XYt,190,41,0.024559155969171655,0.009759092809874567
1,XYt,191,41,0.024660876764421538,0.00979489927904902
1,XYt,192,41,0.024644388861828403,0.009750209492332403
1,XYt,193,41,0.02474268291336161,0.009735499106703384
1,XYt,194,41,0.02493843187642689,0.009718072753166008
1,XYt,195,41,0.025172491666327776,0.009720134699587966
1,XYt,196,41,0.02548614114623491,0.009763093707679457
1,XYt,197,41,0.025976508981871798,0.009898154949268554
1,XYt,198,41,0.02622783595806909,0.009959181416474954
1,XYt,199,41,0.026108982548296838,0.009863984412249045
1,XYt,200,41,0.026274188240499124,0.009872465425631619
1,XYt,201,41,0.02627035265568477,0.009857565364357427
1,XYt,202,41,0.026307795463538862,0.00983751512876704
1,XYt,203,41,0.026416274003181042,0.009845182937537566
1,XYt,204,41,0.026472005803289813,0.009815455666919277
1,XYt,205,41,0.02647215078409959,0.009800559812530153
1,XYt,206,41,0.02665440136746208,0.009817179224582159
1,XYt,207,41,0.02690132300456002,0.009835131837880474
1,XYt,208,41,0.02731242229778632,0.009887324067986553
1,XYt,209,41,0.027856019656472015,0.009962382443837155
1,XYt,210,42,0.025851743030071813,0.00919427326593314
1,XYt,211,42,0.026241342491075157,0.009229698004357334
1,XYt,212,42,0.02639539223443642,0.0091687721449614
1,XYt,213,42,0.026725256656636102,0.009171275782464523
1,XYt,214,41,0.029666037562704296,0.009977216808023567
1,XYt,215,42,0.02771324289239875,0.00920811104729385
1,XYt,216,42,0.028437418912188123,0.009313467073850246
1,XYt,217,42,0.029013808863688685,0.009382261168306582
1,XYt,218,42,0.029834761677935487,0.009540989589506913
1,XYt,292,40,0.022548487318439555,0.009312759443540979
1,XYt,293,40,0.022591074062263822,0.009341277945920433
1,XYt,294,40,0.022521379420555755,0.009294545151601026
1,XYt,295,40,0.02256614174597696,0.009290897924147785
1,XYt,296,40,0.02248094006610027,0.009290993789383861
1,XYt,297,40,0.022519004188706313,0.009283860480189362
1,XYt,298,40,0.02253773847289596,0.009267668536990155
1,XYt,299,40,0.022584633889332576,0.009269105379181509
1,XYt,300,40,0.022603541020951502,0.00928539326414015
1,XYt,301,40,0.022684673248644954,0.009342458856941039
1,XYt,302,40,0.022720320241368597,0.009345058091614391
1,XYt,303,40,0.022714308531850996,0.009376763482691869
1,XYt,304,40,0.022675942445801518,0.009331694249029923
1,XYt,305,40,0.022572755644166404,0.009254313666772583
1,XYt,306,40,0.022541215541989002,0.009242446430295035
1,XYt,307,40,0.0225439058755294,0.009259507734899544
1,XYt,308,40,0.022550551976173592,0.00923301824019373
1,XYt,309,40,0.022570865417449192,0.009244500790736321
1,XYt,310,40,0.022641631985863317,0.009270424852358686
1,XYt,311,40,0.022615997856953028,0.009234367405996922
1,XYt,312,40,0.022649714520252627,0.009240198408907654
1,XYt,313,40,0.022617100119601913,0.009221850120406135
1,XYt,314,40,0.022615452260940527,0.009199407811627732
1,XYt,315,40,0.022566489266810784,0.009158418051250746
1,XYt,316,40,0.02264192187890614,0.009161208089500548
1,XYt,317,40,0.02255064041949109,0.00911891918133636
1,XYt,318,39,0.02470296749657456,0.009941233550591315
1,XYt,319,39,0.02481066747337344,0.009954752717533643
1,XYt,320,39,0.024906469139838305,0.009965612234785247
1,XYt,321,39,0.02508530088874333,0.009979667942724986
1,XYt,322,39,0.025174113459858215,0.009962540468408262
1,XYt,323,39,0.025301661221408846,0.009902739930200523
1,XYt,324,39,0.026305741410000427,0.009833618400577717
1,XYt,325,39,0.03033283182726961,0.009825541207552486
1,XYt,326,39,0.03542134871691358,0.00968444549899814
1,XYt,327,39,0.038177488355771935,0.009574696353920751
1,XYt,328,39,0.03909972938032605,0.009563157661123678
1,XYt,329,39,0.039703724732244774,0.009591104742100905
1,XYt,330,39,0.039697323416972,0.009533425828143755
1,XYt,331,39,0.03956427425786338,0.009444341715149168
1,XYt,332,39,0.039767651031422185,0.009447356614028414
1,XYt,333,39,0.039684036170752966,0.009400702361841401
1,XYt,334,39,0.03964162556421068,0.009395289894293161
1,XYt,335,39,0.039907651450068665,0.009419260073644459
1,XYt,336,39,0.03958880084158481,0.0093486031233254
1,XYt,337,39,0.03954697200400511,0.00933467522404152
1,XYt,338,39,0.03954852461471251,0.009328502520653868
1,XYt,339,39,0.03966973342185484,0.009359477255798594
1,XYt,340,39,0.039890383205505545,0.009489010133522184
1,XYt,341,39,0.03973743346571396,0.009540451567033374
1,XYt,342,39,0.039697796860653375,0.00963785792238881
1,XYt,343,39,0.03975010357842963,0.00976615260595495
1,XYt,344,39,0.03950431274807655,0.00985350529753127
1,XYt,345,39,0.0392749791316373,0.00989054993153999
1,XYt,346,39,0.03901120145978324,0.009948607812951753
1,XYt,347,39,0.03894325262575163,0.009986410252988721
1,XYt,348,40,0.03504180701413553,0.009113191903802132
1,XYt,349,40,0.03533381467611955,0.009245237307865235
1,XYt,350,40,0.03495731061416309,0.009243026312489506
1,XYt,351,40,0.03495474152012639,0.009238342681744359
1,XYt,352,40,0.034990261860000704,0.009347028880607034
1,XYt,353,40,0.03487225907152661,0.009426563607633288
1,XYt,354,40,0.03457221340849609,0.009407923553443782
1,XYt,355,40,0.034603785769094224,0.009421293708709312
1,XYt,356,40,0.034138525581756826,0.009383547244959167
1,XYt,357,40,0.03384730435287022,0.009388279105782134
1,XYt,358,40,0.03287769142261751,0.009295202475585044
1,XYt,359,40,0.032090009121514926,0.009244071445590155
1,XYt,360,40,0.03131369357000184,0.009194285162634815
1,XYt,361,40,0.030762924101911754,0.009154934214868833
1,XYt,362,40,0.030342089193999364,0.009250017538413305
1,XYt,363,40,0.029700533954629103,0.009137575055215393
1,XYt,364,45,0.02257331620299956,0.009378887137479131
1,XYt,365,45,0.02246759174583596,0.009437279610823683
1,XYt,366,45,0.022417972054008025,0.00947428631412207
1,XYt,367,45,0.0224050163276705,0.009468214118819322
1,XYt,368,45,0.022292151159559674,0.009506262177034257
1,XYt,369,45,0.022150294773405327,0.009530736146314632
1,XYt,370,45,0.02207795519960967,0.00954467549683344
1,XYt,371,45,0.02199763111227866,0.009554743082589818
1,XYt,372,45,0.021844176809699016,0.009572732443735717
1,XYt,373,45,0.021783727275339802,0.009579118063668386
1,XYt,374,45,0.021779600036995812,0.009611240622633173
1,XYt,375,45,0.02156194633448334,0.009605295270222183
1,XYt,376,45,0.021158588183546396,0.009588576686590258
1,XYt,377,45,0.020899162951011664,0.009594797047562291
1,XYt,378,45,0.02061426399190755,0.009557279270152347
1,XYt,379,45,0.020402811889868745,0.009533178325517032
1,XYt,380,45,0.020287862984994805,0.009530629166281862
1,XYt,381,45,0.020278986562537026,0.00954434519870726
1,XYt,382,45,0.02022345042645298,0.009547860424973692
1,XYt,383,45,0.02029626366469469,0.009574658001750747
1,XYt,384,45,0.020204729860105193,0.009593029462890654
1,XYt,385,45,0.019891206988376087,0.0095672327387934
1,XYt,386,45,0.019774834738922394,0.009604745394391094
1,XYt,387,45,0.01979584070590004,0.009634055608889525
1,XYt,388,45,0.019768582901402418,0.009621604785098515
1,XYt,389,45,0.019811711903641907,0.009632133002542577
1,XYt,390,45,0.01983808404102035,0.00962947738229646
1,XYt,391,45,0.019842227856068092,0.009618823607947828
1,XYt,392,45,0.019848253454911348,0.00963763417919797
1,XYt,393,45,0.019840116494465765,0.009632518284504796
1,XYt,394,45,0.019866704384774343,0.00961349209011255
1,XYt,395,45,0.019917771109303744,0.009602840921304095
1,XYt,396,45,0.02004982393020829,0.00960128964778427
1,XYt,397,45,0.020097584592587536,0.009615683310113287
1,XYt,398,45,0.020114903733576814,0.00959770322448955
1,XYt,399,45,0.020109597962331284,0.00962582516474818
1,XYt,400,45,0.020095832273279338,0.009648182155382197
1,XYt,401,45,0.020122227096739366,0.009657544822177892
1,XYt,402,45,0.020127805914344113,0.009646002367790136
1,XYt,403,45,0.020094868108856224,0.00965115847283476
1,XYt,404,45,0.02021138981954725,0.009666050562029786
1,XYt,405,45,0.020247092850081225,0.009649857054139743
1,XYt,406,45,0.020390939684323914,0.009657836867414386
1,XYt,407,45,0.02059518261801892,0.009672950491086428
1,XYt,408,45,0.02069919355142725,0.009686750526029332
1,XYt,409,45,0.02083619415121195,0.009699296549095288
1,XYt,410,45,0.020938610975444052,0.00972549612441227
1,XYt,411,45,0.020931804733903457,0.00969276077948516
1,XYt,412,45,0.0210962009535765,0.00973724484103981
1,XYt,413,45,0.02118333421191562,0.00972664605105644
1,XYt,414,45,0.021279616457423534,0.009720240397724853
1,XYt,415,45,0.02142602365944939,0.00975357082230865
1,XYt,416,45,0.02177348744492044,0.009797649214795253
1,XYt,417,45,0.02209490592660778,0.009826650008930621
1,XYt,418,45,0.022338812590678662,0.009807037682804089
1,XYt,419,45,0.022532658477013287,0.0098109517373693
1,XYt,420,45,0.022786791045327874,0.009842534791236328
1,XYt,421,45,0.02283185712871971,0.009773763688046682
1,XYt,422,45,0.022919105642956416,0.009753816737570656
1,XYt,423,45,0.023031630264728653,0.009775479411015283
1,XYt,424,45,0.02312638129238894,0.009753095795794059
1,XYt,425,45,0.023335310582450867,0.00977937773456359
1,XYt,426,45,0.023482863830224476,0.009759590760269127
1,XYt,427,45,0.023671298445266456,0.009778494884638654
1,XYt,428,45,0.023856216521275987,0.009798364087619794
1,XYt,429,45,0.024119034866804775,0.009848351601899364
1,XYt,430,45,0.024353974972301906,0.00986543933848448
1,XYt,431,45,0.02466389392745939,0.009909001982794678
1,XYt,432,45,0.02512235207445199,0.009931719024980174
1,XYt,433,45,0.025581267953180577,0.009932337720540226
1,XYt,434,45,0.026130910728837543,0.009956951619743032
1,XYt,435,45,0.026536285912762577,0.009959815271767604
1,XYt,436,46,0.025108836338047637,0.009375058962221215
1,XYt,437,46,0.02541982745026364,0.009374388902078838
1,XYt,438,46,0.025546966436954872,0.009351384877105878
1,XYt,439,45,0.027769659586670797,0.009965332345318824
1,XYt,440,45,0.027840829298134043,0.009927136409987573
1,XYt,441,45,0.028066037788013747,0.00993528278089037
1,XYt,442,45,0.02832535862028618,0.009942160887828039
1,XYt,443,45,0.02832565710753385,0.009860611991565817
1,XYt,444,45,0.028472821271656658,0.00982212337194781
1,XYt,445,45,0.02859682064670488,0.009823657270269548
1,XYt,446,45,0.02865914340356667,0.009799572833662982
1,XYt,447,45,0.028855828053347736,0.009779493178276557
1,XYt,448,45,0.02898589699576859,0.00974213091215852
1,XYt,449,45,0.02902232085100718,0.009668738156514168
1,XYt,450,45,0.02915870107890122,0.009616864647101436
1,XYt,451,45,0.029323436300509403,0.00956567773259549
1,XYt,452,45,0.029287629314495658,0.009457295243582098
1,XYt,453,45,0.029363232535524496,0.009402103916029714
1,XYt,454,44,0.03177963256999937,0.009979949387314177
1,XYt,455,44,0.03160427850964136,0.009943778412752796
1,XYt,456,44,0.031524947365576365,0.009923705145735316
1,XYt,457,44,0.03151471738684753,0.009887193288892237
1,XYt,458,44,0.03177138922274008,0.009915992475710586
1,XYt,459,44,0.03173344616113389,0.009908404302947814
1,XYt,460,44,0.0317840935286912,0.009908358962965845
1,XYt,461,44,0.031680597818218796,0.009847450340268033
1,XYt,462,44,0.031479957667986475,0.009748123050273795
1,XYt,463,44,0.030975506149989767,0.00967238345969754
1,XYt,464,44,0.030271794128197888,0.009743322978996513
1,XYt,465,44,0.029051121044658325,0.009866449027786144
1,XYt,466,45,0.02565891234195362,0.009364363116715794
1,XYt,467,45,0.024452169296992194,0.009495747852525053
1,XYt,468,45,0.022538973729981145,0.009547360842501535
1,XYt,469,45,0.020437112491672436,0.009502048716494777
1,XYt,470,45,0.019328909383027455,0.009563828792027086
1,XYt,471,45,0.018800521711021326,0.009603223717366004
1,XYt,472,45,0.018722438255866215,0.00959971981141751
1,XYt,473,45,0.01881719464899742,0.00957963923406848
1,XYt,474,45,0.018728955361905223,0.009476819712859647
1,XYt,475,45,0.01875545576181724,0.009452454112060788
1,XYt,476,45,0.018684327337008415,0.009416115866597121
1,XYt,477,45,0.018634021232943797,0.009415670698100793
1,XYt,478,45,0.0185822709154574,0.009374093026947188
1,XYt,479,45,0.018591058665225795,0.009406500025096208
1,XYt,480,45,0.018599110959239693,0.009420621131669785
1,XYt,481,45,0.018598912263871906,0.00942954441972887
1,XYt,482,45,0.01857857893956233,0.009403328702483385
1,XYt,483,45,0.018593495913149904,0.009386948315940401
1,XYt,484,45,0.018573195316328242,0.009395099043864406
1,XYt,485,45,0.018586718825188857,0.009416211286741622
1,XYt,486,45,0.01861434534896795,0.009424841151998702
1,XYt,487,45,0.018673614645636407,0.009441638240562409
1,XYt,488,45,0.018650392395778134,0.00944272758364054
1,XYt,489,45,0.018646832867697846,0.0094431801639781
1,XYt,490,45,0.01867346285676436,0.009442277463947437
1,XYt,491,45,0.018646534151790975,0.00943217556859311
1,XYt,492,45,0.01878334799236698,0.009481748108484197
1,XYt,493,45,0.018753009398879292,0.009479564253979795
1,XYt,494,45,0.01874670021807898,0.009497523670696851
1,XYt,495,45,0.018744041456906023,0.009486352744753825
1,XYt,496,45,0.018822972843068855,0.009521332072503526
1,XYt,497,45,0.018730217773382317,0.00950710497377953
1,XYt,498,45,0.01873177263153403,0.009490364481376206
1,XYt,499,45,0.018793066323835084,0.009486157137459495
1,XYt,500,45,0.01878412519197626,0.009497424131648235
1,XYt,501,45,0.018749181177677328,0.009490416346174676
1,XYt,502,45,0.01869552955611931,0.009488495101284671
1,XYt,503,45,0.018733756743846388,0.009495583705240106
1,XYt,504,45,0.01879531440078033,0.009500118310358555
1,XYt,505,45,0.018767465955001752,0.009485539403732346
1,XYt,506,45,0.01872532190016242,0.009470869997442604
1,XYt,507,45,0.01882261234693856,0.00948371397140155
1,XYt,508,45,0.01883729977384479,0.009500274977748845
1,XYt,509,45,0.01887536003907539,0.009503445189710932
1,XYt,510,45,0.018858369624785234,0.009498712300214353
1,XYt,511,45,0.01888487919608401,0.009536954909965758
1,XYt,512,45,0.018887968033256926,0.009533087354393597
1,XYt,513,45,0.0189264711458184,0.009535640772547947
1,XYt,514,45,0.019015516885505825,0.009553579824924581
1,XYt,515,45,0.019026541109323225,0.009555114313924062
1,XYt,516,45,0.01894509369283905,0.009536414611671108
1,XYt,517,45,0.018923874820311413,0.009534140025693832
1,XYt,518,45,0.018937466118711943,0.00955664242495966
1,XYt,519,45,0.01895321476144556,0.009547694309542363
1,XYt,520,45,0.018988388403068098,0.009541188576434661
1,XYt,521,45,0.01901503846240502,0.00958418950285193
1,XYt,522,45,0.01903422287715396,0.009602172517101258
1,XYt,523,45,0.018994076271249764,0.00957177135603182
1,XYt,524,45,0.019039523331358537,0.009614656225220576
1,XYt,525,45,0.01896053964079702,0.009636600110126426
1,XYt,526,45,0.01900066960013095,0.009723431699092186
1,XYt,527,45,0.0189477491835893,0.009813513267416198
1,XYt,528,45,0.018796590677117128,0.009808568364460677
1,XYt,529,45,0.018654503871168522,0.009751065257235902
1,XYt,530,45,0.018855245511503776,0.009692870403368388
1,XYt,531,45,0.01934865812567844,0.009618789493030444
1,XYt,532,45,0.020308659952643627,0.009618619728904305
1,XYt,533,45,0.021692428061817644,0.009650336352855428
1,XYt,534,45,0.023439574300285152,0.009666508851548645
1,XYt,535,45,0.024939990731727434,0.009638644225009025
1,XYt,536,45,0.025622017390054406,0.009521679990131482
1,XYt,537,45,0.02616909262134704,0.009393582497536263
1,XYt,538,44,0.02916366007495935,0.009977710920044477
1,XYt,539,44,0.030035510615097846,0.00988313590701374
1,XYt,540,44,0.03108377170744642,0.009860785512807868
1,XYt,541,44,0.03174077502301671,0.009863136068247293
1,XYt,542,44,0.03202356050334714,0.009842540744709452
1,XYt,543,44,0.03217807480682193,0.0099107794336376
1,XYt,544,45,0.029779958941034558,0.009362446881288051
1,XYt,545,45,0.029676892541115323,0.00948185110806672
1,XYt,546,45,0.029732110565317823,0.00959108844996761
1,XYt,547,45,0.029787874102021807,0.009708992974805528
1,XYt,548,45,0.029436965692372582,0.009735908786560587
1,XYt,549,45,0.029044527822787283,0.009752057145422634
1,XYt,550,45,0.028794224428677594,0.009792592581855355
1,XYt,551,45,0.028593423454590455,0.009827718935622825
1,XYt,552,45,0.028339974621481915,0.009821520802929681
1,XYt,553,45,0.02824478894638701,0.009865164922710045
1,XYt,554,45,0.028183634782716876,0.00988288332764792
1,XYt,555,45,0.027874621906532216,0.009851663188732951
1,XYt,556,45,0.027663410439686342,0.009858953085280201
1,XYt,557,45,0.027446716090117604,0.009842339515321666
1,XYt,558,45,0.02717705585219867,0.009842452632939471
1,XYt,559,45,0.026866619703418144,0.00982389506868346
1,XYt,560,45,0.026495119691492233,0.009808182032274139
1,XYt,561,45,0.025969291947618264,0.00975677204190208
1,XYt,562,45,0.025436363690597298,0.009718188523152656
1,XYt,563,45,0.025263183215321686,0.00976052174727174
1,XYt,564,45,0.02509941288176626,0.009788580195090726
1,XYt,565,45,0.024879425107864686,0.009864842979321824
1,XYt,566,45,0.024525765729082168,0.009924447545490649
1,XYt,567,45,0.024098015098057497,0.009928344430171385
1,XYt,568,45,0.023800450134537163,0.009946044155334665
1,XYt,569,45,0.023496283741741914,0.009937489529235111
1,XYt,570,45,0.02319429945813501,0.009893655894908163
1,XYt,571,45,0.022836337771597874,0.0098462442977801
1,XYt,572,45,0.022476525639373912,0.009770311346646621
1,XYt,573,45,0.02219281875991172,0.009719272995850056
1,XYt,574,45,0.022168542295390063,0.009707592267500816
1,XYt,575,45,0.022169841298868582,0.009665350961788824
1,XYt,576,45,0.022231736874111944,0.009682829031198862
1,XYt,577,45,0.022313781031270248,0.00968460604183809
1,XYt,578,45,0.02233661905292194,0.00969626410015858
1,XYt,579,45,0.02228226537504352,0.009690176198445945
1,XYt,580,45,0.02212071976323357,0.009678600007705061
1,XYt,581,45,0.02207317969106378,0.009696297136725096
1,XYt,582,45,0.02199236125141059,0.009706759231671367
1,XYt,583,45,0.021800362072000902,0.009692474220022233
1,XYt,584,45,0.021652045789019293,0.009707141149242418
1,XYt,585,45,0.021509803978074962,0.009746440187943963
1,XYt,586,45,0.021432394556487953,0.009793416721079935
1,XYt,587,45,0.021425821829480173,0.00987682620895689
1,XYt,588,45,0.021335813415818493,0.009945697728126457
1,XYt,589,45,0.02099287072325271,0.009963514440455113
1,XYt,590,45,0.020566381778286298,0.009959581895334026
1,XYt,591,45,0.0200741422444613,0.009933623760276124
1,XYt,592,45,0.01981000375069946,0.009942685030868249
1,XYt,593,45,0.019651560074487946,0.00996842088626835
1,XYt,594,45,0.019702655135881528,0.009978447735784947
1,XYt,595,46,0.018345308240900263,0.00936914928044757
1,XYt,596,46,0.018425575724583084,0.009375328139565348
1,XYt,597,45,0.019897433793151825,0.009951407524246106
1,XYt,598,45,0.019896470761580038,0.009890163641843468
1,XYt,599,45,0.019903158851863074,0.00984211248235511
1,XYt,600,45,0.019879019257715985,0.00980499082436405
1,XYt,601,45,0.019936426932044747,0.009761355397586685
1,XYt,602,45,0.019963120710510134,0.009727608302226742
1,XYt,603,45,0.020008862274626504,0.009736302801266798
1,XYt,604,45,0.020077534937950926,0.009752719282794852
1,XYt,605,45,0.020078146860883547,0.009733181141585437
1,XYt,606,45,0.020106264420385773,0.00975707432947528
1,XYt,607,45,0.020151839553625657,0.009773772880935883
1,XYt,608,45,0.020133900432128742,0.009796242840330212
1,XYt,609,45,0.020090338406679873,0.00981048745315741
1,XYt,610,45,0.02008471210178993,0.00983179402166182
1,XYt,611,45,0.0200647852250451,0.00985582508753056
1,XYt,612,45,0.020021378099013012,0.0098824738112341
1,XYt,613,45,0.020004110972868628,0.00992154927363406
1,XYt,614,45,0.01995287013225541,0.00995482492331965
1,XYt,615,46,0.01845725591792081,0.009371589382799611
1,XYt,616,46,0.01840026742021756,0.009382502243039652
1,XYt,617,46,0.01834537700092981,0.009395144781793145
1,XYt,618,46,0.01832315897422201,0.00941525413740804
1,XYt,619,46,0.0184066141003509,0.009441435500481777
1,XYt,620,46,0.01835481064799756,0.009411895254570505
1,XYt,621,46,0.018526948871108413,0.00940244835141115
1,XYt,622,46,0.01881643750752267,0.009378730524990928
1,XYt,623,46,0.019195312320399203,0.009370086124770664
1,XYt,624,45,0.02103141953172742,0.009962891407312695
1,XYt,625,45,0.021350533905439933,0.009938674279745964
1,XYt,626,45,0.021582406387901758,0.009921052364516665
1,XYt,627,45,0.02163015628097045,0.009849693424479599
1,XYt,628,45,0.021787688630479526,0.009857248324741105
1,XYt,629,45,0.021955722001549664,0.009854180439714262
1,XYt,630,45,0.022153124746558405,0.009845662646859961
1,XYt,631,45,0.022206422809242413,0.009820257475535867
1,XYt,632,45,0.0223407189490066,0.00981367249495507
1,XYt,633,45,0.02236967397292437,0.009801086346622464
1,XYt,634,45,0.022448607369114,0.009773673757152816
1,XYt,635,45,0.022501586631140887,0.009780742200105823
1,XYt,636,45,0.022550996236924976,0.009782099686369646
1,XYt,637,45,0.02258361051219428,0.009801529155441174
1,XYt,638,45,0.022470095053135512,0.00978296823497115
1,XYt,639,45,0.022571161211968473,0.009813114789177424
1,XYt,640,45,0.022805597776873233,0.009860844937188851
1,XYt,641,45,0.023070842086255716,0.009919695384470866
1,XYt,642,45,0.02341314876637747,0.009991064212504858
1,XYt,643,46,0.021996779720542394,0.009413342036739358
1,XYt,644,46,0.022160935954144083,0.009398672999818265
1,XYt,645,46,0.02241829043042225,0.009388758027445798
1,XYt,646,46,0.02265935712213485,0.009376071462247086
1,XYt,647,45,0.02489636680577191,0.009989254510104155
1,XYt,648,45,0.025224719685564233,0.009965641242487657
1,XYt,649,45,0.025378942358586787,0.009879822216610148
1,XYt,650,45,0.025588975860906422,0.009830054348599933
1,XYt,651,45,0.025687884123132998,0.009755425447178783
1,XYt,652,45,0.02640704425315765,0.009823810766225434
1,XYt,653,45,0.026902588263302028,0.009873863317241943
1,XYt,654,45,0.02719699587862733,0.00988677012172074
1,XYt,655,45,0.0274077545483072,0.009879474653549651
1,XYt,656,45,0.027498853467260366,0.00983695956899274
1,XYt,657,45,0.027956256414324532,0.009864796647120685
1,XYt,658,45,0.028345532258016778,0.009866182163091595
1,XYt,659,45,0.02852900662855242,0.009814841146025226
1,XYt,660,45,0.028753352569338673,0.00976215456246728
1,XYt,661,45,0.028854361222496586,0.009681673496760905
1,XYt,662,45,0.029008199765101696,0.0096045151855454
1,XYt,663,45,0.029020489606282073,0.009548940104838944
1,XYt,664,45,0.029083248874470734,0.009499554533096864
1,XYt,665,45,0.02902223423708788,0.00946116322724811
1,XYt,666,45,0.028703797919050367,0.009436332464190752
1,XYt,667,45,0.02821166306511587,0.009425677137656395
1,XYt,668,45,0.02759005199719567,0.009387890458082445
1,XYt,669,45,0.02718279275006588,0.009410281369382264
1,XYt,670,45,0.02688147026871243,0.009440401872149057
1,XYt,671,45,0.026660339585601146,0.009487680708690093
1,XYt,672,45,0.026358481730363224,0.009515332185939054
1,XYt,673,45,0.025892841235565695,0.009495830542187835
1,XYt,674,45,0.025674031165642364,0.009552815555008627
1,XYt,675,45,0.025633424433112773,0.009665985494472437
1,XYt,676,45,0.025524680138916803,0.009751198663256019
1,XYt,677,45,0.025099934179404794,0.009776368926605461
1,XYt,678,45,0.02418393498028066,0.009783524464902708
1,XYt,679,45,0.023072312608478272,0.009774698120989132
1,XYt,680,45,0.022068503991742597,0.009738328796182914
1,XYt,681,45,0.021147129227334548,0.009693840843090428
1,XYt,682,45,0.02047656979094022,0.00970317918085083
1,XYt,683,45,0.01996709588419365,0.009715066672447061
1,XYt,684,45,0.019614710760621674,0.009744875294100277
1,XYt,685,45,0.019295392329036737,0.00977529438480057
1,XYt,686,45,0.01912591546059037,0.009803277078441154
1,XYt,687,45,0.01911213506281496,0.009859145258529909
1,XYt,688,45,0.019132640285586724,0.009888252510313906
1,XYt,689,45,0.019198547626173144,0.009917411411283026
1,XYt,690,45,0.01929214835437193,0.009949298882094858
1,XYt,691,45,0.019478760675943774,0.009960164737848625
1,XYt,692,45,0.019505565938440945,0.009938734810651216
1,XYt,693,45,0.019527622311476204,0.009904477880046903
1,XYt,694,45,0.019499360056904294,0.009847148843494016
1,XYt,695,45,0.01953893093867108,0.009814529890841623
1,XYt,696,45,0.01947250370637771,0.009765772596172373
1,XYt,697,45,0.01945788203120533,0.009768065230695691
1,XYt,698,45,0.019459128589628193,0.009770844308504483
1,XYt,699,45,0.019479032818011985,0.00977597852474241
1,XYt,700,45,0.01943916621150077,0.009750699483019591
1,XYt,701,45,0.019407642385410075,0.00972719385512914
1,XYt,702,45,0.019417131249700688,0.009720911935845004
1,XYt,703,45,0.0194348425459151,0.0097369499618986
1,XYt,704,45,0.019475997702043977,0.009743285290585909
1,XYt,705,45,0.019483041170610546,0.00975059050929683
1,XYt,706,45,0.01948615599479061,0.009742230356878996
1,XYt,707,45,0.019468542926233217,0.009727264537278454
1,XYt,708,45,0.019482451556891534,0.00973154346506135
1,XYt,709,45,0.019432911641738073,0.009699006557788312
1,XYt,710,46,0.017511400161378303,0.009460844878330323
1,XYt,711,47,0.01675585387713517,0.009661897080208176
1,XYt,712,47,0.016750907800084196,0.009675919189789871
1,XYt,713,47,0.01669972356543197,0.009596916823907545
1,XYt,714,47,0.016406633688981972,0.00951136260564606
1,XYt,715,47,0.015785034995257744,0.009388927370962582
1,XYt,716,46,0.016544578026419822,0.009940981268460658
1,XYt,717,46,0.01600021069443004,0.009835230739455043
1,XYt,718,46,0.015590651080955531,0.009804532234431214
1,XYt,719,46,0.015738403738824385,0.009852402293987546
1,XYt,720,46,0.016516197208203718,0.009891781771020283
1,XYt,721,47,0.016539230830273245,0.009475160402912745
1,XYt,722,47,0.018085442120345335,0.009610109000126163
1,XYt,723,46,0.02181689987983544,0.009930852865114309
1,XYt,724,47,0.023237223559423783,0.00944724703579068
1,XYt,725,47,0.02705049765965749,0.009830251060739868
1,XYt,726,48,0.030473018102079127,0.009803979587133619
1,XYt,727,49,0.032338279718727346,0.009676463406252035
1,YZt,0,1,nan,0.0
1,YZt,1,38,0.0665844131434112,0.009635259309142656
1,YZt,2,38,0.0523527099721853,0.009849800168614125
1,YZt,3,40,0.03992897109425481,0.009432988718728857
1,YZt,4,42,0.03224855420435661,0.009871870338883653
1,YZt,5,44,0.022029229661650006,0.009330932439046686
1,YZt,6,42,0.02504623279553306,0.009264167051243305
1,YZt,7,43,0.027097853023476608,0.009776329196407555
1,YZt,8,41,0.032822930210854175,0.009462985578957209
1,YZt,9,42,0.034609382245210187,0.009841976566257425
1,YZt,10,41,0.03719251322026419,0.009384962243059998
1,YZt,11,42,0.03821315997946235,0.009670653773992352
1,YZt,12,41,0.04200135346509187,0.009808631462042305
1,YZt,13,42,0.040901916312377024,0.009679435178710534
1,YZt,14,41,0.04480172765698757,0.009882051458480647
1,YZt,15,41,0.04565174394008872,0.009643116360565399
1,YZt,16,42,0.0449837521926958,0.00976753548817148
1,YZt,17,41,0.0480223792272819,0.009746724702718826
1,YZt,18,41,0.04928683419322822,0.00985857936975538
1,YZt,19,42,0.046185062276810046,0.0094623333049011
1,YZt,20,41,0.051590844700341455,0.009828245434259171
1,YZt,21,42,0.04820828799704563,0.009520131846668764
1,YZt,22,43,0.046316712950094624,0.009376020214872906
1,YZt,23,41,0.05390941960165178,0.009963176294513635
1,YZt,24,42,0.050268816652969874,0.009307499038374524
1,YZt,25,42,0.05198656965118273,0.009919436478459425
1,YZt,26,42,0.05266986983734239,0.009725496411322756
1,YZt,27,42,0.05193347410479045,0.009246385942574889
1,YZt,28,43,0.05042103016749274,0.009314824957456468
1,YZt,29,43,0.04981129708370237,0.00933708052493531
1,YZt,30,42,0.054684733791576234,0.009492850615069715
1,YZt,31,43,0.051790953681267175,0.009431537080644672
1,YZt,32,43,0.051803599756535694,0.009426458879097585
1,YZt,33,42,0.05709524497730565,0.009908356034164846
1,YZt,34,43,0.053981675378238184,0.00947011019025069
1,YZt,35,43,0.0540080958277428,0.009950179476951102
1,YZt,36,43,0.05332732293359877,0.009775410105092685
1,YZt,37,43,0.05250807237962796,0.009377815491623092
1,YZt,38,42,0.055655638971435904,0.009882288642353318
1,YZt,39,43,0.050774856942089525,0.00949258253624142
1,YZt,40,43,0.05023546688589458,0.009805449335934944
1,YZt,41,43,0.04910095765010414,0.009601065226783837
1,YZt,42,43,0.04792891951253862,0.009695295802497693
1,YZt,43,43,0.046344327507400744,0.009628109680205764
1,YZt,44,43,0.045278726994145785,0.009939303996503016
1,YZt,45,43,0.04335549535947206,0.009868925751161047
1,YZt,46,43,0.04095463936226478,0.009430026335140024
1,YZt,47,43,0.04004815912522258,0.00957662594588862
1,YZt,48,44,0.03695237419527167,0.009353172352514889
1,YZt,49,44,0.03730448137172123,0.009536832960767266
1,YZt,50,44,0.036496381449637016,0.009531821103105086
1,YZt,51,43,0.03851666190906431,0.009773831463989408
1,YZt,104,49,0.01086609822002251,0.009713689764279542
1,YZt,105,49,0.010901539831978717,0.009462806591411623
1,YZt,106,49,0.011059649910055468,0.00943944309636543
1,YZt,107,49,0.011264828734943656,0.009652524990428778
1,YZt,108,49,0.01143113068212621,0.009629364776483388
1,YZt,109,50,0.010945554825792988,0.009844391249837567
1,YZt,110,50,0.01136327411472921,0.009909081449195835
1,YZt,111,50,0.011608042618545275,0.009583391220258725
1,YZt,112,50,0.01207005096418997,0.0097926848464982
1,YZt,113,51,0.011512755831235975,0.009622140299832278
1,YZt,114,52,0.010755596684476672,0.009482603265385395
1,YZt,115,53,0.010068337797014904,0.00950991183985262
1,YZt,116,52,0.010846011671141369,0.009708583826142793
1,YZt,117,51,0.01168676009876013,0.009629279582327272
1,YZt,118,50,0.012517738842249845,0.009826406654698198
1,YZt,119,51,0.01159799502038754,0.00985022396087713
1,YZt,120,53,0.009797273563705248,0.009514591531364084
1,YZt,121,52,0.010325741781897801,0.009655256116013948
1,YZt,122,51,0.010899790187734286,0.009959140846569509
1,YZt,123,52,0.009942299909385442,0.00959308007454309
1,YZt,124,52,0.00979748283684111,0.009948112479803031
1,YZt,125,52,0.00964432016344545,0.009816307108230254
1,YZt,126,51,0.01021622354537011,0.009944152854800162
1,YZt,127,51,0.010154245429585044,0.009787688539277334
1,YZt,128,52,0.009471311244264301,0.009567924290001056
1,YZt,129,53,0.008868490904464971,0.009588184342374063
1,YZt,52,44,0.0354736240469672,0.0093195038047131
1,YZt,53,43,0.03885147604344286,0.009967354563135992
1,YZt,54,44,0.036681395801282435,0.00973909506832404
1,YZt,55,44,0.0367171580588492,0.009401212824577072
1,YZt,56,44,0.037139658888820905,0.009326155205797867
1,YZt,57,44,0.03804037850225502,0.009719015813467154
1,YZt,58,45,0.03666241706013357,0.009456997831500728
1,YZt,59,44,0.04077533976175305,0.00983667794782727
1,YZt,60,44,0.04160806967016595,0.009647399406780466
1,YZt,61,45,0.04064393639660972,0.009556904619253067
1,YZt,62,45,0.0419145044140638,0.00989256791732513
1,YZt,63,45,0.04115870085466321,0.009570634366991463
1,YZt,64,45,0.03804702559278653,0.009612887415625772
1,YZt,65,45,0.03456364423383504,0.009896416791283546
1,YZt,66,45,0.029707107661120696,0.009789922229410256
1,YZt,67,45,0.02508983142614286,0.00981615019751418
1,YZt,68,45,0.021176799927794036,0.009551115400337111
1,YZt,69,45,0.01919140960012321,0.009464135205731769
1,YZt,70,44,0.019103315385650906,0.00970866832439936
1,YZt,71,45,0.01713389287645303,0.00947817980641643
1,YZt,72,45,0.01637678429211405,0.009580726982524643
1,YZt,73,45,0.015613921132414131,0.009661081130630973
1,YZt,74,45,0.014872965943456537,0.009294978949818953
1,YZt,75,45,0.014669614236241375,0.009871286353586478
1,YZt,76,45,0.01410650441923109,0.009505111832901127
1,YZt,77,45,0.013868664384038576,0.009744581333099522
1,YZt,130,53,0.008955050506123375,0.009494353127324304
1,YZt,131,51,0.010401037636526368,0.009938983387785247
1,YZt,132,51,0.010367869962342726,0.009602402898345653
1,YZt,133,51,0.010409128938222673,0.009730020511182099
1,YZt,134,52,0.009797494299384183,0.009900308700455525
1,YZt,135,53,0.009209327207850676,0.009504180312619247
1,YZt,136,52,0.009910756002945144,0.009518016604947893
1,YZt,137,51,0.010645462709260698,0.0096225233720715
1,YZt,138,51,0.010688629920300449,0.009694615985141423
1,YZt,139,52,0.00999096694934038,0.009663666909833682
1,YZt,140,51,0.01084054982720679,0.009548934844961223
1,YZt,141,50,0.011657815426326957,0.009649072474964932
1,YZt,142,51,0.010817076419358944,0.009728904310767015
1,YZt,143,52,0.009958085712792178,0.009904764222001285
1,YZt,144,52,0.00984563031065279,0.009686262024801773
1,YZt,145,51,0.010476173657949285,0.009434313250796262
1,YZt,146,50,0.011270953527228041,0.009777958801185423
1,YZt,147,50,0.01104956235535433,0.009507190910546873
1,YZt,148,50,0.010918601610711369,0.009443162257385498
1,YZt,149,50,0.010930862548653011,0.009680571495191203
1,YZt,150,50,0.010864560147049656,0.00950157403682721
1,YZt,151,48,0.012660500665428759,0.009762742389114239
1,YZt,152,48,0.012783675518538484,0.009727485071462611
1,YZt,153,48,0.012956176913757935,0.009637307704011777
1,YZt,154,48,0.013137282413071735,0.009725253682026171
1,YZt,155,48,0.013433590837777166,0.009961909195388363
1,YZt,156,48,0.013493812256991622,0.009509668302626563
1,YZt,157,47,0.014693499724063773,0.009619375405732492
1,YZt,158,47,0.014631636033773439,0.009531139579641894
1,YZt,159,47,0.014532999765713933,0.00955355920451793
1,YZt,160,47,0.014168521267640736,0.009591607864465274
1,YZt,161,47,0.013954604453831287,0.009512928250260884
1,YZt,162,46,0.014629416449669095,0.009624624053544802
1,YZt,163,46,0.014370731599511728,0.009452722089132585
1,YZt,164,46,0.01394100126423699,0.00938218068972201
1,YZt,165,46,0.013718278199862946,0.009528430861847107
1,YZt,166,46,0.01344913166467684,0.009300249856934215
1,YZt,167,46,0.01318298801132369,0.009313573013027413
1,YZt,168,45,0.01376167422701235,0.009533866259216681
1,YZt,169,45,0.013463067269378398,0.009709770758072018
1,YZt,170,45,0.013306129147049893,0.009833075276860137
1,YZt,171,45,0.013182598299139854,0.009893321002126958
1,YZt,172,45,0.013036727702717302,0.009732803571493849
1,YZt,173,45,0.012958969040033406,0.009581633587923835
1,YZt,174,45,0.012792054350114188,0.009286199074864934
1,YZt,175,45,0.013222816732626897,0.009749702763062366
1,YZt,176,45,0.01344416368640767,0.009802217214573843
1,YZt,177,45,0.013455720913308045,0.009404722507210639
1,YZt,178,45,0.013835717224589273,0.009479569257995047
1,YZt,179,44,0.015002804674088894,0.009649846297404126
1,YZt,180,45,0.014537457086183942,0.009288795487745541
1,YZt,181,45,0.01505879976961369,0.009294034474604139
1,YZt,78,45,0.013515130687279957,0.009719735838091364
1,YZt,79,45,0.013175179477830501,0.009629217280001257
1,YZt,80,45,0.012718335827957523,0.009265581368217396
1,YZt,81,45,0.012965850406436346,0.009773409498284067
1,YZt,82,45,0.012817180388900054,0.009717171296522402
1,YZt,83,46,0.012036827512774614,0.009457502954409286
1,YZt,84,46,0.011950474942319772,0.009360314071070847
1,YZt,85,45,0.012823520914790151,0.00968847128983512
1,YZt,86,45,0.0130903067853769,0.009939716673762445
1,YZt,87,46,0.012176397694978922,0.009375611892453726
1,YZt,88,46,0.012274353393957105,0.009592357524268574
1,YZt,89,46,0.01233038545035457,0.009627178467502582
1,YZt,90,46,0.012373715682176836,0.009619007292651296
1,YZt,91,46,0.012422627948742906,0.009516928315216538
1,YZt,92,46,0.012602351168341483,0.009930750701146011
1,YZt,93,46,0.01256228890893345,0.009902706342535674
1,YZt,94,47,0.011673314977473778,0.009477471460978751
1,YZt,95,47,0.011677926204024709,0.009330334633618712
1,YZt,96,47,0.011800431385947208,0.009406340253281117
1,YZt,97,47,0.011813679517530208,0.009635861653083264
1,YZt,98,48,0.011134825788725372,0.009533519430229873
1,YZt,99,48,0.011171239891863147,0.009643960101861445
1,YZt,100,48,0.011342917857305167,0.009615781857133562
1,YZt,101,48,0.011315514059669145,0.009468082207147331
1,YZt,102,48,0.011378169958405638,0.009410143960507326
1,YZt,103,48,0.011574939148540481,0.00995728812754376
1,YZt,182,45,0.015887810308806597,0.009419661764396783
1,YZt,183,44,0.018012360670215076,0.009878717858071113
1,YZt,184,45,0.017989455400254654,0.009532327237408692
1,YZt,185,44,0.02112570513459304,0.00978066488624022
1,YZt,186,45,0.02252149499152345,0.009644646093616325
1,YZt,187,45,0.02817309176023537,0.009926554776509965
1,YZt,188,46,0.03220949601241741,0.009398152541931814
1,YZt,189,45,0.040469583667043826,0.009335054728660308
1,YZt,190,45,0.04833476050029774,0.009265187152075027
1,YZt,191,44,0.057373420889603254,0.00986217725097958
1,YZt,192,45,0.05468051949380261,0.009414550186187993
1,YZt,193,44,0.05842403572101995,0.009738829183535374
1,YZt,194,44,0.05957112314342868,0.009560733062880461
1,YZt,195,44,0.05755805179597179,0.009512706789912744
1,YZt,196,44,0.05705234142694974,0.00956788754385122
1,YZt,197,44,0.057946631376324095,0.00989031678274232
1,YZt,198,44,0.057457075055533526,0.009635438278726089
1,YZt,199,43,0.06217645300467734,0.009963404265623652
1,YZt,200,44,0.057041388629220625,0.009364718713426163
1,YZt,201,44,0.057262085023949215,0.00970918334549019
1,YZt,202,44,0.05592892121137957,0.009267352272943572
1,YZt,203,43,0.060116172531644266,0.009656813976963434
1,YZt,204,43,0.060578227021592365,0.009850021698662441
1,YZt,205,44,0.05621372746716939,0.009467337738190175
1,YZt,206,43,0.05976479355531054,0.009624858883847983
1,YZt,207,43,0.059046883578056056,0.009684589906999596
1,YZt,208,43,0.05876304440411253,0.009412360523467693
1,YZt,209,44,0.05516081210148177,0.009278523063712707
1,YZt,210,44,0.05515248968267918,0.009270191759290192
1,YZt,211,43,0.05794868377984605,0.00984407548666064
1,YZt,212,42,0.06138811451412389,0.009981542897339338
1,YZt,213,42,0.061330387028261546,0.00984797108053055
1,YZt,214,43,0.05656930626197347,0.009430143510898869
1,YZt,215,43,0.056760781271009454,0.009535179997396235
1,YZt,216,43,0.056363133601139113,0.00924377067478155
1,YZt,217,43,0.05604855431533152,0.00929394440520352
1,YZt,218,42,0.059711142688767226,0.009893808361287214
1,YZt,219,43,0.05421293958389164,0.009408356632080554
1,YZt,220,42,0.05866650265550068,0.009876991309065148
1,YZt,221,42,0.057420658661197846,0.009524181621808002
1,YZt,222,42,0.057497186010562557,0.009763893587627706
1,YZt,223,43,0.05317063521923791,0.009478508936448844
1,YZt,224,43,0.05355974968998759,0.009630071511186469
1,YZt,225,42,0.05807335743828674,0.009885273284275306
1,YZt,226,42,0.056507525741128765,0.009614942898344777
1,YZt,227,42,0.05611600980062154,0.009900406218147967
1,YZt,228,42,0.05585085526480309,0.009852314327055404
1,YZt,229,42,0.054316989255987866,0.009236853928598455
1,YZt,230,42,0.054380770769967585,0.009880106900792851
1,YZt,231,42,0.05497331616229008,0.009819069690457594
1,YZt,232,41,0.056477452258303404,0.009791176817505763
1,YZt,233,42,0.05256387760096955,0.009510793803205669
1,YZt,234,42,0.05208489912772874,0.009673725345619616
1,YZt,235,41,0.05484280979821219,0.00986726875162133
1,YZt,236,41,0.05411699365103314,0.00982417955573566
1,YZt,237,42,0.05055144842710899,0.00987338526069337
1,YZt,238,42,0.0482972033104934,0.009323987279947338
1,YZt,239,41,0.052007301153907115,0.009741204125621737
1,YZt,240,42,0.046554107803834524,0.00935770171947689
1,YZt,241,41,0.04956133048104269,0.009710374227141053
1,YZt,242,41,0.04889871604701207,0.00970794517948019
1,YZt,243,42,0.04555237282942219,0.009679599494518366
1,YZt,244,41,0.04609454765853567,0.009575048918572028
1,YZt,245,41,0.045190863062147764,0.009731586761527133
1,YZt,246,42,0.041334941365995595,0.009512031230668443
1,YZt,247,41,0.04258765426267828,0.009661447063022119
1,YZt,248,42,0.038896412495415277,0.009556678046432916
1,YZt,249,41,0.03778425183265228,0.009271551586883647
1,YZt,250,42,0.03518579890576796,0.00964733982458592
1,YZt,251,41,0.03338440385070867,0.00929352346929928
1,YZt,252,43,0.027668356205424786,0.009592344143194651
1,YZt,253,41,0.027645631032696093,0.009761349223084395
1,YZt,254,43,0.024048685661792503,0.009589897129093241
1,YZt,255,42,0.032409277233520654,0.009437630863570017
1,YZt,256,39,0.0429947772130394,0.0096988685211819
1,YZt,257,38,0.05230488393316905,0.009506892124315746
1,YZt,258,38,0.0672935647569242,0.009485279472887808
1,YZt,259,1,nan,0.0
1,XZt,0,1,nan,0.0
1,XZt,1,38,0.0648696355995543,0.009315318319339006
1,XZt,2,38,0.052004696614200374,0.009601694417698597
1,XZt,3,39,0.04033801998694342,0.009411580812979612
1,XZt,4,41,0.03281341211795374,0.00987477674896809
1,XZt,5,42,0.02416873682067292,0.009885426275118542
1,XZt,6,41,0.02610725946616418,0.009371303483384325
1,XZt,7,43,0.027035717456647644,0.00960386096022066
1,XZt,8,41,0.03411695789855613,0.009655571985338939
1,XZt,9,42,0.03591149215097613,0.009970844351236519
1,XZt,10,41,0.03862806676542134,0.009558819762518404
1,XZt,11,42,0.03986338029746872,0.009902401456004994
1,XZt,12,42,0.04026348852365176,0.00933636266984138
1,XZt,13,42,0.04278283692154588,0.009936278296191184
1,XZt,14,42,0.042924059906139844,0.009430175171775773
1,XZt,15,41,0.047439292194565844,0.009947579534376307
1,XZt,16,43,0.04312691918019288,0.009365490705725251
1,XZt,17,42,0.04605596234300969,0.009265248890622907
1,XZt,18,42,0.04688831669517429,0.009280669739642991
1,XZt,19,42,0.04850069485182912,0.00979571729924895
1,XZt,20,42,0.04911052992070746,0.009386907413130285
1,XZt,21,42,0.049882698264074966,0.009761036490869153
1,XZt,22,43,0.0483230360575821,0.00951798171827993
1,XZt,23,42,0.05131387714290466,0.009552510016868986
1,XZt,24,42,0.05213093319283666,0.009595876971288947
1,XZt,25,42,0.053127011024583407,0.009907526923377768
1,XZt,26,42,0.05403616277946401,0.009876338124804394
1,XZt,27,42,0.053578908642299784,0.00948009966863274
1,XZt,28,43,0.051696674438931146,0.009359111442365408
1,XZt,29,43,0.05061537685163188,0.009308225114893586
1,XZt,30,42,0.05553976757650686,0.009562147578976325
1,XZt,31,43,0.052644676786983736,0.009385281857750047
1,XZt,32,43,0.052865962558192515,0.009462627895361212
1,XZt,33,42,0.057819870907792836,0.009930276956797221
1,XZt,34,43,0.054486131996527715,0.009459868588707327
1,XZt,35,43,0.05448645899472038,0.009806898264589876
1,XZt,36,43,0.05431091385892276,0.009714783011316952
1,XZt,37,43,0.053524631671810756,0.009262251837575028
1,XZt,38,42,0.05789627897566596,0.009685602316040811
1,XZt,39,43,0.054392709675091404,0.00926182433963587
1,XZt,40,43,0.055412478877959144,0.009613404665450617
1,XZt,41,43,0.055674632535540655,0.009366106525816799
1,XZt,42,43,0.056518156929270355,0.009452487705549285
1,XZt,43,43,0.056592112095187344,0.009360249382284073
1,XZt,44,43,0.05686241991279514,0.009644327551847328
1,XZt,45,43,0.056427724109440046,0.009544761972362403
1,XZt,46,42,0.060768305377458184,0.009988074418279024
1,XZt,47,43,0.055670777234663696,0.009360154882192906
1,XZt,48,43,0.056840867901497276,0.009947949233237321
1,XZt,49,44,0.05388097027126888,0.00934812680093766
1,XZt,50,44,0.0537727773746945,0.009400597523291173
1,XZt,51,43,0.05730037188923077,0.009608976663571947
1,XZt,52,43,0.05723557515366863,0.009878064787977928
1,XZt,53,43,0.057551798899345724,0.009843332808024071
1,XZt,54,44,0.05378067215614593,0.009598645727102421
1,XZt,55,44,0.0529548622850495,0.009287494067183096
1,XZt,56,43,0.056794985340610664,0.00984867204445516
1,XZt,57,44,0.05243139335236193,0.009486404337343898
1,XZt,58,44,0.0530527317874648,0.00992413421705452
1,XZt,59,44,0.0523382322430528,0.009596232886775332
1,XZt,60,44,0.05162377475441196,0.009509288313412906
1,XZt,61,44,0.05156890645443297,0.009901402760081094
1,XZt,62,45,0.047306497195943764,0.00939324878765026
1,XZt,63,44,0.050387064062340045,0.009906364248995379
1,XZt,64,44,0.04995381158805137,0.009964310497226075
1,XZt,65,45,0.04612954781871586,0.009311468084872564
1,XZt,66,45,0.04488463984937242,0.009389521148773537
1,XZt,67,45,0.04481991641976365,0.009747777604259157
1,XZt,68,45,0.04246375421773178,0.009739106528712092
1,XZt,69,45,0.041047127932126254,0.009998431360798091
1,XZt,70,45,0.037655648247709686,0.009661615439253327
1,XZt,71,46,0.03258731169158288,0.009402527291397993
1,XZt,72,46,0.030737139937005012,0.009560643463004106
1,XZt,73,46,0.02868238426879765,0.009646417989085465
1,XZt,74,46,0.026826070580450688,0.009345184693187472
1,XZt,75,46,0.025644357938753554,0.00982556267710696
1,XZt,76,46,0.023913861413190143,0.00945303587065028
1,XZt,77,46,0.022913231079968014,0.009639245083728694
1,XZt,78,46,0.02171373088811685,0.009561448080666068
1,XZt,79,46,0.02065686542359752,0.009476779256832348
1,XZt,80,45,0.02118877630179754,0.009868596635511965
1,XZt,81,46,0.019110066767117583,0.0094767347962247
1,XZt,82,46,0.018325780419952052,0.009322547402889755
1,XZt,83,46,0.018023367856488677,0.009659446829273333
1,XZt,84,46,0.01744158204548257,0.009523715487217933
1,XZt,85,45,0.018152622337576304,0.00989819351390094
1,XZt,86,46,0.016524039296548353,0.00935789643369175
1,XZt,87,46,0.016350564489307558,0.009516804291542733
1,XZt,88,46,0.016198542662141956,0.009720389785526853
1,XZt,89,46,0.015899506585720626,0.00967807096151758
1,XZt,90,46,0.01570474658961805,0.009652577313672013
1,XZt,91,46,0.015412960143246286,0.009461923988817253
1,XZt,92,46,0.015423942018651438,0.009891031672221265
1,XZt,93,46,0.015176555542113838,0.009873283519495296
1,XZt,94,47,0.013886272212728593,0.009442283137858611
1,XZt,95,46,0.01478263612924833,0.009978752591786546
1,XZt,96,47,0.013529836912841884,0.009385143012519538
1,XZt,97,47,0.013288026338980762,0.0095359519426632
1,XZt,98,47,0.01325631271822359,0.009990829722698056
1,XZt,99,48,0.01193850721063515,0.009375450879963936
1,XZt,100,47,0.012719491569553468,0.009911130685027855
1,XZt,101,47,0.012434019955895546,0.009828307894477814
1,XZt,102,47,0.012243998646242087,0.00983655540265919
1,XZt,103,48,0.011176397702423081,0.009630918423406598
1,XZt,104,48,0.011048107581153349,0.009955180002227594
1,XZt,105,48,0.010817771840700846,0.009663998384758067
1,XZt,106,48,0.010651509886812946,0.009585071676554716
1,XZt,107,48,0.010507526125366845,0.009663517915658575
1,XZt,108,48,0.010348500991246826,0.009658268447183968
1,XZt,109,49,0.009560214115368835,0.009942182273943641
1,XZt,110,50,0.008797721942848538,0.009496274127319041
1,XZt,111,49,0.009335398203939006,0.009697638821187779
1,XZt,112,49,0.009298263145355423,0.009745060668804538
1,XZt,113,50,0.00864837192532465,0.009497879217540542
1,XZt,114,50,0.008521052004536473,0.009827151180399857
1,XZt,115,52,0.007324825019105319,0.009603062511350447
1,XZt,116,52,0.007293501895978088,0.009656653029868763
1,XZt,117,50,0.008436471630035112,0.009832815906256804
1,XZt,118,49,0.008984125301059876,0.00973043346141286
1,XZt,119,50,0.008321349023190917,0.009585271960772511
1,XZt,120,51,0.0077003456000109645,0.009759659663897987
1,XZt,121,51,0.007700267276057886,0.009723521692908478
1,XZt,122,51,0.007711693422320832,0.009615166066787528
1,XZt,123,51,0.007698330076713683,0.009760920428649561
1,XZt,124,52,0.007154304807213757,0.009539744335436428
1,XZt,125,51,0.007680455691134456,0.009740647255107626
1,XZt,126,50,0.008255373665015471,0.009813850258076707
1,XZt,127,50,0.008262129459165131,0.00982153091707586
1,XZt,128,51,0.007673593072259538,0.009690187659098166
1,XZt,129,52,0.007144195250255102,0.009914316605154313
1,XZt,130,52,0.007153125558172198,0.00988451055289902
1,XZt,131,51,0.007680510825377837,0.009575727025523277
1,XZt,132,50,0.008290102815519423,0.00972378283096389
1,XZt,133,50,0.008342340592859081,0.009837454031775337
1,XZt,134,51,0.007805231277681488,0.009907583814310485
1,XZt,135,52,0.007290818066967509,0.00970714034437398
1,XZt,136,51,0.007876206012809564,0.009823296187424118
1,XZt,137,51,0.007896087657752805,0.009526462451849557
1,XZt,138,51,0.007930957799199749,0.009634454773741086
1,XZt,139,51,0.008000864489100298,0.00980260264322626
1,XZt,140,50,0.008681735541121893,0.009663641211389901
1,XZt,141,49,0.009404917527674654,0.00987396064396115
1,XZt,142,51,0.008175519170922354,0.009434755410251147
1,XZt,143,52,0.007666868201133647,0.009705393622636966
1,XZt,144,52,0.007714602539975366,0.00963215953824555
1,XZt,145,50,0.00903014623051133,0.009895129863758982
1,XZt,146,50,0.009229792600273271,0.009575525376044999
1,XZt,147,49,0.01001674127312434,0.009817366758417701
1,XZt,148,49,0.010135701005215964,0.009775471761127029
1,XZt,149,50,0.009653074077238524,0.009562541224902136
1,XZt,150,50,0.009818446264031425,0.009506078485915278
1,XZt,151,48,0.01163204778409536,0.009815374703376633
1,XZt,152,48,0.0119299176201824,0.009791124379968706
1,XZt,153,48,0.012245867229413154,0.009664596627795547
1,XZt,154,48,0.012543117642973235,0.009755689907171
1,XZt,155,49,0.01199468166731198,0.009463672010511319
1,XZt,156,48,0.013264250976793214,0.009734641113468797
1,XZt,157,47,0.014677400595206705,0.009973366605604604
1,XZt,158,47,0.015037478873505646,0.009985120504583715
1,XZt,159,48,0.014324376222854209,0.009427919586145842
1,XZt,160,48,0.014677931322348061,0.009583472163750805
1,XZt,161,48,0.015132969028245678,0.009552985553833973
1,XZt,162,47,0.016620557275954993,0.00980415445222866
1,XZt,163,47,0.017073998097796042,0.00970578979610986
1,XZt,164,47,0.01742812495380446,0.009717029440279605
1,XZt,165,47,0.017869971633974736,0.00987494572627142
1,XZt,166,47,0.018151886123506242,0.00968101018950772
1,XZt,167,47,0.018569479628265523,0.009731606259210409
1,XZt,168,47,0.018713717975300043,0.009386619364311325
1,XZt,169,47,0.019141896212105294,0.009567716643236392
1,XZt,170,47,0.01953899648527836,0.009650424021232399
1,XZt,171,47,0.019909522997495665,0.009662700428054739
1,XZt,172,47,0.02017778607976358,0.00950252695489124
1,XZt,173,47,0.02021078055873348,0.009312320301006819
1,XZt,174,46,0.021807487520278168,0.009777385759224553
1,XZt,175,46,0.02206117898987627,0.00997619981334569
1,XZt,176,46,0.02199050799926176,0.00998376619564404
1,XZt,177,46,0.021429035999262096,0.009519836983902253
1,XZt,178,46,0.021233295288181193,0.009512881905343072
1,XZt,179,45,0.022181832583646595,0.009696087231747814
1,XZt,180,45,0.022254574522231858,0.009947430304540093
1,XZt,181,45,0.02193394671277338,0.009880457096273883
1,XZt,182,45,0.021867795175744924,0.009905659480220541
1,XZt,183,45,0.021671817433737434,0.009641284817535569
1,XZt,184,45,0.02196506384011006,0.009982354120376848
1,XZt,185,45,0.021770026270047614,0.009412950155160959
1,XZt,186,45,0.022244264056176355,0.009750327799779517
1,XZt,187,45,0.02252861543872957,0.009665620946391406
1,XZt,188,45,0.022958598549106805,0.009597538669509534
1,XZt,189,45,0.02335882918536077,0.009261384469151375
1,XZt,190,45,0.02448098106895491,0.00965507982580438
1,XZt,191,45,0.025102369513290756,0.009535313438953235
1,XZt,192,45,0.02638020401990837,0.009636265318286336
1,XZt,193,45,0.026842583302161563,0.009375003542396844
1,XZt,194,45,0.027761472082525097,0.009328281348292836
1,XZt,195,44,0.03042344908805634,0.009935477353447433
1,XZt,196,44,0.030443394869582335,0.009824033564008306
1,XZt,197,45,0.02843989128713046,0.009295860593567276
1,XZt,198,44,0.030660556608371803,0.009840100652996396
1,XZt,199,44,0.029993859528741347,0.00938508979292517
1,XZt,200,44,0.03007251831748825,0.009520478577184506
1,XZt,201,44,0.030210367387710498,0.009842048011749286
1,XZt,202,44,0.029454073726789955,0.009463260688303695
1,XZt,203,43,0.0316350717303151,0.009862444903065341
1,XZt,204,44,0.029165345343577894,0.009288393244489011
1,XZt,205,44,0.02951671782830206,0.00959348728501818
1,XZt,206,43,0.03126369361410833,0.009900994686031957
1,XZt,207,43,0.031099841543120548,0.009950388676883682
1,XZt,208,43,0.03083997715017176,0.009685019776014431
1,XZt,209,44,0.029120280886107703,0.00953606547596785
1,XZt,210,44,0.029214940188512593,0.009516005575546355
1,XZt,211,44,0.028916707031703365,0.009453931404265176
1,XZt,212,43,0.031210527073229494,0.009725289833581952
1,XZt,213,43,0.031907105605677125,0.009673219398199142
1,XZt,214,44,0.031019924008805003,0.00938960079178997
1,XZt,215,44,0.03304848018361483,0.009632354787785949
1,XZt,216,44,0.035190237761719236,0.009469641983368051
1,XZt,217,44,0.03783597552554609,0.009569441549464848
1,XZt,218,44,0.040372292259651485,0.009501384029101825
1,XZt,219,44,0.043541080866241366,0.009782029058140634
1,XZt,220,44,0.046114086499544134,0.009493039617851189
1,XZt,221,43,0.051718445732822346,0.009873581957370238
1,XZt,222,44,0.049433986982885605,0.009297659943980324
1,XZt,223,44,0.051124055851841994,0.009636091576369294
1,XZt,224,44,0.0514713772453922,0.009630288534107505
1,XZt,225,43,0.05604752839237974,0.009891231967425813
1,XZt,226,43,0.05433008896474831,0.009523197175018571
1,XZt,227,43,0.05385947286325543,0.00974428868047373
1,XZt,228,43,0.053331541666671894,0.009598778577061364
1,XZt,229,42,0.05681072676117159,0.00983906103436287
1,XZt,230,43,0.051870836392630085,0.00963017321412556
1,XZt,231,43,0.05197363642649926,0.009499769838042335
1,XZt,232,42,0.053783827053356395,0.009545622007495558
1,XZt,233,42,0.054484137674427835,0.009970622707090962
1,XZt,234,43,0.04959321016713429,0.009379417053806056
1,XZt,235,42,0.052644967171605876,0.009729652856020796
1,XZt,236,42,0.05153472491555771,0.009593215037644176
1,XZt,237,43,0.04824912823432443,0.009575556264824314
1,XZt,238,42,0.05012617774965226,0.009848530382365274
1,XZt,239,42,0.0492939346528463,0.00939169296206358
1,XZt,240,42,0.04909533786921617,0.009957418714616658
1,XZt,241,42,0.04694936072289713,0.009254754054228733
1,XZt,242,42,0.046507228368625565,0.009445517598822008
1,XZt,243,43,0.04296483819999091,0.009314816270218965
1,XZt,244,41,0.047434528661462805,0.009937786768995946
1,XZt,245,42,0.04286174693514218,0.00944052672220694
1,XZt,246,42,0.04257931988883636,0.009968693187406421
1,XZt,247,42,0.040477007909875205,0.009380225615344358
1,XZt,248,42,0.03967659858431236,0.00991002136841484
1,XZt,249,41,0.03845161326772251,0.009581821130661264
1,XZt,250,43,0.03326018910526718,0.009330085810866303
1,XZt,251,41,0.03426328031662297,0.009705003183319868
1,XZt,252,43,0.02713374921883593,0.00967547259336964
1,XZt,253,41,0.026399795800753058,0.009444688923610348
1,XZt,254,42,0.024390531559590693,0.009981359510424628
1,XZt,255,41,0.0329631922061121,0.009916663026012674
1,XZt,256,39,0.04119812075803492,0.009611004820866215
1,XZt,257,38,0.05221191945889577,0.009736262792936117
1,XZt,258,38,0.06579827252338598,0.009561712769607652
1,XZt,259,1,nan,0.0
2,XYt,0,61,0.0037791692152387086,0.009611968546431626
2,XYt,1,60,0.003833645125521169,0.009717840003081811
2,XYt,2,59,0.0036238627667169168,0.009762496298535223
2,XYt,3,58,0.0033734925509096743,0.009778797699159207
2,XYt,4,57,0.0031582595480291837,0.009837859012091407
2,XYt,5,56,0.0029554356478561777,0.009909228271692166
2,XYt,6,56,0.0026700036089908493,0.009791800688655636
2,XYt,7,56,0.002521842213768677,0.009809951866461004
2,XYt,8,56,0.0024493798025378897,0.009840951436448689
2,XYt,9,56,0.0024300247524720073,0.009922254432364922
2,XYt,10,57,0.0022728841125538414,0.009548708141477862
2,XYt,11,57,0.00225294246748115,0.00959276924497223
2,XYt,12,57,0.002259345250279323,0.00962825296245626
2,XYt,13,57,0.0022201590057172277,0.009640292820406517
2,XYt,14,57,0.0021865594353046884,0.009647040693269358
2,XYt,15,57,0.0021098953154606525,0.009626080836672915
2,XYt,16,56,0.001995474959425316,0.009926736196292342
2,XYt,17,57,0.0018190559266127815,0.009652926340028433
2,XYt,18,57,0.0018817466099625068,0.009606485611027782
2,XYt,19,56,0.002050116187768893,0.009976782188474653
2,XYt,20,56,0.0021019921689958486,0.009950505782057162
2,XYt,21,56,0.0021423904442320852,0.00992392047100063
2,XYt,22,56,0.0021722916821049743,0.009898439895505911
2,XYt,23,56,0.0021961953179123386,0.009860399641781419
2,XYt,24,56,0.0022158276508592012,0.009818153690692586
2,XYt,25,56,0.0022295868441862166,0.009765909801410018
2,XYt,26,56,0.002225662327979312,0.009704450906246519
2,XYt,27,56,0.0022346451154381186,0.009644975271322615
2,XYt,28,56,0.002258918736993146,0.009590962592305229
2,XYt,29,55,0.0024661374576815647,0.009985054721720666
2,XYt,30,55,0.0025262387363272605,0.009935055905825019
2,XYt,31,55,0.002605733094138815,0.009887852303098672
2,XYt,32,55,0.002722272451048873,0.00983916812072377
2,XYt,33,55,0.002881381902820059,0.009784789341020204
2,XYt,34,55,0.003067856223246844,0.009705199612486039
2,XYt,35,55,0.003320947579145084,0.009610068350286844
2,XYt,36,54,0.003906771609268335,0.009947408536993432
2,XYt,37,54,0.004426222048869807,0.009838335901981143
2,XYt,38,54,0.005118650138313944,0.009720850450442017
2,XYt,39,54,0.006119250048877707,0.009634141571778576
2,XYt,40,54,0.007523559115417753,0.009573542457586006
2,XYt,41,54,0.009566552636505927,0.00957408474090029
2,XYt,42,54,0.012301752976569786,0.009625574762010985
2,XYt,43,54,0.015743257211072528,0.009722985735301056
2,XYt,44,54,0.019504665976779346,0.009768837853680625
2,XYt,45,54,0.023212244804982553,0.009771690670558789
2,XYt,46,54,0.026599274850453537,0.009800512379228297
2,XYt,47,54,0.02869964474261278,0.009809967795111774
2,XYt,48,54,0.029779836091753012,0.009725094441430802
2,XYt,49,54,0.03070454777584602,0.009602541914828244
2,XYt,50,53,0.033155469709178605,0.009917513431308783
2,XYt,51,53,0.033563889926352675,0.009631979291017051
2,XYt,52,52,0.03502489118903017,0.009664437080691595
2,XYt,53,51,0.03583379441790498,0.00955480931655017
2,XYt,54,49,0.03797336641290386,0.009892337411147145
2,XYt,55,48,0.038024671940693554,0.009867373891702308
2,XYt,56,47,0.03769868175986472,0.009927861633223978
2,XYt,57,47,0.03552835242541527,0.009619367399640397
2,XYt,58,46,0.03550624326825822,0.00991192638836844
2,XYt,59,46,0.034280472863918644,0.009827542445514151
2,XYt,60,46,0.03346063885772614,0.009793368056508468
2,XYt,61,46,0.033151507609701224,0.009829895783827808
2,XYt,62,46,0.033167427351049425,0.009929112449958291
2,XYt,63,47,0.03174692094975486,0.009541166466980961
2,XYt,64,47,0.03217341486900139,0.009691811594388668
2,XYt,65,47,0.03263136735676002,0.009858756945832834
2,XYt,66,48,0.03135646814262864,0.009551434070927149
2,XYt,67,48,0.03156096799119629,0.009745835745413768
2,XYt,68,48,0.03141003211384604,0.009871884923940658
2,XYt,69,48,0.03117528436434603,0.00994052816625358
2,XYt,70,49,0.029400358895486273,0.009486038123889979
2,XYt,71,49,0.029260547351010763,0.009541253266764195
2,XYt,72,49,0.029090408926730545,0.00959834711321856
2,XYt,73,49,0.0289614270531815,0.00967095159787762
2,XYt,74,49,0.028815713309980402,0.009739142285036138
2,XYt,75,49,0.02866628313414116,0.009759762875477598
2,XYt,76,49,0.028327462403034572,0.009699537396395522
2,XYt,77,49,0.027950328607116003,0.009618564087856949
2,XYt,78,49,0.027369478001987503,0.009532287836593519
2,XYt,79,49,0.02675700297180961,0.009498734508485263
2,XYt,80,48,0.02755622763343415,0.009992424010832562
2,XYt,81,48,0.02691173714645196,0.009912942376923898
2,XYt,82,48,0.026547702332261995,0.009906135472238068
2,XYt,83,48,0.026126068219662367,0.00985747144243403
2,XYt,84,48,0.02577786619362209,0.009826896878116585
2,XYt,85,48,0.025403738532264,0.009789336832959435
2,XYt,86,48,0.025134201218914288,0.009772366268331856
2,XYt,87,48,0.024779647522534805,0.00973670763276306
2,XYt,88,48,0.024405693451840103,0.009739993407240386
2,XYt,89,48,0.02396196277084896,0.009696779377205686
2,XYt,90,48,0.023666850118131872,0.009675362426289028
2,XYt,91,48,0.023513869506185513,0.009696730227644465
2,XYt,92,48,0.023220083948341616,0.00966100632506573
2,XYt,93,48,0.022963302141354308,0.009625231005666727
2,XYt,94,48,0.022700647150174082,0.009576542788369873
2,XYt,95,48,0.022512800124815147,0.009518865923938271
2,XYt,96,48,0.02233672726590978,0.00947952222014739
2,XYt,97,48,0.02223515395461545,0.009491794364152125
2,XYt,98,48,0.02208004004160095,0.009498821284749706
2,XYt,99,48,0.021986366506541292,0.009544673041127464
2,XYt,100,48,0.02186216097820289,0.009585068648970478
2,XYt,101,48,0.021782663365917956,0.009601187522638837
2,XYt,102,48,0.02160886882177968,0.009579619252314512
2,XYt,103,48,0.021479574644159578,0.009566667608215822
2,XYt,104,48,0.021353333481901323,0.009547423854344057
2,XYt,105,48,0.021214676974320952,0.009507021560368308
2,XYt,106,47,0.022234910672601492,0.009969967932552618
2,XYt,107,47,0.022169550468572156,0.00993948552046136
2,XYt,108,47,0.022218919027937514,0.009931055447872705
2,XYt,109,47,0.022217373451668493,0.009915763583409804
2,XYt,110,47,0.02222623290948556,0.009903175826893852
2,XYt,111,47,0.022479805957297903,0.00998239476365625
2,XYt,112,48,0.021408167682093943,0.009483337473467407
2,XYt,113,48,0.02165510282209299,0.009532564048684078
2,XYt,114,48,0.02192013608948316,0.009590851803611041
2,XYt,115,48,0.022194318075391677,0.009637381245857715
2,XYt,116,48,0.022583496687149558,0.00970256076981323
2,XYt,117,48,0.022905591257908444,0.009731294979764993
2,XYt,118,48,0.023078782290883955,0.00970830129772008
2,XYt,119,48,0.02331257979417196,0.00972747537586604
2,XYt,120,48,0.023465592036032403,0.009718946219743504
2,XYt,121,48,0.023471848074167405,0.009703169921080387
2,XYt,122,48,0.023557635011123172,0.009706149098240928
2,XYt,123,48,0.02373573801250947,0.009750131363985974
2,XYt,124,48,0.023852683734023883,0.009745031233575733
2,XYt,125,48,0.024083794637980216,0.009784030754389722
2,XYt,126,48,0.02431205225376817,0.009786676768751622
2,XYt,127,48,0.02461699118510019,0.00981282019945731
2,XYt,128,48,0.02499327811762824,0.009859031143732346
2,XYt,129,48,0.02539913672749109,0.009907065700469404
2,XYt,130,48,0.025640787438510296,0.009888456755927325
2,XYt,131,48,0.02597748736396963,0.00988919943168906
2,XYt,132,48,0.026361753179008615,0.009904925532211818
2,XYt,133,48,0.02680131220369038,0.00994441324983046
2,XYt,134,48,0.02726544629296085,0.009979374355070833
2,XYt,135,49,0.026471521409697638,0.00952036128227295
2,XYt,136,49,0.02712489212966744,0.009567302561135879
2,XYt,137,49,0.02755691802417809,0.009561948444575896
2,XYt,138,49,0.0280836033150364,0.009606906892078075
2,XYt,139,49,0.028560893557706486,0.00964838136089524
2,XYt,140,49,0.02880287963317478,0.009695840255197655
2,XYt,141,49,0.028839764189744214,0.009719713905114561
2,XYt,142,49,0.0289005643333257,0.00972618336551898
2,XYt,143,49,0.028860582640668722,0.009696135578786435
2,XYt,144,49,0.028871681935744766,0.009714909849881253
2,XYt,145,49,0.02880205147396972,0.009688597781652503
2,XYt,146,49,0.028691997096150456,0.009643950495894504
2,XYt,147,49,0.028717185596224777,0.009639720626026107
2,XYt,148,49,0.0287551371671542,0.00962136198694588
2,XYt,149,49,0.028746863123257783,0.00960476451042522
2,XYt,150,49,0.02878994761969108,0.00958935195718848
2,XYt,151,49,0.028818478288783554,0.009548553496106532
2,XYt,152,49,0.02884405640596647,0.009548796509136998
2,XYt,153,49,0.028830962625638498,0.009542574409384113
2,XYt,154,49,0.028856423721718632,0.009536323671420011
2,XYt,155,49,0.028723023057150954,0.009493236788126613
2,XYt,156,49,0.02869133555682328,0.009510324665217005
2,XYt,157,49,0.028509858733243937,0.009520213972823169
2,XYt,158,49,0.028090442258745678,0.009493177531658528
2,XYt,159,49,0.02765430644802599,0.009510717346147533
2,XYt,160,49,0.02711877052851507,0.009496453365565432
2,XYt,161,48,0.02793729373308625,0.00993687036817941
2,XYt,162,48,0.02731574712690594,0.009865786604071067
2,XYt,163,48,0.02670830348813016,0.009810598947082576
2,XYt,164,48,0.026213253844640187,0.00979454670825381
2,XYt,165,48,0.025853797242700392,0.009790034755596236
2,XYt,166,48,0.025538233018172953,0.009750225919238409
2,XYt,167,48,0.025063997670884065,0.009676707647754823
2,XYt,168,48,0.024565868885339,0.009610284198966092
2,XYt,169,48,0.024198340477392114,0.009563719322884901
2,XYt,170,48,0.02392725454286625,0.00955336310397887
2,XYt,171,48,0.023709837505484332,0.009555579150445151
2,XYt,172,48,0.023617520122677874,0.009597624668736196
2,XYt,173,48,0.02343413908011881,0.009577946754100447
2,XYt,174,48,0.023345626654104414,0.009575899881204499
2,XYt,175,48,0.0233331864524601,0.009596799590972567
2,XYt,176,48,0.023219332713383663,0.00956883240000787
2,XYt,177,48,0.0231288478716758,0.009575171663278042
2,XYt,178,48,0.02297585836437937,0.00957259328584307
2,XYt,179,48,0.022853414819781894,0.00957208315896574
2,XYt,180,48,0.022619665662481726,0.009520323531879078
2,XYt,181,48,0.02241586903225015,0.009500924235798387
2,XYt,182,48,0.022330043256603246,0.0095031373008288
2,XYt,183,48,0.022264309163939844,0.009511871882042063
2,XYt,184,48,0.022187044947318168,0.009513709568120442
2,XYt,185,48,0.022175830987009287,0.009525400847015031
2,XYt,186,48,0.022206957163368436,0.00954858049785978
2,XYt,187,48,0.02226268665257687,0.009574959102954042
2,XYt,188,48,0.02217651765639752,0.00954034592435397
2,XYt,189,48,0.022322121650615808,0.00958193726553471
2,XYt,190,48,0.022397066896063366,0.009595163879318067
2,XYt,191,48,0.022515000309298094,0.009610940658093838
2,XYt,192,48,0.022523023537473857,0.009593049416711947
2,XYt,193,48,0.02267073224844552,0.009609730543470484
2,XYt,194,48,0.022849571555276175,0.009625857631400753
2,XYt,195,48,0.023070290044228038,0.009641863748910892
2,XYt,196,48,0.023484191354078414,0.009696540475771452
2,XYt,197,48,0.023799842718215124,0.009723066090648042
2,XYt,198,48,0.02415260720212182,0.009800123337770106
2,XYt,199,48,0.024206166640990415,0.009783408270164736
2,XYt,200,48,0.024394300326829113,0.00981634156002993
2,XYt,201,48,0.02439877656520287,0.009831825013502807
2,XYt,202,48,0.024383737072267334,0.009836632333970856
2,XYt,203,48,0.024429808430443675,0.00984016581692185
2,XYt,204,48,0.024491903677508538,0.009821720072418915
2,XYt,205,48,0.02461837618553559,0.009814201907946808
2,XYt,206,48,0.02488979257209805,0.009849636709105247
2,XYt,207,48,0.025278623745603433,0.009899873184863388
2,XYt,208,48,0.02571687642445716,0.009937520584551414
2,XYt,209,49,0.02487682396214078,0.009518903680112772
2,XYt,210,49,0.025314389363225342,0.00957958499778217
2,XYt,211,49,0.025698380157687235,0.009610797175810346
2,XYt,212,49,0.026020689312608054,0.009604529827968453
2,XYt,213,49,0.02646751441777886,0.009621815096940772
2,XYt,214,49,0.026946118682280158,0.009654156128089156
2,XYt,215,49,0.02755673982124888,0.009689608965610328
2,XYt,216,49,0.02836624257042382,0.009761160498681266
2,XYt,217,49,0.029132790065326,0.009849889744407574
2,XYt,218,49,0.029919651807407896,0.0099822503590671
2,XYt,219,50,0.02920766378380198,0.009590560569873594
2,XYt,220,50,0.02980781210052397,0.009668846436649886
2,XYt,221,50,0.030183090628773064,0.009718988021973912
2,XYt,222,50,0.030484025528557557,0.009744720554776262
2,XYt,223,50,0.030818589740351093,0.009775692007007347
2,XYt,224,50,0.03104759917204647,0.009774528267067638
2,XYt,225,50,0.031131805802902455,0.009735208588698368
2,XYt,226,50,0.031200156481502234,0.009674459181962013
2,XYt,227,50,0.03141877406170229,0.009631241117061675
2,XYt,228,50,0.03160669856611453,0.009585019741707971
2,XYt,229,50,0.03173233502525105,0.009514437563224716
2,XYt,230,49,0.03360235307267236,0.009969163874628852
2,XYt,231,49,0.03378039910429994,0.009911019477414056
2,XYt,232,49,0.033890578218943014,0.009825491509329735
2,XYt,233,49,0.033897420533406226,0.009705850054460674
2,XYt,234,49,0.03391216306494499,0.009616126125369297
2,XYt,235,49,0.03396531651264515,0.009545065946047038
2,XYt,236,48,0.035494877693690224,0.009895638620537174
2,XYt,237,48,0.03528859080663285,0.009791690576519617
2,XYt,238,48,0.03523715901570412,0.009759527917448189
2,XYt,239,48,0.035157259606594445,0.009722379432798958
2,XYt,240,48,0.0351540908962511,0.009701598047628853
2,XYt,241,48,0.035160040131808824,0.00969555459258126
2,XYt,242,48,0.03518373252791851,0.009702398108279721
2,XYt,243,48,0.03516490690092649,0.009707939143465235
2,XYt,244,48,0.03519629452855107,0.009712695566722888
2,XYt,245,48,0.035273924845557,0.009736691584263005
2,XYt,246,48,0.03513852301211003,0.009711881873822444
2,XYt,247,48,0.03524529050840452,0.009746252205523503
2,XYt,248,48,0.03538555495213768,0.00980798925877061
2,XYt,249,48,0.03529349458637098,0.009813275615508895
2,XYt,250,48,0.03521270691935391,0.00982921619154584
2,XYt,251,48,0.03514307085687401,0.009865235804283405
2,XYt,252,48,0.03496488162044582,0.009893669714562105
2,XYt,253,48,0.03478959401381954,0.009898084303433821
2,XYt,254,48,0.034947694150747374,0.00997778413424499
2,XYt,255,48,0.0348847557856348,0.009995426015491018
2,XYt,256,48,0.03391660282213766,0.009905861395120693
2,XYt,257,48,0.031217967500490953,0.009635241180323058
2,XYt,258,47,0.028233129001538793,0.00982560004992321
2,XYt,259,47,0.024486525187162354,0.009818554351637962
2,XYt,260,47,0.022306393098924213,0.009825585736946548
2,XYt,261,47,0.02135013420670225,0.009788090105177656
2,XYt,262,47,0.021320799319099852,0.009877593093112997
2,XYt,263,47,0.021576886636669682,0.009979623317958191
2,XYt,264,48,0.020568292935643766,0.009540979353441607
2,XYt,265,48,0.020551678546148717,0.009569143073992105
2,XYt,266,48,0.020478036280070992,0.00956660268139445
2,XYt,267,48,0.02046051202789466,0.009587451760562441
2,XYt,268,48,0.02049802782766847,0.00961614562502191
2,XYt,269,48,0.020598424256972902,0.009668747853292175
2,XYt,270,48,0.02059395320976848,0.009687467130440722
2,XYt,271,48,0.02063336085093765,0.009707211574972348
2,XYt,272,48,0.020592996708192427,0.009688584879101956
2,XYt,273,48,0.020643079274756136,0.009710943407787338
2,XYt,274,48,0.02069537312659276,0.009737498389841254
2,XYt,275,48,0.020810724816523244,0.009769699984003188
2,XYt,276,48,0.02085045251429188,0.009776853211038975
2,XYt,277,48,0.020859731609419067,0.009784393685541973
2,XYt,278,48,0.020833775316743637,0.009778315508554177
2,XYt,279,48,0.020887446125988973,0.009815051297395676
2,XYt,280,48,0.020879533307593647,0.009804842213294508
2,XYt,281,48,0.020968389644074777,0.009844923829232036
2,XYt,282,48,0.020935496828794798,0.009817032389739331
2,XYt,283,48,0.02106926605232607,0.00985951453764131
2,XYt,284,48,0.02109767308733475,0.00986583926699797
2,XYt,285,48,0.02112267099626068,0.009879176902091034
2,XYt,286,48,0.021132403243779553,0.009876665230868935
2,XYt,287,48,0.021140054812004584,0.009863401035063923
2,XYt,288,48,0.021128889268241826,0.009863587180887524
2,XYt,289,48,0.02116021776976226,0.00987072738002312
2,XYt,290,48,0.021146102225633595,0.00986051334456682
2,XYt,291,48,0.021121480337840393,0.00985009557867554
2,XYt,292,48,0.02118984261494898,0.0098699829185208
2,XYt,293,48,0.021168217357546395,0.009868778838005849
2,XYt,294,48,0.021153913121277634,0.009860583467233798
2,XYt,295,48,0.02120968434547746,0.009882820873538591
2,XYt,296,48,0.021181811849628748,0.00985757329021719
2,XYt,297,48,0.021325971330418754,0.009934332387475391
2,XYt,298,48,0.021350051503873965,0.009907850352428872
2,XYt,299,48,0.021288540012664833,0.009874517286884757
2,XYt,300,48,0.02131991899412764,0.009897985240548166
2,XYt,301,48,0.02135866738106479,0.009942905838479586
2,XYt,302,48,0.021334534647843933,0.00991634112250429
2,XYt,303,48,0.021369739965292275,0.009928204748056703
2,XYt,304,48,0.02148330335627323,0.009970496099057377
2,XYt,305,48,0.021446491709021513,0.009949779853594048
2,XYt,306,48,0.02154890873724234,0.009993047548237866
2,XYt,307,48,0.02153351998160968,0.009982081688731255
2,XYt,308,48,0.02161662900950241,0.009999651919681458
2,XYt,309,48,0.021577104199574038,0.009962940420142357
2,XYt,310,49,0.02065585546502643,0.009549234653367392
2,XYt,311,48,0.021686976559504672,0.009990471833052352
2,XYt,312,49,0.020643663033854457,0.009532637813170179
2,XYt,313,49,0.020681863250794172,0.009531283734114972
2,XYt,314,49,0.02074678383843661,0.009553727846593911
2,XYt,315,49,0.020811197299141646,0.009565174179823987
2,XYt,316,49,0.020750707080384557,0.009547888656126668
2,XYt,317,49,0.020828267367199758,0.009551500736825348
2,XYt,318,49,0.020839612887938376,0.009571231798687765
2,XYt,319,49,0.020998408877903073,0.00958932669975424
2,XYt,320,49,0.02108230073101839,0.009603745613449116
2,XYt,321,49,0.021300057778569564,0.009611584066470334
2,XYt,322,49,0.021487988899920946,0.009630745859855934
2,XYt,323,49,0.02168551709115716,0.009614266164237982
2,XYt,324,49,0.02213803120940415,0.00959308117985206
2,XYt,325,49,0.02633700685644812,0.009645550799021999
2,XYt,326,50,0.03282381312098369,0.00963575404478413
2,XYt,327,50,0.034755061457910755,0.009818050240325005
2,XYt,328,50,0.03543704771085645,0.009844871848030947
2,XYt,329,50,0.036179943252537754,0.009859128220640542
2,XYt,330,50,0.036408647549262194,0.009825578182867126
2,XYt,331,50,0.036768726147333626,0.00981881654294936
2,XYt,332,50,0.03671996622681956,0.00978303132653196
2,XYt,333,50,0.03681321781269956,0.0097568316993967
2,XYt,334,50,0.03670561919444214,0.009711673110181531
2,XYt,335,50,0.03694416720332409,0.009721781129051442
2,XYt,336,50,0.036726844740889227,0.00968423614390972
2,XYt,337,50,0.036834193225947144,0.009694851077246684
2,XYt,338,50,0.03665116199643699,0.009668187444370013
2,XYt,339,50,0.03688331449721225,0.009733779948609864
2,XYt,340,50,0.03687208855180969,0.009828377168074234
2,XYt,341,50,0.036936851329444145,0.009923821666020188
2,XYt,342,50,0.03685341850858863,0.009994780738749962
2,XYt,343,51,0.035195976254269755,0.009655544762607316
2,XYt,344,51,0.034917046743890845,0.009731251624652848
2,XYt,345,51,0.03481243377938461,0.009798335382075375
2,XYt,346,51,0.03451424361893212,0.009841513518853422
2,XYt,347,51,0.03444369525511535,0.009907802249925931
2,XYt,348,52,0.03282955519169989,0.009572219875635475
2,XYt,349,52,0.03281577065328247,0.00964859959148232
2,XYt,350,52,0.032668547447510334,0.009696815634919042
2,XYt,351,52,0.03279918487200199,0.009796467347442755
2,XYt,352,52,0.03281791774941614,0.009922942218983688
2,XYt,353,53,0.031193404046216327,0.009550355491089723
2,XYt,354,53,0.031137280475169504,0.009640433027163255
2,XYt,355,53,0.031045840668686226,0.009675410876887384
2,XYt,356,53,0.03076253752012428,0.009682714855688725
2,XYt,357,53,0.030167530549506577,0.009577230928609274
2,XYt,358,52,0.030555524487458973,0.009893642864931053
2,XYt,359,52,0.029689327493304395,0.009773728515173389
2,XYt,360,52,0.028873819194816096,0.009699154373885112
2,XYt,361,52,0.028441120997731356,0.009676745191769762
2,XYt,362,51,0.02876006555403651,0.009875673595448173
2,XYt,363,51,0.028745110604931602,0.009974555151433808
2,XYt,364,52,0.026644810928432433,0.00975753875306211
2,XYt,365,52,0.026681987672006975,0.009741066228656517
2,XYt,366,52,0.02631993671150553,0.009679640082976027
2,XYt,367,52,0.02618978563269228,0.009661248126911114
2,XYt,368,52,0.02599900997589114,0.009683312345831713
2,XYt,369,52,0.025801932770159856,0.00967737332594138
2,XYt,370,52,0.025476891150662567,0.0096467268586245
2,XYt,371,52,0.02536179664473867,0.009633297723624269
2,XYt,372,52,0.025121477927601416,0.00962823186439467
2,XYt,373,52,0.025073633666072816,0.009637602968231351
2,XYt,374,52,0.02479645167948631,0.009637459477551824
2,XYt,375,52,0.024546546721829664,0.009635113872188194
2,XYt,376,52,0.024013963857273224,0.009590131645901957
2,XYt,377,52,0.023546070237975003,0.00954449254500845
2,XYt,378,52,0.023147221376286588,0.00952588517752096
2,XYt,379,51,0.024139548172068332,0.009988403508183056
2,XYt,380,51,0.02394866053299223,0.00999367261032236
2,XYt,381,52,0.022753759093994647,0.00952601353533062
2,XYt,382,52,0.022622926910759723,0.009528762355851516
2,XYt,383,51,0.023760138129504213,0.009991514631987938
2,XYt,384,51,0.023661374422045085,0.009991095883288444
2,XYt,385,51,0.023256723234939474,0.009958143862056325
2,XYt,386,51,0.02287261839382517,0.009924429438840286
2,XYt,387,51,0.022913522309491702,0.009923531937378004
2,XYt,388,51,0.02284763652734144,0.009901670028195586
2,XYt,389,51,0.022868316729156426,0.009892679783659245
2,XYt,390,51,0.022849856185182787,0.009886066778602926
2,XYt,391,51,0.022864408561412856,0.00986484377132337
2,XYt,392,51,0.022726023602890236,0.009814665220395194
2,XYt,393,51,0.022753810904140807,0.0097921988374228
2,XYt,394,51,0.02273549213125813,0.009768985812808365
2,XYt,395,51,0.022829362993972653,0.009751984239467805
2,XYt,396,51,0.02295041460844296,0.009736716058215
2,XYt,397,51,0.023099642233443796,0.009738266618450526
2,XYt,398,51,0.023117964585709076,0.009750693874107708
2,XYt,399,51,0.022949488849862563,0.009732530519273147
2,XYt,400,51,0.02288677020292501,0.009733999475200891
2,XYt,401,51,0.022918286886870823,0.009757276916964982
2,XYt,402,51,0.022922858649084953,0.009755196391458828
2,XYt,403,51,0.022880351382608216,0.009730212649927936
2,XYt,404,51,0.022964479038307575,0.00973489639255936
2,XYt,405,51,0.023050744014353176,0.009758566812169488
2,XYt,406,51,0.02322995861006951,0.009778146916005127
2,XYt,407,51,0.023328730388581805,0.009776030073067024
2,XYt,408,51,0.02356612952532927,0.009781383624860742
2,XYt,409,51,0.02375660584539043,0.009759373410448214
2,XYt,410,51,0.02402694666119308,0.009825194109911811
2,XYt,411,51,0.02406006895412432,0.009864938019053412
2,XYt,412,51,0.024179201091279853,0.009868352506040665
2,XYt,413,51,0.02425347468125574,0.009847714935752455
2,XYt,414,51,0.024528178276745867,0.00989309401091587
2,XYt,415,51,0.024662752433086674,0.009878329467349544
2,XYt,416,51,0.024989624736747384,0.0098859051606705
2,XYt,417,51,0.025329427844797036,0.00987910097996456
2,XYt,418,51,0.025743711869654087,0.009924941135799873
2,XYt,419,51,0.026027239324365202,0.009922295771773908
2,XYt,420,51,0.026474383772503482,0.009953050628380545
2,XYt,421,51,0.0267568026428213,0.009952084660459786
2,XYt,422,51,0.026994325627071925,0.009971643628509394
2,XYt,423,51,0.027051234978717538,0.009925549233650079
2,XYt,424,51,0.027108361741648917,0.009876397851145805
2,XYt,425,51,0.027453901349068114,0.009882783321827163
2,XYt,426,51,0.02768897736999819,0.009870329628470986
2,XYt,427,51,0.027933659750258005,0.009886087721564612
2,XYt,428,51,0.02805251679060196,0.00987502247152992
2,XYt,429,51,0.028411093581635516,0.009940571001604616
2,XYt,430,51,0.0287496234774319,0.009953150713154347
2,XYt,431,51,0.02912947100403455,0.009945278621485618
2,XYt,432,51,0.029620942996136736,0.009959206520422072
2,XYt,433,51,0.030198524811942573,0.009964821546378599
2,XYt,434,52,0.029475095062371427,0.00952845856487955
2,XYt,435,52,0.03025783824683484,0.009566133888500337
2,XYt,436,52,0.031093848186581723,0.009591778397582565
2,XYt,437,52,0.03176794751392174,0.009639644438943053
2,XYt,438,52,0.03206133131112743,0.009644122244510219
2,XYt,439,52,0.03218292748869133,0.009610956916574416
2,XYt,440,52,0.032325710888058516,0.009576078969453701
2,XYt,441,52,0.03275000705558944,0.009593242844460996
2,XYt,442,52,0.033105187041614866,0.009569709283024178
2,XYt,443,51,0.03504407147710215,0.009998742026117153
2,XYt,444,51,0.03522184177159603,0.00994188898265216
2,XYt,445,51,0.035442334428727504,0.009916332455726918
2,XYt,446,51,0.035562680066580594,0.009860169458958106
2,XYt,447,51,0.03584870314816363,0.009840831553137985
2,XYt,448,51,0.03609862083001309,0.009787940439278992
2,XYt,449,51,0.03648225511025683,0.009732558616138302
2,XYt,450,51,0.03678346756430407,0.009664420912180838
2,XYt,451,51,0.03703622815953583,0.009579239591069768
2,XYt,452,50,0.03898464010514169,0.009951213992212988
2,XYt,453,50,0.039129773824372445,0.009893073872527575
2,XYt,454,50,0.03924369224698175,0.009860243149741047
2,XYt,455,50,0.039181016445744246,0.00981688117541062
2,XYt,456,50,0.039225573575536625,0.009806924953372846
2,XYt,457,50,0.039208602966200996,0.00980407880296583
2,XYt,458,50,0.03919317696378375,0.009806764022893495
2,XYt,459,50,0.039109347768463906,0.009817821054089803
2,XYt,460,50,0.038908903827416116,0.009824366274288987
2,XYt,461,50,0.038578841907620495,0.009804283208322502
2,XYt,462,50,0.03855582173865969,0.00982306831663905
2,XYt,463,50,0.038910273871686114,0.009846069726760763
2,XYt,464,50,0.039233237139777694,0.009877471677051379
2,XYt,465,50,0.03828836975900489,0.009820008052586794
2,XYt,466,50,0.03502869499114314,0.009551666377073434
2,XYt,467,49,0.03136130434604346,0.00972732678533689
2,XYt,468,49,0.02686244158007792,0.009676519521787413
2,XYt,469,49,0.02392917064148191,0.00965630616097742
2,XYt,470,49,0.02252194002026327,0.009598931948162753
2,XYt,471,48,0.023115462169917823,0.009995685521465649
2,XYt,472,49,0.02217126207618923,0.009591504705294083
2,XYt,473,49,0.0224383681292524,0.009664887767043426
2,XYt,474,49,0.022446773852804223,0.009691435522098253
2,XYt,475,49,0.022387602369095417,0.009696043719206938
2,XYt,476,49,0.02234571306338521,0.009738224096675924
2,XYt,477,49,0.02221082487709962,0.009705797730914085
2,XYt,478,49,0.022119096506835138,0.009691285572807035
2,XYt,479,49,0.022106995752430393,0.009692466965242327
2,XYt,480,49,0.022118062864075264,0.009711802632660561
2,XYt,481,49,0.02208039403383937,0.009691933320985653
2,XYt,482,49,0.022028051423942575,0.009668090066471888
2,XYt,483,49,0.021963457479512,0.009638290802077143
2,XYt,484,49,0.021975425148642962,0.009645525283743116
2,XYt,485,49,0.021966185339883593,0.0096414123914826
2,XYt,486,49,0.021920422120938764,0.009623022880003279
2,XYt,487,49,0.021879823713806118,0.009601338065302324
2,XYt,488,49,0.02190198043093736,0.00961124956452181
2,XYt,489,49,0.02184750685548043,0.009583829588061279
2,XYt,490,49,0.021829740272497594,0.009577308427968681
2,XYt,491,49,0.02182618600771851,0.009582416700122446
2,XYt,492,49,0.021811817547056366,0.009575223884670145
2,XYt,493,49,0.021793838281410165,0.009568826684491858
2,XYt,494,49,0.021786815474595038,0.009565054515778097
2,XYt,495,49,0.021764684595896457,0.009565904383951088
2,XYt,496,49,0.021734831850621947,0.009540323812947447
2,XYt,497,49,0.021720139423599318,0.00953512334269677
2,XYt,498,49,0.021727085300695354,0.009541043226309573
2,XYt,499,48,0.022791795556405436,0.009983315538373434
2,XYt,500,48,0.022751285926805292,0.009952003406546771
2,XYt,501,48,0.02280904198255017,0.009948621556271853
2,XYt,502,48,0.02277445007860933,0.009932474591402046
2,XYt,503,48,0.022802843691518554,0.0099351998167793
2,XYt,504,48,0.022749183082451604,0.009909596472895013
2,XYt,505,48,0.02266065293922777,0.009869575241698412
2,XYt,506,48,0.022674895865570126,0.00987475148689536
2,XYt,507,48,0.022703521954764497,0.00987949086552286
2,XYt,508,48,0.022726723737905498,0.00989229081281877
2,XYt,509,48,0.022686076117574415,0.00987940466496974
2,XYt,510,48,0.02271660728304298,0.00988971216145089
2,XYt,511,48,0.022694291460377755,0.009885830475696666
2,XYt,512,48,0.022699192256716353,0.009899968282900646
2,XYt,513,48,0.022682309779891843,0.009895900348537214
2,XYt,514,48,0.02267575168423644,0.009888037593546613
2,XYt,515,48,0.022680837977201978,0.009883335119988295
2,XYt,516,48,0.02262349091731825,0.009859344956247476
2,XYt,517,48,0.02259588554565347,0.00984781410764056
2,XYt,518,48,0.02262153481157911,0.009846525985398409
2,XYt,519,48,0.02262130593885057,0.009836726852000561
2,XYt,520,48,0.022611795501517873,0.009824477213081337
2,XYt,521,48,0.02256819627452441,0.009791553333573122
2,XYt,522,48,0.022650455418513116,0.00979235721474634
2,XYt,523,48,0.02266233350626133,0.009775047011668776
2,XYt,524,48,0.0226997929575978,0.009754008979711582
2,XYt,525,48,0.022710025743997025,0.009734573752610462
2,XYt,526,48,0.022661452460437097,0.009695437343570507
2,XYt,527,48,0.022397252863345755,0.009610910173368622
2,XYt,528,48,0.0220995230652156,0.009537947356950625
2,XYt,529,47,0.02298844905544623,0.009935711745408408
2,XYt,530,47,0.023141421322625248,0.009929667968228598
2,XYt,531,47,0.023764381010604047,0.009989976396993616
2,XYt,532,48,0.02365402646870054,0.009577496055399681
2,XYt,533,48,0.025168243662514307,0.009591381704132786
2,XYt,534,48,0.027712003176032327,0.00959613931484891
2,XYt,535,48,0.031112618312743107,0.009649081786650153
2,XYt,536,48,0.03451167657865278,0.009711078169523902
2,XYt,537,48,0.03779317776209125,0.009927230066320056
2,XYt,538,49,0.038194756327986766,0.009621304331634842
2,XYt,539,49,0.0395956284795506,0.009712545141239034
2,XYt,540,49,0.04045428159131188,0.00981808923328386
2,XYt,541,49,0.040218532911899,0.009850561168646372
2,XYt,542,49,0.03965263869408921,0.009823139899654068
2,XYt,543,49,0.03904871618657291,0.00976679258900978
2,XYt,544,49,0.03865496060316041,0.009728964368591667
2,XYt,545,49,0.0384795153969681,0.009716996589064898
2,XYt,546,49,0.03830095919216015,0.009731824458559923
2,XYt,547,49,0.03787518332590192,0.009824447390948444
2,XYt,548,49,0.03693817280202401,0.009803558008263769
2,XYt,549,49,0.036233198989703425,0.009802763414303145
2,XYt,550,49,0.03562634221381951,0.009767074568233792
2,XYt,551,49,0.03512382098514172,0.009759047176493592
2,XYt,552,49,0.034863245592045705,0.009786730256534345
2,XYt,553,49,0.034540459842519106,0.009771555145617587
2,XYt,554,49,0.034318081277708454,0.009760063069158833
2,XYt,555,49,0.03412821185618956,0.009760760683613591
2,XYt,556,49,0.033903361411574566,0.009762481492887921
2,XYt,557,49,0.0336207611037347,0.009753562010897558
2,XYt,558,49,0.03321969995322248,0.009719721541470739
2,XYt,559,49,0.03282756671334246,0.009693279063830858
2,XYt,560,49,0.03212082906699442,0.009644346647290686
2,XYt,561,49,0.03126381004128021,0.00957279161583369
2,XYt,562,49,0.030610838610343225,0.009536093449430206
2,XYt,563,49,0.030257597271124512,0.009551093372292523
2,XYt,564,49,0.029790322563350815,0.009577759951239601
2,XYt,565,49,0.029183622912631164,0.009603270091198043
2,XYt,566,49,0.02842912077931274,0.009611267448274131
2,XYt,567,49,0.027764559918966803,0.009597003526511145
2,XYt,568,49,0.0271371614221073,0.009540937590181356
2,XYt,569,48,0.027977916693664416,0.009962046388215021
2,XYt,570,48,0.02749345162350293,0.009895221341521272
2,XYt,571,48,0.02710400229315739,0.009858572690070027
2,XYt,572,48,0.026671754218227393,0.00982272272241137
2,XYt,573,48,0.02628471433928806,0.009768389963742666
2,XYt,574,48,0.026259376427931365,0.009772243944623981
2,XYt,575,48,0.02628587047543827,0.009767309744679478
2,XYt,576,48,0.026494271907322495,0.009815470790653076
2,XYt,577,48,0.026584081721080427,0.0098429753385214
2,XYt,578,48,0.026624803261429648,0.009856607477279644
2,XYt,579,48,0.02681616864196947,0.00990198959068059
2,XYt,580,48,0.026927665176930567,0.009916826056023618
2,XYt,581,48,0.026950807030701532,0.009925730278239894
2,XYt,582,48,0.026769425360872512,0.009915993263626764
2,XYt,583,48,0.0265481483346183,0.0099138199527275
2,XYt,584,48,0.026265988670148392,0.009904960633596645
2,XYt,585,48,0.02593692384666039,0.009888137151159262
2,XYt,586,48,0.025434159321672926,0.009817252442219777
2,XYt,587,48,0.02504713158330941,0.009822491258949153
2,XYt,588,48,0.024419425289088043,0.009802401960331606
2,XYt,589,48,0.023685167597437537,0.009787103066243596
2,XYt,590,48,0.022960300211421095,0.009744321668763054
2,XYt,591,48,0.022372505132278998,0.009724854227080464
2,XYt,592,48,0.021938612777800445,0.009686819083612288
2,XYt,593,48,0.021709595599960628,0.009626197713005376
2,XYt,594,48,0.021656587485845306,0.009593681401985117
2,XYt,595,48,0.021710973864967256,0.009587692972768166
2,XYt,596,48,0.021792971736685627,0.00958254552369504
2,XYt,597,48,0.021929854356025517,0.009597749624995175
2,XYt,598,48,0.022044117689675416,0.009597776081323403
2,XYt,599,48,0.0221509310710323,0.00957340943230715
2,XYt,600,48,0.02236582713832612,0.009556500171326207
2,XYt,601,48,0.02261676761587216,0.009555480216158124
2,XYt,602,48,0.02283089386653365,0.00958214804032782
2,XYt,603,48,0.02290810260017981,0.009587618002056895
2,XYt,604,48,0.023048623265673456,0.009637406377352
2,XYt,605,48,0.023043222085419264,0.009628590930871742
2,XYt,606,48,0.023069229633140335,0.00963035969569883
2,XYt,607,48,0.02306163174768323,0.009634270920152085
2,XYt,608,48,0.023019612062787867,0.009623440189634387
2,XYt,609,48,0.02291746721692207,0.009590937339112544
2,XYt,610,48,0.02282578132531192,0.009567128208486105
2,XYt,611,48,0.022603772458504617,0.009544187208201615
2,XYt,612,48,0.022372597585594893,0.009515188904158207
2,XYt,613,47,0.023202109139607206,0.009972177582341332
2,XYt,614,47,0.022903999635607894,0.009955064297451023
2,XYt,615,47,0.022681821474795832,0.009951310954979972
2,XYt,616,47,0.02251637126466956,0.009938528453778512
2,XYt,617,47,0.02234987298129942,0.009915626875849364
2,XYt,618,47,0.022311056854281957,0.009930321016536845
2,XYt,619,47,0.022406846933381956,0.009965873693053628
2,XYt,620,47,0.022418238759755217,0.009962490277252845
2,XYt,621,47,0.022619782619789024,0.00995336422397488
2,XYt,622,47,0.02312231435274938,0.00998051068703739
2,XYt,623,48,0.02265941325075792,0.00951404134042332
2,XYt,624,47,0.02450799976410556,0.009976147061714893
2,XYt,625,47,0.025277620623878252,0.009999167877551614
2,XYt,626,48,0.024560563195924208,0.00953617169275841
2,XYt,627,48,0.02492319039685185,0.009558159256608908
2,XYt,628,48,0.025234978280031847,0.009560107772479716
2,XYt,629,48,0.025558902196670133,0.009590092133422014
2,XYt,630,48,0.025781087228307794,0.00958277462969404
2,XYt,631,48,0.025873328169624645,0.009571477501038183
2,XYt,632,48,0.025878682398771048,0.009577444254280617
2,XYt,633,48,0.025737860076452197,0.00953514505646951
2,XYt,634,47,0.02697209137088397,0.009976979923139367
2,XYt,635,47,0.026919877475070804,0.009955066651922091
2,XYt,636,47,0.02680130711864415,0.009949438660698636
2,XYt,637,47,0.026714010249549284,0.009946371718262688
2,XYt,638,47,0.026624532438913547,0.00993122773830668
2,XYt,639,47,0.02654370464696499,0.009894316847597732
2,XYt,640,47,0.026732612856231252,0.009919489025336873
2,XYt,641,47,0.027078387992553243,0.009950680876397987
2,XYt,642,47,0.027496309122484044,0.009983559316185395
2,XYt,643,47,0.027795356033070193,0.00998904724149881
2,XYt,644,48,0.026843127861621463,0.009561577887139761
2,XYt,645,48,0.02728533041435543,0.00958961267520273
2,XYt,646,48,0.027797296816461016,0.009597729680945683
2,XYt,647,48,0.028425942460834658,0.009577046967092434
2,XYt,648,47,0.030424283347572027,0.009996425701795089
2,XYt,649,47,0.030968831531661817,0.009953442326972805
2,XYt,650,47,0.03157847643761626,0.009963419948948051
2,XYt,651,47,0.031992985264518485,0.009946475404999263
2,XYt,652,48,0.03139927514927421,0.00954915815344245
2,XYt,653,48,0.031995852743972084,0.009569353722361576
2,XYt,654,48,0.03237821310911753,0.009606121244950003
2,XYt,655,48,0.03268826564818397,0.009620758619185358
2,XYt,656,48,0.03287188218149004,0.009623924051298017
2,XYt,657,48,0.03317252783383402,0.009645457242669445
2,XYt,658,48,0.033371483825172174,0.009632511390120889
2,XYt,659,48,0.03358045371163456,0.009619961514795392
2,XYt,660,48,0.033881928372093736,0.009620121509461359
2,XYt,661,48,0.03427742380259595,0.009633167956658773
2,XYt,662,48,0.03471364328477819,0.009648514972044659
2,XYt,663,48,0.03536183334762435,0.009679959307568558
2,XYt,664,48,0.03595746501367695,0.009654662727691535
2,XYt,665,48,0.03692086392846511,0.009673241667365261
2,XYt,666,48,0.03767339486152298,0.00963313754227337
2,XYt,667,48,0.03800383703905817,0.009560495139799716
2,XYt,668,47,0.03992296512051236,0.00997975053716164
2,XYt,669,47,0.0397217238101674,0.009948727968193466
2,XYt,670,47,0.03926486841672648,0.009891933420036437
2,XYt,671,47,0.03866868233479478,0.009821855700637186
2,XYt,672,47,0.03772804475847592,0.009691910346215188
2,XYt,673,46,0.037814268601991025,0.009964827034764232
2,XYt,674,46,0.035916221057868895,0.00985681000067736
2,XYt,675,46,0.03412134177502815,0.009817741474284554
2,XYt,676,46,0.03249802388045535,0.009813730612363186
2,XYt,677,46,0.0305577716453095,0.009770096634367136
2,XYt,678,46,0.028443872281419515,0.009715078333511094
2,XYt,679,46,0.0267980191976415,0.009714956494806352
2,XYt,680,46,0.025620527680111353,0.009712279276598066
2,XYt,681,46,0.024542903876222738,0.009648545742835128
2,XYt,682,46,0.02380866632730414,0.009610604507845002
2,XYt,683,46,0.023225527434490908,0.009584956161893638
2,XYt,684,46,0.02276162597649835,0.009546977034115918
2,XYt,685,45,0.02346838371893747,0.00995569449100097
2,XYt,686,45,0.023192917143097836,0.009925156040656139
2,XYt,687,45,0.023038336269966295,0.009907277838636012
2,XYt,688,45,0.02303945151601672,0.00992442983246347
2,XYt,689,45,0.02303093904664899,0.009930021249091639
2,XYt,690,45,0.02306412298723427,0.009932658656139022
2,XYt,691,45,0.023254555780965993,0.009990159793315969
2,XYt,692,45,0.023294760507548005,0.009992495162521887
2,XYt,693,46,0.022220442386044852,0.009536864384486267
2,XYt,694,46,0.022236757922055976,0.009538122243013454
2,XYt,695,46,0.02223649277641825,0.009543143013475332
2,XYt,696,46,0.022187884237427142,0.00953185751991176
2,XYt,697,45,0.023195037786471216,0.009970710413835624
2,XYt,698,45,0.023161252990480385,0.009968879774331607
2,XYt,699,45,0.023114715104820723,0.00995300392180835
2,XYt,700,45,0.023108519864235143,0.009940450747765535
2,XYt,701,45,0.02302874971729348,0.009923743329898297
2,XYt,702,45,0.02299718569983258,0.009906956475143728
2,XYt,703,45,0.0229267769990224,0.009897241250539405
2,XYt,704,45,0.022911805840544423,0.009887436275860884
2,XYt,705,45,0.02292534233764203,0.009879799283360633
2,XYt,706,45,0.02299552591002819,0.00989042353984391
2,XYt,707,45,0.023196744803834574,0.009919599687925346
2,XYt,708,45,0.02366179297378983,0.009998931512710653
2,XYt,709,46,0.02333434199537509,0.009724626861543842
2,XYt,710,46,0.02329731806402173,0.009939744914858707
2,XYt,711,47,0.022176545824167167,0.009830282852231368
2,XYt,712,48,0.021055140048176,0.009738315959522296
2,XYt,713,47,0.02128020433488672,0.00980793270053623
2,XYt,714,47,0.02049828267299847,0.009639546772705869
2,XYt,715,47,0.020170870512712647,0.009616451114417304
2,XYt,716,46,0.0206332399240674,0.009867895277197246
2,XYt,717,46,0.02002171249548991,0.009535825123193235
2,XYt,718,45,0.020258654935042565,0.009796811076605232
2,XYt,719,44,0.02037706279579583,0.009946788422416026
2,XYt,720,44,0.020590512662778924,0.00982741325592544
2,XYt,721,44,0.021222336048883916,0.009892945538697994
2,XYt,722,44,0.021412488601948956,0.00988801586456932
2,XYt,723,45,0.02090443717411111,0.009551136727175379
2,XYt,724,45,0.021741665792977663,0.009921364215302243
2,XYt,725,46,0.02099989570413284,0.009653763616509775
2,XYt,726,46,0.020517564654026387,0.00974770827313154
2,XYt,727,47,0.019290987239982953,0.009961589930450846
2,YZt,0,14,0.2181976955852502,0.009973282671300994
2,YZt,1,32,0.0717346671601216,0.009793735086262658
2,YZt,2,35,0.061926911331498746,0.009511662483562174
2,YZt,3,36,0.058094197502877365,0.009693293054015053
2,YZt,4,38,0.05215448647253565,0.009486060479493946
2,YZt,5,38,0.04051018612631464,0.009857610768124903
2,YZt,6,42,0.04279702070794545,0.009817599820635202
2,YZt,7,45,0.041384916570789014,0.009739835954666638
2,YZt,8,44,0.04659123312699777,0.009841061904734435
2,YZt,9,43,0.0487605640389969,0.009957946650046333
2,YZt,10,43,0.049637880490652694,0.009745469545861562
2,YZt,11,43,0.05061973121554707,0.009935412196779934
2,YZt,12,43,0.0514415934747916,0.009736348770521144
2,YZt,13,43,0.05151658595074029,0.00992875216704325
2,YZt,14,43,0.0521437359502382,0.009893295054091129
2,YZt,15,43,0.0536081452868162,0.009884636455619995
2,YZt,16,44,0.052009785276914626,0.009591326254181425
2,YZt,17,44,0.052607642632753276,0.009625357226954975
2,YZt,18,44,0.052873090637089504,0.009745707763240765
2,YZt,19,44,0.0528265373336861,0.009850259087225033
2,YZt,20,44,0.05398025906317779,0.009862675768374225
2,YZt,21,44,0.05360755959140553,0.009951702665967923
2,YZt,22,45,0.051635198633225105,0.009548797794903781
2,YZt,23,45,0.05179268848505366,0.009601668843998783
2,YZt,24,45,0.052268418906053625,0.00973535940921046
2,YZt,25,45,0.05208066802628408,0.009708776963934343
2,YZt,26,45,0.05160814697440388,0.009772321667754854
2,YZt,27,46,0.05063643072645062,0.00957006582181552
2,YZt,28,45,0.052158709718205125,0.009901418541612604
2,YZt,29,46,0.04969866011401745,0.009646781006676368
2,YZt,30,46,0.049456778354641254,0.009579239474553343
2,YZt,31,46,0.049510666547394805,0.009695625620501958
2,YZt,32,46,0.04985907996300805,0.009790474017173303
2,YZt,33,46,0.04955711410179065,0.009776742473904039
2,YZt,34,46,0.04898968889952361,0.009733338529804014
2,YZt,35,47,0.047044985704778094,0.00960415266224703
2,YZt,36,47,0.04698543354267004,0.009675475477307783
2,YZt,37,47,0.04708019435804788,0.009782992022705063
2,YZt,38,47,0.046837013354534184,0.009862036914636519
2,YZt,39,47,0.046039005992899146,0.009922282835650836
2,YZt,40,47,0.04480568052066448,0.009956376212134351
2,YZt,41,47,0.04373232049864301,0.009981857666414382
2,YZt,42,48,0.04117355067470325,0.009577023075727095
2,YZt,43,48,0.03993506954347702,0.009586512290604868
2,YZt,44,48,0.03872107508515985,0.009598584679458743
2,YZt,45,48,0.037332427872693155,0.009593335455704807
2,YZt,46,48,0.03672602616738082,0.009728071952595835
2,YZt,47,48,0.03579331973662366,0.009800658265793676
2,YZt,48,48,0.03494146248607997,0.009874912948291467
2,YZt,49,48,0.03407186325209829,0.00971328069854928
2,YZt,50,48,0.03311030107183699,0.009647598686301275
2,YZt,51,48,0.03230943043079599,0.009572670356362833
2,YZt,52,48,0.03221227697990296,0.009697808583154437
2,YZt,53,48,0.03265602325521389,0.009837035362514467
2,YZt,54,48,0.03268717719035706,0.00991278936037212
2,YZt,55,48,0.03214425344973147,0.00974953161506852
2,YZt,56,48,0.031875170754142874,0.00970774857592054
2,YZt,57,48,0.03269272847749737,0.00992488884270551
2,YZt,58,48,0.03286745491537908,0.009992576813208264
2,YZt,59,48,0.032284163260696434,0.009822942249727648
2,YZt,60,48,0.032828132825482095,0.009911190370624995
2,YZt,61,49,0.03135072911589854,0.009579130822370208
2,YZt,62,49,0.030852607962409812,0.009533270349476809
2,YZt,63,49,0.031484789159124955,0.009684290831376126
2,YZt,64,49,0.02957647370228901,0.009849305532391278
2,YZt,65,50,0.02599073928806419,0.00959973289154127
2,YZt,66,50,0.025380670502538984,0.009960980895382282
2,YZt,67,49,0.02274971263366149,0.009858430490948799
2,YZt,68,49,0.020095962474081876,0.009631992964663386
2,YZt,69,48,0.019365067310631603,0.009954358155238404
2,YZt,70,48,0.017785608700666738,0.009728614628373482
2,YZt,71,48,0.01714372528683953,0.009969365510952127
2,YZt,72,47,0.01639741724384557,0.00994030899008794
2,YZt,73,48,0.015365103566474764,0.009850264186200608
2,YZt,74,47,0.01488899642226718,0.009834473036094474
2,YZt,75,48,0.014149823300400774,0.009691561687312139
2,YZt,76,47,0.013877289115158179,0.009780781855320062
2,YZt,77,48,0.01320816412193521,0.009599700336533557
2,YZt,78,47,0.013227929836160099,0.009832265359545452
2,YZt,79,48,0.012501500891872819,0.009489917797297595
2,YZt,80,48,0.012312809323264522,0.009518134456443646
2,YZt,81,48,0.012183070814980301,0.00954878756720868
2,YZt,82,48,0.012222141493231637,0.009688338805742065
2,YZt,83,47,0.012575329026986944,0.009986694245750022
2,YZt,84,48,0.012439938441497074,0.00993454602186164
2,YZt,85,48,0.012243006889155002,0.009790387374872062
2,YZt,86,48,0.012406788615117953,0.009944515385674566
2,YZt,87,49,0.012019940131878917,0.009692014855069809
2,YZt,88,49,0.011725480950973647,0.009507260762948009
2,YZt,89,49,0.012167795903797584,0.00985431533800984
2,YZt,90,49,0.012214498423777887,0.009885744669134526
2,YZt,91,49,0.011982193168824432,0.009783525377570691
2,YZt,92,50,0.011640028719954424,0.00958116209392657
2,YZt,93,50,0.011786764760158266,0.00970101508749067
2,YZt,94,50,0.011528260319271564,0.009613253731228186
2,YZt,95,50,0.011739522941906905,0.009771008115182025
2,YZt,96,51,0.011410565359848197,0.00953550247796235
2,YZt,97,50,0.011840236241778532,0.009841552985903224
2,YZt,98,50,0.011746471828623851,0.009900550520023027
2,YZt,99,51,0.011449923242076929,0.009692405817595928
2,YZt,100,51,0.011611836466063787,0.009770566036472625
2,YZt,101,51,0.011421487748851886,0.009549852065393776
2,YZt,102,51,0.011543981213894532,0.009819906269836719
2,YZt,103,51,0.011827751686237748,0.009994979122371671
2,YZt,104,52,0.011482973638809823,0.009693946482509787
2,YZt,105,52,0.011385145530225403,0.009545885966028185
2,YZt,106,51,0.01197743770656954,0.009883133987141276
2,YZt,107,52,0.011558557390426268,0.009767088109888316
2,YZt,108,53,0.011387218069830183,0.009491182935996358
2,YZt,109,53,0.012004648288716023,0.009784171068831267
2,YZt,110,53,0.012273818402586305,0.009790066449668462
2,YZt,111,53,0.012400523993748393,0.009719564736592877
2,YZt,112,53,0.012502798128034284,0.009596582101476948
2,YZt,113,53,0.012638213146953233,0.00951452965113515
2,YZt,114,54,0.012173748071216295,0.009900912392818472
2,YZt,115,54,0.012294128994646393,0.009995479949516262
2,YZt,116,55,0.011745827043644966,0.009590104586562865
2,YZt,117,55,0.011770735704367262,0.009616190717817129
2,YZt,118,55,0.011667222129887867,0.009547256796062773
2,YZt,119,54,0.012149166429492224,0.009961371385769045
2,YZt,120,54,0.012004859689548038,0.009950237806597033
2,YZt,121,54,0.011856176983848051,0.009942902975982191
2,YZt,122,54,0.011587645322834425,0.009895563557857543
2,YZt,123,54,0.011328597418831783,0.009863301001449777
2,YZt,124,54,0.011102548241889935,0.009803031322286528
2,YZt,125,54,0.010927473582050597,0.009731620595717307
2,YZt,126,54,0.010749509439190553,0.009655387609074426
2,YZt,127,54,0.010694573456131793,0.009661372260290197
2,YZt,128,54,0.01076386257352624,0.00969564979520231
2,YZt,129,54,0.010788687807290575,0.009690723818180327
2,YZt,156,51,0.013892376865131775,0.00971600307451066
2,YZt,157,50,0.014430401017130544,0.009926801578561954
2,YZt,158,50,0.014381482491225098,0.009606928036972075
2,YZt,159,50,0.014537405702743608,0.009788282073286848
2,YZt,160,50,0.014170967534847086,0.009673097666877233
2,YZt,161,49,0.014299397835200494,0.009801391082316252
2,YZt,162,49,0.014381646472177068,0.009750363858367654
2,YZt,163,50,0.013817052017826317,0.009534816535263979
2,YZt,164,49,0.014024236462660187,0.009751569168729528
2,YZt,165,49,0.013617269003715213,0.009604279625401528
2,YZt,166,49,0.013734066117894211,0.009687937886319643
2,YZt,167,49,0.013402114512774135,0.009653685863795074
2,YZt,168,48,0.013462029031168166,0.009806617714992602
2,YZt,169,48,0.013437917658542712,0.009879272029884303
2,YZt,170,48,0.013133380159630488,0.009817357094742879
2,YZt,171,47,0.013152470404359002,0.009906074685799026
2,YZt,172,48,0.012696358902950877,0.00959751541062754
2,YZt,173,48,0.012585260198016491,0.009517068169760862
2,YZt,174,47,0.013328281561154,0.009967986107148382
2,YZt,175,48,0.013059285161190592,0.009663359679019249
2,YZt,176,47,0.013435024264960165,0.009753964466838658
2,YZt,177,48,0.013440702687858658,0.009548591485564353
2,YZt,178,48,0.013800807038928756,0.009545543666238514
2,YZt,179,48,0.014410136571801534,0.009663514450650426
2,YZt,180,48,0.0150077327213308,0.009710590317421677
2,YZt,181,48,0.015334461644347902,0.009546002011932599
2,YZt,130,54,0.010864529960069034,0.009683659227071066
2,YZt,131,54,0.010821699394926422,0.009570881600715462
2,YZt,132,53,0.011421933934179972,0.009981948796638296
2,YZt,133,53,0.011438775503943482,0.009923310361240792
2,YZt,134,53,0.011525062303695911,0.009943546736511686
2,YZt,135,53,0.01162232305314036,0.009966435169562238
2,YZt,136,53,0.011669466274481927,0.00994362194208476
2,YZt,137,53,0.011766651510895872,0.00991289013312762
2,YZt,138,53,0.011872742586271691,0.009923324983168816
2,YZt,139,54,0.011422095007529004,0.009536516084518326
2,YZt,140,54,0.011667540788173765,0.009654069996576184
2,YZt,141,54,0.011835860935838383,0.00975365092568073
2,YZt,142,54,0.011883648552554553,0.00984302778331337
2,YZt,143,54,0.011740627877882054,0.009794075834379828
2,YZt,144,54,0.011504122791755509,0.009672631496748553
2,YZt,145,53,0.011886662465230811,0.009977128934735721
2,YZt,146,51,0.012998453567511831,0.009942900730885617
2,YZt,147,51,0.01292837848865192,0.009977281076411807
2,YZt,148,52,0.012332922184221287,0.0095807395060875
2,YZt,149,52,0.0125728053420956,0.009780639209913506
2,YZt,150,52,0.012687526676402616,0.009896093665269863
2,YZt,151,52,0.012530480339924158,0.009762044401770592
2,YZt,152,52,0.012433045669690708,0.009634152983236503
2,YZt,153,51,0.013276615025712332,0.009788665770163855
2,YZt,154,51,0.013743537791035149,0.009977566335801576
2,YZt,155,52,0.013399365771637653,0.009572255847244996
2,YZt,182,48,0.016764329094772875,0.009965663530201646
2,YZt,183,48,0.0171251165652387,0.009664990720374576
2,YZt,184,49,0.018336043786893397,0.009651888416433219
2,YZt,185,48,0.020207096786841742,0.009877771005344236
2,YZt,186,50,0.021259672349085892,0.009532127011666296
2,YZt,187,50,0.02501234425690535,0.009592664411166895
2,YZt,188,51,0.02833354992692425,0.009845574846440336
2,YZt,189,49,0.0317158107784477,0.009832983334453099
2,YZt,190,48,0.036820967158278636,0.00969697815989209
2,YZt,191,48,0.039494352466965275,0.009908108209405879
2,YZt,192,48,0.03905430192801061,0.009567590361469355
2,YZt,193,48,0.04055057864165075,0.009784537245822764
2,YZt,194,47,0.042469356796510954,0.009908053011229137
2,YZt,195,48,0.04200529807096537,0.009747293249324138
2,YZt,196,48,0.041904896722808914,0.009570995011218601
2,YZt,197,47,0.043112007178214645,0.009808598462456014
2,YZt,198,48,0.04309254146225202,0.009570615707583286
2,YZt,199,47,0.04506586692086005,0.0098071469397745
2,YZt,200,47,0.044282872343846404,0.009649939406385014
2,YZt,201,47,0.04551609295712225,0.009792211831412661
2,YZt,202,47,0.04607566251429019,0.009734235221409416
2,YZt,203,47,0.04570927016598259,0.009592103571572464
2,YZt,204,47,0.04672705200915732,0.009625530872738056
2,YZt,205,47,0.04803428760368681,0.009766842414502312
2,YZt,206,47,0.04897488196093545,0.00978805971605844
2,YZt,207,47,0.048485146763975806,0.009660145008450083
2,YZt,208,46,0.05092694759585774,0.009992263498803068
2,YZt,209,47,0.04989790641239695,0.00967085603670798
2,YZt,210,47,0.05108344516447863,0.009789759765309868
2,YZt,211,48,0.04922973706411167,0.009552125889567137
2,YZt,212,47,0.051877500190836916,0.009912758396470548
2,YZt,213,47,0.05233135274804282,0.009873879255829592
2,YZt,214,47,0.05200263366851905,0.009790405045403636
2,YZt,215,47,0.05220409380026906,0.009737746086431588
2,YZt,216,47,0.052548180390946726,0.009709792023810079
2,YZt,217,47,0.052506804724861564,0.00966451289909729
2,YZt,218,47,0.0520363873115798,0.009717768563250476
2,YZt,219,47,0.05198733429570636,0.0096844786911316
2,YZt,220,47,0.05245167984977463,0.009671115423072285
2,YZt,221,47,0.052576803786822474,0.00964869305952695
2,YZt,222,47,0.052110190046800564,0.009592134988765282
2,YZt,223,46,0.054131532379828054,0.00995735314106451
2,YZt,224,46,0.05397933801909525,0.00990503973802711
2,YZt,225,46,0.053499592263072736,0.009578454121650756
2,YZt,226,46,0.05394573737019831,0.009667614996034291
2,YZt,227,46,0.054231529733652827,0.009712267152491287
2,YZt,228,46,0.05354066776864408,0.009564105435271654
2,YZt,229,45,0.05575113785739218,0.009919257569444638
2,YZt,230,45,0.05513248930256072,0.009878507705278388
2,YZt,231,45,0.055787474926521745,0.009763355159142091
2,YZt,232,45,0.056002800562677785,0.009823435941012294
2,YZt,233,45,0.05478620905719976,0.00964115863111791
2,YZt,234,45,0.055298123999458854,0.009607593728794394
2,YZt,235,45,0.05487104671920976,0.009589086168827012
2,YZt,236,44,0.05688642903798945,0.009887037333830862
2,YZt,237,44,0.0569905612231204,0.009903613056803637
2,YZt,238,44,0.05603219029632876,0.00984285995899545
2,YZt,239,44,0.05601148625171675,0.009697529481398558
2,YZt,240,44,0.05453491594402561,0.00971584224632207
2,YZt,241,44,0.05450491442295814,0.009579228405486508
2,YZt,242,43,0.0567997649005805,0.009964028218840947
2,YZt,243,43,0.05625087087174574,0.009967493416669693
2,YZt,244,43,0.05445879340701915,0.00967603581017995
2,YZt,245,43,0.0535239448441272,0.009785982997740186
2,YZt,246,43,0.052588155844549914,0.009780679721420486
2,YZt,247,43,0.05230132497385526,0.009595335803248272
2,YZt,248,43,0.05153601989360309,0.009808007864879037
2,YZt,249,43,0.05090205578964351,0.009744446748345575
2,YZt,250,43,0.049779374002269575,0.009881964489634302
2,YZt,251,44,0.04724711067357824,0.0096641851953201
2,YZt,252,45,0.04185027894529605,0.009524293537590432
2,YZt,253,42,0.0434324516081373,0.009683371072736875
2,YZt,254,38,0.041355480399298414,0.009819281115346053
2,YZt,255,37,0.056063714693277686,0.009997609161839035
2,YZt,256,36,0.059172659338845544,0.009726752424307082
2,YZt,257,35,0.0630498538803591,0.009636164548356002
2,YZt,258,32,0.0719117786232283,0.00985220500453197
2,YZt,259,15,0.20775013536005227,0.009444837233749245
2,XZt,0,15,0.2115820266336489,0.009949977563997797
2,XZt,1,32,0.07248951826093065,0.009522454084688698
2,XZt,2,33,0.06575165120271126,0.009946026536878993
2,XZt,3,35,0.05635333726780978,0.009498009070200627
2,XZt,4,36,0.05190635182053817,0.009688037541691046
2,XZt,5,37,0.03960286473030046,0.009734168717706935
2,XZt,6,41,0.04306272300314318,0.009764106778811543
2,XZt,7,43,0.04412656825965959,0.009825654120980219
2,XZt,8,43,0.046565412827832255,0.009933691569108973
2,XZt,9,43,0.04661149069838866,0.009702602124980484
2,XZt,10,43,0.047432025074759986,0.009532426470538084
2,XZt,11,43,0.04904491353867061,0.009836806732076257
2,XZt,12,43,0.050794018738535646,0.009776544970539649
2,XZt,13,44,0.04951190328263671,0.00962971018180167
2,XZt,14,44,0.05008533443826121,0.009639639054878689
2,XZt,15,44,0.05205834980347992,0.009670903932822873
2,XZt,16,44,0.05376671048607279,0.009978414235172034
2,XZt,17,45,0.05246864200157156,0.009566582089058074
2,XZt,18,45,0.053613801059225516,0.00974119094901228
2,XZt,19,45,0.053844939622030526,0.009864144013166562
2,XZt,20,45,0.05557639974523432,0.009928582981319429
2,XZt,21,46,0.05364988261566194,0.00965179330254453
2,XZt,22,46,0.05440333501648178,0.009673092762976716
2,XZt,23,46,0.0551317051423736,0.00979120645598944
2,XZt,24,46,0.055204409009723156,0.009765956717044433
2,XZt,25,46,0.05630380246896906,0.00982386484713075
2,XZt,26,46,0.05614892766794298,0.009900064620170552
2,XZt,27,47,0.05507440016654837,0.009631730496790983
2,XZt,28,46,0.056725829206248655,0.009853921171557844
2,XZt,29,47,0.05490992509905237,0.009674522865786342
2,XZt,30,47,0.05519702447417484,0.009588508241403297
2,XZt,31,47,0.055163706178866456,0.00958567892075434
2,XZt,32,47,0.0560009319608313,0.009693161787295184
2,XZt,33,47,0.055661576616454524,0.009588681390484468
2,XZt,34,46,0.05775596914404599,0.009904762531695267
2,XZt,35,47,0.055440065311034264,0.00972124059772027
2,XZt,36,47,0.05562491829314112,0.009747516536504186
2,XZt,37,47,0.05577579754905471,0.009745590945830478
2,XZt,38,47,0.056204215709219255,0.009800967456136726
2,XZt,39,47,0.05572104937512768,0.009723193395116882
2,XZt,40,47,0.0548573709262002,0.009642005437677783
2,XZt,41,47,0.055048947312563774,0.00971800343982051
2,XZt,42,47,0.05530832315414452,0.009635382387287584
2,XZt,43,47,0.0552193835642475,0.009682075424894514
2,XZt,44,47,0.054497506766320813,0.009674849930996487
2,XZt,45,47,0.05432887180322778,0.009702544032136318
2,XZt,46,47,0.05461542045499033,0.00982571886954354
2,XZt,47,47,0.05401335106613588,0.009860318198313386
2,XZt,48,47,0.05340819226550055,0.009920429421100064
2,XZt,49,47,0.05311444113165058,0.009740666734654705
2,XZt,50,47,0.05207375902441378,0.009706997766626261
2,XZt,51,47,0.05106327227245316,0.009626166001164577
2,XZt,52,47,0.05074699818051354,0.009723697316197126
2,XZt,53,47,0.05158089212092795,0.009829505350462526
2,XZt,54,47,0.050891697245384934,0.009878039364826126
2,XZt,55,47,0.04948605749819324,0.009769519589584613
2,XZt,56,47,0.04846740392146546,0.009784460817488903
2,XZt,57,47,0.04914624748478343,0.009961901912743695
2,XZt,58,47,0.048071659829731626,0.009995709417115953
2,XZt,59,47,0.04617296853184117,0.009826007960993737
2,XZt,60,48,0.0445731394779607,0.00956257449001246
2,XZt,61,48,0.044380105391237136,0.009778709298377089
2,XZt,62,48,0.04193891247053574,0.00958229696020361
2,XZt,63,48,0.04228956162405766,0.009804695193692946
2,XZt,64,48,0.04144977270252064,0.009952930693536071
2,XZt,65,48,0.03967064835778471,0.00981380988349804
2,XZt,66,49,0.03797844946479012,0.009769596134804898
2,XZt,67,49,0.035855764977350914,0.00962521430745777
2,XZt,68,49,0.03456681439237514,0.009910891939044894
2,XZt,69,50,0.03150776927073377,0.009541003159587988
2,XZt,70,50,0.029156529867756655,0.009528589582146843
2,XZt,71,50,0.027835632440000806,0.009784893143037236
2,XZt,72,50,0.02556894098485168,0.009567012593836145
2,XZt,73,50,0.024742796940340796,0.009867984179752098
2,XZt,74,50,0.022786220768841823,0.009583753713666428
2,XZt,75,50,0.022405755172324238,0.009854232088650132
2,XZt,76,50,0.020767792871280534,0.009595862431976996
2,XZt,77,50,0.020515694694316404,0.009853414848411804
2,XZt,78,50,0.019269295441176434,0.009662394899214794
2,XZt,79,50,0.01878469637217362,0.009720545945571122
2,XZt,80,50,0.01812023256060513,0.009724392891003512
2,XZt,81,50,0.017494455922026992,0.009675296094719251
2,XZt,82,50,0.01727605706283583,0.009792072202109963
2,XZt,83,50,0.016389996603769483,0.00960334174355836
2,XZt,84,50,0.016579071404450616,0.009880850204155966
2,XZt,85,50,0.016004965206110916,0.009776430234094045
2,XZt,86,50,0.015875936358128756,0.009833642236041195
2,XZt,87,51,0.01512639793602089,0.009508888061249611
2,XZt,88,50,0.015397236998776013,0.009888675219002987
2,XZt,89,51,0.01484202498509889,0.009650145862225058
2,XZt,90,51,0.01474694903136422,0.009712803241899074
2,XZt,91,51,0.014393273284031262,0.009659567866019052
2,XZt,92,51,0.014534416306845684,0.00987179910922589
2,XZt,93,51,0.014436388485298522,0.009902112340512591
2,XZt,94,51,0.013967965815895465,0.009855827862072026
2,XZt,95,52,0.013287414611622804,0.00949918295169241
2,XZt,96,52,0.013357348109903943,0.009660461295606328
2,XZt,97,51,0.013614812203867108,0.00998145120430315
2,XZt,98,52,0.012535889396047719,0.009519246937841888
2,XZt,99,52,0.012614929905020101,0.009704495991267366
2,XZt,100,52,0.012487677028949538,0.009730019364073715
2,XZt,101,51,0.012694263517079406,0.00997960486404894
2,XZt,102,52,0.011741623771919556,0.009639187766966206
2,XZt,103,52,0.011692397455378426,0.009733442880516736
2,XZt,104,52,0.011627351181903969,0.009809858626447168
2,XZt,105,52,0.011268063474630049,0.009601648501234381
2,XZt,106,51,0.011481685528345642,0.009850626206720168
2,XZt,107,52,0.010684400071473437,0.009653525153596887
2,XZt,108,52,0.010703309297214483,0.009763579793744271
2,XZt,109,52,0.010754928862096617,0.009900814880111576
2,XZt,110,52,0.010513896443723416,0.009754197899695687
2,XZt,111,52,0.010248318386761004,0.00957149557571286
2,XZt,112,51,0.010576251112917786,0.009881738592950953
2,XZt,113,51,0.010386654321552103,0.009771697466745286
2,XZt,114,53,0.009372192959183841,0.009817554345515024
2,XZt,115,53,0.009413592092032456,0.009922912186611323
2,XZt,116,53,0.009442813667103412,0.009999715597410572
2,XZt,117,54,0.008923103258470667,0.009545648608298556
2,XZt,118,53,0.009339818389797349,0.009947131277115813
2,XZt,119,53,0.009164956779819603,0.009821275219172294
2,XZt,120,53,0.009002575468045936,0.009737898529604497
2,XZt,121,53,0.008859561879091357,0.00964685765804638
2,XZt,122,53,0.008762931305874138,0.009577690846076549
2,XZt,123,53,0.00866593899867583,0.009557630141692974
2,XZt,124,53,0.008656616404499226,0.009598151811457718
2,XZt,125,53,0.008646784879636214,0.009597299972554032
2,XZt,126,53,0.008629836087285535,0.009570386835320122
2,XZt,127,53,0.008611276992653134,0.00958720821389657
2,XZt,128,53,0.008676684690611667,0.009671086282125747
2,XZt,129,53,0.008721593848321793,0.009720315149325523
2,XZt,130,53,0.008769903705017163,0.009761091948683874
2,XZt,131,53,0.008760677458113854,0.009720862850890733
2,XZt,132,53,0.008725414839764549,0.009641832667395567
2,XZt,133,53,0.008755197402549732,0.009626640218524057
2,XZt,134,53,0.008837559289460667,0.009658952844966952
2,XZt,135,53,0.008889474134470667,0.009697760244456382
2,XZt,136,53,0.008988808589178261,0.009687711497764711
2,XZt,137,53,0.0091016876974784,0.009725865371203605
2,XZt,138,53,0.00927795937258386,0.009813008044078518
2,XZt,139,53,0.0094310334328007,0.009904911840947737
2,XZt,140,53,0.009596610665947063,0.009980167972519499
2,XZt,141,54,0.009266805059983318,0.009602355532320202
2,XZt,142,54,0.0093741913337238,0.00966600027471912
2,XZt,143,54,0.009383967960737311,0.009640392505188732
2,XZt,144,54,0.009377316766060512,0.009572840002597638
2,XZt,145,53,0.009872542556369358,0.00991320426732204
2,XZt,146,51,0.011054531463902385,0.00990192635532479
2,XZt,147,51,0.011225475837599516,0.009964556924199114
2,XZt,148,52,0.010924393027223136,0.009612980011775404
2,XZt,149,52,0.011333345452250766,0.009814244327988273
2,XZt,150,52,0.011584026649752499,0.009872387586457535
2,XZt,151,52,0.011721186416996925,0.009804661611670564
2,XZt,152,52,0.011746859420688933,0.009647917409285951
2,XZt,153,51,0.012730444394943433,0.00981658396993457
2,XZt,154,52,0.012579055037712986,0.009553123127988214
2,XZt,155,52,0.013139606004923155,0.009782996586292485
2,XZt,156,52,0.01329260088412554,0.00967151040407294
2,XZt,157,52,0.013455255762838816,0.009597218273450382
2,XZt,158,51,0.014651657410065752,0.00996178538970492
2,XZt,159,52,0.014605953465809817,0.009761332643382997
2,XZt,160,52,0.014977326029021222,0.009800227774596021
2,XZt,161,52,0.01495730544861245,0.009625385926557583
2,XZt,162,52,0.015620190334744757,0.009664375178246799
2,XZt,163,52,0.016442091452977613,0.009963488843259245
2,XZt,164,52,0.016618368921407084,0.00988121731664711
2,XZt,165,52,0.01691381383866215,0.009875106788902452
2,XZt,166,53,0.016773074762146324,0.009503199079066094
2,XZt,167,53,0.017108291024527086,0.00954999611271703
2,XZt,168,52,0.01813245561229248,0.009953101708186368
2,XZt,169,53,0.017800727199506275,0.009539378707145439
2,XZt,170,53,0.01819453713238815,0.009600317700196518
2,XZt,171,52,0.019144450903352372,0.009952937982745052
2,XZt,172,53,0.01883110104810681,0.009566570713669117
2,XZt,173,52,0.01976502152168436,0.009937659854939131
2,XZt,174,52,0.019648309558133067,0.009784370699731265
2,XZt,175,52,0.01993760583032907,0.009813304334219302
2,XZt,176,51,0.02024204622681852,0.009958887000729435
2,XZt,177,51,0.02054646489393277,0.00999605667923156
2,XZt,178,51,0.01989803650271877,0.009705306220796489
2,XZt,179,51,0.01956940669717859,0.009540792879655357
2,XZt,180,50,0.020454057356656195,0.009940168633960014
2,XZt,181,50,0.019833955599202455,0.009676260741680508
2,XZt,182,50,0.02010040481846449,0.009739811889638546
2,XZt,183,49,0.020362487064581505,0.009837438147629921
2,XZt,184,50,0.019874653119005048,0.009540600728293132
2,XZt,185,49,0.020359644980871082,0.00971073226772842
2,XZt,186,49,0.021097428120862478,0.009987543046496567
2,XZt,187,49,0.020656985792051975,0.009574264387698388
2,XZt,188,49,0.021466725464949345,0.009817921551093636
2,XZt,189,49,0.02139684230308924,0.00954491749771129
2,XZt,190,49,0.022195353541992962,0.009615960608868534
2,XZt,191,49,0.022695985208530285,0.00959891782044959
2,XZt,192,48,0.024281110956732414,0.00986327157960548
2,XZt,193,49,0.024101179446649863,0.009535867377029559
2,XZt,194,48,0.0251098931935258,0.009600243293120956
2,XZt,195,48,0.026391763845039606,0.009811279601393061
2,XZt,196,48,0.026720632326482443,0.009650618033839403
2,XZt,197,47,0.02782818109717772,0.009916959032953683
2,XZt,198,48,0.027672163609577416,0.00967323641738512
2,XZt,199,48,0.027782406645558082,0.009585068474302126
2,XZt,200,47,0.028767499405218694,0.009950421206236782
2,XZt,201,48,0.028205115753825883,0.009665823314421744
2,XZt,202,48,0.02844980514384222,0.009675162853409257
2,XZt,203,48,0.028095229603561773,0.009600642352446698
2,XZt,204,48,0.028242037553655328,0.009586605141509445
2,XZt,205,48,0.028934719073636747,0.009779046004634485
2,XZt,206,48,0.028890481029112583,0.00971085582602286
2,XZt,207,48,0.02851248306617019,0.00966617059233726
2,XZt,208,48,0.02830280506038817,0.009551125917687963
2,XZt,209,48,0.028783317039294973,0.009660113812443472
2,XZt,210,48,0.029111800140553565,0.009717431456638653
2,XZt,211,48,0.029461838159885907,0.009872764623076206
2,XZt,212,48,0.029587580706018465,0.00978697693521204
2,XZt,213,48,0.030197675637038464,0.009797384121614414
2,XZt,214,48,0.03087141269339871,0.009775383844071076
2,XZt,215,48,0.03209569588854318,0.009779297670723592
2,XZt,216,48,0.03396622736035453,0.0098540735164955
2,XZt,217,48,0.0361139291885853,0.009887350596120073
2,XZt,218,48,0.038342112158404384,0.009982918750842444
2,XZt,219,49,0.03895692900830264,0.009538461064665308
2,XZt,220,49,0.04185794383193462,0.00961530188067769
2,XZt,221,49,0.043956553666592665,0.009604905410110953
2,XZt,222,49,0.04568869959811406,0.009582536904450392
2,XZt,223,48,0.04863546475318031,0.009853419379383065
2,XZt,224,48,0.049316884203302554,0.009712579156678341
2,XZt,225,47,0.051636299522626966,0.009780049206414138
2,XZt,226,47,0.05286926590518862,0.009860797001549449
2,XZt,227,47,0.05323774582468055,0.009883958933283803
2,XZt,228,47,0.052713323994414085,0.009709931686824288
2,XZt,229,47,0.052512506539059686,0.009571222119728507
2,XZt,230,47,0.05225139112034562,0.00960512183962291
2,XZt,231,46,0.05409177134507843,0.009785513650810299
2,XZt,232,46,0.055155922912532525,0.00998031894952829
2,XZt,233,46,0.05328931211745476,0.009709364401102089
2,XZt,234,46,0.053724195153648895,0.009666485527688728
2,XZt,235,46,0.05322499157954519,0.009657317027696934
2,XZt,236,46,0.052776129201281156,0.009612111488698998
2,XZt,237,45,0.05460395271783288,0.009923289553075306
2,XZt,238,45,0.053393248557106414,0.009858546537360095
2,XZt,239,45,0.05338073139654851,0.009720237067763062
2,XZt,240,45,0.05206240227487716,0.009707673842528897
2,XZt,241,45,0.0518186973222989,0.009577597326069517
2,XZt,242,44,0.05344622650849022,0.009945505824479436
2,XZt,243,44,0.052372099852824455,0.009841353947874667
2,XZt,244,44,0.05127897624825391,0.009635574965230483
2,XZt,245,44,0.04976016573847064,0.009685722737848252
2,XZt,246,44,0.04903129801002688,0.009670110731054171
2,XZt,247,43,0.05082698429017058,0.009904753516724953
2,XZt,248,44,0.047646667573397194,0.009648024708393607
2,XZt,249,43,0.04889542572904258,0.009884476112861931
2,XZt,250,44,0.04542704871471315,0.009542534641503089
2,XZt,251,44,0.044433829879884194,0.00959639426567311
2,XZt,252,44,0.04197650958789123,0.009608310777153666
2,XZt,253,41,0.043088514088355255,0.009860321028188044
2,XZt,254,37,0.03932151353752822,0.009765358397239339
2,XZt,255,36,0.049608323079535006,0.009630402983478024
2,XZt,256,34,0.05598655779184192,0.009971867432574015
2,XZt,257,33,0.060928942799107405,0.009955274179541344
2,XZt,258,32,0.06655734208979543,0.00961644490490806
2,XZt,259,15,0.19823208835381426,0.009516584094229476
3,XYt,0,63,0.0031130855900844585,0.009642906571177392
3,XYt,1,62,0.003271150426473146,0.00997745447034625
3,XYt,2,62,0.002917607224886567,0.009545099915191944
3,XYt,3,60,0.002881568427470576,0.009961002073015352
3,XYt,4,59,0.0027068559491417016,0.009906447792601117
3,XYt,5,58,0.002557391083748523,0.00990184519705716
3,XYt,6,58,0.0023479872635422338,0.009653742574201209
3,XYt,7,58,0.0022560535820499604,0.009652071587530812
3,XYt,8,58,0.0022199190314411525,0.009647701939818652
3,XYt,9,58,0.002255810711483215,0.009751758307662579
3,XYt,10,58,0.0023116139272516944,0.009870172502297105
3,XYt,11,58,0.0023177925316008536,0.009909633528789397
3,XYt,12,58,0.002306786981831378,0.009905428771634538
3,XYt,13,58,0.0022666742689219244,0.009878911567532489
3,XYt,14,58,0.0022067895084782944,0.0098306397046693
3,XYt,15,58,0.002075890024659579,0.009745402431644724
3,XYt,16,58,0.0017716870742686712,0.009573934177732963
3,XYt,17,58,0.0016910910265560805,0.009712161022815703
3,XYt,18,58,0.001758348515815535,0.009634632599804068
3,XYt,19,57,0.0019383020447814303,0.009998939326513703
3,XYt,20,57,0.0020497880649144925,0.009994205387226458
3,XYt,21,58,0.0020230865409691665,0.009560759504898486
3,XYt,22,58,0.0021040214017959305,0.009567305011033377
3,XYt,23,57,0.0022985287257052634,0.009998360697881455
3,XYt,24,57,0.002318819196436569,0.00995755266266751
3,XYt,25,57,0.0023073775036095427,0.009884023638672744
3,XYt,26,57,0.002270909422695173,0.009796169864441385
3,XYt,27,57,0.0022303066819632767,0.009704419105079052
3,XYt,28,57,0.002202669875005346,0.009624278001806028
3,XYt,29,57,0.0022059515884070425,0.009558912473740843
3,XYt,30,56,0.002372641186924616,0.00994649739901655
3,XYt,31,56,0.002436840766906564,0.009899860557669409
3,XYt,32,56,0.0025423493761871445,0.009856564277034017
3,XYt,33,56,0.0026890531856311644,0.00980376879996477
3,XYt,34,56,0.0028895702305496915,0.009735767547264148
3,XYt,35,56,0.003155248734662242,0.009640703304376556
3,XYt,36,55,0.003776483466066206,0.00998267417473472
3,XYt,37,55,0.00441463895196125,0.009882833917783907
3,XYt,38,55,0.005329306799020908,0.009780325211514585
3,XYt,39,55,0.006675806264325013,0.009698524428049995
3,XYt,40,55,0.008593003774653125,0.009616545765412324
3,XYt,41,54,0.011943032686166326,0.009992441603330368
3,XYt,42,54,0.01573957464994364,0.009847898601301301
3,XYt,43,54,0.020800151886002864,0.009695846298744606
3,XYt,44,54,0.02604653343131743,0.009530806645909693
3,XYt,45,53,0.032596694824471535,0.009873030461979713
3,XYt,46,53,0.03651526456367458,0.00986394599675428
3,XYt,47,53,0.03757632189056634,0.009866100993614891
3,XYt,48,53,0.03747036167196651,0.009769670394520091
3,XYt,49,53,0.037573525280532025,0.009653342761623543
3,XYt,50,52,0.03967575869307641,0.009964896423379032
3,XYt,51,52,0.039365039502940846,0.009669098950911784
3,XYt,52,51,0.040375042233837505,0.009704566436193123
3,XYt,53,50,0.04056294400243481,0.00960365042952835
3,XYt,54,48,0.0419663903112579,0.00994305631487848
3,XYt,55,47,0.04044209738567089,0.009810108762543788
3,XYt,56,46,0.03829976108474947,0.009773571434773878
3,XYt,57,45,0.036317911542874816,0.009911540143522045
3,XYt,58,45,0.03301672598058099,0.00960550024546574
3,XYt,59,45,0.030956203097131752,0.009505286970830031
3,XYt,60,44,0.03121765473087011,0.009998287634356411
3,XYt,61,45,0.02895800156865179,0.009486085482409656
3,XYt,62,45,0.028700769256161683,0.009572569616557388
3,XYt,63,45,0.028757526550053727,0.009710430893834065
3,XYt,64,45,0.028912105529131725,0.009867427733849025
3,XYt,65,46,0.027607186382875844,0.009486878187747651
3,XYt,66,46,0.027850930379116505,0.0096964264617137
3,XYt,67,46,0.027984618446629722,0.0098921170544048
3,XYt,68,47,0.026491605272622787,0.009457599255154079
3,XYt,69,47,0.026401403125112438,0.009534198617839898
3,XYt,70,47,0.026336346534613284,0.009594028324654138
3,XYt,71,47,0.02629550384686433,0.00965301618177569
3,XYt,72,47,0.02628573124008628,0.009731160498000433
3,XYt,73,47,0.026199223787267214,0.009793084042054324
3,XYt,74,47,0.0261075196285867,0.009837600107981586
3,XYt,75,47,0.02591358369359461,0.00981429942827776
3,XYt,76,47,0.025566750514595026,0.009708736267362052
3,XYt,77,47,0.025138294894711664,0.009601986592384506
3,XYt,78,47,0.024511646470516544,0.0094880442707456
3,XYt,79,46,0.025221510075415055,0.00999607515859771
3,XYt,80,46,0.024466798269455442,0.009875448515546717
3,XYt,81,46,0.023767558626039766,0.009705496663795832
3,XYt,82,46,0.023310458891755346,0.009636174046256486
3,XYt,83,46,0.02287842744030177,0.009578310560568732
3,XYt,84,46,0.022540854030790338,0.009567103300705326
3,XYt,85,46,0.02224737530364808,0.009557032794023689
3,XYt,86,46,0.021937303258739087,0.009550661857778434
3,XYt,87,46,0.02153390292704452,0.009530122941795578
3,XYt,88,46,0.02111517935755724,0.009533921223867498
3,XYt,89,46,0.020711150350197015,0.00953477509618934
3,XYt,90,46,0.020431533264173934,0.009553711899618218
3,XYt,91,46,0.020307411716204628,0.009573473496859301
3,XYt,92,46,0.02005118904532967,0.009519976385370239
3,XYt,93,46,0.01983030053141294,0.00946114753715034
3,XYt,94,45,0.020701479620326584,0.009961331889230656
3,XYt,95,45,0.02048125067537751,0.009864987914545962
3,XYt,96,45,0.02030100203205416,0.009791052619884062
3,XYt,97,45,0.020248821471688376,0.009820549057650231
3,XYt,98,45,0.020116684694008007,0.009829383510730785
3,XYt,99,45,0.020025820128382367,0.009862053551387976
3,XYt,100,45,0.01991365691590997,0.00991458870361894
3,XYt,101,45,0.019838922823977825,0.009947536560901107
3,XYt,102,45,0.019698791934287165,0.009951787511284248
3,XYt,103,45,0.019570093213130624,0.009951075023684992
3,XYt,104,45,0.019405008469287062,0.009923739393393442
3,XYt,105,45,0.019206979107380763,0.00985735493044999
3,XYt,106,45,0.019035712965934842,0.009752977636364643
3,XYt,107,45,0.018935083716001843,0.009676679792423804
3,XYt,108,45,0.01894152754717962,0.00963398748681004
3,XYt,109,45,0.018896274115703906,0.009578304035013877
3,XYt,110,45,0.018897148891532007,0.009549518965898937
3,XYt,111,45,0.01910884615543592,0.009614739923744271
3,XYt,112,45,0.019271825361276772,0.009652763246791934
3,XYt,113,45,0.019568729171474647,0.00970987047673818
3,XYt,114,45,0.019923651140638054,0.00981183405573039
3,XYt,115,45,0.020302739142437087,0.009928002894092297
3,XYt,116,46,0.01968343855178089,0.009507620641429265
3,XYt,117,46,0.020042550707200076,0.009538967548704896
3,XYt,118,46,0.020174953024540768,0.009482356201822908
3,XYt,119,46,0.020327528292798457,0.009457057727741483
3,XYt,120,46,0.02049182482108127,0.009477965188638188
3,XYt,121,46,0.020422407077771043,0.00944271930957506
3,XYt,122,45,0.02153455349622546,0.009983619574951686
3,XYt,123,45,0.021533227092224563,0.009973513712756791
3,XYt,124,45,0.021526711857160364,0.009968641123824803
3,XYt,125,46,0.020466339580614865,0.009439863910306262
3,XYt,126,46,0.020626352963563382,0.009472539131771622
3,XYt,127,46,0.02092878172779546,0.009535287219005243
3,XYt,128,46,0.021308568189438513,0.009611582034294372
3,XYt,129,46,0.021676047777406778,0.00964099626497188
3,XYt,130,46,0.021922753769436653,0.009604827959116838
3,XYt,131,46,0.022143644178554845,0.00954046426045489
3,XYt,132,46,0.022375766870990972,0.009476018333351476
3,XYt,133,46,0.022726686897335736,0.009451922209088892
3,XYt,134,46,0.02320885445019824,0.009469744289579673
3,XYt,135,46,0.023790688501215945,0.00950292189600071
3,XYt,136,46,0.024497878111714846,0.009579180458801946
3,XYt,137,46,0.024995377913470958,0.009622934382055344
3,XYt,138,46,0.025536103627299113,0.009684462844207072
3,XYt,139,46,0.026015827926670593,0.009728460031962238
3,XYt,140,46,0.026218384249728322,0.009776029673468654
3,XYt,141,46,0.026147496698681532,0.009782467081855485
3,XYt,142,46,0.02601802184456043,0.009746931570492964
3,XYt,143,46,0.025830209243138256,0.009702930371773742
3,XYt,144,46,0.025734200389490165,0.0097362670918334
3,XYt,145,46,0.02551473368890297,0.009694616963744277
3,XYt,146,46,0.0252867370246694,0.009636687266446843
3,XYt,147,46,0.02526681558011607,0.009640792854825499
3,XYt,148,46,0.02525482273587371,0.009618426811487545
3,XYt,149,46,0.025272472131737587,0.00961422350035791
3,XYt,150,46,0.02528948544531832,0.009561595455236646
3,XYt,151,46,0.02531781329871532,0.009486061185459528
3,XYt,152,46,0.02541695180237645,0.009462468304550678
3,XYt,153,46,0.025499856556430316,0.009449261831696767
3,XYt,154,45,0.027003489043659294,0.00998056391884507
3,XYt,155,45,0.026940015485426384,0.009925224525841396
3,XYt,156,45,0.02691787177362615,0.009922702857326392
3,XYt,157,45,0.026703365269102802,0.00992802847035773
3,XYt,158,45,0.026215404148867735,0.009879704781994963
3,XYt,159,45,0.02568639911142315,0.009900121384875449
3,XYt,160,45,0.025065177046633393,0.009825928049924807
3,XYt,161,45,0.02441846387516652,0.00969886880888008
3,XYt,162,45,0.023778486879251878,0.009601128932423597
3,XYt,163,45,0.023171058404245676,0.009529971274163985
3,XYt,164,45,0.022698518909919134,0.009499183186689195
3,XYt,165,45,0.022301045295376038,0.009484085099703452
3,XYt,166,44,0.023142778025072332,0.009969315130242996
3,XYt,167,44,0.022565494045030332,0.009833540537661068
3,XYt,168,44,0.022017578156827564,0.009726195816546448
3,XYt,169,44,0.021620378225859938,0.009615296134744279
3,XYt,170,44,0.021356032741036604,0.009563544496432493
3,XYt,171,44,0.02119065488872526,0.00956846578356708
3,XYt,172,44,0.021153049074004168,0.009607943750337128
3,XYt,173,44,0.02110193517187118,0.009615632120979815
3,XYt,174,44,0.021081213550125787,0.009612651305920934
3,XYt,175,44,0.021147375488405656,0.009647498671056309
3,XYt,176,44,0.02111865771713312,0.009626194060641467
3,XYt,177,44,0.021065998683322117,0.009610104122154524
3,XYt,178,44,0.02097038566422485,0.00959571918949801
3,XYt,179,44,0.02086676034131259,0.00958110553638643
3,XYt,180,44,0.020630005436208028,0.009524473537598246
3,XYt,181,44,0.02038836718324592,0.009482441892058237
3,XYt,182,44,0.02027264628827677,0.009466396487662568
3,XYt,183,44,0.020189950141275618,0.009475060628929655
3,XYt,184,44,0.02011345609925073,0.009457493926164188
3,XYt,185,44,0.020083466442116428,0.009446732621339018
3,XYt,186,43,0.021211018492460824,0.0099979094146323
3,XYt,187,43,0.02116287124427136,0.009975291808656047
3,XYt,188,43,0.02116549835896534,0.009994777221076332
3,XYt,189,44,0.0201518549154929,0.009485277472487008
3,XYt,190,44,0.02020216587774216,0.009504596087852835
3,XYt,191,44,0.02032098397676021,0.009553737251208123
3,XYt,192,44,0.020307004532961637,0.00952883942948355
3,XYt,193,44,0.020427224461248016,0.009537004063712313
3,XYt,194,44,0.020619031633598472,0.009538508045892067
3,XYt,195,44,0.020931880408000106,0.009561669404313824
3,XYt,196,44,0.02140238130696068,0.009623566434410716
3,XYt,197,44,0.02184280104933662,0.009731846536276744
3,XYt,198,44,0.022179451945430778,0.009816645196817696
3,XYt,199,44,0.02218647470335668,0.009784059102632189
3,XYt,200,44,0.02236714229583908,0.009832478600728285
3,XYt,201,44,0.02234977891041941,0.009885577570007666
3,XYt,202,44,0.022228053042774688,0.009893296182268014
3,XYt,203,44,0.022122456750399706,0.009876859037090088
3,XYt,204,44,0.022054603129689414,0.009832368546833186
3,XYt,205,44,0.022108496851650245,0.009835007514410016
3,XYt,206,44,0.022365544081805185,0.0099027367743174
3,XYt,207,44,0.022788030040792516,0.009989723390570771
3,XYt,208,45,0.02205074468229314,0.009472459125619385
3,XYt,209,45,0.022565511555363394,0.009575562908812882
3,XYt,210,45,0.022980361006462086,0.009647529040167434
3,XYt,211,45,0.023276052957598055,0.009685047319249938
3,XYt,212,45,0.023556554436273545,0.009712615527784865
3,XYt,213,45,0.023892889124971447,0.009747737929281164
3,XYt,214,45,0.024335774542834983,0.009771927334975526
3,XYt,215,45,0.024895740446106197,0.009834449032405448
3,XYt,216,45,0.02577527800549504,0.009986951240502853
3,XYt,217,46,0.02519533656633839,0.009554676848170322
3,XYt,218,46,0.026051788339506173,0.009800000164663389
3,XYt,219,47,0.025537445033749006,0.009472043412672392
3,XYt,220,47,0.026123241617934688,0.009597691827839816
3,XYt,221,47,0.026463451951140728,0.009697531495563716
3,XYt,222,47,0.026681603784361747,0.00974290358697837
3,XYt,223,47,0.02688761287902724,0.009776693783416274
3,XYt,224,47,0.026972264488076964,0.009753268025618695
3,XYt,225,47,0.02693895871606205,0.009675888506051108
3,XYt,226,47,0.02683175390138617,0.00956578595418295
3,XYt,227,47,0.026901895731213883,0.009474151895201299
3,XYt,228,46,0.02833353835268007,0.009868417031002809
3,XYt,229,46,0.028282506669616507,0.009706957637511546
3,XYt,230,46,0.028281830791096137,0.009575508241471619
3,XYt,231,45,0.02981880729479778,0.009970574067855328
3,XYt,232,45,0.029708489294594437,0.009756936599610008
3,XYt,233,45,0.029510192025895454,0.009502593846443417
3,XYt,234,44,0.030776552045340216,0.009749061543648841
3,XYt,235,43,0.032159473502678934,0.009988452786926312
3,XYt,236,43,0.0316737092204799,0.009645484783161845
3,XYt,237,42,0.032654458669545354,0.009811618659516182
3,XYt,238,42,0.0322147525021997,0.009620797193626643
3,XYt,239,42,0.03204375671365798,0.009552522752688346
3,XYt,240,42,0.032021470394899984,0.009517158942176572
3,XYt,241,42,0.03199365945581621,0.009507395887732877
3,XYt,242,42,0.03195070769621184,0.009507360962092856
3,XYt,243,42,0.03196302559195211,0.009546616125587626
3,XYt,244,42,0.031955948335302554,0.00953800920227141
3,XYt,245,42,0.03202433646992886,0.009553399497084922
3,XYt,246,42,0.0319553504637368,0.009536273694876737
3,XYt,247,42,0.03206508989090222,0.00958630184463006
3,XYt,248,42,0.032280283559175775,0.009664458908138211
3,XYt,249,42,0.032321942248644424,0.009682563157521888
3,XYt,250,42,0.03236625616692208,0.009704012926571798
3,XYt,251,42,0.03256831347532669,0.009771128169796639
3,XYt,252,42,0.03264254194446837,0.009794476112802633
3,XYt,253,42,0.0328359500096528,0.009842426834298972
3,XYt,254,42,0.03355737823714,0.009969870367577318
3,XYt,255,43,0.03252274571939261,0.009539345127140572
3,XYt,256,43,0.03210920217312447,0.00955496876679384
3,XYt,257,42,0.03040882632907463,0.009793207302147897
3,XYt,258,42,0.02562599253875293,0.009606747897249837
3,XYt,259,42,0.021494178214599553,0.009526680311970659
3,XYt,260,42,0.019109379546575156,0.009455294140942424
3,XYt,261,41,0.01915520683385611,0.009930541312302713
3,XYt,262,41,0.01920884922035173,0.009973727179337578
3,XYt,263,42,0.018562570621854846,0.009503337902461119
3,XYt,264,42,0.018743937055263792,0.009533405749527771
3,XYt,265,42,0.018703666747957686,0.009517866562051457
3,XYt,266,42,0.01870670014132589,0.009504739940321926
3,XYt,267,42,0.018704989277486258,0.00947689968219881
3,XYt,268,42,0.01877744154074247,0.009513234883667482
3,XYt,269,42,0.018875105991707424,0.009595193192682325
3,XYt,270,42,0.018900300218042863,0.009640303356245224
3,XYt,271,42,0.018932207932865857,0.009648199970676846
3,XYt,272,42,0.018880473742045253,0.009606592966254124
3,XYt,273,42,0.018908633984935287,0.009607072796919509
3,XYt,274,42,0.018987655199426287,0.00963862071792275
3,XYt,275,42,0.01906602186821009,0.009643976825479855
3,XYt,276,42,0.019095181360809822,0.009660617326789016
3,XYt,277,42,0.01907172284335776,0.009661536421202174
3,XYt,278,42,0.019046296396699695,0.009656806175281031
3,XYt,279,42,0.019010596955275762,0.00963461029932144
3,XYt,280,42,0.019018184581802437,0.00961836629554272
3,XYt,281,42,0.019071149663469587,0.009640646169945064
3,XYt,282,42,0.01908244384588101,0.00962590227286924
3,XYt,283,42,0.019175673892245535,0.009645388391094408
3,XYt,284,42,0.019217887434659152,0.009658097354606012
3,XYt,285,42,0.01921377983027539,0.009648978952758494
3,XYt,286,42,0.019249173739100196,0.009662013523290252
3,XYt,287,42,0.01922773371427203,0.009648008859436109
3,XYt,288,42,0.019221776920973363,0.009642788682006572
3,XYt,289,42,0.019184530845143908,0.009619781619137645
3,XYt,290,42,0.019208310717488887,0.009596101455469632
3,XYt,291,42,0.01914305334001425,0.009565515602114863
3,XYt,292,42,0.019221502352312812,0.009575854190727678
3,XYt,293,42,0.019151957693667548,0.009558940672252955
3,XYt,294,42,0.019196333087684172,0.00955518749549181
3,XYt,295,42,0.019200496777364236,0.009561704540139018
3,XYt,296,42,0.01920185796820501,0.00957416308177441
3,XYt,297,42,0.019288858956132415,0.009616910142735292
3,XYt,298,42,0.019374020807750813,0.009608810152734336
3,XYt,299,42,0.019245980295513002,0.009551686826287577
3,XYt,300,42,0.019292089221653392,0.009581660845916145
3,XYt,301,42,0.019296300393396307,0.00959923635754035
3,XYt,302,42,0.019357815692340644,0.009643756869966474
3,XYt,303,42,0.019313142080829238,0.00962983721366162
3,XYt,304,42,0.01941718500702645,0.009670825567730721
3,XYt,305,42,0.019322047783690125,0.009612566370030459
3,XYt,306,42,0.0194357398052036,0.00964366977753881
3,XYt,307,42,0.019398547331751972,0.009631197311554195
3,XYt,308,42,0.019460827991339223,0.009641031516891592
3,XYt,309,42,0.019462011092933985,0.009619232977519257
3,XYt,310,42,0.019598865779983835,0.009682809665836121
3,XYt,311,42,0.019558382825088916,0.009655758380961714
3,XYt,312,42,0.01959745592244328,0.009664895850911683
3,XYt,313,42,0.019660030413038515,0.009670924533849937
3,XYt,314,42,0.01967062426654368,0.009668002385118649
3,XYt,315,42,0.019738512196932474,0.009669359538715774
3,XYt,316,42,0.019637157481509064,0.00963980086496255
3,XYt,317,42,0.019708510949936735,0.009632260755637846
3,XYt,318,42,0.019584546283427935,0.009584602389583653
3,XYt,319,42,0.01977339684747676,0.00960449728922024
3,XYt,320,42,0.019760538723005018,0.009594629708995696
3,XYt,321,42,0.020022050724192435,0.009639023978096717
3,XYt,322,42,0.02014098662658103,0.009658087647134841
3,XYt,323,42,0.02056725698651365,0.009707869125417483
3,XYt,324,42,0.02097697610186014,0.009711315104281514
3,XYt,325,42,0.02527559905760698,0.009841466679879167
3,XYt,326,43,0.030919812680859603,0.00961990791192643
3,XYt,327,43,0.03275525828165299,0.009693248032033353
3,XYt,328,43,0.03317742121638346,0.009670325470381875
3,XYt,329,43,0.033557156133085,0.009632458262644077
3,XYt,330,43,0.0334854596692855,0.009553448566221917
3,XYt,331,43,0.03374804681914987,0.009533993748624722
3,XYt,332,42,0.03528276433344416,0.009966269983288206
3,XYt,333,42,0.03538165965672564,0.009943748555555723
3,XYt,334,42,0.03524887337679387,0.009896654702280006
3,XYt,335,42,0.035586683093624366,0.009917698561493929
3,XYt,336,42,0.035388050095294964,0.009903842060874565
3,XYt,337,42,0.03552694930733384,0.009936633700873434
3,XYt,338,42,0.03547525245081705,0.009954522754311955
3,XYt,339,43,0.03428186211960877,0.009621031479279254
3,XYt,340,43,0.03477535848819535,0.00991532784611371
3,XYt,341,44,0.03341043112690025,0.009657059813416009
3,XYt,342,44,0.03366265100357767,0.009876523631266327
3,XYt,343,45,0.03247993814437031,0.009664145234909976
3,XYt,344,45,0.032480386652352825,0.009857785700884952
3,XYt,345,45,0.032438090604572256,0.009986773261583592
3,XYt,346,46,0.030716196070867077,0.009577104888838077
3,XYt,347,46,0.030679444599547665,0.009663725640627292
3,XYt,348,46,0.030769714059965345,0.00981159158535066
3,XYt,349,46,0.03076534664286683,0.009927343003663474
3,XYt,350,47,0.02920873054369485,0.009495910351428242
3,XYt,351,47,0.029313726545142388,0.009609943960710422
3,XYt,352,47,0.029462485631183664,0.00974134093214847
3,XYt,353,47,0.02944238613739529,0.009864550330397783
3,XYt,354,47,0.029412093359350636,0.00992337407894644
3,XYt,355,47,0.02920209409291879,0.009897315454706202
3,XYt,356,47,0.028924854205599725,0.009887627500430794
3,XYt,357,47,0.028303717312153875,0.009753361348881107
3,XYt,358,47,0.027303452009164907,0.009601649314945785
3,XYt,359,46,0.02788114746719727,0.00999383639436049
3,XYt,360,46,0.02715540846437122,0.009931137659890985
3,XYt,361,46,0.026625167361305,0.009888981770262428
3,XYt,362,46,0.02564971778333798,0.009769195351090337
3,XYt,363,46,0.025532075995883363,0.00984366033054009
3,XYt,364,51,0.024055189439569538,0.009587558514010167
3,XYt,365,51,0.023725294916242683,0.009542430308509814
3,XYt,366,50,0.02466172528451078,0.009996346371467619
3,XYt,367,50,0.024558684682268343,0.009976196792581146
3,XYt,368,51,0.023201246970570553,0.009504722267135892
3,XYt,369,51,0.02307231370745051,0.009526604861113258
3,XYt,370,51,0.02287365059141903,0.009522960775440974
3,XYt,371,51,0.022811625822099217,0.009531103394301852
3,XYt,372,51,0.022637072766488544,0.00953221898722986
3,XYt,373,51,0.022589204584033407,0.009551223027347004
3,XYt,374,51,0.022415138538668892,0.009581884673035713
3,XYt,375,51,0.022175392229719565,0.009561544385098092
3,XYt,376,51,0.02170218465028027,0.009495781586703295
3,XYt,377,50,0.02244866059611682,0.009958024605018923
3,XYt,378,50,0.021998102489777675,0.009908851777728735
3,XYt,379,50,0.021784755035431775,0.00987613362856889
3,XYt,380,50,0.02155514215896397,0.009846763628262882
3,XYt,381,50,0.021564207819590432,0.009864577259213558
3,XYt,382,50,0.021411399473833647,0.0098490104386082
3,XYt,383,50,0.021442650231424228,0.009851774216666491
3,XYt,384,50,0.02135261820798372,0.009841634584660907
3,XYt,385,50,0.02099574101089717,0.009803752064305372
3,XYt,386,50,0.020657435672323393,0.009774406769746004
3,XYt,387,50,0.020739221048392566,0.00979756349034636
3,XYt,388,50,0.020647414145716695,0.009767003774215261
3,XYt,389,50,0.020751537200449133,0.00978076536561741
3,XYt,390,50,0.02069193117675243,0.009766162206010592
3,XYt,391,50,0.020778000157657614,0.009769906308177994
3,XYt,392,50,0.020661122637092192,0.009740254103686032
3,XYt,393,50,0.020768102662066357,0.009756203475662245
3,XYt,394,50,0.020735127745936985,0.009730430249645355
3,XYt,395,50,0.020869171566534162,0.009725849591712939
3,XYt,396,50,0.02091441499048035,0.009685738237005624
3,XYt,397,50,0.02109062673208549,0.009701083831898424
3,XYt,398,50,0.021087957257938526,0.009716122545155997
3,XYt,399,50,0.021019273603568655,0.00972597008899296
3,XYt,400,50,0.020920732695145095,0.009714201302013874
3,XYt,401,50,0.0209525017134173,0.009740408512905831
3,XYt,402,50,0.020884441568829664,0.009711292175364065
3,XYt,403,50,0.020875824178879208,0.009707291658467253
3,XYt,404,50,0.0209670202566884,0.009723700874544699
3,XYt,405,50,0.021017961750928266,0.009724322761871603
3,XYt,406,50,0.021150818780256625,0.009733342485977813
3,XYt,407,50,0.021231134667669956,0.009743072388422213
3,XYt,408,50,0.021470497881700305,0.009753345728311423
3,XYt,409,50,0.021649352678025445,0.009753032510582777
3,XYt,410,50,0.02186930357822831,0.00980966355341129
3,XYt,411,50,0.021705612795805053,0.009787785582553575
3,XYt,412,50,0.021837159429774617,0.009808542874970846
3,XYt,413,50,0.021850659692886583,0.009792304954502092
3,XYt,414,50,0.022089816734262715,0.009835215646106364
3,XYt,415,50,0.022162000641094304,0.00982697638378049
3,XYt,416,50,0.022541514412747193,0.009869038507503439
3,XYt,417,50,0.022878264496089918,0.009893468340553093
3,XYt,418,50,0.023292936382097527,0.009951438536128713
3,XYt,419,50,0.023459416450570238,0.009933066496833596
3,XYt,420,50,0.023861311876456622,0.00994619458425383
3,XYt,421,50,0.02396566408585177,0.00991546298188052
3,XYt,422,50,0.024151809452684525,0.009924559727261969
3,XYt,423,50,0.02413885394397709,0.009880405810356636
3,XYt,424,50,0.02418579866924191,0.009833801137654615
3,XYt,425,50,0.024362715273975016,0.009814182801809263
3,XYt,426,50,0.024581768834494644,0.009804869704520068
3,XYt,427,50,0.02469921214533017,0.009805511542965746
3,XYt,428,50,0.024860335178818735,0.009831383569219814
3,XYt,429,50,0.025115591695943375,0.009878206478478776
3,XYt,430,50,0.025391922917904996,0.00988865270133221
3,XYt,431,50,0.02575522814384584,0.009910259910121401
3,XYt,432,50,0.026246855488543375,0.009944720832676043
3,XYt,433,50,0.02672672770037813,0.00994959767610453
3,XYt,434,50,0.027409859771986428,0.009995461971540184
3,XYt,435,51,0.026645034416518852,0.00950277020531978
3,XYt,436,51,0.027453530036671378,0.009558562233113905
3,XYt,437,51,0.028110545386453963,0.00965025093903354
3,XYt,438,51,0.02831378980194826,0.00964892146246743
3,XYt,439,51,0.028317849736618425,0.009604509897998255
3,XYt,440,51,0.0283894472630605,0.009572104380785786
3,XYt,441,51,0.028709214633760097,0.009575168807412448
3,XYt,442,51,0.02898361356262297,0.009558047678974942
3,XYt,443,51,0.02913857912308861,0.009492241312676576
3,XYt,444,50,0.03077405245292083,0.009935055905825019
3,XYt,445,50,0.030878154484316273,0.009884149716979075
3,XYt,446,50,0.030915526157580787,0.009808665144264166
3,XYt,447,50,0.031067341214114415,0.009747189275907201
3,XYt,448,50,0.031154256307965023,0.00966319162194092
3,XYt,449,50,0.03140122056486752,0.009578272222870299
3,XYt,450,49,0.03323300393882928,0.009982855357290602
3,XYt,451,49,0.033340594535788394,0.009840426638444194
3,XYt,452,49,0.03319973721217993,0.009658393832255157
3,XYt,453,49,0.03323789280023038,0.009550686808437788
3,XYt,454,48,0.03489741640895554,0.00992832160900245
3,XYt,455,48,0.03458957764140019,0.009797416760246688
3,XYt,456,48,0.03452412051277593,0.009767359738942348
3,XYt,457,48,0.03449054263610875,0.009751919745284192
3,XYt,458,48,0.034486118102748174,0.00975429252995371
3,XYt,459,48,0.0344673770113226,0.009741613622843698
3,XYt,460,48,0.03455424421675617,0.009762199781158314
3,XYt,461,48,0.034513450813933616,0.00972669705757692
3,XYt,462,48,0.03470333900014383,0.009697609644848825
3,XYt,463,48,0.03533560193491906,0.00968473632967401
3,XYt,464,48,0.03642723495406796,0.00976892263053608
3,XYt,465,48,0.03655355483278253,0.009878601935631878
3,XYt,466,48,0.03320280602091393,0.009733790383258256
3,XYt,467,48,0.027644683864059563,0.009561875723300948
3,XYt,468,48,0.02303482215657368,0.009519221318520801
3,XYt,469,47,0.021166711528329794,0.009966019902857892
3,XYt,470,47,0.01996543883672056,0.009969251650186986
3,XYt,471,47,0.01976121907128345,0.009988740241416594
3,XYt,472,48,0.0191022557919757,0.009518042637941178
3,XYt,473,48,0.019344325510038878,0.009518050025669545
3,XYt,474,47,0.020385435442513845,0.0099954701788811
3,XYt,475,47,0.020360866713724283,0.00997907449529758
3,XYt,476,47,0.020351709931135314,0.009980868039242986
3,XYt,477,47,0.02029045050892457,0.009962224808889248
3,XYt,478,47,0.020221104234590094,0.009943490051338136
3,XYt,479,47,0.020197192219857434,0.009939807404315331
3,XYt,480,47,0.020204050839084824,0.009949077823721293
3,XYt,481,47,0.02021059806672768,0.00994099895199623
3,XYt,482,47,0.020133942766548184,0.00990347995702407
3,XYt,483,47,0.02012826134842126,0.009886897350356152
3,XYt,484,47,0.02016032056918224,0.009907232099192382
3,XYt,485,47,0.020147685184559123,0.009911746668149007
3,XYt,486,47,0.020095630963136317,0.009902872476383525
3,XYt,487,47,0.020107292134753787,0.009899888968833216
3,XYt,488,47,0.020124187027976005,0.00990849301100813
3,XYt,489,47,0.02013481113671376,0.009904175358272916
3,XYt,490,47,0.02009398637892955,0.009883979372553652
3,XYt,491,47,0.020103998953683404,0.009889685301075425
3,XYt,492,47,0.020089092554566347,0.009892650956903414
3,XYt,493,47,0.020065685859314415,0.009885088732391434
3,XYt,494,47,0.020014792120673502,0.009863597082162721
3,XYt,495,47,0.020032550728543378,0.009873584783443363
3,XYt,496,47,0.02002967262679274,0.009870043079111473
3,XYt,497,47,0.020017489339126046,0.009861872922298913
3,XYt,498,47,0.019984093685825006,0.00984759156452966
3,XYt,499,47,0.02000954675786927,0.009850933148907193
3,XYt,500,47,0.019970977786874077,0.009819436782535553
3,XYt,501,47,0.020007919507959843,0.009814987615637372
3,XYt,502,47,0.019970070453027147,0.009788806873330865
3,XYt,503,47,0.01996809261342008,0.009777443749858715
3,XYt,504,47,0.019923455180979932,0.009756257130511998
3,XYt,505,47,0.019866616736717413,0.009732392442071325
3,XYt,506,47,0.019906186780328752,0.009744288795016594
3,XYt,507,47,0.01993405474045653,0.009751590057173137
3,XYt,508,47,0.01996319491527082,0.009772509776873831
3,XYt,509,47,0.019959698107122732,0.009777569204797845
3,XYt,510,47,0.019993115522127226,0.009788091701601572
3,XYt,511,47,0.019967874581501812,0.009781967899843768
3,XYt,512,47,0.019996314090733863,0.009805997176786218
3,XYt,513,47,0.019955284912488845,0.009799404208187545
3,XYt,514,47,0.01999061621429997,0.00980824058050133
3,XYt,515,47,0.019967650891588206,0.009803885151854643
3,XYt,516,47,0.019961487412391468,0.009805328278669612
3,XYt,517,47,0.019907141735323642,0.009777537641445599
3,XYt,518,47,0.019947460037608097,0.009797071856114264
3,XYt,519,47,0.01989879925114075,0.0097646124748319
3,XYt,520,47,0.01986958386217759,0.009747034172531772
3,XYt,521,47,0.019852284145684594,0.009734281601739891
3,XYt,522,47,0.019872392073082265,0.009730505725901445
3,XYt,523,47,0.019867423608285126,0.009723060867570668
3,XYt,524,47,0.01987872341537956,0.009727936795230542
3,XYt,525,47,0.019837245305426743,0.009736371812384929
3,XYt,526,47,0.01982149258776758,0.0097867933238429
3,XYt,527,47,0.019592121299154643,0.009812171672814158
3,XYt,528,47,0.019141528813855786,0.00976838316525503
3,XYt,529,47,0.01865680522937759,0.009679288560531315
3,XYt,530,47,0.018517533426663856,0.009619559892095786
3,XYt,531,47,0.018868878603589292,0.009598069131158345
3,XYt,532,47,0.019772365259533707,0.00961180272609344
3,XYt,533,47,0.021392248696380622,0.009657447336968161
3,XYt,534,47,0.02425681559568113,0.009714339637780029
3,XYt,535,47,0.02818650257002543,0.009765766595899327
3,XYt,536,47,0.03213096137072944,0.00976157110251607
3,XYt,537,47,0.036531262821379265,0.009946420812496175
3,XYt,538,48,0.03721833970341687,0.009515059579208339
3,XYt,539,47,0.04014167210065657,0.009994766277194903
3,XYt,540,48,0.03811411515503039,0.009502902164016615
3,XYt,541,48,0.036979672111036734,0.009504014079639944
3,XYt,542,48,0.035826365599425807,0.00950423603612871
3,XYt,543,48,0.03505693048095309,0.009550231550905508
3,XYt,544,48,0.03455176690792084,0.009588998754447495
3,XYt,545,48,0.034307937660294094,0.009659021946513703
3,XYt,546,48,0.034172338749867186,0.009775829073024564
3,XYt,547,48,0.03381460692874534,0.009916627121908335
3,XYt,548,48,0.03294936313866406,0.009944832000125154
3,XYt,549,48,0.03228204985765152,0.009980320067867981
3,XYt,550,48,0.031725787316071244,0.00998174277405685
3,XYt,551,48,0.03133074137423995,0.009999617932015894
3,XYt,552,49,0.029585813201190376,0.009516713574385266
3,XYt,553,49,0.02945895193439924,0.00952500179922962
3,XYt,554,49,0.029432556804114707,0.009536553887852024
3,XYt,555,49,0.029378592283221074,0.00954046426045489
3,XYt,556,49,0.029286917495946734,0.009537449303192665
3,XYt,557,49,0.029107729251415183,0.009507238515894438
3,XYt,558,48,0.030338209422181996,0.00999011834369537
3,XYt,559,48,0.02994667545360819,0.009956759764852307
3,XYt,560,48,0.029262241470084185,0.00988091820571434
3,XYt,561,48,0.028454814478446645,0.009798326212230962
3,XYt,562,48,0.02789892394440007,0.009763677076642496
3,XYt,563,48,0.027732891409600995,0.00983228471433925
3,XYt,564,48,0.027352534091660857,0.00990178759682752
3,XYt,565,49,0.025557434380962248,0.009495821491613071
3,XYt,566,49,0.024881252344219285,0.00954192962293147
3,XYt,567,49,0.024271577558019786,0.009548748234313446
3,XYt,568,49,0.023721252742643632,0.00953173006047969
3,XYt,569,48,0.02444315957843948,0.009993151532508883
3,XYt,570,48,0.023903180035459385,0.009902298491279894
3,XYt,571,48,0.023448612390899,0.009833875820525936
3,XYt,572,48,0.023024521959805404,0.009763814311327267
3,XYt,573,48,0.0227343002850251,0.009687922793913901
3,XYt,574,48,0.022770707214287214,0.009667907025693532
3,XYt,575,48,0.022912544140198773,0.009648858708589688
3,XYt,576,48,0.023265138677116135,0.00969657713725076
3,XYt,577,48,0.023501702101496408,0.009729367497860327
3,XYt,578,48,0.023695936839706316,0.00975099995572587
3,XYt,579,48,0.023929408427922714,0.009768246794591921
3,XYt,580,48,0.02411614035744615,0.009775208464309262
3,XYt,581,48,0.024243610990862283,0.009795763502419131
3,XYt,582,48,0.02419785431119795,0.009811632992867685
3,XYt,583,48,0.02405294691072576,0.00983175985105724
3,XYt,584,48,0.023815530707763218,0.009850128495895566
3,XYt,585,48,0.023471046911536408,0.009857340267279606
3,XYt,586,48,0.023015192519469048,0.009842050166446539
3,XYt,587,48,0.02276785442516249,0.009947531062975742
3,XYt,588,48,0.022156204296436628,0.009998966284087361
3,XYt,589,49,0.02032446908656413,0.009501879744528069
3,XYt,590,48,0.020616749972105712,0.00999047769836761
3,XYt,591,48,0.019963607392820028,0.00996008943306288
3,XYt,592,48,0.019546265018971082,0.009918200365085396
3,XYt,593,48,0.01937517029817016,0.009883910601582533
3,XYt,594,48,0.01936162185337795,0.009861726356790928
3,XYt,595,48,0.019528038121774654,0.009884971755537493
3,XYt,596,48,0.019695439890334537,0.00987949086552286
3,XYt,597,48,0.019851782178711,0.009857508297979005
3,XYt,598,48,0.019985820849290476,0.009814176035043294
3,XYt,599,48,0.020115402570742912,0.00976116289992349
3,XYt,600,48,0.020318989662341747,0.009706339064739816
3,XYt,601,48,0.02060758839080002,0.009689030813539667
3,XYt,602,48,0.020873651559121173,0.009690678093203
3,XYt,603,48,0.021052414713942865,0.009697464625056872
3,XYt,604,48,0.021225120206820665,0.00972828254422187
3,XYt,605,48,0.021236121751021863,0.009717497500592748
3,XYt,606,48,0.021233159296880227,0.009706958442395134
3,XYt,607,48,0.02120712827682894,0.009707842969120657
3,XYt,608,48,0.021154679579004968,0.009700643686683304
3,XYt,609,48,0.021083723808314015,0.009707141551676613
3,XYt,610,48,0.020986726774366804,0.009712616734406918
3,XYt,611,48,0.020759728080909985,0.009721661785349838
3,XYt,612,48,0.020497302329672673,0.009735637541100725
3,XYt,613,48,0.020148686483832053,0.009738994273630234
3,XYt,614,48,0.01981922078340606,0.00975409548743888
3,XYt,615,48,0.019488092487814024,0.009750994747611147
3,XYt,616,48,0.019247449690646616,0.00974944621166834
3,XYt,617,48,0.019056991404634176,0.009744031012891842
3,XYt,618,48,0.019017652197487682,0.009764022760321662
3,XYt,619,48,0.019126850950546653,0.00981746731691649
3,XYt,620,48,0.019172707887310268,0.009820445632515884
3,XYt,621,48,0.019372377448552913,0.009812752124088355
3,XYt,622,48,0.01984799621284175,0.009828993624795439
3,XYt,623,48,0.02048773197263277,0.00980951859724041
3,XYt,624,48,0.02113582636153028,0.009762257004511327
3,XYt,625,48,0.021991026855644972,0.009770789534320075
3,XYt,626,48,0.022703608336294524,0.00978586323942334
3,XYt,627,48,0.023161904356352164,0.009766762990718412
3,XYt,628,48,0.023620253443926254,0.009780814891699519
3,XYt,629,48,0.0238982718366735,0.00978049376651498
3,XYt,630,48,0.023965298285382367,0.009733063543116828
3,XYt,631,48,0.02389307982261432,0.009683250621683908
3,XYt,632,48,0.02383201929241514,0.009689801272147079
3,XYt,633,48,0.0235933328303411,0.009656475262563262
3,XYt,634,48,0.023372529712445102,0.009621793578758756
3,XYt,635,48,0.023125470994027744,0.00957567673011159
3,XYt,636,48,0.022770401084848575,0.009538791039993154
3,XYt,637,48,0.022502708013642538,0.009535833316472528
3,XYt,638,48,0.02229306193243517,0.009538458899895857
3,XYt,639,48,0.022151325385416778,0.009538341358027887
3,XYt,640,48,0.022284109634882227,0.009592825035636833
3,XYt,641,48,0.022641903891921385,0.009674726893476695
3,XYt,642,48,0.02306957116306781,0.00974449966614717
3,XYt,643,48,0.023435288951176893,0.009778886384486221
3,XYt,644,48,0.023818164503764897,0.009818298917254048
3,XYt,645,48,0.024289336644119232,0.009838395859024164
3,XYt,646,48,0.02482558869725072,0.009829808353536175
3,XYt,647,48,0.025438982881209538,0.009778472912243905
3,XYt,648,48,0.026049782943534616,0.009691400453520254
3,XYt,649,48,0.026576797553598725,0.009617969886380981
3,XYt,650,48,0.027176604549543217,0.009606839390758876
3,XYt,651,48,0.027476365475352024,0.00957413125587161
3,XYt,652,48,0.028309017228310092,0.009649121462425596
3,XYt,653,48,0.0288096176810674,0.009653164702109735
3,XYt,654,48,0.029073833018241516,0.009680157455591679
3,XYt,655,48,0.02927714937725226,0.009707824056062126
3,XYt,656,48,0.02939387716386158,0.009713525680432185
3,XYt,657,48,0.02964885994366124,0.009746455017959295
3,XYt,658,48,0.02980658997589011,0.009730340319724813
3,XYt,659,48,0.030018670964031113,0.009706713352258804
3,XYt,660,48,0.03029104416710003,0.009678876887707497
3,XYt,661,48,0.030608177844150947,0.009634547857695474
3,XYt,662,48,0.031040823924174774,0.009584896657326368
3,XYt,663,48,0.031743701490064724,0.009536853734373362
3,XYt,664,47,0.034372527026281754,0.0099897054022349
3,XYt,665,47,0.03577125692423949,0.009950730341954053
3,XYt,666,47,0.03718061119584083,0.009882617302024652
3,XYt,667,47,0.03820455101540467,0.009794025406685152
3,XYt,668,47,0.038855897809425964,0.009744405456225024
3,XYt,669,47,0.039357435490728315,0.009754670183648529
3,XYt,670,47,0.03944904358201475,0.009769115375177176
3,XYt,671,47,0.039126907318468934,0.009766547000471228
3,XYt,672,47,0.03809234620264419,0.009683332920460216
3,XYt,673,47,0.03577014401612635,0.009495289549498024
3,XYt,674,46,0.034837620468455184,0.009892155755406648
3,XYt,675,46,0.03237488632292557,0.009866341728457632
3,XYt,676,46,0.030180095695327935,0.009900155714116997
3,XYt,677,46,0.027569764766028265,0.009839983595043842
3,XYt,678,46,0.024897810941329625,0.00976295406206431
3,XYt,679,46,0.022787015912463248,0.009722072048300025
3,XYt,680,46,0.02135052133127124,0.009712983138369666
3,XYt,681,46,0.020219002768194383,0.009674126450236848
3,XYt,682,46,0.01948771211343026,0.009672513508295563
3,XYt,683,46,0.018927748322687808,0.009658065400809941
3,XYt,684,46,0.01857816326959572,0.009656442494305457
3,XYt,685,46,0.018354161279269133,0.009642761133813892
3,XYt,686,46,0.018358534765331388,0.009694434826782396
3,XYt,687,46,0.018448689974469575,0.009730257615582083
3,XYt,688,46,0.01868152971116385,0.009776850414085544
3,XYt,689,46,0.018967968785913024,0.00981459715782355
3,XYt,690,46,0.01922101621252694,0.009822870665272281
3,XYt,691,46,0.019508328078642324,0.009820207352772427
3,XYt,692,46,0.019603852112996003,0.00977276480913802
3,XYt,693,46,0.01967494921799492,0.009732046437687408
3,XYt,694,46,0.019663957129812018,0.009679397933406305
3,XYt,695,46,0.019692321689804046,0.00967781210756578
3,XYt,696,46,0.019662290458107513,0.009653700084784484
3,XYt,697,46,0.01956845059184598,0.009628238356110853
3,XYt,698,46,0.019509665348078825,0.009602153395906974
3,XYt,699,46,0.019487852314022242,0.009608423106977477
3,XYt,700,46,0.019452734635700235,0.00958099830330569
3,XYt,701,46,0.01940129983506408,0.009578335847051797
3,XYt,702,46,0.019373287157647665,0.009549475194592845
3,XYt,703,46,0.019326578217701805,0.009544144640364243
3,XYt,704,46,0.019283661363739536,0.009513257879307993
3,XYt,705,46,0.019305170854114834,0.0095248881926405
3,XYt,706,46,0.019293389885626226,0.009516876536262259
3,XYt,707,46,0.019312961241211977,0.009525986879697744
3,XYt,708,46,0.019349042313079216,0.009532754605772496
3,XYt,709,47,0.018869347171472924,0.009689965757728805
3,XYt,710,44,0.019860484914665626,0.009868742024551536
3,XYt,711,49,0.018128786495404794,0.009720625402513011
3,XYt,712,48,0.01860367594144318,0.009997193571194706
3,XYt,713,48,0.01742772576401435,0.009689324328804455
3,XYt,714,48,0.016658690013457905,0.009741886706904769
3,XYt,715,48,0.015887993844321217,0.009703014114052446
3,XYt,716,47,0.01569043709995791,0.0099715264917464
3,XYt,717,47,0.01445202573402436,0.009467071176956382
3,XYt,718,46,0.014653888317271529,0.009839162562244309
3,XYt,719,46,0.014180181466263394,0.009528764405690225
3,XYt,720,45,0.015233383465053823,0.00997751789821338
3,XYt,721,46,0.015078722760575324,0.009554208696743373
3,XYt,722,46,0.01559921172888056,0.009735824925975444
3,XYt,723,47,0.015446671195181002,0.009425826338999356
3,XYt,724,47,0.016075169582122968,0.009477075282606724
3,XYt,725,47,0.01658902650538226,0.00967375938218139
3,XYt,726,47,0.016290449700706235,0.009660225886516579
3,XYt,727,48,0.014736771291138593,0.009432882523312794
3,YZt,0,10,0.23460385775351736,0.009003183975782866
3,YZt,1,32,0.05350927710171203,0.009609490639412528
3,YZt,2,33,0.04288872576912066,0.00944917117481681
3,YZt,3,34,0.03737949729371022,0.009639390400457692
3,YZt,4,37,0.031874506081614094,0.009986978677473227
3,YZt,5,46,0.019519545288501788,0.009512427243860297
3,YZt,6,44,0.026099850273400765,0.009549034489930046
3,YZt,7,45,0.03087296654796861,0.009618027909819958
3,YZt,8,43,0.033841153712579314,0.009944248820141364
3,YZt,9,43,0.036607163727812725,0.009981327641013492
3,YZt,10,43,0.035884424649287316,0.009550317800822
3,YZt,11,43,0.0379783125178775,0.009965041919486833
3,YZt,12,43,0.03664495348800854,0.009478066168527404
3,YZt,13,43,0.03767678515515445,0.009620870629654289
3,YZt,14,42,0.03962884965872098,0.009940413413761395
3,YZt,15,42,0.03955421993822811,0.009759977586374646
3,YZt,16,42,0.040650259795312574,0.009993669706523857
3,YZt,17,42,0.0404963406332931,0.009694518124357414
3,YZt,18,42,0.04087128741359747,0.009865455347249903
3,YZt,19,42,0.040575949130645106,0.009802645910489275
3,YZt,20,42,0.041006406368101225,0.009834099638743347
3,YZt,21,42,0.0404983696125691,0.00997518724658978
3,YZt,22,42,0.039874614489190136,0.00973863664174301
3,YZt,23,42,0.0401869377132174,0.009535402106323558
3,YZt,24,43,0.039947890255529715,0.009756002810772924
3,YZt,25,42,0.04035817912156857,0.009812663403600446
3,YZt,26,42,0.04109843927870648,0.009907989363970157
3,YZt,27,42,0.04080122806213442,0.009903131251913609
3,YZt,28,43,0.039629503150756064,0.009572706209683627
3,YZt,29,42,0.03999107380830666,0.009638510940228814
3,YZt,30,43,0.039734477725648074,0.009692632096506726
3,YZt,31,42,0.04111964221697255,0.00991198145236998
3,YZt,32,42,0.0403776902061865,0.009485650422273078
3,YZt,33,42,0.04123765194517065,0.009970250490559832
3,YZt,34,43,0.03994586703779359,0.00969504943897162
3,YZt,35,43,0.039309634068213244,0.009661579627058757
3,YZt,36,42,0.040770318731997324,0.009771459311844503
3,YZt,37,42,0.04063911400837991,0.009689000056127139
3,YZt,38,42,0.04057996290903517,0.009854576407971428
3,YZt,39,43,0.03824078105375881,0.009553697938690906
3,YZt,40,43,0.03798082075211409,0.009812419418122454
3,YZt,41,43,0.03754467983078587,0.009984317331560686
3,YZt,42,44,0.035635143120837945,0.009615631830791208
3,YZt,43,44,0.034481284346548124,0.009568315073657368
3,YZt,44,44,0.033252128515395746,0.009547502589336463
3,YZt,45,44,0.0319977361980556,0.00950461569888904
3,YZt,46,43,0.032896256919806785,0.009993743418070881
3,YZt,47,44,0.030730867929587683,0.009594955135331117
3,YZt,48,44,0.029995860294944315,0.0097606665734674
3,YZt,49,44,0.02972756116641602,0.009919429727234435
3,YZt,50,44,0.029111465868675246,0.009902331573111807
3,YZt,51,44,0.02902036348245219,0.009995929388409711
3,YZt,52,44,0.02822436033502679,0.009789922799454984
3,YZt,53,44,0.028208496936695908,0.009590512796222373
3,YZt,54,45,0.027210212401181138,0.00949271981000827
3,YZt,55,44,0.0284183257658447,0.009913059023716732
3,YZt,56,44,0.028459496729195302,0.009780023528471028
3,YZt,57,44,0.02876114461443387,0.009692557822332155
3,YZt,58,45,0.02801763129398151,0.009569814776503644
3,YZt,59,45,0.028167938056265905,0.00953728616620846
3,YZt,60,44,0.029411238821984313,0.009619557861604755
3,YZt,61,44,0.03022521983378649,0.009987172019363642
3,YZt,62,45,0.029233610288752404,0.009637630531168128
3,YZt,63,45,0.02965580544964021,0.009614368847004463
3,YZt,64,47,0.02650563870933271,0.009628921700682743
3,YZt,65,47,0.025178236181442465,0.00994947276368759
3,YZt,66,47,0.023205877057494655,0.009908839837820779
3,YZt,67,47,0.0196620997399859,0.009557028998440147
3,YZt,68,46,0.018055697883287876,0.009707967024074376
3,YZt,69,46,0.01664815316224805,0.009932657813359537
3,YZt,70,46,0.015116895828250676,0.009572032552897295
3,YZt,71,46,0.014347818872591917,0.00968771380200057
3,YZt,72,45,0.014114401917659903,0.009982688989229443
3,YZt,73,46,0.012933813268244361,0.009714067790045857
3,YZt,74,46,0.012370713489164544,0.009584240219413502
3,YZt,75,46,0.012146052649973555,0.009798966372060772
3,YZt,76,46,0.011453091112124392,0.009501473894125582
3,YZt,77,46,0.011346256686329863,0.009787376078478967
3,YZt,78,46,0.010947030445352807,0.009582473133446748
3,YZt,79,46,0.010916052088785658,0.009821467845544822
3,YZt,80,46,0.010702798325049518,0.009656229411228697
3,YZt,81,46,0.010720570941691219,0.009926643041274393
3,YZt,82,47,0.010201546794751421,0.00947494707142968
3,YZt,83,47,0.010177767827894004,0.009566461042558653
3,YZt,84,47,0.01039284624485293,0.009823424010905557
3,YZt,85,47,0.01025401061486961,0.009604211350229565
3,YZt,86,47,0.010494314815051031,0.009874033553592664
3,YZt,87,48,0.010107097604789297,0.009489453802236113
3,YZt,88,48,0.010122887006744472,0.009530335623767797
3,YZt,89,48,0.010405024828214995,0.009805469825028015
3,YZt,90,48,0.01048494103292906,0.009808630893084862
3,YZt,91,48,0.010541964779332181,0.009980090805610783
3,YZt,92,49,0.010156953222194984,0.009686717744963153
3,YZt,93,49,0.010324448602541747,0.009807062720967315
3,YZt,94,49,0.010259917148831685,0.009880305158146021
3,YZt,95,49,0.010432441328933817,0.00998120743091535
3,YZt,96,50,0.01006435367690932,0.009708428623347443
3,YZt,97,50,0.010034132263527533,0.009591845248530061
3,YZt,98,50,0.010110852293803547,0.009894355483592457
3,YZt,99,51,0.009805471682493155,0.00963998669716415
3,YZt,100,51,0.009918400350686316,0.009687971872948778
3,YZt,101,51,0.009855020479961916,0.009460984382185572
3,YZt,102,51,0.009994661693857666,0.009779934511079605
3,YZt,103,52,0.009689672243517791,0.009502632372005167
3,YZt,104,52,0.00991482967883379,0.00973660268655683
3,YZt,105,52,0.00996324330327341,0.009594881268301955
3,YZt,106,52,0.010026533719441347,0.00953480570727457
3,YZt,107,52,0.01030839268444163,0.009980344671309494
3,YZt,108,53,0.01013099975084549,0.00967370976952598
3,YZt,109,53,0.010531427624661215,0.009878607697890519
3,YZt,110,53,0.010838926673920928,0.009912960504556105
3,YZt,111,53,0.010963959896284143,0.009726412186464762
3,YZt,112,53,0.011169122462529194,0.009753915834290274
3,YZt,113,53,0.011456829307718935,0.009917673127399709
3,YZt,114,55,0.010309746724807283,0.009577671617738462
3,YZt,115,55,0.010331853840607332,0.009576976166897363
3,YZt,116,55,0.010331952721907284,0.009577113396429159
3,YZt,117,55,0.010327487223849425,0.009607374450587933
3,YZt,118,55,0.010373301281468423,0.009698892112404298
3,YZt,119,55,0.01029860251121907,0.009638138925823733
3,YZt,120,55,0.010120530061221034,0.00956851337567698
3,YZt,121,55,0.009979247946019785,0.009585392478619345
3,YZt,122,55,0.009787874875457127,0.009533890258730453
3,YZt,123,54,0.01016082347658821,0.009983810354713908
3,YZt,124,54,0.009976084013588652,0.009973270360877065
3,YZt,125,54,0.009804567339159936,0.00994820391914872
3,YZt,126,55,0.00920183463585633,0.009513067870294155
3,YZt,127,55,0.009155617386724437,0.009518920975204808
3,YZt,128,54,0.009599221905014207,0.009880182589254707
3,YZt,129,54,0.009521834404173776,0.009773148544204571
3,YZt,130,54,0.00956779586905724,0.009758099063280021
3,YZt,131,54,0.00963764081270009,0.009749657543650338
3,YZt,132,54,0.00975757194241724,0.009841497414437057
3,YZt,133,54,0.009816622225414826,0.009829193083446777
3,YZt,134,54,0.009761389498764473,0.009656887370259713
3,YZt,135,54,0.009794760806262008,0.009597492442426258
3,YZt,136,54,0.009790500902642482,0.009502878732232286
3,YZt,137,53,0.01039395790721132,0.00996655163823853
3,YZt,138,54,0.009953552569597431,0.009520345806974312
3,YZt,139,54,0.010158085056782428,0.009574260016060968
3,YZt,140,54,0.010476389989079253,0.009779980161125138
3,YZt,141,54,0.010604127344553132,0.009957187243653914
3,YZt,142,54,0.01052109915676321,0.009900989049532304
3,YZt,143,54,0.010363657139981913,0.009786229353097914
3,YZt,144,54,0.010206280852984926,0.009679457087646077
3,YZt,145,54,0.010024321865035223,0.00959135825576645
3,YZt,146,52,0.011073312705319374,0.009800042703123513
3,YZt,147,52,0.010883501369329487,0.009666572414554486
3,YZt,148,52,0.010807808841103078,0.00959768897867527
3,YZt,149,52,0.010882867742651566,0.009781264551944939
3,YZt,150,52,0.010825594720664503,0.009733052993014111
3,YZt,151,52,0.010689110816460706,0.00954072678236314
3,YZt,152,51,0.011153602044685846,0.009883896824745894
3,YZt,153,50,0.011806118139924222,0.009994008105053891
3,YZt,154,50,0.011971392060396213,0.009976458812533858
3,YZt,155,51,0.011467021881527035,0.009526277627109201
3,YZt,156,50,0.011930288574030369,0.009633284920800487
3,YZt,157,49,0.012301834807410544,0.00974690277073102
3,YZt,158,48,0.01273958179249567,0.009762582902547435
3,YZt,159,48,0.012587522883643313,0.009897842254464044
3,YZt,160,48,0.0122051532246109,0.00976842675547602
3,YZt,161,47,0.012371822814462148,0.009946192620444477
3,YZt,162,47,0.012185714821239436,0.009645117666564488
3,YZt,163,47,0.012139786501191551,0.009862439810387312
3,YZt,164,47,0.01175093414027851,0.009620546079941115
3,YZt,165,47,0.011428364671003116,0.009532766314225142
3,YZt,166,46,0.011951224643812132,0.009942747501846453
3,YZt,167,46,0.011624247871414167,0.009926202271822103
3,YZt,168,46,0.011219341470703947,0.009707229454402867
3,YZt,169,46,0.01103160568912116,0.00959341311582622
3,YZt,170,46,0.01080446173159898,0.00964588457431093
3,YZt,171,45,0.010978850387614989,0.009888319670845747
3,YZt,172,45,0.01100219645009206,0.009995998058659694
3,YZt,173,45,0.010918365004257231,0.009896491791100965
3,YZt,174,45,0.010905599624247492,0.009698719492377618
3,YZt,175,46,0.010641546471991115,0.00952974944858612
3,YZt,176,45,0.01123726718110297,0.009850162206187606
3,YZt,177,45,0.011600013102661944,0.009879979245804745
3,YZt,178,45,0.011840566433114314,0.009867664647115477
3,YZt,179,45,0.01215005580386215,0.009651116203338767
3,YZt,180,45,0.01283504487158036,0.009985525140700745
3,YZt,181,45,0.013073474062422848,0.009711135694113571
3,YZt,182,46,0.013435843868535356,0.009566764093441881
3,YZt,183,45,0.014672205102883064,0.009760611684992357
3,YZt,184,46,0.01539165937010787,0.00956573677331142
3,YZt,185,46,0.01683250041732831,0.009585884722979672
3,YZt,186,46,0.0192718387122777,0.009891664139880981
3,YZt,187,47,0.0219689606845057,0.009453501653170274
3,YZt,188,47,0.026317970605033294,0.009931103044387291
3,YZt,189,46,0.02927886058374432,0.009710617328368646
3,YZt,190,44,0.03470135803278584,0.009898002380697208
3,YZt,191,43,0.03727626294597867,0.009817125732158533
3,YZt,192,44,0.035504833282089115,0.009501689449247508
3,YZt,193,43,0.03728774376790942,0.009668086025874009
3,YZt,194,43,0.03771716769875628,0.009594475861961623
3,YZt,195,44,0.036746637348229014,0.009489486441413807
3,YZt,196,42,0.03977127036854205,0.009937059518252503
3,YZt,197,43,0.03779135823802442,0.009723765039362963
3,YZt,198,43,0.038732107242381186,0.009732583387184794
3,YZt,199,42,0.04010551829681451,0.00981634462998641
3,YZt,200,43,0.03824412291118898,0.009550113569575304
3,YZt,201,43,0.03886009609749585,0.009641993283085798
3,YZt,202,42,0.04081250111084164,0.00974941999519301
3,YZt,203,42,0.041051587773111006,0.009978149693827184
3,YZt,204,43,0.039388567624206054,0.009574281582786207
3,YZt,205,43,0.039838031908286595,0.009536501747301493
3,YZt,206,42,0.04175284011141119,0.00957805734247399
3,YZt,207,42,0.04166569898228076,0.009842731820934363
3,YZt,208,43,0.04074906587316469,0.009621118602619771
3,YZt,209,43,0.04046071511127804,0.009506947010113323
3,YZt,210,43,0.04087695379382028,0.009525374541193564
3,YZt,211,42,0.04243397376829732,0.009858198960124763
3,YZt,212,42,0.042677105466418105,0.009691869751562818
3,YZt,213,42,0.04232361639632494,0.009503792470291712
3,YZt,214,42,0.042469451774855664,0.009764457705368143
3,YZt,215,42,0.04291201513253383,0.009824449379093454
3,YZt,216,42,0.04303668641133219,0.00979000203534928
3,YZt,217,42,0.04335656942651259,0.009855248588820144
3,YZt,218,42,0.042679336981834876,0.009895340227509661
3,YZt,219,42,0.04218439342040833,0.009756430105332014
3,YZt,220,42,0.04154673936356688,0.009502211871141983
3,YZt,221,41,0.04363713102903975,0.009889878908578148
3,YZt,222,41,0.04345597848221969,0.009803951239568566
3,YZt,223,41,0.04339852253517233,0.009892221535479312
3,YZt,224,42,0.042013987668896156,0.009899464258530676
3,YZt,225,43,0.04102514226926725,0.009516945320700658
3,YZt,226,42,0.04225978167138251,0.00973836787912579
3,YZt,227,41,0.04335642887033798,0.009723421253327416
3,YZt,228,42,0.04212101669736343,0.009716687138955578
3,YZt,229,42,0.04237092447734318,0.00992745931260602
3,YZt,230,41,0.042373054651227156,0.009841254143815125
3,YZt,231,42,0.04237147383169148,0.009858373882447587
3,YZt,232,42,0.04116994419136429,0.009609301313657028
3,YZt,233,42,0.04137899187093728,0.009577992667658176
3,YZt,234,42,0.04067079666247136,0.00954006285938169
3,YZt,235,43,0.04014092089665747,0.009528667184283093
3,YZt,236,41,0.04266477793063039,0.00990040396341448
3,YZt,237,42,0.04016677043602937,0.00948592546261032
3,YZt,238,42,0.040679776204080934,0.009740556731995342
3,YZt,239,42,0.04106488191334414,0.00957057109978817
3,YZt,240,42,0.040836543804391,0.009597249964644328
3,YZt,241,42,0.04077973651037197,0.009593587048948474
3,YZt,242,42,0.040764573650290306,0.009553671652370723
3,YZt,243,42,0.04087398959277939,0.009738434927210826
3,YZt,244,42,0.039649945836141794,0.009586771048410223
3,YZt,245,42,0.03980054528486601,0.009749847578249052
3,YZt,246,42,0.03993884869786739,0.009958158488878469
3,YZt,247,42,0.03868261153019788,0.009712109135497525
3,YZt,248,43,0.03827382121447915,0.009746647405302228
3,YZt,249,42,0.03804897489510908,0.009843209778748394
3,YZt,250,43,0.0370493377546117,0.00970848035788824
3,YZt,251,43,0.03397784536752836,0.009626702537528361
3,YZt,252,44,0.03262903064321832,0.009742081762261701
3,YZt,253,43,0.027422835548781346,0.009527989535235771
3,YZt,254,44,0.02130323995337781,0.009751059820229408
3,YZt,255,37,0.03227533028708624,0.009975000945489127
3,YZt,256,34,0.03758941732716046,0.009680546129865866
3,YZt,257,33,0.04314481943781637,0.009464949501631256
3,YZt,258,32,0.05309630914884342,0.009440459036182569
3,YZt,259,10,0.23909061391746977,0.009245143141255421
3,XZt,0,10,0.24278296370258437,0.00912639549966116
3,XZt,1,31,0.053605255750161146,0.009484790833039795
3,XZt,2,32,0.04313997430256776,0.009481497373394831
3,XZt,3,33,0.03670020125441737,0.00949286472427202
3,XZt,4,35,0.03208325117355529,0.009651863843025937
3,XZt,5,41,0.02240023810644144,0.009384125841666004
3,XZt,6,41,0.02829533130863527,0.009742409423556845
3,XZt,7,43,0.03301353243155488,0.009919622135346064
3,XZt,8,42,0.034384915540473536,0.009927220397159766
3,XZt,9,43,0.03525338390234171,0.009478701757768732
3,XZt,10,42,0.03646926780194211,0.009596632694393134
3,XZt,11,43,0.03703303339342091,0.00962504094586846
3,XZt,12,42,0.037605635646729724,0.009565521202925763
3,XZt,13,42,0.03904940140486265,0.009854936004945598
3,XZt,14,42,0.0395880930940535,0.009832170571588684
3,XZt,15,42,0.039196908741791714,0.009561795063904447
3,XZt,16,42,0.04117026013604845,0.009925417946144325
3,XZt,17,42,0.041351738582255396,0.009763636951851278
3,XZt,18,42,0.041440433942310895,0.009797240009075989
3,XZt,19,42,0.04173338188845558,0.009782480316963323
3,XZt,20,42,0.042226407321502374,0.00977360706500954
3,XZt,21,43,0.040247785179659254,0.00948153533723221
3,XZt,22,42,0.041985434605855916,0.009762846997167885
3,XZt,23,41,0.043538760564550104,0.0099724600777407
3,XZt,24,43,0.04166787966281817,0.009703490729591834
3,XZt,25,42,0.042087795817289074,0.009617510328379006
3,XZt,26,42,0.042801833084297136,0.00968024981182384
3,XZt,27,42,0.04250225533708489,0.009699008916879559
3,XZt,28,42,0.04342158994683479,0.009827277817983676
3,XZt,29,41,0.04401628175083418,0.009910615459505565
3,XZt,30,43,0.04190847513794025,0.00953306165518667
3,XZt,31,42,0.04350945678972217,0.0098214530719745
3,XZt,32,41,0.044549767741455595,0.00978482242090342
3,XZt,33,42,0.04351710114311335,0.009804819275422063
3,XZt,34,43,0.04234363800088258,0.0095570888516974
3,XZt,35,42,0.0431343848363013,0.009911610411926097
3,XZt,36,41,0.04462399089355768,0.00995416305471893
3,XZt,37,41,0.04445220316394199,0.009796923295811862
3,XZt,38,41,0.04473215079490931,0.009893117928724342
3,XZt,39,41,0.044563009944467324,0.009955414883272855
3,XZt,40,42,0.04291611388414056,0.009679574126645898
3,XZt,41,42,0.0434860239592053,0.009854628507873433
3,XZt,42,42,0.044265802052124346,0.00987077017905733
3,XZt,43,42,0.04367306321288873,0.009745620722950387
3,XZt,44,42,0.043487913116771686,0.009814655440338748
3,XZt,45,42,0.04303103174909412,0.009751074700450505
3,XZt,46,42,0.0429782292335047,0.009568998031846077
3,XZt,47,42,0.0432503122674384,0.009737088719551498
3,XZt,48,43,0.04090575331848955,0.009483766402172616
3,XZt,49,43,0.041387972491297276,0.009658960933802321
3,XZt,50,43,0.04112589820867563,0.009711280509753707
3,XZt,51,43,0.041225293521040145,0.009798960107354045
3,XZt,52,43,0.04010707723094312,0.00954527385169024
3,XZt,53,42,0.042853942702038766,0.00999597684351087
3,XZt,54,43,0.04101068969463794,0.009945912633371072
3,XZt,55,44,0.03844538873717904,0.009485276825298422
3,XZt,56,43,0.04006089580865022,0.009919035335199937
3,XZt,57,43,0.04005982744749411,0.009769677820460565
3,XZt,58,44,0.03832432871895338,0.009766906410174869
3,XZt,59,44,0.03771469503521197,0.00982618516019286
3,XZt,60,44,0.037460009111818196,0.009655837561889286
3,XZt,61,45,0.03600512444738918,0.00961475455059595
3,XZt,62,45,0.034955433029406596,0.009632551192084365
3,XZt,63,45,0.034779232380930974,0.009474474391382944
3,XZt,64,45,0.03483633649949643,0.009998599364621578
3,XZt,65,45,0.034143346831620944,0.009903026435113848
3,XZt,66,46,0.03226349454986294,0.00960682492612877
3,XZt,67,46,0.031759722428107304,0.009891278232220375
3,XZt,68,46,0.03051868149570368,0.009846937393538698
3,XZt,69,47,0.02865275883974514,0.009777459959777622
3,XZt,70,47,0.026847357157039342,0.009736508686809923
3,XZt,71,48,0.0243794544720151,0.009549220919659769
3,XZt,72,48,0.023024698284902414,0.009520221827821515
3,XZt,73,48,0.02209414007073476,0.00984076928582796
3,XZt,74,48,0.020927802078571787,0.009786235055694792
3,XZt,75,49,0.019247968118994714,0.009495486614282381
3,XZt,76,48,0.019117400630053395,0.009843017010892418
3,XZt,77,49,0.017739788536364792,0.009582453623511537
3,XZt,78,48,0.01765573402149877,0.00991067571130481
3,XZt,79,49,0.016336053436061416,0.009555638545566958
3,XZt,80,48,0.01649742463120634,0.009927579049243239
3,XZt,81,49,0.01525381082640669,0.00956083929747646
3,XZt,82,49,0.014898298053596026,0.009550461841120678
3,XZt,83,49,0.014358924367116827,0.009522757656986748
3,XZt,84,49,0.01426875688750363,0.009726273333875064
3,XZt,85,49,0.013760886446596853,0.00951992814026558
3,XZt,86,49,0.013690848891543038,0.009702601549805514
3,XZt,87,49,0.01366682177129037,0.009875412518109498
3,XZt,88,49,0.013408033685107878,0.009878496406614501
3,XZt,89,50,0.012789726319672318,0.009574729809943595
3,XZt,90,50,0.012738711706043526,0.00964284377815583
3,XZt,91,50,0.012598017655954249,0.009741671024408271
3,XZt,92,51,0.012017637205440029,0.009497231102834095
3,XZt,93,51,0.011958614829890166,0.009526122090357404
3,XZt,94,51,0.011713369374027697,0.009598719274462248
3,XZt,95,51,0.011723778125493065,0.009694227990109543
3,XZt,96,51,0.011740586679825101,0.009895994413276737
3,XZt,97,51,0.011464690551732071,0.009746144670848571
3,XZt,98,51,0.011267042844329715,0.009939397201300304
3,XZt,99,52,0.010669888427655552,0.009613088571642581
3,XZt,100,52,0.01052867528999139,0.009612521666628767
3,XZt,101,51,0.010779241320330308,0.009888994637080976
3,XZt,102,52,0.010034870264671165,0.009595510573910315
3,XZt,103,52,0.009960740609878001,0.00971456356749851
3,XZt,104,52,0.009879314871985267,0.009850452846441362
3,XZt,105,52,0.009628427407233481,0.009610269391100207
3,XZt,106,51,0.009895026522223967,0.009997232367828809
3,XZt,107,52,0.009227841010106538,0.009787761521384424
3,XZt,108,52,0.009189556909256819,0.009841099332106478
3,XZt,109,52,0.009139202371166812,0.009955726554576957
3,XZt,110,52,0.00903293807217839,0.009924574516042483
3,XZt,111,52,0.008844269236991694,0.009659022755391758
3,XZt,112,52,0.008726857883804838,0.009641692596753706
3,XZt,113,52,0.008649796345337501,0.009648734703413675
3,XZt,114,53,0.008120765307850398,0.00986632871897106
3,XZt,115,53,0.00815425561278237,0.009948222992280532
3,XZt,116,54,0.00773560424177211,0.009560154005208939
3,XZt,117,54,0.007712505747470498,0.009582175238616325
3,XZt,118,54,0.0076661444234899356,0.00958305375423247
3,XZt,119,53,0.00796309833459074,0.00988116309781456
3,XZt,120,53,0.007794170238862601,0.009689224110698797
3,XZt,121,53,0.007709644863140551,0.009692435758111292
3,XZt,122,53,0.007698988049085023,0.009728861862797223
3,XZt,123,53,0.0076792533981023614,0.009696095289604325
3,XZt,124,53,0.0076111264661935666,0.00967004955746247
3,XZt,125,53,0.007597540742690989,0.009710324801560715
3,XZt,126,53,0.007641714375266633,0.009847043374116033
3,XZt,127,53,0.0076709834452531635,0.009886737608727828
3,XZt,128,53,0.007652207692583535,0.009840206707206504
3,XZt,129,53,0.00762469848244226,0.009799526192864325
3,XZt,130,53,0.007636261576089598,0.009798937326568544
3,XZt,131,53,0.0076833675843612104,0.009864664494494323
3,XZt,132,53,0.007713026117628024,0.009911711196668014
3,XZt,133,53,0.007742625968834755,0.00988388383836591
3,XZt,134,53,0.00773913488841579,0.009778121461359571
3,XZt,135,53,0.007824973385155339,0.00979188127718782
3,XZt,136,53,0.007907141167992326,0.009801617122665182
3,XZt,137,53,0.007972068880253617,0.009834789675019098
3,XZt,138,53,0.008037756346829033,0.009816380446074404
3,XZt,139,53,0.008158931331045793,0.00984625104250738
3,XZt,140,54,0.007906534734142568,0.0095396864208492
3,XZt,141,54,0.008071207896792968,0.00972003095239018
3,XZt,142,54,0.00812693390801852,0.00969512657215063
3,XZt,143,54,0.008160248228528014,0.009661506847028524
3,XZt,144,54,0.008173461715739247,0.009575296329723523
3,XZt,145,53,0.008631922001127633,0.009965396970355393
3,XZt,146,52,0.00924296171150092,0.009710806977582734
3,XZt,147,52,0.009366355142695878,0.009687288661206482
3,XZt,148,52,0.009599144790406003,0.009726875779101113
3,XZt,149,53,0.009407936078600297,0.009510096689246303
3,XZt,150,53,0.009648183823747594,0.009557345486536509
3,XZt,151,52,0.010355584701992122,0.009959398608351452
3,XZt,152,52,0.010484554296803042,0.009865573008050256
3,XZt,153,52,0.010752302657460397,0.009546147286554965
3,XZt,154,52,0.01114493427493215,0.0096642085824777
3,XZt,155,52,0.011558454160772986,0.009904062156745748
3,XZt,156,52,0.011792182056245038,0.009786704368027825
3,XZt,157,52,0.012030521003220999,0.009708246975443096
3,XZt,158,52,0.01237439756935169,0.009556759216179269
3,XZt,159,52,0.012914508695938723,0.009815762458103894
3,XZt,160,52,0.013259386781382273,0.009872474074390855
3,XZt,161,52,0.013448956904986056,0.009770474077018684
3,XZt,162,52,0.013930853153575505,0.009702593497352353
3,XZt,163,52,0.014535466400038938,0.009969925839232298
3,XZt,164,52,0.014796214095406268,0.00989547501587315
3,XZt,165,52,0.015099777531542657,0.009937467796071768
3,XZt,166,52,0.015656752245338364,0.009980349144655981
3,XZt,167,53,0.015119099974221926,0.009513059364090241
3,XZt,168,52,0.01613278981352332,0.009922252463817342
3,XZt,169,52,0.016568448086972193,0.009897832669360871
3,XZt,170,52,0.01680466503091681,0.009907944303716606
3,XZt,171,52,0.01686581585565362,0.009774602260937109
3,XZt,172,52,0.017258274153627302,0.009789293449864084
3,XZt,173,52,0.01715878058183034,0.009609776363244817
3,XZt,174,51,0.01775593864141757,0.009851826048156029
3,XZt,175,51,0.017761131984119306,0.009834659162002029
3,XZt,176,51,0.017226198930431164,0.009492085159414614
3,XZt,177,50,0.017947095779902025,0.009820347832252248
3,XZt,178,50,0.01739756575072803,0.009582075647076636
3,XZt,179,49,0.01766884103878207,0.009674896653695355
3,XZt,180,49,0.017366856069196572,0.009595781011422963
3,XZt,181,48,0.017692455697664568,0.009759389764746792
3,XZt,182,48,0.01773569977434363,0.009794932210837867
3,XZt,183,47,0.01818818837016819,0.009954004953217195
3,XZt,184,48,0.017488357417564333,0.009584435862877067
3,XZt,185,47,0.018255766827656977,0.009893026544333201
3,XZt,186,47,0.018446833100917322,0.009944902033296564
3,XZt,187,47,0.018529519337613046,0.009708280316135898
3,XZt,188,47,0.019046979724967685,0.009935043154831973
3,XZt,189,47,0.019213946050928986,0.009707624978077136
3,XZt,190,47,0.019954192832620496,0.009863845855512313
3,XZt,191,47,0.020185740585335617,0.00954089231719694
3,XZt,192,47,0.020903788353434267,0.009708201562935953
3,XZt,193,47,0.021174041689962647,0.009498851894197519
3,XZt,194,46,0.022199737175042665,0.009754145835498383
3,XZt,195,46,0.022428181398572698,0.00978619741849399
3,XZt,196,45,0.02324840947430621,0.009724009527545105
3,XZt,197,45,0.023019790574565175,0.009818859966110966
3,XZt,198,45,0.02330813203531252,0.009790319542535298
3,XZt,199,44,0.02412044567419513,0.009886581815819818
3,XZt,200,45,0.02306108933643589,0.009645472922245137
3,XZt,201,45,0.02326521541392223,0.009655411884520543
3,XZt,202,44,0.024293871219036135,0.009792437513749341
3,XZt,203,45,0.02313890435032087,0.009524401057535459
3,XZt,204,45,0.023229584717094683,0.00966508252864558
3,XZt,205,45,0.023340531510955706,0.009572377111966708
3,XZt,206,44,0.024343631733846672,0.009741570199080115
3,XZt,207,44,0.02405809018838854,0.009847143119499807
3,XZt,208,45,0.023254484555503663,0.009579919032501936
3,XZt,209,45,0.023111554438563088,0.009500527625641636
3,XZt,210,44,0.024507736347993785,0.009990820785388347
3,XZt,211,44,0.024477554668674496,0.00986434542006814
3,XZt,212,44,0.0247173574438401,0.009660786526211936
3,XZt,213,44,0.025132830036334743,0.009610306846246253
3,XZt,214,44,0.026087737741922794,0.009798679900011747
3,XZt,215,44,0.02750900625469122,0.009929754856478767
3,XZt,216,44,0.029198472089446887,0.009977021539214585
3,XZt,217,45,0.029673324345029718,0.009529641988985302
3,XZt,218,45,0.030978171131343997,0.00946209974918957
3,XZt,219,44,0.03422043317981496,0.009807700034509752
3,XZt,220,44,0.035427278314261686,0.009476907043112904
3,XZt,221,43,0.03875168633199067,0.009862593721273167
3,XZt,222,43,0.03955330103953774,0.00970044325320259
3,XZt,223,43,0.040018792792362284,0.009678983151710929
3,XZt,224,43,0.040667518626422705,0.009914735951142787
3,XZt,225,43,0.04169265256740099,0.009945048495306027
3,XZt,226,43,0.040996706491028524,0.009613389281878711
3,XZt,227,42,0.0420064206763927,0.009581227038578891
3,XZt,228,43,0.0408671020865499,0.009481939392532652
3,XZt,229,43,0.04133303114150179,0.009744786356513728
3,XZt,230,42,0.04112458599646923,0.009551288643001712
3,XZt,231,43,0.04073422582142035,0.009563640954813626
3,XZt,232,42,0.04199696624584048,0.009835357102785077
3,XZt,233,42,0.04197587442418912,0.009751276153516815
3,XZt,234,42,0.0417498391036616,0.009866053818852602
3,XZt,235,43,0.041273838279279315,0.009819709634623794
3,XZt,236,42,0.04102234463959724,0.009533953769347372
3,XZt,237,42,0.041195607757662185,0.009876717835790706
3,XZt,238,43,0.04016155521782801,0.00974299998802538
3,XZt,239,42,0.041854750908966745,0.009857052547685522
3,XZt,240,42,0.04144377150420759,0.009914428620114202
3,XZt,241,42,0.04119687295516839,0.009910441459262597
3,XZt,242,42,0.041072144694021206,0.009860816243746743
3,XZt,243,43,0.03896815387494989,0.009534231806238413
3,XZt,244,42,0.03971217827802032,0.009835211276974792
3,XZt,245,43,0.03809001351478615,0.009523765881246492
3,XZt,246,43,0.037680279205075544,0.009631483086751255
3,XZt,247,42,0.038214990350953895,0.009794996592734997
3,XZt,248,43,0.037945179867280875,0.009935636873140065
3,XZt,249,42,0.037302241629148886,0.009992194244382423
3,XZt,250,43,0.03629276910136177,0.009874286189779017
3,XZt,251,43,0.03338491111617454,0.009822759878777215
3,XZt,252,44,0.03163627774278114,0.009712492394089105
3,XZt,253,42,0.027232705453858513,0.009558054335134066
3,XZt,254,41,0.022983044199818867,0.009736526455124322
3,XZt,255,35,0.03202873510384998,0.009644659402126122
3,XZt,256,33,0.03662581760148264,0.009523634328832345
3,XZt,257,32,0.04277914294654451,0.00962422685838582
3,XZt,258,31,0.05313545640034906,0.009745948837881544
3,XZt,259,10,0.23192862318577065,0.00959815849794869
4,XYt,0,64,0.0028803394181516366,0.00960345802496152
4,XYt,1,64,0.002912935523091298,0.009586170626461232
4,XYt,2,63,0.002816518433002661,0.00970351051377813
4,XYt,3,62,0.002613581683910201,0.009562918281067737
4,XYt,4,61,0.002503442425528248,0.009526940284804792
4,XYt,5,60,0.002436129036519273,0.00962956987687378
4,XYt,6,59,0.002433919755539703,0.009851406233573556
4,XYt,7,59,0.002335275455147271,0.009778917144524396
4,XYt,8,59,0.0022841137611062674,0.009726614724084506
4,XYt,9,59,0.0023344213869737444,0.009865644452361122
4,XYt,10,60,0.002258847891512283,0.009541311405800055
4,XYt,11,60,0.0022794632394817394,0.009561854887328103
4,XYt,12,59,0.0024275667748113977,0.009992630818459828
4,XYt,13,59,0.00241196321651969,0.009938065805751696
4,XYt,14,59,0.0023724461863210097,0.00986052364510282
4,XYt,15,59,0.002205039940970431,0.009689529139134498
4,XYt,16,58,0.001925289948831745,0.00986313488003926
4,XYt,17,58,0.0018298424503375532,0.009966499283497153
4,XYt,18,58,0.0019157865465912912,0.009901804561313525
4,XYt,19,58,0.002016645828955276,0.009838682138940463
4,XYt,20,58,0.0021671647657414478,0.009875147873581154
4,XYt,21,58,0.0023188846544147687,0.009950141057718683
4,XYt,22,59,0.0022958065585998344,0.009570868947635125
4,XYt,23,59,0.002358280041568369,0.009594543799254738
4,XYt,24,59,0.002370644542109795,0.00955828840711562
4,XYt,25,58,0.0024894184988940864,0.009923290227935411
4,XYt,26,58,0.0024250407593360236,0.009798057492110206
4,XYt,27,58,0.0023471370099334924,0.009661296243947676
4,XYt,28,57,0.0024230851387714394,0.009992861077493058
4,XYt,29,57,0.0023903674138026115,0.009896790487741829
4,XYt,30,57,0.002394275168912357,0.009831086348042133
4,XYt,31,57,0.002448861353278,0.00978508237926542
4,XYt,32,57,0.002552502425183032,0.009751644138004181
4,XYt,33,57,0.0027059787967804796,0.009712235434377318
4,XYt,34,57,0.0029203429237691122,0.00966330158126705
4,XYt,35,57,0.0032106636223371812,0.009591490042986803
4,XYt,36,56,0.0038888004080393267,0.00997926787848068
4,XYt,37,56,0.004640986874312617,0.009936373045806078
4,XYt,38,56,0.005752717749445957,0.009905966294596622
4,XYt,39,56,0.007394822817802577,0.009883658832508076
4,XYt,40,56,0.009728091954076418,0.009821811154332161
4,XYt,41,56,0.01275317339331906,0.009655113465692877
4,XYt,42,55,0.01735714243181631,0.009853042225531346
4,XYt,43,55,0.020717727028798247,0.009536361768117238
4,XYt,44,54,0.02492396342427416,0.00973854260432331
4,XYt,45,54,0.02799397485499583,0.009548993696983471
4,XYt,46,54,0.030670523719316122,0.009510454465310124
4,XYt,47,54,0.031088615909167058,0.009525335638910176
4,XYt,48,53,0.03233884676871053,0.009944376323536327
4,XYt,49,53,0.03230567921787742,0.009826269555867495
4,XYt,50,53,0.032561300537257594,0.009642327239397449
4,XYt,51,52,0.03454900596022041,0.009864467167414414
4,XYt,52,51,0.03632978621506048,0.009955622683911623
4,XYt,53,50,0.03770234720144774,0.00992622262410791
4,XYt,54,49,0.03830360817838675,0.009801651910779939
4,XYt,55,48,0.03782503263113162,0.009660717206219473
4,XYt,56,47,0.03591319279115397,0.009581995973099602
4,XYt,57,46,0.033371734430091726,0.009646792865984763
4,XYt,58,45,0.03128152119499361,0.00982039272616067
4,XYt,59,45,0.028798955674544584,0.009572407602806482
4,XYt,60,44,0.028945024208364818,0.009996102905497227
4,XYt,61,44,0.028425636932945295,0.00997815411222859
4,XYt,62,45,0.026903279304866454,0.009461861823125453
4,XYt,63,45,0.02736990938316945,0.009586327517539963
4,XYt,64,45,0.02794190366245475,0.009749277119887587
4,XYt,65,45,0.0284599670503617,0.009953374035942951
4,XYt,66,46,0.027223923306231697,0.009582562238018986
4,XYt,67,46,0.027279032795743216,0.009766171806056798
4,XYt,68,46,0.027187883386919368,0.009884682073788575
4,XYt,69,46,0.026913117052257674,0.009934075604435598
4,XYt,70,46,0.026683477895088955,0.009967857338123944
4,XYt,71,47,0.024973357862552007,0.009404362251599943
4,XYt,72,47,0.024926296593407886,0.009491709993054572
4,XYt,73,47,0.024740461050538134,0.009536612874797831
4,XYt,74,47,0.024639475132174182,0.009589046419244573
4,XYt,75,47,0.024448362875818818,0.009613653817836281
4,XYt,76,47,0.02418212963336191,0.009575271210060736
4,XYt,77,47,0.023767703367339695,0.00950671871833422
4,XYt,78,46,0.02451749745787328,0.009980405005401378
4,XYt,79,46,0.023839026287249408,0.009886105108140607
4,XYt,80,46,0.02310581914236539,0.009726845256107036
4,XYt,81,46,0.02244213798222622,0.009541448972812082
4,XYt,82,46,0.021965065737884107,0.009437786262128914
4,XYt,83,45,0.022836900162253655,0.009987918920924148
4,XYt,84,46,0.021310300767119195,0.009448629695939062
4,XYt,85,46,0.02108639142627955,0.009476042656051875
4,XYt,86,46,0.020791198892796986,0.00948470045691505
4,XYt,87,46,0.020408557021944482,0.009478112330404154
4,XYt,88,46,0.020000822210699768,0.00948688271730211
4,XYt,89,46,0.019649326010481902,0.009521565523352907
4,XYt,90,46,0.019378343973815097,0.009546615307185436
4,XYt,91,46,0.019282883580624233,0.009577322704098064
4,XYt,92,46,0.019118268566246682,0.009544957489534264
4,XYt,93,46,0.01896964010649017,0.009517522609542013
4,XYt,94,46,0.01878142941630682,0.009478757748812544
4,XYt,95,45,0.019709662401063043,0.0099895642317788
4,XYt,96,45,0.019562967256483044,0.009916829207423037
4,XYt,97,45,0.019500608650181918,0.009936082896829549
4,XYt,98,45,0.019391978729673565,0.009961012661815002
4,XYt,99,45,0.01928093911690755,0.00999357605856975
4,XYt,100,46,0.018095277623924738,0.00944724124671636
4,XYt,101,46,0.01802110909826231,0.009478530250021152
4,XYt,102,46,0.017898645753130105,0.009502569180605406
4,XYt,103,46,0.017771562332695924,0.009516222208962474
4,XYt,104,46,0.017631785065490766,0.009495062035380673
4,XYt,105,45,0.018497428485999865,0.009998095791222461
4,XYt,106,45,0.018338733116668345,0.009885518294300871
4,XYt,107,45,0.018235586712606236,0.009788005893446911
4,XYt,108,45,0.018224716088750793,0.00972276274573469
4,XYt,109,45,0.01814548288060488,0.009648526308663091
4,XYt,110,45,0.01815274119622824,0.00963931577393305
4,XYt,111,45,0.01830024357367889,0.009684410808487075
4,XYt,112,45,0.018436131113674044,0.009712402757752463
4,XYt,113,45,0.01867791193749002,0.009739788855913109
4,XYt,114,45,0.019015737757067684,0.009850591308294935
4,XYt,115,46,0.018359384398767706,0.009442155001200282
4,XYt,116,46,0.01885684741679906,0.009604291072340298
4,XYt,117,46,0.019210449696790033,0.009632044993869025
4,XYt,118,46,0.019324838418970203,0.009541346207166108
4,XYt,119,46,0.019474036321928054,0.009501970603306988
4,XYt,120,46,0.019650201713480746,0.009543860986369463
4,XYt,121,46,0.01953483550518487,0.009493399330011795
4,XYt,122,46,0.019475687173705136,0.009461939854568807
4,XYt,123,45,0.020582836897821356,0.009984197492830128
4,XYt,124,45,0.02057029313965027,0.009958052457941671
4,XYt,125,46,0.01955334100658533,0.009433173655635757
4,XYt,126,46,0.019750756407458457,0.009502257152226698
4,XYt,127,46,0.0200688665531917,0.009579301577606917
4,XYt,128,46,0.020483198881690593,0.009652904486504018
4,XYt,129,46,0.020822674297949092,0.009638416041731582
4,XYt,130,46,0.02104674517763824,0.009576061835870875
4,XYt,131,46,0.02123196083935875,0.009495595224440398
4,XYt,132,45,0.0226499013499856,0.009977590330778377
4,XYt,133,45,0.022967368299078403,0.009907695398448595
4,XYt,134,45,0.02344512565497734,0.009897983661848735
4,XYt,135,45,0.02399702142008026,0.009909514082165201
4,XYt,136,45,0.024708313798660335,0.009986129381680852
4,XYt,137,46,0.02383761635757095,0.00944786065755265
4,XYt,138,46,0.024341766500086345,0.009521481826342782
4,XYt,139,46,0.024826010851556224,0.009576936833229494
4,XYt,140,46,0.025004166973074816,0.009576874831386481
4,XYt,141,46,0.02493037916834413,0.009546504413039855
4,XYt,142,46,0.024821610028008506,0.009488425110733473
4,XYt,143,46,0.02470398267049674,0.009454552088568092
4,XYt,144,46,0.024658520817706895,0.009502728685226215
4,XYt,145,46,0.024472329198968093,0.009493843322648831
4,XYt,146,46,0.02431574785243982,0.009483605225174527
4,XYt,147,46,0.024311587735044226,0.009509678924500716
4,XYt,148,46,0.02432385721691986,0.009506901986172246
4,XYt,149,46,0.024307605409904176,0.009476874537273146
4,XYt,150,45,0.025707831176073587,0.009996706674590853
4,XYt,151,45,0.02567678959199883,0.009898376750232812
4,XYt,152,45,0.025725786931492408,0.009838524904400405
4,XYt,153,45,0.025762497306222956,0.009801442667802064
4,XYt,154,45,0.02576470067660238,0.009736876140416625
4,XYt,155,45,0.02570655360355346,0.009682630534394682
4,XYt,156,45,0.025700548571680464,0.009697597157118739
4,XYt,157,45,0.025480802698464457,0.00972256385883361
4,XYt,158,45,0.025023892843061838,0.009703563654823026
4,XYt,159,45,0.024477331135097716,0.009709128165965758
4,XYt,160,45,0.023862244579544112,0.009646374541762036
4,XYt,161,45,0.023255044400405094,0.00954296903813896
4,XYt,162,45,0.022605385929549617,0.009436332878174207
4,XYt,163,44,0.023313160441868628,0.009952714257667581
4,XYt,164,44,0.022825864251179644,0.009903028294776415
4,XYt,165,44,0.022453268950231236,0.009889120821309065
4,XYt,166,44,0.022033987117614208,0.009801241790340707
4,XYt,167,44,0.02146528643866684,0.009709252894235717
4,XYt,168,44,0.020881485434848666,0.009590502729393404
4,XYt,169,44,0.020470692932083784,0.009464789006563638
4,XYt,170,43,0.0213153961805007,0.009964468715244297
4,XYt,171,43,0.021139171162099034,0.00997789767392119
4,XYt,172,43,0.02103356224037967,0.009994530980845682
4,XYt,173,44,0.019846096327873982,0.009444309451767892
4,XYt,174,44,0.019851709575150513,0.0094682454755684
4,XYt,175,44,0.019895426660637167,0.00949951793370819
4,XYt,176,44,0.019888205815429452,0.009481701552305733
4,XYt,177,44,0.019818906577455244,0.009452814896340724
4,XYt,178,44,0.019778129215025236,0.009453853778967741
4,XYt,179,44,0.01971805598663854,0.009467796156443905
4,XYt,180,43,0.020617256973243875,0.009983887995946692
4,XYt,181,43,0.020366309122282752,0.009918991225329793
4,XYt,182,43,0.020226346201785476,0.0098938987231599
4,XYt,183,43,0.020153972589144118,0.009909390691896338
4,XYt,184,43,0.020078153641119624,0.00989278837684821
4,XYt,185,43,0.020043646441380448,0.009880029008852464
4,XYt,186,43,0.019979731117222243,0.0098283469603037
4,XYt,187,43,0.019886816562115793,0.009792458144046919
4,XYt,188,43,0.019872692787082535,0.009807743905195242
4,XYt,189,43,0.019987103895323575,0.009863818868122348
4,XYt,190,43,0.020094141815122632,0.009909462439779564
4,XYt,191,43,0.020247846557179136,0.009982188526653066
4,XYt,192,43,0.020297772235784155,0.009995075828074075
4,XYt,193,43,0.02036908854608766,0.009970805619837052
4,XYt,194,43,0.02054595099016298,0.009959071193708282
4,XYt,195,43,0.02085115067488041,0.009969572572993126
4,XYt,196,44,0.020129413579388068,0.009445498160500028
4,XYt,197,44,0.020571394862444237,0.009573795445347264
4,XYt,198,44,0.020880644300317025,0.009641600797287077
4,XYt,199,44,0.020951948110033116,0.00960570521633535
4,XYt,200,44,0.021114681714513084,0.009664236185025456
4,XYt,201,44,0.021063552011190805,0.009708991767733119
4,XYt,202,44,0.020945301937486758,0.009713333039240754
4,XYt,203,44,0.020881597301747008,0.009691988540825237
4,XYt,204,44,0.020830037177925302,0.009647159340352962
4,XYt,205,44,0.02093390912238709,0.009678416762064917
4,XYt,206,44,0.02117927077755305,0.009758233345363184
4,XYt,207,44,0.02162407952012588,0.009840432593192753
4,XYt,208,44,0.022103326614166315,0.009878992631752754
4,XYt,209,44,0.022628098049581626,0.00998392125460539
4,XYt,210,45,0.02177030248274434,0.009464366352601162
4,XYt,211,45,0.02201550695350618,0.009472231887965652
4,XYt,212,45,0.02228873141201084,0.009507478886974422
4,XYt,213,45,0.022635660278487603,0.009549265334983284
4,XYt,214,45,0.023106074150821106,0.009603438906326782
4,XYt,215,45,0.023676973200392915,0.009682604309919084
4,XYt,216,45,0.024530517221643584,0.009843581753343095
4,XYt,217,45,0.02535738061390872,0.009979230689698047
4,XYt,218,46,0.024816256957079192,0.00962528985502637
4,XYt,219,46,0.025827183524113194,0.00990196236909297
4,XYt,220,47,0.02499198122851363,0.009430611134200434
4,XYt,221,47,0.025267451049432052,0.009475647713633914
4,XYt,222,47,0.025519087416192392,0.009520831918639228
4,XYt,223,47,0.025700911738493364,0.00956123714138767
4,XYt,224,47,0.025765419688357626,0.009553997305568555
4,XYt,225,47,0.025707779666221828,0.009460328312740822
4,XYt,226,46,0.027030192969452208,0.009905082895875949
4,XYt,227,46,0.026988169013307323,0.009755803057017615
4,XYt,228,46,0.026922235275239084,0.0095743846360891
4,XYt,229,45,0.028318168706743866,0.009962508706847104
4,XYt,230,45,0.028277827600025392,0.009803272695075171
4,XYt,231,45,0.028231297132373965,0.009636956027253153
4,XYt,232,44,0.029636405239834622,0.009975877649248227
4,XYt,233,44,0.029294807492227147,0.00963849345442584
4,XYt,234,43,0.030541557136643225,0.009858629750287246
4,XYt,235,43,0.03015727425693902,0.009492065992835728
4,XYt,236,42,0.031219670116965487,0.009628558067716972
4,XYt,237,41,0.03197363788245941,0.00970686829501849
4,XYt,238,40,0.03304247757629194,0.009981357273978045
4,XYt,239,40,0.032764867011068864,0.009875925963648377
4,XYt,240,40,0.03276255313602246,0.009836211757440448
4,XYt,241,40,0.032774199253518675,0.00983541940435923
4,XYt,242,40,0.03279680624468422,0.009853824439794974
4,XYt,243,40,0.032850562885129275,0.009918389814941335
4,XYt,244,40,0.032841335375460926,0.009907198977394482
4,XYt,245,40,0.03289419423455446,0.009912707896954483
4,XYt,246,40,0.03284684880280834,0.00990033603932747
4,XYt,247,40,0.03294367211997461,0.009957624848150258
4,XYt,248,41,0.0315156151692126,0.009492916222682472
4,XYt,249,41,0.03163040427390929,0.0095185925976001
4,XYt,250,41,0.03172268653497605,0.009522911138988486
4,XYt,251,41,0.031937195249879785,0.009581485531405986
4,XYt,252,41,0.032125148610423496,0.009629492392441765
4,XYt,253,41,0.03234205097593109,0.009693368531574058
4,XYt,254,41,0.03269358912461208,0.00976630180575339
4,XYt,255,41,0.032825056321171775,0.009783698554779644
4,XYt,256,41,0.03200367492014458,0.009771071797999072
4,XYt,257,41,0.029281159501392505,0.0097085809520395
4,XYt,258,41,0.02531063689362696,0.009771512768701543
4,XYt,259,41,0.021220767253514114,0.009750608137481614
4,XYt,260,41,0.018738186567471928,0.009607533086527486
4,XYt,261,41,0.0178229846394029,0.009533810182068515
4,XYt,262,41,0.017688278171850185,0.009527039515466974
4,XYt,263,41,0.017843140617282583,0.009547564606568217
4,XYt,264,41,0.017921178957033955,0.009533118497758803
4,XYt,265,41,0.017878966410599634,0.00947611273805986
4,XYt,266,40,0.01886349011470297,0.009976337369043345
4,XYt,267,40,0.018912803801301274,0.009946194977015653
4,XYt,268,40,0.019008860880747214,0.009985512454154353
4,XYt,269,41,0.0181033189643697,0.009511894059588119
4,XYt,270,41,0.018124787367095673,0.009564719611855588
4,XYt,271,41,0.01817269009194088,0.009570443222956521
4,XYt,272,41,0.018116407744920213,0.009517960962117648
4,XYt,273,41,0.018168122181048164,0.009519230757226065
4,XYt,274,41,0.018249069940037665,0.009557443992777637
4,XYt,275,41,0.018352662491643187,0.009578644989302743
4,XYt,276,41,0.018366852941523543,0.009594665131271548
4,XYt,277,41,0.018343177429177206,0.0095975497756058
4,XYt,278,41,0.01827353333083867,0.00957660846363909
4,XYt,279,41,0.01822168309799552,0.009528145744350961
4,XYt,280,41,0.018179250636321982,0.009489157104021864
4,XYt,281,41,0.018220294799934224,0.00948436518691893
4,XYt,282,41,0.01825225682111326,0.00947761319318446
4,XYt,283,41,0.018385334432347415,0.009525710476892425
4,XYt,284,41,0.01848545637713178,0.009582904671409587
4,XYt,285,41,0.01850502204849483,0.00957265898820869
4,XYt,286,41,0.018543677767015366,0.009573148273008897
4,XYt,287,41,0.018517850382554123,0.009553438343505827
4,XYt,288,41,0.018502242369411975,0.009549440831931596
4,XYt,289,41,0.018425595725681868,0.009485907989696705
4,XYt,290,40,0.019418239739898986,0.009974443531957054
4,XYt,291,40,0.01934108506964549,0.009913962201748837
4,XYt,292,40,0.01938679910769036,0.009894958411174465
4,XYt,293,40,0.019319093077660884,0.00984974934631218
4,XYt,294,40,0.019388917725489948,0.009895195285672648
4,XYt,295,40,0.019404773051603066,0.009922860726436127
4,XYt,296,40,0.01939241281156499,0.00994350615894012
4,XYt,297,40,0.019475022501413263,0.00995485160793411
4,XYt,298,40,0.019548417252229642,0.009948239484900322
4,XYt,299,40,0.019491204068019984,0.009942947484917121
4,XYt,300,41,0.01852508338512121,0.00944057815143812
4,XYt,301,41,0.018547636534912072,0.009467984303686063
4,XYt,302,41,0.018602251452040624,0.009510158304912437
4,XYt,303,41,0.018554242118772764,0.009498155842698967
4,XYt,304,41,0.018572241724548112,0.009494541982640244
4,XYt,305,40,0.019510628816840368,0.00997751907279971
4,XYt,306,40,0.01958049959201984,0.009967866743917697
4,XYt,307,40,0.01956048612877932,0.009965705529527217
4,XYt,308,40,0.019637876670863735,0.009986704807308528
4,XYt,309,40,0.019664472391849985,0.009988862651497614
4,XYt,310,41,0.01876192497570957,0.00949624562518778
4,XYt,311,41,0.018723676719292526,0.009472304885047645
4,XYt,312,41,0.018764548345714924,0.009472833581584156
4,XYt,313,41,0.018814150835234748,0.009488267835964338
4,XYt,314,41,0.018839899764133007,0.00948673282907899
4,XYt,315,41,0.01883643416182329,0.009455316038039884
4,XYt,316,40,0.01980932263564869,0.009969310036179345
4,XYt,317,40,0.019781227135765005,0.009901536676849601
4,XYt,318,40,0.019695214378450322,0.009821158448248778
4,XYt,319,40,0.019761811805776488,0.009795148942547651
4,XYt,320,40,0.019818631135163068,0.009824128089638907
4,XYt,321,40,0.019997723050406774,0.00989125888002166
4,XYt,322,40,0.02011714770829051,0.009926782239397221
4,XYt,323,40,0.020428337684377098,0.009945330863483114
4,XYt,324,41,0.02001195578643412,0.009463172996224966
4,XYt,325,41,0.02475261335576407,0.009781568935264693
4,XYt,326,41,0.030666216035666063,0.009629775146753276
4,XYt,327,41,0.03290683998113159,0.009641270983417176
4,XYt,328,41,0.03363093486333347,0.00963905437390848
4,XYt,329,41,0.03403846106257274,0.009617480850929455
4,XYt,330,41,0.03404093321984539,0.009565737356715886
4,XYt,331,41,0.03424035333221465,0.009555424616274504
4,XYt,332,41,0.03410628360715548,0.009498638272269645
4,XYt,333,41,0.03420521530929272,0.009486061597272761
4,XYt,334,40,0.03588941221629864,0.009975254213432571
4,XYt,335,41,0.03443977238938492,0.009476709238641912
4,XYt,336,41,0.034348371259284805,0.009501097747535898
4,XYt,337,41,0.03450339203188969,0.0095405101204177
4,XYt,338,41,0.034517846138703644,0.00956421723398349
4,XYt,339,41,0.035136743542220995,0.00975731735388523
4,XYt,340,42,0.033990445093852066,0.009580233366362056
4,XYt,341,42,0.03432990921081193,0.009843890899401596
4,XYt,342,43,0.03297587728131761,0.009572370873867062
4,XYt,343,43,0.03349550426391047,0.009909145877900902
4,XYt,344,44,0.03184787184545978,0.00958782376265993
4,XYt,345,44,0.03185388157227924,0.009752455715046465
4,XYt,346,44,0.03169972858926845,0.009879038501943676
4,XYt,347,45,0.030192263551119276,0.00948051202621009
4,XYt,348,45,0.030318628887530372,0.009663981118313611
4,XYt,349,45,0.030405440617294575,0.0098063019306013
4,XYt,350,45,0.030371838089327034,0.009897874730979908
4,XYt,351,46,0.028969284056097035,0.009454227732239558
4,XYt,352,46,0.02912503935102444,0.009606222097658363
4,XYt,353,46,0.029126144920319962,0.009738486043902287
4,XYt,354,46,0.02901645872418691,0.009781994656645695
4,XYt,355,46,0.028946054624494302,0.009786624478173984
4,XYt,356,46,0.028666461596679103,0.009783873839392984
4,XYt,357,46,0.028173232371302204,0.009729524488903041
4,XYt,358,46,0.027117311475784233,0.009585600906874684
4,XYt,359,46,0.026305029097434984,0.009464268115871458
4,XYt,360,45,0.026912611467141887,0.009955140425066778
4,XYt,361,45,0.02638597296878386,0.009922408371576348
4,XYt,362,45,0.02558098065679529,0.00989586758357086
4,XYt,363,46,0.024513595729102867,0.009546380013646095
4,XYt,364,49,0.02562168169165529,0.009846769182451559
4,XYt,365,50,0.02444428229639898,0.009517721266206999
4,XYt,366,50,0.024298573352384837,0.009582466843680928
4,XYt,367,50,0.024298354928417816,0.009634795594491543
4,XYt,368,50,0.024178572380331113,0.009697259579483454
4,XYt,369,50,0.024048273202027824,0.009728179342847818
4,XYt,370,50,0.023866879984575394,0.009736174407187279
4,XYt,371,50,0.023787871893562056,0.009744045846573835
4,XYt,372,50,0.023612997691142664,0.009748615950885919
4,XYt,373,50,0.023540719099670697,0.00977114496133305
4,XYt,374,50,0.023400331816400537,0.009827243518099694
4,XYt,375,50,0.023114178828100258,0.009801093122425672
4,XYt,376,50,0.022592492511162614,0.009720195385731026
4,XYt,377,50,0.022152197471688388,0.009669671830817161
4,XYt,378,50,0.021688852119932857,0.009621496379322586
4,XYt,379,50,0.021414934102111156,0.009575380139165809
4,XYt,380,50,0.021218868003893884,0.009552149784780658
4,XYt,381,50,0.021222206707806786,0.009571273429762375
4,XYt,382,50,0.021131590366771362,0.009576094063298889
4,XYt,383,50,0.02120949544543946,0.009595107287986517
4,XYt,384,50,0.021125397505045062,0.009599326294827253
4,XYt,385,50,0.02074711780454247,0.009554009163224426
4,XYt,386,50,0.020434449323626244,0.009535121703919461
4,XYt,387,50,0.020482718246370085,0.0095628345374832
4,XYt,388,50,0.020472603017591406,0.009555475719120738
4,XYt,389,50,0.02055625746100322,0.00956743526301382
4,XYt,390,50,0.020538750651075934,0.009557153376008525
4,XYt,391,50,0.02058831514750188,0.00956026590850303
4,XYt,392,50,0.02051693323110068,0.009541610283984219
4,XYt,393,50,0.02054874341666009,0.00953146325081278
4,XYt,394,50,0.02055444068077015,0.009522290046131723
4,XYt,395,50,0.020660752348049163,0.009516273932833327
4,XYt,396,50,0.02076996220073175,0.009498228229260943
4,XYt,397,50,0.020910536338329695,0.009512343759784048
4,XYt,398,50,0.020933152437678976,0.009536240513584482
4,XYt,399,50,0.02086799332200854,0.00955013174311935
4,XYt,400,50,0.020828432933653537,0.009561113342261689
4,XYt,401,50,0.020833103481577717,0.009590618817328584
4,XYt,402,50,0.02076896817665914,0.009554633509351037
4,XYt,403,50,0.020750737625560102,0.009552369804891143
4,XYt,404,50,0.02082850813039505,0.00955233831533478
4,XYt,405,50,0.020849021868430018,0.009543319851037462
4,XYt,406,50,0.020958027659933768,0.00954025952578923
4,XYt,407,50,0.02107937679234491,0.00956634786998824
4,XYt,408,50,0.021293822876178644,0.009573447381424833
4,XYt,409,50,0.02149962884126356,0.00959063511025967
4,XYt,410,50,0.021738472018108624,0.00963676550377471
4,XYt,411,50,0.02152615796983703,0.00958529687956269
4,XYt,412,50,0.021627940560769433,0.009600144237806725
4,XYt,413,50,0.021703078940073502,0.009616187061652421
4,XYt,414,50,0.02192286843152018,0.009649633184336672
4,XYt,415,50,0.022071539930680922,0.009665787864236932
4,XYt,416,50,0.02246822307908904,0.009708387407965974
4,XYt,417,50,0.022867480153634313,0.009750300841605079
4,XYt,418,50,0.023284283106808978,0.009815200549897707
4,XYt,419,50,0.02345635954804914,0.009787298246819518
4,XYt,420,50,0.023738852008379177,0.009755423444966771
4,XYt,421,50,0.023777004584015167,0.00969350071663829
4,XYt,422,50,0.023952550434222952,0.009687749402374955
4,XYt,423,50,0.023984131649471226,0.00964887004480426
4,XYt,424,50,0.024044824078329776,0.009609900871135273
4,XYt,425,50,0.024234739911729083,0.00959804552469744
4,XYt,426,50,0.024498443613501494,0.009615789343880044
4,XYt,427,50,0.02463035235317754,0.009605640960065132
4,XYt,428,50,0.024824778897689505,0.00964686656692082
4,XYt,429,50,0.02508631295446386,0.009668641592235894
4,XYt,430,50,0.025378843223471045,0.009685559966389042
4,XYt,431,50,0.025767785060414255,0.009703626054920908
4,XYt,432,50,0.02628752834471177,0.009741745554278348
4,XYt,433,50,0.026819925391601884,0.009756078947224538
4,XYt,434,50,0.02754216371772279,0.009809510234319044
4,XYt,435,50,0.028265316548237617,0.009845635269537462
4,XYt,436,50,0.029170837196836497,0.009932443520308669
4,XYt,437,51,0.02830785416684854,0.00945976464184729
4,XYt,438,50,0.030085586465396268,0.009987635354117983
4,XYt,439,50,0.030139879109594685,0.00993772696235252
4,XYt,440,50,0.03023874539971817,0.009891283366470821
4,XYt,441,50,0.03053836538440238,0.009881665401317923
4,XYt,442,50,0.030807942126586853,0.009850705124294043
4,XYt,443,50,0.030935110626969475,0.009782133631096335
4,XYt,444,50,0.030946222820750508,0.009689455762702895
4,XYt,445,50,0.031045091884957427,0.009625319076643674
4,XYt,446,50,0.031043184108683494,0.009531881290292518
4,XYt,447,49,0.032870280488234455,0.009988933828554683
4,XYt,448,49,0.03296398366199871,0.009884628325627254
4,XYt,449,49,0.033225852311184974,0.009775477812531665
4,XYt,450,49,0.033340634502130546,0.009632219793718828
4,XYt,451,49,0.03348326275624042,0.009485464861142547
4,XYt,452,48,0.03515633478907024,0.00982503387627993
4,XYt,453,48,0.035198546791310785,0.009713857062603528
4,XYt,454,48,0.03509222117322946,0.009553199128826406
4,XYt,455,47,0.03653435454960759,0.0099245805889954
4,XYt,456,47,0.03649589842845312,0.009883776220143
4,XYt,457,47,0.036580008448865435,0.009874986076945605
4,XYt,458,47,0.036656690823451354,0.009879213676661293
4,XYt,459,47,0.03676326363613539,0.009884360370874402
4,XYt,460,47,0.036869872316289395,0.009878403813577057
4,XYt,461,47,0.03683728889262229,0.009850734470366282
4,XYt,462,47,0.036827727996646326,0.009806718212992005
4,XYt,463,47,0.03706857422765386,0.009775441047336308
4,XYt,464,47,0.03754508531566926,0.009802359318245454
4,XYt,465,47,0.03709509122772104,0.009854068249590864
4,XYt,466,47,0.033861240555153826,0.009801295198638964
4,XYt,467,47,0.028979636760568347,0.009830952834000064
4,XYt,468,47,0.024100212128019403,0.009851740908417813
4,XYt,469,47,0.02093854066878183,0.009757591199509098
4,XYt,470,47,0.019732463782443442,0.009737816520058817
4,XYt,471,47,0.019391770574414838,0.009729691916456475
4,XYt,472,47,0.019545644511201735,0.009752270252011697
4,XYt,473,47,0.01969297337944689,0.009727778172243259
4,XYt,474,47,0.019745324648159503,0.009699989673744188
4,XYt,475,47,0.019754071580139133,0.009687282439495367
4,XYt,476,47,0.019815042030500326,0.009692959874883597
4,XYt,477,47,0.019753164264337233,0.009654231391372722
4,XYt,478,47,0.019747363794065952,0.009656745495313852
4,XYt,479,47,0.019719931481901112,0.00964122276643933
4,XYt,480,47,0.019725809582028554,0.009645609929408848
4,XYt,481,47,0.01969991559851002,0.009618687147552308
4,XYt,482,47,0.019667569720300208,0.009596319653712816
4,XYt,483,47,0.019627422363012608,0.009568932012738705
4,XYt,484,47,0.019666514309779063,0.00960165745205603
4,XYt,485,47,0.01965197208163669,0.00960121925885614
4,XYt,486,47,0.01963833718755687,0.009605383523988263
4,XYt,487,47,0.019617538074778174,0.009601199728888676
4,XYt,488,47,0.019654023521100662,0.009625537424253856
4,XYt,489,47,0.019671405537929707,0.009637421780493524
4,XYt,490,47,0.019667581695949114,0.009625842209754435
4,XYt,491,47,0.01965385303507042,0.009618511289485192
4,XYt,492,47,0.01963792176311313,0.009618700143863863
4,XYt,493,47,0.01963561492323421,0.009620398448253908
4,XYt,494,47,0.01959606816714755,0.009604568874320797
4,XYt,495,47,0.019628512342890807,0.009623373616159352
4,XYt,496,47,0.019606373391371872,0.009607198036911879
4,XYt,497,47,0.019568558353872667,0.00959013816340878
4,XYt,498,47,0.019527262123239995,0.009564518663873247
4,XYt,499,47,0.019528913156573506,0.009558605554120313
4,XYt,500,47,0.019495287158004113,0.009526794717293792
4,XYt,501,47,0.019517792148239472,0.009522073433546944
4,XYt,502,47,0.019469394862869038,0.009484543532262035
4,XYt,503,47,0.019494468974174343,0.009487978805899919
4,XYt,504,47,0.019450644700803776,0.00946665192614628
4,XYt,505,46,0.02050236250096006,0.00999901551077346
4,XYt,506,46,0.020511854408095147,0.009995165330266315
4,XYt,507,47,0.01949107529481727,0.009474631836215833
4,XYt,508,47,0.01950428807731569,0.009490479736099004
4,XYt,509,47,0.019543862634655722,0.00951858397907441
4,XYt,510,47,0.019564123648725295,0.009527652918436895
4,XYt,511,47,0.01956273628001285,0.009530816483021034
4,XYt,512,47,0.019557910781538016,0.009540956424615474
4,XYt,513,47,0.01955291530959338,0.009548830465010746
4,XYt,514,47,0.019546625546106814,0.009553736842312047
4,XYt,515,47,0.01955610873601281,0.009565990550895392
4,XYt,516,47,0.019526817515302348,0.009559833582115604
4,XYt,517,47,0.019474556676253092,0.009532598062379142
4,XYt,518,47,0.01947504481530633,0.009541194717940486
4,XYt,519,47,0.019437347812741094,0.009516986133738565
4,XYt,520,47,0.019407668865299058,0.009503006989712792
4,XYt,521,47,0.019401575175261015,0.00949257177765675
4,XYt,522,47,0.019382225685099133,0.009487621829266126
4,XYt,523,47,0.01936888910810977,0.00947370533030905
4,XYt,524,47,0.019318339185840885,0.009466784800952152
4,XYt,525,47,0.019260126851408776,0.009471916385632731
4,XYt,526,47,0.01917698708990067,0.009513213119885086
4,XYt,527,47,0.018972284861167695,0.009555086512958123
4,XYt,528,47,0.01860847165841069,0.009537567675233026
4,XYt,529,47,0.01830008001606509,0.009476653176605992
4,XYt,530,46,0.019248253760511907,0.009955771398565969
4,XYt,531,46,0.019631693274838154,0.00993328673171149
4,XYt,532,46,0.020546891542935857,0.00996618374936592
4,XYt,533,47,0.021134095791779328,0.009495371008923555
4,XYt,534,47,0.024202913512406,0.009588932349249754
4,XYt,535,47,0.028341393657549944,0.009581793348940775
4,XYt,536,46,0.03361295084354874,0.009982007723346299
4,XYt,537,46,0.037285726179581966,0.00999388760075241
4,XYt,538,47,0.03775794369008916,0.009514592763099154
4,XYt,539,47,0.03867739556663176,0.009518777688816095
4,XYt,540,47,0.03888263155635673,0.009593323064930652
4,XYt,541,47,0.03824304843885965,0.009645865481912132
4,XYt,542,47,0.03751450308865353,0.009686069763228392
4,XYt,543,47,0.03698245013216713,0.009750786020108319
4,XYt,544,47,0.03658205996241777,0.009797733343641443
4,XYt,545,47,0.03638144063494705,0.009875851994326763
4,XYt,546,48,0.03460456935310789,0.009513793333506528
4,XYt,547,48,0.03432478536792655,0.009686388372628009
4,XYt,548,48,0.03348839583022932,0.009753249200646373
4,XYt,549,48,0.03280545255735318,0.009819005921089564
4,XYt,550,48,0.03223366465504114,0.0098467628348071
4,XYt,551,48,0.03181525593299524,0.009875082601418823
4,XYt,552,48,0.03161558425549552,0.009915597721831836
4,XYt,553,48,0.03147781091794686,0.009945022906696658
4,XYt,554,48,0.03139976368984118,0.009960071783421363
4,XYt,555,48,0.0312814671594977,0.009963080791552354
4,XYt,556,48,0.031150601212339292,0.009961420125962253
4,XYt,557,48,0.03093917298586207,0.009933964709860877
4,XYt,558,48,0.03064577446172224,0.00990784601532753
4,XYt,559,48,0.0302114534894457,0.009869716149378207
4,XYt,560,48,0.02947046164789651,0.00979815397703719
4,XYt,561,48,0.02852603779719707,0.009689312636745542
4,XYt,562,48,0.027915819911680354,0.009613865116290492
4,XYt,563,48,0.02772067154449335,0.009670980277585494
4,XYt,564,48,0.027448485126940064,0.009775209663205034
4,XYt,565,48,0.02705322121199561,0.00992447352453999
4,XYt,566,49,0.025020178876087398,0.009473850888860515
4,XYt,567,49,0.024429150148893637,0.009513117851421428
4,XYt,568,49,0.02387063567897948,0.009508550416082341
4,XYt,569,48,0.024589660945409587,0.00998593495777828
4,XYt,570,48,0.02406730299395878,0.009917304663337156
4,XYt,571,48,0.02355688252872638,0.009827385827763433
4,XYt,572,48,0.023073898107437468,0.009721650534016205
4,XYt,573,48,0.022718516669004332,0.009604149524463607
4,XYt,574,48,0.022668315289064732,0.009552694509327548
4,XYt,575,48,0.022766526454056468,0.009516807575405519
4,XYt,576,48,0.02307431061511776,0.009553486185722933
4,XYt,577,48,0.023298995158606128,0.0095736877223436
4,XYt,578,48,0.023491931169355752,0.009595461080112477
4,XYt,579,48,0.023692215943119006,0.00959490656927755
4,XYt,580,48,0.023841673000546352,0.009594090215642637
4,XYt,581,48,0.02395830953276902,0.009617601081219415
4,XYt,582,48,0.023893266436324678,0.00964151571125063
4,XYt,583,48,0.023737432470632043,0.009665269318253256
4,XYt,584,48,0.02348977058612644,0.00968120018813026
4,XYt,585,48,0.023150831788526113,0.009696948578708129
4,XYt,586,48,0.022769555347101195,0.00972110241756599
4,XYt,587,48,0.022588086282264674,0.009887566656650613
4,XYt,588,48,0.022091836135760958,0.009986899998545743
4,XYt,589,49,0.020346000808246143,0.009523863621462679
4,XYt,590,49,0.019550637014573338,0.009478078945497936
4,XYt,591,48,0.01993149393749016,0.009963620693320045
4,XYt,592,48,0.019527252342973322,0.009927566513503362
4,XYt,593,48,0.019355114559359843,0.009905927253192129
4,XYt,594,48,0.019290501595279175,0.00987872768768907
4,XYt,595,48,0.01941308040448154,0.009908087707261842
4,XYt,596,48,0.019541164036307186,0.00989024974862446
4,XYt,597,48,0.01965734173501193,0.009840555260211393
4,XYt,598,48,0.019777035468487948,0.009773363589143649
4,XYt,599,48,0.019895581441309696,0.009702794691643826
4,XYt,600,48,0.020069614121316755,0.009630517489436437
4,XYt,601,48,0.020323202973106084,0.009600814817672899
4,XYt,602,48,0.020563008165437182,0.009584381071464435
4,XYt,603,48,0.020730023122324293,0.009579672672828823
4,XYt,604,48,0.02090530828850514,0.00959657122687278
4,XYt,605,48,0.020977271843095224,0.009602134274674615
4,XYt,606,48,0.020994671416143057,0.009593675294079269
4,XYt,607,48,0.02097273955024287,0.009597592920632714
4,XYt,608,48,0.020928998507587292,0.009596830120520629
4,XYt,609,48,0.020853896446396132,0.009605752798233134
4,XYt,610,48,0.02074570247144604,0.009617676630565092
4,XYt,611,48,0.020551007739503184,0.009647151241622326
4,XYt,612,48,0.02031423940620047,0.009680794649541302
4,XYt,613,48,0.0199949414062813,0.009699398044004413
4,XYt,614,48,0.019702944766417783,0.009735157225497266
4,XYt,615,48,0.019395328028390113,0.009745660177494125
4,XYt,616,48,0.019165575043962373,0.009754303743635659
4,XYt,617,48,0.01896060578775188,0.00974615921501137
4,XYt,618,48,0.018950513878221862,0.00976645020329192
4,XYt,619,48,0.019049137854181115,0.009822637216784834
4,XYt,620,48,0.019065328220273,0.009811243197878404
4,XYt,621,48,0.01925696214595147,0.009798530737591377
4,XYt,622,48,0.01973256840206136,0.009811767964234061
4,XYt,623,48,0.020350309399093984,0.009782571707176143
4,XYt,624,48,0.02093197279799095,0.009700854701154048
4,XYt,625,48,0.021666368360991638,0.009671838609761252
4,XYt,626,48,0.0222996764023456,0.00965049624873617
4,XYt,627,48,0.022655417087036615,0.009598543690108692
4,XYt,628,48,0.023097376090928604,0.009600764769943522
4,XYt,629,48,0.023408066552019144,0.009580805851573001
4,XYt,630,48,0.023536427650929958,0.009530441026069949
4,XYt,631,48,0.023502860486551015,0.009474002630238626
4,XYt,632,48,0.023465262111348948,0.00948475152894553
4,XYt,633,47,0.024536026223891838,0.009998529484304339
4,XYt,634,47,0.024344452887881004,0.009983906386042254
4,XYt,635,47,0.024119054176194817,0.009953275130862122
4,XYt,636,47,0.023779828877846867,0.009926413101489241
4,XYt,637,47,0.02347968808565455,0.009913919251428408
4,XYt,638,47,0.023335402522019023,0.009937468694601426
4,XYt,639,47,0.023226809158732646,0.009952554507034722
4,XYt,640,48,0.022201087135414504,0.009504155063713937
4,XYt,641,48,0.022598897813405957,0.00961868552301213
4,XYt,642,48,0.02308275048882558,0.009713917385811654
4,XYt,643,48,0.023489026205327723,0.009759892160021622
4,XYt,644,48,0.023911521989670417,0.009786811285976674
4,XYt,645,48,0.024352694504605896,0.009775522569974169
4,XYt,646,48,0.024850619874820585,0.009737976985329876
4,XYt,647,48,0.025390824492333413,0.009655561755149433
4,XYt,648,48,0.025925832151407247,0.009536467045295604
4,XYt,649,47,0.02774331641744176,0.009948101260193524
4,XYt,650,47,0.02828717482182128,0.009903188449860652
4,XYt,651,47,0.028597423814588623,0.00987788614657914
4,XYt,652,48,0.02806789419787324,0.009470045013939415
4,XYt,653,48,0.02880005483967992,0.00951477752155368
4,XYt,654,48,0.029167731736598364,0.00954756951649207
4,XYt,655,48,0.029368340341206122,0.009567342167735221
4,XYt,656,48,0.02953891807495158,0.009576803855099745
4,XYt,657,48,0.029787973298819527,0.009599932637350357
4,XYt,658,48,0.02998458440765597,0.009592421462272802
4,XYt,659,48,0.030205758477873976,0.009575139024763347
4,XYt,660,48,0.030447351862415824,0.00953097879389229
4,XYt,661,48,0.030736369085631335,0.00947946658684732
4,XYt,662,47,0.03274670575217191,0.009927558250024922
4,XYt,663,47,0.03328555491786036,0.009841489305513209
4,XYt,664,47,0.03394901513994323,0.009738162720579509
4,XYt,665,47,0.03491647435692797,0.009647292563496114
4,XYt,666,47,0.03579501146822781,0.009522593213425813
4,XYt,667,46,0.03818485043712529,0.009890194450777842
4,XYt,668,46,0.03844282244879242,0.009783677791929495
4,XYt,669,46,0.03884431908501093,0.009789671634533067
4,XYt,670,46,0.03898340068562345,0.009785098348399928
4,XYt,671,46,0.03877490537391308,0.009760322028823173
4,XYt,672,46,0.037975006279246507,0.009664087430613932
4,XYt,673,46,0.036136580885626914,0.00954388145230784
4,XYt,674,46,0.03397071280890979,0.009471817814775508
4,XYt,675,46,0.031968012355170175,0.009502429817417836
4,XYt,676,46,0.029918853635097945,0.00959648859110909
4,XYt,677,46,0.027220490220588613,0.00958444547026571
4,XYt,678,46,0.0243693034689418,0.009513313314998563
4,XYt,679,46,0.02221955011705033,0.00949014714009052
4,XYt,680,45,0.021844199260838023,0.009993130032090451
4,XYt,681,45,0.020682861259471268,0.009942027686655147
4,XYt,682,45,0.019926682824418066,0.009933117623222597
4,XYt,683,45,0.019363007170700546,0.009928523063026263
4,XYt,684,45,0.019001391349572502,0.00993422267547265
4,XYt,685,45,0.0187590291672063,0.00993851862715389
4,XYt,686,45,0.01874178586022229,0.009999775758818923
4,XYt,687,46,0.017805112667582567,0.009488628081909627
4,XYt,688,46,0.017969180001355473,0.009526966117679994
4,XYt,689,46,0.018177401859763676,0.00954330920812871
4,XYt,690,46,0.018381988771375604,0.009530306989274354
4,XYt,691,46,0.018606293189583446,0.00949359807997804
4,XYt,692,45,0.019750012502844163,0.009981517346376714
4,XYt,693,45,0.019850503688405324,0.009933657973738456
4,XYt,694,45,0.019933485934335186,0.009896552072497088
4,XYt,695,45,0.020010280633421383,0.009912161280935439
4,XYt,696,45,0.02003069526527843,0.009899786372579513
4,XYt,697,45,0.019977843394784634,0.009890224074662696
4,XYt,698,45,0.019970628938325834,0.009874022362846988
4,XYt,699,45,0.0199513402076924,0.009884663103882656
4,XYt,700,45,0.019905184140693657,0.009857476594292687
4,XYt,701,45,0.019855845781604715,0.009859931346803238
4,XYt,702,45,0.019774908522054283,0.00980994708786073
4,XYt,703,45,0.019714248150866642,0.00980949908374613
4,XYt,704,45,0.01959384362022779,0.009754122721194242
4,XYt,705,45,0.019523293303315505,0.009739556223692509
4,XYt,706,45,0.01946817681071263,0.009705100995881124
4,XYt,707,45,0.019500468470347903,0.009719452657737005
4,XYt,708,45,0.019629742267961978,0.009773226888261884
4,XYt,709,48,0.01818557709856454,0.009693946021958957
4,XYt,710,44,0.019203198421538337,0.00970427458960014
4,XYt,711,48,0.018457680356808188,0.009848549931854876
4,XYt,712,47,0.01875502827654655,0.009968674041475759
4,XYt,713,47,0.0178177298562406,0.009894483855536785
4,XYt,714,47,0.017070521967207344,0.009960680089695325
4,XYt,715,47,0.01612071222592622,0.009855275316546399
4,XYt,716,47,0.014823608596376122,0.009542961669701764
4,XYt,717,46,0.014214920877354011,0.0095964881840346
4,XYt,718,46,0.013717314322525648,0.009496486274515211
4,XYt,719,45,0.014442346324622686,0.009995195424709858
4,XYt,720,45,0.014732681149434424,0.009953869331523802
4,XYt,721,46,0.014696389689997666,0.009551636930128157
4,XYt,722,46,0.01525457937711886,0.009742946489285233
4,XYt,723,46,0.015919510597909393,0.00995690100807562
4,XYt,724,47,0.015565896905596108,0.009442596852558284
4,XYt,725,47,0.01625488231092343,0.009832286303587488
4,XYt,726,48,0.01523184277102838,0.009454836356047608
4,XYt,727,48,0.014666858088303937,0.009644115763485913
4,YZt,0,9,0.2050028998518253,0.00929590321773766
4,YZt,1,31,0.04976568805185592,0.009388922021442257
4,YZt,2,31,0.041700208298058795,0.009828042719723965
4,YZt,3,33,0.03438764132974005,0.009597370332078792
4,YZt,4,37,0.02779932689129099,0.009448928434523673
4,YZt,5,44,0.02076965580950943,0.009407515785249272
4,YZt,6,41,0.026944565847122067,0.009893071108431864
4,YZt,7,41,0.03201435996744438,0.00986207143303512
4,YZt,8,40,0.03327899246172581,0.009823477980320556
4,YZt,9,40,0.03632857911950669,0.00984704847475676
4,YZt,10,40,0.03562926710589853,0.009492608109877357
4,YZt,11,40,0.038111745430988414,0.009780198137154705
4,YZt,12,39,0.03927514247423583,0.009979320781382287
4,YZt,13,40,0.03841829414341553,0.009526461866039879
4,YZt,14,40,0.038695632309830474,0.009437575574652817
4,YZt,15,39,0.04130189348539005,0.00974559438165665
4,YZt,16,39,0.04239783390918411,0.009993377647095108
4,YZt,17,39,0.042627391236284465,0.009831816953363085
4,YZt,18,40,0.041017472021327286,0.009443933746623613
4,YZt,19,40,0.04106675521496543,0.009443368801662952
4,YZt,20,40,0.041847555022554786,0.009471407140929543
4,YZt,21,40,0.04165659025543116,0.009562859573098562
4,YZt,22,39,0.04390405461596957,0.009941573228767363
4,YZt,23,39,0.04421583444261132,0.009917285418197783
4,YZt,24,40,0.04397144024799124,0.009928915729238104
4,YZt,25,40,0.04286413150812169,0.009559883727374856
4,YZt,26,40,0.04358073590987981,0.009747645353704511
4,YZt,27,40,0.04368592779217299,0.009720544223231375
4,YZt,28,40,0.0446714068326892,0.009834074101932377
4,YZt,29,40,0.04320970497210908,0.009578165715510682
4,YZt,30,41,0.0428436390366441,0.009522700811173153
4,YZt,31,40,0.045121864810382634,0.009798326781786765
4,YZt,32,40,0.04428582510495459,0.009471663445920611
4,YZt,33,40,0.04557226997608988,0.009930962558150035
4,YZt,34,41,0.04398960320688346,0.009564851999494067
4,YZt,35,41,0.04357336836482741,0.009554180133799066
4,YZt,36,40,0.04522540276646914,0.009756575392659008
4,YZt,37,40,0.0447618255750207,0.00972984557559134
4,YZt,38,40,0.044775695118319636,0.00991303763106793
4,YZt,39,41,0.04246269969979854,0.009703261828224181
4,YZt,40,42,0.04010139048146443,0.009483336237672772
4,YZt,41,42,0.039385129722338,0.00968328808269823
4,YZt,42,42,0.03922336439818966,0.009815106904878848
4,YZt,43,42,0.03781265332816863,0.009795834658293203
4,YZt,44,42,0.036465974944727315,0.009860902267228437
4,YZt,45,42,0.0349305364230676,0.009829278815924483
4,YZt,46,42,0.03365346644687606,0.009700911538509252
4,YZt,47,42,0.03289016077994189,0.00979356641725624
4,YZt,48,42,0.032005764211733144,0.009887498475049487
4,YZt,49,43,0.030239526446543097,0.009642689832243846
4,YZt,50,43,0.029869820771923263,0.009724886420508998
4,YZt,51,43,0.02966502352760648,0.009788489602142804
4,YZt,52,43,0.028935246152174035,0.00963676017601236
4,YZt,53,42,0.03016455249723652,0.009829488317972005
4,YZt,54,43,0.028999126860221085,0.009704265963458922
4,YZt,55,43,0.029097184194207662,0.00975505262821616
4,YZt,56,43,0.02918175130465378,0.009636589338592893
4,YZt,57,42,0.03087816460514487,0.0099318498358639
4,YZt,58,43,0.030099211233938543,0.009854409346645361
4,YZt,59,43,0.03047638402944852,0.009894957283187098
4,YZt,60,43,0.030299169133724716,0.009518219179627313
4,YZt,61,43,0.03087747535635794,0.00962914367580366
4,YZt,62,43,0.03153502540674293,0.009994683751009256
4,YZt,63,43,0.03161467807567643,0.009997513708699534
4,YZt,64,46,0.02680316377490846,0.009520343462229899
4,YZt,65,47,0.023987651993760982,0.009438479374771632
4,YZt,66,46,0.022555174527392703,0.009828959728345571
4,YZt,67,46,0.019247284850088166,0.009625298378007248
4,YZt,68,45,0.017377112000005007,0.009680666038091028
4,YZt,69,45,0.015849242447966257,0.009859345239262914
4,YZt,70,45,0.01454183263310175,0.009666448001558373
4,YZt,71,45,0.013601804650231473,0.009660113234738697
4,YZt,72,45,0.012865274771808873,0.009591377165743776
4,YZt,73,45,0.012360168117171957,0.009721413965970817
4,YZt,74,45,0.012002991074015763,0.00983907181111507
4,YZt,75,45,0.01168509545730749,0.00992179406281765
4,YZt,76,45,0.011258435275045721,0.009900214000274186
4,YZt,77,46,0.010453855157087836,0.00955932475923118
4,YZt,78,46,0.01026128124168294,0.00956908463749325
4,YZt,79,46,0.010160812783552459,0.009758060173745618
4,YZt,80,46,0.010023719269557684,0.009674575646899133
4,YZt,81,46,0.01008226310502897,0.009999760802213176
4,YZt,82,46,0.010109421568393874,0.00995153499199936
4,YZt,83,47,0.009622564330583313,0.009614455334181904
4,YZt,84,47,0.009735330113066896,0.00974835009678761
4,YZt,85,47,0.009735500368072744,0.009701456884060123
4,YZt,86,47,0.009920236236979175,0.009953966829075048
4,YZt,87,47,0.010083934559111402,0.009959092655583096
4,YZt,88,48,0.009660831892813849,0.009601204146384794
4,YZt,89,48,0.009865323326345987,0.009847652598625892
4,YZt,90,48,0.00993447120168172,0.009764222231611535
4,YZt,91,49,0.009548605733646702,0.009508556754742754
4,YZt,92,49,0.009692051714960199,0.009741696230577258
4,YZt,93,49,0.009806202048300607,0.009705669623281784
4,YZt,94,49,0.009921668190920161,0.009993526749246601
4,YZt,95,50,0.009465886664409234,0.009512615271018321
4,YZt,96,50,0.009651615585034084,0.00967352862348406
4,YZt,97,50,0.00970013825961448,0.00971023169687724
4,YZt,98,50,0.009841341255336379,0.009987570425964796
4,YZt,99,51,0.009482242597756657,0.009671036078704974
4,YZt,100,51,0.009564445027514343,0.009614228666470468
4,YZt,101,51,0.009607543157008729,0.009602725446048514
4,YZt,102,51,0.009785840104204805,0.009872654961736544
4,YZt,103,52,0.009452527619146554,0.009574671524113936
4,YZt,104,52,0.009664718451557437,0.009732129814744474
4,YZt,105,52,0.009722244081783227,0.009566054140085722
4,YZt,106,52,0.009952111586197016,0.009725945702759161
4,YZt,107,53,0.009658903311829371,0.009565128263080412
4,YZt,108,53,0.009965357599159572,0.009751442120245809
4,YZt,109,53,0.01031190347638475,0.009909134388896772
4,YZt,110,53,0.010615953173197613,0.009914185450351653
4,YZt,111,53,0.010765082350601543,0.009781568079467324
4,YZt,112,53,0.011077667507119608,0.009888530179473137
4,YZt,113,53,0.01137714299864165,0.009991415657622007
4,YZt,114,55,0.010247653241781,0.009686637088089037
4,YZt,115,55,0.010235796168668623,0.00966475888617344
4,YZt,116,55,0.010183502432118548,0.009612869418778433
4,YZt,117,55,0.01014370756487206,0.009593329929305167
4,YZt,118,55,0.010184506270739083,0.00965445613722514
4,YZt,119,55,0.010153431906400839,0.009669533029160144
4,YZt,120,55,0.010061587018187315,0.00970206087025289
4,YZt,121,55,0.00998682101257202,0.009763085362152354
4,YZt,122,55,0.00985446605384407,0.009764259953517632
4,YZt,123,55,0.009659006688286492,0.009727355987284178
4,YZt,124,55,0.009450131803031715,0.009705518398900563
4,YZt,125,55,0.009267492274812985,0.009681365280993014
4,YZt,126,55,0.009170899979650966,0.009714400992049026
4,YZt,127,55,0.009112625907237853,0.009706142831122982
4,YZt,128,55,0.009020799593907948,0.00958344537677156
4,YZt,129,55,0.00898620757220803,0.009498233223443333
4,YZt,130,54,0.00955494239707557,0.009987163078780729
4,YZt,131,54,0.009621424514530515,0.00999897666524541
4,YZt,132,55,0.009179528456868705,0.009556441540723127
4,YZt,133,55,0.009207484212239951,0.009514858110308206
4,YZt,134,54,0.009725865425875028,0.009883000724494082
4,YZt,135,54,0.00978353641750635,0.009819713612831866
4,YZt,136,54,0.009824917557747122,0.009756535925055867
4,YZt,137,54,0.009851343220059055,0.009709760987311888
4,YZt,138,54,0.009926656820130603,0.009704812845645465
4,YZt,139,54,0.010065420852382911,0.009721997195402503
4,YZt,140,54,0.01028575258892142,0.00981698361484568
4,YZt,141,54,0.010375502410504521,0.009913389477979796
4,YZt,142,54,0.010328231071758344,0.009921435764100003
4,YZt,143,54,0.010216098584710068,0.00988311930575127
4,YZt,144,54,0.010081054371090602,0.009827002961244684
4,YZt,145,54,0.009944793847600159,0.00978018843675406
4,YZt,146,52,0.01099151780778381,0.009952029033283849
4,YZt,147,52,0.010788992993684115,0.00983595059720055
4,YZt,148,52,0.010558610334643859,0.00962761495750062
4,YZt,149,52,0.01054226992439551,0.009666264121413783
4,YZt,150,52,0.010455161292030144,0.009650356361671237
4,YZt,151,52,0.010331972024167408,0.009498649494003124
4,YZt,152,51,0.010840249217543505,0.009841944245507392
4,YZt,153,50,0.011441366684913514,0.0099800896872454
4,YZt,154,50,0.011368968143362239,0.009719313246372907
4,YZt,155,50,0.01143540721823515,0.009763440326558842
4,YZt,156,49,0.011888642068427656,0.009980472160898639
4,YZt,157,49,0.011580463725864115,0.009531617353774197
4,YZt,158,48,0.01189551437019709,0.00958911759590586
4,YZt,159,47,0.012288663333433428,0.00997394573304829
4,YZt,160,47,0.01187566491332284,0.009953338320332692
4,YZt,161,47,0.011415394394568078,0.009643015662228754
4,YZt,162,46,0.011751081465580104,0.009876401976035898
4,YZt,163,46,0.011578805244076661,0.00989086691932264
4,YZt,164,46,0.011225698063695387,0.009776087158380653
4,YZt,165,46,0.010993357513953113,0.009750263122930184
4,YZt,166,45,0.011356371806003417,0.00996276682961806
4,YZt,167,46,0.010466040558302444,0.009572380901464509
4,YZt,168,45,0.010824991843268768,0.009957714070477236
4,YZt,169,45,0.010511517617055668,0.009686936667379025
4,YZt,170,45,0.01035281171544554,0.009932030765604097
4,YZt,171,45,0.01007857525343628,0.009719494113284101
4,YZt,172,45,0.009959240057778002,0.009614418765872953
4,YZt,173,45,0.009956162705256746,0.009757072441994419
4,YZt,174,45,0.00998759838467105,0.00961572178884033
4,YZt,175,45,0.010197503296498019,0.009778532950982308
4,YZt,176,45,0.010267713650884138,0.009677667310099058
4,YZt,177,45,0.01044560923762994,0.009474085922027135
4,YZt,178,45,0.010749533037373056,0.009645809072331275
4,YZt,179,44,0.011639858668338821,0.009959025972321968
4,YZt,180,45,0.011535917230649815,0.009616374104612621
4,YZt,181,44,0.012623700804843539,0.009964165998575575
4,YZt,208,41,0.04641353695142509,0.009815120550838847
4,YZt,209,41,0.04624918936568805,0.009766881840457318
4,YZt,210,41,0.045999517263682635,0.009629735970795666
4,YZt,211,40,0.047213291028670154,0.009804336030846211
4,YZt,212,40,0.04749061320812523,0.009765758424092965
4,YZt,213,40,0.047150964734373225,0.009624866711426082
4,YZt,214,40,0.047688477566230285,0.009923966639638326
4,YZt,215,41,0.04576928024823841,0.009460249088185366
4,YZt,216,40,0.04818863202430105,0.009963980051492407
4,YZt,217,40,0.04821686928146761,0.00998273762534057
4,YZt,218,41,0.04470307157894108,0.009457831918899788
4,YZt,219,40,0.04661706051448987,0.009853000255723847
4,YZt,220,40,0.045619686225955275,0.009577250332643074
4,YZt,221,39,0.04732692635789397,0.009861119586365884
4,YZt,222,39,0.04702547992606712,0.009805234767027313
4,YZt,223,39,0.04724388687091968,0.009901894230256727
4,YZt,224,40,0.04559013616802684,0.009813506215851165
4,YZt,225,40,0.046449948463697724,0.00993924504121009
4,YZt,226,40,0.04553583755672203,0.009686936667379025
4,YZt,227,39,0.04648023145784818,0.009733709485773795
4,YZt,228,40,0.04503932108709835,0.00960012674025357
4,YZt,229,40,0.04474086452601823,0.009767265806653177
4,YZt,230,39,0.0450549925540407,0.009831837387507267
4,YZt,231,40,0.04440209024733732,0.009587906705925804
4,YZt,232,40,0.0431864862911365,0.009438825852881855
4,YZt,233,40,0.04307950886456612,0.00944845592945196
4,YZt,182,45,0.012653956989170845,0.009495414030502658
4,YZt,183,44,0.014050012922629104,0.009850223394322104
4,YZt,184,44,0.015342564408631418,0.009965832646407364
4,YZt,185,45,0.01618653261588277,0.009628296897282299
4,YZt,186,45,0.018608553280229603,0.009793525389220847
4,YZt,187,46,0.02159046810767413,0.00960321999815173
4,YZt,188,46,0.025795775269588962,0.009846544632040875
4,YZt,189,45,0.030396162781817938,0.009784576600478248
4,YZt,190,43,0.03638145951848599,0.009924075171643494
4,YZt,191,42,0.038735475293370625,0.009568956915759387
4,YZt,192,42,0.040348091166940526,0.00985876956906627
4,YZt,193,41,0.04241423342027418,0.00982040409167455
4,YZt,194,42,0.04163625914390437,0.009553220684680442
4,YZt,195,42,0.04187437472945393,0.0097041428963425
4,YZt,196,41,0.04365390753508157,0.00969176437741634
4,YZt,197,42,0.04184653739099145,0.009584187231954835
4,YZt,198,41,0.04457988720237026,0.009860398000467301
4,YZt,199,41,0.04438961433084314,0.00970792908343197
4,YZt,200,41,0.0447166408308514,0.009920821507620992
4,YZt,201,41,0.04517571578666765,0.009932815130957395
4,YZt,202,40,0.04725087052029645,0.009959780195610808
4,YZt,203,41,0.04523983989576054,0.00977262547303387
4,YZt,204,41,0.04561468475477212,0.00987002837824911
4,YZt,205,41,0.04553874819001241,0.00966735782483722
4,YZt,206,40,0.04759548451061315,0.00973958040395055
4,YZt,207,41,0.0454380153238714,0.009619895497366563
4,XZt,0,9,0.21277718176025262,0.009368686750124696
4,XZt,1,30,0.048669144364252515,0.009328153919044365
4,XZt,2,30,0.04138994750240345,0.009831615447722498
4,XZt,3,31,0.035105427642253405,0.009728930123631062
4,XZt,4,33,0.030988368494756616,0.009767118392845258
4,XZt,5,39,0.024037636516729483,0.009424637636086822
4,XZt,6,38,0.02895252247320368,0.009812460935893193
4,XZt,7,40,0.031424598736268516,0.009390236722987682
4,XZt,8,39,0.03359278554550765,0.009718149301630103
4,XZt,9,39,0.03647595025793748,0.009807517380130077
4,XZt,10,39,0.035717769662044076,0.009407917384257416
4,XZt,11,39,0.03862669176939106,0.009836226338635512
4,XZt,12,39,0.03780765935252525,0.009415328168963141
4,XZt,13,39,0.03951316482735213,0.00970075621296466
4,XZt,14,39,0.04044378566674237,0.00981756457743543
4,XZt,15,39,0.04051638616562742,0.009449299334451414
4,XZt,16,39,0.042563314471176686,0.009871314620853432
4,XZt,17,39,0.042978960236943795,0.009830872395455718
4,XZt,18,39,0.04342155969163985,0.009921326640726973
4,XZt,19,39,0.04395547653768407,0.009936600115450184
4,XZt,20,39,0.04472018705409356,0.00997308290481713
4,XZt,21,40,0.04270171865991292,0.009581902087416739
4,XZt,22,39,0.044915397333855446,0.009849208641974274
4,XZt,23,39,0.04466132913741613,0.009784640480161755
4,XZt,24,40,0.044642894593661,0.009842037238255942
4,XZt,25,39,0.045659579725582884,0.009824397119148075
4,YZt,234,39,0.044599892963875724,0.009826699701294296
4,YZt,235,40,0.043412337769521185,0.009704556372663608
4,YZt,236,39,0.043715686258669464,0.009713496149641537
4,YZt,237,39,0.04323012388430937,0.00966718117803137
4,YZt,238,39,0.0434474739508684,0.009927847748740452
4,YZt,239,39,0.04350990031061027,0.00978626071733962
4,YZt,240,39,0.04301497302133093,0.009798727171324444
4,YZt,241,39,0.04256703291446799,0.009736643954451736
4,YZt,242,39,0.042225628738331904,0.009650306628699859
4,YZt,243,39,0.04195848852994815,0.009717193694687225
4,YZt,244,39,0.04083742122859928,0.00955556846278817
4,YZt,245,39,0.0405065508926979,0.009785353394759095
4,YZt,246,39,0.04031660210381131,0.00987717154867438
4,YZt,247,39,0.038853566909083224,0.009646753527735037
4,YZt,248,40,0.037825977010903775,0.009529023267491723
4,YZt,249,39,0.037339758556735755,0.009775763480239032
4,YZt,250,40,0.03619941632037168,0.009560021786013709
4,YZt,251,40,0.032835168411474255,0.009483074657516903
4,YZt,252,40,0.03336216777613746,0.009965801287327679
4,YZt,253,40,0.028094413224327715,0.009918121590691359
4,YZt,254,42,0.02265019957097789,0.009818085254417602
4,YZt,255,37,0.027794575028786715,0.009377002556237224
4,YZt,256,33,0.03416679312112594,0.009594463065499836
4,YZt,257,31,0.04143874467451878,0.009821890587525813
4,YZt,258,31,0.04963011071923327,0.009288842349904666
4,YZt,259,9,0.21478242073685463,0.009643576145068137
4,XZt,26,40,0.04412013402958722,0.009494974108030307
4,XZt,27,40,0.04421352343090667,0.009541550041189681
4,XZt,28,40,0.0448575183500457,0.009508917699267424
4,XZt,29,39,0.04598334049223024,0.009829274273825218
4,XZt,30,40,0.04572925708708568,0.00988510674173585
4,XZt,31,40,0.04577164122605156,0.00968735663890093
4,XZt,32,39,0.04689608468657353,0.009784302255310113
4,XZt,33,40,0.04602693216956002,0.009775040731632417
4,XZt,34,40,0.046892352716618166,0.009970548824614194
4,XZt,35,40,0.04584333056530391,0.009834306200732269
4,XZt,36,39,0.047480380283778406,0.009977360502394507
4,XZt,37,39,0.0470511326170764,0.009836601357276127
4,XZt,38,39,0.047533946850076975,0.009927575676399986
4,XZt,39,40,0.045587855300589994,0.009587809502166493
4,XZt,40,40,0.046452127245337746,0.009889877780011441
4,XZt,41,41,0.04438912021472919,0.009471822822883245
4,XZt,42,41,0.045446064273036484,0.009484798776212715
4,XZt,43,40,0.04766288828191287,0.009984359811362408
4,XZt,44,41,0.04513650385221068,0.009513860967065127
4,XZt,45,41,0.04469863839288889,0.009474872857805329
4,XZt,46,40,0.046651667609797845,0.009802460315355824
4,XZt,47,40,0.04682453292720643,0.009913915817646396
4,XZt,48,41,0.04426974610062484,0.009549921313566816
4,XZt,49,41,0.04535555191962716,0.009940419589320631
4,XZt,50,42,0.043273240462621806,0.009557732323527402
4,XZt,51,42,0.043287746253783475,0.009634565408582992
4,XZt,52,42,0.04248835355776765,0.009524975550896184
4,XZt,53,41,0.0450012792467043,0.00984444226986721
4,XZt,54,42,0.04317274649479643,0.009771552404259306
4,XZt,55,42,0.043079418574286515,0.009967365201176753
4,XZt,56,42,0.04286677200354123,0.009966566196727368
4,XZt,57,42,0.042602632409676044,0.009733638965093544
4,XZt,58,43,0.04089596213283728,0.009741461925264561
4,XZt,59,43,0.04057197482968292,0.00992577778784147
4,XZt,60,43,0.0404008096769822,0.009833563919301394
4,XZt,61,44,0.038351492056672716,0.009579886701432838
4,XZt,62,44,0.03785506843128449,0.009839055929581394
4,XZt,63,44,0.03748151494071481,0.00966617405639327
4,XZt,64,45,0.03551731947677226,0.009570343101143788
4,XZt,65,45,0.035348295504841025,0.009654766830501633
4,XZt,66,45,0.03455589503297947,0.009699610754095969
4,XZt,67,46,0.03267244521891587,0.009602304388373941
4,XZt,68,46,0.0313268997799153,0.009598289901086896
4,XZt,69,47,0.02919957993257405,0.009518326475033688
4,XZt,70,47,0.027440734354537075,0.009582927674574597
4,XZt,71,47,0.025999710082338867,0.009859466935147986
4,XZt,72,47,0.024736128028532738,0.009965932322826781
4,XZt,73,48,0.022173923255121776,0.009656852696330983
4,XZt,74,48,0.021130873784440604,0.009738622315564634
4,XZt,75,48,0.02023761357113328,0.009864653745701139
4,XZt,76,48,0.01915750780993916,0.00981573289376676
4,XZt,77,48,0.018488052801154047,0.009989058303382073
4,XZt,78,48,0.01755921073442829,0.00992197180117921
4,XZt,79,49,0.016039415599012414,0.009493722406812137
4,XZt,80,48,0.01618290388448773,0.009903890858793864
4,XZt,81,49,0.014908559004839454,0.009525402370289773
4,XZt,82,48,0.015206543745767487,0.009915467653346397
4,XZt,83,49,0.013967406894829174,0.009466608243293878
4,XZt,84,49,0.013711090495098334,0.009570634950097382
4,XZt,85,49,0.013282181462981064,0.009459486599030757
4,XZt,86,49,0.013138071264295751,0.009614177295452475
4,XZt,87,49,0.01300203966979517,0.009641696359008283
4,XZt,88,49,0.012882523767392516,0.009779004344997212
4,XZt,89,50,0.012230321249982658,0.009493419375671771
4,XZt,90,49,0.012810727485812684,0.009994555325955059
4,XZt,91,50,0.012128928493951759,0.009705591998893731
4,XZt,92,50,0.012157193114078101,0.009979198869411607
4,XZt,93,50,0.012038575808618711,0.009890442611551522
4,XZt,94,51,0.01131853388874688,0.009610177930246419
4,XZt,95,51,0.011242807335453783,0.009678089990383196
4,XZt,96,51,0.011220296165928354,0.009790563508745246
4,XZt,97,51,0.011027152569725246,0.009772235435588276
4,XZt,98,51,0.01089165789708719,0.009957571157445095
4,XZt,99,52,0.01025799213654372,0.009573154510601969
4,XZt,100,52,0.010106647725459862,0.009496480985584544
4,XZt,101,51,0.010439710650926531,0.009973223916868166
4,XZt,102,52,0.009754168528180658,0.009621342497865311
4,XZt,103,52,0.009649198156678218,0.009752009247301794
4,XZt,104,52,0.009556355286043651,0.009814073736895254
4,XZt,105,52,0.009314391121278014,0.00957844538219834
4,XZt,106,52,0.009203979879128556,0.009668571462762197
4,XZt,107,52,0.009070201616435397,0.009913422128740015
4,XZt,108,52,0.008973903953100491,0.009947489211321823
4,XZt,109,53,0.00844781653452634,0.009514366297128107
4,XZt,110,52,0.008823524531752457,0.009940552082212827
4,XZt,111,52,0.00865965692609048,0.009775495738368698
4,XZt,112,52,0.008646633395951371,0.009880871101694647
4,XZt,113,52,0.008594932452191548,0.009882180216146456
4,XZt,114,54,0.007621177673647393,0.009626170928971192
4,XZt,115,54,0.007613802240189922,0.00965488590285601
4,XZt,116,54,0.0076149386864648675,0.009703736878806025
4,XZt,117,54,0.0075894989038481665,0.009708829271425027
4,XZt,118,54,0.007546605246373076,0.00965768830336106
4,XZt,119,54,0.007443235903341248,0.009530285264478576
4,XZt,120,53,0.007736317315086869,0.009935728427299815
4,XZt,121,53,0.00771479447523093,0.00998963596248542
4,XZt,122,54,0.007329895674266609,0.009556675126645021
4,XZt,123,54,0.0073327766520175424,0.00955542333139942
4,XZt,124,54,0.007287600985411996,0.009538861246037013
4,XZt,125,54,0.0072516863047184035,0.00956349740478229
4,XZt,126,54,0.00727127597794427,0.009672349072109575
4,XZt,127,54,0.007277017684304647,0.00969120005921158
4,XZt,128,54,0.007268291077706843,0.009668093529840155
4,XZt,129,54,0.007246652811940274,0.009642542828966249
4,XZt,130,54,0.007268058849140523,0.009648632039340516
4,XZt,131,54,0.007298882810918295,0.009685946868230582
4,XZt,132,54,0.007344344333979769,0.009733079941623347
4,XZt,133,54,0.007385763273766967,0.009710966739803949
4,XZt,134,54,0.0074012916850574335,0.00963034648332586
4,XZt,135,54,0.007491786244631314,0.00964997150275095
4,XZt,136,54,0.00756916576949963,0.009661559988056989
4,XZt,137,54,0.007612837603954037,0.009664276433787485
4,XZt,138,54,0.007633895680938231,0.009623655680407732
4,XZt,139,54,0.007681489160149536,0.009581010943008781
4,XZt,140,54,0.007835809581478323,0.00964957535094199
4,XZt,141,54,0.007965767191211505,0.009763042491181494
4,XZt,142,54,0.008029131144217784,0.009798058517338745
4,XZt,143,54,0.008065386310445044,0.009781051164176121
4,XZt,144,54,0.00808040918534446,0.00972149777865217
4,XZt,145,54,0.008130988791119844,0.009687770831663452
4,XZt,146,52,0.009218480709190204,0.009922601734289811
4,XZt,147,52,0.009362149497825446,0.009930637746360303
4,XZt,148,52,0.00947348995303081,0.009841479268584226
4,XZt,149,53,0.009258048424714933,0.009498588978738854
4,XZt,150,53,0.009493868747327171,0.00960312847015904
4,XZt,151,53,0.009662926163572325,0.009528827071975087
4,XZt,152,52,0.010401225038712597,0.009960509709414051
4,XZt,153,52,0.01067185097846569,0.009706318768859669
4,XZt,154,52,0.010910363589231344,0.009622099990814332
4,XZt,155,52,0.011308164538207937,0.009849146314301664
4,XZt,156,52,0.01156001364252455,0.009804431657104842
4,XZt,157,52,0.011851412558967187,0.00972152361118225
4,XZt,158,52,0.012151406402268677,0.009599412278038936
4,XZt,159,52,0.012600557337339897,0.009699846070347622
4,XZt,160,52,0.012961377307526745,0.009828445873372019
4,XZt,161,52,0.013233543260627112,0.009756714385990186
4,XZt,162,52,0.013645566345410818,0.00970509518810813
4,XZt,163,52,0.014163126410236112,0.009870891168718265
4,XZt,164,52,0.014486056787296253,0.00990572595935307
4,XZt,165,52,0.014867375092688075,0.00998050738799795
4,XZt,166,52,0.015248487531204419,0.00989940844841597
4,XZt,167,53,0.014776138706160692,0.00952376969008665
4,XZt,168,52,0.01585528419534223,0.009966866880760742
4,XZt,169,52,0.01610814393107387,0.009835211276974792
4,XZt,170,52,0.0163808175435952,0.009903082224838917
4,XZt,171,52,0.016526086818911993,0.009775225705558117
4,XZt,172,52,0.01672937492472923,0.00967378620752281
4,XZt,173,52,0.016688366237359406,0.009575203369157214
4,XZt,174,51,0.01729507973252218,0.009835186877892666
4,XZt,175,51,0.017125529394431054,0.009731728979026077
4,XZt,176,50,0.017598281004139377,0.00997867597319439
4,XZt,177,50,0.017122610209769056,0.009630664618322703
4,XZt,178,50,0.016662756786354347,0.009486514051554195
4,XZt,179,49,0.016892162782607315,0.009574574185987351
4,XZt,180,49,0.016535362984366857,0.009455474628172828
4,XZt,181,48,0.016960079972931297,0.009651451867763656
4,XZt,208,44,0.022802748270253727,0.009491493976108586
4,XZt,209,44,0.022755781732679572,0.009461921629595419
4,XZt,210,43,0.024010286816781124,0.00987561256500013
4,XZt,211,43,0.02386083604318831,0.009605855049132982
4,XZt,212,43,0.024213648100651016,0.009517906374367453
4,XZt,213,43,0.02486072809760428,0.009539942353868852
4,XZt,214,43,0.02616349457392075,0.009770074814445985
4,XZt,215,43,0.027800574449307836,0.009928346341301377
4,XZt,216,43,0.02970086907394225,0.009975433964314013
4,XZt,217,44,0.03023828324192128,0.009473959570335222
4,XZt,218,43,0.03358843476707347,0.00995244566878888
4,XZt,219,43,0.0355413571115275,0.009755505134883284
4,XZt,220,42,0.0390543162654125,0.00996698054480173
4,XZt,221,42,0.04025995920071587,0.00966836597758949
4,XZt,222,42,0.041069485762626874,0.009481492076103113
4,XZt,223,41,0.0441546184799969,0.009962713614750292
4,XZt,224,42,0.04229810228008055,0.009450758873293106
4,XZt,225,41,0.04525653486912653,0.00993853249672982
4,XZt,226,41,0.04442208518452927,0.009673110070849799
4,XZt,227,40,0.0453075891256752,0.009665111398990815
4,XZt,228,40,0.04632310591709637,0.00995397916337231
4,XZt,229,41,0.04370387167701138,0.009606456041655685
4,XZt,230,40,0.04386260965078074,0.00956108620079635
4,XZt,231,40,0.045320006873427174,0.00985299572455985
4,XZt,232,40,0.044592643578808655,0.009738659563584573
4,XZt,233,40,0.04428560458709845,0.009670620592115823
4,XZt,182,48,0.016787058159811633,0.009521736138718992
4,XZt,183,47,0.017406413721982643,0.009787879545984113
4,XZt,184,47,0.017512887162283275,0.009822478645908642
4,XZt,185,47,0.017487777018738077,0.009718699996364285
4,XZt,186,47,0.017565065255907807,0.009670796021964126
4,XZt,187,47,0.017875914976644626,0.009593380248510744
4,XZt,188,47,0.01822676462338252,0.009722931093285774
4,XZt,189,47,0.01861021571959086,0.00962550971073178
4,XZt,190,47,0.0192663958596443,0.009709358078582057
4,XZt,191,46,0.020594571325416797,0.009946378338984882
4,XZt,192,47,0.02027706348042466,0.009528087642122055
4,XZt,193,46,0.021481048595809047,0.009705527598930232
4,XZt,194,46,0.021622488358619088,0.009566680091848849
4,XZt,195,45,0.022611672861833937,0.009951628082243789
4,XZt,196,44,0.0233438794352223,0.009915495231835039
4,XZt,197,45,0.021909894995189527,0.009452632055823928
4,XZt,198,44,0.023025081281831363,0.009760670003986841
4,XZt,199,44,0.02266353771147586,0.009461944337081156
4,XZt,200,44,0.02278240371971753,0.009651433653714566
4,XZt,201,44,0.022788973153225096,0.009575248246784662
4,XZt,202,43,0.02376969684106531,0.009717269503477382
4,XZt,203,44,0.02271691227526726,0.009512818254043652
4,XZt,204,44,0.022759410334621654,0.009596243936227851
4,XZt,205,43,0.023942681644686443,0.009978112780523796
4,XZt,206,43,0.023649442819578256,0.009608990311873311
4,XZt,207,43,0.02368286285676335,0.009858409545841235
4,XZt,234,40,0.04369840018739412,0.009594635816293965
4,XZt,235,41,0.04263576186148831,0.009492741561986128
4,XZt,236,39,0.04504480839965505,0.009958705998529818
4,XZt,237,40,0.042618355210329126,0.009505802854518759
4,XZt,238,40,0.04323677646356376,0.00991634168528178
4,XZt,239,40,0.04271374351862627,0.00957449870454331
4,XZt,240,40,0.04202805649027357,0.009591835939461725
4,XZt,241,40,0.04154959891798918,0.009542580257587934
4,XZt,242,40,0.04117130655629434,0.009451386261035265
4,XZt,243,40,0.04086950092441843,0.009545600668336271
4,XZt,244,39,0.041785320812924215,0.00981797270867559
4,XZt,245,40,0.039461687484381135,0.009552652563603383
4,XZt,246,40,0.03869021351803371,0.009503552886804852
4,XZt,247,39,0.03913692927841602,0.009702986909394185
4,XZt,248,40,0.03806561140691145,0.009635993121225752
4,XZt,249,39,0.037084723783920116,0.00982656964874788
4,XZt,250,40,0.035760070309555345,0.009618873851806509
4,XZt,251,40,0.03279101394296823,0.00958814068937711
4,XZt,252,40,0.03239773598631283,0.009780927922060537
4,XZt,253,39,0.028027029670314722,0.00960724520479746
4,XZt,254,39,0.024602006079050626,0.009755290611583192
4,XZt,255,33,0.031131219172956078,0.00971341743872986
4,XZt,256,31,0.03590232956656181,0.00977609686285082
4,XZt,257,30,0.04204753131863769,0.009986957443164664
4,XZt,258,30,0.04998842669800766,0.009630943919438016
4,XZt,259,9,0.19672177458991721,0.009089331859450319
5,XYt,0,64,0.0027138212770476903,0.009496478047288459
5,XYt,1,64,0.0028112316109892015,0.009658546314487008
5,XYt,2,63,0.0027938949444207798,0.009801070403537608
5,XYt,3,62,0.002583098279118553,0.009656785139602256
5,XYt,4,61,0.002555240823474646,0.009714550756881627
5,XYt,5,60,0.0025594985894562953,0.009892396645993472
5,XYt,6,60,0.0024384044167935297,0.00960896911343946
5,XYt,7,59,0.0024832024718925557,0.009951033018691468
5,XYt,8,59,0.002409810992505262,0.009862372020933752
5,XYt,9,60,0.0023070989007193997,0.009529836410918221
5,XYt,10,60,0.0023828357780101136,0.009687007009557647
5,XYt,11,60,0.0024099062748215105,0.009682752376411245
5,XYt,12,60,0.0024203063934628015,0.009621178057176216
5,XYt,13,60,0.0024316655860476075,0.009565624233924553
5,XYt,14,59,0.002583094771672544,0.009961402870840663
5,XYt,15,59,0.002395762315451313,0.009732983270308642
5,XYt,16,58,0.0020316964252353547,0.009840221792899681
5,XYt,17,58,0.0019792341476588334,0.009975825958815172
5,XYt,18,58,0.0020556468418139774,0.009915002409565951
5,XYt,19,58,0.002207348163587783,0.009861644754510053
5,XYt,20,58,0.0023787465441763747,0.009926131319604382
5,XYt,21,59,0.002392395513536313,0.009580926542094642
5,XYt,22,59,0.002512995418982846,0.009688814703210744
5,XYt,23,59,0.0025686343297891545,0.009735441324807427
5,XYt,24,59,0.0025652640278720365,0.009701046784763473
5,XYt,25,59,0.002510688863989029,0.009595660973003232
5,XYt,26,58,0.0025807124235716437,0.009913991360575929
5,XYt,27,58,0.0024762283164480856,0.009749193774992471
5,XYt,28,58,0.002388161145681492,0.009615882376375246
5,XYt,29,57,0.002486346852142996,0.009971257737986232
5,XYt,30,57,0.002486211313246422,0.009912334293880368
5,XYt,31,57,0.0025490581078904365,0.009892046760361121
5,XYt,32,57,0.0026647395392737326,0.009895009339670092
5,XYt,33,57,0.0028414477311094733,0.00989847423057909
5,XYt,34,57,0.003085946817944087,0.009888464261972015
5,XYt,35,57,0.0034206251316649177,0.009857206316226878
5,XYt,36,57,0.003942809880096026,0.009835255365395267
5,XYt,37,57,0.004770383839905535,0.009851299563490925
5,XYt,38,57,0.006027267280425505,0.009890830357348399
5,XYt,39,57,0.007874700257548042,0.009907916985838112
5,XYt,40,57,0.010422114716466034,0.009850077731943995
5,XYt,41,57,0.013342440633577637,0.009610847984229351
5,XYt,42,56,0.01709206533076156,0.009711491695358
5,XYt,43,55,0.020494329098028695,0.009830793488975278
5,XYt,44,55,0.023028149310383706,0.00952293985432312
5,XYt,45,54,0.027313061748548806,0.009803895511887477
5,XYt,46,54,0.029921073470604274,0.00974938891312328
5,XYt,47,54,0.03016270124715777,0.009763589053380319
5,XYt,48,54,0.02961729714745565,0.00970305276409116
5,XYt,49,54,0.029556414900338078,0.009604310189278686
5,XYt,50,53,0.03141249924392165,0.009945209881597127
5,XYt,51,53,0.031690531293178774,0.009693730424199791
5,XYt,52,52,0.03346211815622534,0.009833118239776612
5,XYt,53,51,0.03486346159187752,0.009857789663727053
5,XYt,54,50,0.0355798350603194,0.009785203744034071
5,XYt,55,49,0.03522546050337028,0.009657922618632074
5,XYt,56,48,0.033499712989203546,0.009554103206180817
5,XYt,57,47,0.031190558823017904,0.00958211012566834
5,XYt,58,46,0.02925828401498634,0.009704336180025612
5,XYt,59,45,0.028556847301809404,0.009954074193013715
5,XYt,60,45,0.027071112596689022,0.009695949844263863
5,XYt,61,45,0.026578127358586237,0.009598433395910372
5,XYt,62,45,0.026703824075518894,0.00960586138168133
5,XYt,63,45,0.02719465516949294,0.009653027108417648
5,XYt,64,45,0.027777849361031597,0.009759591160540575
5,XYt,65,45,0.028223770083035005,0.009901771815884211
5,XYt,66,46,0.02684250337749142,0.009492172995940554
5,XYt,67,46,0.026801151029529492,0.00966532994470697
5,XYt,68,46,0.02659234773759187,0.009774298859674275
5,XYt,69,46,0.026196695136013193,0.009802579700113258
5,XYt,70,46,0.02587780897582606,0.00981868445351282
5,XYt,71,46,0.025577187070687346,0.009841508358638371
5,XYt,72,46,0.02546567795714005,0.009932817546886795
5,XYt,73,46,0.02522414846456408,0.009981502474232688
5,XYt,74,47,0.02367459652130716,0.00943724194203414
5,XYt,75,47,0.023525873680111543,0.00951162258643908
5,XYt,76,47,0.023335040740879717,0.009524837745958909
5,XYt,77,47,0.022943939679575222,0.00948430669880134
5,XYt,78,46,0.02367678306657283,0.009961671106169894
5,XYt,79,46,0.023003377521951848,0.009854130093067754
5,XYt,80,46,0.02231590306380116,0.009685676528317356
5,XYt,81,46,0.02170322984821062,0.009508845804906059
5,XYt,82,45,0.022536003870390668,0.009987208619791495
5,XYt,83,45,0.02220959552668261,0.009972777315907204
5,XYt,84,46,0.020768982377536462,0.009470155565898747
5,XYt,85,46,0.020636145735695114,0.009533377475486623
5,XYt,86,46,0.020388122377147766,0.009560359889913326
5,XYt,87,46,0.02003451823127459,0.009557541680536921
5,XYt,88,46,0.019649394066899816,0.009582831293856004
5,XYt,89,46,0.019324591540784773,0.00963680685174325
5,XYt,90,46,0.019068394312542446,0.009661139357264651
5,XYt,91,46,0.018981069643292513,0.009695992148535263
5,XYt,92,46,0.018867403336510425,0.009670357787631916
5,XYt,93,46,0.018757294381140877,0.009680187722244228
5,XYt,94,46,0.01858341757256022,0.009648542098930853
5,XYt,95,46,0.018415099075240724,0.009573244168266446
5,XYt,96,46,0.018276576621406873,0.009510956807836259
5,XYt,97,46,0.018212517620064712,0.009512029177223743
5,XYt,98,46,0.01812104039291309,0.009525411099821095
5,XYt,99,46,0.018011710559274124,0.009564598716827424
5,XYt,100,46,0.01792211524965305,0.009613514845936647
5,XYt,101,46,0.01786985743566915,0.009662538712669942
5,XYt,102,46,0.017762071770434554,0.009700709327172723
5,XYt,103,46,0.017633443524091998,0.009722546983394151
5,XYt,104,46,0.017503909255540608,0.00970403345731064
5,XYt,105,46,0.01735612675221589,0.009618562057155703
5,XYt,106,46,0.017176292656469232,0.009497144429563632
5,XYt,107,45,0.018102327233870293,0.00997618935254606
5,XYt,108,45,0.018076597796711516,0.009894375280956113
5,XYt,109,45,0.018002280838418875,0.009826086678724743
5,XYt,110,45,0.018015277719042308,0.009826665115435763
5,XYt,111,45,0.018157002037644865,0.009875789891313401
5,XYt,112,45,0.018239133073472753,0.009885758556299702
5,XYt,113,45,0.018443421346501277,0.009897595294138571
5,XYt,114,46,0.017706664615522172,0.009431516607607172
5,XYt,115,46,0.018122200706830904,0.00962595827732783
5,XYt,116,46,0.01861784130916173,0.009789153265853985
5,XYt,117,46,0.01893102378026179,0.00980029992305094
5,XYt,118,46,0.019045978119989152,0.00968536475226682
5,XYt,119,46,0.01919230619391792,0.009643906748116823
5,XYt,120,46,0.019348370185599005,0.009684831926754555
5,XYt,121,46,0.019189437791409268,0.009632789594871186
5,XYt,122,46,0.019137803228042607,0.009606766602660325
5,XYt,123,46,0.019113532921769386,0.009528324090209653
5,XYt,124,46,0.019106760371889884,0.009498470062183743
5,XYt,125,46,0.01924552449428272,0.009560844901026771
5,XYt,126,46,0.019480260486365447,0.009649297167470143
5,XYt,127,46,0.01980989131920794,0.009740642728971991
5,XYt,128,46,0.020223374111340148,0.009800943256507759
5,XYt,129,46,0.020509247676263987,0.00975139936977571
5,XYt,130,46,0.02068103613422722,0.009660852264211945
5,XYt,131,46,0.0207866199903709,0.009540023256524277
5,XYt,132,46,0.020923321910908954,0.00943539226090377
5,XYt,133,45,0.022402120114512217,0.009926884556643471
5,XYt,134,45,0.02280272543946666,0.009897957613271773
5,XYt,135,45,0.023279116578325182,0.009898397272490754
5,XYt,136,45,0.023936336050323224,0.0099777731717251
5,XYt,137,46,0.023005512927676965,0.009418081741190479
5,XYt,138,46,0.023418037642638393,0.009489565069025954
5,XYt,139,46,0.023845432653167943,0.00954466649257511
5,XYt,140,46,0.023943384189628398,0.00950456074091293
5,XYt,141,46,0.023865933251670277,0.0094477031209972
5,XYt,142,45,0.025203674162544216,0.009995223564886779
5,XYt,143,45,0.02512361264835978,0.009948017617605845
5,XYt,144,45,0.025121211619363638,0.009988373784379098
5,XYt,145,45,0.024957481923434336,0.009988582240244433
5,XYt,146,46,0.023487007031359763,0.009419638718001196
5,XYt,147,46,0.023490323238950325,0.009453926917953553
5,XYt,148,46,0.02348852158670941,0.009450623529224225
5,XYt,149,46,0.02344044455284318,0.009404792171256105
5,XYt,150,45,0.024789363333715637,0.009917632387696948
5,XYt,151,45,0.024702134041167275,0.009804597179400484
5,XYt,152,45,0.024684346075987292,0.00971525927926276
5,XYt,153,45,0.02465091078603623,0.00966140784220247
5,XYt,154,45,0.02461467861990138,0.009590896200704658
5,XYt,155,45,0.024532796071942198,0.009547567879851067
5,XYt,156,45,0.024534962555291168,0.009573327004673095
5,XYt,157,45,0.02434989135778212,0.00960556653612631
5,XYt,158,45,0.023946972672249805,0.00961390534373919
5,XYt,159,45,0.023467735016838655,0.009619934307315897
5,XYt,160,45,0.02293004308410299,0.009572756520702476
5,XYt,161,45,0.022423367690079393,0.009505325602898875
5,XYt,162,44,0.02310562521884253,0.00997991376681044
5,XYt,163,44,0.02260817248360578,0.009924975772794558
5,XYt,164,44,0.022162194751515246,0.009863731342473247
5,XYt,165,44,0.021847059364997656,0.00984408773188464
5,XYt,166,44,0.021462689759500973,0.009782302154936562
5,XYt,167,44,0.020927133861782535,0.009714612282156428
5,XYt,168,44,0.020328515283634645,0.009582885511769243
5,XYt,169,44,0.01992981709521665,0.009459587894166763
5,XYt,170,43,0.020757404966770053,0.009959284577603367
5,XYt,171,43,0.020594221357050402,0.00999639678342351
5,XYt,172,44,0.019356417819036128,0.009441323784699418
5,XYt,173,44,0.019293621887866104,0.009472357673547403
5,XYt,174,44,0.01929554968849986,0.009501427493337093
5,XYt,175,44,0.01932986681836036,0.00953631670749116
5,XYt,176,44,0.0193102877695114,0.009514149328169711
5,XYt,177,44,0.019206468095233645,0.009472590269370607
5,XYt,178,44,0.0191645246246488,0.009485506456803568
5,XYt,179,44,0.019134460828678097,0.009517755743387755
5,XYt,180,44,0.018898793974045893,0.009442256777784066
5,XYt,181,43,0.019761280363174736,0.009957046172633977
5,XYt,182,43,0.019625983390641786,0.009931239932265233
5,XYt,183,43,0.019569219210087013,0.009948209641092104
5,XYt,184,43,0.019519945480896236,0.00995201557504941
5,XYt,185,43,0.019497475068508466,0.009952930917819503
5,XYt,186,43,0.019414080653099974,0.00987973680975572
5,XYt,187,43,0.01929006567852998,0.009834339000561009
5,XYt,188,43,0.019266690652907092,0.009842565352360161
5,XYt,189,43,0.019374073188963458,0.009898451340543537
5,XYt,190,43,0.01951916521287303,0.009959260650592718
5,XYt,191,44,0.018592884107909186,0.009447863551900486
5,XYt,192,44,0.01864676582387298,0.00946166364513864
5,XYt,193,44,0.01869224966608252,0.009428835557474733
5,XYt,194,43,0.01991417858336931,0.0099931495779273
5,XYt,195,43,0.02017252378867707,0.009987091665587424
5,XYt,196,44,0.019431619414983708,0.009458856503587194
5,XYt,197,44,0.019860625240975087,0.009597662115082239
5,XYt,198,44,0.0201757739657411,0.009665398654228127
5,XYt,199,44,0.020329925519789814,0.009652542277365927
5,XYt,200,44,0.020497073741823045,0.00971170046289862
5,XYt,201,44,0.020426374021854852,0.009753487514103813
5,XYt,202,44,0.02030156099554015,0.009740426961635924
5,XYt,203,44,0.020261328185616656,0.009693581719399708
5,XYt,204,44,0.020238172527943854,0.009645493693304317
5,XYt,205,44,0.020389642023022875,0.00969880960041484
5,XYt,206,44,0.020658153155702127,0.009812822986158258
5,XYt,207,44,0.021140427498722088,0.009896142726966997
5,XYt,208,44,0.021624256202369442,0.009943933590162215
5,XYt,209,45,0.020882317607493567,0.009430347677303089
5,XYt,210,45,0.021201826473484148,0.009474303219434153
5,XYt,211,45,0.021410317600716995,0.009461444405904724
5,XYt,212,45,0.021639466411737075,0.00947199474667019
5,XYt,213,45,0.021957640998421034,0.009501935657725606
5,XYt,214,45,0.02241114272336405,0.009572137437757904
5,XYt,215,45,0.022962336333280566,0.009662799881672332
5,XYt,216,45,0.023755290435489743,0.009808393919440068
5,XYt,217,45,0.024533223818043366,0.009935928776312481
5,XYt,218,46,0.023934853773896488,0.00954551121873853
5,XYt,219,46,0.02493851448680103,0.009813058260484389
5,XYt,220,46,0.025486206228500237,0.009902620005934797
5,XYt,221,46,0.02572878337427634,0.009904197840652185
5,XYt,222,46,0.026041472887479093,0.009967766023081574
5,XYt,223,47,0.024828674733317176,0.00941431722340964
5,XYt,224,46,0.026352406872346655,0.009999431583796486
5,XYt,225,46,0.026317544365558176,0.009937291401894569
5,XYt,226,46,0.02621873061324367,0.009775448240537584
5,XYt,227,46,0.026150729993580115,0.009609715908971814
5,XYt,228,46,0.02611404926995174,0.009438848734179656
5,XYt,229,45,0.027488110651196405,0.009816381753643398
5,XYt,230,45,0.027454681024634123,0.009656179130565599
5,XYt,231,45,0.027429847729381958,0.009523699138400218
5,XYt,232,44,0.02881066709727798,0.009883271878209183
5,XYt,233,44,0.028430899249578617,0.009539613763869805
5,XYt,234,43,0.02966058556540529,0.009769966285318371
5,XYt,235,42,0.030857245244267206,0.00997611299397052
5,XYt,236,42,0.03024714826328404,0.009541328601785028
5,XYt,237,41,0.03093188412079082,0.009594334111111854
5,XYt,238,40,0.03190485838951252,0.009836587060307198
5,XYt,239,40,0.031563463932060436,0.00970312362209562
5,XYt,240,40,0.03154936172778769,0.009649954616027585
5,XYt,241,40,0.03159340397184523,0.009661810151298005
5,XYt,242,40,0.031623065826050845,0.009683231257164299
5,XYt,243,40,0.031680739292181626,0.009749566417311957
5,XYt,244,40,0.03167929433252783,0.009741861844942825
5,XYt,245,40,0.031744253223499753,0.009741381034200039
5,XYt,246,40,0.03170497875551023,0.009744846430993095
5,XYt,247,40,0.031813458603717724,0.009817760573496643
5,XYt,248,40,0.032028236469407806,0.009899572100820523
5,XYt,249,40,0.03211791318672432,0.00993344207301897
5,XYt,250,40,0.03209512043520893,0.009925161550975883
5,XYt,251,40,0.03212925487376758,0.00998251059888993
5,XYt,252,41,0.0305376467504453,0.009501403235619495
5,XYt,253,41,0.030552697613474976,0.009553261284327647
5,XYt,254,41,0.03063200204572119,0.009596712072396521
5,XYt,255,41,0.030537067940930855,0.009590808628258668
5,XYt,256,41,0.029803574222537755,0.009580348355453367
5,XYt,257,41,0.02792034643973236,0.009626504100821512
5,XYt,258,41,0.02449267902023474,0.009760093088019135
5,XYt,259,41,0.020488729164569237,0.009720088079512124
5,XYt,260,41,0.018111034931629487,0.009543143013475332
5,XYt,261,41,0.017375171346023944,0.009505103671852904
5,XYt,262,41,0.0172021266017467,0.00949963307737632
5,XYt,263,41,0.017236264410994295,0.009491793541023088
5,XYt,264,41,0.017201714726044506,0.009441757400047877
5,XYt,265,40,0.018082830836465814,0.009920675925510575
5,XYt,266,40,0.01796499939237316,0.009813958301906848
5,XYt,267,40,0.017986079218621002,0.0097948462347065
5,XYt,268,40,0.01806689618314239,0.009837951532919848
5,XYt,269,40,0.01818071245014358,0.009930302920596015
5,XYt,270,40,0.018193121339814027,0.009998205974490696
5,XYt,271,41,0.017277786253650746,0.009442900509949876
5,XYt,272,40,0.018205674334749275,0.009948565797541132
5,XYt,273,40,0.018286699093391257,0.009971174681423138
5,XYt,274,41,0.017365044916774777,0.009439722793701099
5,XYt,275,41,0.017493394567673813,0.009477758279545327
5,XYt,276,41,0.017483714617886142,0.009466773246695244
5,XYt,277,41,0.017441474022959414,0.009467012581994729
5,XYt,278,41,0.01735094345681415,0.009444230861018935
5,XYt,279,40,0.018289874745086157,0.00997114020491074
5,XYt,280,40,0.018212323933040515,0.00991683747984175
5,XYt,281,40,0.018258031478285055,0.009905868493616514
5,XYt,282,40,0.018309068169318904,0.009891976070903346
5,XYt,283,40,0.018490841056868264,0.009980623804289348
5,XYt,284,41,0.01763436472497901,0.009498660480713636
5,XYt,285,41,0.017685507565347793,0.00951320819222933
5,XYt,286,41,0.01772400343909584,0.00948178395246585
5,XYt,287,41,0.017699204349211125,0.009461039770249365
5,XYt,288,41,0.01767132311327675,0.009451129878530851
5,XYt,289,40,0.018570012837353503,0.00992735716992945
5,XYt,290,40,0.01846924809436495,0.009805298398296568
5,XYt,291,40,0.018379490940932216,0.009720350113586573
5,XYt,292,40,0.01837857743868109,0.009677221947720225
5,XYt,293,40,0.01831818166273493,0.009638017214647328
5,XYt,294,40,0.018384617949506465,0.009700255069778896
5,XYt,295,40,0.01841341023716175,0.009742457311592359
5,XYt,296,40,0.01839542275233689,0.009751332468061483
5,XYt,297,40,0.018459746993768456,0.009734411626012315
5,XYt,298,40,0.018528638147513737,0.009742942880687258
5,XYt,299,40,0.018554813095808736,0.00979056305273931
5,XYt,300,40,0.01865806116687715,0.009890754524674665
5,XYt,301,40,0.018712368953190495,0.009929887885075608
5,XYt,302,40,0.018740805933518113,0.009945061401816474
5,XYt,303,40,0.018667628027483105,0.009904240044278959
5,XYt,304,40,0.01861706192733752,0.009882909811233343
5,XYt,305,40,0.018506824910974187,0.009801004239458323
5,XYt,306,40,0.018548620522902886,0.009777068973606376
5,XYt,307,40,0.018538193598150614,0.009775034622865903
5,XYt,308,40,0.01863593615617993,0.009792042053317528
5,XYt,309,40,0.018666679526361276,0.009825163097154744
5,XYt,310,40,0.018838107879933345,0.009925047801612361
5,XYt,311,40,0.018819027924720757,0.00990258686871054
5,XYt,312,40,0.01885612896683433,0.0098984241092254
5,XYt,313,40,0.018892080318550115,0.009911212217715975
5,XYt,314,40,0.01895102422234525,0.009927450430675864
5,XYt,315,40,0.018911054207498525,0.009857927965918405
5,XYt,316,40,0.018837362465354744,0.009779542710801347
5,XYt,317,40,0.01875321569797729,0.009679350309944748
5,XYt,318,40,0.018693423556130455,0.009586530860857728
5,XYt,319,40,0.018672462934133785,0.009512835325539946
5,XYt,320,40,0.018786696079147954,0.009568545395235363
5,XYt,321,40,0.01894723221219909,0.009651315116999775
5,XYt,322,40,0.019111131986547476,0.009704515715898122
5,XYt,323,40,0.019303077230530055,0.009696403094709476
5,XYt,324,40,0.020036106549796137,0.009793651663846874
5,XYt,325,41,0.02392400105144115,0.009693685289108633
5,XYt,326,40,0.031013084090400104,0.009943718698269004
5,XYt,327,40,0.03320604743754597,0.00993748913612922
5,XYt,328,40,0.03407433852189711,0.00995413266802949
5,XYt,329,40,0.034536576135101416,0.009933489658097995
5,XYt,330,40,0.03463349567322019,0.009889716111499951
5,XYt,331,40,0.03481151917064694,0.009871319822021735
5,XYt,332,40,0.03468149314079351,0.00979920966739121
5,XYt,333,40,0.034809019369805225,0.009776715759809474
5,XYt,334,40,0.0347732710940064,0.009737985409683552
5,XYt,335,40,0.03509979253628679,0.009787639903242867
5,XYt,336,40,0.03510900703520077,0.00986098993117556
5,XYt,337,40,0.03525621458616842,0.009899866082068758
5,XYt,338,40,0.035365932255199434,0.009940468432244873
5,XYt,339,41,0.03421068418217929,0.009575679177866593
5,XYt,340,41,0.034849097742243366,0.00994719843283789
5,XYt,341,42,0.033371452458026585,0.009629827477702451
5,XYt,342,42,0.03376093261480292,0.009888399867824447
5,XYt,343,43,0.032507408118575054,0.0096529210789993
5,XYt,344,43,0.03251974618016987,0.009876673141401386
5,XYt,345,44,0.030826983017342442,0.00948187047186329
5,XYt,346,44,0.030659961212315078,0.009603147647524988
5,XYt,347,44,0.030825286789773997,0.009776324572624034
5,XYt,348,44,0.030992935739027103,0.009986412991249497
5,XYt,349,45,0.029488117721119117,0.009553866870382656
5,XYt,350,45,0.02942702766932291,0.009627853308625246
5,XYt,351,45,0.029592583692492597,0.009737019369629315
5,XYt,352,45,0.029761775409944503,0.009905274174156466
5,XYt,353,46,0.02821598125390536,0.009468618860455118
5,XYt,354,46,0.028047042983265942,0.009505342863985269
5,XYt,355,46,0.028058538516777937,0.009535714922902625
5,XYt,356,46,0.027774239568389328,0.009539114978072161
5,XYt,357,46,0.027376865045299226,0.009538994987120823
5,XYt,358,45,0.027761768407880652,0.009959684267854634
5,XYt,359,45,0.026950429027559994,0.009844710744244398
5,XYt,360,45,0.026128645212732983,0.00978209249805947
5,XYt,361,45,0.02561939783257002,0.00973821406792844
5,XYt,362,45,0.02493863465470075,0.009721900069464757
5,XYt,363,45,0.025242280341838497,0.009908264339726471
5,XYt,364,47,0.025569025319984683,0.00973859595534136
5,XYt,365,47,0.02604478431584676,0.009996706674590853
5,XYt,366,48,0.024632393633106656,0.009531856700242402
5,XYt,367,48,0.024687158589615947,0.009602840921304095
5,XYt,368,48,0.02459441946507416,0.009664945566552802
5,XYt,369,48,0.024481581449498704,0.00969610334745414
5,XYt,370,48,0.024294871879767473,0.00969862109758768
5,XYt,371,48,0.02420352915706868,0.009695646456794896
5,XYt,372,48,0.024013008476564044,0.009698582027098885
5,XYt,373,48,0.023969551316111285,0.009742632937229512
5,XYt,374,48,0.023853807354499344,0.009825572616699625
5,XYt,375,48,0.023541915420680116,0.009793233629345454
5,XYt,376,48,0.022973704997156067,0.009685899968368866
5,XYt,377,48,0.02250677270367981,0.009630907703464142
5,XYt,378,48,0.022003606109953618,0.009571489337038684
5,XYt,379,48,0.02166018459248187,0.009503112225327022
5,XYt,380,48,0.021454658923595424,0.009471378563966293
5,XYt,381,48,0.02146656188348128,0.009508496595989882
5,XYt,382,48,0.021438074432442285,0.00953477837386282
5,XYt,383,48,0.021570383540270605,0.009587637559690268
5,XYt,384,48,0.021474572546895884,0.009597634437362293
5,XYt,385,48,0.021014129731537635,0.009525057986825238
5,XYt,386,48,0.020675723680680762,0.009492698116769902
5,XYt,387,48,0.020698361398771698,0.009524250822245407
5,XYt,388,48,0.020746662074525114,0.009545329919956522
5,XYt,389,48,0.02083547376432417,0.009563053494770903
5,XYt,390,48,0.0208356440651533,0.009549903490245372
5,XYt,391,48,0.020866497207779323,0.0095559495316969
5,XYt,392,48,0.020830157096423045,0.009544155691647961
5,XYt,393,48,0.020817128747063783,0.009517446265175252
5,XYt,394,48,0.02084486440257057,0.009525313902776023
5,XYt,395,48,0.020929421460316976,0.00952579495693915
5,XYt,396,48,0.021094559195666277,0.009523257768313493
5,XYt,397,48,0.02122364787388643,0.009545203868209656
5,XYt,398,48,0.021291405504568883,0.009582725710723572
5,XYt,399,48,0.021199336163913358,0.00958589921920747
5,XYt,400,48,0.02119698964808614,0.009607985222340099
5,XYt,401,48,0.021155062470746618,0.009623206368568298
5,XYt,402,48,0.021107489786556813,0.009592892635569401
5,XYt,403,48,0.021072968449973674,0.009576745931533402
5,XYt,404,48,0.021147495384077473,0.009560027681919646
5,XYt,405,48,0.021143304571589562,0.009536414611671108
5,XYt,406,48,0.021266689909802062,0.009535703861836584
5,XYt,407,48,0.021414833390346704,0.009577925137361911
5,XYt,408,48,0.02165107771298471,0.009601190370765188
5,XYt,409,48,0.021871073416079093,0.009630648103376566
5,XYt,410,48,0.02214037510848079,0.009679177975630001
5,XYt,411,48,0.02185733476456423,0.009581732601627715
5,XYt,412,48,0.02193207866843694,0.00958918574575448
5,XYt,413,48,0.022045780232797636,0.009620238458193724
5,XYt,414,48,0.022275709781765053,0.009659042977321109
5,XYt,415,48,0.022483017783810916,0.009695147639762978
5,XYt,416,48,0.0229271691345032,0.009759738859584213
5,XYt,417,48,0.02343240445695612,0.009844051222931052
5,XYt,418,48,0.023848712080801155,0.009921705586174124
5,XYt,419,48,0.02404262085811753,0.009898336494910955
5,XYt,420,48,0.02423550847028221,0.009796757245108284
5,XYt,421,48,0.0242308181779963,0.009703286271466941
5,XYt,422,48,0.02438285642178772,0.009674112720769335
5,XYt,423,48,0.024428587764544932,0.009620911697899293
5,XYt,424,48,0.024458860917601216,0.00957068445566039
5,XYt,425,48,0.024661743911370864,0.00956637441315973
5,XYt,426,48,0.02493515847886798,0.009588064965506996
5,XYt,427,48,0.025081319549957543,0.009566164107550325
5,XYt,428,48,0.025299374682867547,0.00961177183767516
5,XYt,429,48,0.02561823640855808,0.009644091459605974
5,XYt,430,48,0.025928707013738905,0.009658205754037957
5,XYt,431,48,0.02637073316528732,0.009680630008131387
5,XYt,432,48,0.0269170799358841,0.009729923981538487
5,XYt,433,48,0.02751436876606296,0.00976549497967879
5,XYt,434,48,0.028272386944313842,0.009823913758281375
5,XYt,435,48,0.02905618673820902,0.009874009702594163
5,XYt,436,48,0.030042840171596235,0.009988238852841088
5,XYt,437,49,0.029116740347100822,0.009488327123094439
5,XYt,438,49,0.029302659458537883,0.009457069706944111
5,XYt,439,48,0.031040255570661736,0.009960893046942117
5,XYt,440,48,0.031148987971971367,0.0098930888776051
5,XYt,441,48,0.03146746490103656,0.00986791467521487
5,XYt,442,48,0.03175496048089972,0.009823963066837136
5,XYt,443,48,0.03188803485979661,0.009739503279031626
5,XYt,444,48,0.03186383309325809,0.009637288826250574
5,XYt,445,48,0.031923449985279746,0.009544376714635141
5,XYt,446,47,0.033642306546065884,0.009980444538292525
5,XYt,447,47,0.03374310058447733,0.009864333709161467
5,XYt,448,47,0.03383134001597517,0.009729244232018205
5,XYt,449,47,0.03401723147096255,0.009568840565024824
5,XYt,450,46,0.03592014553880051,0.009918611557265622
5,XYt,451,46,0.035994674353326525,0.009712200843127697
5,XYt,452,46,0.03577871287342561,0.00946483110582705
5,XYt,453,45,0.03763439897443303,0.00984278284956565
5,XYt,454,45,0.03735274701599008,0.009612910985639392
5,XYt,455,44,0.038735578339688735,0.009925821586432475
5,XYt,456,44,0.03851202734345928,0.009852057332233632
5,XYt,457,44,0.03856182225177032,0.009844164320879917
5,XYt,458,44,0.03858831121748622,0.009852786495792618
5,XYt,459,44,0.038609610509600996,0.009869504787104109
5,XYt,460,44,0.038559593582967906,0.009866084759639415
5,XYt,461,44,0.038287816955926965,0.009835899987027623
5,XYt,462,44,0.03798983061834478,0.00978862050269672
5,XYt,463,44,0.03794608491172963,0.009768182007862024
5,XYt,464,44,0.03814131001985416,0.009798171120953733
5,XYt,465,44,0.037613652312357956,0.00982382746771326
5,XYt,466,44,0.03516777190602071,0.009815858029899928
5,XYt,467,44,0.0306379888999279,0.009972366790228154
5,XYt,468,45,0.023953110148680307,0.009442711862909932
5,XYt,469,44,0.021883401493222373,0.009844457575824542
5,XYt,470,44,0.020670022052926375,0.009745649354710652
5,XYt,471,44,0.020297653741724014,0.009705738162225372
5,XYt,472,44,0.02037925973801801,0.009724000574565177
5,XYt,473,44,0.020476611825692582,0.009719209490406562
5,XYt,474,44,0.02048392639989701,0.009706076652410354
5,XYt,475,44,0.020388571939189127,0.009677360812098214
5,XYt,476,44,0.020406857812187543,0.009685276420616893
5,XYt,477,44,0.02027112905611998,0.009622915302115882
5,XYt,478,44,0.020238499962618117,0.009626922476910818
5,XYt,479,44,0.02017769821548111,0.00960527046141382
5,XYt,480,44,0.02016462910355486,0.009601556958261209
5,XYt,481,44,0.020100649412372433,0.009558157213074209
5,XYt,482,44,0.020091689310755542,0.009544049271347126
5,XYt,483,44,0.02003150868145683,0.009513871760233807
5,XYt,484,44,0.020054518728758984,0.009543236754165229
5,XYt,485,44,0.020026494927819858,0.009540734503486383
5,XYt,486,44,0.020021816882869352,0.00955374215795969
5,XYt,487,44,0.019982901262275195,0.009553979314614302
5,XYt,488,44,0.02002506086403432,0.009594722946659265
5,XYt,489,44,0.02003192300280293,0.009607690035362682
5,XYt,490,44,0.020070263204810587,0.009617132743269582
5,XYt,491,44,0.020075513414311113,0.00961326534163712
5,XYt,492,44,0.020066559077003086,0.009626030920306807
5,XYt,493,44,0.02007935198265692,0.009634875063538228
5,XYt,494,44,0.020062664182711798,0.00962905059756393
5,XYt,495,44,0.02008375591757065,0.009637380840510495
5,XYt,496,44,0.02003713829586037,0.0096062643904145
5,XYt,497,44,0.019994998433450473,0.009577327598766098
5,XYt,498,44,0.01992090484704573,0.009523832037653597
5,XYt,499,44,0.01987865369958265,0.00949190548591676
5,XYt,500,44,0.019819015411466634,0.009446910436576129
5,XYt,501,43,0.020938151141872852,0.009984452595563976
5,XYt,502,43,0.020871012328688782,0.009937075580117801
5,XYt,503,43,0.020899941723791966,0.009944527956167496
5,XYt,504,43,0.020850482457701793,0.009923637043719118
5,XYt,505,43,0.02084621323070989,0.009919028246126893
5,XYt,506,43,0.020844821068538855,0.009904196657370338
5,XYt,507,43,0.020914404249621075,0.009937581515586203
5,XYt,508,43,0.02092811870047222,0.009952813560822671
5,XYt,509,44,0.01988167565076306,0.009443716282271373
5,XYt,510,44,0.019906262992162457,0.009463874745976835
5,XYt,511,44,0.01993961839546322,0.009489677040207777
5,XYt,512,44,0.01992273058620324,0.009489555600813966
5,XYt,513,44,0.019925968340310286,0.009509439430633005
5,XYt,514,44,0.01989790057118606,0.00951489617564705
5,XYt,515,44,0.019915961501529984,0.009533518435090576
5,XYt,516,44,0.019864123636741914,0.009515083391553358
5,XYt,517,44,0.01981955732263628,0.009488262483635749
5,XYt,518,44,0.01979967295058649,0.009487267721526924
5,XYt,519,44,0.01976843948669789,0.009462813432513484
5,XYt,520,44,0.019740512820442195,0.009442299391231129
5,XYt,521,43,0.020854506927394052,0.009983811696252214
5,XYt,522,43,0.020812437510499597,0.009945464413206711
5,XYt,523,43,0.020842052919093832,0.009916235938830651
5,XYt,524,43,0.020849509510560783,0.009899682986048293
5,XYt,525,43,0.020887773244489705,0.00990524775036647
5,XYt,526,43,0.020863969964440746,0.009922098128471368
5,XYt,527,43,0.020720214966267032,0.009935371248965933
5,XYt,528,43,0.020371954980018054,0.00989787315226285
5,XYt,529,43,0.020138984850599995,0.009841032813360575
5,XYt,530,43,0.02013001177608657,0.009787654670833396
5,XYt,531,43,0.020478610995952252,0.009794254750885334
5,XYt,532,43,0.02132477857125329,0.009872169837011413
5,XYt,533,44,0.021899151684323413,0.009475551242942679
5,XYt,534,44,0.025238253787179074,0.0096612913918204
5,XYt,535,44,0.029682582794607937,0.009624648986416762
5,XYt,536,43,0.034883670857368744,0.009917288513178857
5,XYt,537,43,0.037713248113305356,0.009854847607598674
5,XYt,538,43,0.03960727827381092,0.009916794935900579
5,XYt,539,43,0.040574730541448764,0.00997765101711719
5,XYt,540,44,0.03904828377787752,0.009601150903796212
5,XYt,541,44,0.038587753040639675,0.009693962141224933
5,XYt,542,44,0.03794446094112063,0.009734359455988177
5,XYt,543,44,0.03748747928585639,0.00976124974445359
5,XYt,544,44,0.037343603974941075,0.009799822378096599
5,XYt,545,44,0.03748786709963054,0.00988692342807303
5,XYt,546,45,0.03605594014950953,0.00958238408628504
5,XYt,547,45,0.036099404230872795,0.009841664354713302
5,XYt,548,45,0.03539265359335454,0.009960663225483073
5,XYt,549,46,0.03299034916293591,0.009512605356418565
5,XYt,550,46,0.032460939297091346,0.009550364899024825
5,XYt,551,46,0.03205315132135792,0.00958340688491594
5,XYt,552,46,0.03182596513673886,0.009626403460601125
5,XYt,553,46,0.03165403467299337,0.009669590223764114
5,XYt,554,46,0.03152867394402305,0.009697678931317176
5,XYt,555,46,0.031350771795553074,0.009710710889110493
5,XYt,556,46,0.031172164323811716,0.009721392955281256
5,XYt,557,46,0.030932785248898493,0.009709386874753602
5,XYt,558,46,0.030601431301811057,0.009689434797906089
5,XYt,559,46,0.03010495504886799,0.009644313027712065
5,XYt,560,46,0.029277860538060994,0.009564442694633841
5,XYt,561,45,0.029735286899109342,0.009943540338399365
5,XYt,562,45,0.02909630872656215,0.009822454272014199
5,XYt,563,45,0.02902352684237487,0.009903305606003622
5,XYt,564,46,0.02744856994264303,0.009519950533528039
5,XYt,565,46,0.027182972416327646,0.009709564707900775
5,XYt,566,46,0.026547766473179052,0.009806331807916534
5,XYt,567,46,0.025970051732122468,0.009862804552654283
5,XYt,568,46,0.025403398615585996,0.009862510654961056
5,XYt,569,46,0.02487065769570599,0.009814248877043496
5,XYt,570,46,0.024316796883401465,0.009736134283690193
5,XYt,571,46,0.023696078522880373,0.009606101724948666
5,XYt,572,45,0.0243361547691376,0.009979253785905676
5,XYt,573,45,0.023842786848451182,0.009796493665879234
5,XYt,574,45,0.02369092198123205,0.00971648037392478
5,XYt,575,45,0.02373338871271099,0.009676446450414735
5,XYt,576,45,0.023973676250163153,0.009716959602599341
5,XYt,577,45,0.024143945652061495,0.009744863668692387
5,XYt,578,45,0.024276723977218858,0.009782332105552195
5,XYt,579,45,0.02442170708680164,0.009792592980777856
5,XYt,580,45,0.02452567387374956,0.009795326016315616
5,XYt,581,45,0.02463173181084617,0.009838361711349088
5,XYt,582,45,0.02455928803248279,0.00987931727740275
5,XYt,583,45,0.02441361874002091,0.009912856073176823
5,XYt,584,45,0.024219385699254678,0.009939699717837074
5,XYt,585,45,0.023979150522182028,0.009972289227180778
5,XYt,586,46,0.022493279047165603,0.00948099741373234
5,XYt,587,46,0.022481796464666838,0.009719875473055388
5,XYt,588,46,0.022132085880231002,0.009856425955707824
5,XYt,589,46,0.02157513742025257,0.009951375334594852
5,XYt,590,46,0.020734025717367238,0.00988848954544905
5,XYt,591,46,0.020048038615635696,0.009804742208331043
5,XYt,592,46,0.019653875087675497,0.009750325682048765
5,XYt,593,46,0.019494053940958794,0.009723573117572399
5,XYt,594,46,0.01940041395132754,0.00968476053155576
5,XYt,595,46,0.019478048027420886,0.009711007771835112
5,XYt,596,46,0.019556754871173754,0.009684810145224274
5,XYt,597,46,0.019626447900838822,0.009626485839569335
5,XYt,598,46,0.019686599638259375,0.009545568922594595
5,XYt,599,46,0.019747645649071888,0.009463152355738594
5,XYt,600,45,0.020963445821007894,0.00993068174830272
5,XYt,601,45,0.02115449713971383,0.009888208263126023
5,XYt,602,45,0.02132460269047082,0.00986051175986802
5,XYt,603,45,0.021427344845630487,0.009851105254424179
5,XYt,604,45,0.02158359252024673,0.009869612843663686
5,XYt,605,45,0.02165782879918201,0.009886686750515801
5,XYt,606,45,0.021687139331013794,0.009884012176928785
5,XYt,607,45,0.021686656493375957,0.00989032598014897
5,XYt,608,45,0.021681801395262563,0.009891990287818116
5,XYt,609,45,0.021648297963369253,0.009896204702257414
5,XYt,610,45,0.02159616866186705,0.009909159281722217
5,XYt,611,45,0.021464102872878286,0.009945263302351612
5,XYt,612,45,0.02129597880327523,0.00998906875070502
5,XYt,613,46,0.01992910506179283,0.009467496185893313
5,XYt,614,46,0.019692722366559688,0.009504982840549259
5,XYt,615,46,0.01943926969986342,0.009525099819710376
5,XYt,616,46,0.019232545121490405,0.009531355459228574
5,XYt,617,46,0.01903125748915091,0.009510963379598633
5,XYt,618,46,0.019051932154556427,0.009532063664517613
5,XYt,619,46,0.019150649006887434,0.009602034192709552
5,XYt,620,46,0.01911345848187292,0.009580230104240042
5,XYt,621,46,0.019278324967236485,0.009577784015568037
5,XYt,622,46,0.019751242531567497,0.009610360212318453
5,XYt,623,46,0.020367571045348632,0.009594437937852482
5,XYt,624,46,0.020888551660953738,0.009488124968927505
5,XYt,625,45,0.022724584584736016,0.00999582777790606
5,XYt,626,45,0.02327563681960906,0.0099544674210715
5,XYt,627,45,0.023480300731292064,0.00985983665501381
5,XYt,628,45,0.023843737010888915,0.009861879656337481
5,XYt,629,45,0.024136162465255663,0.009833615619769882
5,XYt,630,45,0.024278796466915456,0.00977154115325997
5,XYt,631,45,0.024248318866226946,0.009694247850766457
5,XYt,632,45,0.024207249425652812,0.009692328720343157
5,XYt,633,45,0.024024958912943605,0.009654712091407166
5,XYt,634,45,0.02388062585185148,0.009634208476326522
5,XYt,635,45,0.02369511140506165,0.009587625336174086
5,XYt,636,45,0.02340759963991581,0.009556303138370753
5,XYt,637,45,0.023139766565143285,0.009530289773402527
5,XYt,638,45,0.023079836229862517,0.009557408432550431
5,XYt,639,45,0.02305024944538218,0.009582444829468052
5,XYt,640,45,0.023299281202054756,0.009694232134945649
5,XYt,641,45,0.023819456036769108,0.009854386977201954
5,XYt,642,45,0.024452289484186533,0.009996677366253677
5,XYt,643,46,0.02366050118930151,0.009516775968179177
5,XYt,644,46,0.024118719215736367,0.009543004242815933
5,XYt,645,46,0.0245444982849017,0.00952118559866167
5,XYt,646,46,0.025008290296661965,0.00947302039163574
5,XYt,647,45,0.0268814855550412,0.009897912620113733
5,XYt,648,45,0.027326947990083436,0.009731233158527908
5,XYt,649,45,0.027556450384880183,0.009541799432189526
5,XYt,650,45,0.027894769219634498,0.009463068142087644
5,XYt,651,44,0.029629859031551208,0.009977173346920644
5,XYt,652,45,0.02911961582191881,0.00962962991673792
5,XYt,653,45,0.030067854961395402,0.009735506730677934
5,XYt,654,45,0.030515305940783347,0.009784550991452307
5,XYt,655,45,0.030729853121011036,0.009809811294996692
5,XYt,656,45,0.030882817985800906,0.009812664541047674
5,XYt,657,45,0.031075818123580904,0.00982258432223392
5,XYt,658,45,0.0312098918704669,0.009808981762875013
5,XYt,659,45,0.031329595323816954,0.009780534506861154
5,XYt,660,45,0.031458086973746135,0.009727894228303063
5,XYt,661,45,0.031650507382668225,0.009679780123379144
5,XYt,662,45,0.031883358954149336,0.009594688746049464
5,XYt,663,45,0.03233580994918866,0.009524295119636568
5,XYt,664,44,0.03467160017382516,0.009959523844548306
5,XYt,665,44,0.03554211716868174,0.009847361479020359
5,XYt,666,44,0.03619675866874384,0.009642768425990203
5,XYt,667,43,0.0383054846121369,0.00991225941393318
5,XYt,668,43,0.03824005820125134,0.00972267033414525
5,XYt,669,43,0.0384100118769219,0.009702771339976091
5,XYt,670,43,0.038455206214817815,0.009668069055344479
5,XYt,671,43,0.03825394207680944,0.009605387184265195
5,XYt,672,43,0.03760339819048349,0.00944661021634706
5,XYt,673,42,0.03830293237793784,0.009876389149317218
5,XYt,674,42,0.03628470414428093,0.009791917182755901
5,XYt,675,42,0.03428630401000936,0.009873899715964678
5,XYt,676,43,0.03042413617632091,0.009472078468536
5,XYt,677,43,0.02769491913656627,0.009489004369926791
5,XYt,678,42,0.02614657546579325,0.00995219103535281
5,XYt,679,42,0.0238679414147991,0.009902014839622499
5,XYt,680,42,0.022260263560266287,0.009799147477305595
5,XYt,681,42,0.021137188867964604,0.009715198562286231
5,XYt,682,42,0.020401675386386226,0.009668928858029932
5,XYt,683,42,0.019853257665678747,0.0096402142064773
5,XYt,684,42,0.01948787574783173,0.00961457008811503
5,XYt,685,42,0.019246042869398787,0.009610193551241179
5,XYt,686,42,0.01919258037049972,0.009642382743320336
5,XYt,687,42,0.019220263249050348,0.009673114051656226
5,XYt,688,42,0.019377932131283013,0.009712791693017902
5,XYt,689,42,0.019552247942026747,0.00972385152919485
5,XYt,690,42,0.019763646530499362,0.00972632193250694
5,XYt,691,42,0.01996461106928166,0.009703044309408347
5,XYt,692,42,0.020056830231032885,0.009671704109093475
5,XYt,693,42,0.02011238404440615,0.009646806634334266
5,XYt,694,42,0.02016738885723,0.009639015467252246
5,XYt,695,42,0.02016648908921537,0.009655403966107921
5,XYt,696,42,0.02010090383644853,0.009634889254370447
5,XYt,697,42,0.019999354793661626,0.00962279595014673
5,XYt,698,42,0.01993938009580723,0.009604098680607843
5,XYt,699,42,0.01988671799281008,0.009618477173460073
5,XYt,700,42,0.01980987742579196,0.009590688062094545
5,XYt,701,42,0.019772179043621774,0.009604729938846326
5,XYt,702,42,0.019682738716728716,0.009548375528095447
5,XYt,703,42,0.019676867341886856,0.009570165246767712
5,XYt,704,42,0.019573627222344077,0.00950900191768512
5,XYt,705,42,0.019574852231229053,0.009513680414308152
5,XYt,706,42,0.019595223376284866,0.009484017548019332
5,XYt,707,42,0.01980840092186899,0.009564661615107098
5,XYt,708,42,0.020218035238035597,0.009765716193460196
5,XYt,709,47,0.018120805195060517,0.009586414723418908
5,XYt,710,41,0.020546612262017896,0.009997434275362956
5,XYt,711,45,0.019324520519056997,0.00950019931717952
5,XYt,712,44,0.019579689641606488,0.009524375510672083
5,XYt,713,44,0.01907263226957048,0.009602974352482117
5,XYt,714,44,0.018454751546671484,0.009696812009153807
5,XYt,715,44,0.01740857244569525,0.009638193527436275
5,XYt,716,43,0.016765773442087857,0.00989206413646334
5,XYt,717,42,0.015959463715928268,0.009953251974371845
5,XYt,718,42,0.01552986053518109,0.009989941203284464
5,XYt,719,43,0.01496748434874706,0.009596981545643507
5,XYt,720,43,0.015631805748345943,0.009752746520393154
5,XYt,721,44,0.015932998676957806,0.009586207710038847
5,XYt,722,44,0.016692876074672663,0.009977356587043979
5,XYt,723,45,0.016410751785456076,0.009709252894235717
5,XYt,724,46,0.016176158754903833,0.009444577482666777
5,XYt,725,46,0.016952038716355963,0.0099987580447104
5,XYt,726,47,0.015821387448504712,0.009625906737004702
5,XYt,727,47,0.015057083627400188,0.009698692793539148
5,YZt,0,8,0.31234781799201,0.008513895357290358
5,YZt,1,30,0.050218849679870524,0.009327278618522885
5,YZt,2,30,0.042267933125972386,0.009673026127376215
5,YZt,3,31,0.03764073756177983,0.009691232882701085
5,YZt,4,34,0.03204881867547339,0.00952726761320051
5,YZt,5,38,0.028585315584402294,0.009988881758732278
5,YZt,6,36,0.031327081348765246,0.009948410916771195
5,YZt,7,36,0.03628130042150099,0.009882279606881516
5,YZt,8,36,0.036687564442511325,0.00951058168176557
5,YZt,9,36,0.039196141549670986,0.009469451040247021
5,YZt,10,35,0.04116748545635811,0.009941055651374346
5,YZt,11,36,0.040601901202279696,0.009468675441568418
5,YZt,12,35,0.04286087956690636,0.009905462857124124
5,YZt,13,36,0.04127211652604083,0.009418672910765985
5,YZt,14,36,0.04195810944691142,0.009505735633296078
5,YZt,15,35,0.04536841922959409,0.00988708587602461
5,YZt,16,36,0.04402927313037435,0.009529256061409362
5,YZt,17,36,0.04425635475911035,0.009443817628373805
5,YZt,18,36,0.04497833735503355,0.00957201710283461
5,YZt,19,36,0.04531023300849668,0.009696281194005832
5,YZt,20,36,0.046332245245642376,0.009673459106347562
5,YZt,21,36,0.046508945211268256,0.009845286896380307
5,YZt,22,36,0.04734333943153162,0.009784029043225576
5,YZt,23,36,0.047274495551479306,0.009824182396020124
5,YZt,24,37,0.046478988336295234,0.009559870884609417
5,YZt,25,37,0.046697279895066494,0.009413494101369763
5,YZt,26,37,0.04681171622104283,0.009600887941528522
5,YZt,27,37,0.04736815169315516,0.009622438407327008
5,YZt,28,37,0.048336411340605206,0.009635262494714462
5,YZt,29,37,0.04757461929904776,0.009618641486264899
5,YZt,30,37,0.04887248248559581,0.009895976367352856
5,YZt,31,37,0.04937930215024666,0.009790785809110353
5,YZt,32,37,0.04934280232910001,0.00966370935542825
5,YZt,33,37,0.05037574381182008,0.009931280054216726
5,YZt,34,38,0.04838142835488364,0.00944547742230694
5,YZt,35,38,0.04841149420139483,0.009625950914441421
5,YZt,36,38,0.04821815269762959,0.009508667974068945
5,YZt,37,38,0.04805012422538243,0.009581853746414808
5,YZt,38,38,0.048038763521150635,0.009779733077709157
5,YZt,39,39,0.045301097816217405,0.009511882208101686
5,YZt,40,39,0.04484089246215563,0.009797761196566758
5,YZt,41,40,0.04157278940281793,0.009443112910659203
5,YZt,42,40,0.04120877224267592,0.009576045809532658
5,YZt,43,40,0.039709146203767615,0.00960922755690828
5,YZt,44,40,0.03837272379832956,0.009723069993605126
5,YZt,45,40,0.03687102455322179,0.009749001552387235
5,YZt,46,40,0.035498998948007884,0.009717356797715253
5,YZt,47,40,0.034498224874605576,0.009797782840912126
5,YZt,48,40,0.033682016428245594,0.00990985129976384
5,YZt,49,41,0.03175049462805583,0.009574881060016563
5,YZt,50,41,0.03131316594317225,0.009635171850305338
5,YZt,51,41,0.03080993249864023,0.009590804322350334
5,YZt,52,41,0.0303066187021251,0.00951256188458996
5,YZt,53,40,0.03199571598121963,0.009928790388003572
5,YZt,54,41,0.030694366580573104,0.009618649028805083
5,YZt,55,41,0.03081316236145432,0.009634886879579573
5,YZt,56,41,0.030813734951732365,0.0095137451157063
5,YZt,57,41,0.031340868356894994,0.009441795228141477
5,YZt,58,41,0.03227854892530487,0.009744986794229176
5,YZt,59,41,0.03259471277902953,0.009693756503436003
5,YZt,60,41,0.032991014106909335,0.009535026654353688
5,YZt,61,41,0.03348458283400395,0.009628938798165072
5,YZt,62,41,0.03431015676225073,0.009952702482524195
5,YZt,63,42,0.03276626441264354,0.009706601642456502
5,YZt,64,44,0.028934704352326486,0.009757137073707017
5,YZt,65,45,0.025594092105906498,0.009833163813180331
5,YZt,66,45,0.022679735182258125,0.009830502835181327
5,YZt,67,45,0.019146327459470255,0.009413380868291785
5,YZt,68,44,0.017103454901085374,0.009432519260872473
5,YZt,69,44,0.015450105034596652,0.009424585823798464
5,YZt,70,43,0.015010252774049632,0.009864658271510222
5,YZt,71,43,0.014074283549104293,0.009928606588802801
5,YZt,72,43,0.013311686337643113,0.009894018189088064
5,YZt,73,44,0.012089463088260585,0.009486230498021215
5,YZt,74,44,0.01169701551360238,0.00955001773423724
5,YZt,75,44,0.011473287332988021,0.009719887415426298
5,YZt,76,44,0.0110733153124458,0.00972978649827157
5,YZt,77,44,0.010951685420630308,0.00997954502841151
5,YZt,78,45,0.010124038272519901,0.009443217809080206
5,YZt,79,45,0.010100415120186394,0.009675730702429023
5,YZt,80,45,0.009999917876930407,0.00970466448317741
5,YZt,81,45,0.010075735361158312,0.00998930914785042
5,YZt,82,46,0.009505547168761397,0.009435754998729107
5,YZt,83,46,0.009585989890914585,0.009590430457397726
5,YZt,84,46,0.009726680312608378,0.009759755727896459
5,YZt,85,46,0.009751548512100541,0.009755943319818704
5,YZt,86,46,0.009940215150580922,0.009968474294602616
5,YZt,87,47,0.009507332348062818,0.009469036432899047
5,YZt,88,47,0.009683985035257378,0.009647152398584262
5,YZt,89,47,0.009915674100692651,0.009892400369314821
5,YZt,90,47,0.01000223446301,0.009917677066312375
5,YZt,91,48,0.009586661342780729,0.009536272056297113
5,YZt,92,48,0.00975971700849522,0.009750065083183657
5,YZt,93,48,0.00985452903060672,0.009785437800408567
5,YZt,94,49,0.009440553220413768,0.009462881784285494
5,YZt,95,49,0.009575733432233542,0.009572625466649923
5,YZt,96,49,0.00973830976049444,0.009723497013564704
5,YZt,97,49,0.009851045613624994,0.009813714917284937
5,YZt,98,50,0.009416553700031102,0.009464111029330032
5,YZt,99,50,0.009591838491904096,0.009631561887828353
5,YZt,100,50,0.009675782211387296,0.00963054032092729
5,YZt,101,50,0.00979102312683238,0.009694512367809943
5,YZt,102,50,0.009964036658600685,0.009932988177437268
5,YZt,103,51,0.009620912796915602,0.009566437999798484
5,YZt,104,51,0.009815912686703546,0.009680431985079351
5,YZt,105,51,0.009899997539377231,0.009624847577335047
5,YZt,106,51,0.010166986201226698,0.009779560172668476
5,YZt,107,52,0.00986162573677037,0.009595140672841184
5,YZt,108,52,0.010174561352200512,0.009750464020412804
5,YZt,109,52,0.010518690690187142,0.009883340088968079
5,YZt,110,52,0.010837191479372997,0.009949975320497522
5,YZt,111,52,0.011080990334094949,0.00992213547514552
5,YZt,112,52,0.011399320953228625,0.009971170092024145
5,YZt,113,53,0.011016977815385505,0.009462260171914408
5,YZt,114,54,0.010528477099421778,0.00977425112764347
5,YZt,115,54,0.01051625161774638,0.009738658990539191
5,YZt,116,54,0.010445780520620231,0.00968850988268671
5,YZt,117,54,0.010403978269960925,0.009690963957151582
5,YZt,118,54,0.010457727508982058,0.009769661254893298
5,YZt,119,54,0.010483261721459016,0.009856908741356146
5,YZt,120,54,0.010449482254131904,0.00993853642737535
5,YZt,121,55,0.009757995983476596,0.009472119769479427
5,YZt,122,55,0.009609528640220022,0.009473724828569301
5,YZt,123,54,0.009983893630268772,0.009964004695281215
5,YZt,124,54,0.009748375820499972,0.009906993484581848
5,YZt,125,54,0.00953392555175217,0.009840436960006074
5,YZt,126,54,0.009397185566019936,0.009805278022675685
5,YZt,127,54,0.009312788328886663,0.009761426975791116
5,YZt,128,54,0.009239901015212958,0.009684940833671158
5,YZt,129,54,0.009234292515530599,0.009637001370127931
5,YZt,130,54,0.009259588069978395,0.009605557588947296
5,YZt,131,54,0.00930766555887246,0.009596111923515708
5,YZt,132,54,0.009372910545810877,0.009598991075032964
5,YZt,133,54,0.009391806285129303,0.009550254399028334
5,YZt,134,53,0.009967663683198784,0.009993249763702286
5,YZt,135,53,0.010025536491217646,0.009942588096237326
5,YZt,136,53,0.010083050278158772,0.009907383849687309
5,YZt,137,53,0.010136437653117518,0.009882307277987818
5,YZt,138,53,0.010211011505864181,0.009872914981489752
5,YZt,139,53,0.010342294321899943,0.00989671453156898
5,YZt,140,53,0.01049701321010996,0.00996078368351562
5,YZt,141,54,0.009951681692206771,0.009488017273168552
5,YZt,142,54,0.009914403356337075,0.00949283386036474
5,YZt,143,54,0.0098423522302777,0.009489085942119401
5,YZt,144,53,0.01032059929678426,0.009969452277132149
5,YZt,145,53,0.0101781635091343,0.009906511844099504
5,YZt,146,51,0.01123869374868383,0.009964922072962594
5,YZt,147,51,0.011027560745667611,0.00984417356140679
5,YZt,148,51,0.010782578335931565,0.009663217899099545
5,YZt,149,51,0.010684452054674694,0.0096050364304383
5,YZt,150,51,0.010605163568294737,0.009568009738835584
5,YZt,151,51,0.010517716320592898,0.009474840462787053
5,YZt,152,50,0.011058634965792956,0.00986228759468565
5,YZt,153,50,0.011005688715484267,0.009439061758173875
5,YZt,154,49,0.011586277171741497,0.009755184778350755
5,YZt,155,49,0.011608148003124652,0.009651228960132457
5,YZt,156,48,0.01210543323915892,0.009905346796960337
5,YZt,157,48,0.011768901577925232,0.00948254323624093
5,YZt,158,47,0.012089341090190957,0.009541558814435849
5,YZt,159,46,0.01237382354597306,0.009820880863132524
5,YZt,160,46,0.011914781804953187,0.009681026906769143
5,YZt,161,45,0.0121429047791941,0.00998429162001395
5,YZt,162,45,0.011746766180957092,0.009705995638932399
5,YZt,163,45,0.011454865446940252,0.009627423959332389
5,YZt,164,45,0.011107089338090306,0.009514589185201608
5,YZt,165,45,0.010792891317063423,0.009427693465149857
5,YZt,166,44,0.011163116337173776,0.009778497566979568
5,YZt,167,44,0.010920767617191712,0.009849553703498107
5,YZt,168,44,0.010587640957455966,0.009670843918376248
5,YZt,169,44,0.01029667899234695,0.009545926304562979
5,YZt,170,44,0.010128141844484441,0.00966037030995115
5,YZt,171,44,0.009844713610978668,0.009480079064999937
5,YZt,172,44,0.009719280959716874,0.009440110548925988
5,YZt,173,44,0.009753087071434168,0.009526878367628283
5,YZt,174,44,0.009769603270825367,0.009420481089332532
5,YZt,175,44,0.009949421263093993,0.009523435385315382
5,YZt,176,43,0.01060387055824309,0.00996277523193962
5,YZt,177,43,0.01076423331019733,0.009831779490655116
5,YZt,178,43,0.011104318086666336,0.009938362354440471
5,YZt,179,43,0.011335369737418012,0.009710637442854816
5,YZt,180,43,0.011853006955004115,0.00979382283858343
5,YZt,181,43,0.012187283647296732,0.00956579073807392
5,YZt,208,38,0.051610516782228555,0.009898760689823646
5,YZt,209,38,0.05191764273461766,0.009969869863796998
5,YZt,210,38,0.05157878898757549,0.009862981317091457
5,YZt,211,38,0.05004797410126903,0.009549291925637316
5,YZt,212,38,0.05008203355572208,0.009483771109747307
5,YZt,213,37,0.0527337024933989,0.009989335963812877
5,YZt,214,38,0.050325089671307145,0.00954226883574833
5,YZt,215,38,0.050639456513509415,0.009595551285421054
5,YZt,216,38,0.05036425170086006,0.009519109460356933
5,YZt,217,38,0.05026316788699734,0.009524469025920863
5,YZt,218,38,0.049065399040341594,0.00952529134635795
5,YZt,219,37,0.051341399398732085,0.009971484069206154
5,YZt,220,37,0.05045695246999585,0.009764070199421817
5,YZt,221,37,0.049730126328001,0.009551265271493393
5,YZt,222,37,0.049377183018038034,0.009518474517256244
5,YZt,223,37,0.04936129512946483,0.00957409272656933
5,YZt,224,37,0.04985717173333124,0.009862215729950611
5,YZt,225,37,0.050382021942839625,0.009785194847043889
5,YZt,226,37,0.04954016178652925,0.009667789037306362
5,YZt,227,36,0.05113887556531902,0.009956252898169943
5,YZt,228,37,0.0487371176233503,0.009588729697065241
5,YZt,229,37,0.04790151685843007,0.009598343682825966
5,YZt,230,36,0.04928055494819882,0.009933689321930544
5,YZt,231,37,0.047630523434978915,0.009407810016039108
5,YZt,232,36,0.04915409895080425,0.009968790036141335
5,YZt,233,36,0.04852683072273981,0.009910401478192624
5,YZt,182,43,0.012950107961570714,0.00963840121918517
5,YZt,183,43,0.013587438007396478,0.009457102870962877
5,YZt,184,43,0.014883533131254583,0.009585034996142818
5,YZt,185,43,0.016610922360532285,0.009761462993379188
5,YZt,186,44,0.018321749233811288,0.009544968364474691
5,YZt,187,45,0.021521349813887262,0.009524616093784254
5,YZt,188,45,0.026143175966193977,0.009805119227978326
5,YZt,189,44,0.03134972307151137,0.009604686361048588
5,YZt,190,42,0.03866018863449091,0.009550919074328711
5,YZt,191,40,0.04407362656554902,0.009613716975663046
5,YZt,192,40,0.045693209007314155,0.009590140083744767
5,YZt,193,39,0.04836668568218093,0.009767871436935763
5,YZt,194,39,0.04979082421676864,0.00986988589183316
5,YZt,195,39,0.05005597035762382,0.009961119277514406
5,YZt,196,39,0.04963848298523574,0.009546493656765319
5,YZt,197,39,0.04973996827080118,0.00978140205336169
5,YZt,198,39,0.050060046121695574,0.009596215440245448
5,YZt,199,39,0.04984828764343403,0.009462233336684793
5,YZt,200,39,0.04947973578719383,0.009548034778772696
5,YZt,201,39,0.050035125395087914,0.009626866594001459
5,YZt,202,38,0.05220829942905595,0.009851871931542173
5,YZt,203,38,0.05150315127700263,0.009945073186007035
5,YZt,204,39,0.04916779547155641,0.00947859901834756
5,YZt,205,38,0.05195512889420353,0.009940664362942464
5,YZt,206,38,0.05148100900358659,0.00963204279219341
5,YZt,207,38,0.051091446326641685,0.009823192791213388
5,YZt,234,36,0.04837339136165689,0.00974394160941137
5,YZt,235,36,0.04829962305678754,0.009963889317017373
5,YZt,236,36,0.04651667407975425,0.009637834645000794
5,YZt,237,36,0.04641838633028858,0.00955565752623109
5,YZt,238,36,0.04566776369868726,0.009670040612235026
5,YZt,239,36,0.04550941757435463,0.009479013796174825
5,YZt,240,36,0.04466360469369508,0.009518203055896138
5,YZt,241,35,0.0466460940734961,0.009959393565250139
5,YZt,242,35,0.04622937842303705,0.00988565829730337
5,YZt,243,35,0.04601135040043226,0.009946519168557199
5,YZt,244,35,0.04458137217347595,0.00971621961397366
5,YZt,245,35,0.04395405713263436,0.009938644238760926
5,YZt,246,35,0.04319860326611353,0.009844658251730422
5,YZt,247,35,0.042161079767299256,0.009637915131252821
5,YZt,248,35,0.0426126768920449,0.009915171039037926
5,YZt,249,35,0.040467689538239274,0.009701530514865693
5,YZt,250,35,0.04138424879091629,0.009918431057926025
5,YZt,251,35,0.03855817579328081,0.009921350827969888
5,YZt,252,36,0.03524420289479535,0.009453398639874676
5,YZt,253,36,0.031003284707757834,0.009605073615482771
5,YZt,254,38,0.027738883116553023,0.009407481082019184
5,YZt,255,34,0.032068436848466636,0.009583683254173966
5,YZt,256,31,0.037341037812782064,0.009738593663144661
5,YZt,257,30,0.041916870992917535,0.00969055047675968
5,YZt,258,29,0.05449102436985041,0.009987319537826198
5,YZt,259,8,0.32645923526951126,0.00882063735370745
5,XZt,0,7,0.3546326663238161,0.009883847702262236
5,XZt,1,29,0.047749048613662665,0.00938499881347832
5,XZt,2,29,0.04035792094544152,0.009753977054046974
5,XZt,3,30,0.03451956468076022,0.009364548872539083
5,XZt,4,31,0.03279815706833553,0.00950123718899863
5,XZt,5,34,0.03178876408129161,0.009919060090653369
5,XZt,6,34,0.03140524897625065,0.009473616438940359
5,XZt,7,35,0.035010986602132435,0.009395966185206786
5,XZt,8,35,0.03669895821773239,0.009427807414235401
5,XZt,9,35,0.039069569134341425,0.009433114731794116
5,XZt,10,34,0.04124349378266886,0.009911280461411657
5,XZt,11,35,0.040730257434207336,0.009484057090526963
5,XZt,12,35,0.040939851678996525,0.009361406856464962
5,XZt,13,35,0.0422941662625737,0.00964620190758735
5,XZt,14,35,0.043427188449865,0.009883875933604519
5,XZt,15,35,0.04416407041701534,0.009629357242336697
5,XZt,16,36,0.04363208125386928,0.009394774060558988
5,XZt,17,35,0.04671737089349927,0.009988134202819675
5,XZt,18,36,0.04464425625489597,0.009449187416341343
5,XZt,19,36,0.04525727229010437,0.009572162565644464
5,XZt,20,36,0.04629241501674076,0.009578893414518197
5,XZt,21,36,0.04702026568595506,0.009841966926746593
5,XZt,22,36,0.04777533779854446,0.009699044015486432
5,XZt,23,36,0.04745340347939607,0.009727607269573193
5,XZt,24,37,0.04677941993082031,0.009517203624404313
5,XZt,25,36,0.04941782660721609,0.00978343011739067
5,XZt,26,36,0.049591951360012494,0.00997955789030777
5,XZt,27,37,0.04747178659138072,0.009455514467107141
5,XZt,28,36,0.050862415809448114,0.00997714235909458
5,XZt,29,36,0.05024449748933054,0.009984386081675655
5,XZt,30,37,0.04875814670199139,0.009722752586242675
5,XZt,31,37,0.049537531415389795,0.0097120579949016
5,XZt,32,37,0.0489506823883092,0.009502679354186163
5,XZt,33,37,0.05001164212935948,0.009776981641712217
5,XZt,34,37,0.05090403067557962,0.009863758726147009
5,XZt,35,37,0.0502331864637917,0.00992108082749487
5,XZt,36,37,0.04981901186329416,0.009675116420400389
5,XZt,37,37,0.04955389402069238,0.009572161982631602
5,XZt,38,37,0.050034333919007065,0.009642096886021415
5,XZt,39,37,0.050800318047198784,0.009849646057815806
5,XZt,40,38,0.048783599846599995,0.00949454210019607
5,XZt,41,38,0.04918547954031055,0.00959701794779378
5,XZt,42,38,0.050406497652760805,0.009625860472227642
5,XZt,43,38,0.05030713919003669,0.009628367609905842
5,XZt,44,38,0.05049965358438113,0.009742973639646173
5,XZt,45,38,0.05035792667014834,0.009762415981916477
5,XZt,46,38,0.0500070206383681,0.00970114222111739
5,XZt,47,38,0.05001314996900179,0.009801646160216296
5,XZt,48,39,0.04751610634574614,0.009437268670923846
5,XZt,49,39,0.04879702761256018,0.00972666865690392
5,XZt,50,39,0.04918828326358027,0.009900268114774442
5,XZt,51,39,0.0488116662884874,0.009898356453452339
5,XZt,52,39,0.048480588004428504,0.00991762642303029
5,XZt,53,39,0.04914734343625817,0.009914805746605738
5,XZt,54,40,0.04709080347163595,0.009678461334089653
5,XZt,55,40,0.04688519679159926,0.00983000382161401
5,XZt,56,40,0.04660772803462439,0.009874227411467014
5,XZt,57,40,0.047153818745863704,0.009921295703469854
5,XZt,58,41,0.045145812907109034,0.00977193047599464
5,XZt,59,41,0.04459199446092119,0.009890729246987551
5,XZt,60,42,0.04251275570729552,0.00943693691982973
5,XZt,61,42,0.04251786791370652,0.009732138416188394
5,XZt,62,42,0.04197716178367642,0.009950375216430602
5,XZt,63,43,0.039619405558664056,0.009450523850503009
5,XZt,64,43,0.03946740658489542,0.00978946732313469
5,XZt,65,43,0.03929760119934976,0.009929419326499432
5,XZt,66,44,0.03654165339115585,0.009535342116938796
5,XZt,67,44,0.03645310426443117,0.009902244782380446
5,XZt,68,45,0.03316066904934519,0.009526760624299729
5,XZt,69,45,0.03245164440435448,0.009950162651028154
5,XZt,70,46,0.028720745091880825,0.009518176085230205
5,XZt,71,46,0.0270898450134657,0.009805865369961368
5,XZt,72,46,0.025664173711158672,0.009976774301381289
5,XZt,73,47,0.02293250885630461,0.009661208500936358
5,XZt,74,47,0.02169661129029818,0.009732577079748384
5,XZt,75,47,0.020812772065008343,0.009892450577602215
5,XZt,76,47,0.019588549472711148,0.009857997993754251
5,XZt,77,48,0.017845082973549038,0.009438817279771495
5,XZt,78,47,0.01786462421748538,0.0099485982767593
5,XZt,79,48,0.01628509535994503,0.009474044394034582
5,XZt,80,47,0.01640369397893224,0.00993758572739508
5,XZt,81,48,0.015066144196145798,0.0094825576550407
5,XZt,82,47,0.015346850934108973,0.009971584808453057
5,XZt,83,48,0.014059573273531096,0.009443801377614268
5,XZt,84,48,0.013763221492833154,0.009540724150160607
5,XZt,85,48,0.013322659375827363,0.009465870438349299
5,XZt,86,48,0.013159100585756424,0.009579141600255768
5,XZt,87,48,0.01298297198969692,0.009641619666605681
5,XZt,88,48,0.012865591016129083,0.009747996872870184
5,XZt,89,49,0.012243472102721673,0.00946932256400493
5,XZt,90,49,0.012157100963671548,0.009532487649150293
5,XZt,91,49,0.012139527929181295,0.009726542430687265
5,XZt,92,49,0.012195309817190528,0.009968946783545126
5,XZt,93,49,0.012074360008094174,0.009980360328013424
5,XZt,94,50,0.011365193778662658,0.009632961079011043
5,XZt,95,50,0.011292617711210762,0.00972316182743737
5,XZt,96,50,0.01123857080393005,0.009810587342671892
5,XZt,97,50,0.01111258347488309,0.009851423284817983
5,XZt,98,51,0.010388230203345752,0.009467005567080645
5,XZt,99,51,0.010298163634944827,0.00953863365956737
5,XZt,100,51,0.010136707593061471,0.009490038643998512
5,XZt,101,51,0.009971612160052433,0.009487919340136467
5,XZt,102,51,0.009834289591528848,0.009637653114187825
5,XZt,103,51,0.009730154634154565,0.009713950592141597
5,XZt,104,51,0.009606602511683864,0.0097276749655183
5,XZt,105,51,0.009392479117587879,0.009602143689997435
5,XZt,106,51,0.009308020656965737,0.009667101224085905
5,XZt,107,51,0.009180090664697074,0.009910525362673762
5,XZt,108,51,0.009080098875366018,0.009924712843492792
5,XZt,109,51,0.009001338242928134,0.009951203000422697
5,XZt,110,51,0.008907639524708268,0.009900405654464643
5,XZt,111,51,0.008812929506338515,0.009836694400534519
5,XZt,112,51,0.008777454050167603,0.00987267418082225
5,XZt,113,51,0.008746441299125933,0.009886360540513459
5,XZt,114,53,0.007771507217767811,0.009747962523021944
5,XZt,115,53,0.007738414768990867,0.00975445421169232
5,XZt,116,53,0.0077135519324321635,0.009757518563678583
5,XZt,117,53,0.007662418666108899,0.009733446893983345
5,XZt,118,53,0.00762719980647799,0.009707056407727647
5,XZt,119,53,0.007557886935428199,0.009648768249747273
5,XZt,120,53,0.007494789985809894,0.009622949344413016
5,XZt,121,53,0.007479180909143429,0.009647786103632972
5,XZt,122,53,0.007495822191021787,0.009677608490915554
5,XZt,123,53,0.0074952836429740596,0.00967887244800318
5,XZt,124,53,0.0074685140904977056,0.009679821460566595
5,XZt,125,53,0.007434315077494859,0.009689495388348785
5,XZt,126,53,0.007437436076961398,0.009748560193112132
5,XZt,127,53,0.007431598738270834,0.009750850350091954
5,XZt,128,53,0.0074420161219611565,0.009768323349785911
5,XZt,129,53,0.007433650153363947,0.009766502430460611
5,XZt,130,53,0.007474702798563857,0.009787869283031941
5,XZt,131,53,0.007492357760702539,0.009801337560664307
5,XZt,132,53,0.007531669324481485,0.009822137178612314
5,XZt,133,53,0.007580292532395898,0.009817157566154573
5,XZt,134,53,0.007613322557337135,0.009784634206282736
5,XZt,135,53,0.007700765524325559,0.009809567921264256
5,XZt,136,53,0.007778183946292801,0.009821641149229636
5,XZt,137,53,0.007826533488955787,0.009826966048080558
5,XZt,138,53,0.007861897882272583,0.009812185664107038
5,XZt,139,53,0.007907269809160825,0.009786438636226493
5,XZt,140,53,0.008008674638652341,0.009798466891508624
5,XZt,141,53,0.008106227231478216,0.009836505476412278
5,XZt,142,53,0.008165434080837107,0.009849992237152976
5,XZt,143,53,0.008225379243092083,0.009852394194038858
5,XZt,144,53,0.008277138874594926,0.00983831514098988
5,XZt,145,53,0.008359607576811345,0.009830375103745204
5,XZt,146,51,0.009463997816368329,0.009967423990144633
5,XZt,147,51,0.009611876065007992,0.00998392326689043
5,XZt,148,51,0.009728037072803234,0.009934055605302878
5,XZt,149,52,0.009444328308363281,0.009485084726007634
5,XZt,150,52,0.009677910496607116,0.009544588318884422
5,XZt,151,52,0.00988093191519417,0.009516840355330855
5,XZt,152,51,0.010665082822379485,0.009996683618706152
5,XZt,153,51,0.010935563215841111,0.009742078325196702
5,XZt,154,51,0.011155669329026448,0.009676445873685052
5,XZt,155,51,0.011532152861261665,0.009793213114652146
5,XZt,156,51,0.011830567496059858,0.009794108313096562
5,XZt,157,51,0.012121148341460313,0.009765460691379855
5,XZt,158,51,0.012470894332034323,0.00967058337057101
5,XZt,159,51,0.012874670384336293,0.009742302877561592
5,XZt,160,51,0.013266170227478944,0.009850305544460519
5,XZt,161,51,0.013574345127506693,0.00984219770538384
5,XZt,162,51,0.014013196525105532,0.009835572716752852
5,XZt,163,51,0.014488374762296245,0.009973300577345037
5,XZt,164,52,0.014041004062610015,0.009492937621483191
5,XZt,165,52,0.014408196743608066,0.009575408230900955
5,XZt,166,52,0.014782444193491506,0.009567850505922463
5,XZt,167,52,0.0151535189811068,0.009692886006246775
5,XZt,168,52,0.015362305018362736,0.009629613110249971
5,XZt,169,52,0.015623701857087202,0.009559889273109145
5,XZt,170,52,0.01587808376490158,0.009548417609500953
5,XZt,171,51,0.016936496911539325,0.009998748388906393
5,XZt,172,51,0.017130910410968272,0.009904902826113319
5,XZt,173,51,0.017060952335390622,0.009749190454920079
5,XZt,174,51,0.016702784312698823,0.009471381804657182
5,XZt,175,50,0.017460629819332094,0.009883226027666277
5,XZt,176,50,0.01689556119938663,0.009537794643513713
5,XZt,177,49,0.01742977974213959,0.009816656737218077
5,XZt,178,49,0.016912726505694038,0.009563564803540947
5,XZt,179,48,0.017172219290139904,0.009712418271793005
5,XZt,180,48,0.016770451448958276,0.009495036115704939
5,XZt,181,47,0.01715590231073594,0.00969706045726376
5,XZt,182,47,0.016980934161864157,0.00953088018978201
5,XZt,183,46,0.017569639601446568,0.009803778192414162
5,XZt,184,46,0.01770644792267472,0.009799620727097015
5,XZt,185,46,0.01759320355417336,0.009650956317729359
5,XZt,186,46,0.01779277945943232,0.00966537209430307
5,XZt,187,46,0.01803555793897547,0.009585595667113745
5,XZt,188,46,0.01842873213506506,0.009680907003013718
5,XZt,189,46,0.018860219445620222,0.009618262611059037
5,XZt,190,46,0.01954215279449297,0.009672991799766505
5,XZt,191,46,0.01982108835692512,0.009444720535727681
5,XZt,192,45,0.021735046461183866,0.009979807855173913
5,XZt,193,45,0.02180512415274547,0.009657889970852561
5,XZt,194,44,0.02315135683062537,0.00996246098028967
5,XZt,195,44,0.022902006804537654,0.009709397737957808
5,XZt,196,43,0.02371276836304498,0.009803935870372526
5,XZt,197,43,0.02332532135759094,0.00964764611942687
5,XZt,198,43,0.023116322022061327,0.009434714596400346
5,XZt,199,42,0.02408578045797748,0.009734520723521732
5,XZt,200,42,0.023961582825405107,0.009763883871028521
5,XZt,201,42,0.024037484722722748,0.009767614905673943
5,XZt,202,42,0.023778418928998287,0.009519416363652925
5,XZt,203,42,0.02369987438883246,0.009616684867605868
5,XZt,204,42,0.02379807711383172,0.009673122763270377
5,XZt,205,42,0.02378212029166059,0.009595339292876662
5,XZt,206,41,0.02494409007951922,0.009972940771605196
5,XZt,207,42,0.023474991384063136,0.009475125829638503
5,XZt,208,42,0.023680437572451477,0.009537231162435544
5,XZt,209,42,0.023852581996650992,0.00958600930831844
5,XZt,210,42,0.023853078713489267,0.009481022076829753
5,XZt,211,41,0.02517113742395533,0.00990038197973608
5,XZt,212,41,0.025517349392484793,0.009826086905903428
5,XZt,213,41,0.02633847222276441,0.009866482003570983
5,XZt,214,42,0.026193805394052177,0.009434788534406062
5,XZt,215,42,0.027844583775859057,0.009557007976719385
5,XZt,216,42,0.029847068458383294,0.009609245850957812
5,XZt,217,42,0.032217493064847266,0.009646558280371633
5,XZt,218,42,0.03415802157621798,0.009568744334025053
5,XZt,219,42,0.03654938700160774,0.00941369833245666
5,XZt,220,41,0.04079438678358789,0.009746034730018206
5,XZt,221,41,0.042423172235777754,0.009518449013116725
5,XZt,222,40,0.046161942257477405,0.009929522178602676
5,XZt,223,40,0.04659001364965103,0.00965304387414052
5,XZt,224,40,0.04647549551810125,0.009398723767413276
5,XZt,225,39,0.048982203222392016,0.00958719220619109
5,XZt,226,38,0.05053594226386152,0.009920291596475594
5,XZt,227,38,0.04921660273800385,0.00955234614391693
5,XZt,228,38,0.0492275330054556,0.009581086955618098
5,XZt,229,38,0.04823911051145165,0.009571769315403248
5,XZt,230,37,0.04953387139022013,0.009821469550186122
5,XZt,231,37,0.05020474874373116,0.009829798304680101
5,XZt,232,37,0.04941944333994636,0.009810876879994072
5,XZt,233,37,0.04856316993622342,0.009708988491392965
5,XZt,234,37,0.048460439727802555,0.009580237968282295
5,XZt,235,37,0.04841770921777906,0.009836281372523303
5,XZt,236,37,0.046467409603900715,0.009431336194439187
5,XZt,237,37,0.04660717490566695,0.00941303908584582
5,XZt,238,37,0.04601015506179554,0.00959014590294238
5,XZt,239,36,0.04805512746822839,0.009880894258375076
5,XZt,240,36,0.04712108764267331,0.009916414846083469
5,XZt,241,36,0.04630730151010781,0.00973834266434189
5,XZt,242,36,0.045951072903972226,0.00968425683182848
5,XZt,243,36,0.045531792968062826,0.009764677742459744
5,XZt,244,36,0.04406479870578444,0.009450845676714992
5,XZt,245,36,0.04356908262848378,0.009721860001862573
5,XZt,246,36,0.0424432491257653,0.009518658320930516
5,XZt,247,35,0.04358265580956658,0.009777088951381026
5,XZt,248,36,0.04110518774193083,0.009381548673882942
5,XZt,249,35,0.04113188863100826,0.009757463085554065
5,XZt,250,35,0.04156645315242983,0.009936750069555527
5,XZt,251,35,0.03906686777063297,0.009994002521012712
5,XZt,252,35,0.037306426366212064,0.009930007199026867
5,XZt,253,34,0.03333668314518444,0.009945090581691393
5,XZt,254,35,0.03033321339515579,0.009489773132069846
5,XZt,255,31,0.034134054590985105,0.009662816226158473
5,XZt,256,30,0.03675186720736924,0.009647541129939355
5,XZt,257,30,0.0391948194326341,0.009376918640153066
5,XZt,258,29,0.04996376915778763,0.009715509668158814
5,XZt,259,7,0.3297821105277213,0.009769000322965097
6,XYt,0,63,0.0027244459486525565,0.009838827459538504
6,XYt,1,64,0.0026844319377516365,0.009583234455810443
6,XYt,2,63,0.002756779539993329,0.009802596836289583
6,XYt,3,62,0.002550655848737843,0.009612991448353944
6,XYt,4,61,0.0025764214189392854,0.009764137585410023
6,XYt,5,60,0.0026421934173161575,0.009991867680980945
6,XYt,6,60,0.002558683465195021,0.009714317520275302
6,XYt,7,60,0.002438847520386423,0.009520177452857685
6,XYt,8,59,0.00251938476762287,0.00990313756342743
6,XYt,9,60,0.002414944156723122,0.00956632867718759
6,XYt,10,60,0.00248988833960778,0.00971809044033656
6,XYt,11,60,0.0025070921939408736,0.009679206227367282
6,XYt,12,60,0.002517338932734528,0.009586133135225947
6,XYt,13,60,0.0025420006916197168,0.009532742721678355
6,XYt,14,59,0.0027280983031863198,0.009945983668913826
6,XYt,15,59,0.0025453958006511107,0.009710024162175597
6,XYt,16,58,0.002135530893949916,0.009794637245178105
6,XYt,17,58,0.002102247619850302,0.009964498902396722
6,XYt,18,58,0.0021827514956862496,0.009908429141284756
6,XYt,19,58,0.0023779244010038534,0.009854746524458903
6,XYt,20,58,0.00255777880383841,0.00992176779551759
6,XYt,21,59,0.00255486728726334,0.009578123356948227
6,XYt,22,59,0.002660121635262371,0.009696307208826645
6,XYt,23,59,0.00269868852545209,0.009751556006125645
6,XYt,24,59,0.0026754369267174526,0.00972080383379885
6,XYt,25,59,0.0026013836159233103,0.00961119794532279
6,XYt,26,58,0.002655275482564517,0.009928803596683591
6,XYt,27,58,0.002538549339236979,0.009767436529631723
6,XYt,28,58,0.0024476122703687474,0.009649823858583706
6,XYt,29,58,0.002405684233506365,0.009582654370110657
6,XYt,30,58,0.002413668478757823,0.009556543092904194
6,XYt,31,58,0.002480558276849307,0.009571609328769165
6,XYt,32,58,0.002592822861686851,0.009590975218876635
6,XYt,33,58,0.0027637603596525253,0.009607223653981919
6,XYt,34,58,0.003001445485845131,0.009609229705734952
6,XYt,35,58,0.003334165613710447,0.009597310439292853
6,XYt,36,58,0.003864111966863266,0.009597142737503759
6,XYt,37,58,0.004721186861588545,0.009646476188522336
6,XYt,38,58,0.006050880109764697,0.009717317400544467
6,XYt,39,58,0.007990852042994217,0.00973186700829668
6,XYt,40,58,0.010493203267577357,0.009626767059011937
6,XYt,41,57,0.0137086262138406,0.009784486711931573
6,XYt,42,56,0.01666800089843905,0.009845306735729378
6,XYt,43,55,0.01972016969244734,0.009972411055737327
6,XYt,44,55,0.02219992083442022,0.009668627450942636
6,XYt,45,54,0.02632369287546663,0.009950230178893536
6,XYt,46,54,0.02896458440478831,0.0099026515650929
6,XYt,47,54,0.02926931765464329,0.00991916648213739
6,XYt,48,54,0.02886337222995382,0.009870287675631544
6,XYt,49,54,0.028977342150602436,0.009781253026842128
6,XYt,50,54,0.02940167692753912,0.009633325704397106
6,XYt,51,53,0.031467547698223686,0.00991730939020778
6,XYt,52,53,0.03165655744182522,0.00957958785233121
6,XYt,53,52,0.03300108368096596,0.009633685797524867
6,XYt,54,51,0.033532904686501566,0.009582667007629367
6,XYt,55,50,0.03286445681147093,0.009463273308347666
6,XYt,56,48,0.032831014128041076,0.009911386035510167
6,XYt,57,47,0.030622271955005494,0.00991703247057016
6,XYt,58,47,0.02723191878254932,0.009431475602227901
6,XYt,59,46,0.02670529064475102,0.0096297297119001
6,XYt,60,45,0.027091179968964565,0.009953036106192503
6,XYt,61,45,0.026661430551889673,0.009816517853567873
6,XYt,62,45,0.02674355027484537,0.00977155034824009
6,XYt,63,45,0.027133425290547377,0.009768619109999719
6,XYt,64,45,0.02755789198463903,0.0098295710955991
6,XYt,65,45,0.027820434013524412,0.009921148440803459
6,XYt,66,46,0.026298310147919612,0.009476063680708692
6,XYt,67,46,0.026202158062325905,0.009652319684001934
6,XYt,68,46,0.025947989892459694,0.009756624297945762
6,XYt,69,46,0.02551655017605733,0.009768835854217606
6,XYt,70,46,0.025166577226420465,0.009767582510267103
6,XYt,71,46,0.0248549519313096,0.009785726313951974
6,XYt,72,46,0.024720543646296576,0.009870120654068693
6,XYt,73,46,0.024481557058050857,0.009920399493630072
6,XYt,74,46,0.024410778701675205,0.009995770719247303
6,XYt,75,47,0.022849685161166877,0.009478376108244152
6,XYt,76,47,0.022699058996205734,0.009515775565747352
6,XYt,77,47,0.022326199101895577,0.009489291310388939
6,XYt,78,46,0.02305488852009139,0.009977907461763821
6,XYt,79,46,0.022401276555999876,0.009872561183366983
6,XYt,80,46,0.021738149374324316,0.009712393908992317
6,XYt,81,46,0.021143449249281486,0.009543805318795043
6,XYt,82,46,0.02071181625916133,0.009421980334626535
6,XYt,83,46,0.020455753333540366,0.009427933141394503
6,XYt,84,46,0.020335691844332614,0.009542753304316908
6,XYt,85,46,0.020259939423086636,0.009625870212199187
6,XYt,86,46,0.02004130892595149,0.009661342339035263
6,XYt,87,46,0.019692885705738496,0.009651232545198648
6,XYt,88,46,0.019333469917816506,0.009696595266502494
6,XYt,89,46,0.01903039773582636,0.009758672094040455
6,XYt,90,46,0.01877753525287316,0.009784130172512789
6,XYt,91,46,0.018675335618718078,0.009812197152877332
6,XYt,92,46,0.01858261804544688,0.0097938327534066
6,XYt,93,46,0.018496385001282343,0.009822977246382633
6,XYt,94,46,0.018319011917837247,0.009792815178085596
6,XYt,95,46,0.01815453163239308,0.009713694590233093
6,XYt,96,46,0.018009664786506428,0.009665373191344898
6,XYt,97,46,0.01794131337767688,0.009657442078401907
6,XYt,98,46,0.01785450834127684,0.009664711537035037
6,XYt,99,46,0.017759125004756363,0.009707667921320192
6,XYt,100,46,0.01768840462017386,0.009771534756746959
6,XYt,101,46,0.017652359832125274,0.009828545693932338
6,XYt,102,46,0.017558350503315005,0.009869875657610612
6,XYt,103,46,0.01743330433966153,0.009900508864346126
6,XYt,104,46,0.017306904336317746,0.00988049793277753
6,XYt,105,46,0.017172515390518183,0.00979767074546922
6,XYt,106,46,0.01697001857512883,0.009664954458754333
6,XYt,107,46,0.016837803394571232,0.009539933169648407
6,XYt,108,46,0.016804581520577327,0.009448132722373626
6,XYt,109,45,0.01778178244113908,0.009992399381283603
6,XYt,110,46,0.01678936225392965,0.00941428527208541
6,XYt,111,46,0.016927338582048108,0.009464507927270915
6,XYt,112,46,0.01698983086535851,0.00946550797023675
6,XYt,113,46,0.017159114415292557,0.009463597767437937
6,XYt,114,46,0.0174705131361298,0.00959100006466216
6,XYt,115,46,0.01788116329241257,0.009787156551696562
6,XYt,116,46,0.018354452011506487,0.009941987215148834
6,XYt,117,46,0.018648192646301704,0.009943902554874057
6,XYt,118,46,0.018767040566552706,0.009819828241363626
6,XYt,119,46,0.018904640209520516,0.009778240001824074
6,XYt,120,46,0.019041388563983127,0.009818611644419132
6,XYt,121,46,0.018857771840288782,0.009772470602049211
6,XYt,122,46,0.018814063391658635,0.009754410272971218
6,XYt,123,46,0.01878408603374314,0.009669760709002322
6,XYt,124,46,0.018780537985776953,0.009635771883056745
6,XYt,125,46,0.01893891072105857,0.009703313245232778
6,XYt,126,46,0.019194574294794178,0.009798800640743338
6,XYt,127,46,0.01952938139619227,0.009902751764753278
6,XYt,128,46,0.019924169223838665,0.009947443095756632
6,XYt,129,46,0.020169522331479055,0.009884655199744446
6,XYt,130,46,0.020281554039361407,0.009764966926525388
6,XYt,131,46,0.02034199428832471,0.009621294181016144
6,XYt,132,46,0.020441299988969,0.009505395469007617
6,XYt,133,46,0.020640151761428013,0.009412965214149352
6,XYt,134,45,0.02221468632776468,0.009951548450883729
6,XYt,135,45,0.022675331890739774,0.00994958079310795
6,XYt,136,46,0.022000563598488985,0.00943283117044877
6,XYt,137,46,0.0223811778892454,0.009447089489002677
6,XYt,138,46,0.02274752600960261,0.009508780072442836
6,XYt,139,46,0.023135315353535735,0.009553652609346926
6,XYt,140,46,0.02317266829563728,0.009488809640682412
6,XYt,141,46,0.023078379336088924,0.009422478272965778
6,XYt,142,45,0.024383949381020315,0.009972536800049947
6,XYt,143,45,0.024302771396607043,0.009921157103373756
6,XYt,144,45,0.02428635320966525,0.00994778082280449
6,XYt,145,45,0.02411449949500866,0.009948403624245226
6,XYt,146,45,0.024058009353702888,0.009999729661148836
6,XYt,147,46,0.02270401741505966,0.009448165799629264
6,XYt,148,46,0.02268167284616405,0.009434071015526234
6,XYt,149,45,0.023984000242729647,0.009984879838917712
6,XYt,150,45,0.023921575594833867,0.009884312154056284
6,XYt,151,45,0.02382503995789261,0.009763310574560556
6,XYt,152,45,0.02378403367145992,0.009662460279733656
6,XYt,153,45,0.02373338428441745,0.009597350736130746
6,XYt,154,45,0.02368389728226597,0.00952037359215163
6,XYt,155,45,0.02360377700713149,0.009473882226952958
6,XYt,156,45,0.023615414174883564,0.00950455580877133
6,XYt,157,45,0.023456920709411577,0.009541831775338419
6,XYt,158,45,0.02308617099099597,0.009569397810968359
6,XYt,159,45,0.022639980676911607,0.009585724389745063
6,XYt,160,45,0.022137879899810937,0.009551962068449594
6,XYt,161,45,0.021665287769620678,0.009501414747764381
6,XYt,162,44,0.022356827568439652,0.009978114570262868
6,XYt,163,44,0.02189807384475015,0.009930811561326297
6,XYt,164,44,0.02146986946890021,0.009871517690519737
6,XYt,165,44,0.021172808889087555,0.009851990321020621
6,XYt,166,44,0.02081008700916775,0.009806689531901272
6,XYt,167,44,0.020281777640421605,0.009741984951133636
6,XYt,168,44,0.0197065114813378,0.009612094535462391
6,XYt,169,44,0.019332383898559367,0.009498335574226425
6,XYt,170,43,0.02015306320687603,0.00999732095756414
6,XYt,171,44,0.018892709144871404,0.009455383794774947
6,XYt,172,44,0.018817314295998738,0.009503037409502275
6,XYt,173,44,0.01875882406087846,0.009537991590730833
6,XYt,174,44,0.01876260443805841,0.00956247545301885
6,XYt,175,44,0.018794572205831937,0.009591396773896277
6,XYt,176,44,0.018762096934416845,0.009568177134681851
6,XYt,177,44,0.01864935868172491,0.009518326650926804
6,XYt,178,44,0.018600351879003003,0.00954146657797106
6,XYt,179,44,0.018567806114610487,0.00957309848870916
6,XYt,180,44,0.01832871034017621,0.009494822584255233
6,XYt,181,44,0.018099336481400368,0.009420316341430581
6,XYt,182,43,0.019052172411124516,0.009988755102784392
6,XYt,183,44,0.01795076425617145,0.009425924976368205
6,XYt,184,44,0.017909933979590693,0.009433595222505154
6,XYt,185,44,0.017901290408237694,0.00944998073653567
6,XYt,186,43,0.018884104403349342,0.00997221675611155
6,XYt,187,43,0.018746881578367694,0.009915977111332587
6,XYt,188,43,0.01870896336599417,0.009916339940671459
6,XYt,189,43,0.018820815622611092,0.009974047566475045
6,XYt,190,44,0.017924469519952777,0.009459205067190099
6,XYt,191,44,0.01808216082430893,0.00952651997818439
6,XYt,192,44,0.018133847914237094,0.009532316933496527
6,XYt,193,44,0.01816487873244219,0.009493665152008994
6,XYt,194,44,0.018265709986087883,0.009468367600864449
6,XYt,195,44,0.01847397950278331,0.009444547288208047
6,XYt,196,44,0.01881642670767978,0.009492492763415367
6,XYt,197,44,0.019245666057227124,0.009640532305280993
6,XYt,198,44,0.019575333866722673,0.009717632573438491
6,XYt,199,44,0.019782174835199867,0.00973235270437407
6,XYt,200,44,0.019945383944803743,0.009790034356569494
6,XYt,201,44,0.01985848385928808,0.009827811949404738
6,XYt,202,44,0.01972771937551062,0.009806221062211438
6,XYt,203,44,0.01967030950242069,0.009743660965354417
6,XYt,204,44,0.019647576803022714,0.009688965900309298
6,XYt,205,44,0.019813825055150065,0.009754627332904223
6,XYt,206,44,0.020099418304752408,0.009902727701147819
6,XYt,207,44,0.020580747965642635,0.009985111059152542
6,XYt,208,45,0.019879460622460144,0.009433978674632054
6,XYt,209,45,0.020318214854976282,0.009502876265725312
6,XYt,210,45,0.02060163079497345,0.00953438955198517
6,XYt,211,45,0.020772057218290937,0.009500106385438259
6,XYt,212,45,0.020958806941092478,0.009489495086366392
6,XYt,213,45,0.0212549581347371,0.009515244739148858
6,XYt,214,45,0.021677531987265956,0.009580251715777687
6,XYt,215,45,0.022205834018692878,0.009671606766602643
6,XYt,216,45,0.022951852255284667,0.009799977841863455
6,XYt,217,45,0.023678593561623402,0.00991640060790821
6,XYt,218,46,0.023054895844045017,0.0094934055024336
6,XYt,219,46,0.02401829106425125,0.009745310635598017
6,XYt,220,46,0.024513030696781648,0.009815679336606186
6,XYt,221,46,0.024733034633471436,0.009803620568844585
6,XYt,222,46,0.02504479984381322,0.00987445913162934
6,XYt,223,46,0.025278031055781993,0.009928211043630923
6,XYt,224,46,0.025361357608416332,0.00991556029425124
6,XYt,225,46,0.025325166498487598,0.009869257796239593
6,XYt,226,46,0.02523135147562153,0.009708636881936742
6,XYt,227,46,0.025161195236574296,0.009548612408924267
6,XYt,228,45,0.026613240034709676,0.009988170408610504
6,XYt,229,45,0.02649585584777474,0.009773589421207153
6,XYt,230,45,0.026478195901695596,0.009618613230696398
6,XYt,231,45,0.026458015312194785,0.00950800275160651
6,XYt,232,44,0.02781547597898668,0.00989280891069902
6,XYt,233,44,0.027449765705833084,0.009568484563815193
6,XYt,234,43,0.028657318056321074,0.00981559854547455
6,XYt,235,43,0.028202948578980067,0.009452626447163211
6,XYt,236,42,0.029208611306771243,0.00960829991582393
6,XYt,237,41,0.029856046858260925,0.009660970741674645
6,XYt,238,40,0.030758681120678418,0.009889414323207285
6,XYt,239,40,0.030361761084697944,0.00973082488763993
6,XYt,240,40,0.030315656925077292,0.009666875386698415
6,XYt,241,40,0.030342604063369506,0.009681799789185439
6,XYt,242,40,0.030362908298016418,0.00970113295940266
6,XYt,243,40,0.030396058309421704,0.009760384866531177
6,XYt,244,40,0.03040171089499777,0.009751598870366059
6,XYt,245,40,0.03047732905540251,0.009752075171536215
6,XYt,246,40,0.030455138113900167,0.00976267156368091
6,XYt,247,40,0.03057791329405154,0.009846575577454698
6,XYt,248,40,0.03080754855292532,0.00993343224136266
6,XYt,249,40,0.03089276263911611,0.00996124757340131
6,XYt,250,40,0.030852108668160204,0.009942231220470794
6,XYt,251,41,0.02923573573154235,0.00943453684706373
6,XYt,252,41,0.029338262248686704,0.009539138320846366
6,XYt,253,41,0.02934050856645283,0.009575637973907307
6,XYt,254,41,0.029380547208125052,0.009608457665268216
6,XYt,255,41,0.02926442879728462,0.009610657756128826
6,XYt,256,41,0.02858059304264997,0.009616362555990392
6,XYt,257,41,0.02700019437017138,0.009702059087110903
6,XYt,258,41,0.02368707627760564,0.009832776574405983
6,XYt,259,41,0.019695400476333884,0.009770259768149752
6,XYt,260,41,0.01744486823881288,0.009600502727166404
6,XYt,261,41,0.016837047846175467,0.009601508948708608
6,XYt,262,41,0.01666714294662157,0.009592373814246415
6,XYt,263,41,0.01665935843789523,0.00956525953653921
6,XYt,264,41,0.01658706734917514,0.00949120539707938
6,XYt,265,40,0.017413635359537452,0.009960319659966292
6,XYt,266,40,0.01726810610030112,0.009830382994757579
6,XYt,267,40,0.017291339930947683,0.009827884292848726
6,XYt,268,40,0.0173691416790949,0.009872772480207903
6,XYt,269,40,0.017485836989624293,0.009967865568193963
6,XYt,270,41,0.016565863651426198,0.009463857822036344
6,XYt,271,41,0.016647033913062163,0.009486684650218617
6,XYt,272,40,0.01754093086146227,0.009980566658709843
6,XYt,273,41,0.016670333057481158,0.009434650299439547
6,XYt,274,41,0.016740663011548,0.009485959055225876
6,XYt,275,41,0.01687424162064036,0.00953869848423569
6,XYt,276,41,0.016862801150794762,0.00950819585520963
6,XYt,277,41,0.016804871475487447,0.009498301849118927
6,XYt,278,41,0.016713352176381834,0.009485022123744332
6,XYt,279,41,0.016664043327945268,0.009439860599676934
6,XYt,280,40,0.017531810896117203,0.009951191616055666
6,XYt,281,40,0.017574756905526172,0.009943648769009758
6,XYt,282,40,0.017644535082809134,0.009925534671224362
6,XYt,283,41,0.01687916339755027,0.009455670929208751
6,XYt,284,41,0.017044714598835022,0.009577628208166593
6,XYt,285,41,0.017115521697642345,0.009603315244450905
6,XYt,286,41,0.017149328758310205,0.009554810951950791
6,XYt,287,41,0.017118298684197588,0.00952911984105499
6,XYt,288,41,0.01707597705128294,0.009509320708452213
6,XYt,289,40,0.017929114096101754,0.009969207370649345
6,XYt,290,40,0.017798959983830694,0.009830120317150207
6,XYt,291,40,0.017705717621265087,0.00974077828295788
6,XYt,292,40,0.01767404743112925,0.00968901025101065
6,XYt,293,40,0.0176085099386446,0.00965681547950895
6,XYt,294,40,0.01766346261925514,0.009720743151454303
6,XYt,295,40,0.017707993699299415,0.009764263611391684
6,XYt,296,40,0.017699136220409303,0.009767455727209736
6,XYt,297,40,0.017756792065819385,0.009738065240101882
6,XYt,298,40,0.017816114955905585,0.009754836378679743
6,XYt,299,40,0.01789258867543682,0.009836577528983034
6,XYt,300,40,0.01800711163554105,0.009962691432468845
6,XYt,301,41,0.017100925477907637,0.009423476972548755
6,XYt,302,41,0.017102986219916832,0.009419017036497154
6,XYt,303,40,0.01800313531397142,0.00993527806257088
6,XYt,304,40,0.01791074197926592,0.009904290925047837
6,XYt,305,40,0.017805209400210877,0.009824863699734994
6,XYt,306,40,0.01782178487718882,0.009795664601162428
6,XYt,307,40,0.01783075747372448,0.009794582604050793
6,XYt,308,40,0.01793056850950228,0.009809196420497282
6,XYt,309,40,0.017981053886686145,0.009865379545798752
6,XYt,310,40,0.018151744228441312,0.009984185363550094
6,XYt,311,40,0.018138488880842414,0.009957536185473093
6,XYt,312,40,0.01816393417927926,0.009949284747070537
6,XYt,313,40,0.01819299016575252,0.009960264751136972
6,XYt,314,40,0.01826749682205344,0.009990548472900252
6,XYt,315,40,0.018214980011092424,0.009896010485399988
6,XYt,316,40,0.018146234818957333,0.009802927996976714
6,XYt,317,40,0.01802957414738551,0.00969265639382633
6,XYt,318,40,0.01797886196695144,0.009597337303870248
6,XYt,319,40,0.017907902766532792,0.009502015826809766
6,XYt,320,40,0.018040934574440105,0.009567019185425392
6,XYt,321,40,0.018191369758724384,0.009651514257849056
6,XYt,322,40,0.018378508555252315,0.009714424488103736
6,XYt,323,40,0.018530645093435227,0.009697993533995985
6,XYt,324,40,0.019208325923867845,0.009784090644946283
6,XYt,325,41,0.023053108174217643,0.009748688882030628
6,XYt,326,40,0.02975276293075457,0.009957922607735396
6,XYt,327,40,0.03182970473403321,0.009955014461016137
6,XYt,328,40,0.03266858313800235,0.009981698549930739
6,XYt,329,40,0.03305965106646044,0.009954054177996517
6,XYt,330,40,0.03315382735651841,0.009915926290528065
6,XYt,331,40,0.03327780438256734,0.009887358836759825
6,XYt,332,40,0.03316318296629298,0.009808838787937656
6,XYt,333,40,0.03327330010391227,0.009773387971263734
6,XYt,334,40,0.03328111632690684,0.009748331434061338
6,XYt,335,40,0.03358843517823175,0.009804422663722633
6,XYt,336,40,0.03367427737136512,0.009905690635327183
6,XYt,337,40,0.03383326276889207,0.009955870278848006
6,XYt,338,41,0.03222075435046491,0.00943234454677194
6,XYt,339,41,0.032879525157564676,0.009628041979759886
6,XYt,340,41,0.03349916217896784,0.009992993210162041
6,XYt,341,42,0.032049071311095065,0.009652461334918396
6,XYt,342,42,0.03239710874192866,0.009886644076830825
6,XYt,343,43,0.031167328084064215,0.009622206069867368
6,XYt,344,43,0.03115871348383138,0.009825498268302799
6,XYt,345,43,0.031132966642956512,0.009990438205178408
6,XYt,346,44,0.029339247961561312,0.009539841853446949
6,XYt,347,44,0.02951446577137061,0.009719457078904883
6,XYt,348,44,0.029683109499663882,0.009924680960873391
6,XYt,349,45,0.028232079462281526,0.0094815977270844
6,XYt,350,45,0.028150904329031154,0.009538752952998162
6,XYt,351,45,0.028288543969562516,0.009646020592094823
6,XYt,352,45,0.028454433981863533,0.009817852090039011
6,XYt,353,45,0.028450799840837027,0.009950134383413549
6,XYt,354,45,0.02826351029993319,0.009980226909742103
6,XYt,355,46,0.026810252237890294,0.009438648831354547
6,XYt,356,46,0.02656073375785755,0.009456998657658354
6,XYt,357,46,0.02621531169039474,0.009475752428571725
6,XYt,358,45,0.02659640463129819,0.009900986682201494
6,XYt,359,45,0.025861424344413474,0.009799167410068322
6,XYt,360,45,0.025083309849740467,0.009738902417182106
6,XYt,361,45,0.02461967978710886,0.009697407825047312
6,XYt,362,45,0.02397861855610619,0.009671821241912324
6,XYt,363,45,0.024012193186622864,0.009785893977531138
6,XYt,364,45,0.024663393853957754,0.009973946516386311
6,XYt,365,46,0.02355305954580697,0.00950291860733954
6,XYt,366,46,0.023487881141789686,0.009531693174795507
6,XYt,367,46,0.023549992511744673,0.009579416577883203
6,XYt,368,46,0.023505053477037702,0.009633165523511475
6,XYt,369,46,0.023417554161033766,0.009654416714591336
6,XYt,370,46,0.023238846205218513,0.009646687577956484
6,XYt,371,46,0.02313218383648895,0.009629083053341222
6,XYt,372,46,0.022938642115564054,0.009624324274190129
6,XYt,373,46,0.02293309646716485,0.009695526388481385
6,XYt,374,46,0.022835613093462593,0.009793186160559226
6,XYt,375,46,0.02257778447096224,0.009764759297805388
6,XYt,376,46,0.022001492769249717,0.0096235704937008
6,XYt,377,46,0.021553398800319295,0.009559996217587472
6,XYt,378,46,0.021025227104744876,0.009469060714597416
6,XYt,379,45,0.0218608452490349,0.00995015990279137
6,XYt,380,45,0.02161475293287369,0.009892327538638274
6,XYt,381,45,0.02166412426497829,0.009956883352782279
6,XYt,382,46,0.020490082251108318,0.00944477229664835
6,XYt,383,46,0.02065312049004937,0.00953075582067269
6,XYt,384,46,0.02055595432809768,0.009547706993334846
6,XYt,385,46,0.020038212180797786,0.009439015937431914
6,XYt,386,45,0.020834379647292695,0.009954509019139123
6,XYt,387,45,0.020859870993028325,0.009997812122327662
6,XYt,388,46,0.019789626734582476,0.009461550929556842
6,XYt,389,46,0.01987245381116118,0.0094857720881588
6,XYt,390,46,0.01990457867910255,0.009484159653137753
6,XYt,391,46,0.019922531800040746,0.009493008813299937
6,XYt,392,46,0.019927117131145,0.009488913386992863
6,XYt,393,46,0.019879683503456775,0.009448655329473952
6,XYt,394,46,0.01993658152681805,0.009470835762056486
6,XYt,395,46,0.019986059846702407,0.009474129216974497
6,XYt,396,46,0.020195214546385037,0.009488851221681142
6,XYt,397,46,0.020301066819788178,0.009513349450682204
6,XYt,398,46,0.020421014607961734,0.009568497220048565
6,XYt,399,46,0.020280220412531517,0.009549352470234885
6,XYt,400,46,0.02032916376277842,0.009588208380539533
6,XYt,401,46,0.020236136701897743,0.009583765592736443
6,XYt,402,46,0.020232726973218814,0.009557746045004827
6,XYt,403,46,0.02013891821445162,0.009511452963125475
6,XYt,404,46,0.020228189865150424,0.009481255755022533
6,XYt,405,46,0.02018696851797172,0.009438961306992098
6,XYt,406,46,0.020343770017388695,0.009459516863794804
6,XYt,407,46,0.020489821096421328,0.009515675396560095
6,XYt,408,46,0.020729540639455132,0.009565044713878652
6,XYt,409,46,0.020939476775446147,0.009605396131602937
6,XYt,410,46,0.021213295959798113,0.009659123864615166
6,XYt,411,46,0.020840175688323994,0.009505473554050866
6,XYt,412,46,0.020888187335304443,0.009513145775035476
6,XYt,413,46,0.02102397439573656,0.009559940643968572
6,XYt,414,46,0.02124641999884081,0.009605209862579712
6,XYt,415,46,0.021490583086677895,0.009663712704868594
6,XYt,416,46,0.021938139093801098,0.009756421696904735
6,XYt,417,46,0.022513144163419752,0.009900922369497911
6,XYt,418,46,0.022923491084031904,0.00999972419191964
6,XYt,419,46,0.02313052472020951,0.009973503920602204
6,XYt,420,46,0.023186505111747514,0.009796250018257126
6,XYt,421,46,0.02315465149062817,0.009666596546449057
6,XYt,422,46,0.02325681059187531,0.009606358328466368
6,XYt,423,46,0.02326232184316279,0.009527693919901084
6,XYt,424,46,0.023220836209117458,0.009455689520346358
6,XYt,425,46,0.02343565274724042,0.00946880864160444
6,XYt,426,46,0.02362563696201905,0.009477216255227537
6,XYt,427,46,0.023777434449698077,0.009444910856164362
6,XYt,428,46,0.02392775744283392,0.009475946189381383
6,XYt,429,46,0.02426018646150554,0.009520883207159972
6,XYt,430,46,0.024563237562069712,0.00952555299752374
6,XYt,431,46,0.025008720339139943,0.009559803751691085
6,XYt,432,46,0.02550737507314706,0.009617314313247681
6,XYt,433,46,0.026110031292568565,0.009676350366775482
6,XYt,434,46,0.026854573362534204,0.009738749989723306
6,XYt,435,46,0.027627738000488723,0.009803901090362159
6,XYt,436,46,0.028632679299264278,0.009952689922355892
6,XYt,437,47,0.027703650079439507,0.00943955229223196
6,XYt,438,46,0.029476798187210648,0.009979804555902135
6,XYt,439,46,0.029542326219005103,0.009905643311075938
6,XYt,440,46,0.029633295239518014,0.009813657368449935
6,XYt,441,46,0.029903821225600053,0.009766901381958633
6,XYt,442,46,0.030171700036824477,0.009720540606316913
6,XYt,443,46,0.03022278491714865,0.0096147452056655
6,XYt,444,46,0.030192623199284528,0.009499204982615798
6,XYt,445,45,0.03191858450986991,0.009954155037575558
6,XYt,446,45,0.03177394602276555,0.009781524205488619
6,XYt,447,45,0.03176306306702335,0.009625200566201588
6,XYt,448,45,0.03181377745187107,0.009458326199725843
6,XYt,449,44,0.03366488121831923,0.00979826122569638
6,XYt,450,44,0.033544846728757946,0.009505413551916812
6,XYt,451,43,0.03534794754823037,0.009775985317948025
6,XYt,452,43,0.03499815170386886,0.009432495713410633
6,XYt,453,42,0.036616449300767934,0.009703780241829123
6,XYt,454,41,0.0382084568748916,0.009925462645939761
6,XYt,455,41,0.03720460615850425,0.009510221563247687
6,XYt,456,40,0.03894652496269643,0.009953213510929948
6,XYt,457,40,0.03892861443545393,0.009939837273350799
6,XYt,458,40,0.03900920239608624,0.00998089856819197
6,XYt,459,41,0.03695178486021923,0.009439672719559915
6,XYt,460,41,0.03689279071765037,0.009441631206795776
6,XYt,461,40,0.03866276424154189,0.00996426994820388
6,XYt,462,40,0.03843927751965687,0.009933905722880594
6,XYt,463,40,0.03856136309489873,0.00996504656771084
6,XYt,464,41,0.03663601298728709,0.009442261328743895
6,XYt,465,41,0.03608858674141932,0.009468500039016631
6,XYt,466,41,0.0340994987721587,0.009502387473625612
6,XYt,467,41,0.029919861817229734,0.009785532698863935
6,XYt,468,41,0.024412680535852757,0.009809150621955377
6,XYt,469,41,0.020958114815349826,0.009571223227561688
6,XYt,470,40,0.02093381301325159,0.009962359700640437
6,XYt,471,40,0.02049106235124239,0.009862469857149666
6,XYt,472,40,0.020530526926268514,0.009868827922397983
6,XYt,473,40,0.020715750226963203,0.009917065165609902
6,XYt,474,40,0.02072274432340532,0.009910224039131475
6,XYt,475,40,0.020567936472808176,0.009854450404352394
6,XYt,476,40,0.020508833729494427,0.009827832619014503
6,XYt,477,40,0.020360028760475452,0.00975398334764504
6,XYt,478,40,0.020297657770272187,0.009732419335168318
6,XYt,479,40,0.02025130448196537,0.009709837084030882
6,XYt,480,40,0.020213960528506294,0.00968109244968461
6,XYt,481,40,0.020125778229278725,0.009612386335972696
6,XYt,482,40,0.020163760212916746,0.009606303836375
6,XYt,483,40,0.020108718959157734,0.009586632734645679
6,XYt,484,40,0.0200997718851055,0.009604405773399868
6,XYt,485,40,0.02007364115405118,0.009609242714837509
6,XYt,486,40,0.02008219397466517,0.009644896695559265
6,XYt,487,40,0.02000100963688563,0.009634800459962218
6,XYt,488,40,0.02005897211617258,0.009707231696515625
6,XYt,489,40,0.02003723086229487,0.00972051850292151
6,XYt,490,40,0.020190306394246918,0.009796533143401379
6,XYt,491,40,0.02019056370668476,0.009792698694667897
6,XYt,492,40,0.020226658835239036,0.0098545221558242
6,XYt,493,40,0.020226248845998645,0.009859652023219185
6,XYt,494,40,0.02027065818940061,0.009884657570986574
6,XYt,495,40,0.02022360324776576,0.009845609479236487
6,XYt,496,40,0.020169138774093768,0.009803476718759823
6,XYt,497,40,0.02010694501160083,0.009735359466534421
6,XYt,498,40,0.020017465794514386,0.009646101993568724
6,XYt,499,40,0.01987567004250679,0.00953680662796211
6,XYt,500,40,0.019782229203316536,0.009459561051356332
6,XYt,501,39,0.020920596984430367,0.009984486634853065
6,XYt,502,39,0.0208635205294746,0.009948272077378074
6,XYt,503,39,0.020887132450637762,0.009953575767862781
6,XYt,504,39,0.020839822302850815,0.009945139177216143
6,XYt,505,39,0.02086392174363611,0.009949864266601638
6,XYt,506,39,0.020825559105796476,0.009908537956122229
6,XYt,507,39,0.020908014414815133,0.009949052301567934
6,XYt,508,39,0.02091209137331293,0.009963153329075755
6,XYt,509,40,0.0198491586498975,0.009454919816678722
6,XYt,510,40,0.019862693280352065,0.009494711496630984
6,XYt,511,40,0.019940844569109325,0.009558428590658918
6,XYt,512,40,0.01990530023785156,0.009545314777464514
6,XYt,513,40,0.019948934430423174,0.009602681859154215
6,XYt,514,40,0.01987252349678746,0.00959785015865448
6,XYt,515,40,0.019922785579285836,0.009641330950414527
6,XYt,516,40,0.01981772498141694,0.009589433432329384
6,XYt,517,40,0.019804919979216337,0.00958123723164579
6,XYt,518,40,0.019719634190420395,0.009543689070754398
6,XYt,519,40,0.019710501400476314,0.00952795673509623
6,XYt,520,40,0.019646631120951167,0.009475329026801678
6,XYt,521,40,0.019627996449939112,0.009441243100256715
6,XYt,522,39,0.020654151766975343,0.009908747303046299
6,XYt,523,39,0.020660814184331504,0.009852908612526861
6,XYt,524,39,0.020684864004280164,0.009830034081064865
6,XYt,525,39,0.020792152487036187,0.009875160927961849
6,XYt,526,39,0.020692390513023323,0.009831560387716373
6,XYt,527,39,0.020419375274154817,0.009744620734582116
6,XYt,528,39,0.020009093365183472,0.009622259253949715
6,XYt,529,39,0.019880243013679987,0.009590281954776231
6,XYt,530,39,0.01994237802557277,0.009571292204501484
6,XYt,531,39,0.020314690228360383,0.009646634528553025
6,XYt,532,39,0.021115005991642493,0.009791923167004448
6,XYt,533,40,0.021685590851586174,0.009495004436005176
6,XYt,534,40,0.025388868602524546,0.00984848170680083
6,XYt,535,40,0.030265580668842523,0.009790214714999763
6,XYt,536,39,0.03574346758418622,0.009939588099964043
6,XYt,537,39,0.038126726145074265,0.009796043052587347
6,XYt,538,39,0.03992122852265684,0.009892344914247298
6,XYt,539,40,0.03891088639817652,0.009469037611623706
6,XYt,540,40,0.0400433013955467,0.00982966965570549
6,XYt,541,41,0.03760303464353285,0.009444784291433089
6,XYt,542,41,0.03678920605835337,0.009443904495595977
6,XYt,543,40,0.03793926882286721,0.009907047167737241
6,XYt,544,40,0.0376293882490532,0.009897216384125012
6,XYt,545,41,0.03581756170814646,0.009446289722790904
6,XYt,546,41,0.03663976637276782,0.009826608267150937
6,XYt,547,42,0.035014370556198465,0.009688112311348644
6,XYt,548,42,0.034453493755352615,0.00988745524044624
6,XYt,549,43,0.032090564195160175,0.009456970155178582
6,XYt,550,43,0.031565602016716564,0.009498919986646082
6,XYt,551,43,0.031168624049093256,0.00953301646188025
6,XYt,552,43,0.030942339785617657,0.009582400800890576
6,XYt,553,43,0.030785076968303706,0.009640949667408943
6,XYt,554,43,0.030664351793621387,0.009683892856310826
6,XYt,555,43,0.030524721450314762,0.009714793236588668
6,XYt,556,43,0.030390912216589194,0.009745823720314689
6,XYt,557,43,0.030216689057968402,0.009757630434071376
6,XYt,558,43,0.029903838274472065,0.009744970301224253
6,XYt,559,43,0.029422997480630993,0.009696208904668276
6,XYt,560,43,0.028562404232710357,0.009597626296841237
6,XYt,561,42,0.028922348381130662,0.00992626276633936
6,XYt,562,42,0.02821559912236637,0.00975048754403535
6,XYt,563,42,0.028259449587637684,0.009889306087989486
6,XYt,564,43,0.026847267563676773,0.00957600513165195
6,XYt,565,43,0.026643855346501603,0.00981528771230916
6,XYt,566,43,0.026020886475608993,0.009928352692995478
6,XYt,567,43,0.025442127687582767,0.009993728899172799
6,XYt,568,43,0.02487730594053485,0.00999405646272
6,XYt,569,43,0.024363897373897984,0.00994737869069223
6,XYt,570,43,0.02379536073380896,0.00985209381151894
6,XYt,571,43,0.023098732268555546,0.009661607988017329
6,XYt,572,42,0.023626757149433575,0.0099540726232099
6,XYt,573,42,0.02305181028396958,0.009702311139608366
6,XYt,574,42,0.02287579284368246,0.00958634626279583
6,XYt,575,42,0.022926413505656214,0.009542482299701182
6,XYt,576,42,0.0231985594380361,0.009601558178839925
6,XYt,577,42,0.023416994525362226,0.009652987448695218
6,XYt,578,42,0.023591147074956114,0.009719030225966447
6,XYt,579,42,0.02379193099466085,0.009759300959432218
6,XYt,580,42,0.02393147146204085,0.009774483904733794
6,XYt,581,42,0.02406761681338912,0.009838745667334819
6,XYt,582,42,0.024018005986790082,0.009905025314474347
6,XYt,583,42,0.02388195726633746,0.009951829905632622
6,XYt,584,42,0.02372841128086983,0.00999908895966406
6,XYt,585,43,0.02228528343911076,0.009500397513697063
6,XYt,586,43,0.022095479157711213,0.009590824920867302
6,XYt,587,43,0.02219567703175079,0.009930513382217204
6,XYt,588,44,0.020762402802241942,0.009565970132258381
6,XYt,589,44,0.020242570808890536,0.009666428430180278
6,XYt,590,44,0.019420805797529007,0.009588068632395346
6,XYt,591,44,0.018746255507872275,0.009472507789235791
6,XYt,592,43,0.019406238594652663,0.009946552776594692
6,XYt,593,43,0.019240091509703485,0.009895686782166988
6,XYt,594,43,0.01911638352304007,0.009822207291168757
6,XYt,595,43,0.01916285617416441,0.009837019931545413
6,XYt,596,43,0.01924171515045435,0.009812308627375761
6,XYt,597,43,0.019318158506601454,0.009753277237825951
6,XYt,598,43,0.019382077952264324,0.00966693802361912
6,XYt,599,43,0.019433555176427926,0.009574214492624683
6,XYt,600,43,0.019545864870109498,0.009487499951814967
6,XYt,601,42,0.020838431552281496,0.009991106831190285
6,XYt,602,42,0.020992490335390718,0.009956693065967038
6,XYt,603,42,0.021058135476851588,0.009940850409319758
6,XYt,604,42,0.021212008965299435,0.009965524035171416
6,XYt,605,42,0.021299794658139748,0.009993409533922
6,XYt,606,43,0.020200337271547478,0.009446067231837498
6,XYt,607,43,0.02021621419855456,0.009455338348237972
6,XYt,608,43,0.020230828337049336,0.00946097040239937
6,XYt,609,43,0.020185359359192044,0.009456343491995894
6,XYt,610,43,0.020136493122080573,0.00946851241631938
6,XYt,611,43,0.02002061428139673,0.009510587138890955
6,XYt,612,43,0.01988624318205183,0.009563074736629058
6,XYt,613,43,0.019648254315799953,0.009598567702330738
6,XYt,614,43,0.019419521691408263,0.009637799555100664
6,XYt,615,43,0.019205291545444675,0.009674784230424626
6,XYt,616,43,0.01899915886138842,0.009675914344995483
6,XYt,617,43,0.01878807334569411,0.009635605661509342
6,XYt,618,43,0.018814141783900812,0.009658699198764184
6,XYt,619,43,0.018912805195371214,0.009750062049595564
6,XYt,620,43,0.01881587544955439,0.009709765470367756
6,XYt,621,43,0.018993885857963366,0.009726160471652685
6,XYt,622,43,0.01950255599262519,0.009794377996245792
6,XYt,623,43,0.020177163074297354,0.009801567018453137
6,XYt,624,43,0.020673179385550192,0.009660841346420425
6,XYt,625,43,0.02131625470105523,0.00961835654797238
6,XYt,626,43,0.021801191101918,0.009557439087926578
6,XYt,627,42,0.023165832925501027,0.009983284234210287
6,XYt,628,42,0.023472650971451518,0.0099914939100094
6,XYt,629,42,0.02376507805652428,0.009958537713967083
6,XYt,630,42,0.023930532810363784,0.009892023460539788
6,XYt,631,42,0.023907129003623986,0.009798712933001247
6,XYt,632,42,0.023812881323736667,0.009776677400981931
6,XYt,633,42,0.023541506150719028,0.009708430060421743
6,XYt,634,42,0.023345550444266852,0.009663952013601623
6,XYt,635,42,0.02309977066985565,0.009584063962194977
6,XYt,636,42,0.022791751499903968,0.009538299583217225
6,XYt,637,42,0.02248868496455538,0.009501840276190537
6,XYt,638,42,0.02242099820204676,0.00952898660559163
6,XYt,639,42,0.02240028626338276,0.009565400434713735
6,XYt,640,42,0.022678271874226556,0.0097004906580507
6,XYt,641,42,0.023238262767112907,0.009901326782927338
6,XYt,642,43,0.022679536737212735,0.009546932023592905
6,XYt,643,43,0.02323065550671298,0.009638154617305035
6,XYt,644,43,0.0237263539219477,0.009671201633596032
6,XYt,645,43,0.024150810261650304,0.009642353573415294
6,XYt,646,43,0.024608043921657927,0.00958719424353691
6,XYt,647,42,0.026459452926207074,0.009994497757492936
6,XYt,648,42,0.02681821933663276,0.009763588653272771
6,XYt,649,42,0.02692154965400316,0.009493398918516865
6,XYt,650,41,0.028681391660687474,0.009925001750461246
6,XYt,651,41,0.02879365848813434,0.009868648604846765
6,XYt,652,42,0.028388280146025884,0.009616770811676856
6,XYt,653,42,0.029528927712908153,0.009804921499373297
6,XYt,654,42,0.030052158394302583,0.0098825006912102
6,XYt,655,42,0.03028197051655907,0.009912572329534224
6,XYt,656,42,0.03036896696936342,0.009895176335921463
6,XYt,657,42,0.030475913797081845,0.00987332048558519
6,XYt,658,42,0.030523335926276183,0.009837329283814493
6,XYt,659,42,0.030584799881984513,0.009789817682645786
6,XYt,660,42,0.030651439439074994,0.009721096389720615
6,XYt,661,42,0.030901572769443265,0.00968308077739014
6,XYt,662,42,0.03128145430356838,0.00963215895886417
6,XYt,663,42,0.031968044474075724,0.009611165022696731
6,XYt,664,42,0.032687212726393626,0.009535715332571491
6,XYt,665,41,0.035569220919424736,0.009991222956410617
6,XYt,666,41,0.036121457243821875,0.009696063058138102
6,XYt,667,40,0.037963122301964296,0.009820693055446384
6,XYt,668,40,0.037505585364060436,0.009476452010099879
6,XYt,669,39,0.039654530840008174,0.009965745512720699
6,XYt,670,39,0.03956071270743445,0.009878932921098944
6,XYt,671,39,0.03931514544530995,0.00977228511911491
6,XYt,672,39,0.03849796092812002,0.009489456389850694
6,XYt,673,38,0.039495998433597475,0.009890661707850393
6,XYt,674,38,0.037557823971583276,0.009785215720738847
6,XYt,675,38,0.03551300644761709,0.009950761355947121
6,XYt,676,39,0.03130449554655076,0.009632168286900158
6,XYt,677,39,0.028286107575435433,0.009692510493840307
6,XYt,678,39,0.02494135692501667,0.009521595063298471
6,XYt,679,39,0.022606406964566915,0.009435978501690003
6,XYt,680,38,0.02222930753980143,0.009847715332441997
6,XYt,681,38,0.02109496032808654,0.00971477433706116
6,XYt,682,38,0.020334721965242268,0.00959825716675656
6,XYt,683,38,0.019790987054114764,0.00951221727091901
6,XYt,684,38,0.01938280619120708,0.009400703608498893
6,XYt,685,37,0.020284928323697125,0.009943602018275636
6,XYt,686,37,0.020148667069105515,0.009900215296770879
6,XYt,687,37,0.020153205954648243,0.009901083742300585
6,XYt,688,37,0.020315765248017443,0.009946487973015096
6,XYt,689,37,0.02042530078933013,0.009953641310233014
6,XYt,690,38,0.019462959304657804,0.0094134171504525
6,XYt,691,38,0.019684972979719603,0.009460347307658492
6,XYt,692,38,0.019860818233405953,0.009514584551529015
6,XYt,693,38,0.01991702228561272,0.009514596458303404
6,XYt,694,38,0.020009712682179548,0.009534930374732737
6,XYt,695,38,0.019940353068273426,0.009504942563106697
6,XYt,696,38,0.019777195854595274,0.009429917265688429
6,XYt,697,37,0.020795115650517594,0.009970997988037014
6,XYt,698,37,0.020667794359549418,0.009913799068350326
6,XYt,699,37,0.0205593253148637,0.009890688170608206
6,XYt,700,37,0.020428824056516443,0.009845832067148012
6,XYt,701,37,0.02041186851604449,0.009868511640460553
6,XYt,702,37,0.020278960543000678,0.009807036487799245
6,XYt,703,37,0.0203532499571599,0.009868668397230931
6,XYt,704,37,0.020264768726465262,0.009841030828565852
6,XYt,705,37,0.020417048545674294,0.00993551436898459
6,XYt,706,37,0.020569844719048682,0.009997979355101697
6,XYt,707,38,0.019897411340115728,0.009655693648626121
6,XYt,708,39,0.019777948032815837,0.009676410116377614
6,XYt,709,45,0.017812048764054147,0.009557107187156815
6,XYt,710,39,0.020368560571447692,0.009931734758339125
6,XYt,711,41,0.020136320694206192,0.009538317603746224
6,XYt,712,40,0.020243683873228845,0.009482220249379895
6,XYt,713,40,0.020256105864840786,0.009543710355712807
6,XYt,714,40,0.019957528349255172,0.009668093703008536
6,XYt,715,40,0.019029456953500813,0.009791367414188026
6,XYt,716,40,0.017178691361855496,0.009485808328759284
6,XYt,717,39,0.0165039424976841,0.009640031446875632
6,XYt,718,39,0.016222572655572694,0.009831081182353986
6,XYt,719,40,0.015979676555435966,0.009717518002841982
6,XYt,720,41,0.016073952827489968,0.009486600233676737
6,XYt,721,42,0.01682463264465501,0.009678156014490446
6,XYt,722,43,0.016780797841387328,0.009698361296020195
6,XYt,723,44,0.016652709605074638,0.009585426479515607
6,XYt,724,45,0.01671007909637939,0.009581954388611626
6,XYt,725,46,0.016427945063928983,0.009546796990750587
6,XYt,726,46,0.01633969150185837,0.009848518992644748
6,XYt,727,46,0.015403623617837167,0.00982470942499273
6,YZt,0,6,0.4945898568150907,0.008611183428492538
6,YZt,1,29,0.05009758809637688,0.00968936867786519
6,YZt,2,29,0.04260840959710015,0.009905160309091868
6,YZt,3,30,0.03674771309653343,0.009268549948641144
6,YZt,4,30,0.037076463372279794,0.009846455082493244
6,YZt,5,32,0.03470363318253105,0.009774371028235146
6,YZt,6,32,0.033911049506666444,0.009338027220287771
6,YZt,7,32,0.03789124963555099,0.009514857523784073
6,YZt,8,32,0.039529870389763355,0.009671612248274572
6,YZt,9,32,0.04087750603992656,0.009645306867879741
6,YZt,10,32,0.04073397409317827,0.009642563953590874
6,YZt,11,32,0.04250587754191874,0.009884931727908105
6,YZt,12,32,0.04296657466152792,0.009852266746417091
6,YZt,13,33,0.040887841177634304,0.009374708877248897
6,YZt,14,33,0.04168879444932732,0.009586983812531797
6,YZt,15,33,0.04270097161323513,0.009408928127752656
6,YZt,16,33,0.04408420515049023,0.009647061287407055
6,YZt,17,33,0.04433854422551728,0.009718686789243697
6,YZt,18,33,0.045018809415001096,0.009806145941082908
6,YZt,19,34,0.04294225998431439,0.009417511512103897
6,YZt,20,33,0.046576269196622486,0.009933875274226088
6,YZt,21,34,0.04425183931534815,0.0095098390727565
6,YZt,22,34,0.045823801996013186,0.009535282127176624
6,YZt,23,34,0.04548557268179451,0.009684519028640658
6,YZt,24,34,0.04701285117687306,0.009850745744220209
6,YZt,25,34,0.04794947153026499,0.0098079515343507
6,YZt,26,35,0.045016334197805305,0.009373528933291773
6,YZt,27,35,0.04583430556212559,0.00942387374606341
6,YZt,28,35,0.04686314208147858,0.00942856861799092
6,YZt,29,35,0.046568266391999374,0.009568410725732846
6,YZt,30,35,0.0475355656063728,0.009683662108571106
6,YZt,31,35,0.0479308477834476,0.00969864123695342
6,YZt,32,35,0.04887836801714412,0.009810904752487758
6,YZt,33,35,0.04975733764946825,0.009925868870702091
6,YZt,34,35,0.05057677878856913,0.009951930899906923
6,YZt,35,36,0.04779864604493505,0.009619608623751962
6,YZt,36,36,0.048537647607369665,0.009773685291193083
6,YZt,37,36,0.048816639744749125,0.009966469886329288
6,YZt,38,37,0.046060276479590795,0.009569743339642176
6,YZt,39,37,0.045954824027618184,0.009811858626637878
6,YZt,40,38,0.04283432966470865,0.00945389834718221
6,YZt,41,38,0.04191790851094231,0.009669750320685178
6,YZt,42,38,0.04149042585238031,0.00979606595404094
6,YZt,43,38,0.04015974196126893,0.00987853877653744
6,YZt,44,39,0.03674260243259336,0.009423335136768943
6,YZt,45,39,0.035383489226779856,0.009487569655085593
6,YZt,46,39,0.034057497843530585,0.00952652103263535
6,YZt,47,39,0.03297496842644269,0.00959191972075149
6,YZt,48,39,0.032277315187678374,0.009701192843998174
6,YZt,49,39,0.032033882789938795,0.009826945603806916
6,YZt,50,39,0.031476431268773246,0.009815126805230839
6,YZt,51,39,0.03085464495401285,0.00976798627391447
6,YZt,52,39,0.030597006488995188,0.009761782572188946
6,YZt,53,39,0.0306859071181115,0.009733429120047226
6,YZt,54,39,0.030986622370054825,0.009831030774177739
6,YZt,55,39,0.03117896636500217,0.00982354728797652
6,YZt,56,39,0.03150240901661017,0.00981025854533162
6,YZt,57,39,0.032270204437861404,0.009813001219632066
6,YZt,58,39,0.03305870603238854,0.009890185873941283
6,YZt,59,39,0.03369415888704801,0.009863919971444538
6,YZt,60,39,0.034740263969781464,0.009891637623315847
6,YZt,61,40,0.03329989558902466,0.0094092439628287
6,YZt,62,40,0.034424037446363624,0.00971999363298348
6,YZt,63,41,0.033065568973397116,0.009735737166790572
6,YZt,64,43,0.028814478491754177,0.009751097593054005
6,YZt,65,45,0.02419910785550509,0.009430942989467332
6,YZt,66,45,0.021379686460187612,0.009469114523090617
6,YZt,67,44,0.01906677636603259,0.009497373891649622
6,YZt,68,43,0.016992407787407675,0.009503475960433733
6,YZt,69,42,0.01608637415137577,0.009861551380752807
6,YZt,70,42,0.014793372847660382,0.009805093046526787
6,YZt,71,42,0.01383236413530452,0.009853100507194248
6,YZt,72,42,0.01322399017941238,0.009953600157075776
6,YZt,73,43,0.011880671458908634,0.009456770045288013
6,YZt,74,43,0.011539095651322604,0.009551581950568695
6,YZt,75,43,0.011263702171317749,0.009676849576053475
6,YZt,76,43,0.010982325411475818,0.009794531666166435
6,YZt,77,43,0.010780605319740464,0.009953740323807907
6,YZt,78,44,0.010044266303916204,0.00950521046947659
6,YZt,79,44,0.009983058250216914,0.009688955705379122
6,YZt,80,44,0.009958338015300484,0.009855789924396553
6,YZt,81,45,0.009424568170391443,0.009479528637089042
6,YZt,82,45,0.0094377975827202,0.009575566172524875
6,YZt,83,45,0.009536367247418298,0.00971847547287336
6,YZt,84,45,0.009631998994600491,0.009847029772394508
6,YZt,85,45,0.009719400492446658,0.009920612246728858
6,YZt,86,46,0.009305924555011919,0.009487929045256843
6,YZt,87,46,0.009484275813563453,0.00964664766076622
6,YZt,88,46,0.009692046575327783,0.00983545753408972
6,YZt,89,47,0.009306253882718487,0.009430565154045695
6,YZt,90,47,0.009433504444383456,0.009552767943111473
6,YZt,91,47,0.009592266849853367,0.009695363724051182
6,YZt,92,47,0.00974650193437832,0.009849042622845128
6,YZt,93,47,0.009880236359003078,0.009969633084229296
6,YZt,94,48,0.009474548591963726,0.009584981139728136
6,YZt,95,48,0.009617114978201252,0.009713312872882598
6,YZt,96,48,0.009788945367167323,0.009868586456502475
6,YZt,97,48,0.009943535724371545,0.00998254811088067
6,YZt,98,49,0.009485767690454798,0.009587052210391432
6,YZt,99,49,0.00962542903531387,0.00968791311632838
6,YZt,100,49,0.009744049538805219,0.009751533114598311
6,YZt,101,49,0.009913984711032995,0.009855373732845764
6,YZt,102,50,0.009510829698505864,0.009521463598114862
6,YZt,103,50,0.00971160357498745,0.009651765548771176
6,YZt,104,50,0.009902255453250696,0.009748019200206633
6,YZt,105,50,0.010049607382111202,0.009796515996618373
6,YZt,106,50,0.01031655593730109,0.009918085016652879
6,YZt,107,51,0.009994749180773591,0.009726391530833123
6,YZt,108,51,0.010308903605672598,0.009865153269345964
6,YZt,109,52,0.010067561248346195,0.009451024595538707
6,YZt,110,52,0.0104156466523474,0.009578844475726439
6,YZt,111,52,0.010725583286979881,0.009622150159566361
6,YZt,112,52,0.011022968140351036,0.009633635399200284
6,YZt,113,52,0.011277402263053463,0.009654938791319121
6,YZt,114,54,0.010146815337138189,0.009497989680549657
6,YZt,115,53,0.010754214931327392,0.009984426325425734
6,YZt,116,53,0.010716450455928915,0.00996509288182439
6,YZt,117,54,0.010097203941312829,0.009482591789254806
6,YZt,118,54,0.010158296260174752,0.009573448897054675
6,YZt,119,54,0.010211377284186163,0.009692557246561137
6,YZt,120,54,0.010207084828476877,0.009797135768250701
6,YZt,121,54,0.010111176853104652,0.009855840885419489
6,YZt,122,54,0.009924198990738728,0.009839880033891923
6,YZt,123,54,0.009691875229189408,0.00978374954906526
6,YZt,124,54,0.009448079868641142,0.009707047784058485
6,YZt,125,54,0.009221949364426756,0.009617040883454523
6,YZt,126,54,0.009056770993545184,0.009546200192860208
6,YZt,127,54,0.008957743023353934,0.009484562831721962
6,YZt,128,53,0.009460487863038759,0.009957473639139972
6,YZt,129,53,0.009476650119389337,0.009927166429580516
6,YZt,130,53,0.009500136792377063,0.009887578622247348
6,YZt,131,53,0.009524895220656197,0.00985839426154547
6,YZt,132,53,0.009557084462732368,0.009821304766825781
6,YZt,133,53,0.009573013443066132,0.009772172045894456
6,YZt,134,53,0.009615897010266303,0.009733656165306569
6,YZt,135,53,0.009677309875716933,0.009701569631003855
6,YZt,136,53,0.00974604968097729,0.00968563227758736
6,YZt,137,53,0.009823206169613019,0.009681046506280258
6,YZt,138,53,0.009907949930352997,0.009689083573218413
6,YZt,139,53,0.010031328184164103,0.009721195819987592
6,YZt,140,53,0.010144804373942162,0.009769602418341121
6,YZt,141,53,0.01016606533869175,0.009791490296923944
6,YZt,142,53,0.010124773270844647,0.009783101548215671
6,YZt,143,53,0.010055586233024761,0.009775613340178598
6,YZt,144,53,0.009949835933740268,0.009732893593331425
6,YZt,145,53,0.009786778670266795,0.009638772065499172
6,YZt,146,51,0.010797463973157354,0.009580849304995809
6,YZt,147,51,0.010583011797504224,0.009447005191235834
6,YZt,148,50,0.011004613335647192,0.009860953767769536
6,YZt,149,50,0.010858349729059025,0.009758393017394408
6,YZt,150,50,0.010762843503450132,0.009685255446773443
6,YZt,151,50,0.010672645251097417,0.00960148401387047
6,YZt,152,50,0.010598509383546036,0.009476746573889418
6,YZt,153,49,0.011208052119105784,0.009609317284531996
6,YZt,154,48,0.011833309577160495,0.00999353121669247
6,YZt,155,48,0.011775089202803431,0.009763369449028985
6,YZt,156,48,0.011572003130987593,0.009464987531841752
6,YZt,157,47,0.011973050553830378,0.009655555224005831
6,YZt,158,46,0.012292468571936829,0.009694042622016204
6,YZt,159,45,0.012498977470100456,0.009917230833827376
6,YZt,160,45,0.01195718254948015,0.009641169629082397
6,YZt,161,45,0.01147583786243603,0.009422824628734667
6,YZt,162,44,0.01176738187275177,0.009723386242715307
6,YZt,163,44,0.011376183755890992,0.009585224510093393
6,YZt,164,44,0.011002607793407273,0.009456841155303576
6,YZt,165,43,0.011367499552850671,0.009953467837869495
6,YZt,166,43,0.0110352713739999,0.009808546118056935
6,YZt,167,43,0.010732840449303874,0.009754886722915272
6,YZt,168,43,0.010414800055434215,0.009656176240864362
6,YZt,169,43,0.0101138740429067,0.00960114369626153
6,YZt,170,43,0.00986717146920181,0.009567815217683734
6,YZt,171,43,0.009645345742945337,0.009476833139275952
6,YZt,172,43,0.009491038499703423,0.009436208918888111
6,YZt,173,43,0.009506171187465088,0.009450802570353438
6,YZt,174,42,0.010149104349884799,0.009998700946959338
6,YZt,175,42,0.010248754537093268,0.009989949917928757
6,YZt,176,42,0.010360156090083825,0.009911418411341733
6,YZt,177,42,0.010490186658377887,0.009808585376382434
6,YZt,178,42,0.010808455848590404,0.009813869023669403
6,YZt,179,42,0.01107603229124609,0.00966190135443342
6,YZt,180,42,0.011475254002634916,0.009565278206395906
6,YZt,181,42,0.011894879856820391,0.009449511355099577
6,YZt,182,42,0.01254437160378264,0.00942575523182849
6,YZt,183,42,0.01333719595526128,0.009401684439254253
6,YZt,184,42,0.0145223738019786,0.00945908777944952
6,YZt,185,42,0.016296794828991084,0.009712301053984082
6,YZt,186,43,0.018033345885131117,0.009583607844473848
6,YZt,187,44,0.0214815826044684,0.00975638491710023
6,YZt,188,45,0.024567233743569523,0.009410926458548225
6,YZt,189,43,0.03167473678802501,0.009841729338171993
6,YZt,190,41,0.03922704939594237,0.009551161559735273
6,YZt,191,39,0.04516223416468751,0.009534777320325039
6,YZt,192,38,0.04874100582607836,0.009703755282234723
6,YZt,193,38,0.04839864172694303,0.009445653193298723
6,YZt,194,38,0.049594175813787326,0.009443883222064426
6,YZt,195,37,0.05162458323432324,0.009914552454275331
6,YZt,196,37,0.05118752584282756,0.009697711330052369
6,YZt,197,37,0.050540229207594316,0.009743963373306627
6,YZt,198,37,0.050047071831083076,0.009622123190269748
6,YZt,199,37,0.049756367385725635,0.009545008414551687
6,YZt,200,37,0.048762094042265385,0.009554935358391707
6,YZt,201,37,0.048965288646254226,0.009585676591991008
6,YZt,202,37,0.04856821494028015,0.009460324301386871
6,YZt,203,37,0.04760409840036748,0.009394846233841526
6,YZt,204,37,0.04781018030265182,0.00939719913558717
6,YZt,205,36,0.05083849871162707,0.0099680236178122
6,YZt,206,36,0.05084207760519353,0.009873630000503347
6,YZt,207,36,0.05019349437446282,0.009862798554829716
6,YZt,208,36,0.05013364746298154,0.009810347856425915
6,YZt,209,36,0.05059940056903899,0.009850290814141283
6,YZt,210,36,0.05045765092718053,0.009850017166128258
6,YZt,211,36,0.04934669602275615,0.00970154662152992
6,YZt,212,36,0.04921878665195689,0.009623653940727589
6,YZt,213,36,0.049300843317573506,0.00958823527061932
6,YZt,214,36,0.0495917969526226,0.009597491860952094
6,YZt,215,36,0.04980823414880407,0.009607825490253193
6,YZt,216,36,0.0494172736634608,0.009527237739385942
6,YZt,217,36,0.049319366538241136,0.009539474941870444
6,YZt,218,36,0.04818779363492933,0.009541067792683393
6,YZt,219,36,0.047871439587060104,0.009414336192604638
6,YZt,220,35,0.050119235834232986,0.009900140156051833
6,YZt,221,35,0.04946375710541119,0.009797959411417222
6,YZt,222,35,0.04914029402944373,0.009755195647762666
6,YZt,223,35,0.0488440209577306,0.00971758536707062
6,YZt,224,35,0.0486190317836736,0.009734254713787836
6,YZt,225,35,0.04898468252018922,0.009528094084927
6,YZt,226,35,0.048426322208522214,0.00955599333174717
6,YZt,227,35,0.047603887211780604,0.009423889735093687
6,YZt,228,35,0.04704020864777457,0.009407401590377203
6,YZt,229,34,0.049121826344905126,0.009979562923219184
6,YZt,230,34,0.04828589254997054,0.00987046939459558
6,YZt,231,34,0.04864631752293784,0.009727224606516958
6,YZt,232,34,0.04744717044422754,0.009725016685165623
6,YZt,233,34,0.046623647190576344,0.009660315718146708
6,YZt,234,34,0.046817012426973864,0.009472918651014333
6,YZt,235,34,0.04564670690144237,0.009508030866326395
6,YZt,236,34,0.044396526565908714,0.009404153723103988
6,YZt,237,33,0.04745821154887985,0.009906629017272819
6,YZt,238,33,0.04594381714835642,0.009933258977891187
6,YZt,239,33,0.045499417129922684,0.009713176131229961
6,YZt,240,33,0.0448307910140585,0.009849901585801915
6,YZt,241,33,0.043866683211016465,0.009562838564194988
6,YZt,242,33,0.043518223674361964,0.009498824574829442
6,YZt,243,33,0.04316619917160887,0.009420165038589888
6,YZt,244,32,0.044488639728935395,0.00989490370363908
6,YZt,245,33,0.041013489125355726,0.00941949232171406
6,YZt,246,32,0.04289731009378304,0.009885296430643455
6,YZt,247,32,0.042288113034527626,0.009699122843042191
6,YZt,248,32,0.041862173055910834,0.009738438365561718
6,YZt,249,32,0.04025876669541918,0.009554372012061057
6,YZt,250,32,0.040467900849259636,0.00956335443614604
6,YZt,251,32,0.03897469653719294,0.009608097323637085
6,YZt,252,32,0.03727036537247491,0.009396246523395515
6,YZt,253,32,0.03455736051970045,0.009432493820144817
6,YZt,254,32,0.03551992463166717,0.009887752460415617
6,YZt,255,31,0.03513469713801787,0.009370069507901747
6,YZt,256,30,0.037371256240212695,0.009435866189008858
6,YZt,257,29,0.04280876070418655,0.009973127111190534
6,YZt,258,29,0.04989084021233131,0.0096582880928787
6,YZt,259,6,0.4968137757340752,0.008643774694237895
6,XZt,0,6,0.4582314339057416,0.007807275671794925
6,XZt,1,28,0.048430432218637305,0.00987521190204502
6,XZt,2,29,0.03738978590811496,0.009410304379390484
6,XZt,3,29,0.034608069715103,0.00949355693125826
6,XZt,4,29,0.03428702263661494,0.009652843839823923
6,XZt,5,31,0.03333575576294012,0.009524047438324789
6,XZt,6,31,0.03320188310058664,0.00939773657055335
6,XZt,7,31,0.03821631417051615,0.00976459201431234
6,XZt,8,32,0.03778701547900554,0.009387877617810464
6,XZt,9,32,0.03910452857986976,0.00937002900788274
6,XZt,10,32,0.03922900319241373,0.009361101926728089
6,XZt,11,32,0.040718544154301255,0.009563127724355285
6,XZt,12,32,0.041648519003134536,0.009612233702071331
6,XZt,13,32,0.04258464050426187,0.009862622013454083
6,XZt,14,33,0.04090097160248249,0.00949159686993227
6,XZt,15,32,0.04481726499194913,0.00999889741097014
6,XZt,16,33,0.04399819071425569,0.00963197934895627
6,XZt,17,33,0.04440267932952163,0.009691133836043472
6,XZt,18,33,0.045123280728650614,0.009766773847244968
6,XZt,19,34,0.043279185050938876,0.009390840223467463
6,XZt,20,33,0.0470759396848427,0.009958655003508078
6,XZt,21,34,0.044762911102680394,0.009504621570448894
6,XZt,22,34,0.04628324313738646,0.009481093887869753
6,XZt,23,34,0.04585831056345065,0.009609258337352572
6,XZt,24,34,0.04753316023826314,0.009856994232773348
6,XZt,25,34,0.04819811450433208,0.009670206818980566
6,XZt,26,34,0.04805377515918835,0.00984337646320388
6,XZt,27,34,0.04880836842077425,0.009905574972204626
6,XZt,28,34,0.049642424782121504,0.00981857691639426
6,XZt,29,35,0.046785431930703315,0.009393412168548755
6,XZt,30,35,0.047392089493660826,0.009508002986385308
6,XZt,31,35,0.048016445574530116,0.009564830994966807
6,XZt,32,35,0.04854627761985334,0.009669449920353651
6,XZt,33,35,0.04909563106058556,0.009695978450029492
6,XZt,34,35,0.049653904554108834,0.009620958798552034
6,XZt,35,35,0.04910009394261184,0.009785001506605466
6,XZt,36,35,0.04945712792952166,0.009796245403876143
6,XZt,37,35,0.04949294877650296,0.00978030084668892
6,XZt,38,35,0.04983065104069093,0.009823203585374175
6,XZt,39,35,0.050773113663528,0.009976903514678358
6,XZt,40,36,0.04844906290138514,0.00954644864396323
6,XZt,41,36,0.0487769046647403,0.00960416747954379
6,XZt,42,36,0.0500286530609889,0.009649268249809164
6,XZt,43,36,0.05009972007671546,0.009703788638360274
6,XZt,44,36,0.05041001917577644,0.009813981616472057
6,XZt,45,36,0.0504195514926647,0.009891788823202413
6,XZt,46,36,0.05031482605408863,0.009978724069605649
6,XZt,47,37,0.047446114339113145,0.009483299457996799
6,XZt,48,37,0.04776770824358396,0.009685683557711584
6,XZt,49,37,0.04884304435627802,0.009813544316989052
6,XZt,50,37,0.04929949391008951,0.009957719674868073
6,XZt,51,38,0.046204417214392814,0.009410637069355668
6,XZt,52,38,0.04632736035191876,0.009542229943856355
6,XZt,53,38,0.047180039271058336,0.009681761861282143
6,XZt,54,38,0.047600430461020186,0.009865147046670186
6,XZt,55,39,0.04485293742389914,0.009428390456835302
6,XZt,56,39,0.04494764124572138,0.009611775611641364
6,XZt,57,39,0.045714579476122265,0.009792976052856388
6,XZt,58,40,0.043457667459565426,0.009469123952806021
6,XZt,59,40,0.04322697038188665,0.009644893744616065
6,XZt,60,40,0.0438292147927626,0.009867191832939631
6,XZt,61,41,0.041270122530300116,0.009558183954150881
6,XZt,62,41,0.0411177846843042,0.009802584994682562
6,XZt,63,42,0.03895391479929674,0.009425320051360157
6,XZt,64,42,0.038589621589040134,0.009661247491510467
6,XZt,65,42,0.0389224356342528,0.009921143265757855
6,XZt,66,43,0.03610123232980328,0.009543627028338298
6,XZt,67,43,0.03617858640220333,0.00987331121581418
6,XZt,68,44,0.03311985368942843,0.009626166001164577
6,XZt,69,44,0.032303046211615734,0.00999817851251313
6,XZt,70,45,0.028756232716585062,0.009659211395459558
6,XZt,71,45,0.026995992639011604,0.009917057512391672
6,XZt,72,46,0.024386350542857,0.009609874506259514
6,XZt,73,46,0.02288999292366382,0.009805441937085256
6,XZt,74,46,0.02176268270555392,0.009936556869838341
6,XZt,75,47,0.019617212418921937,0.009468818366312437
6,XZt,76,47,0.018594368219503707,0.009513971537805772
6,XZt,77,47,0.017786026970756954,0.009571784765865893
6,XZt,78,47,0.01693814840740059,0.009577370951430905
6,XZt,79,47,0.016221291545415146,0.009584460318029215
6,XZt,80,47,0.01550171626466681,0.009561233580944859
6,XZt,81,47,0.015007544360063544,0.009601704589037545
6,XZt,82,47,0.014487350178172525,0.009598155590779275
6,XZt,83,47,0.014074569891199847,0.009627683646355526
6,XZt,84,47,0.0136867368710067,0.009662022938021781
6,XZt,85,47,0.01330985559295,0.009664376333146787
6,XZt,86,47,0.013082680091734786,0.009723380503258671
6,XZt,87,47,0.012908973311217029,0.009806654135677623
6,XZt,88,47,0.012839431233238111,0.009921803062304887
6,XZt,89,48,0.01215635810229908,0.009581415754173631
6,XZt,90,48,0.01214035670091589,0.0097534535268983
6,XZt,91,48,0.012121729480232189,0.00992137782761326
6,XZt,92,49,0.011481259090109708,0.009537704243028246
6,XZt,93,49,0.011418081322008158,0.009633822508893797
6,XZt,94,49,0.011391563475412534,0.009795979930890843
6,XZt,95,49,0.01129764536787861,0.009884855511240392
6,XZt,96,49,0.011245782318579067,0.00996851740174968
6,XZt,97,50,0.010548498485623562,0.009479655503254594
6,XZt,98,50,0.01042905181903589,0.009619169159713083
6,XZt,99,50,0.010295263342801104,0.009624563170679057
6,XZt,100,50,0.01015019636447553,0.009612445612311806
6,XZt,101,50,0.010027470644044021,0.009629013852855466
6,XZt,102,50,0.009880162186375148,0.009771768283869563
6,XZt,103,50,0.009756363366493024,0.009792146861290922
6,XZt,104,50,0.009628512759401615,0.009791912623325983
6,XZt,105,50,0.009467181046771213,0.009753252118805558
6,XZt,106,50,0.009375201346075458,0.009777890882627696
6,XZt,107,51,0.008750324666710165,0.009509753394655382
6,XZt,108,51,0.00864722811684766,0.009508563210781423
6,XZt,109,51,0.008578010913935872,0.009522090722881717
6,XZt,110,51,0.008502310842765036,0.009511014427955294
6,XZt,111,51,0.00845261823098594,0.009496282060886749
6,XZt,112,51,0.008399191002511169,0.009480797222350559
6,XZt,113,51,0.0083780797242767,0.009505453533811452
6,XZt,114,52,0.007875654737387165,0.009983830477769571
6,XZt,115,52,0.007842598933736246,0.009997850302553195
6,XZt,116,52,0.007811346507958916,0.009997811229221226
6,XZt,117,52,0.007759220931642872,0.009984308947367938
6,XZt,118,52,0.007729987439370904,0.00997582388895459
6,XZt,119,52,0.007686823190636561,0.009948578643393118
6,XZt,120,52,0.007661359348586342,0.009943696585859776
6,XZt,121,52,0.007629968601085638,0.009940785063312379
6,XZt,122,52,0.007625628509319406,0.009940293831721585
6,XZt,123,52,0.007617624267528423,0.009935853119338365
6,XZt,124,52,0.007597928514314279,0.009936956744164215
6,XZt,125,52,0.007567779486558095,0.009939105793034583
6,XZt,126,52,0.00754800779966523,0.009960701884266208
6,XZt,127,52,0.007539214671954125,0.00995957903762952
6,XZt,128,52,0.007558775090668161,0.009995768039380567
6,XZt,129,53,0.007165457531291525,0.009522446758982768
6,XZt,130,53,0.007210131645480789,0.009545575528991525
6,XZt,131,53,0.007218120072533294,0.009550705798942792
6,XZt,132,53,0.007246468341207594,0.00955991846113132
6,XZt,133,53,0.007298256248753113,0.009563851607665985
6,XZt,134,53,0.007349984851978908,0.009564552388887515
6,XZt,135,53,0.007436688270987897,0.00959524187360726
6,XZt,136,53,0.00750978379619037,0.009610713326814894
6,XZt,137,53,0.007564971540828985,0.009628022446237953
6,XZt,138,53,0.007627436297711192,0.009640597139418287
6,XZt,139,53,0.0076799485312895105,0.00963402902048214
6,XZt,140,53,0.00774356717411698,0.009626584855721376
6,XZt,141,53,0.007813635928311436,0.009631222343297153
6,XZt,142,53,0.007861864806266671,0.009622261805850308
6,XZt,143,53,0.007920647530678653,0.00961663234907502
6,XZt,144,53,0.007981463214516489,0.009607122056628925
6,XZt,145,53,0.008060692568585002,0.009589600919766291
6,XZt,146,51,0.009126388181965003,0.009615918532866308
6,XZt,147,51,0.009265565759369657,0.009625808293640839
6,XZt,148,51,0.00940179445003022,0.009621588428607034
6,XZt,149,51,0.009604752248163123,0.009644199379938333
6,XZt,150,51,0.009824125250020433,0.00965524022112708
6,XZt,151,51,0.010028072157051409,0.0096351701127045
6,XZt,152,51,0.010259576155423474,0.009617305202914997
6,XZt,153,50,0.011139536155588093,0.00989432051379349
6,XZt,154,50,0.01137307807202846,0.009867673130416523
6,XZt,155,50,0.011714199429819364,0.009906809844306133
6,XZt,156,50,0.012018692139381556,0.009926567144868186
6,XZt,157,50,0.01233517480423492,0.009948782828507554
6,XZt,158,50,0.012717401706054001,0.009868772504518113
6,XZt,159,50,0.013084289445157587,0.00993104123068774
6,XZt,160,51,0.01271081393440177,0.009448334550897127
6,XZt,161,51,0.013044851858264712,0.0095011070867711
6,XZt,162,51,0.013471962506036758,0.009508564678062327
6,XZt,163,51,0.01386765725346473,0.009618910983357905
6,XZt,164,51,0.014239838001932419,0.009715100679057743
6,XZt,165,51,0.014638988684635167,0.009818182451974756
6,XZt,166,51,0.015010053659061502,0.009868191163513285
6,XZt,167,51,0.015348292460583756,0.009950692653933639
6,XZt,168,51,0.015589322156577136,0.009948829386614512
6,XZt,169,51,0.015867849303808686,0.009919985562708018
6,XZt,170,51,0.016081696576130504,0.009855943372901122
6,XZt,171,51,0.01622463362256226,0.009752406960526839
6,XZt,172,51,0.01634354988408788,0.009635986750564166
6,XZt,173,51,0.01622832228296808,0.009442759202323974
6,XZt,174,50,0.01688624372102906,0.009790078420424444
6,XZt,175,50,0.016548332157186603,0.009536302194413015
6,XZt,176,49,0.01705002415845184,0.009825362747164985
6,XZt,177,49,0.01652828933313546,0.00950244502824859
6,XZt,178,48,0.016969125377214136,0.009770691122787698
6,XZt,179,47,0.01729833344362886,0.009983187078878875
6,XZt,180,47,0.016793426321112356,0.00965154149194895
6,XZt,181,46,0.017273048367537402,0.009917785667145407
6,XZt,182,46,0.016957754974040416,0.009660294921187676
6,XZt,183,46,0.016641093654403742,0.009428321499869736
6,XZt,184,45,0.0176435356210596,0.00990149801251403
6,XZt,185,45,0.017589353416050724,0.009799574599061256
6,XZt,186,45,0.017719924920721893,0.009775778893726888
6,XZt,187,45,0.018060052877064837,0.00977158781341125
6,XZt,188,45,0.01829192185847849,0.00976219932382747
6,XZt,189,45,0.018810034226465197,0.00977286017327729
6,XZt,190,45,0.019415885629327823,0.00976955214993818
6,XZt,191,45,0.019819164207627252,0.009645181023381539
6,XZt,192,45,0.02039189521129958,0.00948872100844049
6,XZt,193,44,0.021625459170040422,0.009770447802730014
6,XZt,194,44,0.02172085614441719,0.00945484869221275
6,XZt,195,43,0.022584120187993304,0.009665493634232511
6,XZt,196,42,0.023567876442617805,0.009898565057267408
6,XZt,197,42,0.02304145606347586,0.009600693795886938
6,XZt,198,41,0.024033648928803643,0.009948749732853252
6,XZt,199,41,0.023749778767735708,0.009738864138631068
6,XZt,200,41,0.02349401137493697,0.009675640148749805
6,XZt,201,41,0.023472484904222938,0.009654331857114918
6,XZt,202,41,0.0233702726254642,0.009574662489778578
6,XZt,203,41,0.023177569750479635,0.009551309093024579
6,XZt,204,41,0.023147963598912327,0.009508706709782128
6,XZt,205,41,0.02316166919313327,0.009481972057576712
6,XZt,206,41,0.023087356154457114,0.00943834308595444
6,XZt,207,41,0.022962205001076434,0.0094387685015816
6,XZt,208,41,0.0229998559050878,0.00941843886490522
6,XZt,209,41,0.023201385810009714,0.009445458220235707
6,XZt,210,41,0.02322409217727185,0.009400727829240233
6,XZt,211,40,0.024696942387258877,0.00996290686738557
6,XZt,212,40,0.025054906026038166,0.009915650570460698
6,XZt,213,40,0.025917481958560428,0.009965640570495506
6,XZt,214,41,0.02569248957915437,0.009455108692331656
6,XZt,215,41,0.027316469831565843,0.009557922962715305
6,XZt,216,41,0.029291047459688687,0.00962032535667835
6,XZt,217,41,0.03162246236340884,0.009656606796814198
6,XZt,218,41,0.033657769765347366,0.009606013071110095
6,XZt,219,41,0.03629803092401347,0.00951283468022621
6,XZt,220,40,0.04102169030689415,0.009979276043217413
6,XZt,221,40,0.04273646217280552,0.009826992739151576
6,XZt,222,40,0.04383028776629188,0.00959173964825609
6,XZt,223,39,0.046564950932487775,0.009786858329504133
6,XZt,224,38,0.048402082182870856,0.009858930329908049
6,XZt,225,37,0.050360506461044056,0.009817703275748912
6,XZt,226,37,0.04867433633727136,0.009521322928944287
6,XZt,227,36,0.05043181417001967,0.00992745425327969
6,XZt,228,36,0.04919785483554739,0.009676954535910607
6,XZt,229,36,0.048091248763481,0.009557356288989516
6,XZt,230,35,0.04997987130207092,0.00999294484735066
6,XZt,231,35,0.04996285919371533,0.009782816893429315
6,XZt,232,35,0.04885802594273901,0.009774648506821087
6,XZt,233,35,0.04779855092839802,0.00967299728065354
6,XZt,234,35,0.04797037578517251,0.00950777025905606
6,XZt,235,35,0.04701287893210954,0.009609438952689932
6,XZt,236,35,0.045541460596695615,0.00940050075734027
6,XZt,237,34,0.048704895292874466,0.00989149714075298
6,XZt,238,34,0.04718349671083034,0.00990624707269033
6,XZt,239,34,0.04641045384129024,0.009652815510929544
6,XZt,240,34,0.04557295546158107,0.0097283725505298
6,XZt,241,34,0.04449681233084559,0.009461699860116426
6,XZt,242,34,0.044176730912839385,0.009421769471397588
6,XZt,243,34,0.043782509566838115,0.009379906720809817
6,XZt,244,33,0.04503848936380195,0.009787582486183019
6,XZt,245,33,0.044326859640887784,0.009995603896173252
6,XZt,246,33,0.04307858866897826,0.009716708389556626
6,XZt,247,33,0.0418909728763895,0.009373869774941878
6,XZt,248,33,0.04132855982907524,0.00940529155359853
6,XZt,249,32,0.04223129215256018,0.009859088257900795
6,XZt,250,32,0.04220648964300671,0.009852396459759442
6,XZt,251,32,0.04054440882638921,0.009881747064169772
6,XZt,252,32,0.03821173711282347,0.009546024519413188
6,XZt,253,31,0.03643141200364649,0.009948659981372206
6,XZt,254,31,0.035680143371966754,0.009979077515191013
6,XZt,255,30,0.034659421837374145,0.009494902401968012
6,XZt,256,30,0.035129997452901726,0.009354274026227889
6,XZt,257,29,0.04069142731040591,0.0099629455174628
6,XZt,258,29,0.04681089230372797,0.00952277084282286
6,XZt,259,6,0.4306849730807529,0.007975690779835658
7,XYt,0,63,0.002585699729418641,0.009745485808963991
7,XYt,1,64,0.002574791954673157,0.009537297752069117
7,XYt,2,63,0.002662065313695337,0.009712828293156308
7,XYt,3,62,0.0025438877720414376,0.009637336252212313
7,XYt,4,61,0.0025875927732841165,0.009825737612469082
7,XYt,5,61,0.0025250589108555773,0.009570815886148316
7,XYt,6,60,0.0026518744219133326,0.009814758357886255
7,XYt,7,60,0.002526267969723206,0.00958625212864079
7,XYt,8,59,0.0025992008204471302,0.009945423562893402
7,XYt,9,60,0.002480861128327026,0.009583747657664284
7,XYt,10,60,0.002544816424330389,0.009712348860633845
7,XYt,11,60,0.002552130443848528,0.009646059875478936
7,XYt,12,60,0.002558591320019144,0.009533590553151778
7,XYt,13,59,0.0027599322209102173,0.009959822331809788
7,XYt,14,59,0.0028113457304096115,0.00993462612655032
7,XYt,15,59,0.0026473812698465274,0.009714654103035802
7,XYt,16,58,0.00221039921512789,0.009784639624633034
7,XYt,17,58,0.0021689214891779077,0.009977672159367887
7,XYt,18,58,0.002276008990847693,0.009937164818470012
7,XYt,19,58,0.0024838478609694055,0.009867617366717379
7,XYt,20,58,0.0026497034639105504,0.009917067923017962
7,XYt,21,59,0.002622130534373009,0.009556847217420346
7,XYt,22,59,0.002706494046979132,0.00966275621923456
7,XYt,23,59,0.0027259518959711192,0.009708461446071405
7,XYt,24,59,0.0026871679444371945,0.00967407799320571
7,XYt,25,59,0.002603661628512626,0.009570948947474508
7,XYt,26,58,0.002647869133390622,0.009899330200977864
7,XYt,27,58,0.0025332839817658066,0.009769062590715825
7,XYt,28,58,0.0024512540720303348,0.009680491594191326
7,XYt,29,58,0.0024221024646627447,0.009639804512171064
7,XYt,30,58,0.00243088172341231,0.009619381613350039
7,XYt,31,58,0.00249118546447004,0.00963401952046694
7,XYt,32,58,0.0025907393326304413,0.009640750713541377
7,XYt,33,58,0.0027527308445590005,0.009652516375856566
7,XYt,34,58,0.002985478272419587,0.009657554125694188
7,XYt,35,58,0.003330460483092212,0.009664800865032633
7,XYt,36,58,0.003888581610198367,0.009695257236658072
7,XYt,37,58,0.004815404705248277,0.009777468521343665
7,XYt,38,58,0.006261289697570237,0.009864930495108034
7,XYt,39,58,0.008353166667360759,0.009862118117562343
7,XYt,40,58,0.010811046982139633,0.009684126422287057
7,XYt,41,57,0.013577271624448255,0.009770671988683428
7,XYt,42,56,0.01595885699411724,0.009839173679200092
7,XYt,43,55,0.01872226123721838,0.009995825823847788
7,XYt,44,55,0.020836412444480368,0.009702527754574036
7,XYt,45,54,0.024336864236084634,0.009988754711696048
7,XYt,46,54,0.026585977404077896,0.0099570230249138
7,XYt,47,54,0.026819944606985238,0.009983763959736575
7,XYt,48,54,0.02652266890403485,0.009942227684204545
7,XYt,49,54,0.026803396976022523,0.00986108976186155
7,XYt,50,54,0.027479896939115553,0.00972688100012998
7,XYt,51,54,0.028237298827395414,0.009524432522270724
7,XYt,52,53,0.030282945647873916,0.009717682421276321
7,XYt,53,52,0.03181723671820757,0.009795501491666563
7,XYt,54,51,0.03242460640372665,0.009760084282496348
7,XYt,55,50,0.03182241151134403,0.009645759778765911
7,XYt,56,49,0.030095507951138013,0.009516855601769285
7,XYt,57,48,0.02823368216913203,0.009505252859404673
7,XYt,58,47,0.026854067339158204,0.009601161889463665
7,XYt,59,46,0.026474953011273367,0.009800863539660318
7,XYt,60,46,0.025335588817698974,0.009507149761959434
7,XYt,61,45,0.026635479118425436,0.009982016333101834
7,XYt,62,45,0.026707567980942027,0.009913483039008717
7,XYt,63,45,0.02704956236054721,0.00988496898917622
7,XYt,64,45,0.027435147641638003,0.009922313882317875
7,XYt,65,45,0.027647932919132215,0.009986929726736087
7,XYt,66,46,0.026085664889698917,0.009516846571189471
7,XYt,67,46,0.025979770385255493,0.009693265361490962
7,XYt,68,46,0.02569977154504541,0.00979498383033946
7,XYt,69,46,0.02524117221029038,0.009798797451384653
7,XYt,70,46,0.024863441269303645,0.009792174901080548
7,XYt,71,46,0.02453158481197815,0.00980259763332031
7,XYt,72,46,0.02438746452890235,0.00988385289683527
7,XYt,73,46,0.024152523065193006,0.009934124759436218
7,XYt,74,47,0.022634249992766337,0.009389947528214248
7,XYt,75,47,0.022551247887066264,0.009494026016091433
7,XYt,76,47,0.022425584170063947,0.00953998271753541
7,XYt,77,47,0.022068748732676342,0.009522179689199519
7,XYt,78,47,0.02146086299051432,0.009413949569149788
7,XYt,79,46,0.02217476080184569,0.00992491358355869
7,XYt,80,46,0.021527396698818736,0.009775180490032844
7,XYt,81,46,0.02094403691186378,0.00960889756112014
7,XYt,82,46,0.020528862647034442,0.009486393924722893
7,XYt,83,46,0.02031093676463942,0.009508889763237294
7,XYt,84,46,0.020231314813338015,0.009634201177671142
7,XYt,85,46,0.0201801210003117,0.009726142799157636
7,XYt,86,46,0.019975823894896265,0.009767043770898959
7,XYt,87,46,0.019622320243021244,0.009752411652873834
7,XYt,88,46,0.019277149951134148,0.009803834945386601
7,XYt,89,46,0.018985264461836973,0.009867206820818028
7,XYt,90,46,0.01873457839980519,0.009895460183603388
7,XYt,91,46,0.018621359137271927,0.009920245917034717
7,XYt,92,46,0.018541657155137517,0.009906033335033251
7,XYt,93,46,0.01847228765788767,0.009942690138573023
7,XYt,94,46,0.01830391581404075,0.009920573150454531
7,XYt,95,46,0.018141029959978773,0.0098349308541066
7,XYt,96,46,0.018001480230518865,0.009799939972711556
7,XYt,97,46,0.017926699325238875,0.009788942957569635
7,XYt,98,46,0.01783300946595246,0.009790011212990559
7,XYt,99,46,0.01774341582763977,0.009832239420656483
7,XYt,100,46,0.017674793858303405,0.009906174118473382
7,XYt,101,46,0.01763382746728455,0.009963486210721148
7,XYt,102,47,0.016523451584289334,0.009414004344735305
7,XYt,103,47,0.01640848985018541,0.009450571032682781
7,XYt,104,47,0.016288427858595092,0.009430986837515603
7,XYt,105,46,0.017161470147052577,0.009940103732616381
7,XYt,106,46,0.016953366310668346,0.009800016109489353
7,XYt,107,46,0.01681339876105962,0.009670441004053664
7,XYt,108,46,0.016779787116604022,0.009573674256882918
7,XYt,109,46,0.01674331934582422,0.009532949666717675
7,XYt,110,46,0.016799595408655936,0.009564409611066783
7,XYt,111,46,0.016943549764814735,0.009616134250229358
7,XYt,112,46,0.016996081183872174,0.0096085340996345
7,XYt,113,46,0.01714749502373244,0.009596222767791861
7,XYt,114,46,0.017446415100206673,0.009720663982528015
7,XYt,115,46,0.017850056761625564,0.009917820272860494
7,XYt,116,47,0.017252785769166893,0.009471551379626103
7,XYt,117,47,0.01752600943962674,0.009465264056994417
7,XYt,118,46,0.01873927958249079,0.009935424329433153
7,XYt,119,46,0.018880227590651732,0.00989080271008678
7,XYt,120,46,0.019011269383156545,0.00993182325801883
7,XYt,121,46,0.018829315683088977,0.009899308496787839
7,XYt,122,46,0.018783129669689546,0.009880715781093882
7,XYt,123,46,0.018745451464251953,0.009799005953524323
7,XYt,124,46,0.01874325092138187,0.009761474255994532
7,XYt,125,46,0.01891055524333292,0.009833641838783944
7,XYt,126,46,0.019180749905802125,0.009936963146515515
7,XYt,127,47,0.01838455736254231,0.009446711117874191
7,XYt,128,47,0.01875635854103353,0.00948099411746625
7,XYt,129,47,0.018984260292423675,0.009416656844530318
7,XYt,130,46,0.02021767414662441,0.009871236320325532
7,XYt,131,46,0.020258378431539572,0.009720040253512315
7,XYt,132,46,0.02033275798614012,0.009594195266538092
7,XYt,133,46,0.020514530953470833,0.009498730395846419
7,XYt,134,46,0.02081459777938873,0.00943227082627206
7,XYt,135,46,0.02124836374922498,0.009430479820912174
7,XYt,136,46,0.021858415890604863,0.009507545450199037
7,XYt,137,46,0.022228468720369605,0.009509345356777757
7,XYt,138,46,0.022570286466693595,0.009551008707001042
7,XYt,139,46,0.022953839889943227,0.009593812517426253
7,XYt,140,46,0.022960485178012174,0.009508911947738518
7,XYt,141,46,0.022843630573614913,0.009434362939313662
7,XYt,142,45,0.02414659680804983,0.009991238596067802
7,XYt,143,45,0.02406292997378415,0.009938263131503334
7,XYt,144,45,0.024035563824650327,0.009956021344049281
7,XYt,145,45,0.023862250826467847,0.0099582654713803
7,XYt,146,46,0.0224569298596556,0.009415958213805024
7,XYt,147,46,0.022471154325326478,0.009477316418710155
7,XYt,148,46,0.02243019519886305,0.009452101579869575
7,XYt,149,46,0.022379470444142735,0.009402505686835887
7,XYt,150,45,0.02365148858666265,0.009896898246389998
7,XYt,151,45,0.02355086377316144,0.00977149997563417
7,XYt,152,45,0.02350627157289338,0.009666283750858156
7,XYt,153,45,0.02344812041721954,0.00959370501918447
7,XYt,154,45,0.02338890694847702,0.00950862888605296
7,XYt,155,45,0.02331016765593066,0.009454088482860196
7,XYt,156,45,0.023334039483656446,0.009486293445284316
7,XYt,157,45,0.023195636366868347,0.009532188660566678
7,XYt,158,45,0.02283915572453458,0.009571639530532397
7,XYt,159,45,0.022402256709371595,0.009592919105292731
7,XYt,160,45,0.02191262026684777,0.009569853381344784
7,XYt,161,45,0.0214532383379615,0.009528867716989981
7,XYt,162,45,0.02090658331924392,0.009415359938931582
7,XYt,163,44,0.02170510929423825,0.009967773861315457
7,XYt,164,44,0.02128497895784794,0.009911982747327481
7,XYt,165,44,0.02099845351994195,0.00989505118769512
7,XYt,166,44,0.020648696559563737,0.00985549372238983
7,XYt,167,44,0.020111879428392418,0.009789656470942957
7,XYt,168,44,0.019545667434294128,0.009667753882953673
7,XYt,169,44,0.019182876412654256,0.009562231153491562
7,XYt,170,44,0.018877770537793034,0.0094638685542948
7,XYt,171,44,0.01875931189820445,0.009524645800045133
7,XYt,172,44,0.01868954214603726,0.009577093467676523
7,XYt,173,44,0.018637170084817346,0.009613726147445299
7,XYt,174,44,0.018642858156267532,0.009637170868359244
7,XYt,175,44,0.018678969651653145,0.009663075597324692
7,XYt,176,44,0.0186339010468989,0.009639185682713877
7,XYt,177,44,0.018508295079780534,0.009581348946948284
7,XYt,178,44,0.018448634067913243,0.009608868289563213
7,XYt,179,44,0.018415195506904396,0.009639753451126287
7,XYt,180,44,0.01817069134341476,0.009558868336772278
7,XYt,181,44,0.01794754214294649,0.009484646913361997
7,XYt,182,44,0.017847647622463745,0.00947125194046694
7,XYt,183,44,0.01781910399900006,0.009505760819294587
7,XYt,184,44,0.01778192980879629,0.009521147851536132
7,XYt,185,44,0.01778204666597533,0.009546621035999294
7,XYt,186,44,0.01770912750020216,0.009480765848251891
7,XYt,187,44,0.01756915852039812,0.009420315926743267
7,XYt,188,44,0.017524704835863613,0.009416227466583287
7,XYt,189,44,0.017627981262426724,0.009468815655182726
7,XYt,190,44,0.017797698722205525,0.009552686739451036
7,XYt,191,44,0.01796613749257896,0.00961919561514593
7,XYt,192,44,0.018019886692921903,0.00961199618287654
7,XYt,193,44,0.018041604459851833,0.009571194248935736
7,XYt,194,44,0.018126409188637064,0.009540177221215494
7,XYt,195,44,0.018309743696147233,0.009502516971037099
7,XYt,196,44,0.01864577061604667,0.009550861052209009
7,XYt,197,44,0.0190822068828854,0.00970436757891561
7,XYt,198,44,0.019425590497294233,0.009785512339116618
7,XYt,199,44,0.019664058178693003,0.00981910100663554
7,XYt,200,44,0.019829796038050605,0.0098784358455558
7,XYt,201,44,0.01973178049439831,0.009913353393135213
7,XYt,202,44,0.019597487710213135,0.009888450435043166
7,XYt,203,44,0.019521205533517407,0.009816071741215555
7,XYt,204,44,0.01949968963638477,0.009757678476177678
7,XYt,205,44,0.0196687381164004,0.009828047659875789
7,XYt,206,44,0.019974484051916513,0.009995973940381741
7,XYt,207,45,0.019306963321771505,0.009476932246839454
7,XYt,208,45,0.01977237987715639,0.009523971087664913
7,XYt,209,45,0.020212541575110713,0.009591321832135824
7,XYt,210,45,0.020474567263266328,0.009615839719666038
7,XYt,211,45,0.020620300706936795,0.009564389189054686
7,XYt,212,45,0.020778592508675274,0.009536594851047544
7,XYt,213,45,0.021064722702476044,0.009559104548916019
7,XYt,214,45,0.021477496973352203,0.009621053405200893
7,XYt,215,45,0.021999769691322696,0.009708136318012709
7,XYt,216,45,0.02272906234516182,0.00982589703948422
7,XYt,217,45,0.02343646607511934,0.009933615108577327
7,XYt,218,46,0.022784754575834853,0.009481139152090085
7,XYt,219,46,0.023734704803992184,0.009717951755976843
7,XYt,220,46,0.02421144326632098,0.009781344485576373
7,XYt,221,46,0.024425552954020494,0.00976971677799427
7,XYt,222,46,0.02473457127174463,0.009841622279679614
7,XYt,223,46,0.024970282685894664,0.009902689041462515
7,XYt,224,46,0.025053988108630746,0.009895930744854783
7,XYt,225,46,0.02502119499459697,0.009854593113948268
7,XYt,226,46,0.024926687137738046,0.009699325950507596
7,XYt,227,46,0.024862834899812187,0.009544442611238975
7,XYt,228,46,0.024861710369485215,0.009399964311584475
7,XYt,229,45,0.026226512351284505,0.009790727840501631
7,XYt,230,45,0.026221867381043436,0.00963888212970778
7,XYt,231,45,0.026208075159128378,0.009539134225626952
7,XYt,232,44,0.027580759104333854,0.009944284400038386
7,XYt,233,44,0.027228847766342008,0.009640386021657002
7,XYt,234,43,0.028444595261861647,0.009903031056092913
7,XYt,235,43,0.02798714229468502,0.009542219475184672
7,XYt,236,42,0.028991784091243186,0.009710565260390928
7,XYt,237,41,0.029627828944514833,0.009769756363716164
7,XYt,238,40,0.030495364503471244,0.0099934509698918
7,XYt,239,40,0.030073957251460524,0.009821320336130512
7,XYt,240,40,0.03000750633911535,0.009751388553362
7,XYt,241,40,0.030016374544272882,0.009764384034698858
7,XYt,242,40,0.030042358114264894,0.009785635295377416
7,XYt,243,40,0.03005837903218529,0.009836386503413844
7,XYt,244,40,0.030059436744749486,0.00982029367515036
7,XYt,245,40,0.030146309153185703,0.00982309257538591
7,XYt,246,40,0.03012945084525423,0.00983391435348773
7,XYt,247,40,0.03025706988747338,0.009921429182982134
7,XYt,248,41,0.028881009774533582,0.00944343085270934
7,XYt,249,41,0.028960991028004233,0.009463908593767023
7,XYt,250,41,0.028920807944992126,0.009438991105453013
7,XYt,251,41,0.02893439233807662,0.0095027040197382
7,XYt,252,41,0.029049627840828936,0.009619314199569321
7,XYt,253,41,0.029060218927752637,0.009651877719781267
7,XYt,254,41,0.029085372058357678,0.009681684391060534
7,XYt,255,41,0.02897873496003038,0.009696415181098001
7,XYt,256,41,0.028345027152275132,0.009717792970004328
7,XYt,257,41,0.02689398705071398,0.009819811135257166
7,XYt,258,41,0.023533162826925476,0.009930000792190731
7,XYt,259,41,0.019457488050664284,0.009851847970244958
7,XYt,260,41,0.017279810749532092,0.009703082556724262
7,XYt,261,41,0.01674493940717257,0.009732995712637268
7,XYt,262,41,0.01657425441664485,0.009720598878663876
7,XYt,263,41,0.01655402893121347,0.009682768917758867
7,XYt,264,41,0.01645937812686888,0.009598072794224663
7,XYt,265,41,0.016328923692892322,0.00948387585267977
7,XYt,266,40,0.01711810395978878,0.009928854745023431
7,XYt,267,40,0.017145428462764154,0.009931315849154283
7,XYt,268,40,0.017226612888630023,0.009987843434271039
7,XYt,269,41,0.016411371223615894,0.009502425295274269
7,XYt,270,41,0.016460243454635756,0.009581248647867842
7,XYt,271,41,0.01655182887270808,0.009603597142391571
7,XYt,272,41,0.016481994872278402,0.00950412382544058
7,XYt,273,41,0.01656530390939857,0.00954250645299293
7,XYt,274,41,0.016644365374592195,0.009601361663667998
7,XYt,275,41,0.01678251668646876,0.00965879869358118
7,XYt,276,41,0.01676484950850261,0.009614060156895624
7,XYt,277,41,0.016693335160270068,0.009593829212120897
7,XYt,278,41,0.016605645011910815,0.009591555208625374
7,XYt,279,41,0.01655537597592605,0.009549206835283777
7,XYt,280,41,0.016468934485324136,0.009474093344032165
7,XYt,281,41,0.01650652503644453,0.009467567569018122
7,XYt,282,41,0.01658598265215868,0.009448881480389533
7,XYt,283,41,0.01680205083294304,0.009581986596221012
7,XYt,284,41,0.016977254869468085,0.00971014445353032
7,XYt,285,41,0.01706252589032177,0.009744035021997312
7,XYt,286,41,0.01709399697430221,0.009685707584373012
7,XYt,287,41,0.0170466120720088,0.009650312469445827
7,XYt,288,41,0.016999358673421217,0.009623877371073642
7,XYt,289,41,0.016862868831774888,0.009490429106518157
7,XYt,290,40,0.017689056264963823,0.009929799368146827
7,XYt,291,40,0.017584969161668424,0.009839404353198257
7,XYt,292,40,0.01754650579442109,0.009792156549845197
7,XYt,293,40,0.017480267806157614,0.009764157589642702
7,XYt,294,40,0.01753059956927538,0.00983079388634763
7,XYt,295,40,0.017586252844606923,0.009875517741018726
7,XYt,296,40,0.017587240235174113,0.009875160532374808
7,XYt,297,40,0.017647096514207643,0.0098390235992372
7,XYt,298,40,0.017707797829142453,0.009860255035299621
7,XYt,299,40,0.017815780589486657,0.009964199771122234
7,XYt,300,41,0.016962092430952116,0.009513278000447843
7,XYt,301,41,0.017040646130287215,0.009561251032938744
7,XYt,302,41,0.01703038634655038,0.009547232362521179
7,XYt,303,41,0.01694095810305782,0.009462055455524258
7,XYt,304,41,0.01684549092880754,0.009434957110892515
7,XYt,305,40,0.0177014740579329,0.009932370365198662
7,XYt,306,40,0.01770283197544256,0.009902102026880027
7,XYt,307,40,0.017715886347156155,0.009898739830052234
7,XYt,308,40,0.017822181238058534,0.009917986491148953
7,XYt,309,40,0.017888778123934867,0.009988446138221172
7,XYt,310,41,0.017076608215936106,0.009523547368466093
7,XYt,311,41,0.017072116066073673,0.009498468828357927
7,XYt,312,41,0.017092812660560182,0.00948875529692424
7,XYt,313,41,0.017108114124377866,0.009497163762178601
7,XYt,314,41,0.01718607255839062,0.009530443895338542
7,XYt,315,41,0.017135230015200696,0.009429504234339817
7,XYt,316,40,0.018055334936004922,0.009912769374592172
7,XYt,317,40,0.017916418615097306,0.009797315483298239
7,XYt,318,40,0.01787034079011987,0.009703468644871115
7,XYt,319,40,0.017770676867563635,0.009596775574326507
7,XYt,320,40,0.017907450219440745,0.009666985708228595
7,XYt,321,40,0.018060306587112294,0.009755248450049268
7,XYt,322,40,0.018251274733232948,0.009816506710954917
7,XYt,323,40,0.018406134634132074,0.009800426679823537
7,XYt,324,40,0.019023951172622896,0.009856704974385842
7,XYt,325,41,0.022895696380982416,0.009848482103459486
7,XYt,326,41,0.027945305124566996,0.009473017092593936
7,XYt,327,41,0.029922247906881264,0.009476556303924022
7,XYt,328,41,0.030728764731927642,0.009503165253769187
7,XYt,329,41,0.031061820964555842,0.009469861032817705
7,XYt,330,41,0.03116862699466922,0.009439553119916433
7,XYt,331,40,0.03296726287218138,0.009972944185064342
7,XYt,332,40,0.03285726681116644,0.009891055482173491
7,XYt,333,40,0.03295798290217877,0.00984741622399099
7,XYt,334,40,0.03300671256541038,0.009836324151229568
7,XYt,335,40,0.03332272314369644,0.009903052752124329
7,XYt,336,41,0.03168934707142531,0.009444902170403674
7,XYt,337,41,0.03185487598936859,0.009502379662614201
7,XYt,338,41,0.03203080589745414,0.009546764255228452
7,XYt,339,41,0.03269102925806835,0.009743221540708462
7,XYt,340,42,0.03154286018881686,0.009521368998326512
7,XYt,341,42,0.031833045980485,0.009743029887621565
7,XYt,342,42,0.032155988345635086,0.009959589740008849
7,XYt,343,43,0.030930798028456302,0.009679273627607479
7,XYt,344,43,0.03091582631499262,0.00987372602954762
7,XYt,345,44,0.02926922349979732,0.009458367088698244
7,XYt,346,44,0.029086808174505045,0.009575153712108729
7,XYt,347,44,0.02926323047875125,0.00975528008551852
7,XYt,348,44,0.02942459428172679,0.009955722350442632
7,XYt,349,45,0.02798262233967233,0.00950436427529296
7,XYt,350,45,0.02789144392502975,0.009550768204397923
7,XYt,351,45,0.02801265156970054,0.009651830365271579
7,XYt,352,45,0.0281661755075014,0.0098293358190918
7,XYt,353,45,0.02816441842439487,0.00996328585572763
7,XYt,354,45,0.02796619019197462,0.009987335351229051
7,XYt,355,46,0.026537868309987406,0.009439920604653325
7,XYt,356,46,0.02630467011297,0.00946337774741141
7,XYt,357,46,0.025997364148466512,0.00949581038407771
7,XYt,358,45,0.02638494919740041,0.009926335179365933
7,XYt,359,45,0.025690992810295115,0.009837780785647735
7,XYt,360,45,0.024927567787554922,0.009786983321632456
7,XYt,361,45,0.024482169579333867,0.009753064553779053
7,XYt,362,45,0.02381619249538271,0.009716034091069385
7,XYt,363,45,0.02365191037356084,0.009779107694812458
7,XYt,364,45,0.023228317667518705,0.009756153824642889
7,XYt,365,45,0.023043447055982068,0.009766861784665312
7,XYt,366,45,0.022750997140517433,0.009735927243817267
7,XYt,367,45,0.02267726312617522,0.009740883356051484
7,XYt,368,45,0.022584798897790418,0.009786777357474092
7,XYt,369,45,0.022483214600030787,0.009794038968056815
7,XYt,370,45,0.022303961135290682,0.009787251946666953
7,XYt,371,45,0.02220033306101649,0.009766381004720298
7,XYt,372,45,0.022027480482535645,0.00976838636454392
7,XYt,373,45,0.022024545102769386,0.009844645270277211
7,XYt,374,45,0.02195482450396773,0.009955745108801909
7,XYt,375,45,0.021739802045137167,0.009923357545000348
7,XYt,376,45,0.021199200116956893,0.009770262966824145
7,XYt,377,45,0.020749183166552235,0.00969187407015094
7,XYt,378,45,0.02022452447778323,0.009585652663914984
7,XYt,379,45,0.019822994643406398,0.0094788916902936
7,XYt,380,44,0.020736069203044293,0.009989357751729367
7,XYt,381,45,0.019638040937487066,0.009482594319889924
7,XYt,382,45,0.019719260553829457,0.009572751215613306
7,XYt,383,45,0.019887320238782206,0.009673616831646031
7,XYt,384,45,0.01980743604443847,0.00970269605059569
7,XYt,385,45,0.019262006876376334,0.009571865632597477
7,XYt,386,45,0.01888931316943488,0.009496390015516038
7,XYt,387,45,0.01889574728773269,0.009539240700760312
7,XYt,388,45,0.018982215883263216,0.009574673505837971
7,XYt,389,45,0.019073984800231807,0.009609204907084416
7,XYt,390,45,0.019114663335296087,0.009616237435354924
7,XYt,391,45,0.01913053998937345,0.009630138617861692
7,XYt,392,45,0.019138885480656835,0.009626737030199164
7,XYt,393,45,0.019095891981645418,0.009586172256511614
7,XYt,394,45,0.019157192168600328,0.009609119534191525
7,XYt,395,45,0.01921002398481731,0.009621327881028976
7,XYt,396,45,0.019413609921502116,0.009637131548741292
7,XYt,397,45,0.019542168653799253,0.009673104763105345
7,XYt,398,45,0.019663692187366185,0.009726809110332281
7,XYt,399,45,0.0195454419654598,0.009709620229799888
7,XYt,400,45,0.019591495839251835,0.009744068698418118
7,XYt,401,45,0.01951750203636619,0.009743557125004606
7,XYt,402,45,0.019493331370005744,0.009699567602574661
7,XYt,403,45,0.019398995027795463,0.009648405249085057
7,XYt,404,45,0.019454103271208778,0.009595807531336426
7,XYt,405,45,0.01941167426503329,0.009552711684821618
7,XYt,406,45,0.01957044171607578,0.009580614211472396
7,XYt,407,45,0.01972286608065499,0.00965737776185986
7,XYt,408,45,0.01995272747250401,0.009726741236236758
7,XYt,409,45,0.020176165635050657,0.009786639646461913
7,XYt,410,45,0.02042108963850211,0.009831931894871675
7,XYt,411,45,0.02002375569355244,0.009659313542663145
7,XYt,412,45,0.020063179952957092,0.00966710006951145
7,XYt,413,45,0.02019925573195456,0.009726184168811556
7,XYt,414,45,0.02042113138829588,0.009777277939109597
7,XYt,415,45,0.020645138500396055,0.009838007124415462
7,XYt,416,45,0.021096445984900732,0.009955420601071688
7,XYt,417,46,0.02051997743532157,0.009556213204966104
7,XYt,418,46,0.020916963244267606,0.0096651036040061
7,XYt,419,46,0.02108671079310051,0.009623753971824899
7,XYt,420,46,0.021114444384483014,0.009429295433272984
7,XYt,421,45,0.02224260127883706,0.009833329986890623
7,XYt,422,45,0.022345167071507736,0.00976638620463
7,XYt,423,45,0.022318529273249774,0.009675770614991792
7,XYt,424,45,0.02227174482869223,0.009600787962826159
7,XYt,425,45,0.022446513469206127,0.009612657401769375
7,XYt,426,45,0.022606045518144605,0.009617663632870468
7,XYt,427,45,0.02271769035799103,0.00957148280683332
7,XYt,428,45,0.02285244405794854,0.009603841609952169
7,XYt,429,45,0.023133130833081102,0.009639038973375832
7,XYt,430,45,0.023418111765448415,0.009631095503540348
7,XYt,431,45,0.023852222255343565,0.009672186364079228
7,XYt,432,45,0.02435970439197272,0.009749531958512319
7,XYt,433,45,0.024949590244162198,0.00982217149632808
7,XYt,434,45,0.025657443790331757,0.009879387662019536
7,XYt,435,45,0.02638110022927558,0.009937093663725284
7,XYt,436,46,0.025866658396637456,0.00951048445052278
7,XYt,437,46,0.026470188636013824,0.009574065971637345
7,XYt,438,46,0.026558624985511935,0.009511164226896088
7,XYt,439,46,0.026612773424143567,0.009438824729509217
7,XYt,440,45,0.02822046464095492,0.009923089061353335
7,XYt,441,45,0.028481580512982003,0.009870028038998183
7,XYt,442,45,0.028707677180025693,0.009819798405112089
7,XYt,443,45,0.028745699220641054,0.009718118176971007
7,XYt,444,45,0.028659122424752593,0.009587958625134806
7,XYt,445,45,0.02862205217654641,0.009458617787927287
7,XYt,446,44,0.030048825532834354,0.009850809817989196
7,XYt,447,44,0.03000399639513041,0.00967790535114372
7,XYt,448,44,0.02994298862991628,0.009481083528277883
7,XYt,449,43,0.031609311109377196,0.009795190419573179
7,XYt,450,43,0.03137867665249813,0.009462240826965332
7,XYt,451,42,0.03294481456210864,0.009685194541701369
7,XYt,452,41,0.03432700751030399,0.009851416940172343
7,XYt,453,41,0.03385083685059433,0.00949805343122291
7,XYt,454,40,0.035072925174197314,0.00959976457443384
7,XYt,455,39,0.03591030494074915,0.009659745460866334
7,XYt,456,39,0.03538455347579728,0.009460814322877265
7,XYt,457,39,0.035309708779594995,0.00943254831054968
7,XYt,458,39,0.035395477592596626,0.009483983360093385
7,XYt,459,39,0.035501327111428074,0.009529535933662556
7,XYt,460,39,0.03550530959149862,0.009554072540101098
7,XYt,461,39,0.035246543634859774,0.00951664461234765
7,XYt,462,39,0.03505633659694009,0.009488869336118658
7,XYt,463,39,0.03509993913161442,0.009498277994702296
7,XYt,464,39,0.03531402930501532,0.009581579712390422
7,XYt,465,39,0.034876347913156094,0.009667875508388593
7,XYt,466,39,0.033234612787820056,0.009759696431361476
7,XYt,467,40,0.027588477105475417,0.009476661421043838
7,XYt,468,40,0.022331667943644315,0.009478381878302355
7,XYt,469,39,0.020222153935837397,0.009778617130151613
7,XYt,470,39,0.019112559950207168,0.009563475872091744
7,XYt,471,39,0.018701471165110835,0.009465866606211857
7,XYt,472,39,0.018724800786188708,0.009465515811674947
7,XYt,473,39,0.01884090474717136,0.009463078049614888
7,XYt,474,39,0.018853428213689977,0.009456870189280682
7,XYt,475,38,0.019835286325399142,0.009992377488300227
7,XYt,476,38,0.019779040714179727,0.009968889962896034
7,XYt,477,38,0.019618969531285398,0.00987899935412164
7,XYt,478,38,0.01953856378560462,0.009840115398569958
7,XYt,479,38,0.01947859774830423,0.00979193114599682
7,XYt,480,38,0.019440079636911453,0.00975029763638193
7,XYt,481,38,0.019356311893527257,0.009662029695829553
7,XYt,482,38,0.019383499742380423,0.0096385882942614
7,XYt,483,38,0.01934960875271075,0.00963098112034459
7,XYt,484,38,0.019354387797491025,0.0096693857991127
7,XYt,485,38,0.019319123805816487,0.009677002747859023
7,XYt,486,38,0.0193003529310317,0.009710233363573864
7,XYt,487,38,0.019207235912156995,0.009706984601075393
7,XYt,488,38,0.019252792836985024,0.009791019105065465
7,XYt,489,38,0.019283985641037754,0.00984899853947989
7,XYt,490,38,0.019457215718902226,0.0099414587128804
7,XYt,491,38,0.019510487008487204,0.009984448291737552
7,XYt,492,39,0.018431906686172367,0.009464701505534731
7,XYt,493,39,0.018447705556903716,0.009490894229908692
7,XYt,494,39,0.018475586681088285,0.009498945895723938
7,XYt,495,39,0.018452417325857534,0.009467393855388313
7,XYt,496,39,0.018382774241492008,0.009404738172764984
7,XYt,497,38,0.019403111824892388,0.009894674549098238
7,XYt,498,38,0.019265041374019465,0.009745318652754463
7,XYt,499,38,0.019072971486831205,0.009580557941948887
7,XYt,500,38,0.018915739233114508,0.009442004402941736
7,XYt,501,37,0.019983253240464335,0.009937545350113843
7,XYt,502,37,0.01994073297796729,0.009912524644041555
7,XYt,503,37,0.019991014243833607,0.009942763217754022
7,XYt,504,37,0.019954095132632955,0.009951881720702044
7,XYt,505,37,0.019970232946281426,0.009954180939092413
7,XYt,506,37,0.019938447555155128,0.009908551360765912
7,XYt,507,37,0.019991979757436974,0.0099342211025319
7,XYt,508,37,0.020019017353417226,0.009966552982099931
7,XYt,509,38,0.01899933871769794,0.009470211666399414
7,XYt,510,38,0.019018037970839657,0.009533650377947653
7,XYt,511,38,0.019096464399026042,0.009610728888872107
7,XYt,512,38,0.01908214871679371,0.009613592865496054
7,XYt,513,38,0.01912173358309411,0.009681943026203505
7,XYt,514,38,0.019053331134024014,0.00969298687738586
7,XYt,515,38,0.019092237275790812,0.009737101213947778
7,XYt,516,38,0.01898559333662733,0.0096833200108945
7,XYt,517,38,0.018954676223245117,0.009660519872584218
7,XYt,518,38,0.01885403166610823,0.009620584829258122
7,XYt,519,38,0.01883396901034675,0.009587018215260916
7,XYt,520,38,0.01874788954031944,0.0095119080232017
7,XYt,521,38,0.018714691979735208,0.009456344318210685
7,XYt,522,37,0.01961720582247306,0.009854679927941423
7,XYt,523,37,0.019576547027466813,0.009752912748204653
7,XYt,524,37,0.01954003501243476,0.009693584943376207
7,XYt,525,37,0.019609624302539846,0.009714459875697464
7,XYt,526,37,0.01949078991545435,0.009662466748453521
7,XYt,527,37,0.019217117429927922,0.009581581750929633
7,XYt,528,37,0.01880460764463052,0.009466219038455109
7,XYt,529,37,0.018653672304479552,0.00940303955426041
7,XYt,530,36,0.019856579146150157,0.009943256684616054
7,XYt,531,37,0.019040759869171652,0.009416594617055478
7,XYt,532,37,0.019768116733369964,0.009588973496082915
7,XYt,533,37,0.021583797523199763,0.009984959651583584
7,XYt,534,38,0.02414730462525252,0.009897261380448153
7,XYt,535,38,0.029180545231340085,0.009876298570737106
7,XYt,536,37,0.03448344921558271,0.009917073043916614
7,XYt,537,37,0.036487551310038474,0.009748471289143782
7,XYt,538,37,0.038075283918346525,0.009831893354140267
7,XYt,539,38,0.03720085682746564,0.009446162349429127
7,XYt,540,38,0.03851080531164125,0.009865593768247754
7,XYt,541,39,0.03624469730720801,0.009536866842202939
7,XYt,542,39,0.035393508924667284,0.009523389443129039
7,XYt,543,38,0.03639722849484687,0.009981516955004786
7,XYt,544,38,0.03603053595922636,0.009966427946219703
7,XYt,545,39,0.034323063038514436,0.009540254612103265
7,XYt,546,39,0.035228872253282584,0.009982691784414662
7,XYt,547,40,0.03386143006052327,0.009942760074574494
7,XYt,548,41,0.031607205399038364,0.00963559349884451
7,XYt,549,41,0.03108729868826608,0.009749191771500645
7,XYt,550,41,0.03059821091665393,0.009797865715529326
7,XYt,551,41,0.03021612110288189,0.009830594800787682
7,XYt,552,41,0.03002561101650905,0.009889537172694366
7,XYt,553,41,0.029889305170796267,0.009957939868887588
7,XYt,554,42,0.028260193363233543,0.009493613716444794
7,XYt,555,42,0.028150764311523517,0.009534317439967637
7,XYt,556,42,0.02806931397676928,0.009578206966860509
7,XYt,557,42,0.02793068131990805,0.00959561619084383
7,XYt,558,42,0.027671258054622328,0.009591149952625845
7,XYt,559,42,0.02722105949258801,0.009540689054057432
7,XYt,560,41,0.027834031700109958,0.009958672263390823
7,XYt,561,41,0.02657440854997654,0.009695609791796456
7,XYt,562,41,0.025871550249058062,0.00949730443661738
7,XYt,563,41,0.026002601376038353,0.009677771742101889
7,XYt,564,41,0.02616298420223636,0.009946253498354126
7,XYt,565,42,0.024679501592936,0.00968641620003996
7,XYt,566,42,0.024102275064322623,0.009801438283615703
7,XYt,567,42,0.0235670474989508,0.009873853030622068
7,XYt,568,42,0.023048129845129318,0.009882002213877231
7,XYt,569,42,0.02257700220050235,0.0098370302566818
7,XYt,570,42,0.022024517807685526,0.00972771552549023
7,XYt,571,42,0.021316005943001502,0.009500558288332555
7,XYt,572,41,0.021695347275509338,0.009720125455970011
7,XYt,573,40,0.022297912892122067,0.009978173687401158
7,XYt,574,40,0.02212100019613955,0.009840978429840387
7,XYt,575,40,0.02218580314426614,0.009794880932917936
7,XYt,576,40,0.02247991079392985,0.00986218743660417
7,XYt,577,40,0.022725628129598004,0.009926608691195023
7,XYt,578,41,0.021712593049900884,0.009467092221537191
7,XYt,579,41,0.02192880642722139,0.00951550748764743
7,XYt,580,41,0.02208220175049976,0.009534447323151172
7,XYt,581,41,0.022239330272858893,0.009605655600772107
7,XYt,582,41,0.0222252694666233,0.009689998412622407
7,XYt,583,41,0.022117560712498752,0.009745584417757417
7,XYt,584,41,0.021991015970255712,0.009801316322736316
7,XYt,585,41,0.021848622087459964,0.009870357728858062
7,XYt,586,41,0.021678155559727644,0.009980135316451241
7,XYt,587,42,0.020696498577766228,0.009828951892968668
7,XYt,588,43,0.019417347909764165,0.009512453409484619
7,XYt,589,43,0.018920858375920644,0.009612955280853458
7,XYt,590,43,0.018121653275527005,0.009518893009904725
7,XYt,591,42,0.018444777715411354,0.009919544159876907
7,XYt,592,42,0.01805464236808093,0.009836547743535495
7,XYt,593,42,0.017904484271793416,0.009782195929347086
7,XYt,594,42,0.017774311687267168,0.009695150057354909
7,XYt,595,42,0.017807539554290184,0.009701964062424974
7,XYt,596,42,0.017872965058792566,0.009672488468018202
7,XYt,597,42,0.0179430797450884,0.009604272362108432
7,XYt,598,42,0.017998812876166864,0.009504884612609283
7,XYt,599,41,0.01906405815760774,0.00994358198217944
7,XYt,600,41,0.019172577838225232,0.009842468112091312
7,XYt,601,41,0.01933346991281532,0.009778055027846915
7,XYt,602,41,0.01946930627764253,0.009740972787600867
7,XYt,603,41,0.01953709507872366,0.009731323481631636
7,XYt,604,41,0.01968267554295159,0.009756118988696213
7,XYt,605,41,0.019772514890450125,0.009783240563985924
7,XYt,606,41,0.0198483670144076,0.009804629850940173
7,XYt,607,41,0.01986893108087365,0.009813353639215221
7,XYt,608,41,0.01988563092044685,0.009816333998836727
7,XYt,609,41,0.019837155886932894,0.009813684038851198
7,XYt,610,41,0.0197850391650808,0.009824558726449368
7,XYt,611,41,0.019669881776567675,0.009874778783494626
7,XYt,612,41,0.019532901665470673,0.009929775370087952
7,XYt,613,41,0.0193087512525948,0.009976648274852196
7,XYt,614,42,0.018061176992867668,0.009477389376629895
7,XYt,615,42,0.017856613648128572,0.009513573653106174
7,XYt,616,42,0.017660202388671317,0.009517108864994867
7,XYt,617,42,0.017446123712620675,0.009469731501363664
7,XYt,618,42,0.017493443281437464,0.009514215844726677
7,XYt,619,42,0.01758985851308477,0.009619168811614797
7,XYt,620,42,0.017472487426222913,0.009577835406982258
7,XYt,621,42,0.01761595832364223,0.009584472778487502
7,XYt,622,42,0.01811585378467732,0.009665454834003056
7,XYt,623,42,0.018775839148619227,0.009670623188962441
7,XYt,624,42,0.019231388029589454,0.009514979520025172
7,XYt,625,42,0.019861345744918456,0.009483681018131103
7,XYt,626,41,0.02145804148321991,0.009959850179705158
7,XYt,627,41,0.02151205655122492,0.009798108924276306
7,XYt,628,41,0.021765638424088556,0.009808153753753525
7,XYt,629,41,0.022037727704865926,0.009767390535280909
7,XYt,630,41,0.022208467642393384,0.009690259647809688
7,XYt,631,41,0.02217634372226896,0.009578209413968898
7,XYt,632,41,0.022048888627942395,0.009548077270818457
7,XYt,633,41,0.021760561434988206,0.00948078026975479
7,XYt,634,40,0.022756613834814473,0.009962916501911605
7,XYt,635,40,0.02247301155457529,0.00986744832047454
7,XYt,636,40,0.022134982923594473,0.009803815420579592
7,XYt,637,40,0.021807163801711753,0.009763221747748914
7,XYt,638,40,0.021721767400763908,0.00978576024609866
7,XYt,639,40,0.021699680363354488,0.009827725295567576
7,XYt,640,40,0.02198005662752937,0.009977450555032595
7,XYt,641,41,0.021366099763895717,0.009675271580763162
7,XYt,642,41,0.02210707098157537,0.009915265596365373
7,XYt,643,42,0.021472114943241097,0.009488376117040447
7,XYt,644,42,0.02194094807341247,0.009511247603976224
7,XYt,645,42,0.02234038114400887,0.009476522089080555
7,XYt,646,41,0.02403154285390548,0.009940738804367067
7,XYt,647,41,0.024434361331853074,0.009780374340404697
7,XYt,648,41,0.024685658552149024,0.009503050975052676
7,XYt,649,40,0.026074208579566743,0.009713675688567989
7,XYt,650,40,0.026191338329541798,0.009554516166466857
7,XYt,651,40,0.026237407174778345,0.009487389601961374
7,XYt,652,40,0.02748598321137655,0.009856182996931381
7,XYt,653,41,0.02720967045695369,0.009557360201226243
7,XYt,654,41,0.027747243094488384,0.00964514011633357
7,XYt,655,41,0.027964954148431125,0.009670506849549803
7,XYt,656,41,0.028026772552633573,0.00965436775399944
7,XYt,657,41,0.02808953063272624,0.009628411196444593
7,XYt,658,41,0.028096405242994855,0.009595373956449764
7,XYt,659,41,0.028134570289158063,0.00954937128807215
7,XYt,660,41,0.02819956814106311,0.009491768847118803
7,XYt,661,40,0.03004289949937144,0.009977787266391317
7,XYt,662,40,0.030484091835767262,0.009924995452851323
7,XYt,663,40,0.031237788584275453,0.00988976746199419
7,XYt,664,40,0.03203219085257606,0.009810366401175401
7,XYt,665,40,0.03304946698470288,0.009688551413031396
7,XYt,666,39,0.0353601171954628,0.009882149664588964
7,XYt,667,38,0.036932323150421144,0.009915061115011288
7,XYt,668,38,0.036236182608640755,0.009492805524270082
7,XYt,669,37,0.0382200048243419,0.009932288950007253
7,XYt,670,37,0.03809043547412845,0.009841773510801653
7,XYt,671,37,0.03778327060482445,0.009697340550846752
7,XYt,672,36,0.03904141414368496,0.00989039944624355
7,XYt,673,36,0.03782750511322859,0.009625950160759816
7,XYt,674,36,0.03619077564352071,0.009522863553386168
7,XYt,675,36,0.03425200545140623,0.009710866572646712
7,XYt,676,37,0.03011676760496221,0.009491881203864454
7,XYt,677,37,0.027005317231694366,0.00954268944289515
7,XYt,678,36,0.024995606918200665,0.009904512194188751
7,XYt,679,36,0.02250458292182007,0.009767512119876937
7,XYt,680,36,0.020789704062575052,0.009541317547226818
7,XYt,681,35,0.020899675383220927,0.00994436846686031
7,XYt,682,35,0.020122232416124486,0.009785513536749987
7,XYt,683,35,0.019581153431045915,0.009666832146780878
7,XYt,684,35,0.019133502265747213,0.009519527866468728
7,XYt,685,35,0.018825994170619573,0.009435311939766912
7,XYt,686,34,0.019847344404549695,0.009984828586330208
7,XYt,687,34,0.01983704325339221,0.009980749836534165
7,XYt,688,35,0.018736274608295276,0.009395458704295305
7,XYt,689,35,0.018843540934850803,0.00942680064859167
7,XYt,690,35,0.019088056692352372,0.009511919933326497
7,XYt,691,35,0.01937319721389553,0.009598137101161182
7,XYt,692,35,0.019610660811841964,0.009671477513648413
7,XYt,693,35,0.01971188808704431,0.009700035584958532
7,XYt,694,35,0.019820910278412526,0.009721310175018736
7,XYt,695,35,0.019729561170843447,0.009685122342477426
7,XYt,696,35,0.019536472646233524,0.009612159155001977
7,XYt,697,35,0.019332563101170104,0.009555586509152844
7,XYt,698,35,0.019185924541963512,0.009500453846807377
7,XYt,699,35,0.019055257360150745,0.009463582494167922
7,XYt,700,35,0.018911057077211486,0.009422703393818522
7,XYt,701,35,0.018898300830680868,0.00943744518613763
7,XYt,702,35,0.018792395693028454,0.00940553482674129
7,XYt,703,35,0.01886948770827437,0.0094482952132791
7,XYt,704,35,0.018826180301895142,0.009457523666233123
7,XYt,705,35,0.019043405378945322,0.009555741449515699
7,XYt,706,35,0.019309990331173525,0.00966919793470326
7,XYt,707,35,0.020038899974499726,0.009998336864383834
7,XYt,708,37,0.019168451380586003,0.009626195683914488
7,XYt,709,43,0.017722197866936025,0.009626145362323587
7,XYt,710,39,0.019295357729137368,0.009439229903610208
7,XYt,711,39,0.019589605188583614,0.009402044916182302
7,XYt,712,38,0.0201241866140785,0.009652380796509423
7,XYt,713,38,0.019968680404111393,0.00962503375622341
7,XYt,714,38,0.019772317032222268,0.009738346045418976
7,XYt,715,38,0.019121699225318353,0.009988970199052885
7,XYt,716,38,0.017237430416441945,0.009663873187899817
7,XYt,717,37,0.016546715111508528,0.009794915631006457
7,XYt,718,37,0.0161606942184535,0.009931358724239343
7,XYt,719,38,0.016056641381699426,0.009982419809226074
7,XYt,720,39,0.016485188509981465,0.009977015945666187
7,XYt,721,41,0.016505740140569755,0.009772125616965941
7,XYt,722,42,0.01670510495524228,0.009975636816538395
7,XYt,723,43,0.016712430689166575,0.009890853659980318
7,XYt,724,45,0.015918218375945255,0.009339787794512187
7,XYt,725,45,0.016832672842026955,0.009966034798106297
7,XYt,726,46,0.015583742652550922,0.009558091002313512
7,XYt,727,46,0.014598816165854608,0.009479560133024074
7,YZt,0,5,0.327111648472272,0.009356073773954334
7,YZt,1,29,0.043790709617486594,0.00962532214954669
7,YZt,2,29,0.038869594447554764,0.009906104543874082
7,YZt,3,29,0.036854482796851766,0.009853588156578275
7,YZt,4,29,0.035696339638616986,0.00991486428435711
7,YZt,5,30,0.034185852611510366,0.009899227486182969
7,YZt,6,30,0.03512379571957493,0.009850985381379915
7,YZt,7,30,0.03776773100263815,0.009876140917952077
7,YZt,8,31,0.037268038089928214,0.009554678366777676
7,YZt,9,31,0.03869523788669619,0.009588242255043292
7,YZt,10,31,0.039181315741146396,0.009667198785129071
7,YZt,11,31,0.0410079418880758,0.00990051951784445
7,YZt,12,31,0.04199962460162805,0.009988220247231356
7,YZt,13,32,0.039774517346892156,0.009491626855922414
7,YZt,14,32,0.040832244123675435,0.009787848186929793
7,YZt,15,32,0.04216285794274515,0.009618849774239545
7,YZt,16,32,0.04337147006088568,0.009833885694966469
7,YZt,17,32,0.043891845637070125,0.009980683521629471
7,YZt,18,33,0.04186599016418618,0.009398601449701227
7,YZt,19,33,0.0426932641424483,0.009697439131274075
7,YZt,20,33,0.04351252111044798,0.009537810734125183
7,YZt,21,33,0.044001764653437705,0.00977984606351001
7,YZt,22,33,0.045507689745559826,0.009751442120245809
7,YZt,23,33,0.045267810739865876,0.009967976029632555
7,YZt,24,34,0.0441929621120654,0.009467938387144473
7,YZt,25,34,0.0448877431852895,0.009402255450158508
7,YZt,26,34,0.04475438743668732,0.009595949085950612
7,YZt,27,34,0.045735488476956854,0.009671596668777796
7,YZt,28,34,0.046828440205207295,0.009627864495680427
7,YZt,29,34,0.04647616419887263,0.009827037034811578
7,YZt,30,34,0.04763940873090872,0.009915644379475078
7,YZt,31,34,0.048085308188962006,0.009959825581668793
7,YZt,32,35,0.04635646964380541,0.009485200044884772
7,YZt,33,35,0.04737372679551716,0.009584106876788208
7,YZt,34,35,0.04825604380887686,0.00956309767078008
7,YZt,35,35,0.048189139154972846,0.009877012214768383
7,YZt,36,36,0.04653942738770015,0.00948475288223292
7,YZt,37,36,0.04712255201479725,0.009732438315113149
7,YZt,38,36,0.04722965007729753,0.009964742300473606
7,YZt,39,37,0.04436669818262287,0.009567604652099378
7,YZt,40,37,0.04371766982593273,0.009793010814680675
7,YZt,41,37,0.04271330686819406,0.009999997426487408
7,YZt,42,38,0.03996135139678968,0.00953168849088889
7,YZt,43,38,0.038710779581392345,0.00962218930841081
7,YZt,44,38,0.03748256624060078,0.00976055622444886
7,YZt,45,38,0.03607947544879251,0.009840979110345104
7,YZt,46,38,0.03472740046344617,0.009901472649529683
7,YZt,47,38,0.033495943662921426,0.009956796028680576
7,YZt,48,39,0.030851670439930024,0.00945222438607765
7,YZt,49,39,0.030537019946455135,0.00954118740662358
7,YZt,50,39,0.02996036909100312,0.00951507570826628
7,YZt,51,39,0.029430060454265366,0.00950183129007292
7,YZt,52,39,0.02917948285570915,0.009480875509986404
7,YZt,53,39,0.029293623364624696,0.009488144614007847
7,YZt,54,39,0.02937610412004442,0.009523471423992664
7,YZt,55,39,0.029603438207653196,0.009526728991515706
7,YZt,56,39,0.030091783493109963,0.009554552788815871
7,YZt,57,39,0.030826109986693606,0.009571928483125384
7,YZt,58,39,0.03138778775316431,0.00958284439703178
7,YZt,59,39,0.03223654808223719,0.00957754401051663
7,YZt,60,39,0.03347165088504656,0.009629582105100405
7,YZt,61,39,0.03414992051788587,0.00976711553596654
7,YZt,62,40,0.03350179548815421,0.009534319020350492
7,YZt,63,41,0.032512842080819,0.009710682269274103
7,YZt,64,43,0.028084905171111424,0.009708160174136818
7,YZt,65,45,0.023685913576859736,0.00942498639939326
7,YZt,66,45,0.020799465835645035,0.009437414732324689
7,YZt,67,44,0.01849121999455714,0.009442422324924458
7,YZt,68,43,0.01656037234407173,0.009461796884903074
7,YZt,69,42,0.015528015091638425,0.009750110873077932
7,YZt,70,42,0.014295488553357435,0.009693340839265594
7,YZt,71,42,0.013275686298699048,0.009695428191526209
7,YZt,72,42,0.012774841976509705,0.00983017527168024
7,YZt,73,42,0.012133581175533618,0.009923045475660353
7,YZt,74,43,0.011124860928707467,0.009427501672410242
7,YZt,75,43,0.010798647558439243,0.009530224950095924
7,YZt,76,43,0.01059281855220534,0.009671180917750499
7,YZt,77,43,0.010336336806709671,0.009804030931309835
7,YZt,78,43,0.010308808502367465,0.00999292474264888
7,YZt,79,44,0.009588359714943973,0.009545493094861702
7,YZt,80,44,0.009617247539361445,0.009745285725105555
7,YZt,81,44,0.009647095511862045,0.009952553329502109
7,YZt,82,45,0.009114779316276448,0.00948408327557893
7,YZt,83,45,0.00923663939712359,0.009622238026750352
7,YZt,84,45,0.009299093270455838,0.009739253793498517
7,YZt,85,45,0.00943559091501245,0.009840309357519152
7,YZt,86,46,0.009007445787406695,0.00940100802543667
7,YZt,87,46,0.009193837608461796,0.009580417091941053
7,YZt,88,46,0.009426690651034329,0.009770836198060674
7,YZt,89,46,0.009586419002779557,0.00995412605246488
7,YZt,90,47,0.009181112908218922,0.009519476160278055
7,YZt,91,47,0.009329585145847917,0.00964310189247827
7,YZt,92,47,0.009427215783058262,0.009768309638451989
7,YZt,93,47,0.009579725075540406,0.009913589321464888
7,YZt,94,48,0.009191882519762586,0.009509271587670065
7,YZt,95,48,0.009325282537582063,0.009640509150126292
7,YZt,96,48,0.009473888286054168,0.009778804604544947
7,YZt,97,48,0.009649634037443457,0.009895841021874796
7,YZt,98,49,0.00922002227838416,0.009499363603755903
7,YZt,99,49,0.009332068961230377,0.009582346754952759
7,YZt,100,49,0.009460800706896012,0.00965629847447134
7,YZt,101,49,0.009654825619840329,0.009764103349499578
7,YZt,102,50,0.009271276590875389,0.009440042859917614
7,YZt,103,50,0.009442943939227408,0.009549722333287682
7,YZt,104,50,0.009626083342523638,0.009637701464834121
7,YZt,105,50,0.009815565566073083,0.00971426771261923
7,YZt,106,50,0.010082549070491938,0.009831314032984787
7,YZt,107,51,0.009772878485358611,0.009648989768298108
7,YZt,108,51,0.010073102640492507,0.009784542379047675
7,YZt,109,51,0.010444200115165461,0.009918074888433761
7,YZt,110,52,0.010203900678291392,0.009505608234565517
7,YZt,111,52,0.010549532517470227,0.009570273709173883
7,YZt,112,52,0.010859966322831984,0.009588944745697565
7,YZt,113,52,0.01111624224796859,0.009612407294641717
7,YZt,114,54,0.010012365376041395,0.00950453995544171
7,YZt,115,53,0.010613707166737084,0.009992411500593058
7,YZt,116,53,0.010576669699006584,0.009980068997463225
7,YZt,117,54,0.009992931486383187,0.009511922397488387
7,YZt,118,54,0.01007039823859707,0.009615520397718267
7,YZt,119,54,0.01014585102274062,0.009750481763296383
7,YZt,120,54,0.010158911720691716,0.009865571876703089
7,YZt,121,54,0.010059340181053079,0.00991915348567144
7,YZt,122,54,0.009850692602633878,0.009892421806592297
7,YZt,123,54,0.009602953645492102,0.009827633870966121
7,YZt,124,54,0.009350045380289317,0.0097427777429404
7,YZt,125,54,0.009112600106136808,0.009647990002613342
7,YZt,126,54,0.00893894193469256,0.009577109317448077
7,YZt,127,54,0.0088400277643888,0.009517202158455288
7,YZt,128,53,0.009341308181316853,0.009991813336488697
7,YZt,129,53,0.00935580369803944,0.009959376754893981
7,YZt,130,53,0.00937628366449307,0.009920494113630815
7,YZt,131,53,0.0093922344559008,0.009885602409245789
7,YZt,132,53,0.009414921009726008,0.009843098654209926
7,YZt,133,53,0.009436307193465788,0.009795097437864901
7,YZt,134,53,0.009493605196218132,0.009761779713748647
7,YZt,135,53,0.009561533934780427,0.009733085675360367
7,YZt,136,53,0.00962973344391772,0.009719171995587328
7,YZt,137,53,0.009719684499300543,0.009720210657680866
7,YZt,138,53,0.009818018698799962,0.009734331536310955
7,YZt,139,53,0.009944048789859581,0.009774007325237774
7,YZt,140,53,0.010036505003504928,0.009820596166869599
7,YZt,141,53,0.01004187283085138,0.009836028327564408
7,YZt,142,53,0.009996791825943853,0.009825104876970959
7,YZt,143,53,0.009916492129897977,0.009805733333714562
7,YZt,144,53,0.009805788544241923,0.009756748705026403
7,YZt,145,53,0.009634208915042927,0.009650704485294788
7,YZt,146,51,0.010613973867312542,0.009539851973735278
7,YZt,147,50,0.01102574297290606,0.00994716045091878
7,YZt,148,50,0.010817811435425368,0.009819663600956019
7,YZt,149,50,0.010642774454986731,0.009706262998092291
7,YZt,150,50,0.010528467226254635,0.009621853493146008
7,YZt,151,50,0.010442270677916443,0.00954734067628598
7,YZt,152,50,0.010384843618543277,0.009441439992728978
7,YZt,153,49,0.010987220402571047,0.009583798842408049
7,YZt,154,48,0.011601045122192157,0.009981310867598337
7,YZt,155,48,0.011489652147506189,0.009729882857210468
7,YZt,156,48,0.011286643851184924,0.009436855606507501
7,YZt,157,47,0.01170949035389098,0.00964801516431648
7,YZt,158,46,0.011996026694715523,0.009665090323647292
7,YZt,159,45,0.012139083073124207,0.009862125756827576
7,YZt,160,45,0.01157462078276273,0.009554715747805668
7,YZt,161,44,0.011831260309604779,0.00993701908267247
7,YZt,162,44,0.01135721590229386,0.009637762843748267
7,YZt,163,44,0.010930532367569573,0.009487928162973582
7,YZt,164,43,0.011267541480199693,0.009968854974650504
7,YZt,165,43,0.010937784101864226,0.009849706682571964
7,YZt,166,43,0.010594896936618556,0.009723253086448927
7,YZt,167,43,0.010274313461005252,0.009628708414283827
7,YZt,168,43,0.010024765852760959,0.009568606984467164
7,YZt,169,43,0.009743831941112694,0.009539219873849702
7,YZt,170,43,0.009466096362361733,0.009462636741779735
7,YZt,171,42,0.009889992469631619,0.009997251347422305
7,YZt,172,42,0.009687137005843213,0.009936723673304093
7,YZt,173,42,0.00967165424335691,0.009908481633891774
7,YZt,174,42,0.009749290304073366,0.0098702562391552
7,YZt,175,42,0.009789177454191701,0.009834297688648106
7,YZt,176,42,0.009937388919163733,0.009776695667109056
7,YZt,177,42,0.010036977088635875,0.009678588763972425
7,YZt,178,42,0.010305225035489396,0.009627843628624002
7,YZt,179,42,0.010619233649572993,0.009514614992957039
7,YZt,180,41,0.011610625556488752,0.009971962011926646
7,YZt,181,41,0.012133744924961672,0.00990094113915571
7,YZt,208,36,0.04793964594966337,0.009444356546813103
7,YZt,209,36,0.0481703410783141,0.009428635501542323
7,YZt,210,36,0.04812285983392619,0.009459485124137246
7,YZt,211,35,0.04998911404248272,0.00997694155117426
7,YZt,212,35,0.04997703101102233,0.009922251338932833
7,YZt,213,35,0.050292336379292986,0.009911969628837157
7,YZt,214,35,0.05049475602425202,0.009887624904136132
7,YZt,215,35,0.05061902079057342,0.009879486120557845
7,YZt,216,35,0.05026830879663831,0.009807001832595448
7,YZt,217,35,0.05018855424667191,0.009830162214330064
7,YZt,218,35,0.04885206034247034,0.009821757062118729
7,YZt,219,35,0.048567167155440065,0.009712758425268522
7,YZt,220,35,0.048041633966946766,0.009601394794280555
7,YZt,221,35,0.04756435229258516,0.00955716739028096
7,YZt,222,35,0.04704110647520608,0.009480620337003458
7,YZt,223,35,0.046486941007129426,0.009398089895028893
7,YZt,224,34,0.04863184764798424,0.009963425550129353
7,YZt,225,34,0.04922332024827486,0.009749778891472145
7,YZt,226,34,0.048691322325228804,0.009839582275329453
7,YZt,227,34,0.04781696132408761,0.009726660050623002
7,YZt,228,34,0.04694043993296859,0.009649719066288238
7,YZt,229,34,0.04623365260300987,0.009588667713275826
7,YZt,230,34,0.04530666254844813,0.009508300270387533
7,YZt,231,33,0.048442915848631515,0.009942277696996016
7,YZt,232,33,0.047145419769054224,0.00997801993736918
7,YZt,233,33,0.046164459227837545,0.009886635440467407
7,YZt,182,41,0.012716846487794625,0.009845333377078101
7,YZt,183,41,0.013626692231639514,0.00985823066148798
7,YZt,184,41,0.01482035708277207,0.009941985250508411
7,YZt,185,42,0.015752903398106626,0.009627228899629057
7,YZt,186,43,0.017408107584856093,0.009524349202018683
7,YZt,187,44,0.02091574309524584,0.009751301907159917
7,YZt,188,45,0.0239191472649063,0.009432464829464537
7,YZt,189,43,0.031229453639963326,0.009903136887193999
7,YZt,190,41,0.03867221386684297,0.009584393939613928
7,YZt,191,39,0.04477577929978989,0.009504657386885464
7,YZt,192,38,0.04739878532347648,0.009436914743538607
7,YZt,193,37,0.049771729840295695,0.009778732696983372
7,YZt,194,37,0.05070323789045895,0.009727245260379576
7,YZt,195,37,0.04882731874602975,0.009492799762979079
7,YZt,196,36,0.05169667086710975,0.009980997199542808
7,YZt,197,36,0.050572450350773,0.009941081474746306
7,YZt,198,36,0.04990880744713337,0.009851666870801828
7,YZt,199,36,0.050006967518125986,0.009809754519710364
7,YZt,200,36,0.0488666681732605,0.009783249862056828
7,YZt,201,36,0.048871202967062696,0.009785227355238024
7,YZt,202,36,0.049015773021503194,0.0097460519083547
7,YZt,203,36,0.0481237418196723,0.009657450515221105
7,YZt,204,36,0.04811234244931194,0.009602237261531076
7,YZt,205,36,0.048338036582189645,0.009578866323432226
7,YZt,206,36,0.04871902142683819,0.009530787088765324
7,YZt,207,36,0.04804193280822433,0.009489841054433124
7,YZt,234,33,0.04629240003877511,0.009674930974546456
7,YZt,235,33,0.04494281826074856,0.00969112462234944
7,YZt,236,33,0.04362379774765259,0.009636945198208076
7,YZt,237,33,0.043996606372246616,0.009453144201079162
7,YZt,238,33,0.042525175310426294,0.009487625829078724
7,YZt,239,32,0.04487346149029231,0.009914977981694342
7,YZt,240,33,0.04146621931360962,0.009432243846555052
7,YZt,241,32,0.04301140850597206,0.009754777452710396
7,YZt,242,32,0.04256473933493133,0.009694428897487504
7,YZt,243,32,0.04209494242657063,0.009539377537112413
7,YZt,244,32,0.04075392638784107,0.009362191341675501
7,YZt,245,32,0.04001313209523088,0.009596732716385057
7,YZt,246,31,0.041541185459525634,0.009966381414329506
7,YZt,247,31,0.04114257177299615,0.009808679254349759
7,YZt,248,31,0.040019721262079914,0.009699011793819327
7,YZt,249,31,0.038370319601366484,0.009502733089770907
7,YZt,250,31,0.03773984901910503,0.009415800854720553
7,YZt,251,31,0.03609064844847758,0.009376093425321702
7,YZt,252,30,0.03686821533818727,0.00971374089628458
7,YZt,253,30,0.03488819951828681,0.009756789315729987
7,YZt,254,30,0.034254004316875586,0.009816835242175862
7,YZt,255,29,0.03584670361978607,0.009972371099268651
7,YZt,256,29,0.0368391894160959,0.009889688743270475
7,YZt,257,29,0.038768096876596846,0.00991202818333787
7,YZt,258,29,0.04356410727436756,0.009612001466305491
7,YZt,259,5,0.3254925201602964,0.009260540220831136
7,XZt,0,5,0.32820051996297916,0.008910709455305194
7,XZt,1,28,0.043268003940889796,0.00982586426827123
7,XZt,2,29,0.034581315545431014,0.009425740430101822
7,XZt,3,29,0.03262097837310154,0.009466677510881212
7,XZt,4,29,0.031635632336962836,0.009486267560479027
7,XZt,5,30,0.031268698724956474,0.009541831365932157
7,XZt,6,30,0.03262349793272918,0.009569898750581389
7,XZt,7,30,0.03653271473819061,0.009766560714279728
7,XZt,8,31,0.03634295304619011,0.009419676575675238
7,XZt,9,31,0.037900614199133376,0.009444020021854196
7,XZt,10,31,0.038445570910925715,0.009483644887092262
7,XZt,11,31,0.04001541973471422,0.0097035965515145
7,XZt,12,31,0.04130493498619849,0.009834983171565684
7,XZt,13,32,0.039139094274546635,0.00936052095294538
7,XZt,14,32,0.040383291280121074,0.009718053974868539
7,XZt,15,32,0.041657970621383246,0.00952902648857844
7,XZt,16,32,0.04345610451905763,0.009835439944500271
7,XZt,17,32,0.04401779800429805,0.009951374605559733
7,XZt,18,33,0.042010585702485566,0.009368092843192885
7,XZt,19,33,0.043085471180204046,0.009694202084843723
7,XZt,20,33,0.04410695214020063,0.009576342146758466
7,XZt,21,33,0.044280453542312914,0.009747202215390658
7,XZt,22,33,0.0458354143085986,0.009698803501174368
7,XZt,23,33,0.04537441526531971,0.009882933527816771
7,XZt,24,34,0.04445179463251979,0.009474640789229095
7,XZt,25,33,0.04800484086303919,0.009957843531100474
7,XZt,26,34,0.044854450710800416,0.009474416372331759
7,XZt,27,34,0.04569886710480454,0.009533569772435222
7,XZt,28,34,0.04658747699665428,0.009417863502129893
7,XZt,29,34,0.04655479379339292,0.009652772728360034
7,XZt,30,34,0.04720113912830287,0.009723066549819545
7,XZt,31,34,0.047717778821349505,0.009789900567685979
7,XZt,32,34,0.04863552793272091,0.009984221192394676
7,XZt,33,34,0.049138515519424414,0.009952261745709533
7,XZt,34,34,0.049615957263404765,0.009816236043905092
7,XZt,35,34,0.04878845681039878,0.00998741229453157
7,XZt,36,35,0.046737497689844365,0.00945832018142061
7,XZt,37,35,0.04704851732503201,0.009495363192140307
7,XZt,38,35,0.04746650481453655,0.009545380550662699
7,XZt,39,35,0.04826156255035553,0.009652014751668894
7,XZt,40,35,0.04875062504544075,0.00984101767220214
7,XZt,41,35,0.049113644338751344,0.009873109991810711
7,XZt,42,35,0.050545542480527325,0.009925281877603413
7,XZt,43,36,0.04790438703397505,0.009391323649591627
7,XZt,44,36,0.04815451754924073,0.009490839545281647
7,XZt,45,36,0.04823097742592299,0.009588358370346432
7,XZt,46,36,0.0482830601187597,0.009717447536947076
7,XZt,47,36,0.04818942331037695,0.009826183456369623
7,XZt,48,37,0.045654302690259684,0.009410830688314983
7,XZt,49,37,0.04656564711228015,0.009485007944038953
7,XZt,50,37,0.04704646549664974,0.009623749912612205
7,XZt,51,37,0.04702316165603635,0.00973305585989098
7,XZt,52,37,0.04722482195061133,0.009888856938680036
7,XZt,53,38,0.045438085159529726,0.009460221067427999
7,XZt,54,38,0.04557562006061302,0.009597562219070124
7,XZt,55,38,0.04566095933074509,0.009778164836949021
7,XZt,56,39,0.043500847738767986,0.0094321775802559
7,XZt,57,39,0.04418913552859206,0.009630260718358836
7,XZt,58,39,0.044158748766333536,0.009840186290442064
7,XZt,59,40,0.04172758377875771,0.009466458210909476
7,XZt,60,40,0.04240428265444226,0.009705670198274934
7,XZt,61,40,0.04205865670007682,0.009974131494341908
7,XZt,62,41,0.03974775161865021,0.009633682901076572
7,XZt,63,41,0.03995065537646802,0.009870019331553697
7,XZt,64,42,0.03715447608965529,0.009490537892159954
7,XZt,65,42,0.037845876422474486,0.009788098486400314
7,XZt,66,43,0.034967344004966955,0.00941212039137934
7,XZt,67,43,0.03516639119171657,0.009749154964420421
7,XZt,68,44,0.032336525193882186,0.009530152338099743
7,XZt,69,44,0.03141464013579905,0.00989059044425074
7,XZt,70,45,0.028122254031305707,0.009587588025249739
7,XZt,71,45,0.026287003188693273,0.009837612871818892
7,XZt,72,46,0.02391572766457797,0.009562333461243824
7,XZt,73,46,0.022270800017931365,0.00972495126612886
7,XZt,74,46,0.02130553966911562,0.009881415551721276
7,XZt,75,46,0.020232572500785074,0.009978928756391194
7,XZt,76,47,0.018236845364479767,0.009473085076187574
7,XZt,77,47,0.017321397532996243,0.009508706709782128
7,XZt,78,47,0.01658229464196122,0.009528441697080803
7,XZt,79,47,0.015805800321339096,0.009518581809784401
7,XZt,80,47,0.015181694286226557,0.00952311191010632
7,XZt,81,47,0.01465817254180465,0.0095503026078038
7,XZt,82,47,0.014175007214839325,0.009564721303908362
7,XZt,83,47,0.013800141638855,0.009591185445938826
7,XZt,84,47,0.01337154495292159,0.009613714943937948
7,XZt,85,47,0.01306442669739952,0.00964081884571796
7,XZt,86,47,0.012806851506921802,0.009689817916648396
7,XZt,87,47,0.012622220282979766,0.009771956746296781
7,XZt,88,47,0.01257754405709428,0.009879503066851003
7,XZt,89,48,0.011852769995049172,0.00952299998043722
7,XZt,90,48,0.011877981589157987,0.009731894132223152
7,XZt,91,48,0.01186848596649351,0.009900232038473802
7,XZt,92,49,0.011177421938423082,0.009500708252136706
7,XZt,93,49,0.011141673130231535,0.009616295759415859
7,XZt,94,49,0.011104147370364807,0.009753158851717321
7,XZt,95,49,0.01101379504820654,0.009848252152089608
7,XZt,96,49,0.010939510507528312,0.009918851355235202
7,XZt,97,49,0.010871768607621459,0.009979087022256965
7,XZt,98,50,0.01017040603133616,0.009559238940862197
7,XZt,99,50,0.01001430898873731,0.009552740193736805
7,XZt,100,50,0.009877206031457194,0.009546691242918464
7,XZt,101,50,0.009778376429327308,0.00956433766704182
7,XZt,102,50,0.00963499791130602,0.009706783896077967
7,XZt,103,50,0.009492763394805781,0.009716116801408587
7,XZt,104,50,0.009364090810594382,0.009710945476638368
7,XZt,105,50,0.009246030761656686,0.009697061032767396
7,XZt,106,50,0.009153699289512993,0.009714388928037975
7,XZt,107,50,0.009030618151892947,0.009976603133138287
7,XZt,108,50,0.008918170872846697,0.009973672120504703
7,XZt,109,50,0.008848184993713447,0.009980788641172864
7,XZt,110,50,0.00878018920102852,0.009977400774482193
7,XZt,111,50,0.00875366885102448,0.00997293013951185
7,XZt,112,50,0.00869535545613428,0.009953129182397217
7,XZt,113,50,0.008669641277216074,0.009976105274169911
7,XZt,114,52,0.007723172554417532,0.009992876714586452
7,XZt,115,53,0.0072980267806337035,0.009535081963483513
7,XZt,116,53,0.007268437228201752,0.009539756327807016
7,XZt,117,53,0.007227306088473371,0.009537649241666387
7,XZt,118,53,0.007199981966953635,0.009534481154532676
7,XZt,119,52,0.007571686798013899,0.009998630620835424
7,XZt,120,52,0.007555067106575805,0.009991529600937611
7,XZt,121,52,0.0075311859346071965,0.009984633131027308
7,XZt,122,52,0.007512973790470257,0.009977613318918811
7,XZt,123,52,0.007498702660747108,0.009968595218075652
7,XZt,124,52,0.007475919458443352,0.00996350508656403
7,XZt,125,52,0.007445731316595514,0.009969598378477336
7,XZt,126,52,0.0074181046540696145,0.009985501108903177
7,XZt,127,52,0.007412395182904136,0.009995542481355136
7,XZt,128,53,0.0070335804300764235,0.00954153805107354
7,XZt,129,53,0.0070591997693676325,0.009564973649807271
7,XZt,130,53,0.007096488065013713,0.00958333881043878
7,XZt,131,53,0.007109115670104476,0.009594549150459443
7,XZt,132,53,0.007139387945997117,0.009606368030117596
7,XZt,133,53,0.00718709114349024,0.009605302242241102
7,XZt,134,53,0.007249445655599393,0.009613078992880086
7,XZt,135,53,0.007340756041586016,0.009642978044764246
7,XZt,136,53,0.007411228073271232,0.009658459124297492
7,XZt,137,53,0.007476721986240763,0.009679721144073863
7,XZt,138,53,0.007545131689539936,0.009695855277721693
7,XZt,139,53,0.007599928979037675,0.009695375811735402
7,XZt,140,53,0.00764503897923509,0.009684744339351094
7,XZt,141,53,0.007705014810294888,0.009681814314726075
7,XZt,142,53,0.007743382735216372,0.009664408092842369
7,XZt,143,53,0.007802362547270436,0.009654158729364508
7,XZt,144,53,0.00786601643508659,0.009641341832416533
7,XZt,145,53,0.00793118844705616,0.009609488026045587
7,XZt,146,51,0.008971847395373192,0.009579309384153646
7,XZt,147,51,0.009106373809789464,0.009584485937645491
7,XZt,148,51,0.00925219193228122,0.00959352102453928
7,XZt,149,51,0.00942279422257225,0.009598941948013
7,XZt,150,51,0.009627141228561214,0.009599530002282497
7,XZt,151,51,0.00983325519588323,0.009585776146118634
7,XZt,152,51,0.010070313987838468,0.009570048910723794
7,XZt,153,50,0.010939465712514545,0.009843591901515642
7,XZt,154,50,0.011173295781210534,0.009823623980304601
7,XZt,155,50,0.011464293957628945,0.009842832176991093
7,XZt,182,46,0.016490934587995127,0.009604483285903598
7,XZt,183,45,0.01729446901100272,0.009996971673883463
7,XZt,184,45,0.017118199349517478,0.009832622934629717
7,XZt,185,45,0.017142544053803572,0.009746854102947854
7,XZt,186,45,0.017172645840072664,0.009703486703735033
7,XZt,187,45,0.017619975748423,0.00973272042956666
7,XZt,188,45,0.017723098736970606,0.009694379390611898
7,XZt,189,45,0.01830371442865323,0.009728236594217772
7,XZt,190,45,0.01884468188361053,0.009712078106404034
7,XZt,191,45,0.01931269947348809,0.009609346032040045
7,XZt,192,45,0.01980299241653327,0.009438663553712352
7,XZt,193,44,0.020968320069487012,0.009710725946098987
7,XZt,194,43,0.02244201153185536,0.009999872418134525
7,XZt,195,43,0.021827043098806297,0.009575578702837375
7,XZt,196,42,0.022871367014784313,0.009831991209840591
7,XZt,197,42,0.022304132892416013,0.009511093640380086
7,XZt,198,41,0.023157140459669167,0.009844799402671297
7,XZt,199,41,0.023022019233390176,0.009674063975233581
7,XZt,200,41,0.02271218739013042,0.009584558720272649
7,XZt,201,41,0.022575881680748915,0.009536830034903618
7,XZt,202,41,0.022605215067395632,0.009505752658803544
7,XZt,203,41,0.022411204087165678,0.009466362118192094
7,XZt,204,41,0.022284408018509814,0.009395358856099606
7,XZt,205,40,0.023653383461771187,0.009974622737958452
7,XZt,206,40,0.023686457735295156,0.00997034956308383
7,XZt,207,40,0.023546053868298156,0.009954196693012342
7,XZt,156,50,0.011776143051853184,0.009873405608807177
7,XZt,157,50,0.012112614106692256,0.009908068218920766
7,XZt,158,50,0.012477027612550092,0.009823625684571758
7,XZt,159,50,0.012806432860245902,0.00987635846683446
7,XZt,160,50,0.013176845955129867,0.009942993340698453
7,XZt,161,51,0.01279241143981525,0.009456020849601498
7,XZt,162,51,0.013196571624721556,0.009466557250235473
7,XZt,163,51,0.01355074247700313,0.009570644862892577
7,XZt,164,51,0.013947882398791984,0.009680299967460873
7,XZt,165,51,0.014342341390544534,0.009781307343049436
7,XZt,166,51,0.014712600790310178,0.009852441774061686
7,XZt,167,51,0.015012099537053191,0.009919238440616885
7,XZt,168,51,0.01532182959345516,0.009943629799350623
7,XZt,169,51,0.015608491485926357,0.009925967261742065
7,XZt,170,51,0.01578563885754115,0.009852025441070758
7,XZt,171,51,0.015986679748387314,0.009757305228546254
7,XZt,172,51,0.016046823425009692,0.009625373171189212
7,XZt,173,51,0.01592078950816942,0.009422405896742437
7,XZt,174,50,0.01657938539725354,0.009764804047225604
7,XZt,175,50,0.01617243060519599,0.009493030211891943
7,XZt,176,49,0.016715650628483198,0.009789652024472233
7,XZt,177,49,0.01616609739168936,0.009471981313395524
7,XZt,178,48,0.01657008057250551,0.009726021443332409
7,XZt,179,47,0.016927577045975556,0.009954924373599147
7,XZt,180,47,0.016350458334740855,0.009597638100594516
7,XZt,181,46,0.01690466307879594,0.009884516763384742
7,XZt,208,40,0.02358618466881614,0.00993890309361485
7,XZt,209,40,0.023693899405989552,0.009938580787409978
7,XZt,210,40,0.023708447258119724,0.009889156599549446
7,XZt,211,40,0.023822634157072347,0.009885814669280655
7,XZt,212,40,0.024255787030103074,0.009861929963421294
7,XZt,213,40,0.025140004072773087,0.009917035002892064
7,XZt,214,41,0.024898753483820594,0.00939321611112955
7,XZt,215,41,0.026453379543284264,0.009484886739053287
7,XZt,216,41,0.028388117559139146,0.00954638112436214
7,XZt,217,41,0.03074155781908359,0.009603308329101622
7,XZt,218,41,0.03275018850358306,0.009572900922934557
7,XZt,219,41,0.03548275673787807,0.009520400908301759
7,XZt,220,41,0.03791762580786077,0.009406873606454357
7,XZt,221,40,0.04214726033316849,0.009924174142800031
7,XZt,222,40,0.043183811869184685,0.00968816311752014
7,XZt,223,39,0.04554222161416785,0.009812269838943953
7,XZt,224,38,0.046767420921704356,0.009769761790317775
7,XZt,225,37,0.04859880494235609,0.009667783842089876
7,XZt,226,36,0.049739105389097885,0.009995328084850303
7,XZt,227,36,0.048242035091377825,0.00974578678598903
7,XZt,228,36,0.04661308051652455,0.009417145582598986
7,XZt,229,35,0.04842920882960193,0.00989711883500269
7,XZt,230,35,0.04717950426942656,0.009708545887910827
7,XZt,231,35,0.04708806788148146,0.009440687807081719
7,XZt,232,35,0.045957072258163534,0.00945670277059019
7,XZt,233,34,0.04754699899697917,0.009979198869411607
7,XZt,234,34,0.04785417875617656,0.009812747005620473
7,XZt,235,34,0.046720612784445836,0.009895661122311425
7,XZt,236,34,0.04516041585192608,0.009695517984794944
7,XZt,237,34,0.045296596267059897,0.009481845810972625
7,XZt,238,34,0.043821730700890425,0.009506382287620399
7,XZt,239,33,0.04612309189731386,0.009951172716856027
7,XZt,240,34,0.0423780813430298,0.009386638686748107
7,XZt,241,33,0.04408976192076385,0.0097312409578893
7,XZt,242,33,0.04359342212946645,0.00969115111169617
7,XZt,243,33,0.04307121854243208,0.009587771668101526
7,XZt,244,33,0.04156103754074763,0.009341973738503758
7,XZt,245,33,0.040588243871447195,0.009542169120128547
7,XZt,246,32,0.042140082174129685,0.009918657244233388
7,XZt,247,32,0.04140639119470289,0.009643113177588094
7,XZt,248,32,0.040224908763929736,0.009556015815694997
7,XZt,249,32,0.03842453221173872,0.009337443615465511
7,XZt,250,31,0.040919908944207065,0.009981258310714992
7,XZt,251,32,0.036243145190783324,0.00929243681408914
7,XZt,252,31,0.03676696594991345,0.009645242065400668
7,XZt,253,31,0.03324119639616858,0.009461431783421287
7,XZt,254,31,0.031344941339865214,0.009330017024559644
7,XZt,255,30,0.03218017309045461,0.009447229373195682
7,XZt,256,30,0.03298382346068349,0.0094157715162953
7,XZt,257,30,0.034410032774191274,0.009302555595821337
7,XZt,258,29,0.04167262000438236,0.009523562545568343
7,XZt,259,5,0.3181726566890242,0.009311756660461759
8,XYt,0,63,0.002456661468122742,0.009677707964325781
8,XYt,1,64,0.002464149302901429,0.009487557596750514
8,XYt,2,63,0.002533601231752169,0.009582350249311405
8,XYt,3,62,0.0025130078355171726,0.009659248834152792
8,XYt,4,61,0.002568805556770793,0.009862042856336689
8,XYt,5,61,0.0025309163823146238,0.009616508392598554
8,XYt,6,60,0.002694066948152754,0.00989578665758668
8,XYt,7,60,0.002544145205189133,0.0096020557551723
8,XYt,8,59,0.002599352096225177,0.009930176248086847
8,XYt,9,60,0.002481748847413093,0.00957197582480897
8,XYt,10,60,0.00254923273876378,0.009693498298635007
8,XYt,11,60,0.0025534530994569277,0.009611562525383283
8,XYt,12,59,0.0027204666117523774,0.009958795435321965
8,XYt,13,59,0.00277038805035968,0.009936435163320531
8,XYt,14,59,0.0028417886220018667,0.009933644209716054
8,XYt,15,59,0.002698182851482248,0.009738473207448944
8,XYt,16,58,0.0022428845760555077,0.00979799210509064
8,XYt,17,59,0.0020725597233832997,0.00956838249680515
8,XYt,18,58,0.0023200182505023724,0.009973427541466455
8,XYt,19,58,0.0025175175300934556,0.009881570522468245
8,XYt,20,58,0.0026601251168445893,0.009910237835681427
8,XYt,21,58,0.002771776267083236,0.009987496110090695
8,XYt,22,59,0.0026629496526107107,0.009615525679210772
8,XYt,23,59,0.002658473520200207,0.009641349183549235
8,XYt,24,59,0.002601793493156319,0.0095896786683259
8,XYt,25,58,0.002666418147238527,0.009937270959960024
8,XYt,26,58,0.0025465331464748055,0.009807270307640446
8,XYt,27,58,0.0024439779734978613,0.009703876859008654
8,XYt,28,58,0.0023782385971856668,0.009641876308824415
8,XYt,29,58,0.002362332302605944,0.009616082657251366
8,XYt,30,58,0.002374080630836139,0.009600393676201269
8,XYt,31,58,0.002429940764927562,0.009613319794267931
8,XYt,32,58,0.002523868069315466,0.009622154509445832
8,XYt,33,58,0.0026831264931323324,0.009633631460009782
8,XYt,34,58,0.002917133706720121,0.00963931861079366
8,XYt,35,58,0.0032738488443117006,0.009653531743923808
8,XYt,36,58,0.0038542970948642484,0.009694436438628926
8,XYt,37,58,0.00483971800573635,0.009798869610370952
8,XYt,38,58,0.0063760866775958245,0.009886055714378844
8,XYt,39,58,0.008592635776300787,0.009868001372011251
8,XYt,40,58,0.010928129283452452,0.009607308637106052
8,XYt,41,57,0.013343205963914665,0.009670459990224317
8,XYt,42,56,0.015483330480920841,0.009773238479931314
8,XYt,43,55,0.01811525487291622,0.009959463832231692
8,XYt,44,55,0.02000349474526762,0.009676318069539632
8,XYt,45,54,0.023198234375072305,0.00997017755688056
8,XYt,46,54,0.025276148850823164,0.009948027042157923
8,XYt,47,54,0.025504645883425346,0.009977649842546392
8,XYt,48,54,0.025265671405246822,0.009940273508245976
8,XYt,49,54,0.025604835500868055,0.009865691968480922
8,XYt,50,54,0.02633271205221213,0.009744419086653095
8,XYt,51,54,0.027155472534583242,0.00955671518605709
8,XYt,52,53,0.029246298797488034,0.009764880915163511
8,XYt,53,52,0.030872050189288354,0.009855058095044682
8,XYt,54,51,0.03160947858000771,0.009819540218295697
8,XYt,55,50,0.031178908871066335,0.009702669075114028
8,XYt,56,49,0.029658201615506072,0.009575026013046694
8,XYt,57,48,0.027965316230615718,0.009562301420884654
8,XYt,58,47,0.02673253765285163,0.009665179590403852
8,XYt,59,46,0.026452137961981533,0.00988009068983048
8,XYt,60,46,0.025399296165547182,0.009601552482804587
8,XYt,61,46,0.025081490944605364,0.009464748970815895
8,XYt,62,46,0.025134898712783967,0.009395834150149782
8,XYt,63,45,0.02706556998320288,0.009973066005620083
8,XYt,64,45,0.02742020555914968,0.009998676388686558
8,XYt,65,46,0.02599113568494494,0.009441765674956302
8,XYt,66,46,0.026046867122338127,0.009564203755189288
8,XYt,67,46,0.02593574053503611,0.009739650480520428
8,XYt,68,46,0.025635957467810534,0.009844499241921158
8,XYt,69,46,0.025157690719688135,0.009843791687988887
8,XYt,70,46,0.024749979333486785,0.009832461119325437
8,XYt,71,46,0.024409521097824596,0.00983715455458853
8,XYt,72,46,0.024249216677798786,0.009913842413234984
8,XYt,73,46,0.024018790452049372,0.009966008927397454
8,XYt,74,47,0.022501078944685372,0.00941655852493165
8,XYt,75,47,0.022416603043478436,0.009516372453714358
8,XYt,76,47,0.022292425831861012,0.009561636311151091
8,XYt,77,47,0.021941625424494828,0.009548873830167911
8,XYt,78,47,0.02135141114869528,0.009451079038152193
8,XYt,79,46,0.022073051267322622,0.009968235914312023
8,XYt,80,46,0.02143764908672991,0.009827098423723092
8,XYt,81,46,0.020869938865570835,0.009663333113490014
8,XYt,82,46,0.02047298612846481,0.009543036991236055
8,XYt,83,46,0.020278593427444543,0.009574688601898777
8,XYt,84,46,0.020222720071186317,0.009701013764371767
8,XYt,85,46,0.020183428153572235,0.00979510108422303
8,XYt,86,46,0.019983514567445917,0.00983892195648064
8,XYt,87,46,0.019621255582758186,0.009821218907917297
8,XYt,88,46,0.019280222818243604,0.009872318225979226
8,XYt,89,46,0.018989672315332762,0.009932575276808978
8,XYt,90,46,0.018740502361758064,0.009964322090631647
8,XYt,91,46,0.018618811580908803,0.009984608314581285
8,XYt,92,46,0.01854531828764628,0.00997085616092521
8,XYt,93,47,0.017417997024077918,0.009416831494113029
8,XYt,94,46,0.018334913606379035,0.009995180963754789
8,XYt,95,46,0.01817139450186445,0.009901589544166128
8,XYt,96,46,0.01804070988879841,0.009876082207185805
8,XYt,97,46,0.01796535852345239,0.009869712982935586
8,XYt,98,46,0.01786268951362528,0.009865295201857707
8,XYt,99,46,0.017769294719608086,0.009902542291079182
8,XYt,100,46,0.017697926373799786,0.009981885229201772
8,XYt,101,47,0.016626370833062402,0.009441859594658654
8,XYt,102,47,0.016538728790329388,0.00948717672193837
8,XYt,103,47,0.016425855286118146,0.009530359866400516
8,XYt,104,47,0.01630544148964756,0.00950857219053701
8,XYt,105,47,0.016184671304263345,0.009427042241896643
8,XYt,106,46,0.016976479653055494,0.009874163602691841
8,XYt,107,46,0.016834682850125657,0.009744399442794814
8,XYt,108,46,0.01680081003064697,0.009646378996423375
8,XYt,109,46,0.0167733554973358,0.009614866689052919
8,XYt,110,46,0.016840646205867876,0.009651674943709714
8,XYt,111,46,0.01698776443819424,0.00970444245278179
8,XYt,112,46,0.017035586346551997,0.00969357406245123
8,XYt,113,46,0.017166660573463118,0.009670334357636402
8,XYt,114,46,0.017446239003330626,0.00978679092888924
8,XYt,115,46,0.017845546616368276,0.009984841497312155
8,XYt,116,47,0.017245106198910357,0.009533410256975856
8,XYt,117,47,0.01751923257011512,0.009523395185914453
8,XYt,118,46,0.01874742332700253,0.009998790863211541
8,XYt,119,46,0.01889832218207923,0.009952026565942232
8,XYt,120,46,0.019033526368885834,0.009996941528963067
8,XYt,121,46,0.018848585092231668,0.009969496555582037
8,XYt,122,46,0.01880300556119133,0.009951423619032687
8,XYt,123,46,0.018760199504664052,0.009875160136787752
8,XYt,124,46,0.018758534461637943,0.00983652431225338
8,XYt,125,46,0.018928310016933063,0.009912644054388705
8,XYt,126,47,0.018094213549968742,0.009423273841731644
8,XYt,127,47,0.018401718402368362,0.009520339945112198
8,XYt,128,47,0.018771684381634682,0.009549087380238864
8,XYt,129,47,0.019002625728391877,0.009483098550177019
8,XYt,130,46,0.02022931041732383,0.009938409747502852
8,XYt,131,46,0.02026015239195537,0.009788290853442969
8,XYt,132,46,0.020315147675748647,0.009655280565188853
8,XYt,133,46,0.020481389146036668,0.00955667226525202
8,XYt,134,46,0.020766653813909255,0.009482111074037233
8,XYt,135,46,0.021195512549285606,0.009480844960226472
8,XYt,136,46,0.021804257433348604,0.009558452703655924
8,XYt,137,46,0.022169202730563973,0.009554582810860121
8,XYt,138,46,0.022494322862269836,0.009579776250687207
8,XYt,139,46,0.02287134937764723,0.009618407316459642
8,XYt,140,46,0.02286234116812907,0.009521865431597797
8,XYt,141,46,0.0227252510118404,0.009441834770158558
8,XYt,142,46,0.022659284662101972,0.009398943994659277
8,XYt,143,45,0.023950263973164812,0.00995124893032293
8,XYt,144,45,0.0239153252744368,0.009963491307762364
8,XYt,145,45,0.023743023375033374,0.009967113076556514
8,XYt,146,46,0.022341574592638323,0.00942942054875315
8,XYt,147,46,0.022362726469943254,0.009498943428195758
8,XYt,148,46,0.022315583128180237,0.009466306525456825
8,XYt,149,46,0.022261856657243013,0.009417200695158608
8,XYt,150,45,0.023523174665257336,0.009908936933636182
8,XYt,151,45,0.02342114631069424,0.009779900615782952
8,XYt,152,45,0.023367078549642428,0.00967300783856402
8,XYt,153,45,0.02330769630568119,0.009594333296780035
8,XYt,154,45,0.02323551421498017,0.009500196849976897
8,XYt,155,45,0.023154020676965023,0.009437305275187585
8,XYt,156,45,0.023186146377266976,0.009469288440893536
8,XYt,157,45,0.023063572985127272,0.009523044459452774
8,XYt,158,45,0.022720004533421788,0.00957300300006547
8,XYt,159,45,0.022290149854348573,0.009596951016577156
8,XYt,160,45,0.02180948093168278,0.009580943666977924
8,XYt,161,45,0.021351364915138782,0.009539983536506588
8,XYt,162,45,0.020816652349970193,0.009430570124884043
8,XYt,163,44,0.021627125383082674,0.00998724617001472
8,XYt,164,44,0.021219341378500428,0.00993430210865662
8,XYt,165,44,0.02093941896886838,0.009919618197205752
8,XYt,166,44,0.02059540087765464,0.009877058376664477
8,XYt,167,44,0.02004914326722312,0.009806450121190892
8,XYt,168,44,0.019489472730168274,0.00969141456158413
8,XYt,169,44,0.01913389211894735,0.009593929379678689
8,XYt,170,44,0.018833843966406992,0.009496479692734379
8,XYt,171,44,0.018708364552385264,0.00955547694558569
8,XYt,172,44,0.018638547573849792,0.009609609808189937
8,XYt,173,44,0.018591693066416698,0.009649973642504884
8,XYt,174,44,0.01859895617799338,0.009672708174047393
8,XYt,175,44,0.018633137730022134,0.009692458904369396
8,XYt,176,44,0.018582468686243667,0.009670089147208452
8,XYt,177,44,0.01845078928750689,0.009609209378976948
8,XYt,178,44,0.018382613605440894,0.009636836443807894
8,XYt,179,44,0.018336734601119918,0.00966444112281506
8,XYt,180,44,0.018095790531996298,0.0095845917925158
8,XYt,181,44,0.017872302198371853,0.009506405182427957
8,XYt,182,44,0.01778722371342439,0.009501130229238902
8,XYt,183,44,0.017761473230304654,0.009540039226381684
8,XYt,184,44,0.017724507194994306,0.009563832876672321
8,XYt,185,44,0.017723746955399466,0.009589736921137505
8,XYt,186,44,0.017659738628385387,0.009531505875285413
8,XYt,187,44,0.017511481330246444,0.009467679387744475
8,XYt,188,44,0.017462845203299084,0.00946000456740995
8,XYt,189,44,0.0175642231288915,0.009509341248727937
8,XYt,190,44,0.01773754272046719,0.009598100063674408
8,XYt,191,44,0.017916676013902084,0.00966602995061492
8,XYt,192,44,0.017970291247296228,0.009647762271754567
8,XYt,193,44,0.017984546780264635,0.009603343312582167
8,XYt,194,44,0.018052939537987842,0.009565927661353791
8,XYt,195,44,0.018222305215737516,0.009520552493925215
8,XYt,196,44,0.01855599319214749,0.009572727954803012
8,XYt,197,44,0.018999542875491486,0.009731757422276466
8,XYt,198,44,0.019348403135271565,0.0098133715527337
8,XYt,199,44,0.019609259193761455,0.009861071142722975
8,XYt,200,44,0.019779782680947815,0.009920482975294716
8,XYt,201,44,0.01968001370292998,0.009953038461143355
8,XYt,202,44,0.019539788194956585,0.009924816756504383
8,XYt,203,44,0.01945206672717836,0.009846904068928927
8,XYt,204,44,0.019432191629761272,0.009788847180003465
8,XYt,205,44,0.01960667495849944,0.00986052364510282
8,XYt,206,45,0.01879308275720886,0.009433590667364615
8,XYt,207,45,0.01926480572901409,0.009517839473163927
8,XYt,208,45,0.019732286512817467,0.00956117748920364
8,XYt,209,45,0.020181417597445326,0.009634628545174702
8,XYt,210,45,0.02043033482551439,0.009655120343937432
8,XYt,211,45,0.020564169601880383,0.009593344646972951
8,XYt,212,45,0.02071497572052016,0.00956204894610172
8,XYt,213,45,0.020997140329228618,0.009581592351326539
8,XYt,214,45,0.021402112851714415,0.009643373657401286
8,XYt,215,45,0.021918114998013803,0.00972536557926307
8,XYt,216,45,0.022640454325843506,0.009836597385897953
8,XYt,217,45,0.023338422264386052,0.009936981623453592
8,XYt,218,46,0.022663909530777914,0.009468035053288748
8,XYt,219,46,0.023607371699976305,0.009689949631814831
8,XYt,220,46,0.024081058605127263,0.009751315642408425
8,XYt,221,46,0.024293265132180365,0.009742993801890577
8,XYt,222,46,0.02460112351965658,0.009817129881953154
8,XYt,223,46,0.024844053481940985,0.009885678337893519
8,XYt,224,46,0.0249372595813313,0.009885624990317195
8,XYt,225,46,0.024904350098380615,0.009844224639254686
8,XYt,226,46,0.02481060433975287,0.009693719140446703
8,XYt,227,46,0.024752663177958656,0.009540953149064385
8,XYt,228,46,0.02476476485781019,0.009412165868716701
8,XYt,229,45,0.026143794655654504,0.00980505138372498
8,XYt,230,45,0.026151235456118076,0.009655244960696082
8,XYt,231,45,0.026141450652208367,0.009560897609261156
8,XYt,232,44,0.027527643566091362,0.009980906787508433
8,XYt,233,44,0.02719137252853069,0.00969213807618353
8,XYt,234,43,0.028415724872889354,0.009965169268840057
8,XYt,235,43,0.027949046711541504,0.00960316310561633
8,XYt,236,42,0.0289530425127805,0.009779339785640601
8,XYt,237,41,0.029572025074745635,0.009840859340790358
8,XYt,238,41,0.02878107948517054,0.0094822132457164
8,XYt,239,40,0.029983059563318353,0.009882064277849767
8,XYt,240,40,0.02989841907786394,0.00980756108092675
8,XYt,241,40,0.029898086792254374,0.009820402273193213
8,XYt,242,40,0.029922895681530632,0.009842790787328963
8,XYt,243,40,0.029933028255429185,0.009888570926201844
8,XYt,244,40,0.02992511175013519,0.009865014842167251
8,XYt,245,40,0.030016322521385325,0.009870426990033907
8,XYt,246,40,0.029995989900346926,0.009877645693093294
8,XYt,247,40,0.03011741855743303,0.00996556676308182
8,XYt,248,41,0.028740917162155148,0.009490979019857928
8,XYt,249,41,0.028822078284873886,0.00951201767792522
8,XYt,250,41,0.028776988712027263,0.009481918675185129
8,XYt,251,41,0.028786014009798744,0.009544041494432462
8,XYt,252,41,0.02891153828545452,0.009670222458426586
8,XYt,253,41,0.02892997765313777,0.009700084717771769
8,XYt,254,41,0.028964475872565044,0.009734266351865752
8,XYt,255,41,0.028892954998032055,0.009759898564165044
8,XYt,256,41,0.028305562729159718,0.009791379383353472
8,XYt,257,41,0.026911351217060446,0.009891045608385093
8,XYt,258,41,0.023495815844640958,0.009977606774855029
8,XYt,259,41,0.019329051481371973,0.009888538927053703
8,XYt,260,41,0.017204677005675094,0.009754166375143479
8,XYt,261,41,0.01671061483119984,0.009799380688091587
8,XYt,262,41,0.01654320862650775,0.00978189042451198
8,XYt,263,41,0.016511955008315784,0.009734499110502167
8,XYt,264,41,0.016406357633900144,0.009649586223646646
8,XYt,265,41,0.016271581263154405,0.009539217358236634
8,XYt,266,40,0.017055615999535038,0.009983144146877704
8,XYt,267,40,0.017079098102127953,0.009987597414224308
8,XYt,268,41,0.016231129204054433,0.00946952895022003
8,XYt,269,41,0.016366334189611594,0.00957174074655757
8,XYt,270,41,0.016424857277689876,0.009650450506640826
8,XYt,271,41,0.01650933360091475,0.009668139765687669
8,XYt,272,41,0.016445018520102352,0.009566856261007834
8,XYt,273,41,0.016509772269447626,0.00959507431015018
8,XYt,274,41,0.01659940032320811,0.009660320108610114
8,XYt,275,41,0.0167279947117456,0.009715228719772335
8,XYt,276,41,0.016710367087136215,0.009661343147719048
8,XYt,277,41,0.016626625969472956,0.009633390992551002
8,XYt,278,41,0.01654907225109908,0.009643615901364205
8,XYt,279,41,0.01648423836024786,0.009596100641287792
8,XYt,280,41,0.016407517290715077,0.00952041995921844
8,XYt,281,41,0.0164471701686656,0.009519515965862422
8,XYt,282,41,0.01654282979919632,0.009506242041044548
8,XYt,283,41,0.016764821279879098,0.009644038800989324
8,XYt,284,41,0.01695001948452863,0.009774356411860786
8,XYt,285,41,0.017042337237893224,0.009813457537167234
8,XYt,286,41,0.017067424928351154,0.009750994346986822
8,XYt,287,41,0.017009871134890935,0.009707938338662958
8,XYt,288,41,0.016958171798445196,0.009676474306417467
8,XYt,289,41,0.016815412583032697,0.009536174150653606
8,XYt,290,40,0.01762827559329583,0.009970966253416477
8,XYt,291,40,0.01751712442140454,0.00988379953940617
8,XYt,292,40,0.01748220898500136,0.009847601085193529
8,XYt,293,40,0.017417383256152802,0.009825259713498437
8,XYt,294,40,0.017470737654762047,0.009897771719164106
8,XYt,295,40,0.017533367838964958,0.009941980928298118
8,XYt,296,40,0.01753371257844605,0.009934950920289218
8,XYt,297,40,0.017593508820993455,0.009891030995160173
8,XYt,298,40,0.01765526183354908,0.009915275840021711
8,XYt,299,41,0.016813763248973154,0.00944547830855544
8,XYt,300,41,0.016938046117305924,0.009586592800249812
8,XYt,301,41,0.017019218398332297,0.009633968428761098
8,XYt,302,41,0.016997381445341363,0.009615568337313132
8,XYt,303,41,0.016909096949504113,0.009521444490674501
8,XYt,304,41,0.016794448968948654,0.009487010779265075
8,XYt,305,40,0.017648590464933125,0.009983835955705478
8,XYt,306,40,0.01763805424620342,0.009952028136068786
8,XYt,307,40,0.017669756018272947,0.009957943791872549
8,XYt,308,40,0.01777715257688483,0.00998134005332256
8,XYt,309,41,0.01687918029489089,0.009461203691064391
8,XYt,310,41,0.017038314029119386,0.00958788202674133
8,XYt,311,41,0.01704178479871082,0.009564737174181888
8,XYt,312,41,0.017057527212751666,0.00954956560052767
8,XYt,313,41,0.017072319068185585,0.009560610366290176
8,XYt,314,41,0.017143694735230707,0.009590632258998729
8,XYt,315,41,0.017098790576720372,0.009486814361977609
8,XYt,316,40,0.01801423983985232,0.009967348628224106
8,XYt,317,40,0.017871885799336268,0.009852641381082059
8,XYt,318,40,0.01782044204963632,0.009757921485541145
8,XYt,319,40,0.017719322864637628,0.009653670544413125
8,XYt,320,40,0.017848830704330604,0.009721492612137915
8,XYt,321,40,0.018015029595180698,0.009819046103796646
8,XYt,322,40,0.01820568178747286,0.009877691965024828
8,XYt,323,40,0.018370188519632107,0.00986230785252422
8,XYt,324,40,0.018946050169002554,0.00990027685198373
8,XYt,325,41,0.022859819444519806,0.009899845957456294
8,XYt,326,41,0.02794787247039847,0.009535500253995794
8,XYt,327,41,0.029932284826828474,0.009540103105543986
8,XYt,328,41,0.030751031841830506,0.009568265730810424
8,XYt,329,41,0.03104914080633738,0.009526303051707747
8,XYt,330,41,0.031152089254974702,0.009494682695923644
8,XYt,331,41,0.031219026133946327,0.009461615751502376
8,XYt,332,40,0.03283101794083993,0.009942298016374777
8,XYt,333,40,0.03293568366857,0.009899038176979477
8,XYt,334,40,0.0330039517378044,0.009891821658096215
8,XYt,335,40,0.03334165129956474,0.009971112780327113
8,XYt,336,41,0.0317137367213975,0.00951179343882537
8,XYt,337,41,0.03189165487820871,0.009577593538635663
8,XYt,338,41,0.032097673145824984,0.009625805278869401
8,XYt,339,41,0.03274912757418887,0.009821064973686613
8,XYt,340,42,0.031595314490698634,0.009591023688464111
8,XYt,341,42,0.031887334987416596,0.009807138859352747
8,XYt,342,43,0.030508009809935496,0.00943876885633298
8,XYt,343,43,0.030971687511170704,0.00972716734919073
8,XYt,344,43,0.030968154595125228,0.009919774146367173
8,XYt,345,44,0.029311310357058744,0.009498625934222769
8,XYt,346,44,0.029113520773121453,0.009610944722716562
8,XYt,347,44,0.029286476816722293,0.009790089422106317
8,XYt,348,44,0.02944277767601503,0.009987828962671334
8,XYt,349,45,0.027992096887070578,0.00952937892745338
8,XYt,350,45,0.02790105022353644,0.009571346487779124
8,XYt,351,45,0.028005723260287017,0.009663681982372285
8,XYt,352,45,0.028157689804650523,0.009847836718691237
8,XYt,353,45,0.028145700113138803,0.009977896499379428
8,XYt,354,46,0.026458609337596358,0.009428930434588374
8,XYt,355,46,0.026523221598254296,0.009452919450952557
8,XYt,356,46,0.02629507751880377,0.009476603709828287
8,XYt,357,46,0.026014403891778667,0.009515382272470996
8,XYt,358,45,0.02640928044385561,0.00994442621328418
8,XYt,359,45,0.02574683131416693,0.009866468824582718
8,XYt,360,45,0.025002874526395862,0.009828269055624894
8,XYt,361,45,0.0245671011071747,0.0097946719441299
8,XYt,362,45,0.023890781600731662,0.009753554401036117
8,XYt,363,45,0.023639829194315624,0.009789774586707982
8,XYt,364,45,0.02308863253979033,0.009745469774919531
8,XYt,365,45,0.022835671661072945,0.009743966065153452
8,XYt,366,45,0.02247632704395413,0.009702305905357905
8,XYt,367,45,0.022348462265215224,0.009693519254643419
8,XYt,368,45,0.022245203839803468,0.0097463608269379
8,XYt,369,45,0.022146208659601666,0.009753258813402737
8,XYt,370,45,0.021999629026904256,0.009757904671249595
8,XYt,371,45,0.021911726947769924,0.00974370546802271
8,XYt,372,45,0.02176795981705743,0.009752045528576227
8,XYt,373,45,0.021747350995267097,0.009825475208257925
8,XYt,374,45,0.02168930921350495,0.009936033751516117
8,XYt,375,45,0.021478190169286135,0.009897193491180335
8,XYt,376,45,0.02097183449192943,0.009746048988039633
8,XYt,377,45,0.020500155688397987,0.0096583715866355
8,XYt,378,45,0.01997612302405759,0.00954541095234337
8,XYt,379,44,0.020663245931913696,0.009997933639878201
8,XYt,380,44,0.02044008711107407,0.009936209494037365
8,XYt,381,44,0.020464563348673758,0.009999122949127635
8,XYt,382,45,0.0194692530313522,0.009537992000301913
8,XYt,383,45,0.019623453074193876,0.009639465315875718
8,XYt,384,45,0.019570056119613596,0.009674154716726257
8,XYt,385,45,0.019001033870606747,0.009532473071698423
8,XYt,386,45,0.018635486103709756,0.009449499543489432
8,XYt,387,45,0.018639023320744602,0.009492998113985844
8,XYt,388,45,0.018722552784399007,0.009523737695781987
8,XYt,389,45,0.01881191085521542,0.009561121922450832
8,XYt,390,45,0.018853219708389393,0.009575636342063685
8,XYt,391,45,0.01886977443431443,0.009589913306863712
8,XYt,392,45,0.01885903010354252,0.009584583640917169
8,XYt,393,45,0.01882663472277838,0.009546600166732266
8,XYt,394,45,0.018875229615920572,0.009567100034106315
8,XYt,395,45,0.0189495035226398,0.009581760325281451
8,XYt,396,45,0.01914302015329742,0.009595910935035827
8,XYt,397,45,0.019297541788568975,0.009638226763048985
8,XYt,398,45,0.01939278694217754,0.00968615647441943
8,XYt,399,45,0.019315904197173904,0.009671962607218346
8,XYt,400,45,0.0193366867985694,0.009699126583019793
8,XYt,401,45,0.01929346188519134,0.009703248024954009
8,XYt,402,45,0.01922893352520303,0.009650030316895816
8,XYt,403,45,0.019168036802010874,0.009601963809239446
8,XYt,404,45,0.019181385219352972,0.00953484720474562
8,XYt,405,45,0.019163272576506817,0.009496270307450743
8,XYt,406,45,0.01930698692758355,0.009528918142336655
8,XYt,407,45,0.01947675497641878,0.009618537282565969
8,XYt,408,45,0.019701149123460528,0.009699712590925131
8,XYt,409,45,0.019961626282665006,0.009771631503558994
8,XYt,410,45,0.020186171368486657,0.009811982959036524
8,XYt,411,45,0.019794791628680197,0.009637720515501194
8,XYt,412,45,0.019842273274650404,0.00964460101813584
8,XYt,413,45,0.019992896572113037,0.009713255016460308
8,XYt,414,45,0.020209202822252834,0.009765672991162464
8,XYt,415,45,0.020419249120910567,0.00982534042518889
8,XYt,416,45,0.020882174228294283,0.009949152426563416
8,XYt,417,46,0.020342466163580788,0.009561095773278943
8,XYt,418,46,0.020751147605930935,0.00967541814445621
8,XYt,419,46,0.020907097674137724,0.009626346647108859
8,XYt,420,46,0.02095330897256771,0.009430545684903608
8,XYt,421,45,0.022002805101129855,0.009816538546958378
8,XYt,422,45,0.022125702465150696,0.009756477752949721
8,XYt,423,45,0.02209540051679361,0.009666827701544745
8,XYt,424,45,0.02208293572119972,0.009597094705868978
8,XYt,425,45,0.022246296031782693,0.009606129378272188
8,XYt,426,45,0.022425312076327992,0.009607731101862685
8,XYt,427,45,0.022522939724371183,0.009556116321215006
8,XYt,428,45,0.022685843714698246,0.00958679654542676
8,XYt,429,45,0.022932635982468134,0.00961562277690223
8,XYt,430,45,0.023217396664527403,0.009606385574396137
8,XYt,431,45,0.02364751599142423,0.009647731498465269
8,XYt,432,45,0.02418804672766284,0.009732900187254952
8,XYt,433,45,0.024792659685867965,0.009807725184784061
8,XYt,434,45,0.025498695426239247,0.009860497893742647
8,XYt,435,45,0.02619455576490136,0.009904268442879867
8,XYt,436,46,0.025709082495593925,0.009477786307336342
8,XYt,437,46,0.026297768609985017,0.00953492422919201
8,XYt,438,46,0.02637441326582293,0.009465163353247276
8,XYt,439,45,0.027939016002431444,0.009974307628662258
8,XYt,440,45,0.02801110983355084,0.009870690969602218
8,XYt,441,45,0.028293933961051003,0.009819321410594588
8,XYt,442,45,0.02849714464959828,0.009772868738872996
8,XYt,443,45,0.02855737433792479,0.009681222784805705
8,XYt,444,45,0.028430344761111285,0.009550501926594264
8,XYt,445,45,0.028427615292319616,0.009430261099451748
8,XYt,446,44,0.029783768525296572,0.00982009915037911
8,XYt,447,44,0.029773008549432305,0.009651372997792148
8,XYt,448,44,0.029676632525208597,0.009453433115509467
8,XYt,449,43,0.03132726907636016,0.009765877400347
8,XYt,450,43,0.031084582050427353,0.009435168684908048
8,XYt,451,42,0.032631817155536154,0.009658113129225855
8,XYt,452,41,0.03389513949013601,0.00980797810646852
8,XYt,453,41,0.033467823404020935,0.009459834018538985
8,XYt,454,40,0.03453488948520582,0.009528055955172513
8,XYt,455,39,0.03526652518831651,0.009560431396889224
8,XYt,456,38,0.03660721686315975,0.0099039371208025
8,XYt,457,38,0.03648625146648938,0.009856922555913524
8,XYt,458,38,0.036520197191427024,0.00990748050914712
8,XYt,459,38,0.03663908826667713,0.009960400846037847
8,XYt,460,38,0.036678520410933384,0.009994691623969765
8,XYt,461,38,0.036479960137923095,0.009970368761769807
8,XYt,462,38,0.03624534291221025,0.009946304556958779
8,XYt,463,38,0.0361516762902013,0.009940218095685635
8,XYt,464,39,0.03445049910122213,0.009467284096439831
8,XYt,465,39,0.034123318177585446,0.009581096566364838
8,XYt,466,39,0.03268169172981002,0.00967777214575736
8,XYt,467,39,0.028648805335146382,0.009964689040150838
8,XYt,468,39,0.02303414948578104,0.009948178226460417
8,XYt,469,39,0.019625734737525824,0.009648052183714445
8,XYt,470,39,0.018689509349619972,0.009476271863518234
8,XYt,471,38,0.019402328734103805,0.00998595373530222
8,XYt,472,38,0.019407736956638468,0.009976453274608608
8,XYt,473,38,0.019375939653096086,0.009925615748241827
8,XYt,474,38,0.01935618914188233,0.009906199751097317
8,XYt,475,38,0.019222910104476527,0.009848543188701977
8,XYt,476,38,0.0192282019845121,0.009831837728075978
8,XYt,477,38,0.019051029575804675,0.009743189064195428
8,XYt,478,38,0.01898166834965009,0.009699874894757616
8,XYt,479,38,0.018901778705726853,0.009644067965797146
8,XYt,480,38,0.018861907117640728,0.009601502032058364
8,XYt,481,38,0.01877854470188253,0.009507765269883226
8,XYt,482,38,0.01876726665478331,0.009475773453872493
8,XYt,483,38,0.018751580886770387,0.009473829859292992
8,XYt,484,38,0.018789114229112763,0.009522742537205536
8,XYt,485,38,0.01874701207688068,0.009529428940155864
8,XYt,486,38,0.018695182844882002,0.009551844283770095
8,XYt,487,38,0.01861553555770578,0.009552149784780658
8,XYt,488,38,0.018643255712336073,0.009634251457184936
8,XYt,489,38,0.018727888705583708,0.009713822477128578
8,XYt,490,38,0.018853443826830178,0.009802949516056647
8,XYt,491,38,0.018976155791560513,0.009874955220562531
8,XYt,492,38,0.018980332841564945,0.009964999133323054
8,XYt,493,39,0.01799876916215486,0.009417632517566462
8,XYt,494,39,0.017967075494193886,0.00941053957640238
8,XYt,495,38,0.019027546078990595,0.009976672943286129
8,XYt,496,38,0.018930700465176566,0.00990004996388802
8,XYt,497,38,0.01882645035977603,0.00977458621756081
8,XYt,498,38,0.018646159169602383,0.009601510983016554
8,XYt,499,38,0.018470184181474832,0.009427413943689907
8,XYt,500,37,0.01928903559610748,0.009819706906708756
8,XYt,501,37,0.019230782560612482,0.009727056103782742
8,XYt,502,37,0.01919355841129095,0.009711819526769605
8,XYt,503,37,0.019276078111337025,0.009759561540409087
8,XYt,504,37,0.01923538355506781,0.009777036609524812
8,XYt,505,37,0.019223922343453815,0.009777213611772752
8,XYt,506,37,0.0192237897174007,0.00973417846396761
8,XYt,507,37,0.019255239425896405,0.009747491459891235
8,XYt,508,37,0.01932211687077578,0.009790304892968928
8,XYt,509,37,0.019423571171196672,0.009881858318836296
8,XYt,510,37,0.019472285405342325,0.009958682462398385
8,XYt,511,38,0.01846630171760178,0.00945760792925391
8,XYt,512,38,0.018480808691738713,0.00947259356856106
8,XYt,513,38,0.018481997727873758,0.009533588914110989
8,XYt,514,38,0.01846196449548458,0.009559343207160911
8,XYt,515,38,0.01845592145954543,0.009599692953507521
8,XYt,516,38,0.01838447356091116,0.00955121689228946
8,XYt,517,38,0.018307745806202754,0.009521451465480795
8,XYt,518,38,0.018240091857471403,0.009486408749467996
8,XYt,519,38,0.018186395976436166,0.00944639517670966
8,XYt,520,37,0.019158454316177406,0.009944567631681583
8,XYt,521,37,0.019092988633861895,0.009863344002448959
8,XYt,522,37,0.018883771476822443,0.009662108132261139
8,XYt,523,37,0.018782151939016386,0.009539191968058306
8,XYt,524,37,0.01868547943695901,0.009466112567333955
8,XYt,525,37,0.018661067131211864,0.009459708892351332
8,XYt,526,36,0.019676515866193095,0.009990650137097391
8,XYt,527,36,0.019529844979992037,0.00993767507348014
8,XYt,528,36,0.01923542579793862,0.00986110758866341
8,XYt,529,36,0.0190191398420012,0.00978351128824922
8,XYt,530,36,0.018970179405516565,0.009689748055625775
8,XYt,531,36,0.019223484801510343,0.009729472292673775
8,XYt,532,36,0.019889355493118047,0.009892705056362378
8,XYt,533,37,0.020503881713162673,0.009716936687001134
8,XYt,534,38,0.023165272310120506,0.00969300783449995
8,XYt,535,38,0.028370646816505068,0.009707144771149563
8,XYt,536,37,0.03351889660957346,0.009728357635584137
8,XYt,537,37,0.03533159903830086,0.009578201664790184
8,XYt,538,37,0.03661821729997401,0.00964039291040932
8,XYt,539,37,0.03769653172343764,0.009808118704206371
8,XYt,540,38,0.0367959643050919,0.009664899488650193
8,XYt,541,38,0.03661185084352702,0.009904888458704008
8,XYt,542,38,0.03587495002000772,0.009894182607494414
8,XYt,543,38,0.0352722777178218,0.009827943916165996
8,XYt,544,38,0.03506006663168258,0.009824033052749417
8,XYt,545,38,0.03528575697423822,0.009947277369685925
8,XYt,546,39,0.03433400151998791,0.009853540185635987
8,XYt,547,40,0.033058613628886055,0.009838537213255562
8,XYt,548,41,0.030885335559355905,0.009547605931681842
8,XYt,549,41,0.030354084547145627,0.009653379182483124
8,XYt,550,41,0.029898630830955026,0.00970315703790681
8,XYt,551,41,0.029514063858856895,0.009730326669574935
8,XYt,552,41,0.02934473489114126,0.00979276491486297
8,XYt,553,41,0.029207248211358554,0.009860229283237936
8,XYt,554,41,0.02914502376240327,0.00992414248338403
8,XYt,555,41,0.0290314217682306,0.009970048256414087
8,XYt,556,42,0.027490231489571908,0.009499619506945126
8,XYt,557,42,0.02734935415314797,0.009516887619210483
8,XYt,558,42,0.02709388674958716,0.009511495677271489
8,XYt,559,41,0.028029417827976317,0.009981619885292978
8,XYt,560,41,0.02708690888840785,0.009853014868713547
8,XYt,561,41,0.025800031453464968,0.009587556069288022
8,XYt,562,40,0.026454725382698024,0.009922113089655904
8,XYt,563,41,0.02528464545300741,0.009592782683629135
8,XYt,564,41,0.025407738252722165,0.00985644854700261
8,XYt,565,42,0.02407353836788336,0.00961665138344862
8,XYt,566,42,0.023516704958601472,0.009728851136051217
8,XYt,567,42,0.02300499349962195,0.009800199871736217
8,XYt,568,42,0.022500451307165163,0.009809770676238118
8,XYt,569,42,0.022037194257965513,0.009766701793966668
8,XYt,570,42,0.021462222953369362,0.009648280139095683
8,XYt,571,41,0.021847382493170853,0.00993566102554634
8,XYt,572,41,0.021044273859341534,0.009614377495757217
8,XYt,573,40,0.021566588529844905,0.009857505523910523
8,XYt,574,40,0.02139050829501973,0.009719520582730684
8,XYt,575,40,0.021450081300637497,0.009672911720768108
8,XYt,576,40,0.021711448946112474,0.00973596496071124
8,XYt,577,40,0.021913614295051446,0.009797568274986526
8,XYt,578,40,0.02208462448992827,0.009870497438045621
8,XYt,579,40,0.022279711181957176,0.009919917491413674
8,XYt,580,40,0.022424758905203557,0.009937827987637397
8,XYt,581,41,0.021430049145950623,0.00947866707965881
8,XYt,582,41,0.021436281790779638,0.009565246467617841
8,XYt,583,41,0.021345983270039656,0.009620009026179549
8,XYt,584,41,0.021203583566834723,0.00967383247385086
8,XYt,585,41,0.021054293714306626,0.009738288280415258
8,XYt,586,41,0.020887855672373626,0.009844445274371822
8,XYt,587,42,0.020020050251047805,0.009714097146750422
8,XYt,588,42,0.019834729017060748,0.009949437875431066
8,XYt,589,43,0.01832208194380467,0.00951423391087172
8,XYt,590,42,0.018472478463984268,0.009946399996570767
8,XYt,591,42,0.01779897801049718,0.009800481686969469
8,XYt,592,42,0.017441723523256132,0.009725834328617611
8,XYt,593,42,0.017317838567840214,0.009674664306983665
8,XYt,594,42,0.017201933662300984,0.009579369272972163
8,XYt,595,42,0.017245399828623633,0.00958258629028765
8,XYt,596,42,0.01727835172254345,0.00954638246891297
8,XYt,597,42,0.017313437084783105,0.009471938656730372
8,XYt,598,41,0.018273709740176333,0.009896443915343275
8,XYt,599,41,0.01827610542832732,0.009778122945264494
8,XYt,600,41,0.018358824794736866,0.009672014709910028
8,XYt,601,41,0.018506486572544306,0.009606514889844856
8,XYt,602,41,0.01862796671127379,0.009569662746559108
8,XYt,603,41,0.01870075980293432,0.00955940327944487
8,XYt,604,41,0.018823395360581644,0.009577311691085845
8,XYt,605,41,0.01890437771034814,0.009603729342760279
8,XYt,606,41,0.018985693935127067,0.0096246234157263
8,XYt,607,41,0.01900264985179229,0.009632012953645347
8,XYt,608,41,0.01900583348419443,0.009631006674155103
8,XYt,609,41,0.018977392880781797,0.009633642003133687
8,XYt,610,41,0.018925224045687205,0.009642992455164144
8,XYt,611,41,0.01880857178568987,0.009692801082527526
8,XYt,612,41,0.018668553994770413,0.009749006246373306
8,XYt,613,41,0.018466025405227057,0.00980103094429107
8,XYt,614,41,0.018275685531896693,0.009855542080197972
8,XYt,615,41,0.01806367024531219,0.009894213009089107
8,XYt,616,41,0.017888305020563326,0.009903734377779316
8,XYt,617,41,0.01768503080339202,0.00985789983009973
8,XYt,618,41,0.017772357412028813,0.009919438616346381
8,XYt,619,42,0.016946888733060772,0.00949851530235299
8,XYt,620,41,0.01774776840160037,0.009997805089112318
8,XYt,621,41,0.01784247295988266,0.009996143157904688
8,XYt,622,42,0.017373094126592596,0.009536385117630638
8,XYt,623,42,0.017988952893212593,0.00953495208894492
8,XYt,624,41,0.01944250737289629,0.009909178204733209
8,XYt,625,41,0.020092985365949105,0.009886010271900057
8,XYt,626,41,0.020534558098711825,0.009809146639463367
8,XYt,627,41,0.020562723222314477,0.009651615040981217
8,XYt,628,41,0.020781483303572875,0.00966503085051227
8,XYt,629,41,0.02102046321381009,0.009620515799677576
8,XYt,630,41,0.021154033286882284,0.009535308932404805
8,XYt,631,40,0.022234315570806285,0.009945671018951788
8,XYt,632,40,0.022097543886200638,0.009912796172417485
8,XYt,633,40,0.021831192996223135,0.009850918079617382
8,XYt,634,40,0.021600976175410947,0.00979359821386545
8,XYt,635,40,0.021341051387423576,0.009703114362272157
8,XYt,636,40,0.020998214905754476,0.00962958975497836
8,XYt,637,40,0.02069158032221848,0.009594412693807161
8,XYt,638,40,0.020603296645493617,0.009613782222835111
8,XYt,639,40,0.020589691581775687,0.009655756762658613
8,XYt,640,40,0.020858444490231692,0.009801688179108542
8,XYt,641,41,0.020368744009118523,0.00952974950714688
8,XYt,642,41,0.0211184325939975,0.009777066975826665
8,XYt,643,41,0.021705567061263666,0.009900272511564596
8,XYt,644,41,0.02215212702270751,0.009916041720351432
8,XYt,645,41,0.022547984346511247,0.00987752032275363
8,XYt,646,41,0.02292902492022325,0.009801872308552844
8,XYt,647,41,0.0233005125673097,0.009643078743493714
8,XYt,648,40,0.02475717700322963,0.009867939615467213
8,XYt,649,40,0.024674894472317487,0.009528655353658624
8,XYt,650,39,0.02608095374364969,0.00988346555487969
8,XYt,651,39,0.026065916830022445,0.009800550246168428
8,XYt,652,40,0.025938209695963357,0.009652708207261454
8,XYt,653,40,0.027205952747066713,0.009912010729628653
8,XYt,654,41,0.026311306608059106,0.009476974704367428
8,XYt,655,41,0.02652175112772364,0.00950207913935206
8,XYt,656,41,0.026629689784218813,0.009489895215553639
8,XYt,657,40,0.028175126873272532,0.009990663822583384
8,XYt,658,40,0.028220723745547967,0.009964237016003649
8,XYt,659,40,0.02827034913414809,0.009923888585835563
8,XYt,660,40,0.02836455493480619,0.009873745416110115
8,XYt,661,40,0.028524702738535617,0.009819571646637765
8,XYt,662,40,0.02881860644558998,0.009756229902714672
8,XYt,663,40,0.02934509613475302,0.009694766861508757
8,XYt,664,40,0.029945934202249877,0.009597241242307807
8,XYt,665,39,0.032449249246759806,0.009990495685312926
8,XYt,666,39,0.03271722705940321,0.009607105733569233
8,XYt,667,38,0.03403149495467243,0.009610879688546712
8,XYt,668,37,0.03520597314244535,0.009719759321249886
8,XYt,669,37,0.03503619102866145,0.009593991271305483
8,XYt,670,37,0.035001392738469556,0.009515513235189748
8,XYt,671,36,0.036683340724802234,0.00991249075173375
8,XYt,672,36,0.03583595387713632,0.009502173285144648
8,XYt,673,35,0.03675736860870051,0.009734290831915265
8,XYt,674,35,0.03550392839690439,0.009652576677700593
8,XYt,675,35,0.033629376452103815,0.009821911383234353
8,XYt,676,36,0.02957508072642332,0.009636316339900934
8,XYt,677,36,0.026296321816500608,0.009655198836498872
8,XYt,678,35,0.024132544647547938,0.009977678815252352
8,XYt,679,35,0.02162093590513057,0.00981740245708692
8,XYt,680,35,0.019963924809451646,0.00958419561680297
8,XYt,681,34,0.020034635698032034,0.00994569537143746
8,XYt,682,34,0.0193469918898794,0.0097928171726526
8,XYt,683,34,0.018860772301449346,0.009675400783032735
8,XYt,684,34,0.018507921844671493,0.009559852379321603
8,XYt,685,34,0.018278836984237868,0.009498393153401506
8,XYt,686,34,0.018151617260991203,0.009449672345873834
8,XYt,687,34,0.018166283358944033,0.0094609712282101
8,XYt,688,34,0.01826368268471831,0.009492900996583356
8,XYt,689,34,0.01840062271920889,0.00953975954526973
8,XYt,690,34,0.01857482102489298,0.009612482246183872
8,XYt,691,34,0.01882631847029484,0.00969171042310659
8,XYt,692,34,0.019001016361758452,0.009745549544029874
8,XYt,693,34,0.019127516360048277,0.009783490125707991
8,XYt,694,34,0.01921765381205254,0.0097980020726523
8,XYt,695,34,0.01916313844912755,0.009776618264161272
8,XYt,696,34,0.019036663618631385,0.00973240167403837
8,XYt,697,34,0.018934381426944008,0.00971213407362303
8,XYt,698,34,0.018844670565725436,0.009674876695631841
8,XYt,699,34,0.01874094079840776,0.00964973155814479
8,XYt,700,34,0.018632990901787588,0.009621923093127442
8,XYt,701,34,0.018582782446819046,0.009624347816194898
8,XYt,702,34,0.018515336309897285,0.009610008188209096
8,XYt,703,34,0.018501538540029887,0.009618918641722549
8,XYt,704,34,0.018491605573436563,0.00963795884832385
8,XYt,705,34,0.018648276276615836,0.009701117254735736
8,XYt,706,34,0.01893074681426795,0.009800224187089925
8,XYt,707,35,0.01846302023229166,0.009475524857625308
8,XYt,708,36,0.018792897500155586,0.009653385252613028
8,XYt,709,42,0.01727224143309134,0.009446803334310905
8,XYt,710,38,0.02022359412422235,0.009889688856129309
8,XYt,711,38,0.019426905019163748,0.009514681037030558
8,XYt,712,38,0.019401468742897537,0.00943526970879183
8,XYt,713,38,0.01905193695168441,0.009385791732141952
8,XYt,714,38,0.01885994439060695,0.009491963927211718
8,XYt,715,38,0.01844559226412152,0.009772516172748652
8,XYt,716,38,0.016680474219323508,0.00943815629908145
8,XYt,717,37,0.015861939770792508,0.009518395600777827
8,XYt,718,37,0.01528289862062677,0.00950787538325371
8,XYt,719,38,0.015154423698788569,0.009531384149122888
8,XYt,720,39,0.015700937071418498,0.00961867130827386
8,XYt,721,41,0.015893527659809704,0.00957688421327008
8,XYt,722,42,0.01609344284081084,0.00983535664885595
8,XYt,723,43,0.016018090499166672,0.009717119206231745
8,XYt,724,44,0.016340885030999168,0.009876994699182191
8,XYt,725,45,0.016069278389704924,0.009791673022296539
8,XYt,726,45,0.01579835017098659,0.009976822518833322
8,XYt,727,45,0.014686544508393302,0.00983607036978991
8,YZt,0,5,0.3844842937611879,0.008472280753455592
8,YZt,1,29,0.04149739697278112,0.009580497186802447
8,YZt,2,29,0.03708102556490892,0.009926202271822103
8,YZt,3,29,0.03451440952501942,0.009760022186181544
8,YZt,4,29,0.03298236582619929,0.00970080223560752
8,YZt,5,30,0.031152882424472856,0.009386338144037002
8,YZt,6,30,0.031925924880773726,0.009408935838406587
8,YZt,7,30,0.03394676248906456,0.009397066108264488
8,YZt,8,30,0.036699463987255335,0.009854089940158545
8,YZt,9,31,0.03609715734222596,0.00931281229745527
8,YZt,10,31,0.0370424657749847,0.009420378011155223
8,YZt,11,31,0.0389606532224016,0.009652676177810396
8,YZt,12,31,0.04026605854292423,0.00979861839001042
8,YZt,13,31,0.04093821854518188,0.009992108234191775
8,YZt,14,32,0.039409217963048006,0.009644896637697643
8,YZt,15,32,0.04089664426661954,0.009484658445845118
8,YZt,16,32,0.04214532015976671,0.009706094533931496
8,YZt,17,32,0.04281598805692033,0.00987393407985307
8,YZt,18,32,0.04353815181045604,0.00994787013342241
8,YZt,19,33,0.04170568440317737,0.009610934851486966
8,YZt,20,33,0.04269661669551025,0.009458787768726851
8,YZt,21,33,0.04314920080915988,0.009701569055767674
8,YZt,22,33,0.04462681484797794,0.009657413242916258
8,YZt,23,33,0.04461662063178826,0.009881286784091543
8,YZt,24,34,0.04353689455383559,0.009398869537170753
8,YZt,25,33,0.0471239339880742,0.009946624649161894
8,YZt,26,34,0.04404456671753567,0.00948344687007824
8,YZt,27,34,0.04525465216480093,0.009582051185838372
8,YZt,28,34,0.046179245624268936,0.009508180536191629
8,YZt,29,34,0.04597972442897261,0.009732515725380936
8,YZt,30,34,0.04705533043210344,0.009798457778742102
8,YZt,31,34,0.04772114904642655,0.009856456926717836
8,YZt,32,35,0.04607121443933588,0.009401383487119443
8,YZt,33,35,0.04710451878033789,0.009494288176215233
8,YZt,34,35,0.0479424719423167,0.009459983625047292
8,YZt,35,35,0.047945798241355995,0.009769706952941767
8,YZt,36,36,0.046459544010498025,0.0094174024754876
8,YZt,37,36,0.04717146974291294,0.009683723196170196
8,YZt,38,36,0.04731614640486067,0.009913878665174805
8,YZt,39,37,0.04431442221866133,0.009507641713650183
8,YZt,40,37,0.043620051987531994,0.009728696084492481
8,YZt,41,37,0.0425861156853396,0.009932342608817769
8,YZt,42,38,0.03991426285992919,0.009483241787177686
8,YZt,43,38,0.038646815954705024,0.009578699114388549
8,YZt,44,38,0.03732089279634455,0.009707518625184822
8,YZt,45,38,0.03593590410464116,0.009804300739967527
8,YZt,46,38,0.03461077066596139,0.009867146586376184
8,YZt,47,38,0.0333496615890849,0.009922345266349953
8,YZt,48,39,0.030652404337746793,0.00942055958201571
8,YZt,49,39,0.030279080608713198,0.00949996457760323
8,YZt,50,39,0.029690894999505845,0.00947832494298253
8,YZt,51,39,0.029194974250232212,0.009469499071055022
8,YZt,52,39,0.02888440221655956,0.009437211310160369
8,YZt,53,39,0.029078019202269753,0.009463626603776283
8,YZt,54,39,0.02908713388435937,0.009494365764818775
8,YZt,55,39,0.02926866727603423,0.009495338801384291
8,YZt,56,39,0.029737697804282096,0.009516338968457905
8,YZt,57,39,0.03054950958318197,0.009549981795737522
8,YZt,58,39,0.031078879062754153,0.009554715747805668
8,YZt,59,39,0.0318874871454604,0.009544099791901626
8,YZt,60,39,0.03312091885678606,0.00959644515034838
8,YZt,61,39,0.03393192427639176,0.009754013099144565
8,YZt,62,40,0.03342116729031641,0.00956614981476831
8,YZt,63,41,0.032812677771500175,0.009819825570312421
8,YZt,64,43,0.028327672773664866,0.009827562888546183
8,YZt,65,45,0.02378723960001937,0.009510227548708453
8,YZt,66,45,0.020829927296074614,0.009503036704797829
8,YZt,67,44,0.018464520651152627,0.009516557705394665
8,YZt,68,43,0.016595388080523302,0.009555871567110694
8,YZt,69,42,0.015548521360850961,0.009847903644830222
8,YZt,70,42,0.014250644049248425,0.009766037861702265
8,YZt,71,42,0.013201396987165812,0.009745127670842077
8,YZt,72,42,0.0126635508826058,0.009865214930193798
8,YZt,73,42,0.012047280957709358,0.009957241608988213
8,YZt,74,43,0.011034090028959281,0.009455286940268566
8,YZt,75,43,0.01071736683963973,0.00956105672449403
8,YZt,76,43,0.01049267433161296,0.009693167544644733
8,YZt,77,43,0.010262589423083286,0.009833828945172977
8,YZt,78,44,0.009616593658170556,0.009409341825067061
8,YZt,79,44,0.009516235082624237,0.009562324998864311
8,YZt,80,44,0.009538277831239223,0.009759263961744608
8,YZt,81,44,0.009562381842881877,0.009964500358546475
8,YZt,82,45,0.009058917890460289,0.009505198433520722
8,YZt,83,45,0.009163651056551737,0.00963373648522906
8,YZt,84,45,0.009243839556639823,0.009758999198310303
8,YZt,85,45,0.009379206015783919,0.009860992251514768
8,YZt,86,46,0.008974091966221521,0.009430485561098637
8,YZt,87,46,0.009175226821504737,0.009619451115187
8,YZt,88,46,0.009395342638566898,0.009801352364554723
8,YZt,89,46,0.009579634254410406,0.009994825016662944
8,YZt,90,47,0.009196160051110933,0.009565919668868522
8,YZt,91,47,0.009327527719112428,0.009683224687050634
8,YZt,92,47,0.009430368922229142,0.009810023033196754
8,YZt,93,47,0.009599690450853982,0.009964188961679455
8,YZt,94,48,0.009186728260623677,0.009540588152041646
8,YZt,95,48,0.009334221895838414,0.009678636621820814
8,YZt,96,48,0.009461853431332093,0.009810486087917823
8,YZt,97,48,0.009628765771138113,0.009929342327232997
8,YZt,98,49,0.009188031393574658,0.00951977162044202
8,YZt,99,49,0.00931112894866055,0.009606937912318715
8,YZt,100,49,0.009426863929737463,0.0096776332872816
8,YZt,101,49,0.009611990636566054,0.009784707781520012
8,YZt,102,50,0.00922578316184406,0.009459885696764385
8,YZt,103,50,0.009390789550022642,0.009564446195533712
8,YZt,104,50,0.009572131066558671,0.009649627401012802
8,YZt,105,50,0.009783780136366275,0.009730795925506134
8,YZt,106,50,0.010044447212749531,0.009846472652405416
8,YZt,107,51,0.00973799229448167,0.00966403101190166
8,YZt,108,51,0.010042026307655438,0.009798878096278382
8,YZt,109,51,0.010412661868748382,0.009933384824552154
8,YZt,110,52,0.010178285619632174,0.009518829222917033
8,YZt,111,52,0.01053106632071935,0.009586891838470422
8,YZt,112,52,0.010849647592366377,0.009612956209715525
8,YZt,113,52,0.011120205883846391,0.0096415415265492
8,YZt,114,54,0.010037168267385942,0.009565586837184096
8,YZt,115,54,0.010038742044721263,0.009544322862680516
8,YZt,116,54,0.00999277899921001,0.009533321278385682
8,YZt,117,54,0.010019473051415437,0.009587104599911335
8,YZt,118,54,0.010114882773694578,0.009700291372032016
8,YZt,119,54,0.01020152247356844,0.009841588143199353
8,YZt,120,54,0.01022075050563419,0.009961404439489315
8,YZt,121,55,0.009523010040759623,0.009482244261901175
8,YZt,122,54,0.009886583180208495,0.009977172563835972
8,YZt,123,54,0.009629593734045639,0.00990628312708566
8,YZt,124,54,0.009368286762283875,0.009820030727662132
8,YZt,125,54,0.009128859294303758,0.009725301310238224
8,YZt,126,54,0.008950954013679045,0.009651004023477777
8,YZt,127,54,0.008853438038801582,0.009595978455072847
8,YZt,128,54,0.0088153580160997,0.009549664771405876
8,YZt,129,54,0.008825420709630192,0.00951465282465382
8,YZt,130,53,0.009382732667397172,0.009995909848008458
8,YZt,131,53,0.009397256288599175,0.009960538844032415
8,YZt,132,53,0.009427388419017375,0.00992421744237065
8,YZt,133,53,0.009451340091277198,0.009875667944496607
8,YZt,134,53,0.009512410144055305,0.009840671177153893
8,YZt,135,53,0.009582453778693358,0.009817285469562377
8,YZt,136,53,0.00965074467269788,0.009799978923837074
8,YZt,137,53,0.009738235342481588,0.009797678036268728
8,YZt,138,53,0.009844667301079515,0.00981421419044416
8,YZt,139,53,0.00997516629239483,0.009856309714467626
8,YZt,140,53,0.010063877778197748,0.009904021022968394
8,YZt,141,53,0.010070871229144258,0.009922184408075106
8,YZt,142,53,0.010020866392680263,0.009907584940860309
8,YZt,143,53,0.009932618825743408,0.009884151467271158
8,YZt,144,53,0.009815314002169215,0.009830741830432812
8,YZt,145,53,0.009645506390621878,0.00972241794845344
8,YZt,146,51,0.010611510982474526,0.009581685715854297
8,YZt,147,50,0.011015811660339693,0.009986379629123179
8,YZt,148,50,0.010814776291520082,0.009862087843378968
8,YZt,149,50,0.010634673086440968,0.009750471460980816
8,YZt,150,50,0.010515556575394354,0.009666559424873376
8,YZt,151,50,0.010431266425069427,0.009593854341362588
8,YZt,152,50,0.010381088483399784,0.009499184714168161
8,YZt,153,49,0.010993196525367717,0.009658687931864906
8,YZt,154,49,0.010930650229214236,0.009482120078843517
8,YZt,155,48,0.011483314995494799,0.0098154776133825
8,YZt,182,41,0.012621534844689366,0.009897171838691323
8,YZt,183,41,0.013499870558400868,0.00990364686679296
8,YZt,184,42,0.013868157569376356,0.009397532289502153
8,YZt,185,42,0.015698934402943433,0.009706609691584569
8,YZt,186,43,0.017411930694075883,0.009629125129775365
8,YZt,187,44,0.020881782518541763,0.009839752991340675
8,YZt,188,45,0.024031420641940488,0.009533992987673717
8,YZt,189,44,0.029773174011756578,0.00944453440678532
8,YZt,190,41,0.03948662860977161,0.009793140173172349
8,YZt,191,39,0.04558235216658704,0.009652116801578686
8,YZt,192,38,0.0476309740341429,0.009466264255894552
8,YZt,193,37,0.049694313950324275,0.009752912233217531
8,YZt,194,37,0.05013505006640441,0.009652369175333913
8,YZt,195,37,0.04845620465131675,0.009438330373448154
8,YZt,196,36,0.05137090433949727,0.009902876533891753
8,YZt,197,36,0.05008408240195074,0.009841782073124129
8,YZt,198,36,0.049804591808749035,0.009784150535136244
8,YZt,199,36,0.049949103231861386,0.009738166732100893
8,YZt,200,36,0.048834829901752384,0.009703637959778796
8,YZt,201,36,0.04897219403857662,0.009710363882272963
8,YZt,202,36,0.04929873707903661,0.009677760151416144
8,YZt,203,36,0.048415366003648104,0.009594748073560212
8,YZt,204,36,0.04845148151742737,0.009544393320388303
8,YZt,205,36,0.04879271569232749,0.009530802020121685
8,YZt,206,36,0.04925673868136194,0.00947988391694291
8,YZt,207,36,0.04841387009821181,0.00942081282753456
8,YZt,156,48,0.011287938825700892,0.009529410961380857
8,YZt,157,47,0.011703962113795579,0.00974153983670299
8,YZt,158,46,0.011998264227077398,0.009760675721516563
8,YZt,159,45,0.012151394068869096,0.009957565552970666
8,YZt,160,45,0.011600693676080078,0.009646686710193234
8,YZt,161,45,0.01110948058209131,0.009416390270988558
8,YZt,162,44,0.01138492576193336,0.009734454795062648
8,YZt,163,44,0.010955647532462774,0.009577060078182232
8,YZt,164,44,0.010610358716588643,0.009448375896565367
8,YZt,165,43,0.010947961681409121,0.009936972469230207
8,YZt,166,43,0.010613799464707042,0.009816718134193974
8,YZt,167,43,0.0102640555236775,0.009710948924722435
8,YZt,168,43,0.010000514234257995,0.009642166339880109
8,YZt,169,43,0.009738576838144294,0.009619356550794822
8,YZt,170,43,0.009444316621738886,0.00953799855343681
8,YZt,171,43,0.009230246765377956,0.00944201185016482
8,YZt,172,42,0.009622012351352242,0.00998963596248542
8,YZt,173,42,0.009592105787731649,0.00995123384470142
8,YZt,174,42,0.009664639830303464,0.009908043999252714
8,YZt,175,42,0.009712878717900383,0.009874469869748931
8,YZt,176,42,0.009842028917175708,0.009814201111858486
8,YZt,177,42,0.009955944958396315,0.009722870252025086
8,YZt,178,42,0.010196277561907907,0.009657819185464841
8,YZt,179,42,0.010520135811991013,0.009555226217834431
8,YZt,180,42,0.010838745514366147,0.009409661204745588
8,YZt,181,41,0.012039350261497361,0.009945857083896463
8,YZt,208,36,0.04848405224962808,0.009404769681812312
8,YZt,209,35,0.05146405770932687,0.009993798701374361
8,YZt,210,36,0.048557570806833726,0.009410388590796482
8,YZt,211,35,0.05037502015365131,0.009929578943514882
8,YZt,212,35,0.050439216990392076,0.009873117905191688
8,YZt,213,35,0.05080348002802531,0.009870878730597214
8,YZt,214,35,0.05091262654760827,0.00983915178559151
8,YZt,215,35,0.05091724295101983,0.009819264633461907
8,YZt,216,35,0.050603395803251676,0.009752631847301388
8,YZt,217,35,0.05045306520252222,0.009773515134168775
8,YZt,218,35,0.0490443618834734,0.009764561723520306
8,YZt,219,35,0.04867193547705358,0.00965655420644553
8,YZt,220,35,0.04812482509164929,0.009557040677153924
8,YZt,221,35,0.04776736243294667,0.009532737335778595
8,YZt,222,35,0.04715261993682859,0.009447775480633627
8,YZt,223,34,0.04910001094666781,0.009962142237206782
8,YZt,224,34,0.0482872422252205,0.009873278997639935
8,YZt,225,34,0.048931937851092094,0.00967268024950329
8,YZt,226,34,0.048460180819049396,0.00977610770901196
8,YZt,227,34,0.04758670914353212,0.009672291086050966
8,YZt,228,34,0.04662864215937199,0.009591363783302139
8,YZt,229,34,0.04583250264507182,0.00953751495509398
8,YZt,230,34,0.04486115539831107,0.009458239051932184
8,YZt,231,33,0.04778284242859511,0.009853421644867915
8,YZt,232,33,0.04663627052699211,0.00991351951743778
8,YZt,233,33,0.04539377360264555,0.009797968524647259
8,YZt,234,33,0.04557899480627841,0.009596735914745507
8,YZt,235,33,0.04421262401895812,0.00960933790144043
8,YZt,236,33,0.04297288567891673,0.009566317826529456
8,YZt,237,33,0.04322095328096295,0.009377407544936614
8,YZt,238,33,0.04171553100722548,0.009414137310550477
8,YZt,239,32,0.04398431360083364,0.009811439433976187
8,YZt,240,32,0.043071674410572997,0.009983039499351351
8,YZt,241,32,0.04197631478057238,0.009643203747350147
8,YZt,242,32,0.041494524580289543,0.009580030588416099
8,YZt,243,32,0.04092650486658968,0.009398602043480375
8,YZt,244,31,0.042250293900983615,0.009872253048166335
8,YZt,245,32,0.038631434368070525,0.00943770566570715
8,YZt,246,31,0.03994967790014486,0.009761329213096432
8,YZt,247,31,0.03947397172442525,0.009604994016071204
8,YZt,248,31,0.03806481011173794,0.009441179616188525
8,YZt,249,30,0.039032856178452605,0.009923273243942125
8,YZt,250,30,0.037910336917541525,0.009821261581763779
8,YZt,251,30,0.035712092072098876,0.009669924900643877
8,YZt,252,29,0.03623862685238397,0.009998854992930928
8,YZt,253,30,0.031545205926957774,0.009288344577581424
8,YZt,254,30,0.030931172784638163,0.009252042833180943
8,YZt,255,29,0.03248072973042654,0.009625669439245888
8,YZt,256,29,0.03398192135382325,0.009695503019307905
8,YZt,257,29,0.0367212798067745,0.009890105183601608
8,YZt,258,29,0.04135035464605325,0.009572036051021233
8,YZt,259,5,0.37525109417331254,0.008298891031091373
8,XZt,0,5,0.3888857369217894,0.008130294089741174
8,XZt,1,28,0.040670773679639054,0.009763439754967919
8,XZt,2,29,0.03296355865068377,0.009432946713999687
8,XZt,3,29,0.030897379594705544,0.009420555731446506
8,XZt,4,29,0.02994823925728668,0.00942700056586546
8,XZt,5,29,0.03147470459831912,0.009874056161120994
8,XZt,6,29,0.032945679156220486,0.009986783655416163
8,XZt,7,30,0.033719625252639766,0.009429731318006587
8,XZt,8,30,0.03619886685941514,0.009772538101430547
8,XZt,9,30,0.03827160833855612,0.009867185045968343
8,XZt,10,30,0.039239704357617505,0.009935390852261456
8,XZt,11,31,0.03821594543628379,0.009480195033435562
8,XZt,12,31,0.03974806749531321,0.009653159788083074
8,XZt,13,31,0.04041556954459549,0.009854845399070564
8,XZt,14,32,0.039115186600465444,0.009579553481173982
8,XZt,15,32,0.0405792550812939,0.009399028664100934
8,XZt,16,32,0.04225415031976832,0.009704079061849634
8,XZt,17,32,0.043005936010996976,0.009850142943177709
8,XZt,18,32,0.043724231235513084,0.00992175412749455
8,XZt,19,33,0.042202680804955005,0.00962413002146023
8,XZt,20,33,0.04327568491437582,0.009503738740696864
8,XZt,21,33,0.04343316083618194,0.009669717424273932
8,XZt,22,33,0.04497668899202688,0.009616431267186766
8,XZt,23,33,0.04468541006125226,0.00980785992542685
8,XZt,24,34,0.043751499775464664,0.00942494909595479
8,XZt,25,33,0.047394795311133324,0.009895390984849501
8,XZt,26,34,0.04419767815004726,0.009423585050572045
8,XZt,27,34,0.045168468451158406,0.009489691095320569
8,XZt,28,33,0.04861645982995051,0.009960895736191577
8,XZt,29,34,0.04594032127973592,0.009579970587224236
8,XZt,30,34,0.046537583345185235,0.009645599341509077
8,XZt,31,34,0.047182658955054364,0.009715330450334939
8,XZt,32,34,0.04815642084060838,0.00992387891341956
8,XZt,33,34,0.04860341047325418,0.009884138481225737
8,XZt,34,34,0.04911755264426951,0.009741079233563776
8,XZt,35,34,0.04817189244403986,0.009901117560926924
8,XZt,36,35,0.04626946924502821,0.009402451022323791
8,XZt,37,35,0.04670590219966374,0.00944179641026696
8,XZt,38,35,0.04724445660010082,0.009499813897115938
8,XZt,39,35,0.047872355625506874,0.0095883237396137
8,XZt,40,35,0.048460457926966266,0.00978287450959572
8,XZt,41,35,0.048813482703686226,0.009805184112143879
8,XZt,42,35,0.05034401463327419,0.009864155894024892
8,XZt,43,35,0.050637220908877366,0.00995821733219876
8,XZt,44,36,0.048043061151555,0.00944730055502407
8,XZt,45,36,0.04814894122318193,0.009535022557368345
8,XZt,46,36,0.048324184758938536,0.009682288112079324
8,XZt,47,36,0.04820315631928026,0.009787504371072174
8,XZt,48,36,0.04828927338550554,0.00997462833284891
8,XZt,49,37,0.04656611578955306,0.009453104647333486
8,XZt,50,37,0.047004974835841824,0.009585877445748616
8,XZt,51,37,0.047081350726401565,0.00970365061226875
8,XZt,52,37,0.0472696825383089,0.009860653815784408
8,XZt,53,38,0.045677170618270285,0.009450328977928238
8,XZt,54,38,0.045761892721391764,0.009590307384267608
8,XZt,55,38,0.045763760136550716,0.009767950851706824
8,XZt,56,39,0.043622041999706575,0.009430669008516687
8,XZt,57,39,0.044482023473363434,0.009635286531267766
8,XZt,58,39,0.0442803425586022,0.009832603069688403
8,XZt,59,40,0.04179774200190228,0.009461506987221088
8,XZt,60,40,0.042597665296081895,0.009710390893849796
8,XZt,61,40,0.04218491361991996,0.009972089608685083
8,XZt,62,41,0.0397169307270966,0.009624088561041503
8,XZt,63,41,0.04000069634758141,0.00986836930179886
8,XZt,64,42,0.03718956411710094,0.009490758987783976
8,XZt,65,42,0.037786144564251,0.009782273231112141
8,XZt,66,43,0.03510371654895253,0.009421009791565042
8,XZt,67,43,0.03524196495387949,0.009761217156405806
8,XZt,68,44,0.03248261928309428,0.009546416199539193
8,XZt,69,44,0.031565549407640586,0.009917823367674659
8,XZt,70,45,0.02819213036742038,0.009611697809576953
8,XZt,71,45,0.026389255448411454,0.009869854227905824
8,XZt,72,46,0.023947907479624154,0.009587814740717567
8,XZt,73,46,0.02232366133184804,0.009756933453763963
8,XZt,74,46,0.021309920689268888,0.009905723142449727
8,XZt,75,47,0.019134305249191866,0.009432186455233681
8,XZt,76,47,0.0182415026393688,0.009500702965556366
8,XZt,77,47,0.017346691314592648,0.009539322252888387
8,XZt,78,47,0.016570355902924407,0.009550397855941773
8,XZt,79,47,0.015810050415197126,0.00954855671060497
8,XZt,80,47,0.015200399174563617,0.009560766626135874
8,XZt,81,47,0.01466548120259503,0.009586562936664303
8,XZt,82,47,0.014204946905039994,0.009603110164455817
8,XZt,83,47,0.013793092067402386,0.009625332295917598
8,XZt,84,47,0.013391765717182282,0.00965975649544169
8,XZt,85,47,0.013093146141777671,0.009690583878337721
8,XZt,86,47,0.012842250039370043,0.009736578040369504
8,XZt,87,47,0.01266704552086864,0.009821662740949907
8,XZt,88,47,0.012588029139315327,0.009917587596338893
8,XZt,89,48,0.011892209757586697,0.009557970840872598
8,XZt,90,48,0.011925352117197856,0.009775388982102595
8,XZt,91,48,0.011907564163975464,0.009950725743125876
8,XZt,92,49,0.011221891527304321,0.009549927157271524
8,XZt,93,49,0.011202218401108669,0.009672613034102728
8,XZt,94,49,0.011136311071242992,0.009799515372622901
8,XZt,95,49,0.011065892326105066,0.009898625382416069
8,XZt,96,49,0.010967786722895674,0.00996380866345702
8,XZt,97,50,0.010298352575049007,0.009479558366899645
8,XZt,98,50,0.010163112385127392,0.009589719637373179
8,XZt,99,50,0.010012559247868784,0.00958830831580172
8,XZt,100,50,0.009855723677122823,0.00957867056621133
8,XZt,101,50,0.009749704837287586,0.009595032782343194
8,XZt,102,50,0.009596950927884635,0.009735632840669
8,XZt,103,50,0.009456150648649556,0.009751249827500233
8,XZt,104,50,0.009323552122924851,0.009742684375580566
8,XZt,105,50,0.009211365823417639,0.009732676851445268
8,XZt,106,50,0.009110421203385798,0.009745170047961332
8,XZt,107,51,0.00850789682390137,0.009485973704157583
8,XZt,108,51,0.008404950704748771,0.009489357060230113
8,XZt,109,51,0.00833914209484869,0.009493110162248481
8,XZt,110,51,0.008279615442698621,0.0094903126750984
8,XZt,111,51,0.0082533646456791,0.009482938715374051
8,XZt,112,50,0.008660691992544517,0.009987801751537117
8,XZt,113,51,0.008167115007326893,0.009486692003540357
8,XZt,114,53,0.00730350795460161,0.00957835915250703
8,XZt,115,53,0.007290215472395442,0.00960621785675359
8,XZt,116,53,0.007265786992324509,0.009619552060199448
8,XZt,117,53,0.0072213571828448845,0.009617085275704646
8,XZt,118,53,0.007194545408583217,0.009613751805169426
8,XZt,119,53,0.007169705423480255,0.009599155314428193
8,XZt,120,53,0.007155890823279448,0.009590644013171034
8,XZt,121,53,0.007133245667660956,0.009580626793432443
8,XZt,122,53,0.007113582337483364,0.009576249196344332
8,XZt,123,53,0.007098278801288427,0.009566554379753622
8,XZt,124,53,0.00707538523061726,0.009563565678846378
8,XZt,125,53,0.007045424336271261,0.009570011006444137
8,XZt,126,53,0.007022287606968055,0.009586098962186543
8,XZt,127,53,0.007016797912892778,0.009595598685033792
8,XZt,128,53,0.007024027945439181,0.009617870375368187
8,XZt,129,53,0.007056295963950152,0.009646367078753364
8,XZt,130,53,0.007093734955873563,0.009666631012232295
8,XZt,131,53,0.007109001294037748,0.009682311167320037
8,XZt,132,53,0.007138611773405407,0.009695368328885042
8,XZt,133,53,0.007185670351112215,0.009692059191819195
8,XZt,134,53,0.00725072598660246,0.009702461781276947
8,XZt,135,53,0.007347612497656234,0.009735623669088369
8,XZt,136,53,0.00741482770726715,0.00974595341881461
8,XZt,137,53,0.007481104164580775,0.009766546429062122
8,XZt,138,53,0.007554435756516148,0.00978451899433461
8,XZt,139,53,0.007607330702080663,0.009784403781029858
8,XZt,140,53,0.007648010919008818,0.009772045265273222
8,XZt,141,53,0.007708857113062915,0.009768986041314938
8,XZt,142,53,0.007746767363152618,0.00975004791191786
8,XZt,143,53,0.007808080425771504,0.009738471029834644
8,XZt,144,53,0.007868730372780363,0.009720827256967695
8,XZt,145,53,0.007927215468120056,0.009680975025518778
8,XZt,146,51,0.00895186041353182,0.009618421299504496
8,XZt,147,51,0.009085185706089285,0.009619790205011367
8,XZt,148,51,0.009244580013445605,0.009634956385411805
8,XZt,149,51,0.009407937011953525,0.009635757114359367
8,XZt,150,51,0.00961165861297506,0.00963864989912471
8,XZt,151,51,0.009817692147749378,0.00962601439741083
8,XZt,152,51,0.010052827413797994,0.009605534349482348
8,XZt,153,50,0.010923905036772654,0.00988217908670054
8,XZt,154,50,0.01117428723225936,0.009868663929810546
8,XZt,155,50,0.01145089468255852,0.009886737608727828
8,XZt,156,50,0.01176651992665048,0.009919510179033362
8,XZt,157,50,0.012108442676869197,0.009952563422634265
8,XZt,158,50,0.012478104668287913,0.009864203417315115
8,XZt,159,50,0.012814719875812825,0.009919490488093933
8,XZt,160,50,0.013194270803349565,0.009982220505128397
8,XZt,161,51,0.01280861551837586,0.009494240564712774
8,XZt,162,51,0.013239045001052482,0.009512188171201868
8,XZt,163,51,0.013596309528341814,0.009606258813358415
8,XZt,164,51,0.01401666316826151,0.00972181522698281
8,XZt,165,51,0.014403115709010851,0.009822264449008966
8,XZt,166,51,0.014799766554162656,0.009898906143224013
8,XZt,167,51,0.015073328748255095,0.009956792105243395
8,XZt,168,51,0.015390275586441276,0.00998441346980098
8,XZt,169,51,0.015697345728110105,0.009975026121516871
8,XZt,170,51,0.015871430335643793,0.009898518262740014
8,XZt,171,51,0.016042600443179664,0.009800622392249433
8,XZt,172,51,0.016108021138375683,0.00966465494873608
8,XZt,173,51,0.015963196092945196,0.009453933765480966
8,XZt,174,50,0.016595837296227368,0.009791262882854599
8,XZt,175,50,0.01617986325786829,0.009516506686773202
8,XZt,176,49,0.01669802068543328,0.009814457562684805
8,XZt,177,49,0.016181708431090718,0.009502890183863424
8,XZt,178,48,0.016569094271341695,0.009759322860624791
8,XZt,179,47,0.01693576493917647,0.009998355451167886
8,XZt,180,47,0.016359774766071707,0.009643962127214698
8,XZt,181,46,0.01689567920493796,0.009930918726037252
8,XZt,182,46,0.01649397569353,0.009653654935961233
8,XZt,183,46,0.016263407110567805,0.009443351663683045
8,XZt,184,45,0.017091644288831052,0.00987999054277287
8,XZt,185,45,0.01710642952088852,0.009788092214737776
8,XZt,186,45,0.01713830814461411,0.00974605076313321
8,XZt,187,45,0.01756582886112029,0.00977160437571247
8,XZt,188,45,0.01772350281457527,0.009742474152544119
8,XZt,189,45,0.018273024956342865,0.009766899553515724
8,XZt,190,45,0.018845675176276905,0.00975689455958361
8,XZt,191,45,0.01932777339936126,0.009659705944273183
8,XZt,192,45,0.019794949953680464,0.009485760145203307
8,XZt,193,44,0.02102172807847567,0.009767818302951451
8,XZt,194,44,0.021106600734789403,0.009441521562109003
8,XZt,195,43,0.021830674345368246,0.009626743986689223
8,XZt,196,42,0.022862634560206686,0.009895372937825164
8,XZt,197,42,0.02224052739850638,0.009566614465091076
8,XZt,198,41,0.02314438854130424,0.009915970807991137
8,XZt,199,41,0.023033043238104945,0.009754815211139488
8,XZt,200,41,0.02264307961235567,0.009640804953044738
8,XZt,201,41,0.0225266022931219,0.00959598572464368
8,XZt,202,41,0.022602597248564255,0.009576423149831939
8,XZt,203,41,0.022327715838397315,0.009515959245615827
8,XZt,204,41,0.02220456455170622,0.00945316545376968
8,XZt,205,41,0.022174209210700135,0.00940957906263258
8,XZt,206,41,0.022240107646638432,0.009412529798085522
8,XZt,207,41,0.02207019078830737,0.009392855473614297
8,XZt,234,34,0.04723691753182023,0.009772600917694862
8,XZt,235,34,0.04596105184983864,0.009852905667243105
8,XZt,236,34,0.04445231226788128,0.009638242859698266
8,XZt,237,34,0.04445965254204269,0.009415743066825934
8,XZt,238,34,0.04299907773946454,0.009452931376362758
8,XZt,239,33,0.04526438322982088,0.009894799927689338
8,XZt,240,34,0.04150068512947527,0.009346284920017604
8,XZt,241,33,0.043130833424234426,0.009663111634985304
8,XZt,242,33,0.042519699773426435,0.009611707099408798
8,XZt,243,33,0.04184193169564909,0.009480197682444168
8,XZt,244,32,0.043290417270027984,0.009894516794290903
8,XZt,245,33,0.03932494279116594,0.00942739541518504
8,XZt,246,32,0.04068801383645015,0.009752472195392345
8,XZt,247,32,0.03999579423500916,0.009504584873140293
8,XZt,248,32,0.03852521454065583,0.00937144164040826
8,XZt,249,31,0.039515650362234526,0.009850802963078912
8,XZt,250,31,0.038560777449604594,0.009749656971251375
8,XZt,251,31,0.03647140003302534,0.00972476074502352
8,XZt,252,31,0.03410155296777474,0.009359456982893725
8,XZt,253,30,0.0337651589810885,0.009938011953222603
8,XZt,254,30,0.03201881504246166,0.009805465841041049
8,XZt,255,30,0.03047759929806637,0.009420101945653698
8,XZt,256,30,0.031290417266660576,0.009422621187721709
8,XZt,257,30,0.03290143357170352,0.009342323497034425
8,XZt,258,29,0.03959838092990397,0.009503282760923892
8,XZt,259,5,0.3765681458034977,0.008489495850929797
8,XZt,208,40,0.023482598261425364,0.00999077833305805
8,XZt,209,40,0.023564075750596613,0.009989730932254746
8,XZt,210,40,0.023597291123756876,0.009948552839481492
8,XZt,211,40,0.02372595878776531,0.009949655055642886
8,XZt,212,40,0.02418523589511006,0.00993140424018214
8,XZt,213,40,0.02510110210954962,0.009996628909614409
8,XZt,214,41,0.024837412324317576,0.009455628080923824
8,XZt,215,41,0.026369934079536254,0.009544908435213498
8,XZt,216,41,0.028349971439685616,0.009619474611103448
8,XZt,217,41,0.030743557022761415,0.009676626965116175
8,XZt,218,41,0.03286814768214397,0.009667485401078518
8,XZt,219,41,0.03569755141324269,0.009642445018457228
8,XZt,220,41,0.03826220216320735,0.009549809113742995
8,XZt,221,41,0.04014171821315772,0.00945726721407284
8,XZt,222,40,0.04372668979346527,0.00984730010308582
8,XZt,223,39,0.04592670131379159,0.009961252615563992
8,XZt,224,38,0.04698630824768297,0.009880847944959949
8,XZt,225,37,0.04873113339127515,0.009753744760222772
8,XZt,226,37,0.0466818841324251,0.009396851716517949
8,XZt,227,36,0.048046816045300415,0.009774548592599928
8,XZt,228,36,0.04632607637314109,0.009427234399168588
8,XZt,229,35,0.04794580803767891,0.009872242872926878
8,XZt,230,35,0.04671175257345092,0.009694358666728438
8,XZt,231,35,0.04649072763074446,0.009408663589182882
8,XZt,232,35,0.04550605745772036,0.00944477401018996
8,XZt,233,34,0.0468364309587826,0.009933115713010596
9,XYt,0,63,0.0023511741065427774,0.009645355180158976
9,XYt,1,63,0.0025117456827008474,0.00993728236027486
9,XYt,2,63,0.0024307373314977256,0.00954077831489313
9,XYt,3,62,0.0024454813985532934,0.00966081546716161
9,XYt,4,61,0.0025131663767928108,0.009862727712323978
9,XYt,5,61,0.002490181385285838,0.009616416584852436
9,XYt,6,60,0.0026614047544117653,0.009890549536568455
9,XYt,7,60,0.002495566272694025,0.009560321071616716
9,XYt,8,59,0.0025612739352627117,0.009918624160588094
9,XYt,9,60,0.002459460235017325,0.00957223701609512
9,XYt,10,60,0.0025348382329947717,0.009681967235067639
9,XYt,11,60,0.002537288647104838,0.009587021882549632
9,XYt,12,59,0.0027021680945100426,0.00993499417289153
9,XYt,13,59,0.002762852670694745,0.009926265127642036
9,XYt,14,59,0.002846359247378658,0.009940106483633492
9,XYt,15,59,0.0027219099127734256,0.009771563940803547
9,XYt,16,58,0.0022525200015242946,0.009824430690514483
9,XYt,17,59,0.0020788225725125844,0.009605089883894458
9,XYt,18,59,0.0022014579461075916,0.009570439957497498
9,XYt,19,58,0.0025175600577041313,0.009894990784357079
9,XYt,20,58,0.002636832918254059,0.009909623673511864
9,XYt,21,58,0.0027200591988195484,0.009963754389964557
9,XYt,22,59,0.002589631391054459,0.009572777741029753
9,XYt,23,59,0.002562461228671858,0.009579051182158885
9,XYt,24,58,0.0026467881588333225,0.009973930457944603
9,XYt,25,58,0.002535509963538122,0.00985638434002925
9,XYt,26,58,0.0024201686715086697,0.009741832571906299
9,XYt,27,58,0.0023328987801369996,0.009660049167064644
9,XYt,28,58,0.0022851359091398005,0.009619168811614797
9,XYt,29,58,0.002282068377045072,0.009601730685737902
9,XYt,30,58,0.0023005135488884847,0.009592963900042748
9,XYt,31,58,0.002357928930108863,0.00960893496353534
9,XYt,32,58,0.0024541859252133393,0.009625035379692117
9,XYt,33,58,0.002616527430130576,0.009642044448026651
9,XYt,34,58,0.002855279632389929,0.009647266242960167
9,XYt,35,58,0.003221541769366134,0.009657050509423497
9,XYt,36,58,0.0038195294324758497,0.009690148381831664
9,XYt,37,58,0.004852842393549209,0.009790131319589898
9,XYt,38,58,0.006461198282449912,0.00985014039365887
9,XYt,39,58,0.008781526795001911,0.009811530270052554
9,XYt,40,57,0.011680063127845471,0.009989424623576298
9,XYt,41,57,0.013200841742513856,0.009557611573676626
9,XYt,42,56,0.015370003566016397,0.009697985477716687
9,XYt,43,55,0.018086675560621126,0.009901978149732591
9,XYt,44,55,0.020020019513837313,0.009629170683393478
9,XYt,45,54,0.023274381480638436,0.009930303313986382
9,XYt,46,54,0.02541631933965606,0.009913204042139802
9,XYt,47,54,0.025652701284713666,0.009942659492305009
9,XYt,48,54,0.025406724751885906,0.009905894127031287
9,XYt,49,54,0.025764928085349373,0.00983694288980103
9,XYt,50,54,0.026499059562974252,0.009724543707095957
9,XYt,51,54,0.027316539129458816,0.009547433265167962
9,XYt,52,53,0.029386893563446426,0.009763068499592943
9,XYt,53,52,0.030982133853248085,0.009856756496857366
9,XYt,54,51,0.03167580356502965,0.009819677070088554
9,XYt,55,50,0.031218298239060305,0.009697662012574073
9,XYt,56,49,0.029712054964049116,0.009569919918930534
9,XYt,57,48,0.028058946114803685,0.009558713855777373
9,XYt,58,47,0.026872254152758086,0.009670884543580843
9,XYt,59,46,0.026626606536836548,0.009903518613621933
9,XYt,60,46,0.02559881697735701,0.009643007444272112
9,XYt,61,46,0.02526634012893305,0.009517152785160242
9,XYt,62,46,0.025279983583987985,0.00944889098935881
9,XYt,63,46,0.025515805381543716,0.009407616275590062
9,XYt,64,46,0.025814039481514315,0.009430830261767794
9,XYt,65,46,0.025994424595680604,0.009481419738345593
9,XYt,66,46,0.02602220311571131,0.009594615051463987
9,XYt,67,46,0.025900095330147997,0.009769366497344794
9,XYt,68,46,0.025587749999598185,0.009874638739272811
9,XYt,69,46,0.025106548644338516,0.009874841684066533
9,XYt,70,46,0.024692029138349274,0.009864977222675946
9,XYt,71,46,0.024349228971040377,0.00986578224847806
9,XYt,72,46,0.024185783876498702,0.009939616004549809
9,XYt,73,46,0.02395998695066204,0.00999148804529069
9,XYt,74,47,0.0224414588022019,0.009438380218200332
9,XYt,75,47,0.02234753454810319,0.009531466119773652
9,XYt,76,47,0.022213615310349107,0.00957472776994555
9,XYt,77,47,0.02185637268894599,0.009565166828492313
9,XYt,78,47,0.021262940841536414,0.009471416921890975
9,XYt,79,46,0.02198384594752638,0.009994061153289484
9,XYt,80,46,0.021352279619019886,0.009857907755690579
9,XYt,81,46,0.020792315920093993,0.009694690704063213
9,XYt,82,46,0.02040898874118398,0.009577025348322948
9,XYt,83,46,0.020234236736146542,0.009615441174982569
9,XYt,84,46,0.02018946656372696,0.009740481505503133
9,XYt,85,46,0.020153232081394908,0.009833557222623681
9,XYt,86,46,0.019952145698595207,0.009876212342321325
9,XYt,87,46,0.019585599452712106,0.009857392579030809
9,XYt,88,46,0.01923611545256419,0.009904934997766044
9,XYt,89,46,0.018942840690156348,0.009963467390854068
9,XYt,90,46,0.01869280382303152,0.009999537064347197
9,XYt,91,47,0.01748358620327248,0.009423654397516627
9,XYt,92,47,0.017412666476087215,0.009408942066237842
9,XYt,93,47,0.01737524775117158,0.00944673138075584
9,XYt,94,47,0.0172331793020701,0.009435514811423958
9,XYt,95,46,0.01812608163103862,0.009929191924023886
9,XYt,96,46,0.01799702678392205,0.00990841770777231
9,XYt,97,46,0.017922778511323782,0.009909150214433312
9,XYt,98,46,0.017817952991574508,0.009900971689093216
9,XYt,99,46,0.017724688397255665,0.009933362239688425
9,XYt,100,47,0.016627037032732113,0.00941891998578184
9,XYt,101,47,0.01658071823555031,0.00947068355745622
9,XYt,102,47,0.01649572908110295,0.009516431155254391
9,XYt,103,47,0.01638529189433965,0.009565295475980905
9,XYt,104,47,0.01626392454765165,0.009542480662187665
9,XYt,105,47,0.016146735540883455,0.00946084983325936
9,XYt,106,46,0.016930975719200707,0.009902930859258455
9,XYt,107,46,0.016788858420610536,0.009775647250340606
9,XYt,108,46,0.016754687553836953,0.009678738852311523
9,XYt,109,46,0.01673285705411231,0.009651702871206065
9,XYt,110,46,0.016805974029403897,0.009691343617969181
9,XYt,111,46,0.016957584651270726,0.009747208513363116
9,XYt,112,46,0.017001224086481168,0.009734110239937964
9,XYt,113,46,0.0171220372652928,0.009704054793130468
9,XYt,114,46,0.017388519466335413,0.009813077368811426
9,XYt,115,47,0.016750859118130183,0.009421315270187521
9,XYt,116,47,0.017180612977847516,0.009556940414931487
9,XYt,117,47,0.017452646067293964,0.009544596095353535
9,XYt,118,47,0.017600635649315678,0.00942885503014797
9,XYt,119,46,0.018839220778290484,0.00997408712456428
9,XYt,120,47,0.01788069247198471,0.009429841040602228
9,XYt,121,46,0.018789798781431798,0.00999819308076672
9,XYt,122,46,0.018739021618561193,0.00998029619128834
9,XYt,123,46,0.018698574920197438,0.009911398648020604
9,XYt,124,46,0.018700658461376952,0.009871532728363419
9,XYt,125,46,0.018872249394336134,0.00994944023123359
9,XYt,126,47,0.018045166439157767,0.009459110493738182
9,XYt,127,47,0.01834132036966595,0.00954970468491004
9,XYt,128,47,0.01870800439552522,0.009576157294013385
9,XYt,129,47,0.018939628807405212,0.009511996322048227
9,XYt,130,46,0.020160641179065793,0.009970434193748396
9,XYt,131,46,0.02018444164157275,0.00982247932769503
9,XYt,132,46,0.020225625711746742,0.009688697372636355
9,XYt,133,46,0.020374650587820665,0.00958794680946509
9,XYt,134,46,0.020644388084770073,0.009507139900359955
9,XYt,135,46,0.02106411525389639,0.009503406138936446
9,XYt,136,46,0.021670941391444654,0.009584348871901531
9,XYt,137,46,0.022029460305040403,0.009576935201607188
9,XYt,138,46,0.022339481203774915,0.00959157516551363
9,XYt,139,46,0.02270665524225263,0.009626328385557992
9,XYt,140,46,0.02268165148749873,0.009522132099941877
9,XYt,141,46,0.0225251485845497,0.009437817719973257
9,XYt,142,46,0.022465039821177347,0.009400241502794424
9,XYt,143,45,0.023735668863156208,0.009950930557169115
9,XYt,144,45,0.023690435540740074,0.009957816294070195
9,XYt,145,45,0.02352359836085091,0.009964059807533798
9,XYt,219,46,0.023351196443317547,0.009663570814628722
9,XYt,220,46,0.023820902562022492,0.009723733817894263
9,XYt,221,46,0.02403145663054451,0.009720164037969336
9,XYt,222,46,0.024337335507401935,0.009796355692683547
9,XYt,223,46,0.024585494228344315,0.00986999716711489
9,XYt,224,46,0.024681718350617568,0.009874667223004249
9,XYt,225,46,0.0246518712757226,0.00983008017971151
9,XYt,226,46,0.024558885643030295,0.009683245377130337
9,XYt,227,46,0.02450421187763462,0.009529979472476052
9,XYt,228,46,0.024519443684112963,0.009411462338767284
9,XYt,229,45,0.025897418808874997,0.009805733049151765
9,XYt,230,45,0.025908713224005085,0.009656715155187278
9,XYt,231,45,0.025902145382120014,0.009565744299226298
9,XYt,232,44,0.027283530951675187,0.009995440476091558
9,XYt,233,44,0.02695568918498912,0.009713577158016011
9,XYt,234,43,0.028159111454946924,0.009990763139548636
9,XYt,235,43,0.027688927927818338,0.009628250122335279
9,XYt,236,42,0.02867418070430433,0.00980729022389398
9,XYt,237,41,0.02926527311078583,0.009870161024468487
9,XYt,238,41,0.028468781109701007,0.00951429426797118
9,XYt,239,40,0.029646942744402827,0.009911123139841872
9,XYt,240,40,0.029554244340175957,0.00983590475301914
9,XYt,241,40,0.02955034414899351,0.009848756190771898
9,XYt,242,40,0.02957626284664083,0.009873442744006772
9,XYt,243,40,0.029579335560179804,0.009913454666804423
9,XYt,244,40,0.02956683770300131,0.009885113234124691
9,XYt,245,40,0.029658247961305912,0.009890041590121783
9,XYt,246,40,0.02962653668858909,0.009894214588390175
9,XYt,247,40,0.029731449798968815,0.009979349693314649
9,XYt,248,41,0.028363620021382766,0.009506943488039571
9,XYt,249,41,0.028436809091803218,0.009529420331430696
9,XYt,250,41,0.028386321670149657,0.00949740397692048
9,XYt,251,41,0.02839178634341049,0.00955875349796393
9,XYt,252,41,0.02852163977880836,0.009690380587641111
9,XYt,253,41,0.028551858650196625,0.009719826842191547
9,XYt,254,41,0.028605792778075942,0.009756963024676744
9,XYt,255,41,0.028565905661857665,0.009789329250908014
9,XYt,256,41,0.028013862683484173,0.009825333666107244
9,XYt,257,41,0.026662127052110095,0.009919456732106827
9,XYt,258,41,0.023276917609905943,0.009991693308397328
9,XYt,259,41,0.019101880976721337,0.009896929429076627
9,XYt,260,41,0.017035013072235226,0.009769920302877015
9,XYt,261,41,0.01656189984408879,0.009819355226648752
9,XYt,262,41,0.01639801122766344,0.009798456981374628
9,XYt,263,41,0.016363072468157755,0.009746517544262291
9,XYt,264,41,0.016257523756361997,0.009663797191229829
9,XYt,265,41,0.016119861150764164,0.00955521529616394
9,XYt,266,41,0.015967974686353064,0.009415615932209331
9,XYt,267,41,0.015984810209782867,0.009421353831938968
9,XYt,268,41,0.016085371427815548,0.009500272510565871
9,XYt,269,41,0.016212248685481084,0.009600588176683949
9,XYt,270,41,0.016273767493324633,0.009676729851222117
9,XYt,271,41,0.016348242968976686,0.009689918186205394
9,XYt,272,41,0.016286548823270446,0.009589285961816893
9,XYt,273,41,0.01633402873236269,0.009609171571092694
9,XYt,274,41,0.01643054709006381,0.00967923649699429
9,XYt,275,41,0.016544495952994953,0.009726015877567938
9,XYt,276,41,0.016525985036653035,0.009667657712921877
9,XYt,277,41,0.016436729065632306,0.009632886924081947
9,XYt,278,41,0.01637130006762034,0.009652830831668461
9,XYt,279,41,0.016301114930266713,0.009603560125962219
9,XYt,280,41,0.016231910279042125,0.009530341011024842
9,XYt,281,41,0.01627130436066631,0.00953150054723676
9,XYt,282,41,0.016376393069613228,0.009522041023285655
9,XYt,283,41,0.016601180337213323,0.009660297058654975
9,XYt,284,41,0.016786344605918047,0.009790863100054758
9,XYt,285,41,0.016884059728336197,0.00983399340517385
9,XYt,286,41,0.01690327750899094,0.009770850705469498
9,XYt,287,41,0.01683664530681223,0.009721604323045061
9,XYt,288,41,0.01677786782561861,0.009683265145048199
9,XYt,289,41,0.01663396968204828,0.009541201268875674
9,XYt,290,40,0.01743040632415589,0.009973780055674501
9,XYt,291,40,0.017322109847646375,0.009893972162725652
9,XYt,146,46,0.02213554736734242,0.009428675631445428
9,XYt,147,46,0.022164006213725145,0.00950356521845529
9,XYt,148,46,0.0221072232620988,0.0094658203846165
9,XYt,149,46,0.022053144767213928,0.009418270466791976
9,XYt,150,45,0.023301771704451118,0.009909473872086601
9,XYt,151,45,0.02319470153520955,0.009779153234583154
9,XYt,152,45,0.023138283536765204,0.00967385104954625
9,XYt,153,45,0.02307342630895795,0.009589761362771256
9,XYt,154,45,0.02299323823075088,0.009489482324766952
9,XYt,155,45,0.022903714296808996,0.00941949232171406
9,XYt,156,45,0.022934046703710652,0.009450301931659395
9,XYt,157,45,0.022822518306595665,0.009511474730935393
9,XYt,158,45,0.022490695594335596,0.009567870512254543
9,XYt,159,45,0.02207241845638689,0.009593033535102453
9,XYt,160,45,0.02160864891616543,0.00958167470785685
9,XYt,161,45,0.021160011989728056,0.009539591650766238
9,XYt,162,45,0.020639201132116293,0.009433794404226965
9,XYt,163,44,0.021448460106664954,0.009992624954408376
9,XYt,164,44,0.02105361953090481,0.009941314892530204
9,XYt,165,44,0.020779545653969073,0.009927221409049074
9,XYt,166,44,0.020437853321210304,0.009878968114839232
9,XYt,167,44,0.01988811347510086,0.009805740618519345
9,XYt,168,44,0.019335477310774566,0.009693347978246655
9,XYt,169,44,0.01898755795996424,0.009599908628542419
9,XYt,170,44,0.018696211963812666,0.0095044271611739
9,XYt,171,44,0.018570762694130678,0.009563118445688747
9,XYt,172,44,0.018506066923124034,0.009618210739386969
9,XYt,173,44,0.018463980591635953,0.009661263087696053
9,XYt,174,44,0.018476120164630596,0.009684523753880726
9,XYt,175,44,0.018507840984222933,0.00970095094477968
9,XYt,176,44,0.018451140717719368,0.00967688769622115
9,XYt,177,44,0.01831392185866638,0.009613359617638475
9,XYt,178,44,0.01824064840424569,0.009640115735548136
9,XYt,179,44,0.018186079092244133,0.009665966095364369
9,XYt,180,44,0.017946828401992656,0.009586655146733746
9,XYt,181,44,0.01772712781192747,0.009507594345110355
9,XYt,182,44,0.017649472081522413,0.009505302177088634
9,XYt,183,44,0.01762773549485435,0.009548675003394848
9,XYt,184,44,0.0175985845836215,0.009579377021206347
9,XYt,185,44,0.01759695632310792,0.009604027092002624
9,XYt,186,44,0.0175379033758622,0.009548686458547662
9,XYt,187,44,0.017384171488948382,0.009483385257403157
9,XYt,188,44,0.017333668725111377,0.00947345008201063
9,XYt,189,44,0.017431359190172357,0.009519892264038968
9,XYt,190,44,0.017602005048644256,0.009609149618059377
9,XYt,191,44,0.017787675175386444,0.00967937573605931
9,XYt,192,44,0.017838298335795227,0.009652912580407718
9,XYt,193,44,0.017848322344613282,0.009608394647115303
9,XYt,194,44,0.01790443622028025,0.009567048993351911
9,XYt,195,44,0.01805787503870138,0.009516113423713488
9,XYt,196,44,0.01838628716490528,0.009572274153652399
9,XYt,197,44,0.018837548242080702,0.00973622536379023
9,XYt,198,44,0.01918441320766815,0.009817354707245282
9,XYt,199,44,0.019455636805904727,0.009873400408737637
9,XYt,200,44,0.019637227271133584,0.009933578535403706
9,XYt,201,44,0.019540067650262626,0.009963286639903755
9,XYt,202,44,0.019396611159051554,0.00993280496157372
9,XYt,203,44,0.019305979521966297,0.00985421651471223
9,XYt,204,44,0.01928358133938244,0.0097953208317688
9,XYt,205,44,0.019455755101412404,0.009867255913030119
9,XYt,206,45,0.018649075031776905,0.009438660420039723
9,XYt,207,45,0.019116616570603564,0.009523730312465646
9,XYt,208,45,0.019578391466318207,0.009567594911141638
9,XYt,209,45,0.020027133484583702,0.009643606989486762
9,XYt,210,45,0.020278491230806443,0.009668401995530927
9,XYt,211,45,0.02040514967742375,0.009600705363357009
9,XYt,212,45,0.020552438550602407,0.009569290854922795
9,XYt,213,45,0.020832030655489307,0.009586085863459418
9,XYt,214,45,0.02122790766709296,0.009647824222947158
9,XYt,215,45,0.021730302675099632,0.009724722468194552
9,XYt,216,45,0.022439780431279227,0.009834106618793472
9,XYt,217,45,0.02311716034969923,0.009928364890485143
9,XYt,218,46,0.02242876586109633,0.009452264002547664
9,XYt,292,40,0.017289355222561465,0.009864527757657334
9,XYt,293,40,0.017233364225042763,0.009849031063729885
9,XYt,294,40,0.01728522884146135,0.009922730809396638
9,XYt,295,40,0.017351501773052377,0.009966984520220098
9,XYt,296,40,0.017345392132291606,0.009957125816073659
9,XYt,297,40,0.017405745543931282,0.009906959235365345
9,XYt,298,40,0.017468973548248237,0.009933694939875663
9,XYt,299,41,0.016654121289468835,0.00947389006145987
9,XYt,300,41,0.016768228230440052,0.009611843775022015
9,XYt,301,41,0.016857302207255953,0.009662426318883314
9,XYt,302,41,0.016824981638272746,0.009637656472683671
9,XYt,303,41,0.016737814302775048,0.009538290572939957
9,XYt,304,41,0.016603514225917316,0.009493862661985935
9,XYt,305,40,0.01745625510573666,0.009993836003470993
9,XYt,306,40,0.01744176941385355,0.009964236231902316
9,XYt,307,40,0.017483561334186097,0.009976608335353649
9,XYt,308,41,0.01663042486834695,0.009418372501476226
9,XYt,309,41,0.016709286829527936,0.00948472640483587
9,XYt,310,41,0.01686023246804749,0.009607825432168314
9,XYt,311,41,0.016869294826691927,0.009585675485828225
9,XYt,312,41,0.016874459492253323,0.00956297710539107
9,XYt,313,41,0.01688910563614716,0.009575629814686418
9,XYt,314,41,0.016958280616909183,0.00960388798080062
9,XYt,315,41,0.01691882362414417,0.009500525393487858
9,XYt,316,40,0.017830010235327622,0.009982078949282326
9,XYt,317,40,0.017689590845140334,0.009870079491922423
9,XYt,318,40,0.01763436334196973,0.00977238345748837
9,XYt,319,40,0.017537836478163343,0.009672476351731692
9,XYt,320,40,0.017661089888590133,0.009737459876524518
9,XYt,321,40,0.01783777066874048,0.009844742092232111
9,XYt,322,40,0.01802280279034587,0.009902225113466116
9,XYt,323,40,0.018187695577992127,0.009888458336147732
9,XYt,324,40,0.018728085904547456,0.009913856204749452
9,XYt,325,41,0.02262123689964693,0.009916176058488107
9,XYt,326,41,0.0276601736031487,0.009563366807394138
9,XYt,327,41,0.0296207569762615,0.009567026127005615
9,XYt,328,41,0.030418841125806464,0.00959484346212214
9,XYt,329,41,0.030681996914826874,0.009548482309300142
9,XYt,330,41,0.030771784450380087,0.009515065737579143
9,XYt,331,41,0.030820806654615767,0.00948332635130989
9,XYt,332,40,0.032425016013619745,0.009961495420688507
9,XYt,333,40,0.032527139956889745,0.009920092338061785
9,XYt,334,40,0.032623233730543336,0.009917064377778886
9,XYt,335,41,0.031235789902696782,0.009427544885312463
9,XYt,336,41,0.03137623626660496,0.009541438737239604
9,XYt,337,41,0.031558723006273375,0.009611454819223864
9,XYt,338,41,0.0317840083631605,0.009664376852851736
9,XYt,339,41,0.03242715698917544,0.009856764027042185
9,XYt,340,42,0.03129271786285415,0.009621245457897326
9,XYt,341,42,0.03158080232604085,0.009835905150184995
9,XYt,342,43,0.03022194489205614,0.00946348053413926
9,XYt,343,43,0.030689442934834707,0.009750157006178947
9,XYt,344,43,0.03069635638816759,0.00994194910105536
9,XYt,345,44,0.029046905194725726,0.009516231240134785
9,XYt,346,44,0.028850102627817,0.009628914687808332
9,XYt,347,44,0.029014570121695258,0.009805291226993487
9,XYt,348,44,0.02916568535118814,0.009999778493419794
9,XYt,349,45,0.027727217514113625,0.009536174560302745
9,XYt,350,45,0.02762905625174555,0.009575304256099959
9,XYt,351,45,0.027718732726788795,0.009660623796742915
9,XYt,352,45,0.02786548130431919,0.009849470527211943
9,XYt,353,45,0.02785266292842871,0.009977271623559086
9,XYt,354,45,0.027642017534244986,0.009999550737670454
9,XYt,355,46,0.026243318863270877,0.009449840184399094
9,XYt,356,46,0.02601215677873479,0.009474153544524766
9,XYt,357,46,0.025749187521555573,0.009515748881435748
9,XYt,358,45,0.026143185249340367,0.009944670551584203
9,XYt,359,45,0.025510945106650862,0.009871715159326562
9,XYt,360,45,0.024788872380944103,0.00984105305824388
9,XYt,361,45,0.02436574969413269,0.009802894921261754
9,XYt,362,45,0.023707132151873558,0.009763694681199704
9,XYt,363,45,0.02342369584546072,0.009787406811835578
9,XYt,364,45,0.02277548775776295,0.009737534897115445
9,XYt,365,45,0.022528962532267056,0.009733386634474858
9,XYt,366,45,0.02216947382267643,0.009690258438403751
9,XYt,367,45,0.022037036005306168,0.009676067358580029
9,XYt,368,45,0.0219504691651422,0.009734820549055157
9,XYt,369,45,0.021851970189073783,0.009742422827647925
9,XYt,370,45,0.02172591845142951,0.009757784968670039
9,XYt,371,45,0.021655398291277248,0.009748723343810287
9,XYt,372,45,0.021512638852646992,0.009757081135842628
9,XYt,373,45,0.02147796273765735,0.009826497352417677
9,XYt,374,45,0.02141420977389855,0.009934205766346545
9,XYt,375,45,0.021210358993221406,0.009888694181212293
9,XYt,376,45,0.02071838900645123,0.009738337220232249
9,XYt,377,45,0.020242929230769573,0.009647791020396677
9,XYt,378,45,0.019724550111398474,0.00953185014288499
9,XYt,379,44,0.020389220483869267,0.00997650300394845
9,XYt,380,44,0.020170703178268953,0.0099153006611451
9,XYt,381,44,0.020197145969578962,0.009979442076722762
9,XYt,382,45,0.01923445715997862,0.009527946485029465
9,XYt,383,45,0.01938366116265554,0.009629976355669164
9,XYt,384,45,0.01933397026317525,0.009662743686461351
9,XYt,385,45,0.018744951037596477,0.009513372856676772
9,XYt,386,44,0.01943147159147408,0.009991977541965428
9,XYt,387,45,0.018383575200218,0.00947026529156733
9,XYt,388,45,0.018469400773748087,0.009497860121411383
9,XYt,389,45,0.01855344349534284,0.009537570542357649
9,XYt,390,45,0.018603367284678447,0.009554884953535955
9,XYt,391,45,0.018609440427879022,0.009569643152190322
9,XYt,392,45,0.018601144803650674,0.009565358369678947
9,XYt,393,45,0.018567251288075345,0.009528898874146256
9,XYt,394,45,0.018624528866107055,0.009549036243204646
9,XYt,395,45,0.018695960323201928,0.009562337779972549
9,XYt,396,45,0.01889144982071249,0.009573992118310686
9,XYt,397,45,0.019048412519299295,0.009618785025591825
9,XYt,398,45,0.019143372067521314,0.009665837575290036
9,XYt,399,45,0.01906906858149566,0.009649357894276116
9,XYt,400,45,0.01908852452729043,0.00967387164429727
9,XYt,401,45,0.01905188876532795,0.009677630461652396
9,XYt,402,45,0.01898595336893297,0.00962254993427455
9,XYt,403,45,0.018927519747004976,0.009574315273411115
9,XYt,404,45,0.018928520716072695,0.009502491482797186
9,XYt,405,45,0.018916521229209938,0.009467596039594064
9,XYt,406,45,0.01905815994925888,0.00950300082352738
9,XYt,407,45,0.019235998245901383,0.009598234781759463
9,XYt,408,45,0.01945411079743308,0.009685506726564099
9,XYt,409,45,0.019731163468828333,0.009761613922779175
9,XYt,410,45,0.019946832350150736,0.009801044097390901
9,XYt,411,45,0.01956009373650972,0.009628137328281779
9,XYt,412,45,0.019590110868980878,0.00962950050602408
9,XYt,413,45,0.019751343240456184,0.009703024581786466
9,XYt,414,45,0.019959479604198672,0.009756333608183317
9,XYt,415,45,0.02018419193534391,0.009822064508748878
9,XYt,416,45,0.020644579780817816,0.00994821160450329
9,XYt,417,46,0.020117504676634982,0.00956125021578924
9,XYt,418,46,0.020523303154251285,0.009675741545742711
9,XYt,419,46,0.020690830961718584,0.009626708218682641
9,XYt,420,46,0.020720588077256442,0.009431099089957139
9,XYt,421,45,0.02176083248717632,0.009814259226136273
9,XYt,422,45,0.021880330161079146,0.00975858722813438
9,XYt,423,45,0.021851817560733528,0.009670337993329082
9,XYt,424,45,0.021834848658840545,0.009600631308056355
9,XYt,425,45,0.022004218547394348,0.009610297613130784
9,XYt,426,45,0.02218079722677389,0.0096064246132056
9,XYt,427,45,0.022287058021067997,0.00955276157536736
9,XYt,428,45,0.022449195661952293,0.00958162782180014
9,XYt,429,45,0.022676754834600805,0.009604149524463607
9,XYt,430,45,0.022969395526439753,0.009597743112657039
9,XYt,431,45,0.023400918792870345,0.009639949588901735
9,XYt,432,45,0.02393898282482597,0.009727781384886384
9,XYt,433,45,0.024546447847925257,0.009805663331017716
9,XYt,434,45,0.025252657402651153,0.009855051356344886
9,XYt,435,45,0.025922998845590652,0.009890763608827693
9,XYt,436,46,0.025448261134313106,0.009459824107614178
9,XYt,437,46,0.026028657194260365,0.009514238837996233
9,XYt,438,46,0.026111721521129203,0.009443611212102609
9,XYt,439,45,0.02765805809240058,0.009947921015432253
9,XYt,440,45,0.02773943610089482,0.00984979257644744
9,XYt,441,45,0.028016084173924066,0.00979571445071098
9,XYt,442,45,0.028243389074731645,0.00975614781845406
9,XYt,443,45,0.028293081955055456,0.009666919030531202
9,XYt,444,45,0.02817469126120718,0.009538973691640694
9,XYt,445,45,0.028166354474014672,0.00942255704514661
9,XYt,446,44,0.029514253065217995,0.00981598577968149
9,XYt,447,44,0.02949525071076307,0.009647039478445254
9,XYt,448,44,0.029412263993942953,0.00945598903919178
9,XYt,449,43,0.031026848704126208,0.009765974203203746
9,XYt,450,43,0.030791649825953095,0.00943817740813461
9,XYt,451,42,0.032319523999378326,0.009664748319251685
9,XYt,452,41,0.03355958107094804,0.009816326039679696
9,XYt,453,41,0.03309281739535634,0.009460687557984258
9,XYt,454,40,0.034104632066762945,0.009518959493313807
9,XYt,455,39,0.03476439713965936,0.009540963794601313
9,XYt,456,38,0.036044453158765935,0.009872173794079502
9,XYt,457,38,0.035886882196352894,0.009814443517768653
9,XYt,458,38,0.03590040385811727,0.009867650225486958
9,XYt,459,38,0.036002859208196354,0.009924380235819185
9,XYt,460,38,0.03601699007884013,0.009961216199887277
9,XYt,461,38,0.035803824374988,0.009938783942608446
9,XYt,462,38,0.03559190039626497,0.009920735384922722
9,XYt,463,38,0.03552885251875608,0.009916615303914522
9,XYt,464,39,0.03385710396923948,0.009448517651768643
9,XYt,465,39,0.03356958632119773,0.009574556816564909
9,XYt,466,39,0.0322237075525528,0.009666717378211313
9,XYt,467,39,0.028286544187826848,0.009935743592631333
9,XYt,468,39,0.022636061819461994,0.009906615384696012
9,XYt,469,39,0.019323677418677382,0.009624295049552369
9,XYt,470,39,0.018452335396265403,0.009470739654829297
9,XYt,471,38,0.019138778179728224,0.009976763785247108
9,XYt,472,38,0.019138109955607822,0.009962533802409995
9,XYt,473,38,0.019098097998834485,0.00990418285240501
9,XYt,474,38,0.01906874940285388,0.009878636339655649
9,XYt,475,38,0.018944689410322502,0.009828355307196947
9,XYt,476,38,0.01893551466239973,0.00980522788025516
9,XYt,477,38,0.01874989251746485,0.009718643148195859
9,XYt,478,38,0.018669153427920367,0.009670451507046292
9,XYt,479,38,0.01857852488489996,0.009612170128088193
9,XYt,480,38,0.018529547303386077,0.00956892752202316
9,XYt,481,38,0.018432663427003847,0.009471369490025906
9,XYt,482,38,0.018424438931135267,0.009442089631921545
9,XYt,483,38,0.01841251265232277,0.009443817214718455
9,XYt,484,38,0.018449217089282714,0.00948962846463674
9,XYt,485,38,0.018409399215978766,0.009497195434675521
9,XYt,486,38,0.018360411813528203,0.009513913642305027
9,XYt,487,38,0.018274164627968718,0.00951203410549028
9,XYt,488,38,0.018301564008619174,0.009595448052325362
9,XYt,489,38,0.018391119375441013,0.009681725143702304
9,XYt,490,38,0.018525559894720114,0.009778109361818717
9,XYt,491,38,0.0186532148410767,0.009863273899407929
9,XYt,492,38,0.018670366120882225,0.009958412577448717
9,XYt,493,39,0.017715168080446465,0.009419979194617708
9,XYt,494,39,0.017679445523375425,0.009414696066560087
9,XYt,495,38,0.01871180405894831,0.00997359949162
9,XYt,496,38,0.01860992494066523,0.00989333843239977
9,XYt,497,38,0.018507782299253053,0.009765124145335796
9,XYt,498,38,0.018314322619978528,0.009582306627976319
9,XYt,499,37,0.019161189266973636,0.009973326876788941
9,XYt,500,37,0.01888941288959654,0.009762521107947933
9,XYt,501,37,0.01883570316794407,0.009671733594384923
9,XYt,502,37,0.018813389475305003,0.009667337678027993
9,XYt,503,37,0.018904579321994946,0.009722863593901749
9,XYt,504,37,0.018865772622945715,0.009747615697273237
9,XYt,505,37,0.018852650159642017,0.00974876662122149
9,XYt,506,37,0.018854103218493068,0.009701395505453708
9,XYt,507,37,0.018875369241596454,0.00970875236207205
9,XYt,508,37,0.018944540482497486,0.00975237480072203
9,XYt,509,37,0.019049047299500393,0.009839132784622295
9,XYt,510,37,0.019095679501648703,0.00991442006424231
9,XYt,511,37,0.019153213438820364,0.009997683179260218
9,XYt,512,38,0.018133796840019756,0.009443722487166042
9,XYt,513,38,0.018142059745655588,0.009505705750521313
9,XYt,514,38,0.01812478468886562,0.009535013953693397
9,XYt,515,38,0.01812421131945247,0.00957878120448936
9,XYt,516,38,0.018054478663806696,0.009532103417537196
9,XYt,517,38,0.017979044977400483,0.009509809144192465
9,XYt,518,38,0.017904829120491912,0.009470990851490828
9,XYt,519,38,0.01785916024633702,0.009430263584951385
9,XYt,520,37,0.018811364189215782,0.009917925833612935
9,XYt,521,37,0.018741538867824092,0.009824482779869451
9,XYt,522,37,0.01853321154774844,0.00961712015104108
9,XYt,523,37,0.0184274379626961,0.009485694664593895
9,XYt,524,36,0.019372793874056483,0.009974801101521498
9,XYt,525,36,0.01934362406791374,0.00995918220097426
9,XYt,526,36,0.01930443696272455,0.009919763907356018
9,XYt,527,36,0.019169556611189284,0.009870579758680683
9,XYt,528,36,0.01890980165476944,0.009810719598009839
9,XYt,529,36,0.018707703518596585,0.009740854882157157
9,XYt,530,36,0.018653246334015248,0.009644044876998227
9,XYt,531,36,0.018876946564780433,0.009664014669470054
9,XYt,532,36,0.019465012551163792,0.009807481816186984
9,XYt,533,37,0.0199971399567936,0.009631429721832164
9,XYt,534,38,0.02267354277730704,0.009630937719272951
9,XYt,535,38,0.027971474558786947,0.00966356111265588
9,XYt,536,37,0.0330032887791885,0.009682062859489192
9,XYt,537,37,0.03453787826301574,0.009539481493986634
9,XYt,538,37,0.035669119096681745,0.009595497313552382
9,XYt,539,37,0.03666944903202775,0.00975541984098411
9,XYt,540,38,0.03583232157406221,0.009618861377893799
9,XYt,541,38,0.03571139205742513,0.00986084810647911
9,XYt,542,38,0.035066832950518635,0.009853016851094201
9,XYt,543,38,0.034519288500940694,0.009790689935571896
9,XYt,544,38,0.034332088935538935,0.009784117395943101
9,XYt,545,38,0.03457495030173534,0.00990391108788391
9,XYt,546,39,0.033710775779389274,0.009818242418408717
9,XYt,547,40,0.03253238081213117,0.009812913354460056
9,XYt,548,41,0.030430809323179667,0.00952584334808473
9,XYt,549,41,0.029920744320789245,0.009629034369634264
9,XYt,550,41,0.029504534068947257,0.009679938322204342
9,XYt,551,41,0.029127661328902665,0.009705154530733845
9,XYt,552,41,0.028953443423551,0.009765093341849681
9,XYt,553,41,0.028809627721333737,0.009829600107345954
9,XYt,554,41,0.028740398808775856,0.009892043995978409
9,XYt,555,41,0.028630767983188032,0.009939007981254522
9,XYt,556,41,0.028552895412677016,0.00999064622695509
9,XYt,557,42,0.02697833943610267,0.00948840411346744
9,XYt,558,42,0.026716534534036034,0.009482503687420452
9,XYt,559,41,0.027631794775569814,0.009951153144650022
9,XYt,560,41,0.026676115584289107,0.009821880360112018
9,XYt,561,41,0.025385824551122614,0.009561018959672919
9,XYt,562,40,0.02602109772932018,0.009896631413307237
9,XYt,563,41,0.024905459477771924,0.009579351737471655
9,XYt,564,41,0.025048346928599793,0.00984491033795431
9,XYt,565,42,0.023763653817235247,0.009607466809435939
9,XYt,566,42,0.023222860713274555,0.009714387491845186
9,XYt,567,42,0.022715118863025345,0.009780176225647806
9,XYt,568,42,0.02221691725598007,0.00978989748943706
9,XYt,569,42,0.02175721117316946,0.009745452137440156
9,XYt,570,42,0.021175465413652735,0.009622106602664824
9,XYt,571,41,0.021536190666503568,0.009901652274421796
9,XYt,572,41,0.02073449247530897,0.009585399989101672
9,XYt,573,40,0.02123915269062163,0.009830526451122834
9,XYt,574,40,0.021048212271423967,0.009689592839102562
9,XYt,575,40,0.021089959394127653,0.009640195160738182
9,XYt,576,40,0.021337588301194525,0.009704299145306823
9,XYt,577,40,0.021523731818383657,0.009767976447121353
9,XYt,578,40,0.02168212030473808,0.009838072245482232
9,XYt,579,40,0.02186251776249713,0.009887582460265876
9,XYt,580,40,0.021993305155708756,0.0099023501710267
9,XYt,581,40,0.022123539763647063,0.009964532617809503
9,XYt,582,41,0.02101599279605763,0.009528358119040238
9,XYt,583,41,0.020922331025193232,0.00958063908412746
9,XYt,584,41,0.020786107623993525,0.009634063313142004
9,XYt,585,41,0.020634917072515246,0.009693746946814541
9,XYt,586,41,0.020491388729280788,0.009799648973293206
9,XYt,587,42,0.019675311501478027,0.009674311392341385
9,XYt,588,42,0.019499637412824317,0.009908489462700966
9,XYt,589,43,0.01802422680982438,0.009476473033848496
9,XYt,590,42,0.018166336326743197,0.009903085887789669
9,XYt,591,42,0.01750541059320477,0.009758981127801096
9,XYt,592,42,0.017165444157063062,0.009688802204145008
9,XYt,593,42,0.017046444433212994,0.009637707139504846
9,XYt,594,42,0.01692920995068885,0.00953540029201599
9,XYt,595,42,0.016964730512415125,0.009534704216224703
9,XYt,596,42,0.016989344147350136,0.009495811618248947
9,XYt,597,41,0.01793934493705581,0.009952536451519356
9,XYt,598,41,0.017928325222755347,0.009836964731593966
9,XYt,599,41,0.017907061088468127,0.009717599207404183
9,XYt,600,41,0.017968357901426448,0.009607594077312064
9,XYt,601,41,0.018103382547742467,0.009540980991212795
9,XYt,602,41,0.01821830579440933,0.009505447662765504
9,XYt,603,41,0.01827758713250832,0.009492594823353262
9,XYt,604,41,0.01837851772518558,0.009506726114862467
9,XYt,605,41,0.01844953904461842,0.009531337835393536
9,XYt,606,41,0.018528663260990254,0.009550481883878501
9,XYt,607,41,0.01855073229018962,0.009558643970697592
9,XYt,608,41,0.018560327050510396,0.009556633431976568
9,XYt,609,41,0.018542714356786578,0.009560877996928818
9,XYt,610,41,0.018498275553781415,0.009571008946915222
9,XYt,611,41,0.018383492454578716,0.009619597253054267
9,XYt,612,41,0.018253571328614923,0.00967880343051961
9,XYt,613,41,0.01807084442811654,0.009733752657938109
9,XYt,614,41,0.017901315011861117,0.00979084873629709
9,XYt,615,41,0.017708047945299423,0.009832490519848771
9,XYt,616,41,0.017545753321821636,0.009843080511309003
9,XYt,617,41,0.017360714276091278,0.009799881773519165
9,XYt,618,41,0.017461880165741003,0.009869911279444381
9,XYt,619,41,0.017563945510019906,0.009990831566017188
9,XYt,620,41,0.017415618287335975,0.009950007570765347
9,XYt,621,41,0.017496437430187438,0.009947871143211245
9,XYt,622,42,0.017027517826894937,0.009489634227853084
9,XYt,623,42,0.017626578043774564,0.009488719479277093
9,XYt,624,41,0.019022054488470958,0.009851466904146155
9,XYt,625,41,0.019663625382687417,0.0098350881461051
9,XYt,626,41,0.02008958696185828,0.009759675617448922
9,XYt,627,41,0.020095675994544072,0.009607256590114459
9,XYt,628,41,0.02029009324851308,0.009622133804001952
9,XYt,629,41,0.020497247019149265,0.009577982238074914
9,XYt,630,41,0.02059736142286765,0.009487813288992343
9,XYt,631,40,0.021630047003371983,0.009894755878981636
9,XYt,632,40,0.021501880331522148,0.009864829119284466
9,XYt,633,40,0.02126639162293916,0.009808869454046854
9,XYt,634,40,0.021055825763544957,0.009754722245047212
9,XYt,635,40,0.020818373150444852,0.009667209984381087
9,XYt,636,40,0.02047961421253396,0.009588226307267772
9,XYt,637,40,0.020192714693176045,0.009556578656351348
9,XYt,638,40,0.020102166214424677,0.009574909328069633
9,XYt,639,40,0.020095996010086513,0.009615668278411878
9,XYt,640,40,0.02036762219985519,0.009759009148513112
9,XYt,641,41,0.01992807811526354,0.009493420316229557
9,XYt,642,41,0.020686992943318012,0.009740903809079141
9,XYt,643,41,0.021272773382435103,0.009866586812666434
9,XYt,644,41,0.02171643086538361,0.009884347723862898
9,XYt,645,41,0.022101167028606053,0.009847304353509126
9,XYt,646,41,0.02246407940789141,0.009774119806260195
9,XYt,647,41,0.022817361771734827,0.009614598936005192
9,XYt,648,40,0.024189585956745818,0.00982707457238767
9,XYt,649,40,0.024070948546130507,0.009489357589520367
9,XYt,650,39,0.025378927646552498,0.009828064751646277
9,XYt,651,39,0.025310712853781253,0.00973559099526215
9,XYt,652,40,0.025209948735843313,0.009593212303496747
9,XYt,653,40,0.026456131695247888,0.009854490046114108
9,XYt,654,40,0.02699985162098877,0.009950647899223999
9,XYt,655,40,0.027216069965748702,0.00997498556010756
9,XYt,656,40,0.027334044499126787,0.009963726945051902
9,XYt,657,40,0.027446071226085108,0.00994270978356694
9,XYt,658,40,0.027498666113880448,0.009918223603412128
9,XYt,659,40,0.027545079474410424,0.00988146417800813
9,XYt,660,40,0.027648551351445814,0.009834423609994793
9,XYt,661,40,0.027773715376569245,0.009781264209615347
9,XYt,662,40,0.02800642783874336,0.009717395792716802
9,XYt,663,40,0.02841223166960961,0.009647274746525788
9,XYt,664,40,0.02887826241650133,0.009540318899294593
9,XYt,665,39,0.03114116638088346,0.009913700556544025
9,XYt,666,39,0.031336249670430104,0.009525870004119242
9,XYt,667,38,0.03253003308058662,0.00951902023083721
9,XYt,668,37,0.03359788530898314,0.009619492479564453
9,XYt,669,37,0.03339932779977797,0.0094920174294902
9,XYt,670,36,0.03525956405096645,0.009956506306711216
9,XYt,671,36,0.03500390224351832,0.009802964260584144
9,XYt,672,35,0.036212659624725536,0.00994176756594503
9,XYt,673,35,0.035037544060729425,0.009566877494422497
9,XYt,674,35,0.03406783351501613,0.009504208086337616
9,XYt,675,35,0.03229081903569801,0.00964627572874524
9,XYt,676,36,0.028404108257887414,0.009480273443777013
9,XYt,677,36,0.025086153126514035,0.009480749778551388
9,XYt,678,35,0.022859028125401002,0.009776271427498399
9,XYt,679,35,0.020423962950028733,0.009615125902654178
9,XYt,680,34,0.020013011106490026,0.009959239469256633
9,XYt,681,34,0.01893617275404562,0.009724961480709208
9,XYt,682,34,0.01837421261294037,0.0095928914138881
9,XYt,683,34,0.017972649533301476,0.009490080454834526
9,XYt,684,33,0.018828616784934384,0.009987367033837173
9,XYt,685,33,0.018651193169119146,0.009933823140519753
9,XYt,686,33,0.01860262585820671,0.00990346260095146
9,XYt,687,33,0.01864948926380514,0.009922674905177406
9,XYt,688,33,0.018746523895050604,0.009951928825076508
9,XYt,689,33,0.018860094652433348,0.009995498318284512
9,XYt,690,34,0.01787202527251223,0.009478100377796922
9,XYt,691,34,0.018057188179703035,0.00954372263547491
9,XYt,692,34,0.018175802250065317,0.00958640005332655
9,XYt,693,34,0.018296846974079982,0.009623852204250037
9,XYt,694,34,0.01837070195053627,0.009636964539916408
9,XYt,695,34,0.018330075030683544,0.009622247480399566
9,XYt,696,34,0.01825144623983133,0.009590760972219533
9,XYt,697,34,0.018182130136404625,0.009578975328174434
9,XYt,698,34,0.018112777570196373,0.009550761251001292
9,XYt,699,34,0.018003683329113347,0.009527588545782147
9,XYt,700,34,0.01790825243811483,0.009504941330121069
9,XYt,701,34,0.017825937536271864,0.009499995359599821
9,XYt,702,34,0.01776124189341695,0.009487065133016186
9,XYt,703,34,0.017688213574705052,0.009483166108407461
9,XYt,704,34,0.01768836733053863,0.009502568769507565
9,XYt,705,34,0.017800695538677868,0.009550819332158868
9,XYt,706,34,0.01806352861702619,0.009632646843583165
9,XYt,707,34,0.018698613945134522,0.009854775462091113
9,XYt,708,35,0.019015299954323734,0.009959266926535499
9,XYt,709,41,0.01732842440004645,0.009571979497860839
9,XYt,710,38,0.019943878435738117,0.009819497650634031
9,XYt,711,37,0.0198219071067726,0.0099026373634842
9,XYt,712,37,0.020092451003217066,0.009969860180014804
9,XYt,713,37,0.019679204274161356,0.009922935132701772
9,XYt,714,38,0.018262214800580493,0.009406413227747977
9,XYt,715,38,0.017992572891772533,0.009699632847600571
9,XYt,716,38,0.016407647084940205,0.009390397244232785
9,XYt,717,37,0.015545146848640543,0.009432745443673835
9,XYt,718,37,0.014909555484195732,0.009354976786297715
9,XYt,719,38,0.014734434803830763,0.009321912960370035
9,XYt,720,39,0.015317078880826805,0.009444019490022998
9,XYt,721,41,0.015583869860702284,0.009508258304897352
9,XYt,722,42,0.01572168524788496,0.009772112424942319
9,XYt,723,43,0.015525756051077855,0.009615647965264535
9,XYt,724,44,0.01572852221858899,0.009765722593784347
9,XYt,725,45,0.015365128481224866,0.009654578161395415
9,XYt,726,45,0.014913896497041203,0.009745911102363503
9,XYt,727,45,0.013771298115720105,0.009561539890912841
9,YZt,0,5,0.6039368864824168,0.007500383918504624
9,YZt,1,29,0.04028546664426263,0.009521639724708814
9,YZt,2,29,0.035708382972507745,0.00990106288742343
9,YZt,3,29,0.03260358451690705,0.009619789624885005
9,YZt,4,29,0.030979393535198466,0.009506138072908826
9,YZt,5,29,0.03186880535557213,0.009792153700271405
9,YZt,6,29,0.03234186003887958,0.009833882857484572
9,YZt,7,29,0.03458240984513867,0.009880445235017127
9,YZt,8,30,0.03442695061068005,0.009601846405441022
9,YZt,9,30,0.03698151602513394,0.0098382130371166
9,YZt,10,30,0.03819118558680172,0.00995791246399239
9,YZt,11,31,0.0373527961121729,0.009509597881061389
9,YZt,12,31,0.038718227180523195,0.009698867945785516
9,YZt,13,31,0.03927278762716796,0.009871530580101437
9,YZt,14,32,0.037867270666894735,0.009565302418812033
9,YZt,15,32,0.03934359085655046,0.00940954436701204
9,YZt,16,32,0.04050667387241235,0.009635379201755416
9,YZt,17,32,0.04118097453555174,0.009803524308495189
9,YZt,18,32,0.041846328632207844,0.009876821801729323
9,YZt,19,33,0.04010410691233706,0.009561013531332428
9,YZt,20,33,0.041123253800103884,0.009420213616900708
9,YZt,21,33,0.04156581964084433,0.009662331655270745
9,YZt,22,33,0.04292620984543902,0.009607512117225442
9,YZt,23,33,0.04304599322463287,0.009832497501041202
9,YZt,24,33,0.04460329073421195,0.009989979525317317
9,YZt,25,33,0.0454625375886028,0.009889607484575867
9,YZt,26,34,0.04245323008326148,0.009429076151664875
9,YZt,27,34,0.043741157728916784,0.009537663869719118
9,YZt,28,34,0.04455760887772572,0.009454761630416145
9,YZt,29,34,0.04447111076369292,0.009678466523574663
9,YZt,30,34,0.04543202082228808,0.00974281554787455
9,YZt,31,34,0.046144088555340725,0.009805146547679312
9,YZt,32,34,0.047344305679469255,0.009979624995584612
9,YZt,33,35,0.04559053043337732,0.009452761644479023
9,YZt,34,35,0.04637330253335567,0.00940820478099987
9,YZt,35,35,0.046436909451923095,0.009711840213393719
9,YZt,36,35,0.0478175667124617,0.00998604432518206
9,YZt,37,36,0.04593887646704728,0.00965425786633604
9,YZt,38,36,0.04609125325911981,0.009880307982296103
9,YZt,39,37,0.04316890338144791,0.009475508955724445
9,YZt,40,37,0.04249292763612995,0.009691736738106286
9,YZt,41,37,0.04155051773925116,0.009897927956150477
9,YZt,42,38,0.0389884033818357,0.009458390394743393
9,YZt,43,38,0.03778172948822371,0.009553297502572342
9,YZt,44,38,0.03651395701785645,0.009688843963633368
9,YZt,45,38,0.03519151202582349,0.009787839634442994
9,YZt,46,38,0.03393764606781472,0.009851476534361414
9,YZt,47,38,0.03273009831883747,0.009912603575511866
9,YZt,48,39,0.030094465387927982,0.00941363163919271
9,YZt,49,39,0.029728814721524513,0.009496938467195251
9,YZt,50,39,0.029166293114009374,0.009477329844422781
9,YZt,51,39,0.028698308560156933,0.009463495099924897
9,YZt,52,39,0.028379464132187938,0.00943018079378953
9,YZt,53,39,0.02861792529836275,0.009464662059051632
9,YZt,54,39,0.028620265854612137,0.009502203355219972
9,YZt,55,39,0.02877470123126009,0.00949857487803937
9,YZt,56,39,0.029178438305582324,0.009511736116783739
9,YZt,57,39,0.029978408640614466,0.009548198433481411
9,YZt,58,39,0.030485558719739292,0.009555317328609843
9,YZt,59,39,0.03124034518651588,0.009535398302129877
9,YZt,60,39,0.032495705098252156,0.009590554692738108
9,YZt,61,39,0.03340612341300294,0.0097654978370316
9,YZt,62,40,0.032990741825531994,0.009593124868541468
9,YZt,63,41,0.03262697918131158,0.009906809280987167
9,YZt,64,43,0.028287404305593143,0.00992117701600667
9,YZt,65,45,0.023706780841583834,0.009564834787454308
9,YZt,66,45,0.020742484257591374,0.009546731285767706
9,YZt,67,44,0.0183927564768061,0.009573231751487842
9,YZt,68,43,0.016545008251573887,0.009621994722582648
9,YZt,69,42,0.015500265363932406,0.009919058965406825
9,YZt,70,42,0.01419090604733557,0.00982652421513821
9,YZt,71,42,0.013152522414316541,0.009803269848732575
9,YZt,72,42,0.012589541992839107,0.009910610954683428
9,YZt,73,42,0.011989417438248018,0.009998751737741209
9,YZt,74,43,0.010964345561822651,0.009483482472253378
9,YZt,75,43,0.010652458708730248,0.00959073886066796
9,YZt,76,43,0.010417362182741778,0.009715279326695804
9,YZt,77,43,0.01020261328502545,0.00985846049332265
9,YZt,78,44,0.009549780905467169,0.00942696978231503
9,YZt,79,44,0.009458347710690672,0.009577687058679675
9,YZt,80,44,0.009479053833989564,0.009774557727656855
9,YZt,81,44,0.009501604475237334,0.009971674913250534
9,YZt,82,45,0.009010640018011905,0.009518993086605825
9,YZt,83,45,0.009103184630769588,0.009640225494967526
9,YZt,84,45,0.009191672181139301,0.009768798092853463
9,YZt,85,45,0.00933520310202839,0.00987477505352899
9,YZt,86,46,0.008942875909141253,0.009445803851545522
9,YZt,87,46,0.009148458221139941,0.009635241933277906
9,YZt,88,46,0.00936691928351448,0.009816457762898188
9,YZt,89,47,0.009000793795296861,0.009419443739683349
9,YZt,90,47,0.009185603612136956,0.009583340557437396
9,YZt,91,47,0.009318623558959396,0.009702904662289052
9,YZt,92,47,0.009426855065401564,0.009832194410562026
9,YZt,93,47,0.009600651696349183,0.009988838739468237
9,YZt,94,48,0.009186649920775133,0.009562867743215265
9,YZt,95,48,0.009338916656195614,0.009702177636579488
9,YZt,96,48,0.009465699850253565,0.009831734081120744
9,YZt,97,48,0.009631064259253613,0.009950071790552564
9,YZt,98,49,0.009191193434059558,0.00953760506481095
9,YZt,99,49,0.009317203320262589,0.009624239035415282
9,YZt,100,49,0.009429847387019486,0.009693488223614837
9,YZt,101,49,0.009606509588361024,0.009797344248792183
9,YZt,102,50,0.009215596659902622,0.00947734780422792
9,YZt,103,50,0.009378070020888616,0.009579122957419039
9,YZt,104,50,0.009555454888317213,0.009661012679228916
9,YZt,105,50,0.009768238842372946,0.009741695657710506
9,YZt,106,50,0.010024032792453777,0.00985629782415145
9,YZt,107,51,0.00971538791284806,0.009671733132776358
9,YZt,108,51,0.010021939900628154,0.009806733805454547
9,YZt,109,51,0.010394598324758085,0.009942309130271559
9,YZt,110,52,0.010156204562235987,0.009521728812460698
9,YZt,111,52,0.010511758769505596,0.00959395206556569
9,YZt,112,52,0.010835508749373541,0.009624651885583728
9,YZt,113,52,0.011107628294169334,0.009654117108874797
9,YZt,114,54,0.01003681814913181,0.009602225637787678
9,YZt,115,54,0.010040209731697582,0.009583187111511147
9,YZt,116,54,0.00999179882624995,0.009573754641321817
9,YZt,117,54,0.01001800265844182,0.009630078175514508
9,YZt,118,54,0.010123987531158058,0.009751376878489294
9,YZt,119,54,0.010217060629355486,0.00989747801401781
9,YZt,120,55,0.009643248239169875,0.009493361472403601
9,YZt,121,55,0.009530801921772254,0.009531095665376466
9,YZt,122,55,0.009314682263274815,0.009499448788089839
9,YZt,123,54,0.009623837382379215,0.00995054515331454
9,YZt,124,54,0.009359683802552945,0.00986331514653599
9,YZt,125,54,0.00912064285436598,0.009767900003474527
9,YZt,126,54,0.008939780169779312,0.009691484525760706
9,YZt,127,54,0.008845166962813246,0.009637852305710778
9,YZt,128,54,0.008807491172053546,0.009591681756703425
9,YZt,129,54,0.00881147366109888,0.009552390544709228
9,YZt,130,54,0.008832134621216287,0.009522229915534893
9,YZt,131,54,0.008848705086130962,0.009488597792369043
9,YZt,132,53,0.009416468521074056,0.00996553977115973
9,YZt,133,53,0.009442725274675049,0.009919755468602616
9,YZt,134,53,0.009500680545766646,0.009884625163961604
9,YZt,135,53,0.009574704343477018,0.009864396336892041
9,YZt,136,53,0.009641144710480564,0.00984243301463879
9,YZt,137,53,0.009728205558916772,0.009840337713770351
9,YZt,138,53,0.009835597769935978,0.009857088782020275
9,YZt,139,53,0.00996911494879799,0.009900635634595997
9,YZt,140,53,0.010059113054527566,0.009951102054842067
9,YZt,141,53,0.010064604089106081,0.009968026976969238
9,YZt,142,53,0.010017061069300098,0.009955876781145064
9,YZt,143,53,0.009923785367527433,0.009928945518626149
9,YZt,144,53,0.009806262348720063,0.009875358832519793
9,YZt,145,53,0.009634792760349283,0.009764038763899283
9,YZt,146,51,0.01059774560760857,0.009603238594208698
9,YZt,147,51,0.0103686508876405,0.009456502714055822
9,YZt,148,50,0.01080518023329363,0.009888516070455919
9,YZt,149,50,0.010631038629877548,0.00978199882134389
9,YZt,150,50,0.01051568416185851,0.009700362135145999
9,YZt,151,50,0.010427070782781345,0.00962719295952
9,YZt,152,50,0.010378253867656433,0.009540986781901522
9,YZt,153,49,0.011000344957680099,0.009715271859175437
9,YZt,154,49,0.010945474503071241,0.009541083292862903
9,YZt,155,48,0.011502184884559678,0.009879117813938777
9,YZt,156,48,0.011307952537931267,0.009590439185928536
9,YZt,157,47,0.011727441428028769,0.00981019995226119
9,YZt,158,46,0.012037356998825301,0.00983191231233925
9,YZt,159,46,0.01146002505182881,0.009427362857021183
9,YZt,160,45,0.011629279236683233,0.009702496867393145
9,YZt,161,45,0.011132360530124131,0.00947358197784743
9,YZt,162,44,0.011416343750548247,0.00980586764643279
9,YZt,163,44,0.010978716747342777,0.009644511560910082
9,YZt,164,44,0.010625023915653689,0.009510342269311774
9,YZt,165,44,0.010289232363469611,0.00939375733848517
9,YZt,166,43,0.010618618732430054,0.009878365906109996
9,YZt,167,43,0.010256250605840731,0.009767159531806164
9,YZt,168,43,0.009983056838961016,0.009698936993108
9,YZt,169,43,0.009710236596385988,0.009668440437608854
9,YZt,170,43,0.009407534651910323,0.009582483616380604
9,YZt,171,43,0.009178469201843013,0.009482841318398105
9,YZt,172,43,0.009009956535176862,0.009428043003302126
9,YZt,173,42,0.00953659166315903,0.009985790045520406
9,YZt,174,42,0.009605457357967499,0.009940731730771504
9,YZt,175,42,0.009649669276681538,0.009907463272739109
9,YZt,176,42,0.009759981529040894,0.009842729552989054
9,YZt,177,42,0.009886465060237788,0.009757792518039989
9,YZt,178,42,0.010113584786450844,0.009686188854080418
9,YZt,179,42,0.010445727456055478,0.009598145997113955
9,YZt,180,42,0.010768442075492867,0.009454388878812812
9,YZt,181,41,0.011952127841840186,0.009988832593843963
9,YZt,182,41,0.012551181730137249,0.009957987000647513
9,YZt,183,41,0.013405999701413034,0.009957937122797194
9,YZt,184,42,0.013808453906668497,0.009469582461388416
9,YZt,185,42,0.015632076758490963,0.009777869764996793
9,YZt,186,43,0.017358752735238507,0.009708209610737517
9,YZt,187,44,0.020773549000211528,0.009904780561611275
9,YZt,188,45,0.02398419045419585,0.009616232502457923
9,YZt,189,44,0.029823923808812464,0.00956131325283162
9,YZt,190,41,0.039533534269805035,0.009936597868929527
9,YZt,191,39,0.04530667503983621,0.00975546165854228
9,YZt,192,38,0.04690563122123835,0.009498729984582437
9,YZt,193,37,0.0485686323291183,0.009745069258835094
9,YZt,194,37,0.04871729050901753,0.009614226925084523
9,YZt,195,37,0.04722581880063631,0.009419580598177345
9,YZt,196,36,0.05008720680334375,0.009863674990707052
9,YZt,197,36,0.04882610096750978,0.009794947024409204
9,YZt,198,36,0.048834313858578234,0.009763460903809845
9,YZt,199,36,0.049057275019896894,0.009710521927666811
9,YZt,200,36,0.04794527583885329,0.009667716592646737
9,YZt,201,36,0.048169605998217256,0.009681571066688193
9,YZt,202,36,0.04855053232794659,0.00965837649801048
9,YZt,203,36,0.047618404633989204,0.009577573144735315
9,YZt,204,36,0.04767400592921149,0.009529509346444653
9,YZt,205,36,0.048000334503011936,0.009526105101255154
9,YZt,206,36,0.04842038128152865,0.009466768294866536
9,YZt,207,36,0.04742252548729605,0.00940257952200241
9,YZt,208,36,0.04754700407154414,0.009393567229245892
9,YZt,209,35,0.05037067250515377,0.009972671048680886
9,YZt,210,36,0.0475762524176249,0.009410379102225027
9,YZt,211,35,0.04927761308013832,0.009923541497658374
9,YZt,212,35,0.049316733114182464,0.009861485169734669
9,YZt,213,35,0.04966947230696907,0.009860192551059938
9,YZt,214,35,0.04973038201725509,0.009825098628930738
9,YZt,215,35,0.04965872412508512,0.009799098499487825
9,YZt,216,35,0.049382722557800705,0.00973386600545819
9,YZt,217,35,0.049188738748914815,0.009748734220426415
9,YZt,218,35,0.04775561016178063,0.009732610910495841
9,YZt,219,35,0.04738153066403763,0.009625903954167254
9,YZt,220,35,0.04687299604685661,0.009538421279634798
9,YZt,221,35,0.04656771921377835,0.009523366237552714
9,YZt,222,35,0.04595607029078737,0.009436123755076117
9,YZt,223,34,0.04771518186781244,0.009930006637023862
9,YZt,224,34,0.04687294203498518,0.009836417537520209
9,YZt,225,34,0.0474968046821687,0.00964171719608398
9,YZt,226,34,0.0471502549647914,0.00975466474865133
9,YZt,227,34,0.04625914335092262,0.00964499558056529
9,YZt,228,34,0.04529097978173831,0.009564288945517252
9,YZt,229,34,0.04448004546308417,0.00951665768937107
9,YZt,230,34,0.043526609442616826,0.009435439163872923
9,YZt,231,33,0.04630322780943607,0.0098227007921356
9,YZt,232,33,0.0452813945431081,0.009886965084543014
9,YZt,233,33,0.043907937963708135,0.009757961233496102
9,YZt,234,33,0.044170591819869966,0.009567124008583821
9,YZt,235,33,0.042880284801427394,0.009588688374583484
9,YZt,236,33,0.0417081107802681,0.00953737774093519
9,YZt,237,32,0.04454252947250768,0.009993231334956186
9,YZt,238,33,0.040392421411286135,0.009393532771534395
9,YZt,239,32,0.04258340436438339,0.00978481899885172
9,YZt,240,32,0.04162026990047801,0.009949859779549488
9,YZt,241,32,0.04064137249517007,0.009612519634651023
9,YZt,242,32,0.04016678588872143,0.009541227765023008
9,YZt,243,32,0.03954910335200977,0.009345162000578834
9,YZt,244,31,0.04085843551273776,0.009796288129542875
9,YZt,245,32,0.03733594856203619,0.009379180838346874
9,YZt,246,31,0.03856125259502951,0.009677006438715989
9,YZt,247,31,0.03816271630664838,0.009525853483245103
9,YZt,248,31,0.03677712726046234,0.00933748096965733
9,YZt,249,30,0.03771323370533371,0.009789859524287486
9,YZt,250,30,0.03639148742248233,0.009696509684626002
9,YZt,251,30,0.03397054474970204,0.009492312392132158
9,YZt,252,29,0.0344370576475939,0.009802771156753046
9,YZt,253,29,0.03218497991413856,0.009732776622119384
9,YZt,254,29,0.03159930027865854,0.00964750179474072
9,YZt,255,29,0.030458571013172786,0.009407141754801597
9,YZt,256,29,0.03188401505768492,0.009504118071010606
9,YZt,257,29,0.035306509488774826,0.009836549161892184
9,YZt,258,29,0.0402454216793771,0.009514471876340108
9,YZt,259,5,0.5912107849085542,0.007323157910011325
9,XZt,0,5,0.5656193181071067,0.007121446919595358
9,XZt,1,28,0.039079324646602,0.009709089080279544
9,XZt,2,29,0.03177811548651718,0.009432114863508244
9,XZt,3,29,0.02954430101796542,0.009358525872601222
9,XZt,4,29,0.028781540218617587,0.009353550331013021
9,XZt,5,29,0.029985161123628062,0.009605645317420732
9,XZt,6,29,0.03130521283809096,0.009730373240595737
9,XZt,7,29,0.03449659114747018,0.009933457859829605
9,XZt,8,30,0.03403774056684511,0.009533124293223432
9,XZt,9,30,0.03635794389968643,0.009671594072192561
9,XZt,10,30,0.03757434153447446,0.009763707827439256
9,XZt,11,31,0.03673323428907567,0.00935823158312742
9,XZt,12,31,0.0382765166044153,0.00955991379105376
9,XZt,13,31,0.038837339634862286,0.009742517114023894
9,XZt,14,32,0.037660623747118635,0.009510149796106109
9,XZt,15,31,0.0417315910839068,0.009975653263835262
9,XZt,16,32,0.04065567872378,0.009639465373769944
9,XZt,17,32,0.04147176597121525,0.009796461309003635
9,XZt,18,32,0.042124810397055075,0.009867475750389598
9,XZt,19,33,0.04069274590500885,0.009581988576432162
9,XZt,20,33,0.04176961858802437,0.009469288087285522
9,XZt,21,33,0.04195215419011475,0.00962853453600637
9,XZt,22,33,0.04340061803252751,0.009562162461363152
9,XZt,23,33,0.04330090257478325,0.009769139139516885
9,XZt,24,34,0.042272498607347025,0.009401790393482195
9,XZt,25,33,0.045905301645751455,0.009870261893205093
9,XZt,26,34,0.04277427505907645,0.009400029676964815
9,XZt,27,34,0.04385511645458663,0.0094793944102487
9,XZt,28,33,0.047079896490015344,0.009929569389047422
9,XZt,29,34,0.044480490193739654,0.009534211026919532
9,XZt,30,34,0.04510809613120962,0.009621077999296922
9,XZt,31,34,0.04580664248543816,0.009684282187434652
9,XZt,32,34,0.04675860688802318,0.009902103886716201
9,XZt,33,34,0.047219977637253906,0.009864652048522198
9,XZt,34,34,0.0476450649974105,0.009723404608953773
9,XZt,35,34,0.04673810865218505,0.009868346681242425
9,XZt,36,34,0.047556869169750285,0.009993681433397251
9,XZt,37,35,0.04540954606610357,0.009417570474313424
9,XZt,38,35,0.045979264461069994,0.009479025276637245
9,XZt,39,35,0.04650141103719867,0.009562066163156085
9,XZt,40,35,0.047080904176733274,0.00975311879809279
9,XZt,41,35,0.047497098047731195,0.009779779299330913
9,XZt,42,35,0.04897582573233462,0.00983931853879204
9,XZt,43,35,0.04927054359119523,0.009927523397183028
9,XZt,44,36,0.046797772510628145,0.009428673974166675
9,XZt,45,36,0.04694065587465452,0.009512374736392562
9,XZt,46,36,0.04717028202256619,0.009662757316573378
9,XZt,47,36,0.04703070033082216,0.009767626903945507
9,XZt,48,36,0.04713813153384117,0.009960065956231265
9,XZt,49,37,0.045533440538783,0.009447537725461398
9,XZt,50,37,0.04593241666964396,0.00957608485547338
9,XZt,51,37,0.04600152392208833,0.009689856504136627
9,XZt,52,37,0.046205773041074254,0.009845458080305123
9,XZt,53,38,0.044776134353222856,0.009444461135973236
9,XZt,54,38,0.04486312038852228,0.009590248902155764
9,XZt,55,38,0.04482070264030565,0.009769078586037263
9,XZt,56,39,0.04268718816717847,0.009424022383780256
9,XZt,57,39,0.043647920655971645,0.009635472450533969
9,XZt,58,39,0.043461849815714035,0.009828452119284367
9,XZt,59,40,0.04100152883057961,0.00945768794302411
9,XZt,60,40,0.041817573560504126,0.009708192940284018
9,XZt,61,40,0.04143141926630001,0.009968405434747208
9,XZt,62,41,0.038913157598164126,0.009612055751918253
9,XZt,63,41,0.039260059988327996,0.00986227118467418
9,XZt,64,42,0.03654039964077923,0.009487270250914785
9,XZt,65,42,0.03705971581814453,0.009772463292443558
9,XZt,66,43,0.034577492622259696,0.00942207836072864
9,XZt,67,43,0.034737737170074535,0.009763359731908172
9,XZt,68,44,0.03209739555765156,0.009554173416529824
9,XZt,69,44,0.031257637495472,0.009934551077576376
9,XZt,70,45,0.027924395876295752,0.009626355574965563
9,XZt,71,45,0.026194944126539964,0.009886358282576644
9,XZt,72,46,0.023734578861134108,0.009598720146561948
9,XZt,73,46,0.022178813102155102,0.009771205159325062
9,XZt,74,46,0.02116331402919677,0.0099189908877535
9,XZt,75,47,0.019015952946942662,0.009446181668226679
9,XZt,76,47,0.01811245365895059,0.009506779416657767
9,XZt,77,47,0.01724608524345314,0.009551262350050833
9,XZt,78,47,0.016462188622748602,0.009557977555473041
9,XZt,79,47,0.0157230566348665,0.009560180273705483
9,XZt,80,47,0.015119658466469349,0.009572344755424402
9,XZt,81,47,0.014586173632896686,0.009596057838488062
9,XZt,82,47,0.014129474986792864,0.009610897979451461
9,XZt,83,47,0.01371066220801324,0.009631556673071112
9,XZt,84,47,0.01333440610612563,0.009672275219158434
9,XZt,85,47,0.013037761189343817,0.009703326818357378
9,XZt,86,47,0.012796543095827615,0.009750850922420866
9,XZt,87,47,0.012626720488263769,0.009836461790738358
9,XZt,88,47,0.012534504779784943,0.009927205780969355
9,XZt,89,48,0.0118593293552486,0.009563571805982142
9,XZt,90,48,0.011897695907953233,0.009786369636016519
9,XZt,91,48,0.011885580336512104,0.009970279036981269
9,XZt,92,49,0.011209539904183625,0.009567455620194017
9,XZt,93,49,0.011199075426872556,0.009695970392075882
9,XZt,94,49,0.011130380002037232,0.009820629694403154
9,XZt,95,49,0.011068343014253681,0.009920728128305896
9,XZt,96,49,0.010970710810982458,0.009986927826816793
9,XZt,97,50,0.010305354563770058,0.009503436322556673
9,XZt,98,50,0.010159104408713666,0.009601244543130012
9,XZt,99,50,0.010014169152903077,0.009603229877311478
9,XZt,100,50,0.009857596105406652,0.0095964518380285
9,XZt,101,50,0.009745381061078381,0.009612109456634543
9,XZt,102,50,0.009585730509774773,0.009756041136483993
9,XZt,103,50,0.009444047855653616,0.009769562432132553
9,XZt,104,50,0.00930623232445529,0.00975955902440922
9,XZt,105,50,0.009193334788547981,0.009749883066227531
9,XZt,106,50,0.009088719528833089,0.009763783846651278
9,XZt,107,51,0.008483176050803398,0.00950204624977235
9,XZt,108,51,0.008385493770118817,0.009505637002170051
9,XZt,109,51,0.008318002030761521,0.009507283068648665
9,XZt,110,51,0.008258576696941,0.009504960940444956
9,XZt,111,51,0.008231898057885613,0.009495731102932097
9,XZt,112,51,0.008178892681779598,0.009484889975128852
9,XZt,113,51,0.008141288299502124,0.009500112905963034
9,XZt,114,53,0.007288169417972137,0.009616401960528763
9,XZt,115,53,0.0072765823812479145,0.009647246979753185
9,XZt,116,53,0.007248546607505134,0.00965951962482485
9,XZt,117,53,0.007207896498536165,0.009658724910356908
9,XZt,118,53,0.00718238842878962,0.009656850673681298
9,XZt,119,53,0.0071557808569644,0.0096415282137357
9,XZt,120,53,0.007139735889947376,0.009630254343905117
9,XZt,121,53,0.00712036416294772,0.009621635699951506
9,XZt,122,53,0.007097567318320113,0.009615823063185357
9,XZt,123,53,0.007083805625678282,0.009610519960345489
9,XZt,124,53,0.007062235981542936,0.009608697595116837
9,XZt,125,53,0.007033363898296186,0.009613861807531808
9,XZt,126,53,0.007010400343568005,0.00962887330594954
9,XZt,127,53,0.0070080885640140984,0.009641345594807987
9,XZt,128,53,0.007015451081855184,0.009662975049230863
9,XZt,129,53,0.007048136734303346,0.009692498517737605
9,XZt,130,53,0.007082238664902168,0.009712781408181817
9,XZt,131,53,0.007099828551669724,0.009731118805408605
9,XZt,132,53,0.007129626926486285,0.009741164022841878
9,XZt,133,53,0.0071773829370889,0.009741841164783285
9,XZt,134,53,0.007240697183425658,0.009751447270892206
9,XZt,135,53,0.007337872799046781,0.009785965889498937
9,XZt,136,53,0.007406612087730447,0.009794009167202782
9,XZt,137,53,0.007470383802664789,0.009811519064896369
9,XZt,138,53,0.007543613721051595,0.00983129700362777
9,XZt,139,53,0.007595585774650948,0.009831314032984787
9,XZt,140,53,0.007638353710433876,0.009819772717447665
9,XZt,141,53,0.00769604813128242,0.00981331457057101
9,XZt,142,53,0.00773745552697406,0.009798902016246353
9,XZt,143,53,0.007798026370765838,0.009785809062560439
9,XZt,144,53,0.007859468293345743,0.00976606243354312
9,XZt,145,53,0.0079135479327619,0.009723288671491763
9,XZt,146,51,0.008932698748991746,0.009638986287157012
9,XZt,147,51,0.009068566640743453,0.009637169015302796
9,XZt,148,51,0.00923004287393656,0.00965664291640699
9,XZt,149,51,0.009394201540126362,0.009655587012716299
9,XZt,150,51,0.009597155220576909,0.009656444401455785
9,XZt,151,51,0.009808113091442007,0.009649609183519954
9,XZt,152,51,0.010034547767855825,0.009625624216922854
9,XZt,153,50,0.010910812941474331,0.009906586204158635
9,XZt,154,50,0.011168684891410128,0.009895552842627683
9,XZt,155,50,0.011445511121087429,0.009912781478660896
9,XZt,156,50,0.01177017154444502,0.00994938470145429
9,XZt,157,50,0.012111354232634677,0.009983582290581676
9,XZt,158,50,0.012488837584388929,0.00989169855489144
9,XZt,159,50,0.01281851481429425,0.009938712181793792
9,XZt,160,51,0.01246593779081142,0.009450261657377624
9,XZt,161,51,0.012814565124551449,0.009516080054835318
9,XZt,162,51,0.013247476978395156,0.009535621869089841
9,XZt,163,51,0.013599691143792732,0.009627737843544946
9,XZt,164,51,0.014012204827997242,0.009739959716729047
9,XZt,165,51,0.014395555557018463,0.009840723917776555
9,XZt,166,51,0.014783244582484733,0.009913104060721198
9,XZt,167,51,0.01505220205384032,0.009970087606473815
9,XZt,168,51,0.015357580310553298,0.009998205862856794
9,XZt,169,51,0.015665651703806946,0.009986183477684258
9,XZt,170,51,0.01583202585479453,0.009911101968244558
9,XZt,171,51,0.01598829034080494,0.009813553415746367
9,XZt,172,51,0.0160542327088501,0.009672338686572395
9,XZt,173,51,0.01589725244008357,0.00946011075332402
9,XZt,174,50,0.016510308648046697,0.009795252406888347
9,XZt,175,50,0.016081424983737658,0.009516827747680626
9,XZt,176,49,0.016585661187148396,0.009816931883633057
9,XZt,177,49,0.016090957400467037,0.009508136515887597
9,XZt,178,48,0.016471459179706067,0.009768787809854584
9,XZt,179,48,0.015843338773118623,0.009402282456572127
9,XZt,180,47,0.016266041137928747,0.00966072904842008
9,XZt,181,46,0.016786670453873286,0.0099516437841269
9,XZt,182,46,0.016394844953799323,0.009677439527939202
9,XZt,183,46,0.01615107632607924,0.009464386695614026
9,XZt,184,45,0.016979548183540163,0.009905973843710473
9,XZt,185,45,0.01698749622374849,0.009808435738734586
9,XZt,186,45,0.017022782673419976,0.00976725666477631
9,XZt,187,45,0.01741937940805202,0.009785906580697707
9,XZt,188,45,0.017602500156142765,0.009759804903148822
9,XZt,189,45,0.018139821798079714,0.009783261841153554
9,XZt,190,45,0.01871343188984492,0.009776178494189125
9,XZt,191,45,0.01919183765825656,0.009680056681369288
9,XZt,192,45,0.01964423877551929,0.009502585976873484
9,XZt,193,44,0.020880118329205746,0.009789526040295744
9,XZt,194,44,0.020927694954201426,0.00946381442113077
9,XZt,195,43,0.021657944209294323,0.009657556263768095
9,XZt,196,42,0.022670391507917095,0.00992958568783932
9,XZt,197,42,0.022033483539852912,0.009600367982776511
9,XZt,198,41,0.022977919486861387,0.009967266658890962
9,XZt,199,41,0.022859777956519257,0.009806424227835354
9,XZt,200,41,0.022425866935037987,0.009680637790614023
9,XZt,201,41,0.022308840083773946,0.009634364990605701
9,XZt,202,41,0.022390512813026554,0.009616079871570888
9,XZt,203,41,0.022081712908234245,0.009548914974285904
9,XZt,204,41,0.021970951447434352,0.009490177130661357
9,XZt,205,41,0.021950043190905766,0.00945656320357232
9,XZt,206,41,0.022021856292860485,0.00945478848685247
9,XZt,207,41,0.021830584091492578,0.009433330961558671
9,XZt,208,41,0.021863826640757294,0.00941641160663211
9,XZt,209,41,0.02193806935192653,0.009420544772125545
9,XZt,210,40,0.023341522639590332,0.009995421883887023
9,XZt,211,41,0.022107779921955843,0.009391084168094737
9,XZt,212,40,0.023934835895951478,0.009989920869084888
9,XZt,213,41,0.023375609929209805,0.009433185428527873
9,XZt,214,41,0.02456133634783894,0.00950582721842533
9,XZt,215,41,0.026077817204470638,0.00959987066776231
9,XZt,216,41,0.028054503306524703,0.009679206285023804
9,XZt,217,41,0.030431293902360605,0.009742519978115809
9,XZt,218,41,0.03257157927026125,0.00974250565764781
9,XZt,219,41,0.03539636644445103,0.009735185716056347
9,XZt,220,41,0.037973114906657245,0.00965866077569468
9,XZt,221,41,0.0398760560907819,0.00957833642968887
9,XZt,222,40,0.043394310328661985,0.009971654206008883
9,XZt,223,40,0.04268800375670196,0.009431746542116688
9,XZt,224,38,0.046321687356922644,0.009980499559764404
9,XZt,225,37,0.04790282924588631,0.009836367043220415
9,XZt,226,37,0.045810846321175026,0.009454709392953372
9,XZt,227,36,0.04706867460082045,0.009814290955704354
9,XZt,228,36,0.045311698298936574,0.009457546030231292
9,XZt,229,35,0.04673809364727279,0.009881537540559501
9,XZt,230,35,0.04552238354248445,0.009693126667388885
9,XZt,231,35,0.04529642652455214,0.009420391044090504
9,XZt,232,35,0.044459189710025396,0.009469604266513488
9,XZt,233,34,0.04559939966509326,0.00994091867410582
9,XZt,234,34,0.046012123424371734,0.00978268454609875
9,XZt,235,34,0.04469374671037576,0.009857508864115334
9,XZt,236,34,0.04325569803358795,0.009634619856677459
9,XZt,237,34,0.043168515871504304,0.009404841185002694
9,XZt,238,34,0.041693097803423125,0.00943573636831471
9,XZt,239,33,0.04387822396505915,0.009878865301313489
9,XZt,240,33,0.04286648557889284,0.009989060538104477
9,XZt,241,33,0.041772782994275025,0.009645663852302765
9,XZt,242,33,0.04119492877134731,0.009596396010295013
9,XZt,243,33,0.04045519979003234,0.009445485989372282
9,XZt,244,32,0.041867372216047326,0.009818510983963243
9,XZt,245,33,0.03799402353668868,0.009376122590300616
9,XZt,246,32,0.03934149834652901,0.009679944836896454
9,XZt,247,32,0.03871810650719531,0.00943727872380525
9,XZt,248,31,0.04009933419653648,0.009978455621555605
9,XZt,249,31,0.03816497860908537,0.009726703655701201
9,XZt,250,31,0.03706103301005601,0.009637006292393965
9,XZt,251,31,0.034750291149370574,0.009555960335727953
9,XZt,252,30,0.03530208883468481,0.009916778953737953
9,XZt,253,30,0.032387515884876705,0.00975017612330572
9,XZt,254,30,0.03082899923133343,0.009638617765058106
9,XZt,255,30,0.029465225941078674,0.009385707002748041
9,XZt,256,30,0.030142936783564594,0.009396467165049703
9,XZt,257,30,0.031860269033468745,0.00935028375825744
9,XZt,258,29,0.03844953838692506,0.009484845552540531
9,XZt,259,5,0.5577394386594776,0.007419936881091577
10,XYt,0,63,0.002270509341484776,0.009653159845895168
10,XYt,1,63,0.0024154846081067827,0.009874226111558084
10,XYt,2,63,0.0023498383028590242,0.009523375906549721
10,XYt,3,62,0.00237423891473447,0.009653145681922057
10,XYt,4,61,0.002445167710912552,0.009846098689894039
10,XYt,5,61,0.0024190944427201133,0.009579917750912085
10,XYt,6,60,0.002586087309790003,0.009824561907445142
10,XYt,7,60,0.002442681476570752,0.009532861971744567
10,XYt,8,59,0.002529054406701149,0.009918017213655535
10,XYt,9,60,0.0024401587695860438,0.00957096364124987
10,XYt,10,60,0.0025185354868441363,0.00966393018501011
10,XYt,11,60,0.0025186841216693753,0.009557641002214118
10,XYt,12,59,0.002683262453803585,0.00990885650863168
10,XYt,13,59,0.0027511430224783934,0.009909974515355906
10,XYt,14,59,0.00284405271315541,0.009937941590719318
10,XYt,15,59,0.002736157529328977,0.009792973944348322
10,XYt,16,58,0.0022554165090061325,0.009839891093322123
10,XYt,17,59,0.002077387590992323,0.009623493366896389
10,XYt,18,59,0.002203989333431693,0.009585941194104886
10,XYt,19,58,0.002507982475279642,0.009896555230352433
10,XYt,20,58,0.0026070037065688534,0.00989950422739927
10,XYt,21,58,0.002666722715676318,0.009938909326262485
10,XYt,22,58,0.0026762462446310946,0.009980358426843543
10,XYt,23,58,0.0026278733157010484,0.009971830496015218
10,XYt,24,58,0.002538286936287935,0.00990538026299175
10,XYt,25,58,0.0024250007774238892,0.009799233586549813
10,XYt,26,58,0.00232009499035363,0.009705909219977391
10,XYt,27,58,0.002247864379024007,0.009643669372455914
10,XYt,28,58,0.0022127687240772226,0.009615894563971692
10,XYt,29,58,0.0022184802476216056,0.009604120645186556
10,XYt,30,58,0.002242389195842431,0.009599189150301404
10,XYt,31,58,0.002301592729761694,0.009616899987478536
10,XYt,32,58,0.0023996230135290447,0.009634284706396696
10,XYt,33,58,0.0025652446583764687,0.009651767630306946
10,XYt,34,58,0.002809945011245822,0.009655660877715766
10,XYt,35,58,0.0031852888704764644,0.009662607442039181
10,XYt,36,58,0.0038017121166757616,0.009689417864767862
10,XYt,37,58,0.004878295894725205,0.00977614156037434
10,XYt,38,58,0.006550985461699467,0.009798264016538012
10,XYt,39,58,0.008952722307831722,0.009730720508852264
10,XYt,40,57,0.011721770781390585,0.009851032288397042
10,XYt,41,56,0.013985608321417478,0.009954914394980094
10,XYt,42,56,0.015471236315325997,0.00962477359182514
10,XYt,43,55,0.018324196557548265,0.009842211710694541
10,XYt,44,55,0.02037023994445392,0.009578511219210308
10,XYt,45,54,0.023802197362577656,0.009885369708300357
10,XYt,46,54,0.0260858393366271,0.009870651788673178
10,XYt,47,54,0.02631115956723627,0.009898179813325062
10,XYt,48,54,0.02602909450273889,0.00986333924971616
10,XYt,49,54,0.026388295536824452,0.009799002365570906
10,XYt,50,54,0.02710057261934334,0.009691906718614874
10,XYt,51,54,0.027888683419962253,0.009522069741244263
10,XYt,52,53,0.029936630001482063,0.009743363072890308
10,XYt,53,52,0.031479530692542425,0.009842310144218826
10,XYt,54,51,0.032087167328268246,0.00980150564044433
10,XYt,55,50,0.03154976162084101,0.00967802563806879
10,XYt,56,49,0.029995149442276398,0.00955143202595359
10,XYt,57,48,0.028291840547626488,0.009537706934576111
10,XYt,58,47,0.02709854096108633,0.009655971994590248
10,XYt,59,46,0.026847792511909878,0.009901291668660031
10,XYt,60,46,0.025823215221804162,0.009657209889622017
10,XYt,61,46,0.025465183417513863,0.00953721787956198
10,XYt,62,46,0.025429147581891284,0.009470071002016037
10,XYt,63,46,0.02562689153430344,0.009430238729925535
10,XYt,64,46,0.025887042794134705,0.009452309877149748
10,XYt,65,46,0.026028749848102252,0.009497614159835783
10,XYt,66,46,0.026035915385156087,0.009608235676906086
10,XYt,67,46,0.02590683184922384,0.009782730639682597
10,XYt,68,46,0.025589907105183874,0.00989142870414722
10,XYt,69,46,0.02511555635256803,0.009891951981084451
10,XYt,70,46,0.024697596415006504,0.009881763837161611
10,XYt,71,46,0.024363527506506576,0.009881537314655636
10,XYt,72,46,0.024199156595413066,0.009952931310315499
10,XYt,73,47,0.02252669667564759,0.009384123403415748
10,XYt,74,47,0.02244700994137918,0.009446722696669027
10,XYt,75,47,0.022342909269987443,0.009534939388185306
10,XYt,76,47,0.022195311400523474,0.009576526063539923
10,XYt,77,47,0.02182885571387167,0.009568947934349563
10,XYt,78,47,0.021227390299535062,0.009477577745610958
10,XYt,79,47,0.02065295947321602,0.009398478477231655
10,XYt,80,46,0.021309813006890773,0.009870272635890966
10,XYt,81,46,0.020753749170404397,0.009709652818592806
10,XYt,82,46,0.020375689952712564,0.009594401293248792
10,XYt,83,46,0.020210184051668367,0.009634246996916092
10,XYt,84,46,0.02017358944961368,0.009757510728127548
10,XYt,85,46,0.020139525183004086,0.009851242460815908
10,XYt,86,46,0.0199299162692417,0.009893299341162612
10,XYt,87,46,0.01955713645242753,0.009873366777786982
10,XYt,88,46,0.019199280985337297,0.009918198789603646
10,XYt,89,46,0.01890112299054223,0.009975032163754075
10,XYt,90,47,0.017557411387590482,0.009419407717723196
10,XYt,91,47,0.017435235926103167,0.009435811658620489
10,XYt,92,47,0.017360281275062,0.009420547319428312
10,XYt,93,47,0.01732053771267172,0.00945487478108315
10,XYt,94,47,0.01717845409093885,0.009447182115254043
10,XYt,95,46,0.01805942587736231,0.009936229151844212
10,XYt,96,46,0.01793024960540534,0.009916851267190932
10,XYt,97,46,0.017853139324850203,0.009922956785213956
10,XYt,98,46,0.017748925706179204,0.009915061903001478
10,XYt,99,46,0.01765847931565253,0.009944645018119922
10,XYt,100,47,0.016571786604856767,0.009430965298148944
10,XYt,101,47,0.016519825398115796,0.009477796611650437
10,XYt,102,47,0.016438614052577263,0.00952508628556176
10,XYt,103,47,0.01632987889468781,0.009575780759147478
10,XYt,104,47,0.01620573130477379,0.009554726728454853
10,XYt,105,47,0.01609256578546473,0.009472059909565546
10,XYt,106,46,0.01687264647413091,0.009911562609195785
10,XYt,107,46,0.016728288649205735,0.009785666034201218
10,XYt,108,46,0.016692423993651388,0.00969145527331046
10,XYt,109,46,0.016671469646172107,0.00966604005425515
10,XYt,110,46,0.016752303794305912,0.009706800683936593
10,XYt,111,46,0.01690558998262735,0.009764358029791477
10,XYt,112,46,0.01695024766041383,0.009751375733893178
10,XYt,113,46,0.017068643234868792,0.00971599710093983
10,XYt,114,46,0.0173238732299848,0.009817415588252654
10,XYt,115,47,0.016688254273502106,0.009428137000512883
10,XYt,116,47,0.017111449390656362,0.009559959440964062
10,XYt,117,47,0.01738266269066869,0.009547980713654302
10,XYt,118,47,0.017541492271392782,0.009434998101140827
10,XYt,119,46,0.01877321666964989,0.009976671768600183
10,XYt,120,47,0.017820699483958456,0.009436041429327226
10,XYt,121,47,0.017638196688616256,0.00941299135981607
10,XYt,122,46,0.018662636870321644,0.00998626629765064
10,XYt,123,46,0.018627615783361785,0.00992403305236895
10,XYt,124,46,0.018635157634113265,0.009884418072659058
10,XYt,125,46,0.018808510259256044,0.009960565177171846
10,XYt,126,47,0.01798842790317787,0.009470775952952462
10,XYt,127,47,0.018278625224803124,0.009556623621439907
10,XYt,128,47,0.018641051560031423,0.009581274742038596
10,XYt,129,47,0.018872747392237724,0.009518284788273572
10,XYt,130,46,0.020090521481419335,0.009979087022256965
10,XYt,131,46,0.020110890744249942,0.009833721289914821
10,XYt,132,46,0.020144496332555457,0.009698916739277684
10,XYt,133,46,0.02028722945779808,0.009599235136666405
10,XYt,134,46,0.02054745907550275,0.00951462889392357
10,XYt,135,46,0.020966734155382676,0.00951081510310549
10,XYt,136,46,0.021575421828789687,0.009593305147726576
10,XYt,137,46,0.02193225285307935,0.009584068038216162
10,XYt,138,46,0.022232906508360177,0.00959350956474973
10,XYt,139,46,0.022594445844521735,0.00962451017328048
10,XYt,140,46,0.022552981028303887,0.009512768388672852
10,XYt,141,46,0.02238483755621113,0.009427400683677352
10,XYt,142,45,0.023685961760204786,0.009999601133471864
10,XYt,143,45,0.02358159489818337,0.009944065194421831
10,XYt,144,45,0.02352526262318541,0.009945485623880135
10,XYt,145,45,0.02335907624745651,0.009952441855783933
10,XYt,146,46,0.02198095690432809,0.009419536282311267
10,XYt,147,46,0.02201181954943407,0.009498748902707193
10,XYt,148,46,0.02194897038804715,0.00945808788371266
10,XYt,149,46,0.021889586992732933,0.009409623781243678
10,XYt,150,45,0.023130999989041882,0.009903470490079145
10,XYt,151,45,0.023023076131430568,0.009773046216326731
10,XYt,152,45,0.022964517280103514,0.009668266234897542
10,XYt,153,45,0.022899685126442693,0.009580163638262135
10,XYt,154,45,0.02281443863489822,0.009476492820863413
10,XYt,155,45,0.022716305459435388,0.009401361820568364
10,XYt,156,45,0.022741488354304756,0.00943124282083757
10,XYt,157,45,0.02263632149407099,0.009498085923336915
10,XYt,158,45,0.022313434470945682,0.009558460060151373
10,XYt,159,45,0.02190282779072342,0.009585307475851033
10,XYt,160,45,0.021450508384255405,0.009576019409724315
10,XYt,161,45,0.021005725143942704,0.009533666768237173
10,XYt,162,45,0.02049098127595742,0.009429649232360447
10,XYt,163,44,0.021302455753500968,0.009992467796547489
10,XYt,164,44,0.020909211049034294,0.00994103274711004
10,XYt,165,44,0.02063147178263479,0.009927108470322315
10,XYt,166,44,0.020285279218648793,0.009873195851655383
10,XYt,167,44,0.01973171106682433,0.009798054302509619
10,XYt,168,44,0.01919079670225316,0.009688745353352238
10,XYt,169,44,0.018846317157944895,0.009598756949097073
10,XYt,170,44,0.01855924077501719,0.009502243585543023
10,XYt,171,44,0.018437997364657913,0.009561092913208929
10,XYt,172,44,0.018374646895845413,0.009615937220437609
10,XYt,173,44,0.018340031854270553,0.009663467730669228
10,XYt,174,44,0.01835829811053594,0.009688261100098489
10,XYt,175,44,0.018387829623618606,0.009700387563716164
10,XYt,176,44,0.01832284999389313,0.009673457721768815
10,XYt,177,44,0.01818575485417245,0.009609356137204265
10,XYt,178,44,0.018106467348236212,0.00963486695448186
10,XYt,179,44,0.018045522939120227,0.009660864395076942
10,XYt,180,44,0.01780703005919322,0.00958158338176069
10,XYt,181,44,0.017589051614373855,0.009501987870487996
10,XYt,182,44,0.017517371240809338,0.009499681190567072
10,XYt,183,44,0.017501213479325806,0.009546053457524538
10,XYt,184,44,0.017480189320432882,0.009582881027592565
10,XYt,185,44,0.017478359243227687,0.009605494145075217
10,XYt,186,44,0.01742309759925749,0.00955257264422083
10,XYt,187,44,0.017265654790965024,0.009486352332953231
10,XYt,188,44,0.017215687770376915,0.009476339882652845
10,XYt,189,44,0.01730679928827992,0.009520372361164478
10,XYt,190,44,0.01747862917531514,0.009608762179421849
10,XYt,191,44,0.017666299236677344,0.009679708690919466
10,XYt,192,44,0.017717398317217282,0.009649625087682284
10,XYt,193,44,0.017720824148039466,0.00960173597481552
10,XYt,194,44,0.017767348155361132,0.009557868661588125
10,XYt,195,44,0.017910544742509502,0.009504823373756424
10,XYt,196,44,0.018236058924535753,0.009562681346101512
10,XYt,197,44,0.01869056073006881,0.009729514049679588
10,XYt,198,44,0.019037967567652518,0.009812272000180257
10,XYt,199,44,0.019319760017815428,0.009875279603358442
10,XYt,200,44,0.019505787015885175,0.009935265480374616
10,XYt,201,44,0.01941310996325093,0.009961740908916246
10,XYt,202,44,0.019268080707659497,0.009930095995102028
10,XYt,203,44,0.019169476569854543,0.009849091352299465
10,XYt,204,44,0.019144942652101423,0.009790653626501588
10,XYt,205,44,0.01931042857152219,0.009861921248826728
10,XYt,206,45,0.01850847997364228,0.00943109370518418
10,XYt,207,45,0.01896992807504553,0.009516960684249837
10,XYt,208,45,0.019425327301465574,0.009561581564185967
10,XYt,209,45,0.019874603101883166,0.009641425762338481
10,XYt,210,45,0.02012729481300528,0.00966736677254705
10,XYt,211,45,0.02025554434727923,0.00959844357070498
10,XYt,212,45,0.02040751296702132,0.00956878014373439
10,XYt,213,45,0.020686291292106026,0.009584278766149913
10,XYt,214,45,0.02107823545878111,0.009646036386464366
10,XYt,215,45,0.02156926302932437,0.00971827575171072
10,XYt,216,45,0.022262793740793423,0.009825163097154744
10,XYt,217,45,0.022920348225730174,0.009914700996940003
10,XYt,218,46,0.022223893518441316,0.009435340921699266
10,XYt,219,46,0.02312661299611477,0.009639581624671694
10,XYt,220,46,0.02359246454503133,0.00969839714502248
10,XYt,221,46,0.02379935755602064,0.009696820872133098
10,XYt,222,46,0.02410738084105945,0.009776411682054733
10,XYt,223,46,0.02436273961553534,0.009854158636080029
10,XYt,224,46,0.02446039648765408,0.009859965815973622
10,XYt,225,46,0.024432312767145782,0.00981414896793277
10,XYt,226,46,0.02433430358762041,0.0096677021613748
10,XYt,227,46,0.024274813163945974,0.009513074733915215
10,XYt,228,46,0.02428848229324844,0.009401073858458515
10,XYt,229,45,0.025659166974642662,0.009796655961341827
10,XYt,230,45,0.02566733896584384,0.009646820402664121
10,XYt,231,45,0.025659502802846176,0.009556357915575202
10,XYt,232,44,0.027035049049663206,0.00999152245159131
10,XYt,233,44,0.02671385273416978,0.00971477313070709
10,XYt,234,43,0.02790523503508951,0.009995531147488367
10,XYt,235,43,0.027425736682079642,0.009630270048233492
10,XYt,236,42,0.028400005358559015,0.009813811020812389
10,XYt,237,41,0.02897061966258382,0.009877089226477216
10,XYt,238,41,0.028164580335336725,0.009520422421180275
10,XYt,239,40,0.0293236643324905,0.00991801957692133
10,XYt,240,40,0.02922590162821588,0.009842232746973975
10,XYt,241,40,0.02922324113601558,0.009855644344289474
10,XYt,242,40,0.029252759500314567,0.009882132666361737
10,XYt,243,40,0.029257268804774108,0.009918528847564495
10,XYt,244,40,0.02924325215022882,0.00988714152992093
10,XYt,245,40,0.02933629306379883,0.009892322799830515
10,XYt,246,40,0.029307076933522053,0.009894344879860021
10,XYt,247,40,0.029402562841016472,0.00997598220407812
10,XYt,248,41,0.02805130271341095,0.009504572249233378
10,XYt,249,41,0.028121816025449733,0.00952647774146939
10,XYt,250,41,0.028074694131417787,0.009492946674807436
10,XYt,251,41,0.028082044633786666,0.009553372508952144
10,XYt,252,41,0.028215530160407242,0.009687643752985517
10,XYt,253,41,0.028245849432637006,0.009716172400740873
10,XYt,254,41,0.02830705074603292,0.009757879449757947
10,XYt,255,41,0.02826869665145601,0.009795277760043006
10,XYt,256,41,0.027717982295979972,0.00983276584751027
10,XYt,257,41,0.026380488662584016,0.009922760336145885
10,XYt,258,41,0.023052066328269595,0.009989683894399491
10,XYt,259,41,0.018889799441418373,0.009893768425814598
10,XYt,260,41,0.016868913466485894,0.009772070050442935
10,XYt,261,41,0.016397699777642515,0.009820718911180661
10,XYt,262,41,0.01622710998127316,0.009793879421318779
10,XYt,263,41,0.0161928183796556,0.00973944872968605
10,XYt,264,41,0.016085536248058904,0.009659272695466436
10,XYt,265,41,0.015948010258359947,0.009552353446693002
10,XYt,266,41,0.015804917615078316,0.009419699681223125
10,XYt,267,41,0.01581872982166082,0.009424692349554117
10,XYt,268,41,0.015924316621317762,0.009506865004157622
10,XYt,269,41,0.01605147253988379,0.009608830886888487
10,XYt,270,41,0.016115877125933438,0.009684390639528166
10,XYt,271,41,0.016185003305965007,0.009695299141025848
10,XYt,272,41,0.016128515355215693,0.009595544131839533
10,XYt,273,41,0.01616579700685557,0.009608800802022728
10,XYt,274,41,0.01626339200452944,0.009679597303659275
10,XYt,275,41,0.01636725569757714,0.009720596467401274
10,XYt,276,41,0.016347895873829732,0.00965819119299097
10,XYt,277,41,0.016257360499993607,0.00962007481078562
10,XYt,278,41,0.016197192280438043,0.00964439849412196
10,XYt,279,41,0.016122389795071513,0.009592407208614505
10,XYt,280,41,0.01606290755794457,0.009523055125009287
10,XYt,281,41,0.01610133737836518,0.009526743050543794
10,XYt,282,41,0.016214029571363,0.009521518341305319
10,XYt,283,41,0.01643881579241088,0.00965951534954572
10,XYt,284,41,0.016625507554158814,0.009790903398262392
10,XYt,285,41,0.01672366926214127,0.009833557222623681
10,XYt,286,41,0.01673636150137847,0.009770052651753673
10,XYt,287,41,0.016666992223932718,0.009718512912956506
10,XYt,288,41,0.016600306915751217,0.009674701858928068
10,XYt,289,41,0.016456715647542357,0.009530382820720551
10,XYt,290,40,0.01723581948814339,0.009959996870150378
10,XYt,291,40,0.017131777765188982,0.009885839959534142
10,XYt,292,40,0.01709866641719796,0.009861316357922135
10,XYt,293,40,0.0170506050817434,0.009851023167605649
10,XYt,294,40,0.017098385532225584,0.009924472737297069
10,XYt,295,40,0.01716887484397432,0.00997153746113377
10,XYt,296,40,0.017156767132611602,0.009958533791216086
10,XYt,297,40,0.017219021196600754,0.009906303463960143
10,XYt,298,40,0.017284365950339792,0.009936454820680925
10,XYt,299,41,0.016489841617575357,0.0094817386324664
10,XYt,300,41,0.01659940447828394,0.00961916962384411
10,XYt,301,41,0.016691007636422978,0.009670361423315786
10,XYt,302,41,0.01665093693882281,0.009640208938510671
10,XYt,303,41,0.016564648899224398,0.009536314659275826
10,XYt,304,41,0.016415395810892953,0.00948404432161023
10,XYt,305,40,0.017264055041427487,0.009985920092213453
10,XYt,306,40,0.017247038130704728,0.009959074331739863
10,XYt,307,40,0.017299324057114665,0.00997938179273137
10,XYt,308,41,0.01645682615514832,0.009425343912796274
10,XYt,309,41,0.016542012571138465,0.009492346256102461
10,XYt,310,41,0.01668453258653137,0.009611413362191757
10,XYt,311,41,0.016694482647192057,0.009587045923629805
10,XYt,312,41,0.01669006673809464,0.009558993390987246
10,XYt,313,41,0.016705745345611353,0.00957329803241533
10,XYt,314,41,0.016769377982800187,0.00960056010049779
10,XYt,315,41,0.016729530595048774,0.009496709640997915
10,XYt,316,40,0.017633283240685842,0.009979413892044842
10,XYt,317,40,0.01748962114411888,0.009867159707900943
10,XYt,318,40,0.017431458664696836,0.00976832357830798
10,XYt,319,40,0.01733499014256488,0.009670344860744858
10,XYt,320,40,0.01745967600111738,0.00973465160452223
10,XYt,321,40,0.017641000032324657,0.009848369055095722
10,XYt,322,40,0.01782842282997356,0.009907267981015148
10,XYt,323,40,0.017992846513272896,0.009894821021367252
10,XYt,324,40,0.018520724954338784,0.009913652876478222
10,XYt,325,41,0.022373093348477046,0.009917281422857149
10,XYt,326,41,0.027322743612816863,0.009564930357642923
10,XYt,327,41,0.029264009925704354,0.009570484857461392
10,XYt,328,41,0.03004773244274894,0.00959819326762666
10,XYt,329,41,0.03029677614258709,0.009549944805238035
10,XYt,330,41,0.030375408409074395,0.009514488475631862
10,XYt,331,41,0.030409094281451096,0.00948241882168644
10,XYt,332,40,0.03198796150487176,0.009958849567727015
10,XYt,333,40,0.032095006615344576,0.009921683537199273
10,XYt,334,40,0.03219603185351877,0.00991909913662934
10,XYt,335,41,0.030843348034396777,0.009435282957745537
10,XYt,336,41,0.0309845886023842,0.009547219268922916
10,XYt,337,41,0.031172458280340352,0.009621834991066237
10,XYt,338,41,0.031406750472317085,0.009679662683293459
10,XYt,339,41,0.03204413825086075,0.009870563927842645
10,XYt,340,42,0.030925243314476266,0.009629612472761919
10,XYt,341,42,0.03120113533974586,0.009841217794471542
10,XYt,342,43,0.02986750318005026,0.009467127295734585
10,XYt,343,43,0.030333747267390847,0.009752433683985033
10,XYt,344,43,0.030350296228929458,0.009943592982394113
10,XYt,345,44,0.028720112765092096,0.0095165456837901
10,XYt,346,44,0.02852953020144137,0.009629507402563674
10,XYt,347,44,0.02867721830135065,0.009800083077475114
10,XYt,348,44,0.028825669650862973,0.009993879392111821
10,XYt,349,45,0.027400492872593437,0.009528094904920044
10,XYt,350,45,0.027298589401482495,0.009566362162474348
10,XYt,351,45,0.027384093916382392,0.009647202668446375
10,XYt,352,45,0.027534178614000614,0.009837697396367999
10,XYt,353,45,0.027525724709891987,0.009964131161765718
10,XYt,354,45,0.027312327775767527,0.009984733905285814
10,XYt,355,46,0.025924825227181092,0.00943447805004026
10,XYt,356,46,0.025687631727161996,0.009459644883265615
10,XYt,357,46,0.02542419005442936,0.009501386789674033
10,XYt,358,45,0.02580750012130469,0.009931813031429473
10,XYt,359,45,0.025186936579270857,0.009863420837978098
10,XYt,360,45,0.024467443919462886,0.009836099362367042
10,XYt,361,45,0.024032472719847348,0.0097923384649198
10,XYt,362,45,0.02337722708421944,0.009755322532948998
10,XYt,363,45,0.023065100960273224,0.009769928699686806
10,XYt,364,45,0.022360605529099447,0.009719219538763863
10,XYt,365,45,0.022119989609037598,0.009715483245225892
10,XYt,366,45,0.021751720889980078,0.009669050064665452
10,XYt,367,45,0.02161737884270154,0.009652477928175451
10,XYt,368,45,0.021536282666450954,0.009712060465745572
10,XYt,369,45,0.02143665196030459,0.00971902861819866
10,XYt,370,45,0.021316520729995677,0.009736157555338644
10,XYt,371,45,0.02125330522994148,0.009731978198711633
10,XYt,372,45,0.0211094780501211,0.009739060457870262
10,XYt,373,45,0.021065343769632504,0.009804567296799344
10,XYt,374,45,0.021004909679471658,0.009909509351576189
10,XYt,375,45,0.020812553826939226,0.009860388548756548
10,XYt,376,45,0.020334888868745394,0.00971166989220975
10,XYt,377,45,0.019862987282613386,0.00962096732536969
10,XYt,378,45,0.019351430244621354,0.009503493283602163
10,XYt,379,44,0.01999828751604884,0.009944598664894158
10,XYt,380,44,0.01977978076144411,0.009881133277329845
10,XYt,381,44,0.01980872702169966,0.009946487187514572
10,XYt,382,45,0.01887636220298781,0.009501098569858863
10,XYt,383,45,0.019027689101259935,0.009605401825358979
10,XYt,384,45,0.01897740180618494,0.009633355307155254
10,XYt,385,45,0.0183795452812797,0.009479326884009995
10,XYt,386,44,0.019051579254046727,0.009953114996742717
10,XYt,387,45,0.018021295953446894,0.00943643347561543
10,XYt,388,45,0.018115154273384358,0.009464011374729457
10,XYt,389,45,0.01818846914274825,0.009504108617296655
10,XYt,390,45,0.018245310145556585,0.009525084645057592
10,XYt,391,45,0.018242929181109015,0.009538299583217225
10,XYt,392,45,0.01824252719525623,0.009537842505689204
10,XYt,393,45,0.01820709116275355,0.009500502367028802
10,XYt,394,45,0.018273455037705326,0.009521118720499981
10,XYt,395,45,0.018340678166698807,0.009532500938615105
10,XYt,396,45,0.018537410101881768,0.009545489119297021
10,XYt,397,45,0.01868715508644413,0.009589694962854304
10,XYt,398,45,0.018783318964780703,0.00963611729037052
10,XYt,399,45,0.018713727503184223,0.009617828539818662
10,XYt,400,45,0.018733443419392638,0.009639720220777259
10,XYt,401,45,0.018699834032247217,0.009642570725036097
10,XYt,402,45,0.018633829017677978,0.009589320181695895
10,XYt,403,45,0.01857232774370487,0.009537230577287318
10,XYt,404,45,0.01856724890188191,0.009463881350433207
10,XYt,405,45,0.01856371568694235,0.009433637875078027
10,XYt,406,45,0.018702820110690035,0.009470207128871273
10,XYt,407,45,0.018886502380618928,0.009566693333815612
10,XYt,408,45,0.019097368876523507,0.009657031901411579
10,XYt,409,45,0.0193798297821985,0.009734684109517638
10,XYt,410,45,0.019580076175246597,0.009770978244085377
10,XYt,411,45,0.019197725535263502,0.009597725610726408
10,XYt,412,45,0.019217603752182257,0.009597389811690756
10,XYt,413,45,0.01938517452566787,0.009675483148579054
10,XYt,414,45,0.01958657938400529,0.009729834448434256
10,XYt,415,45,0.01981526224087943,0.009797985327142919
10,XYt,416,45,0.020272140597750857,0.009927215112847254
10,XYt,417,46,0.019761303759758504,0.009542575637507213
10,XYt,418,46,0.02016436167690603,0.009657787519670379
10,XYt,419,46,0.020339491443342808,0.00961000168417813
10,XYt,420,45,0.02153182719148414,0.009988993663820157
10,XYt,421,45,0.021374241768133583,0.00979620336163818
10,XYt,422,45,0.02148425300621844,0.009739954101632493
10,XYt,423,45,0.021456691932332524,0.009650873916335746
10,XYt,424,45,0.021428930106451,0.0095797277241922
10,XYt,425,45,0.02159559316608681,0.009587786277888923
10,XYt,426,45,0.02176578039891996,0.009581434567283808
10,XYt,427,45,0.021865170122267595,0.00952494848222657
10,XYt,428,45,0.022022637103536684,0.009551539590968572
10,XYt,429,45,0.022237471881799576,0.009572709590965487
10,XYt,430,45,0.02253754560545903,0.009571499948612896
10,XYt,431,45,0.02296341794747876,0.009614084943022488
10,XYt,432,45,0.023495890950581376,0.009704689612948798
10,XYt,433,45,0.02408450332592775,0.009780830867801541
10,XYt,434,45,0.02478154370718468,0.009827914899530107
10,XYt,435,45,0.025427986490159836,0.00985917418325141
10,XYt,436,46,0.024962112569242304,0.00942748065784511
10,XYt,437,46,0.02552903545042253,0.009478597840811922
10,XYt,438,45,0.027094467242812614,0.009996338164846087
10,XYt,439,45,0.02713244687991476,0.009910743170361277
10,XYt,440,45,0.027217142362016736,0.009814111949557808
10,XYt,441,45,0.027481671138468385,0.009760266795344476
10,XYt,442,45,0.027716343391474416,0.009726221521843057
10,XYt,443,45,0.027760825349423757,0.009638787292763386
10,XYt,444,45,0.02764317312577192,0.009512317887198488
10,XYt,445,44,0.02921611269918331,0.009980442189808317
10,XYt,446,44,0.028961271390859487,0.0097939209037207
10,XYt,447,44,0.028929806669323144,0.009622360343494321
10,XYt,448,44,0.028842835339474432,0.009432856846915728
10,XYt,449,43,0.030415305932585974,0.009740529231136393
10,XYt,450,42,0.0318772259264647,0.009992861077493058
10,XYt,451,42,0.031660946610737734,0.009643438472435786
10,XYt,452,41,0.03286712171093327,0.009795566895311383
10,XYt,453,41,0.03237576628802936,0.009434321532234002
10,XYt,454,40,0.03332554305264609,0.009481793016439746
10,XYt,455,39,0.033929232344827,0.009496328721884181
10,XYt,456,38,0.035155808497859854,0.009820317940751305
10,XYt,457,38,0.03499007818240848,0.009753265221901715
10,XYt,458,38,0.03500633674463931,0.009808442907738602
10,XYt,459,38,0.03511902423775097,0.009868625645631405
10,XYt,460,38,0.03513444364422104,0.00990672461378234
10,XYt,461,38,0.034928004124866165,0.009886612071446215
10,XYt,462,38,0.034721667449725206,0.009872925608238357
10,XYt,463,38,0.03466060139847942,0.009870823154619419
10,XYt,464,38,0.03486779872303033,0.009973119277163964
10,XYt,465,39,0.032726729916392104,0.009538078009839161
10,XYt,466,39,0.03143069999830966,0.009626441606614931
10,XYt,467,39,0.027658880813817746,0.009890255673375403
10,XYt,468,39,0.022063095540614086,0.009854338217302503
10,XYt,469,39,0.018851030428039053,0.009581287789097325
10,XYt,470,39,0.018019051902146657,0.009440618289689407
10,XYt,471,38,0.018671874749514063,0.009943648769009758
10,XYt,472,38,0.018659335380228924,0.009924818330935585
10,XYt,473,38,0.018608798290738998,0.009863129335066539
10,XYt,474,38,0.018575708407432175,0.009834470085289525
10,XYt,475,38,0.018447506478412243,0.009783096014925012
10,XYt,476,38,0.01843299349588474,0.009754578875293685
10,XYt,477,38,0.01824225133142274,0.009666865688042148
10,XYt,478,38,0.018160071671416752,0.009614793555424977
10,XYt,479,38,0.018066256678223678,0.009555004744942424
10,XYt,480,38,0.018021969681946363,0.009513282517432572
10,XYt,481,37,0.01894823326421548,0.009991949783610083
10,XYt,482,37,0.018950486336562843,0.009965339793459657
10,XYt,483,37,0.018949808860002283,0.009972056926162143
10,XYt,484,38,0.017956911094621386,0.00943725560216201
10,XYt,485,38,0.01791645327925843,0.009444445122679742
10,XYt,486,38,0.017870032879476833,0.009456623161579516
10,XYt,487,38,0.01777252424672347,0.00945079093750711
10,XYt,488,38,0.01780766349247629,0.009538071866326507
10,XYt,489,38,0.017904739537331696,0.009632559650704614
10,XYt,490,38,0.018052803196833778,0.009738782481039593
10,XYt,491,38,0.01817906590693791,0.00983077838881402
10,XYt,492,38,0.018201715173895586,0.009930900069233113
10,XYt,493,38,0.018274956881965683,0.009988648335098245
10,XYt,494,38,0.01824139602406148,0.009986830371648336
10,XYt,495,38,0.018242664238458398,0.009948156236159208
10,XYt,496,38,0.018132997900513096,0.009865408848219822
10,XYt,497,38,0.018028304323112868,0.009729393997804836
10,XYt,498,38,0.01783366342861362,0.009542811434213875
10,XYt,499,37,0.018641733077278535,0.009915067418931061
10,XYt,500,37,0.01835773828527599,0.009697571375947693
10,XYt,501,37,0.018303679606845775,0.009603634565449836
10,XYt,502,37,0.018287424629144435,0.009607050839090293
10,XYt,503,37,0.018387813750255527,0.009669538512007678
10,XYt,504,37,0.01834864156127491,0.009698660570705184
10,XYt,505,37,0.01833484398630042,0.009697699475465546
10,XYt,506,37,0.018328640630511997,0.00964829957376357
10,XYt,507,37,0.01834302242868681,0.009651383116776146
10,XYt,508,37,0.018411782367262527,0.009694660079736564
10,XYt,509,37,0.018519367408180616,0.009778742969524542
10,XYt,510,37,0.01856586790399046,0.009855069986856615
10,XYt,511,37,0.018622681778500114,0.00993617528936074
10,XYt,512,37,0.018642182051777808,0.009969031817980482
10,XYt,513,38,0.01764962266420303,0.009455051616868094
10,XYt,514,38,0.01763050922012205,0.009487367778890553
10,XYt,515,38,0.01763983315802416,0.009537990362017487
10,XYt,516,38,0.017565340094039827,0.009491481981555977
10,XYt,517,38,0.01748804930259069,0.009471805854225138
10,XYt,518,38,0.01741058692127345,0.009434277226457503
10,XYt,519,37,0.018364247898935288,0.009971956639395735
10,XYt,520,37,0.018283685914913927,0.009869877240805954
10,XYt,521,37,0.018209017633180384,0.009771842584187763
10,XYt,522,37,0.017993186172307066,0.009557347121503154
10,XYt,523,36,0.018885606052059994,0.009988584977909781
10,XYt,524,36,0.018784174562323567,0.009899842011449052
10,XYt,525,36,0.01874928815294072,0.009880340572929637
10,XYt,526,36,0.018709037757666507,0.009839733878100615
10,XYt,527,36,0.018577292359130616,0.009791974631390978
10,XYt,528,36,0.01833192688243778,0.009739669732866708
10,XYt,529,36,0.01814297921043999,0.009677934413893462
10,XYt,530,36,0.01809563801230856,0.009581768886981834
10,XYt,531,36,0.01831036736899536,0.009590250589704287
10,XYt,532,36,0.01886934433841801,0.009725086407601943
10,XYt,533,37,0.019330904753318938,0.009543165527698846
10,XYt,534,38,0.021999818698749004,0.009564397766305077
10,XYt,535,38,0.027324925075319435,0.00960571741684443
10,XYt,536,37,0.032199891472300186,0.009613761905702674
10,XYt,537,37,0.033579454594282056,0.009480360389020498
10,XYt,538,37,0.034640694588687154,0.009527726310933037
10,XYt,539,37,0.03564546287496037,0.00969113521809682
10,XYt,540,38,0.03490739747178569,0.009561330704680081
10,XYt,541,38,0.034855313503395935,0.009807395779362483
10,XYt,542,38,0.03427777434438907,0.00980133744678814
10,XYt,543,38,0.03374030680114054,0.009736591280538357
10,XYt,544,38,0.03354313390760393,0.009725657194627684
10,XYt,545,38,0.03377628789449914,0.009844192495956234
10,XYt,546,39,0.03296739496445984,0.009763677476746422
10,XYt,547,40,0.03184597854144965,0.009764613274963078
10,XYt,548,41,0.029791506966316706,0.009480196799441381
10,XYt,549,41,0.02929044269564263,0.009583963283921514
10,XYt,550,41,0.028879621887479997,0.009633364228516584
10,XYt,551,41,0.028496907750032142,0.009657240632707939
10,XYt,552,41,0.028317677851658306,0.0097159560899794
10,XYt,553,41,0.02817561035427638,0.009779914196740833
10,XYt,554,41,0.028096305440969745,0.009841080448313829
10,XYt,555,41,0.027990923712204716,0.009889233008796591
10,XYt,556,41,0.02792135023793547,0.009941380908686986
10,XYt,557,41,0.027780703338601075,0.009960001184542532
10,XYt,558,41,0.027505146024939205,0.009954286114256259
10,XYt,559,41,0.027008224588152056,0.009902953344463073
10,XYt,560,41,0.026061644838109518,0.00977587862411468
10,XYt,561,41,0.024778137506529564,0.009517998311450554
10,XYt,562,40,0.02538932850452498,0.009854323153219742
10,XYt,563,41,0.024314891077722424,0.009542395101715432
10,XYt,564,41,0.024478305278577632,0.009810186413230094
10,XYt,565,42,0.023238421543747192,0.009574153697224327
10,XYt,566,42,0.022713203550803113,0.00967796953126629
10,XYt,567,42,0.02221491541502305,0.009740202767091543
10,XYt,568,42,0.02172545183189101,0.009749202189653642
10,XYt,569,42,0.02127221829215256,0.009704658617637878
10,XYt,570,42,0.02069700832613317,0.009578065033504113
10,XYt,571,41,0.021038060775792868,0.009852999009653956
10,XYt,572,41,0.02024458936381659,0.00953842367844281
10,XYt,573,40,0.020730078638857702,0.009781338095474258
10,XYt,574,40,0.020536397753712375,0.009639911901581063
10,XYt,575,40,0.020573256129906,0.009589565420588593
10,XYt,576,40,0.020821422741165968,0.009655872875217691
10,XYt,577,40,0.021010132423643392,0.009720910328388439
10,XYt,578,40,0.021165889329710478,0.009791476732022327
10,XYt,579,40,0.02134015849067474,0.009840257522080747
10,XYt,580,40,0.021467682285768896,0.00985591585426762
10,XYt,581,40,0.021588498063937894,0.009912883264849442
10,XYt,582,41,0.02050527295137473,0.009478364568117206
10,XYt,583,41,0.020410422773455315,0.00953075705031872
10,XYt,584,41,0.020280230496571072,0.009583246684927231
10,XYt,585,41,0.020131314995781083,0.009641747872807917
10,XYt,586,41,0.01999976636804187,0.009745665388459659
10,XYt,587,42,0.01922396515656965,0.009623492149099784
10,XYt,588,42,0.019062309034376564,0.009860734803719582
10,XYt,589,42,0.018571461782141842,0.009960259260237391
10,XYt,590,42,0.0177614668591231,0.009856380376622127
10,XYt,591,42,0.017110803200534923,0.009711484454784737
10,XYt,592,42,0.01678371470969582,0.009644823789639304
10,XYt,593,42,0.01666451955406179,0.009593391068559776
10,XYt,594,42,0.016544161628126983,0.009485847863801904
10,XYt,595,42,0.016574785590537433,0.009482848086196146
10,XYt,596,41,0.01749656197340417,0.009975206827584474
10,XYt,597,41,0.017514754320969626,0.009893248009000445
10,XYt,598,41,0.017503401663408972,0.009781546570402224
10,XYt,599,41,0.017472849754559806,0.009660437783839767
10,XYt,600,41,0.017523504100716666,0.009549130744229308
10,XYt,601,41,0.017654159976759478,0.009482810598419322
10,XYt,602,40,0.018733818471024153,0.009982037074755128
10,XYt,603,40,0.018788824075406274,0.00996682107882511
10,XYt,604,40,0.01887894966830669,0.009978934740340612
10,XYt,605,41,0.017973190206260342,0.009469080929653173
10,XYt,606,41,0.01804979694663402,0.00948739207249453
10,XYt,607,41,0.018074746454468313,0.009496103700930748
10,XYt,608,41,0.01808645369098776,0.009494227633152356
10,XYt,609,41,0.018068332346339706,0.009497191732700814
10,XYt,610,41,0.018024377307117607,0.009509635380609756
10,XYt,611,41,0.017915672663937888,0.00955920834963828
10,XYt,612,41,0.017794723248828283,0.009619981412754067
10,XYt,613,41,0.017622825239043044,0.009676149314729154
10,XYt,614,41,0.017461434972441695,0.009734510346985172
10,XYt,615,41,0.01728601795176608,0.00977864389612208
10,XYt,616,41,0.01713078215857494,0.009789311293394384
10,XYt,617,41,0.016956939817368864,0.009750085688662691
10,XYt,618,41,0.01706299137865484,0.009823491841890868
10,XYt,619,41,0.01715789986542088,0.009942317269228493
10,XYt,620,41,0.01700710491453672,0.009903018038451247
10,XYt,621,41,0.01708469678842569,0.009901769054216547
10,XYt,622,41,0.017529072268875,0.009976575052316052
10,XYt,623,41,0.018150205228752648,0.009977186267808856
10,XYt,624,41,0.018561532472111578,0.009799705579336472
10,XYt,625,41,0.019194799726720113,0.009788462464004014
10,XYt,626,41,0.01960698162879968,0.00971392020088555
10,XYt,627,41,0.019601404501478847,0.009564869094811372
10,XYt,628,41,0.0197865268757545,0.00957955115092157
10,XYt,629,41,0.019973802723421523,0.009535109822775556
10,XYt,630,40,0.02114567441870967,0.009971166454084418
10,XYt,631,40,0.021059451301370748,0.009850961701182565
10,XYt,632,40,0.020937297289802533,0.009822510348925603
10,XYt,633,40,0.020713032954139975,0.009768427555294772
10,XYt,634,40,0.020514027540232932,0.009716651242564467
10,XYt,635,40,0.020283406395018813,0.009630140646121797
10,XYt,636,40,0.01995079935705642,0.009549257153228685
10,XYt,637,40,0.019668916420961434,0.009518940204965161
10,XYt,638,40,0.01957578028738753,0.009536347840310095
10,XYt,639,40,0.019570062652543956,0.009576594186444964
10,XYt,640,40,0.019840692616665302,0.009718158374851444
10,XYt,641,40,0.02047020741342125,0.009977515940569191
10,XYt,642,41,0.02017845559993428,0.009702370326705553
10,XYt,643,41,0.020762125998437388,0.009831036677851382
10,XYt,644,41,0.021205967043143568,0.009850506441154018
10,XYt,645,41,0.02158142398779472,0.009814866619158265
10,XYt,646,41,0.021932966274594203,0.0097433009272846
10,XYt,647,41,0.022267239181472595,0.009583423190108147
10,XYt,648,40,0.02358060781499408,0.009788961713899948
10,XYt,649,39,0.024720864366964097,0.009979835870980133
10,XYt,650,39,0.02469890174012935,0.009784227992571594
10,XYt,651,39,0.024613854529196347,0.00968796755262118
10,XYt,652,40,0.02452636920054988,0.00954673438396656
10,XYt,653,40,0.025759894527226216,0.009809175711617862
10,XYt,654,40,0.02630787116622647,0.009905440208597011
10,XYt,655,40,0.026539231280862767,0.009930735640582148
10,XYt,656,40,0.026667220870073515,0.009919230676552744
10,XYt,657,40,0.026797764310192065,0.009900590540873644
10,XYt,658,40,0.026863864221833338,0.009877131545935374
10,XYt,659,40,0.026926094675358142,0.009840540175029423
10,XYt,660,40,0.0270351509675677,0.00979420968018825
10,XYt,661,40,0.027171569724063205,0.009743230762414653
10,XYt,662,40,0.027406400363937804,0.009680850336443305
10,XYt,663,40,0.02779176501972905,0.009609562651910849
10,XYt,664,40,0.028229056909392453,0.009502692509155216
10,XYt,665,39,0.030389648399868737,0.009865403304525212
10,XYt,666,39,0.030537288689818996,0.009472786156812544
10,XYt,667,37,0.033386070276934576,0.009991665158277915
10,XYt,668,37,0.03263391788798844,0.009555776607137509
10,XYt,669,36,0.03419995080150236,0.009959850964151787
10,XYt,670,36,0.03417896668812105,0.00987589708798982
10,XYt,671,36,0.03395624943077352,0.00972760749905177
10,XYt,672,35,0.03515762040397738,0.009862534816692114
10,XYt,673,35,0.033940276528015706,0.009459625061009303
10,XYt,674,34,0.03508371178206994,0.00998189579584856
10,XYt,675,35,0.03145798125099584,0.009547127204053102
10,XYt,676,35,0.02925245377319544,0.009961406792461831
10,XYt,677,35,0.025674420450273072,0.009958187798499562
10,XYt,678,35,0.021953468423860242,0.0096719250446386
10,XYt,679,35,0.019556376852600265,0.009507953447930411
10,XYt,680,34,0.01914369709512281,0.009839603260513755
10,XYt,681,34,0.018141996921911742,0.009615728811336493
10,XYt,682,34,0.017640415260428595,0.009495926806858318
10,XYt,683,33,0.01835956879391209,0.00998824706611724
10,XYt,684,33,0.018140492075410755,0.009904225844947968
10,XYt,685,33,0.01798796341904755,0.009853886681243125
10,XYt,686,33,0.01795448974127053,0.009825758684018438
10,XYt,687,33,0.01800582696275031,0.009846239933542337
10,XYt,688,33,0.0180908467005983,0.009872457116032273
10,XYt,689,33,0.018167928576070528,0.009909210137232314
10,XYt,690,33,0.018260261193096587,0.00997525695475574
10,XYt,691,34,0.01735697162803858,0.00945619931640936
10,XYt,692,34,0.017463457117836152,0.00949351413640049
10,XYt,693,34,0.017574030959344664,0.009530689419551472
10,XYt,694,34,0.017646693991199502,0.009543129504915728
10,XYt,695,34,0.017607044541049173,0.009530029072113647
10,XYt,696,34,0.01754714007944314,0.009501200948512001
10,XYt,697,34,0.017483609703700383,0.00948952513780696
10,XYt,698,34,0.01742769905324787,0.009464777862609625
10,XYt,699,34,0.01731710312032896,0.009442123144076673
10,XYt,700,33,0.018275964233059338,0.009994061153289484
10,XYt,701,33,0.018198396385221638,0.00999103762460902
10,XYt,702,33,0.018145581892463566,0.0099810993524144
10,XYt,703,33,0.0180801587538027,0.009979299195242776
10,XYt,704,34,0.01704125565131765,0.009423964468645848
10,XYt,705,34,0.01715963522449952,0.009470507426044553
10,XYt,706,34,0.01742831163115266,0.009546217146199855
10,XYt,707,34,0.018043115978073083,0.009740432175401138
10,XYt,708,35,0.01839826199715865,0.009797090995621316
10,XYt,709,40,0.0177811630219252,0.009952564319801073
10,XYt,710,38,0.019544773201436844,0.009759449463422281
10,XYt,711,37,0.01910747445593563,0.009751315241797285
10,XYt,712,37,0.019467026636239775,0.0098928345779526
10,XYt,713,37,0.019050567638656268,0.00985162631132106
10,XYt,714,37,0.01887709558960964,0.009972306071732247
10,XYt,715,38,0.01745745368941402,0.009639059237229467
10,XYt,716,38,0.015996789590000286,0.009355949705673286
10,XYt,717,37,0.015097050752872996,0.00935882862032162
10,XYt,718,36,0.015451849104899747,0.009896188517664876
10,XYt,719,37,0.015279755111653318,0.009855637605990519
10,XYt,720,39,0.014898376855517544,0.00932862815044144
10,XYt,721,41,0.015268875922717291,0.009484101987549304
10,XYt,722,42,0.015390755240988138,0.00974388868857904
10,XYt,723,43,0.015152329468187588,0.009561887571186827
10,XYt,724,44,0.015287844307267774,0.009696929644400993
10,XYt,725,45,0.014846003906960219,0.009553390092138216
10,XYt,726,45,0.014254362145834976,0.009573950907090706
10,XYt,727,45,0.013102430722165234,0.009375908552957475
10,YZt,0,4,1.5928712247163153,0.009966342777576891
10,YZt,1,29,0.03918230538476772,0.009482765695282782
10,YZt,2,29,0.03465646515417188,0.009888554446935663
10,YZt,3,29,0.031204513725040347,0.009524416584838664
10,YZt,4,29,0.029640266129394605,0.009388616499334597
10,YZt,5,29,0.030229565046536185,0.009584309510263588
10,YZt,6,29,0.030935003331281595,0.009661764751569569
10,YZt,7,29,0.03324855128566976,0.009778511834738013
10,YZt,8,30,0.03293487821363938,0.009506795853274444
10,YZt,9,30,0.03550106584026472,0.009756585116536718
10,YZt,10,30,0.03673867817456354,0.009870166339326747
10,YZt,11,31,0.03596105856825272,0.009452562685312676
10,YZt,12,31,0.037308547946900576,0.009657365857762874
10,YZt,13,31,0.037838483720174274,0.009824342586734775
10,YZt,14,32,0.0365324103585156,0.009537363697583697
10,YZt,15,32,0.03797615828399092,0.009381605780122574
10,YZt,16,32,0.039090934222316936,0.00961992914426739
10,YZt,17,32,0.03975632577354461,0.009782811188839922
10,YZt,18,32,0.040392042710871365,0.009859279579463852
10,YZt,19,33,0.038675763305079325,0.009551770959736597
10,YZt,20,33,0.039670393486995935,0.009409486244147372
10,YZt,21,33,0.04005566724451582,0.00964821038219745
10,YZt,22,33,0.04138830927114513,0.009597181639462757
10,YZt,23,33,0.04150393759783369,0.009815770986261518
10,YZt,24,33,0.04293772094667094,0.009971326242339746
10,YZt,25,33,0.043797259525486194,0.009873899037728836
10,YZt,26,34,0.040874198155979875,0.009408210416142357
10,YZt,27,34,0.04213466164558062,0.009525029453645526
10,YZt,28,34,0.04289401525119672,0.009440457558316361
10,YZt,29,34,0.04278766485328824,0.00965661748822774
10,YZt,30,34,0.043675957781798815,0.00972297356714776
10,YZt,31,34,0.044419546387569925,0.009791017224128368
10,YZt,32,34,0.04555794320690421,0.009959191278747441
10,YZt,33,35,0.043849181712374015,0.009432808570367027
10,YZt,34,35,0.04462878447103841,0.009392802891864463
10,YZt,35,35,0.044714264400920085,0.009689007543895735
10,YZt,36,35,0.04609601750405772,0.009963505646677515
10,YZt,37,36,0.04436076305032759,0.009638069153429634
10,YZt,38,36,0.04454392776020135,0.009865177028617375
10,YZt,39,37,0.04173811977144956,0.009459551199140869
10,YZt,40,37,0.04110001707857695,0.009670047249017471
10,YZt,41,37,0.04026339769810883,0.009880791464891615
10,YZt,42,38,0.03780984730097635,0.009444114273688138
10,YZt,43,38,0.036699121741205355,0.00954692331373992
10,YZt,44,38,0.03548255425842243,0.009678959511962992
10,YZt,45,38,0.03423908652210963,0.009783595538667018
10,YZt,46,38,0.033059817078108476,0.009843147980052761
10,YZt,47,38,0.031923715964899624,0.009911447127208189
10,YZt,48,39,0.02935531544846447,0.009415285789080895
10,YZt,49,39,0.029027056635926952,0.009503430743879222
10,YZt,50,39,0.028480705757593754,0.009488431933364535
10,YZt,51,39,0.028012088617211602,0.009466091225802359
10,YZt,52,39,0.027716415086522075,0.009437473570185487
10,YZt,53,39,0.02799110945690229,0.009480251545458632
10,YZt,54,39,0.027977203240725484,0.00951575955516937
10,YZt,55,39,0.028122120290610533,0.009507457990486808
10,YZt,56,39,0.02849496575535288,0.009515964523720563
10,YZt,57,39,0.029287794574384345,0.009562182304509554
10,YZt,58,39,0.02977452929894075,0.009564593232171185
10,YZt,59,39,0.030514466549571965,0.00954255511028608
10,YZt,60,39,0.031779179119148696,0.009595844984773574
10,YZt,61,39,0.032756420885703984,0.009783744415424378
10,YZt,62,40,0.03242609444143458,0.00961975336691799
10,YZt,63,41,0.03222934567310309,0.009952561179716893
10,YZt,64,43,0.02805927878078781,0.009980905501493378
10,YZt,65,45,0.02353265318154203,0.00959963348215371
10,YZt,66,45,0.020605014609902005,0.009584027394384529
10,YZt,67,44,0.01828121121768577,0.009611370337267666
10,YZt,68,43,0.016446077501135768,0.009665837459817504
10,YZt,69,42,0.01542933379257896,0.009976737382989036
10,YZt,70,42,0.014120831973025817,0.009875773616755783
10,YZt,71,42,0.01309444325158098,0.009850524230455073
10,YZt,72,42,0.012528753372996587,0.009954458507177251
10,YZt,73,43,0.011223889949011481,0.009426302287341476
10,YZt,74,43,0.010903463504706196,0.00951414311054891
10,YZt,75,43,0.010590928120331205,0.009619745535179169
10,YZt,76,43,0.010352194257426894,0.009740425529282355
10,YZt,77,43,0.010144739073905012,0.009883701462618487
10,YZt,78,44,0.009486560453167769,0.009441187596052954
10,YZt,79,44,0.009405675894926142,0.00959517818704276
10,YZt,80,44,0.009423469918457127,0.009788790055080354
10,YZt,81,44,0.009451082346903998,0.00998524681540823
10,YZt,82,45,0.008959108717962011,0.009525299548697975
10,YZt,83,45,0.009044616731917615,0.009645452961157262
10,YZt,84,45,0.009137823739182396,0.009774805512819496
10,YZt,85,45,0.009283990926079108,0.00988038705817065
10,YZt,86,46,0.008901544747392081,0.00945131097670515
10,YZt,87,46,0.009110663674691839,0.009641360644359118
10,YZt,88,46,0.009326594350746167,0.009821682628018693
10,YZt,89,47,0.008971053266902918,0.00942860857061187
10,YZt,90,47,0.009154041460401137,0.00958754116811099
10,YZt,91,47,0.009283573832734567,0.009707028237046686
10,YZt,92,47,0.009403240902148169,0.009842106415218476
10,YZt,93,47,0.009580216295057875,0.009996359825846167
10,YZt,94,48,0.009165024622641202,0.009569357571375023
10,YZt,95,48,0.009319541501594657,0.009710764450505364
10,YZt,96,48,0.00945171812933565,0.009839910092827036
10,YZt,97,48,0.00961779538758994,0.009959129079024577
10,YZt,98,49,0.009176992150055956,0.009539632015916675
10,YZt,99,49,0.009307011073004115,0.00962692369427349
10,YZt,100,49,0.009421949776149297,0.009695743039910469
10,YZt,101,49,0.009599063288087675,0.009805634305362701
10,YZt,102,50,0.009205144031780828,0.00948429069394172
10,YZt,103,50,0.009365810365280374,0.009584205282660468
10,YZt,104,50,0.009539654884949868,0.00966361868910208
10,YZt,105,50,0.009752705732894917,0.009745985485285774
10,YZt,106,50,0.010007459403672021,0.009860755121343184
10,YZt,107,51,0.009691598581086834,0.009672899778094103
10,YZt,108,51,0.010001339464718258,0.009806489672448146
10,YZt,109,51,0.01036819175402143,0.009939896898863702
10,YZt,110,52,0.010133320266577187,0.009520458354026992
10,YZt,111,52,0.01048586614610965,0.00959039030605368
10,YZt,112,52,0.010808311987520629,0.009624116394629024
10,YZt,113,52,0.011084463607545739,0.009654845730551084
10,YZt,114,54,0.01001493527158292,0.009617151138338727
10,YZt,115,54,0.010013647539012122,0.009595360521422031
10,YZt,116,54,0.009968533987483888,0.009589026224298424
10,YZt,117,54,0.009997262307461442,0.0096477944910519
10,YZt,118,54,0.010107206617472404,0.009773034909944139
10,YZt,119,54,0.010203679302449758,0.009922746838214274
10,YZt,120,55,0.0096318070577521,0.009517178703240174
10,YZt,121,55,0.009517244310898714,0.009553809800778018
10,YZt,122,55,0.00929367425798785,0.009517191017235315
10,YZt,123,54,0.009597117272925669,0.009965176885108638
10,YZt,124,54,0.009330557195003754,0.009876944412326654
10,YZt,125,54,0.00909308567548508,0.009783030813130304
10,YZt,126,54,0.008910380885283824,0.00970470646193528
10,YZt,127,54,0.008815778033011333,0.00965098233907591
10,YZt,128,54,0.008778644843717964,0.009604398161568543
10,YZt,129,54,0.00878255215539164,0.009563978522310893
10,YZt,130,54,0.008804157601092596,0.00953426868210127
10,YZt,131,54,0.008821141791718253,0.00950032614227991
10,YZt,132,53,0.009386788213522472,0.009978762099162061
10,YZt,133,53,0.009414487267095666,0.00993655630820578
10,YZt,134,53,0.009471676241218264,0.009902287050688794
10,YZt,135,53,0.009544711236467565,0.00988177134829014
10,YZt,136,53,0.009612186294810377,0.009859852389875056
10,YZt,137,53,0.009696545528887806,0.00985515798581893
10,YZt,138,53,0.009807864466553783,0.00987327956287197
10,YZt,139,53,0.009939884410553598,0.009918773711290328
10,YZt,140,53,0.0100304852445314,0.009969239558701918
10,YZt,141,53,0.010041052138104878,0.009988194545731478
10,YZt,142,53,0.009990103681990005,0.009975332704489734
10,YZt,143,53,0.009899137809390416,0.009949491834387033
10,YZt,144,53,0.009779099030986881,0.009894383120926782
10,YZt,145,53,0.009610676892795076,0.009783814574949954
10,YZt,146,51,0.010567771805097718,0.009607746784921036
10,YZt,147,51,0.010344093229264557,0.009463938254710123
10,YZt,148,50,0.010781963178727585,0.009897801658669363
10,YZt,149,50,0.010611190555583924,0.009795097437864901
10,YZt,150,50,0.01049562753329667,0.009714205668122979
10,YZt,151,50,0.010411946415628984,0.009644656219658059
10,YZt,152,50,0.010366051477856266,0.009562700838017385
10,YZt,153,49,0.010999200938151819,0.009749704480251094
10,YZt,154,49,0.010946759551705938,0.009575040176011573
10,YZt,155,48,0.011501580818887578,0.009912694216439286
10,YZt,156,48,0.011309501436880129,0.009623186825230851
10,YZt,157,47,0.011728561248944346,0.009844328324770172
10,YZt,158,46,0.01204290868889926,0.009868966465736193
10,YZt,159,46,0.011459669366661018,0.009453655137946814
10,YZt,160,45,0.011617435698190999,0.009726558495933088
10,YZt,161,45,0.011117852729171217,0.009494948834643918
10,YZt,162,44,0.011401733114736513,0.009839586812670392
10,YZt,163,44,0.01095859320330679,0.009679856052219587
10,YZt,164,44,0.010601925176414216,0.009547018887866394
10,YZt,165,44,0.01026870513286493,0.00943236365720877
10,YZt,166,43,0.010587634160219631,0.009911864342470515
10,YZt,167,43,0.010221690399888827,0.009800384370804546
10,YZt,168,43,0.009940068689993638,0.009730204620324973
10,YZt,169,43,0.009664724829521836,0.009695102971765493
10,YZt,170,43,0.00935049934659635,0.009601006810200678
10,YZt,171,43,0.009118944428562432,0.009503628344510491
10,YZt,172,43,0.008958062379060496,0.009452123720529795
10,YZt,173,43,0.008924368400306235,0.009413330476169907
10,YZt,174,42,0.009538171694511578,0.009962582536916282
10,YZt,175,42,0.009578693026796615,0.00992750990572751
10,YZt,176,42,0.009678202038218533,0.009860890382449986
10,YZt,177,42,0.009807554836037884,0.009784370699731265
10,YZt,178,42,0.010034704105225509,0.009715359745782184
10,YZt,179,42,0.010368474047038608,0.00963406377655549
10,YZt,180,42,0.01068990693612079,0.00949234707918357
10,YZt,181,42,0.011161858088272084,0.009418211627473281
10,YZt,208,36,0.04571674217340064,0.009394208832509547
10,YZt,209,35,0.04847722522179313,0.009980216061740549
10,YZt,210,36,0.04581054824339167,0.009418609215316606
10,YZt,211,35,0.04743172335035585,0.009925553450564733
10,YZt,212,35,0.04749118538908976,0.009864652048522198
10,YZt,213,35,0.047831040195737105,0.009858673337730684
10,YZt,214,35,0.04785734948167311,0.009830426764214808
10,YZt,215,35,0.047785225615637514,0.009801864223782809
10,YZt,216,35,0.047544458983614445,0.009727870018997066
10,YZt,217,35,0.04732622093705131,0.009738058420443469
10,YZt,218,35,0.045984745900443824,0.009718110252226384
10,YZt,219,35,0.045608041070080325,0.009610132635025116
10,YZt,220,35,0.045185742849354824,0.009532756069329863
10,YZt,221,35,0.04491843994797568,0.009519810604084423
10,YZt,222,35,0.04436044463382353,0.009436862111599062
10,YZt,223,34,0.04600744259063696,0.009922260900447082
10,YZt,224,34,0.04520407164711259,0.009819145849409728
10,YZt,225,34,0.04583073659780622,0.00963853207369007
10,YZt,226,34,0.045520065933095134,0.009740169421078288
10,YZt,227,34,0.044684979480297905,0.009635611742836002
10,YZt,228,34,0.04373112424996806,0.009550228395405988
10,YZt,229,34,0.042978940439658046,0.009504424284051176
10,YZt,230,34,0.04204805940414658,0.009427839970864023
10,YZt,231,33,0.04477030679242457,0.009816251962358642
10,YZt,232,33,0.04383108069935588,0.00988223951187573
10,YZt,233,33,0.04246687569982949,0.009747708330382882
10,YZt,182,42,0.011722891077631158,0.009391536681969419
10,YZt,183,42,0.012520379466174182,0.009388527634520505
10,YZt,184,42,0.013713511908341816,0.00951672014217231
10,YZt,185,42,0.015523582448157961,0.00982229910717951
10,YZt,186,43,0.01725429203822498,0.009763285995793933
10,YZt,187,44,0.02061940373907775,0.009951218142171472
10,YZt,188,45,0.023814868219175778,0.009654406714396168
10,YZt,189,44,0.029660283213677644,0.009634815925191975
10,YZt,190,42,0.036911717636542496,0.009411095462464728
10,YZt,191,39,0.04451817497825752,0.009814143679602039
10,YZt,192,38,0.04572091543565224,0.009523931710876609
10,YZt,193,37,0.04703941509254631,0.009747290959172716
10,YZt,194,37,0.04691321524273002,0.009594563691761501
10,YZt,195,37,0.045489547017742125,0.009417119804032965
10,YZt,196,36,0.04815943171477575,0.00984799771467154
10,YZt,197,36,0.046967784131345974,0.009781356980496127
10,YZt,198,36,0.04704474682546668,0.009766350433766611
10,YZt,199,36,0.04721491554456843,0.009706342341974273
10,YZt,200,36,0.04613510514111739,0.00965861079658608
10,YZt,201,36,0.0463887490890427,0.009679809353458843
10,YZt,202,36,0.046742192194418296,0.009660571921454917
10,YZt,203,36,0.04582011882288655,0.009579728539765575
10,YZt,204,36,0.045886945566532174,0.009541402649447892
10,YZt,205,36,0.04621629412532789,0.009540094155467341
10,YZt,206,36,0.046580527993894484,0.009473755460196208
10,YZt,207,36,0.04560078880985671,0.009399082398519259
10,YZt,234,33,0.04278040302749542,0.009563975896507714
10,YZt,235,33,0.04153759610954638,0.009584465267278606
10,YZt,236,33,0.040456744296598825,0.009533782260442719
10,YZt,237,32,0.04313856634495596,0.009979886701852899
10,YZt,238,33,0.03917772657748647,0.00939849397505786
10,YZt,239,32,0.041310124967044365,0.009794669551102688
10,YZt,240,32,0.040306995340971354,0.009944352641251203
10,YZt,241,32,0.0394263438238026,0.009621726761886861
10,YZt,242,32,0.039000050373695874,0.009551249203548252
10,YZt,243,32,0.03837027647760264,0.009351432022389538
10,YZt,244,31,0.03964521179806883,0.009794308881031217
10,YZt,245,32,0.03616820836922097,0.009378804190309231
10,YZt,246,31,0.037317228246855745,0.009662011386202677
10,YZt,247,31,0.03694070480611632,0.009519517196960316
10,YZt,248,31,0.035596239567447785,0.00931769070454581
10,YZt,249,30,0.03655911048270025,0.009754464509801448
10,YZt,250,30,0.03523685594926177,0.009665185595382458
10,YZt,251,30,0.03283722657443826,0.009443166985202025
10,YZt,252,29,0.03334388550217253,0.009733572457317199
10,YZt,253,29,0.030898712593774233,0.009579480077950724
10,YZt,254,29,0.03000131316785846,0.009445612426536503
10,YZt,255,29,0.029185930937866644,0.009274546236455947
10,YZt,256,29,0.03051938302379437,0.009385467972545733
10,YZt,257,29,0.03422871365158989,0.009807860494429017
10,YZt,258,29,0.03913954873269551,0.00947446555601737
10,YZt,259,4,1.6303515624864853,0.009801981509229986
10,XZt,0,4,1.4798787520819108,0.009541307896411558
10,XZt,1,28,0.03773873397212581,0.009680952543557273
10,XZt,2,29,0.030769098230907302,0.009441623818379803
10,XZt,3,29,0.02845987438901044,0.009316516717432104
10,XZt,4,29,0.027805667742179307,0.00929975479551825
10,XZt,5,29,0.028718432333733425,0.009476547529389024
10,XZt,6,29,0.030172023000110414,0.009602545866772408
10,XZt,7,29,0.033060517045601694,0.009806472599982567
10,XZt,8,30,0.03251564188724107,0.009413085922335411
10,XZt,9,30,0.034868831264471406,0.00958252263608917
10,XZt,10,30,0.03610846882719985,0.009690295929917601
10,XZt,11,30,0.03790188999682457,0.009995436400325956
10,XZt,12,31,0.0368166147476629,0.00951855161556133
10,XZt,13,31,0.037308103834513655,0.009684267780848379
10,XZt,14,32,0.03624199803822903,0.00947735369268121
10,XZt,15,31,0.04016589470436259,0.009927505408571596
10,XZt,16,32,0.03914836566178349,0.009611116015968639
10,XZt,17,32,0.03995707148158112,0.009765860142594071
10,XZt,18,32,0.040582435147061204,0.009835977263890948
10,XZt,19,33,0.03920212298667025,0.0095632546486069
10,XZt,20,33,0.04029604491413072,0.009458826118710528
10,XZt,21,33,0.040462734672089606,0.0096037807696648
10,XZt,22,33,0.04185988327735006,0.0095386895328411
10,XZt,23,33,0.04182264613337367,0.009750144642987181
10,XZt,24,34,0.040817945020024254,0.009400338983817385
10,XZt,25,33,0.044341858960105306,0.009858615032405682
10,XZt,26,34,0.04134456694457411,0.009392936870770809
10,XZt,27,34,0.04243008610836589,0.009482307235626472
10,XZt,28,33,0.04552226142470646,0.009925654093729528
10,XZt,29,34,0.042990785766147586,0.009521610126290988
10,XZt,30,34,0.04362976234556129,0.009618863408531854
10,XZt,31,34,0.044324712036296746,0.009680122980317868
10,XZt,32,34,0.04522906029907585,0.009898724608029137
10,XZt,33,34,0.04570220253237133,0.009873538435741971
10,XZt,34,34,0.04612158257898787,0.009735744045396665
10,XZt,35,34,0.045222837668194016,0.009872849977193461
10,XZt,36,34,0.0459812025003105,0.00998920858735007
10,XZt,37,35,0.04397799695348094,0.00942104414877863
10,XZt,38,35,0.04452319961895681,0.009481448814776625
10,XZt,39,35,0.04496896111135641,0.009557306655996491
10,XZt,40,35,0.045543280269388184,0.009749979798932312
10,XZt,41,35,0.045941161437757894,0.009777417722608761
10,XZt,42,35,0.04737919696398298,0.009844645213589605
10,XZt,43,35,0.04771706947224849,0.0099318279217896
10,XZt,44,36,0.04531400424287972,0.009432853829638673
10,XZt,45,36,0.04544342894951481,0.00950705942228184
10,XZt,46,36,0.04570974187255478,0.00966626787410476
10,XZt,47,36,0.04560137428774857,0.009772118935293865
10,XZt,48,36,0.04570082303852953,0.00996488679076728
10,XZt,49,37,0.04422898819872847,0.0094650638866092
10,XZt,50,37,0.044584737193958036,0.009593079492801476
10,XZt,51,37,0.044633643178249846,0.009696225365504312
10,XZt,52,37,0.044844182674099925,0.009850253421693522
10,XZt,53,38,0.04351925003566343,0.009448719649258783
10,XZt,54,38,0.04363349362080123,0.009603354237629712
10,XZt,55,38,0.043589822227835515,0.009781539552845551
10,XZt,56,39,0.04152018910911538,0.009435485297713493
10,XZt,57,39,0.042488404059541886,0.009643750909513108
10,XZt,58,39,0.04233139237653202,0.009834399265705136
10,XZt,59,40,0.039927773748779656,0.009458249967576599
10,XZt,60,40,0.040737315640542796,0.009708945956350272
10,XZt,61,40,0.04041154500864048,0.00996600903939201
10,XZt,62,41,0.037906881611394196,0.009603346973636719
10,XZt,63,41,0.03829064039665997,0.00985464889471663
10,XZt,64,42,0.0356958837173244,0.009486767889487793
10,XZt,65,42,0.03618625403111029,0.009765878428953828
10,XZt,66,43,0.03385943243876027,0.00942207184543023
10,XZt,67,43,0.0340517230102551,0.00976333572486235
10,XZt,68,44,0.03152108668429676,0.00955922960004085
10,XZt,69,44,0.030770568756883117,0.009945859889432923
10,XZt,70,45,0.027513750278214795,0.009633359072665914
10,XZt,71,45,0.025853256864297607,0.009897490982561041
10,XZt,72,46,0.02341341739174812,0.00960304623950421
10,XZt,73,46,0.021912843155811986,0.0097802181085375
10,XZt,74,46,0.02090281772826525,0.009922170909360014
10,XZt,75,47,0.018797115095137186,0.009449268032949933
10,XZt,76,47,0.01790167573252245,0.009511145861543755
10,XZt,77,47,0.017062264650328243,0.009554573815938473
10,XZt,78,47,0.016282931360565068,0.00955870474797638
10,XZt,79,47,0.015564541068299367,0.009560754951973442
10,XZt,80,47,0.014967749422052458,0.009571582158761742
10,XZt,81,47,0.014441406431166832,0.009594226909550283
10,XZt,82,47,0.013996816294269522,0.009606566708484922
10,XZt,83,47,0.01358081421482129,0.009626669494013532
10,XZt,84,47,0.013222062848920163,0.009671255644616948
10,XZt,85,47,0.01292563531133145,0.00969728950501276
10,XZt,86,47,0.012692956631664287,0.009745340699900676
10,XZt,87,47,0.012532258682064248,0.009832065565899042
10,XZt,88,47,0.012431919792892876,0.009920525053387698
10,XZt,89,48,0.011767496504667092,0.009552909609715412
10,XZt,90,48,0.011812520198778835,0.009776536978990051
10,XZt,91,48,0.011806635309098555,0.009966413331533908
10,XZt,92,49,0.011143843445488154,0.009566038972060362
10,XZt,93,49,0.011142087408329303,0.009696330691171337
10,XZt,94,49,0.011078295975441662,0.009824497094452973
10,XZt,95,49,0.011020467727299166,0.009923874414618205
10,XZt,96,49,0.010929928435810447,0.00999167817213266
10,XZt,97,50,0.010270261504769576,0.009508409438487382
10,XZt,98,50,0.010123954669029338,0.00959938902369661
10,XZt,99,50,0.009984581028858722,0.009604146561000544
10,XZt,100,50,0.009829403711746768,0.009595607699657567
10,XZt,101,50,0.009722067889690761,0.00961627080488582
10,XZt,102,50,0.009559685858940813,0.009759279973125859
10,XZt,103,50,0.00941952322234861,0.009774038728699155
10,XZt,104,50,0.009284024571713262,0.009763612945487091
10,XZt,105,50,0.009170231450218882,0.009753696698740842
10,XZt,106,50,0.00906281489790176,0.009766882411846799
10,XZt,107,51,0.008458768073440566,0.009505888274687952
10,XZt,108,51,0.008362648962633923,0.009509376343153512
10,XZt,109,51,0.008292519134799023,0.009508550885612888
10,XZt,110,51,0.008235544506178848,0.009506270454498707
10,XZt,111,51,0.008203700533702125,0.009494053937076854
10,XZt,112,51,0.008155902574114842,0.009487402307553608
10,XZt,113,51,0.00811419293092729,0.009499813015936468
10,XZt,114,53,0.007270800147169048,0.00963397891358904
10,XZt,115,53,0.007256246885011105,0.009662656534146476
10,XZt,116,53,0.007228667333206115,0.009675878355018368
10,XZt,117,53,0.00718688079928208,0.00967531368704946
10,XZt,118,53,0.007162003148401014,0.009671209769890917
10,XZt,119,53,0.007135137569110724,0.009657512635409517
10,XZt,120,53,0.007121799642664209,0.009645376298624187
10,XZt,121,53,0.007097647703673945,0.009634519938395982
10,XZt,122,53,0.007077501268311491,0.009631769316993225
10,XZt,123,53,0.0070646581511585,0.009627293823356928
10,XZt,124,53,0.007044296417962191,0.009624642318329426
10,XZt,125,53,0.007013536786970442,0.009630692432904812
10,XZt,126,53,0.00699228284298068,0.009642197304564202
10,XZt,127,53,0.0069912955395571704,0.009657189895006092
10,XZt,128,53,0.006997668623615188,0.009678345434866049
10,XZt,129,53,0.0070306885937094655,0.009706781596369046
10,XZt,130,53,0.007066166536119359,0.009728421884417932
10,XZt,131,53,0.0070848555012273445,0.00974860141038838
10,XZt,132,53,0.007114090619706876,0.009758936866349217
10,XZt,133,53,0.007161672188417148,0.009759184476284509
10,XZt,134,53,0.0072240955307928,0.009769500167567656
10,XZt,135,53,0.0073188291898331394,0.009802132384076376
10,XZt,136,53,0.007387319728031531,0.009810244323744746
10,XZt,137,53,0.007451911294096723,0.009828870018584186
10,XZt,138,53,0.007523320618831333,0.009846706159228787
10,XZt,139,53,0.00757651174277047,0.009848071383196986
10,XZt,140,53,0.0076208495497690435,0.009838713903188917
10,XZt,141,53,0.007675551719994162,0.009830031072155535
10,XZt,142,53,0.007718864626432494,0.009816612394718888
10,XZt,143,53,0.007777860042742329,0.009804661611670564
10,XZt,144,53,0.007838784696858243,0.009783970863466551
10,XZt,145,53,0.007891743944373922,0.009741127930198847
10,XZt,146,51,0.008906791897246984,0.00964133430762922
10,XZt,147,51,0.009042458236700203,0.009640010721938055
10,XZt,148,51,0.009206673239694188,0.00965980791293027
10,XZt,149,51,0.009372231808547623,0.009659735697278677
10,XZt,150,51,0.009572913616951215,0.009661101925897572
10,XZt,151,51,0.00978226205186824,0.00965419948258682
10,XZt,152,51,0.010007616073997092,0.009631179464808843
10,XZt,153,50,0.010886046082728478,0.009914085253668117
10,XZt,154,50,0.01114121725133935,0.00990077260551825
10,XZt,155,50,0.011422695993148211,0.009920539116881656
10,XZt,156,50,0.011743544723694876,0.009956265229635114
10,XZt,157,50,0.012080398848925906,0.009988856617626442
10,XZt,158,50,0.01245860248647726,0.009896676186731712
10,XZt,159,50,0.012783141196030821,0.009938405030667908
10,XZt,160,51,0.012423201889155043,0.009449210745027732
10,XZt,161,51,0.012765426437121547,0.0095142789001163
10,XZt,162,51,0.013192917473327922,0.009538849837590046
10,XZt,163,51,0.013537307009464341,0.00962956066222829
10,XZt,164,51,0.01394178932386392,0.00974136854529311
10,XZt,165,51,0.014321591574293458,0.009841006897580827
10,XZt,166,51,0.014703096367165608,0.009914765220267715
10,XZt,167,51,0.014965373957021263,0.009968383041195798
10,XZt,168,51,0.015258470624003812,0.0099937221981358
10,XZt,169,51,0.015564446723218989,0.00998370303106536
10,XZt,170,51,0.015728139483827973,0.00990902963559764
10,XZt,171,51,0.01586973568519312,0.009810463333896693
10,XZt,172,51,0.015939755988286786,0.00967096942893336
10,XZt,173,51,0.01577025414461215,0.009454953460430581
10,XZt,174,50,0.01637266011129563,0.009790709429554088
10,XZt,175,50,0.01593981079419726,0.009511986934834378
10,XZt,176,49,0.016434848633480634,0.009814190307796304
10,XZt,177,49,0.015942120705307143,0.00950433738279109
10,XZt,178,48,0.016319050566898734,0.009767553771394731
10,XZt,179,48,0.015702860231555007,0.009408373833806242
10,XZt,180,47,0.0161195845976713,0.009667810106766823
10,XZt,181,46,0.01662299744457961,0.0099594501599073
10,XZt,182,46,0.016239228696614517,0.009686642849316604
10,XZt,183,46,0.01598785651163934,0.009470998806237568
10,XZt,184,45,0.016812794910092334,0.009913716543669416
10,XZt,185,45,0.01681096596030362,0.009811410994205209
10,XZt,186,45,0.016852334047817056,0.009774005612318795
10,XZt,187,45,0.017244432173478534,0.009792961236303611
10,XZt,188,45,0.01743768410722725,0.009766692137301348
10,XZt,189,45,0.017970977427178434,0.00979047743724841
10,XZt,190,45,0.01853422547082349,0.009785852974356557
10,XZt,191,45,0.01900222807644556,0.009687504690364319
10,XZt,192,45,0.019445840375969015,0.0095109792222214
10,XZt,193,44,0.020670156155421948,0.009801556200464644
10,XZt,194,44,0.02068409741168403,0.009472125366597705
10,XZt,195,43,0.021408681912541166,0.009671839879170915
10,XZt,196,42,0.022396294417682327,0.009950423449636524
10,XZt,197,42,0.021757703059113873,0.00962558305282871
10,XZt,198,41,0.02271469034266451,0.009999327162536297
10,XZt,199,41,0.022577037652021743,0.009837537990403612
10,XZt,200,41,0.022144344413361012,0.009708716608787213
10,XZt,201,41,0.022030015377477615,0.009663909453577282
10,XZt,202,41,0.022103302872837953,0.009643294894973923
10,XZt,203,41,0.021785375455460523,0.0095757649071769
10,XZt,204,41,0.021677480804041718,0.0095217141599272
10,XZt,205,41,0.021662931352488028,0.009488039035927296
10,XZt,206,41,0.021731397440901648,0.009485659835550107
10,XZt,207,41,0.02154175491588941,0.009465588035142357
10,XZt,208,41,0.021573249469563717,0.009449414204167448
10,XZt,209,41,0.021659770941503127,0.00946185999471657
10,XZt,210,41,0.021698894408125616,0.00942228062888824
10,XZt,211,41,0.021826422705849096,0.00943385805630511
10,XZt,212,41,0.022244857566221268,0.00941613661018905
10,XZt,213,41,0.02308575525988995,0.009483144687557234
10,XZt,214,41,0.02422769733883344,0.00954893192280568
10,XZt,215,41,0.025733018293967257,0.00964986017706074
10,XZt,216,41,0.0276800403245515,0.009733673938828099
10,XZt,217,41,0.030011759933430558,0.009793601746815655
10,XZt,218,41,0.03214774613896337,0.009802867936860861
10,XZt,219,41,0.034938831422404566,0.009808283253916115
10,XZt,220,41,0.03747694419292241,0.009736195156702333
10,XZt,221,41,0.03933707648503165,0.009670418324475728
10,XZt,222,41,0.04018462419210344,0.009414319001773296
10,XZt,223,40,0.04202408977420459,0.009529308183041907
10,XZt,224,39,0.0427122742695094,0.009412586123465481
10,XZt,225,37,0.046879009371343726,0.009905979477373778
10,XZt,226,37,0.044776733143394774,0.009514290044746358
10,XZt,227,36,0.04590026426032083,0.009856818719790876
10,XZt,228,36,0.04417231048203882,0.009494080682364835
10,XZt,229,35,0.04552963444417333,0.009913516702748957
10,XZt,230,35,0.044298874826022225,0.009712669365965829
10,XZt,231,35,0.044087354255368985,0.009445442267716072
10,XZt,232,35,0.04330476557623174,0.009504436908154617
10,XZt,233,34,0.04442261961678482,0.00997657852046969
10,XZt,234,34,0.044770932657733055,0.0098089802267447
10,XZt,235,34,0.04349044303004943,0.009883670972227117
10,XZt,236,34,0.042072340076021085,0.009647557905195872
10,XZt,237,34,0.041966195187944005,0.009418437087319468
10,XZt,238,34,0.04050488882991427,0.009445847276123475
10,XZt,239,33,0.04264806780794435,0.009902533330443851
10,XZt,240,33,0.041568475041669405,0.009991805517112968
10,XZt,241,33,0.040565260306545975,0.00966095433630085
10,XZt,242,33,0.04000278210468589,0.009608573594357545
10,XZt,243,33,0.0392405739884535,0.009453843153402147
10,XZt,244,32,0.04060787037559757,0.00980430984730322
10,XZt,245,33,0.03680470985860016,0.009360708454325462
10,XZt,246,32,0.038049811949857404,0.009645160193788978
10,XZt,247,32,0.03757284011082321,0.009428553524734503
10,XZt,248,31,0.03883966412338305,0.009938894109611376
10,XZt,249,31,0.03703655286955428,0.009687493168930847
10,XZt,250,31,0.035916825524688646,0.009600148248869235
10,XZt,251,31,0.033547497013338555,0.009477232095378443
10,XZt,252,30,0.03427979691090757,0.009830518730532815
10,XZt,253,30,0.031509527031241345,0.009653997738002747
10,XZt,254,30,0.02984363482836982,0.009571047780171977
10,XZt,255,30,0.028826802680912467,0.009378683397924846
10,XZt,256,30,0.029409469002030147,0.009396608218574128
10,XZt,257,30,0.031190835784639517,0.009382158384005437
10,XZt,258,29,0.03759526822976241,0.009482072994794545
10,XZt,259,5,1.0071744445323707,0.006680987905511496
