case,iteration,subsets,mean_alpha,max_alpha,min_alpha,fraction_above_default_clamp
"parallel recon, sharpness -1, noiseless, direct start, default partitions",1,4,0.37896331399679184,0.3961145877838135,0.36642149090766907,0.0
"parallel recon, sharpness -1, noiseless, direct start, default partitions",2,16,0.9638558886945248,1.011185884475708,0.644640326499939,0.0
"parallel recon, sharpness -1, noiseless, direct start, default partitions",3,64,0.9983359836041927,1.025537133216858,0.9760317206382751,0.0
"parallel recon, sharpness -1, noiseless, direct start, default partitions",4,128,1.001204391475767,1.0581690073013306,0.9340616464614868,0.0
"parallel recon, sharpness -1, noiseless, direct start, default partitions",5,128,0.9968348350375891,1.034935712814331,0.9104210138320923,0.0
"parallel recon, sharpness -1, noiseless, direct start, default partitions",6,128,0.9989123302511871,1.0466554164886475,0.9271571040153503,0.0
"parallel recon, sharpness -1, noiseless, direct start, default partitions",7,128,0.9988814638927579,1.0556261539459229,0.9567886590957642,0.0
"parallel recon, sharpness -1, noiseless, direct start, default partitions",8,128,1.001423958223313,1.1132335662841797,0.9771278500556946,0.0
"parallel recon, sharpness -1, noiseless, direct start, default partitions",9,128,0.9975454397499561,1.025457501411438,0.9304635524749756,0.0
"parallel recon, sharpness -1, noiseless, direct start, default partitions",10,128,0.9998646210879087,1.0637179613113403,0.9368507862091064,0.0
"parallel recon, sharpness -1, noiseless, direct start, default partitions",11,128,0.9977523875422776,1.0533503293991089,0.9347591996192932,0.0
"parallel recon, sharpness -1, noiseless, direct start, default partitions",12,128,1.0009689745493233,1.0820564031600952,0.9575628638267517,0.0
"parallel recon, sharpness -1, noiseless, direct start, default partitions",13,128,0.9976186961866915,1.0243279933929443,0.9051758646965027,0.0
"parallel recon, sharpness -1, noiseless, direct start, default partitions",14,128,1.0001227026805282,1.0649207830429077,0.9234992265701294,0.0
"parallel recon, sharpness -1, noiseless, direct start, default partitions",15,128,0.99761614901945,1.0410261154174805,0.943986177444458,0.0
"parallel recon, sharpness -1, noiseless, direct start, default partitions",16,128,1.001413688994944,1.1293890476226807,0.9657362103462219,0.0
"parallel recon, sharpness -1, noiseless, direct start, default partitions",17,128,0.9982281001284719,1.0361442565917969,0.9155915379524231,0.0
"parallel recon, sharpness -1, noiseless, direct start, default partitions",18,128,0.9998898934572935,1.0738391876220703,0.924860954284668,0.0
"parallel recon, sharpness -1, noiseless, direct start, default partitions",19,128,0.9976931028068066,1.0529727935791016,0.9438272714614868,0.0
"parallel recon, sharpness -1, noiseless, direct start, default partitions",20,128,1.0019571604207158,1.123854398727417,0.9575421214103699,0.0
"parallel recon, sharpness -1, noiseless, direct start, default partitions",21,128,0.9983317828737199,1.0461840629577637,0.9291584491729736,0.0
"parallel recon, sharpness -1, noiseless, direct start, default partitions",22,128,0.9995306869968772,1.0644115209579468,0.9327211380004883,0.0
"parallel recon, sharpness -1, noiseless, direct start, default partitions",23,128,0.9970639925450087,1.0420186519622803,0.9508736729621887,0.0
"parallel recon, sharpness -1, noiseless, direct start, default partitions",24,128,1.0008477354422212,1.061260461807251,0.9514064192771912,0.0
"parallel recon, sharpness -1, noiseless, direct start, default partitions",25,128,0.9979213722981513,1.0488172769546509,0.9175158739089966,0.0
"parallel recon, sharpness -1, noiseless, direct start, default partitions",26,128,0.9993902016431093,1.0738528966903687,0.9126579165458679,0.0
"parallel recon, sharpness -1, noiseless, direct start, default partitions",27,128,0.9967237669043243,1.037000060081482,0.9375504851341248,0.0
"parallel recon, sharpness -1, noiseless, direct start, default partitions",28,128,1.0009828871116042,1.0817677974700928,0.9552556872367859,0.0
"parallel recon, sharpness -1, noiseless, direct start, default partitions",29,128,0.9975846377201378,1.0594767332077026,0.9252617359161377,0.0
"parallel recon, sharpness -1, noiseless, direct start, default partitions",30,128,0.9991622949019074,1.0859788656234741,0.9252607226371765,0.0
"parallel recon, sharpness -1, noiseless, direct start, default partitions",31,128,0.9968357486650348,1.0527994632720947,0.9370450973510742,0.0
"parallel recon, sharpness -1, noiseless, direct start, default partitions",32,128,1.000205415301025,1.0796942710876465,0.9347211718559265,0.0
"parallel recon, sharpness -1, noiseless, direct start, default partitions",33,128,0.9966594879515469,1.0652703046798706,0.9186437726020813,0.0
"parallel recon, sharpness -1, noiseless, direct start, default partitions",34,128,0.9972616932354867,1.095555305480957,0.928801953792572,0.0
"parallel recon, sharpness -1, noiseless, direct start, default partitions",35,128,0.9952842597849667,1.0395925045013428,0.9429107904434204,0.0
"parallel recon, sharpness -1, noiseless, direct start, default partitions",36,128,0.9989010663703084,1.0598570108413696,0.9483655691146851,0.0
"parallel recon, sharpness -1, noiseless, direct start, default partitions",37,128,0.9958368223160505,1.060274362564087,0.910431981086731,0.0
"parallel recon, sharpness -1, noiseless, direct start, default partitions",38,128,0.9949433337897062,1.0625861883163452,0.9299569129943848,0.0
"parallel recon, sharpness -1, noiseless, direct start, default partitions",39,128,0.9938481417484581,1.0629289150238037,0.9486295580863953,0.0
"parallel recon, sharpness -1, noiseless, direct start, default partitions",40,128,0.9959521694108844,1.0789117813110352,0.925757110118866,0.0
"parallel recon, sharpness 1, noiseless, direct start, default partitions",1,4,0.14002405107021332,0.14617185294628143,0.1354617327451706,0.0
"parallel recon, sharpness 1, noiseless, direct start, default partitions",2,16,0.5584718249738216,0.7587485909461975,0.3416721522808075,0.0
"parallel recon, sharpness 1, noiseless, direct start, default partitions",3,64,0.964566252194345,1.022971510887146,0.8133605122566223,0.0
"parallel recon, sharpness 1, noiseless, direct start, default partitions",4,128,0.9922412047162652,1.0702415704727173,0.8085767030715942,0.0
"parallel recon, sharpness 1, noiseless, direct start, default partitions",5,128,0.9868324832059443,1.0579274892807007,0.8017649054527283,0.0
"parallel recon, sharpness 1, noiseless, direct start, default partitions",6,128,0.9902846086770296,1.0654785633087158,0.8639214038848877,0.0
"parallel recon, sharpness 1, noiseless, direct start, default partitions",7,128,0.9884239421226084,1.049461007118225,0.9054141044616699,0.0
"parallel recon, sharpness 1, noiseless, direct start, default partitions",8,128,0.9908214677125216,1.079668402671814,0.9142106175422668,0.0
"parallel recon, sharpness 1, noiseless, direct start, default partitions",9,128,0.9876963081769645,1.0694317817687988,0.8996223211288452,0.0
"parallel recon, sharpness 1, noiseless, direct start, default partitions",10,128,0.9917406719177961,1.0734634399414062,0.9226672649383545,0.0
"parallel recon, sharpness 1, noiseless, direct start, default partitions",11,128,0.9849066352471709,1.0796860456466675,0.8455535769462585,0.0
"parallel recon, sharpness 1, noiseless, direct start, default partitions",12,128,0.9936738703399897,1.0809180736541748,0.9129539728164673,0.0
"parallel recon, sharpness 1, noiseless, direct start, default partitions",13,128,0.9875652901828289,1.0575459003448486,0.8832527995109558,0.0
"parallel recon, sharpness 1, noiseless, direct start, default partitions",14,128,0.9892337191849947,1.0549812316894531,0.8873971104621887,0.0
"parallel recon, sharpness 1, noiseless, direct start, default partitions",15,128,0.98932068888098,1.0974375009536743,0.8287600874900818,0.0
"parallel recon, sharpness 1, noiseless, direct start, default partitions",16,128,0.9902605265378952,1.0670510530471802,0.8945149779319763,0.0
"parallel recon, sharpness 1, noiseless, direct start, default partitions",17,128,0.9868822772987187,1.0561195611953735,0.894216001033783,0.0
"parallel recon, sharpness 1, noiseless, direct start, default partitions",18,128,0.9884791551157832,1.1065021753311157,0.8752234578132629,0.0
"parallel recon, sharpness 1, noiseless, direct start, default partitions",19,128,0.9883910547941923,1.0834773778915405,0.9092731475830078,0.0
"parallel recon, sharpness 1, noiseless, direct start, default partitions",20,128,0.9943328606896102,1.0897685289382935,0.8454868793487549,0.0
"parallel recon, sharpness 1, noiseless, direct start, default partitions",21,128,0.9904546826146543,1.0566688776016235,0.9033812284469604,0.0
"parallel recon, sharpness 1, noiseless, direct start, default partitions",22,128,0.9908111286349595,1.1247764825820923,0.9100649952888489,0.0
"parallel recon, sharpness 1, noiseless, direct start, default partitions",23,128,0.9872283628210425,1.0587868690490723,0.8719279766082764,0.0
"parallel recon, sharpness 1, noiseless, direct start, default partitions",24,128,0.9925975087098777,1.1067869663238525,0.9263572692871094,0.0
"parallel recon, sharpness 1, noiseless, direct start, default partitions",25,128,0.9892603480257094,1.1622648239135742,0.8474906086921692,0.0
"parallel recon, sharpness 1, noiseless, direct start, default partitions",26,128,0.9886649576947093,1.1266686916351318,0.8108848333358765,0.0
"parallel recon, sharpness 1, noiseless, direct start, default partitions",27,128,0.9860931425355375,1.0875262022018433,0.8526708483695984,0.0
"parallel recon, sharpness 1, noiseless, direct start, default partitions",28,128,0.9895785884000361,1.0992705821990967,0.8060877919197083,0.0
"parallel recon, sharpness 1, noiseless, direct start, default partitions",29,128,0.9875396345742047,1.07680082321167,0.9036392569541931,0.0
"parallel recon, sharpness 1, noiseless, direct start, default partitions",30,128,0.9930959036573768,1.2115973234176636,0.8517653942108154,0.0
"parallel recon, sharpness 1, noiseless, direct start, default partitions",31,128,0.9900078121572733,1.1927483081817627,0.843107283115387,0.0
"parallel recon, sharpness 1, noiseless, direct start, default partitions",32,128,0.9890406713820994,1.0758417844772339,0.872190535068512,0.0
"parallel recon, sharpness 1, noiseless, direct start, default partitions",33,128,0.98855687584728,1.1358489990234375,0.8964121341705322,0.0
"parallel recon, sharpness 1, noiseless, direct start, default partitions",34,128,0.9898116569966078,1.300065040588379,0.8916136026382446,0.0
"parallel recon, sharpness 1, noiseless, direct start, default partitions",35,128,0.9862659000791609,1.1196523904800415,0.8925876617431641,0.0
"parallel recon, sharpness 1, noiseless, direct start, default partitions",36,128,0.9909015367738903,1.2918128967285156,0.8756109476089478,0.0
"parallel recon, sharpness 1, noiseless, direct start, default partitions",37,128,0.9880501232109964,1.1312381029129028,0.875878095626831,0.0
"parallel recon, sharpness 1, noiseless, direct start, default partitions",38,128,0.9892501537688076,1.2052202224731445,0.9077161550521851,0.0
"parallel recon, sharpness 1, noiseless, direct start, default partitions",39,128,0.9896917873993516,1.2747036218643188,0.8019375205039978,0.0
"parallel recon, sharpness 1, noiseless, direct start, default partitions",40,128,0.9925358407199383,1.1829426288604736,0.9141707420349121,0.0
"parallel recon, sharpness 3, noiseless, direct start, default partitions",1,4,0.10904581472277641,0.11277774721384048,0.10721440613269806,0.0
"parallel recon, sharpness 3, noiseless, direct start, default partitions",2,16,0.4388492200523615,0.6123077869415283,0.2832615077495575,0.0
"parallel recon, sharpness 3, noiseless, direct start, default partitions",3,64,0.9435087163001299,1.010972261428833,0.7415465712547302,0.0
"parallel recon, sharpness 3, noiseless, direct start, default partitions",4,128,0.9843319547362626,1.0812253952026367,0.8339569568634033,0.0
"parallel recon, sharpness 3, noiseless, direct start, default partitions",5,128,0.982454395852983,1.0744340419769287,0.8210998773574829,0.0
"parallel recon, sharpness 3, noiseless, direct start, default partitions",6,128,0.9828496412374079,1.0890066623687744,0.8281273245811462,0.0
"parallel recon, sharpness 3, noiseless, direct start, default partitions",7,128,0.9793624128215015,1.036540150642395,0.8298635482788086,0.0
"parallel recon, sharpness 3, noiseless, direct start, default partitions",8,128,0.9815219757147133,1.1044080257415771,0.8882136344909668,0.0
"parallel recon, sharpness 3, noiseless, direct start, default partitions",9,128,0.9818061357364058,1.063579797744751,0.8222010731697083,0.0
"parallel recon, sharpness 3, noiseless, direct start, default partitions",10,128,0.9837458394467831,1.0863903760910034,0.8771916627883911,0.0
"parallel recon, sharpness 3, noiseless, direct start, default partitions",11,128,0.978774621617049,1.0605320930480957,0.8712604641914368,0.0
"parallel recon, sharpness 3, noiseless, direct start, default partitions",12,128,0.9856155416928232,1.0746561288833618,0.9080899357795715,0.0
"parallel recon, sharpness 3, noiseless, direct start, default partitions",13,128,0.9799350881949067,1.0682363510131836,0.8357824087142944,0.0
"parallel recon, sharpness 3, noiseless, direct start, default partitions",14,128,0.9825531146489084,1.0337963104248047,0.8354095220565796,0.0
"parallel recon, sharpness 3, noiseless, direct start, default partitions",15,128,0.9830730026587844,1.0402597188949585,0.925395667552948,0.0
"parallel recon, sharpness 3, noiseless, direct start, default partitions",16,128,0.98439896479249,1.0368624925613403,0.908446729183197,0.0
"parallel recon, sharpness 3, noiseless, direct start, default partitions",17,128,0.9763104659505188,1.0456197261810303,0.9149107933044434,0.0
"parallel recon, sharpness 3, noiseless, direct start, default partitions",18,128,0.9836461283266544,1.048357605934143,0.8401219248771667,0.0
"parallel recon, sharpness 3, noiseless, direct start, default partitions",19,128,0.9821444447152317,1.0767744779586792,0.8922709226608276,0.0
"parallel recon, sharpness 3, noiseless, direct start, default partitions",20,128,0.9836343983188272,1.0355123281478882,0.8890848159790039,0.0
"parallel recon, sharpness 3, noiseless, direct start, default partitions",21,128,0.9795633275061846,1.0271846055984497,0.9119225144386292,0.0
"parallel recon, sharpness 3, noiseless, direct start, default partitions",22,128,0.9820124511606991,1.0484964847564697,0.8953422904014587,0.0
"parallel recon, sharpness 3, noiseless, direct start, default partitions",23,128,0.9798042252659798,1.0311583280563354,0.8622604012489319,0.0
"parallel recon, sharpness 3, noiseless, direct start, default partitions",24,128,0.9839022164233029,1.053404450416565,0.885238766670227,0.0
"parallel recon, sharpness 3, noiseless, direct start, default partitions",25,128,0.9798365659080446,1.0512878894805908,0.9163656234741211,0.0
"parallel recon, sharpness 3, noiseless, direct start, default partitions",26,128,0.9834266528487206,1.0573557615280151,0.8822712898254395,0.0
"parallel recon, sharpness 3, noiseless, direct start, default partitions",27,128,0.9802029198035598,1.0543302297592163,0.8913518190383911,0.0
"parallel recon, sharpness 3, noiseless, direct start, default partitions",28,128,0.9824461033567786,1.0593914985656738,0.8606340289115906,0.0
"parallel recon, sharpness 3, noiseless, direct start, default partitions",29,128,0.9835033360868692,1.057329773902893,0.8965906500816345,0.0
"parallel recon, sharpness 3, noiseless, direct start, default partitions",30,128,0.9853224488906562,1.0484018325805664,0.8770028352737427,0.0
"parallel recon, sharpness 3, noiseless, direct start, default partitions",31,128,0.9832850550301373,1.0461196899414062,0.8857312798500061,0.0
"parallel recon, sharpness 3, noiseless, direct start, default partitions",32,128,0.9855712577700615,1.0569463968276978,0.8922447562217712,0.0
"parallel recon, sharpness 3, noiseless, direct start, default partitions",33,128,0.9814425515942276,1.062740683555603,0.9025723934173584,0.0
"parallel recon, sharpness 3, noiseless, direct start, default partitions",34,128,0.9859758489765227,1.0764387845993042,0.8901994228363037,0.0
"parallel recon, sharpness 3, noiseless, direct start, default partitions",35,128,0.9817678923718631,1.0532842874526978,0.9001239538192749,0.0
"parallel recon, sharpness 3, noiseless, direct start, default partitions",36,128,0.9794381926767528,1.0736031532287598,0.894376814365387,0.0
"parallel recon, sharpness 3, noiseless, direct start, default partitions",37,128,0.9817801448516548,1.0957307815551758,0.9005180597305298,0.0
"parallel recon, sharpness 3, noiseless, direct start, default partitions",38,128,0.9868312897160649,1.0555386543273926,0.9026325345039368,0.0
"parallel recon, sharpness 3, noiseless, direct start, default partitions",39,128,0.9834222407080233,1.0491719245910645,0.8738862872123718,0.0
"parallel recon, sharpness 3, noiseless, direct start, default partitions",40,128,0.9838180528022349,1.0757248401641846,0.9054072499275208,0.0
"parallel prox, sharpness -1, noiseless, direct start, default partitions",1,4,0.9866643697023392,1.0008987188339233,0.9806258678436279,0.0
"parallel prox, sharpness -1, noiseless, direct start, default partitions",2,16,0.9758143946528435,0.9994690418243408,0.8228041529655457,0.0
"parallel prox, sharpness -1, noiseless, direct start, default partitions",3,64,0.9969216883182526,1.0064250230789185,0.9696817398071289,0.0
"parallel prox, sharpness -1, noiseless, direct start, default partitions",4,128,0.9981642439961433,1.0097683668136597,0.9826425909996033,0.0
"parallel prox, sharpness -1, noiseless, direct start, default partitions",5,128,0.9971193629316986,1.0058677196502686,0.9850795865058899,0.0
"parallel prox, sharpness -1, noiseless, direct start, default partitions",6,128,0.9971422129310668,1.0087676048278809,0.9713308215141296,0.0
"parallel prox, sharpness -1, noiseless, direct start, default partitions",7,128,0.9938171929679811,1.00758957862854,0.9697950482368469,0.0
"parallel prox, sharpness -1, noiseless, direct start, default partitions",8,128,0.9529109690338373,0.9829506278038025,0.7257511615753174,0.0
"parallel prox, sharpness -1, noiseless, direct start, default partitions",9,128,0.6379715612856671,0.8082103133201599,0.21527384221553802,0.0
"parallel prox, sharpness -1, noiseless, direct start, default partitions",10,128,0.18408350879326463,0.2970157563686371,0.07863617688417435,0.0
"parallel prox, sharpness -1, noiseless, direct start, default partitions",11,128,0.12586195522453636,0.21506504714488983,0.06008550897240639,0.0
"parallel prox, sharpness -1, noiseless, direct start, default partitions",12,128,0.09593433889676817,0.2929795980453491,0.029085025191307068,0.0
"parallel prox, sharpness -1, noiseless, direct start, default partitions",13,128,0.077664770258707,0.16941581666469574,0.016998233273625374,0.0
"parallel prox, sharpness -1, noiseless, direct start, default partitions",14,128,0.06816324652754702,0.09637422859668732,0.03685614839196205,0.0
"parallel prox, sharpness -1, noiseless, direct start, default partitions",15,128,0.06145323411328718,0.08950384706258774,0.03639611601829529,0.0
"parallel prox, sharpness -1, noiseless, direct start, default partitions",16,128,0.0554815392679302,0.13434039056301117,0.01878560334444046,0.0
"parallel prox, sharpness -1, noiseless, direct start, default partitions",17,128,0.05057122574362438,0.09342337399721146,0.011979160830378532,0.0
"parallel prox, sharpness -1, noiseless, direct start, default partitions",18,128,0.04784232836391311,0.06724634766578674,0.028365416452288628,0.0
"parallel prox, sharpness -1, noiseless, direct start, default partitions",19,128,0.045546180597739294,0.061211537569761276,0.027102209627628326,0.0
"parallel prox, sharpness -1, noiseless, direct start, default partitions",20,128,0.04291566987376427,0.09110787510871887,0.015465804375708103,0.0
"parallel prox, sharpness -1, noiseless, direct start, default partitions",21,128,0.04063197676441632,0.07109013199806213,0.010252173990011215,0.0
"parallel prox, sharpness -1, noiseless, direct start, default partitions",22,128,0.039488225695095025,0.05810132995247841,0.025235334411263466,0.0
"parallel prox, sharpness -1, noiseless, direct start, default partitions",23,128,0.03839604917448014,0.05407790467143059,0.022505583241581917,0.0
"parallel prox, sharpness -1, noiseless, direct start, default partitions",24,128,0.036866328089672606,0.07145685702562332,0.013436715118587017,0.0
"parallel prox, sharpness -1, noiseless, direct start, default partitions",25,128,0.0355263018864207,0.0601297952234745,0.0093077402561903,0.0
"parallel prox, sharpness -1, noiseless, direct start, default partitions",26,128,0.034943138336529955,0.05267837271094322,0.022581255063414574,0.0
"parallel prox, sharpness -1, noiseless, direct start, default partitions",27,128,0.034306194676901214,0.050648365169763565,0.019597792997956276,0.0
"parallel prox, sharpness -1, noiseless, direct start, default partitions",28,128,0.03313136834913166,0.06328584253787994,0.011390585452318192,0.0
"parallel prox, sharpness -1, noiseless, direct start, default partitions",29,128,0.032326190113963094,0.05414321646094322,0.008835829794406891,0.0
"parallel prox, sharpness -1, noiseless, direct start, default partitions",30,128,0.032006596884457394,0.0489913634955883,0.019916711375117302,0.0
"parallel prox, sharpness -1, noiseless, direct start, default partitions",31,128,0.0316031459660735,0.04823540523648262,0.017509518191218376,0.0
"parallel prox, sharpness -1, noiseless, direct start, default partitions",32,128,0.03067784948507324,0.05861371010541916,0.010259745642542839,0.0
"parallel prox, sharpness -1, noiseless, direct start, default partitions",33,128,0.030095126137894113,0.050309278070926666,0.008503157645463943,0.0
"parallel prox, sharpness -1, noiseless, direct start, default partitions",34,128,0.029921218374511227,0.04636189341545105,0.01814688928425312,0.0
"parallel prox, sharpness -1, noiseless, direct start, default partitions",35,128,0.02965868749015499,0.0464392751455307,0.016185006126761436,0.0
"parallel prox, sharpness -1, noiseless, direct start, default partitions",36,128,0.028837848134571686,0.055461641401052475,0.009306037798523903,0.0
"parallel prox, sharpness -1, noiseless, direct start, default partitions",37,128,0.028456065425416455,0.04761350527405739,0.008253711275756359,0.0
"parallel prox, sharpness -1, noiseless, direct start, default partitions",38,128,0.02837732498301193,0.04440922662615776,0.01682196371257305,0.0
"parallel prox, sharpness -1, noiseless, direct start, default partitions",39,128,0.028207983792526647,0.04518181085586548,0.015302533283829689,0.0
"parallel prox, sharpness -1, noiseless, direct start, default partitions",40,128,0.027515332505572587,0.05335865169763565,0.008588514290750027,0.0
"parallel prox, sharpness 1, noiseless, direct start, default partitions",1,4,0.18652048707008362,0.25049251317977905,0.13038700819015503,0.0
"parallel prox, sharpness 1, noiseless, direct start, default partitions",2,16,0.6676123738288879,0.8108504414558411,0.4294927716255188,0.0
"parallel prox, sharpness 1, noiseless, direct start, default partitions",3,64,0.9830968622118235,1.0326532125473022,0.8655624985694885,0.0
"parallel prox, sharpness 1, noiseless, direct start, default partitions",4,128,0.9944960409775376,1.0562851428985596,0.8688603043556213,0.0
"parallel prox, sharpness 1, noiseless, direct start, default partitions",5,128,0.9905097335577011,1.0322265625,0.9002393484115601,0.0
"parallel prox, sharpness 1, noiseless, direct start, default partitions",6,128,0.9938282216899097,1.0385504961013794,0.9342015385627747,0.0
"parallel prox, sharpness 1, noiseless, direct start, default partitions",7,128,0.9925114908255637,1.0386370420455933,0.9354774355888367,0.0
"parallel prox, sharpness 1, noiseless, direct start, default partitions",8,128,0.9922158140689135,1.0510308742523193,0.9208266139030457,0.0
"parallel prox, sharpness 1, noiseless, direct start, default partitions",9,128,0.989759799093008,1.0478761196136475,0.927478015422821,0.0
"parallel prox, sharpness 1, noiseless, direct start, default partitions",10,128,0.9942407761700451,1.0453975200653076,0.9338071942329407,0.0
"parallel prox, sharpness 1, noiseless, direct start, default partitions",11,128,0.9906854820437729,1.048019289970398,0.9359228610992432,0.0
"parallel prox, sharpness 1, noiseless, direct start, default partitions",12,128,0.9932565372437239,1.0474103689193726,0.9427447319030762,0.0
"parallel prox, sharpness 1, noiseless, direct start, default partitions",13,128,0.9895852212794125,1.0449886322021484,0.9084844589233398,0.0
"parallel prox, sharpness 1, noiseless, direct start, default partitions",14,128,0.9908219631761312,1.0480453968048096,0.900352418422699,0.0
"parallel prox, sharpness 1, noiseless, direct start, default partitions",15,128,0.9893141891807318,1.0317349433898926,0.9393948316574097,0.0
"parallel prox, sharpness 1, noiseless, direct start, default partitions",16,128,0.9764577518217266,1.0258941650390625,0.8600032925605774,0.0
"parallel prox, sharpness 1, noiseless, direct start, default partitions",17,128,0.9467048263177276,1.0079389810562134,0.8656241297721863,0.0
"parallel prox, sharpness 1, noiseless, direct start, default partitions",18,128,0.8632126855663955,0.9708521366119385,0.7360916137695312,0.0
"parallel prox, sharpness 1, noiseless, direct start, default partitions",19,128,0.6745545379817486,0.7888960242271423,0.4466169476509094,0.0
"parallel prox, sharpness 1, noiseless, direct start, default partitions",20,128,0.4528170053381473,0.571967363357544,0.27011755108833313,0.0
"parallel prox, sharpness 1, noiseless, direct start, default partitions",21,128,0.31607653689570725,0.44951876997947693,0.1723872274160385,0.0
"parallel prox, sharpness 1, noiseless, direct start, default partitions",22,128,0.24582426465349272,0.3856404423713684,0.11731348186731339,0.0
"parallel prox, sharpness 1, noiseless, direct start, default partitions",23,128,0.20223352330503985,0.2808423638343811,0.10639917850494385,0.0
"parallel prox, sharpness 1, noiseless, direct start, default partitions",24,128,0.1716038801241666,0.2479664385318756,0.0793587863445282,0.0
"parallel prox, sharpness 1, noiseless, direct start, default partitions",25,128,0.14939725794829428,0.21213313937187195,0.06758055835962296,0.0
"parallel prox, sharpness 1, noiseless, direct start, default partitions",26,128,0.1327822214225307,0.1888255476951599,0.06411797553300858,0.0
"parallel prox, sharpness 1, noiseless, direct start, default partitions",27,128,0.11970740617834963,0.1647130250930786,0.06159111484885216,0.0
"parallel prox, sharpness 1, noiseless, direct start, default partitions",28,128,0.10877981581143104,0.14629030227661133,0.05261457711458206,0.0
"parallel prox, sharpness 1, noiseless, direct start, default partitions",29,128,0.09974399095517583,0.12950177490711212,0.044863469898700714,0.0
"parallel prox, sharpness 1, noiseless, direct start, default partitions",30,128,0.09227644157363102,0.1237519308924675,0.041836097836494446,0.0
"parallel prox, sharpness 1, noiseless, direct start, default partitions",31,128,0.0860917430545669,0.11159338802099228,0.046115417033433914,0.0
"parallel prox, sharpness 1, noiseless, direct start, default partitions",32,128,0.08043657254893333,0.10721900314092636,0.037882257252931595,0.0
"parallel prox, sharpness 1, noiseless, direct start, default partitions",33,128,0.07559310656506568,0.10234315693378448,0.03332768380641937,0.0
"parallel prox, sharpness 1, noiseless, direct start, default partitions",34,128,0.07137996904202737,0.09886237233877182,0.032768432050943375,0.0
"parallel prox, sharpness 1, noiseless, direct start, default partitions",35,128,0.06788620064617135,0.09098657965660095,0.035352058708667755,0.0
"parallel prox, sharpness 1, noiseless, direct start, default partitions",36,128,0.06441816040023696,0.08587975054979324,0.031224748119711876,0.0
"parallel prox, sharpness 1, noiseless, direct start, default partitions",37,128,0.061419668432790786,0.08470993489027023,0.02731207199394703,0.0
"parallel prox, sharpness 1, noiseless, direct start, default partitions",38,128,0.05875869022565894,0.07745794951915741,0.027316516265273094,0.0
"parallel prox, sharpness 1, noiseless, direct start, default partitions",39,128,0.0565188750915695,0.07543540745973587,0.03155381605029106,0.0
"parallel prox, sharpness 1, noiseless, direct start, default partitions",40,128,0.05426857917336747,0.0695652887225151,0.026588357985019684,0.0
"parallel prox, sharpness 3, noiseless, direct start, default partitions",1,4,0.11017126217484474,0.11271247267723083,0.10536902397871017,0.0
"parallel prox, sharpness 3, noiseless, direct start, default partitions",2,16,0.4423631876707077,0.6054704189300537,0.2901166081428528,0.0
"parallel prox, sharpness 3, noiseless, direct start, default partitions",3,64,0.9457040103152394,1.0096620321273804,0.7453958988189697,0.0
"parallel prox, sharpness 3, noiseless, direct start, default partitions",4,128,0.9850676474161446,1.0700221061706543,0.8182374238967896,0.0
"parallel prox, sharpness 3, noiseless, direct start, default partitions",5,128,0.9829827845096588,1.0742440223693848,0.8053119778633118,0.0
"parallel prox, sharpness 3, noiseless, direct start, default partitions",6,128,0.9834254360757768,1.0766773223876953,0.824704647064209,0.0
"parallel prox, sharpness 3, noiseless, direct start, default partitions",7,128,0.9799244361929595,1.0511469841003418,0.8252670168876648,0.0
"parallel prox, sharpness 3, noiseless, direct start, default partitions",8,128,0.9825200489722192,1.083495855331421,0.8856086730957031,0.0
"parallel prox, sharpness 3, noiseless, direct start, default partitions",9,128,0.9821276562288404,1.0481406450271606,0.8709152936935425,0.0
"parallel prox, sharpness 3, noiseless, direct start, default partitions",10,128,0.9840896967798471,1.0756752490997314,0.9098054766654968,0.0
"parallel prox, sharpness 3, noiseless, direct start, default partitions",11,128,0.9782909397035837,1.0671323537826538,0.8339579105377197,0.0
"parallel prox, sharpness 3, noiseless, direct start, default partitions",12,128,0.9867563266307116,1.0676045417785645,0.9102759957313538,0.0
"parallel prox, sharpness 3, noiseless, direct start, default partitions",13,128,0.9798079142346978,1.0629193782806396,0.866922914981842,0.0
"parallel prox, sharpness 3, noiseless, direct start, default partitions",14,128,0.9819770874455571,1.0400222539901733,0.8338834047317505,0.0
"parallel prox, sharpness 3, noiseless, direct start, default partitions",15,128,0.9835656015202403,1.0668632984161377,0.8650521636009216,0.0
"parallel prox, sharpness 3, noiseless, direct start, default partitions",16,128,0.9851285717450082,1.0535370111465454,0.9025828838348389,0.0
"parallel prox, sharpness 3, noiseless, direct start, default partitions",17,128,0.9776145778596401,1.0468791723251343,0.8936244249343872,0.0
"parallel prox, sharpness 3, noiseless, direct start, default partitions",18,128,0.9833862278610468,1.0589208602905273,0.8439335823059082,0.0
"parallel prox, sharpness 3, noiseless, direct start, default partitions",19,128,0.9822721048258245,1.0854943990707397,0.9068083167076111,0.0
"parallel prox, sharpness 3, noiseless, direct start, default partitions",20,128,0.9862556899897754,1.0326507091522217,0.8637083768844604,0.0
"parallel prox, sharpness 3, noiseless, direct start, default partitions",21,128,0.9816808886826038,1.0386748313903809,0.915655791759491,0.0
"parallel prox, sharpness 3, noiseless, direct start, default partitions",22,128,0.9825880229473114,1.0384609699249268,0.9080931544303894,0.0
"parallel prox, sharpness 3, noiseless, direct start, default partitions",23,128,0.9807978272438049,1.0347267389297485,0.8693355917930603,0.0
"parallel prox, sharpness 3, noiseless, direct start, default partitions",24,128,0.9841751605272293,1.0625630617141724,0.86403489112854,0.0
"parallel prox, sharpness 3, noiseless, direct start, default partitions",25,128,0.9811744554899633,1.0660746097564697,0.906193196773529,0.0
"parallel prox, sharpness 3, noiseless, direct start, default partitions",26,128,0.98233178909868,1.0746036767959595,0.9070709347724915,0.0
"parallel prox, sharpness 3, noiseless, direct start, default partitions",27,128,0.9809060427360237,1.0548360347747803,0.8828719258308411,0.0
"parallel prox, sharpness 3, noiseless, direct start, default partitions",28,128,0.9823250868357718,1.0684870481491089,0.8302356004714966,0.0
"parallel prox, sharpness 3, noiseless, direct start, default partitions",29,128,0.9832714898511767,1.0550199747085571,0.9098487496376038,0.0
"parallel prox, sharpness 3, noiseless, direct start, default partitions",30,128,0.9858350572176278,1.0506401062011719,0.9082388877868652,0.0
"parallel prox, sharpness 3, noiseless, direct start, default partitions",31,128,0.9846437238156796,1.0607693195343018,0.8657242655754089,0.0
"parallel prox, sharpness 3, noiseless, direct start, default partitions",32,128,0.9860352477990091,1.051234245300293,0.8890591263771057,0.0
"parallel prox, sharpness 3, noiseless, direct start, default partitions",33,128,0.9826999441720545,1.0629109144210815,0.897105872631073,0.0
"parallel prox, sharpness 3, noiseless, direct start, default partitions",34,128,0.9856965225189924,1.0855833292007446,0.8998538851737976,0.0
"parallel prox, sharpness 3, noiseless, direct start, default partitions",35,128,0.9828870063647628,1.056120753288269,0.8874306082725525,0.0
"parallel prox, sharpness 3, noiseless, direct start, default partitions",36,128,0.98106261016801,1.1037945747375488,0.8837572932243347,0.0
"parallel prox, sharpness 3, noiseless, direct start, default partitions",37,128,0.9822883550077677,1.0791512727737427,0.9009421467781067,0.0
"parallel prox, sharpness 3, noiseless, direct start, default partitions",38,128,0.9854920022189617,1.056775689125061,0.9094047546386719,0.0
"parallel prox, sharpness 3, noiseless, direct start, default partitions",39,128,0.9845938519574702,1.0525803565979004,0.8773238062858582,0.0
"parallel prox, sharpness 3, noiseless, direct start, default partitions",40,128,0.9838328445330262,1.0797497034072876,0.9099723696708679,0.0
"parallel recon, sharpness -1, noisy, direct start, default partitions",1,4,0.3508131504058838,0.36319345235824585,0.3356785178184509,0.0
"parallel recon, sharpness -1, noisy, direct start, default partitions",2,16,0.9592858068645,1.0073750019073486,0.6194078326225281,0.0
"parallel recon, sharpness -1, noisy, direct start, default partitions",3,64,0.9976827390491962,1.0252983570098877,0.9812888503074646,0.0
"parallel recon, sharpness -1, noisy, direct start, default partitions",4,128,1.0012762797996402,1.0457019805908203,0.9476011991500854,0.0
"parallel recon, sharpness -1, noisy, direct start, default partitions",5,128,0.996510127093643,1.0284168720245361,0.8901730179786682,0.0
"parallel recon, sharpness -1, noisy, direct start, default partitions",6,128,0.999156916514039,1.042317509651184,0.9348554015159607,0.0
"parallel recon, sharpness -1, noisy, direct start, default partitions",7,128,0.9982950706034899,1.056189775466919,0.9431004524230957,0.0
"parallel recon, sharpness -1, noisy, direct start, default partitions",8,128,1.0014666416682303,1.1123380661010742,0.9760034680366516,0.0
"parallel recon, sharpness -1, noisy, direct start, default partitions",9,128,0.9974558344110847,1.0222842693328857,0.9441312551498413,0.0
"parallel recon, sharpness -1, noisy, direct start, default partitions",10,128,0.9994550924748182,1.078348994255066,0.9218177795410156,0.0
"parallel recon, sharpness -1, noisy, direct start, default partitions",11,128,0.9977465285919607,1.0666613578796387,0.9198758006095886,0.0
"parallel recon, sharpness -1, noisy, direct start, default partitions",12,128,1.0010352046228945,1.081503987312317,0.9424186944961548,0.0
"parallel recon, sharpness -1, noisy, direct start, default partitions",13,128,0.9969233367592096,1.0215837955474854,0.8942123651504517,0.0
"parallel recon, sharpness -1, noisy, direct start, default partitions",14,128,0.999701363965869,1.0989142656326294,0.917235255241394,0.0
"parallel recon, sharpness -1, noisy, direct start, default partitions",15,128,0.9975475547835231,1.050402045249939,0.9382624626159668,0.0
"parallel recon, sharpness -1, noisy, direct start, default partitions",16,128,1.0010358793660998,1.122437834739685,0.9519684314727783,0.0
"parallel recon, sharpness -1, noisy, direct start, default partitions",17,128,0.9979149727150798,1.0523477792739868,0.9125648140907288,0.0
"parallel recon, sharpness -1, noisy, direct start, default partitions",18,128,0.9994297819212079,1.1132031679153442,0.90147864818573,0.0
"parallel recon, sharpness -1, noisy, direct start, default partitions",19,128,0.9975604806095362,1.064775824546814,0.9345095753669739,0.0
"parallel recon, sharpness -1, noisy, direct start, default partitions",20,128,1.001673356629908,1.1345791816711426,0.952491819858551,0.0
"parallel recon, sharpness -1, noisy, direct start, default partitions",21,128,0.9972460814751685,1.0432616472244263,0.9459116458892822,0.0
"parallel recon, sharpness -1, noisy, direct start, default partitions",22,128,0.9993924633599818,1.1216590404510498,0.9057988524436951,0.0
"parallel recon, sharpness -1, noisy, direct start, default partitions",23,128,0.9962514131329954,1.0594730377197266,0.9496684074401855,0.0
"parallel recon, sharpness -1, noisy, direct start, default partitions",24,128,1.0008081388659775,1.0674138069152832,0.951265811920166,0.0
"parallel recon, sharpness -1, noisy, direct start, default partitions",25,128,0.9965621824376285,1.0588539838790894,0.9168391227722168,0.0
"parallel recon, sharpness -1, noisy, direct start, default partitions",26,128,0.9986086469143629,1.1433749198913574,0.9202600121498108,0.0
"parallel recon, sharpness -1, noisy, direct start, default partitions",27,128,0.9968558200635016,1.0616533756256104,0.9297923445701599,0.0
"parallel recon, sharpness -1, noisy, direct start, default partitions",28,128,1.0002340455539525,1.0753439664840698,0.9541367292404175,0.0
"parallel recon, sharpness -1, noisy, direct start, default partitions",29,128,0.9960937560535967,1.0953559875488281,0.9518674612045288,0.0
"parallel recon, sharpness -1, noisy, direct start, default partitions",30,128,0.9969957182183862,1.131980061531067,0.9410961270332336,0.0
"parallel recon, sharpness -1, noisy, direct start, default partitions",31,128,0.9948770687915385,1.0563791990280151,0.9315392374992371,0.0
"parallel recon, sharpness -1, noisy, direct start, default partitions",32,128,0.9973811861127615,1.0904388427734375,0.9115042686462402,0.0
"parallel recon, sharpness -1, noisy, direct start, default partitions",33,128,0.9915804900228977,1.0928599834442139,0.928081214427948,0.0
"parallel recon, sharpness -1, noisy, direct start, default partitions",34,128,0.9910690411925316,1.143303632736206,0.8954233527183533,0.0
"parallel recon, sharpness -1, noisy, direct start, default partitions",35,128,0.9880507658235729,1.0590006113052368,0.9111464619636536,0.0
"parallel recon, sharpness -1, noisy, direct start, default partitions",36,128,0.9901742697693408,1.0522072315216064,0.9333410859107971,0.0
"parallel recon, sharpness -1, noisy, direct start, default partitions",37,128,0.9803697811439633,1.0503710508346558,0.8760999441146851,0.0
"parallel recon, sharpness -1, noisy, direct start, default partitions",38,128,0.9721249234862626,1.1275634765625,0.82394939661026,0.0
"parallel recon, sharpness -1, noisy, direct start, default partitions",39,128,0.9692652141675353,1.049957275390625,0.8085592985153198,0.0
"parallel recon, sharpness -1, noisy, direct start, default partitions",40,128,0.9631355293095112,1.0238800048828125,0.779844343662262,0.0
"parallel recon, sharpness 1, noisy, direct start, default partitions",1,4,0.1372150219976902,0.14549791812896729,0.1296008974313736,0.0
"parallel recon, sharpness 1, noisy, direct start, default partitions",2,16,0.5474386252462864,0.7444464564323425,0.33226248621940613,0.0
"parallel recon, sharpness 1, noisy, direct start, default partitions",3,64,0.9627330740913749,1.0172450542449951,0.8062713742256165,0.0
"parallel recon, sharpness 1, noisy, direct start, default partitions",4,128,0.9908763477578759,1.071102261543274,0.8191295266151428,0.0
"parallel recon, sharpness 1, noisy, direct start, default partitions",5,128,0.9869361938908696,1.0677440166473389,0.8184879422187805,0.0
"parallel recon, sharpness 1, noisy, direct start, default partitions",6,128,0.9894670518115163,1.0510597229003906,0.8619727492332458,0.0
"parallel recon, sharpness 1, noisy, direct start, default partitions",7,128,0.9873679517768323,1.0432357788085938,0.9042397141456604,0.0
"parallel recon, sharpness 1, noisy, direct start, default partitions",8,128,0.9903293498791754,1.0832533836364746,0.9197802543640137,0.0
"parallel recon, sharpness 1, noisy, direct start, default partitions",9,128,0.9868016899563372,1.0645750761032104,0.8897256851196289,0.0
"parallel recon, sharpness 1, noisy, direct start, default partitions",10,128,0.9912105756811798,1.0783953666687012,0.9228983521461487,0.0
"parallel recon, sharpness 1, noisy, direct start, default partitions",11,128,0.9839626848697662,1.0742725133895874,0.8466553092002869,0.0
"parallel recon, sharpness 1, noisy, direct start, default partitions",12,128,0.992966088000685,1.0782073736190796,0.9132274389266968,0.0
"parallel recon, sharpness 1, noisy, direct start, default partitions",13,128,0.9851903426460922,1.0542888641357422,0.8774208426475525,0.0
"parallel recon, sharpness 1, noisy, direct start, default partitions",14,128,0.9883890128694475,1.0738873481750488,0.894517183303833,0.0
"parallel recon, sharpness 1, noisy, direct start, default partitions",15,128,0.9886402199044824,1.0957428216934204,0.833154022693634,0.0
"parallel recon, sharpness 1, noisy, direct start, default partitions",16,128,0.989439879078418,1.0786925554275513,0.9002512097358704,0.0
"parallel recon, sharpness 1, noisy, direct start, default partitions",17,128,0.984931577462703,1.0508270263671875,0.8979856967926025,0.0
"parallel recon, sharpness 1, noisy, direct start, default partitions",18,128,0.9871752969920635,1.128648042678833,0.8777239322662354,0.0
"parallel recon, sharpness 1, noisy, direct start, default partitions",19,128,0.9872048804536462,1.0773671865463257,0.9087592959403992,0.0
"parallel recon, sharpness 1, noisy, direct start, default partitions",20,128,0.9939996623434126,1.1130897998809814,0.849556028842926,0.0
"parallel recon, sharpness 1, noisy, direct start, default partitions",21,128,0.9882671167142689,1.0572651624679565,0.9103861451148987,0.0
"parallel recon, sharpness 1, noisy, direct start, default partitions",22,128,0.9901254698634148,1.1302285194396973,0.9131384491920471,0.0
"parallel recon, sharpness 1, noisy, direct start, default partitions",23,128,0.9867036784999073,1.0671803951263428,0.8878074884414673,0.0
"parallel recon, sharpness 1, noisy, direct start, default partitions",24,128,0.9912292868830264,1.1060826778411865,0.9285293221473694,0.0
"parallel recon, sharpness 1, noisy, direct start, default partitions",25,128,0.9878325997851789,1.146097183227539,0.8382459282875061,0.0
"parallel recon, sharpness 1, noisy, direct start, default partitions",26,128,0.9870558655820787,1.139533281326294,0.842989981174469,0.0
"parallel recon, sharpness 1, noisy, direct start, default partitions",27,128,0.985578435473144,1.0861234664916992,0.8617666363716125,0.0
"parallel recon, sharpness 1, noisy, direct start, default partitions",28,128,0.988356432877481,1.1040802001953125,0.8040525317192078,0.0
"parallel recon, sharpness 1, noisy, direct start, default partitions",29,128,0.9869312839582562,1.0738862752914429,0.9027661085128784,0.0
"parallel recon, sharpness 1, noisy, direct start, default partitions",30,128,0.9923135219141841,1.1785608530044556,0.8834206461906433,0.0
"parallel recon, sharpness 1, noisy, direct start, default partitions",31,128,0.9899591039866209,1.1978715658187866,0.8326889276504517,0.0
"parallel recon, sharpness 1, noisy, direct start, default partitions",32,128,0.989412073045969,1.0841050148010254,0.8776178359985352,0.0
"parallel recon, sharpness 1, noisy, direct start, default partitions",33,128,0.9875149028375745,1.1658192873001099,0.9100457429885864,0.0
"parallel recon, sharpness 1, noisy, direct start, default partitions",34,128,0.9889635764993727,1.2244287729263306,0.8809554576873779,0.0
"parallel recon, sharpness 1, noisy, direct start, default partitions",35,128,0.9867156534455717,1.1211919784545898,0.875828742980957,0.0
"parallel recon, sharpness 1, noisy, direct start, default partitions",36,128,0.9904390079900622,1.307497262954712,0.8729970455169678,0.0
"parallel recon, sharpness 1, noisy, direct start, default partitions",37,128,0.9864802528172731,1.1570886373519897,0.895902693271637,0.0
"parallel recon, sharpness 1, noisy, direct start, default partitions",38,128,0.9869703380391002,1.1494523286819458,0.9103109240531921,0.0
"parallel recon, sharpness 1, noisy, direct start, default partitions",39,128,0.9892452452331781,1.262990117073059,0.8124041557312012,0.0
"parallel recon, sharpness 1, noisy, direct start, default partitions",40,128,0.9923160970211029,1.193428635597229,0.909466564655304,0.0
"parallel recon, sharpness 3, noisy, direct start, default partitions",1,4,0.10902993194758892,0.11262964457273483,0.10646628588438034,0.0
"parallel recon, sharpness 3, noisy, direct start, default partitions",2,16,0.4380963798612356,0.6030987501144409,0.2832610011100769,0.0
"parallel recon, sharpness 3, noisy, direct start, default partitions",3,64,0.9436379875987768,1.0159600973129272,0.7399134039878845,0.0
"parallel recon, sharpness 3, noisy, direct start, default partitions",4,128,0.9827856598421931,1.0651860237121582,0.8354875445365906,0.0
"parallel recon, sharpness 3, noisy, direct start, default partitions",5,128,0.9813791965134442,1.0525763034820557,0.8583002090454102,0.0
"parallel recon, sharpness 3, noisy, direct start, default partitions",6,128,0.983133448753506,1.0551823377609253,0.8601284623146057,0.0
"parallel recon, sharpness 3, noisy, direct start, default partitions",7,128,0.9801224693655968,1.0438623428344727,0.8803650140762329,0.0
"parallel recon, sharpness 3, noisy, direct start, default partitions",8,128,0.9817875507287681,1.023474097251892,0.8851266503334045,0.0
"parallel recon, sharpness 3, noisy, direct start, default partitions",9,128,0.9824052695184946,1.0510993003845215,0.8936293125152588,0.0
"parallel recon, sharpness 3, noisy, direct start, default partitions",10,128,0.9841191745363176,1.028202772140503,0.9229053854942322,0.0
"parallel recon, sharpness 3, noisy, direct start, default partitions",11,128,0.9815557654947042,1.0242153406143188,0.9242929816246033,0.0
"parallel recon, sharpness 3, noisy, direct start, default partitions",12,128,0.9838173501193523,1.0479165315628052,0.9252739548683167,0.0
"parallel recon, sharpness 3, noisy, direct start, default partitions",13,128,0.9808712536469102,1.0571519136428833,0.8862247467041016,0.0
"parallel recon, sharpness 3, noisy, direct start, default partitions",14,128,0.9831600897014141,1.0438817739486694,0.9067250490188599,0.0
"parallel recon, sharpness 3, noisy, direct start, default partitions",15,128,0.9841199312359095,1.0273752212524414,0.9505689144134521,0.0
"parallel recon, sharpness 3, noisy, direct start, default partitions",16,128,0.9845890933647752,1.0367300510406494,0.9123053550720215,0.0
"parallel recon, sharpness 3, noisy, direct start, default partitions",17,128,0.9797801128588617,1.033574104309082,0.9171226620674133,0.0
"parallel recon, sharpness 3, noisy, direct start, default partitions",18,128,0.9855897491797805,1.044063687324524,0.9288215041160583,0.0
"parallel recon, sharpness 3, noisy, direct start, default partitions",19,128,0.9804173577576876,1.0513297319412231,0.9088380336761475,0.0
"parallel recon, sharpness 3, noisy, direct start, default partitions",20,128,0.9838363407179713,1.043101191520691,0.899154782295227,0.0
"parallel recon, sharpness 3, noisy, direct start, default partitions",21,128,0.9810091927647591,1.0178078413009644,0.9361209273338318,0.0
"parallel recon, sharpness 3, noisy, direct start, default partitions",22,128,0.9841478741727769,1.0330548286437988,0.8943014144897461,0.0
"parallel recon, sharpness 3, noisy, direct start, default partitions",23,128,0.9827319853939116,1.0315345525741577,0.9160970449447632,0.0
"parallel recon, sharpness 3, noisy, direct start, default partitions",24,128,0.983456913381815,1.0317102670669556,0.9203072190284729,0.0
"parallel recon, sharpness 3, noisy, direct start, default partitions",25,128,0.9794127279892564,1.0210514068603516,0.9304527044296265,0.0
"parallel recon, sharpness 3, noisy, direct start, default partitions",26,128,0.98236876539886,1.0283058881759644,0.907242476940155,0.0
"parallel recon, sharpness 3, noisy, direct start, default partitions",27,128,0.9800431970506907,1.027784824371338,0.9112468361854553,0.0
"parallel recon, sharpness 3, noisy, direct start, default partitions",28,128,0.9834737721830606,1.065314531326294,0.8759065866470337,0.0
"parallel recon, sharpness 3, noisy, direct start, default partitions",29,128,0.9821051186881959,1.0312856435775757,0.9276149868965149,0.0
"parallel recon, sharpness 3, noisy, direct start, default partitions",30,128,0.9846965884789824,1.0343395471572876,0.9133443236351013,0.0
"parallel recon, sharpness 3, noisy, direct start, default partitions",31,128,0.9817337435670197,1.0342769622802734,0.92472904920578,0.0
"parallel recon, sharpness 3, noisy, direct start, default partitions",32,128,0.9853402017615736,1.030718445777893,0.9040095210075378,0.0
"parallel recon, sharpness 3, noisy, direct start, default partitions",33,128,0.9811378745362163,1.0320425033569336,0.9228121042251587,0.0
"parallel recon, sharpness 3, noisy, direct start, default partitions",34,128,0.985213200096041,1.0282390117645264,0.9232001900672913,0.0
"parallel recon, sharpness 3, noisy, direct start, default partitions",35,128,0.9829285307787359,1.0272550582885742,0.9165405035018921,0.0
"parallel recon, sharpness 3, noisy, direct start, default partitions",36,128,0.9817776065319777,1.043257713317871,0.9093071222305298,0.0
"parallel recon, sharpness 3, noisy, direct start, default partitions",37,128,0.9793124808929861,1.0484436750411987,0.9042160511016846,0.0
"parallel recon, sharpness 3, noisy, direct start, default partitions",38,128,0.9875532239675522,1.034531593322754,0.9242705702781677,0.0
"parallel recon, sharpness 3, noisy, direct start, default partitions",39,128,0.9817074886523187,1.0424944162368774,0.9092322587966919,0.0
"parallel recon, sharpness 3, noisy, direct start, default partitions",40,128,0.9839981738477945,1.0458709001541138,0.930565595626831,0.0
"parallel prox, sharpness -1, noisy, direct start, default partitions",1,4,0.9866719990968704,0.9997738003730774,0.980978786945343,0.0
"parallel prox, sharpness -1, noisy, direct start, default partitions",2,16,0.9761369898915291,0.9991098642349243,0.8267803192138672,0.0
"parallel prox, sharpness -1, noisy, direct start, default partitions",3,64,0.9968133699148893,1.0060667991638184,0.9717246294021606,0.0
"parallel prox, sharpness -1, noisy, direct start, default partitions",4,128,0.9981347173452377,1.0099202394485474,0.9810300469398499,0.0
"parallel prox, sharpness -1, noisy, direct start, default partitions",5,128,0.9970809407532215,1.0055166482925415,0.985378623008728,0.0
"parallel prox, sharpness -1, noisy, direct start, default partitions",6,128,0.9972081040032208,1.0087469816207886,0.9730087518692017,0.0
"parallel prox, sharpness -1, noisy, direct start, default partitions",7,128,0.9939487124793231,1.0077875852584839,0.9698972702026367,0.0
"parallel prox, sharpness -1, noisy, direct start, default partitions",8,128,0.9546372522599995,0.9833672642707825,0.7374559044837952,0.0
"parallel prox, sharpness -1, noisy, direct start, default partitions",9,128,0.6490825678920373,0.8193658590316772,0.21623991429805756,0.0
"parallel prox, sharpness -1, noisy, direct start, default partitions",10,128,0.187702831113711,0.3082215487957001,0.08038272708654404,0.0
"parallel prox, sharpness -1, noisy, direct start, default partitions",11,128,0.1272120733920019,0.21864713728427887,0.061113860458135605,0.0
"parallel prox, sharpness -1, noisy, direct start, default partitions",12,128,0.09708069595217239,0.2841770648956299,0.031219663098454475,0.0
"parallel prox, sharpness -1, noisy, direct start, default partitions",13,128,0.07879149852669798,0.1783660501241684,0.017059842124581337,0.0
"parallel prox, sharpness -1, noisy, direct start, default partitions",14,128,0.06921088715898804,0.09768819808959961,0.037007544189691544,0.0
"parallel prox, sharpness -1, noisy, direct start, default partitions",15,128,0.06254769311635755,0.09036196768283844,0.0356331430375576,0.0
"parallel prox, sharpness -1, noisy, direct start, default partitions",16,128,0.05670577035925817,0.13340668380260468,0.020834410563111305,0.0
"parallel prox, sharpness -1, noisy, direct start, default partitions",17,128,0.05176744981872616,0.09807069599628448,0.012120540253818035,0.0
"parallel prox, sharpness -1, noisy, direct start, default partitions",18,128,0.049107923376141116,0.06456325203180313,0.0287887342274189,0.0
"parallel prox, sharpness -1, noisy, direct start, default partitions",19,128,0.04685084721131716,0.06607982516288757,0.02685629017651081,0.0
"parallel prox, sharpness -1, noisy, direct start, default partitions",20,128,0.04438314403523691,0.09179485589265823,0.017583345994353294,0.0
"parallel prox, sharpness -1, noisy, direct start, default partitions",21,128,0.04216316341626225,0.07462793588638306,0.010457593016326427,0.0
"parallel prox, sharpness -1, noisy, direct start, default partitions",22,128,0.04108105253544636,0.055905845016241074,0.025831272825598717,0.0
"parallel prox, sharpness -1, noisy, direct start, default partitions",23,128,0.04001955570129212,0.058234088122844696,0.02261706255376339,0.0
"parallel prox, sharpness -1, noisy, direct start, default partitions",24,128,0.03861689972109161,0.07295552641153336,0.015983151271939278,0.0
"parallel prox, sharpness -1, noisy, direct start, default partitions",25,128,0.03728770047746366,0.06397387385368347,0.009700638242065907,0.0
"parallel prox, sharpness -1, noisy, direct start, default partitions",26,128,0.03677483045612462,0.05139570310711861,0.02411419339478016,0.0
"parallel prox, sharpness -1, noisy, direct start, default partitions",27,128,0.036172062405967154,0.053838931024074554,0.020056646317243576,0.0
"parallel prox, sharpness -1, noisy, direct start, default partitions",28,128,0.03512953822064446,0.06371354311704636,0.014317412860691547,0.0
"parallel prox, sharpness -1, noisy, direct start, default partitions",29,128,0.03432273970247479,0.057746727019548416,0.009347069077193737,0.0
"parallel prox, sharpness -1, noisy, direct start, default partitions",30,128,0.03408806709921919,0.04914265125989914,0.0218962375074625,0.0
"parallel prox, sharpness -1, noisy, direct start, default partitions",31,128,0.03371897281613201,0.05099417641758919,0.018204927444458008,0.0
"parallel prox, sharpness -1, noisy, direct start, default partitions",32,128,0.03291460356558673,0.05954316258430481,0.01326040830463171,0.0
"parallel prox, sharpness -1, noisy, direct start, default partitions",33,128,0.03232676403422374,0.053981609642505646,0.009094290435314178,0.0
"parallel prox, sharpness -1, noisy, direct start, default partitions",34,128,0.03224714448151644,0.04766486585140228,0.020170114934444427,0.0
"parallel prox, sharpness -1, noisy, direct start, default partitions",35,128,0.03201686294050887,0.04899010807275772,0.017004918307065964,0.0
"parallel prox, sharpness -1, noisy, direct start, default partitions",36,128,0.031315127889683936,0.05816309154033661,0.012394517660140991,0.0
"parallel prox, sharpness -1, noisy, direct start, default partitions",37,128,0.030922823018045165,0.05154319480061531,0.008901368826627731,0.0
"parallel prox, sharpness -1, noisy, direct start, default partitions",38,128,0.030937863775761798,0.04648742452263832,0.019095590338110924,0.0
"parallel prox, sharpness -1, noisy, direct start, default partitions",39,128,0.03080104243417736,0.04741114005446434,0.0162932388484478,0.0
"parallel prox, sharpness -1, noisy, direct start, default partitions",40,128,0.030216727616789285,0.05677799880504608,0.011769005097448826,0.0
"parallel prox, sharpness 1, noisy, direct start, default partitions",1,4,0.18629181757569313,0.24777013063430786,0.13082468509674072,0.0
"parallel prox, sharpness 1, noisy, direct start, default partitions",2,16,0.6651902683079243,0.7913674712181091,0.4290385842323303,0.0
"parallel prox, sharpness 1, noisy, direct start, default partitions",3,64,0.9826337937265635,1.031484603881836,0.8675459027290344,0.0
"parallel prox, sharpness 1, noisy, direct start, default partitions",4,128,0.9940506988205016,1.0567594766616821,0.8781943917274475,0.0
"parallel prox, sharpness 1, noisy, direct start, default partitions",5,128,0.9910453716292977,1.0309867858886719,0.9071992039680481,0.0
"parallel prox, sharpness 1, noisy, direct start, default partitions",6,128,0.9936483190394938,1.035893440246582,0.9380623698234558,0.0
"parallel prox, sharpness 1, noisy, direct start, default partitions",7,128,0.992625639308244,1.0392718315124512,0.9329785108566284,0.0
"parallel prox, sharpness 1, noisy, direct start, default partitions",8,128,0.9923173459246755,1.0529119968414307,0.9253484010696411,0.0
"parallel prox, sharpness 1, noisy, direct start, default partitions",9,128,0.9889891589991748,1.0499439239501953,0.9254491925239563,0.0
"parallel prox, sharpness 1, noisy, direct start, default partitions",10,128,0.9943520175293088,1.0425137281417847,0.9335764646530151,0.0
"parallel prox, sharpness 1, noisy, direct start, default partitions",11,128,0.9907423853874207,1.046772837638855,0.9303104877471924,0.0
"parallel prox, sharpness 1, noisy, direct start, default partitions",12,128,0.992892577778548,1.0512800216674805,0.9380843639373779,0.0
"parallel prox, sharpness 1, noisy, direct start, default partitions",13,128,0.9891810771077871,1.045317530632019,0.9068641662597656,0.0
"parallel prox, sharpness 1, noisy, direct start, default partitions",14,128,0.9908413239754736,1.053940773010254,0.9016513228416443,0.0
"parallel prox, sharpness 1, noisy, direct start, default partitions",15,128,0.9887661160901189,1.0289576053619385,0.9295204877853394,0.0
"parallel prox, sharpness 1, noisy, direct start, default partitions",16,128,0.975966626778245,1.0214935541152954,0.8578423857688904,0.0
"parallel prox, sharpness 1, noisy, direct start, default partitions",17,128,0.9440868510864675,1.0109704732894897,0.8599562048912048,0.0
"parallel prox, sharpness 1, noisy, direct start, default partitions",18,128,0.8560376679524779,0.9614802002906799,0.7192369103431702,0.0
"parallel prox, sharpness 1, noisy, direct start, default partitions",19,128,0.6612262094859034,0.7773144841194153,0.43528056144714355,0.0
"parallel prox, sharpness 1, noisy, direct start, default partitions",20,128,0.4428805345669389,0.5510784387588501,0.27114400267601013,0.0
"parallel prox, sharpness 1, noisy, direct start, default partitions",21,128,0.3113361783325672,0.44253799319267273,0.16711506247520447,0.0
"parallel prox, sharpness 1, noisy, direct start, default partitions",22,128,0.24298834445653483,0.3810679316520691,0.11519668251276016,0.0
"parallel prox, sharpness 1, noisy, direct start, default partitions",23,128,0.20022722013527527,0.28002429008483887,0.09978135675191879,0.0
"parallel prox, sharpness 1, noisy, direct start, default partitions",24,128,0.17032513377489522,0.24333158135414124,0.07732187956571579,0.0
"parallel prox, sharpness 1, noisy, direct start, default partitions",25,128,0.14845813950523734,0.21098574995994568,0.07049715518951416,0.0
"parallel prox, sharpness 1, noisy, direct start, default partitions",26,128,0.1320227604592219,0.1823473572731018,0.06439727544784546,0.0
"parallel prox, sharpness 1, noisy, direct start, default partitions",27,128,0.11906926252413541,0.16499528288841248,0.05887866020202637,0.0
"parallel prox, sharpness 1, noisy, direct start, default partitions",28,128,0.1083492504840251,0.14553217589855194,0.051467932760715485,0.0
"parallel prox, sharpness 1, noisy, direct start, default partitions",29,128,0.09941950073698536,0.1315145194530487,0.04438616707921028,0.0
"parallel prox, sharpness 1, noisy, direct start, default partitions",30,128,0.0920345266640652,0.12276455760002136,0.042579565197229385,0.0
"parallel prox, sharpness 1, noisy, direct start, default partitions",31,128,0.08588502364000306,0.11171220988035202,0.04412700608372688,0.0
"parallel prox, sharpness 1, noisy, direct start, default partitions",32,128,0.08032536201062612,0.10601721704006195,0.03886888921260834,0.0
"parallel prox, sharpness 1, noisy, direct start, default partitions",33,128,0.07558737986255437,0.10159672796726227,0.033641617745161057,0.0
"parallel prox, sharpness 1, noisy, direct start, default partitions",34,128,0.07143208099296317,0.09907198697328568,0.03326433524489403,0.0
"parallel prox, sharpness 1, noisy, direct start, default partitions",35,128,0.06794209135114215,0.09147557616233826,0.03443700447678566,0.0
"parallel prox, sharpness 1, noisy, direct start, default partitions",36,128,0.06454751893761568,0.08579923957586288,0.03151334449648857,0.0
"parallel prox, sharpness 1, noisy, direct start, default partitions",37,128,0.061585389223182574,0.08517440408468246,0.027513734996318817,0.0
"parallel prox, sharpness 1, noisy, direct start, default partitions",38,128,0.05895625179982744,0.07839155942201614,0.02788396365940571,0.0
"parallel prox, sharpness 1, noisy, direct start, default partitions",39,128,0.056722198947682045,0.07594375312328339,0.030727187171578407,0.0
"parallel prox, sharpness 1, noisy, direct start, default partitions",40,128,0.054533522634301335,0.06937474012374878,0.027847301214933395,0.0
"parallel prox, sharpness 3, noisy, direct start, default partitions",1,4,0.11027186177670956,0.11303948611021042,0.1061163917183876,0.0
"parallel prox, sharpness 3, noisy, direct start, default partitions",2,16,0.44197123870253563,0.5953181982040405,0.2905485928058624,0.0
"parallel prox, sharpness 3, noisy, direct start, default partitions",3,64,0.9458087226375937,1.013392686843872,0.7438396215438843,0.0
"parallel prox, sharpness 3, noisy, direct start, default partitions",4,128,0.983540600631386,1.0576595067977905,0.8428242206573486,0.0
"parallel prox, sharpness 3, noisy, direct start, default partitions",5,128,0.982261945027858,1.0506356954574585,0.8451975584030151,0.0
"parallel prox, sharpness 3, noisy, direct start, default partitions",6,128,0.9834176581352949,1.0469774007797241,0.8530564308166504,0.0
"parallel prox, sharpness 3, noisy, direct start, default partitions",7,128,0.9808011250570416,1.0474848747253418,0.8777503371238708,0.0
"parallel prox, sharpness 3, noisy, direct start, default partitions",8,128,0.9830156243406236,1.0447620153427124,0.8869219422340393,0.0
"parallel prox, sharpness 3, noisy, direct start, default partitions",9,128,0.981876892503351,1.051244854927063,0.8994734883308411,0.0
"parallel prox, sharpness 3, noisy, direct start, default partitions",10,128,0.9849089575000107,1.036115050315857,0.9315748810768127,0.0
"parallel prox, sharpness 3, noisy, direct start, default partitions",11,128,0.980607339181006,1.0338605642318726,0.8903892636299133,0.0
"parallel prox, sharpness 3, noisy, direct start, default partitions",12,128,0.9853036184795201,1.0463662147521973,0.9306222200393677,0.0
"parallel prox, sharpness 3, noisy, direct start, default partitions",13,128,0.9794548889622092,1.062772512435913,0.8799323439598083,0.0
"parallel prox, sharpness 3, noisy, direct start, default partitions",14,128,0.9830775884911418,1.0484952926635742,0.871968686580658,0.0
"parallel prox, sharpness 3, noisy, direct start, default partitions",15,128,0.984258581418544,1.0320372581481934,0.9004167318344116,0.0
"parallel prox, sharpness 3, noisy, direct start, default partitions",16,128,0.9847599198110402,1.040358543395996,0.9053961634635925,0.0
"parallel prox, sharpness 3, noisy, direct start, default partitions",17,128,0.9790753996931016,1.0273411273956299,0.8993350267410278,0.0
"parallel prox, sharpness 3, noisy, direct start, default partitions",18,128,0.9849747442640364,1.0609385967254639,0.8998637199401855,0.0
"parallel prox, sharpness 3, noisy, direct start, default partitions",19,128,0.9805698781274259,1.0633183717727661,0.9018271565437317,0.0
"parallel prox, sharpness 3, noisy, direct start, default partitions",20,128,0.9855660274624825,1.0487045049667358,0.8835394382476807,0.0
"parallel prox, sharpness 3, noisy, direct start, default partitions",21,128,0.9810313852503896,1.0272600650787354,0.9310318231582642,0.0
"parallel prox, sharpness 3, noisy, direct start, default partitions",22,128,0.9840772808529437,1.0370486974716187,0.913959264755249,0.0
"parallel prox, sharpness 3, noisy, direct start, default partitions",23,128,0.9821284115314484,1.0383191108703613,0.8954399228096008,0.0
"parallel prox, sharpness 3, noisy, direct start, default partitions",24,128,0.9839841141365469,1.0437750816345215,0.8865144848823547,0.0
"parallel prox, sharpness 3, noisy, direct start, default partitions",25,128,0.9800893883220851,1.0372858047485352,0.9140024185180664,0.0
"parallel prox, sharpness 3, noisy, direct start, default partitions",26,128,0.9824189976789057,1.0375036001205444,0.9078791737556458,0.0
"parallel prox, sharpness 3, noisy, direct start, default partitions",27,128,0.9805525178089738,1.041395664215088,0.9024680256843567,0.0
"parallel prox, sharpness 3, noisy, direct start, default partitions",28,128,0.9836093271151185,1.0612192153930664,0.8399121761322021,0.0
"parallel prox, sharpness 3, noisy, direct start, default partitions",29,128,0.9824073822237551,1.043517827987671,0.9220914840698242,0.0
"parallel prox, sharpness 3, noisy, direct start, default partitions",30,128,0.9851010590791702,1.0379784107208252,0.9036507606506348,0.0
"parallel prox, sharpness 3, noisy, direct start, default partitions",31,128,0.9834480271674693,1.0416265726089478,0.8964170813560486,0.0
"parallel prox, sharpness 3, noisy, direct start, default partitions",32,128,0.986430624499917,1.0366909503936768,0.9078376293182373,0.0
"parallel prox, sharpness 3, noisy, direct start, default partitions",33,128,0.982001016382128,1.0456790924072266,0.9192976951599121,0.0
"parallel prox, sharpness 3, noisy, direct start, default partitions",34,128,0.9859239035286009,1.0442947149276733,0.9020355939865112,0.0
"parallel prox, sharpness 3, noisy, direct start, default partitions",35,128,0.9832264459691942,1.0269945859909058,0.9058693647384644,0.0
"parallel prox, sharpness 3, noisy, direct start, default partitions",36,128,0.9826858281157911,1.0628458261489868,0.8939594030380249,0.0
"parallel prox, sharpness 3, noisy, direct start, default partitions",37,128,0.9801993956789374,1.0652844905853271,0.8881914615631104,0.0
"parallel prox, sharpness 3, noisy, direct start, default partitions",38,128,0.9871927564963698,1.0417816638946533,0.9186635613441467,0.0
"parallel prox, sharpness 3, noisy, direct start, default partitions",39,128,0.9830372305586934,1.0438079833984375,0.8920891880989075,0.0
"parallel prox, sharpness 3, noisy, direct start, default partitions",40,128,0.9841992454603314,1.05845046043396,0.9159722328186035,0.0
"parallel recon, sharpness 1, noisy, converged start, default partitions",1,4,0.2874029576778412,0.7105777263641357,0.13123966753482819,0.0
"parallel recon, sharpness 1, noisy, converged start, default partitions",2,16,0.6022448781877756,0.9652042984962463,0.2923832833766937,0.0
"parallel recon, sharpness 1, noisy, converged start, default partitions",3,64,0.979965633712709,1.1407475471496582,0.7906588912010193,0.0
"parallel recon, sharpness 1, noisy, converged start, default partitions",4,128,0.9928035559132695,1.224570870399475,0.8528556823730469,0.0
"parallel recon, sharpness 1, noisy, converged start, default partitions",5,128,0.9850666020065546,1.1173028945922852,0.9114701747894287,0.0
"parallel recon, sharpness 1, noisy, converged start, default partitions",6,128,0.9906262303702533,1.1749104261398315,0.900894820690155,0.0
"parallel recon, sharpness 1, noisy, converged start, default partitions",7,128,0.9871525508351624,1.0864633321762085,0.8464691042900085,0.0
"parallel recon, sharpness 1, noisy, converged start, default partitions",8,128,0.9898769957944751,1.198751449584961,0.8921805620193481,0.0
"parallel recon, sharpness 1, noisy, converged start, default partitions",9,128,0.9874675259925425,1.156832218170166,0.8997659087181091,0.0
"parallel recon, sharpness 1, noisy, converged start, default partitions",10,128,0.9872891018167138,1.2349755764007568,0.8695501685142517,0.0
"parallel prox, sharpness 1, noisy, converged start, default partitions",1,4,0.41068385168910027,0.9781247973442078,0.12631507217884064,0.0
"parallel prox, sharpness 1, noisy, converged start, default partitions",2,16,0.6727972384542227,0.9229416847229004,0.3133045732975006,0.0
"parallel prox, sharpness 1, noisy, converged start, default partitions",3,64,0.9797813137993217,1.0129069089889526,0.820741593837738,0.0
"parallel prox, sharpness 1, noisy, converged start, default partitions",4,128,0.9925053268671036,1.0284771919250488,0.9379249215126038,0.0
"parallel prox, sharpness 1, noisy, converged start, default partitions",5,128,0.9910003589466214,1.0283944606781006,0.9552404880523682,0.0
"parallel prox, sharpness 1, noisy, converged start, default partitions",6,128,0.9921728349290788,1.0175073146820068,0.9574415683746338,0.0
"parallel prox, sharpness 1, noisy, converged start, default partitions",7,128,0.9915181114338338,1.025651454925537,0.9566547870635986,0.0
"parallel prox, sharpness 1, noisy, converged start, default partitions",8,128,0.9908916652202606,1.0243278741836548,0.9312360882759094,0.0
"parallel prox, sharpness 1, noisy, converged start, default partitions",9,128,0.9880232978612185,1.0103886127471924,0.9433944821357727,0.0
"parallel prox, sharpness 1, noisy, converged start, default partitions",10,128,0.9921477567404509,1.039596438407898,0.9422341585159302,0.0
"parallel recon, sharpness 3, noisy, direct start, one subset partitions",1,1,0.028994763270020485,0.028994763270020485,0.028994763270020485,0.0
"parallel recon, sharpness 3, noisy, direct start, one subset partitions",2,1,0.024010060355067253,0.024010060355067253,0.024010060355067253,0.0
"parallel recon, sharpness 3, noisy, direct start, one subset partitions",3,1,0.029099855571985245,0.029099855571985245,0.029099855571985245,0.0
"parallel recon, sharpness 3, noisy, direct start, one subset partitions",4,1,0.024060724303126335,0.024060724303126335,0.024060724303126335,0.0
"parallel recon, sharpness 3, noisy, direct start, one subset partitions",5,1,0.029156584292650223,0.029156584292650223,0.029156584292650223,0.0
"parallel recon, sharpness 3, noisy, direct start, one subset partitions",6,1,0.024095503613352776,0.024095503613352776,0.024095503613352776,0.0
"parallel recon, sharpness 3, noisy, direct start, one subset partitions",7,1,0.02919911779463291,0.02919911779463291,0.02919911779463291,0.0
"parallel recon, sharpness 3, noisy, direct start, one subset partitions",8,1,0.02412274479866028,0.02412274479866028,0.02412274479866028,0.0
"parallel recon, sharpness 3, noisy, direct start, one subset partitions",9,1,0.029233433306217194,0.029233433306217194,0.029233433306217194,0.0
"parallel recon, sharpness 3, noisy, direct start, one subset partitions",10,1,0.024144988507032394,0.024144988507032394,0.024144988507032394,0.0
"parallel recon, sharpness 3, noisy, direct start, one subset partitions",11,1,0.029262080788612366,0.029262080788612366,0.029262080788612366,0.0
"parallel recon, sharpness 3, noisy, direct start, one subset partitions",12,1,0.024163614958524704,0.024163614958524704,0.024163614958524704,0.0
"parallel recon, sharpness 3, noisy, direct start, one subset partitions",13,1,0.02928657829761505,0.02928657829761505,0.02928657829761505,0.0
"parallel recon, sharpness 3, noisy, direct start, one subset partitions",14,1,0.02417944185435772,0.02417944185435772,0.02417944185435772,0.0
"parallel recon, sharpness 3, noisy, direct start, one subset partitions",15,1,0.029307888820767403,0.029307888820767403,0.029307888820767403,0.0
"parallel recon, sharpness 3, noisy, direct start, one subset partitions",16,1,0.024193061515688896,0.024193061515688896,0.024193061515688896,0.0
"parallel recon, sharpness 3, noisy, direct start, one subset partitions",17,1,0.029326720163226128,0.029326720163226128,0.029326720163226128,0.0
"parallel recon, sharpness 3, noisy, direct start, one subset partitions",18,1,0.02420489676296711,0.02420489676296711,0.02420489676296711,0.0
"parallel recon, sharpness 3, noisy, direct start, one subset partitions",19,1,0.02934352494776249,0.02934352494776249,0.02934352494776249,0.0
"parallel recon, sharpness 3, noisy, direct start, one subset partitions",20,1,0.02421526238322258,0.02421526238322258,0.02421526238322258,0.0
"parallel recon, sharpness 3, noisy, direct start, one subset partitions",21,1,0.02935871295630932,0.02935871295630932,0.02935871295630932,0.0
"parallel recon, sharpness 3, noisy, direct start, one subset partitions",22,1,0.024224406108260155,0.024224406108260155,0.024224406108260155,0.0
"parallel recon, sharpness 3, noisy, direct start, one subset partitions",23,1,0.029372563585639,0.029372563585639,0.029372563585639,0.0
"parallel recon, sharpness 3, noisy, direct start, one subset partitions",24,1,0.02423253282904625,0.02423253282904625,0.02423253282904625,0.0
"parallel recon, sharpness 3, noisy, direct start, one subset partitions",25,1,0.0293852798640728,0.0293852798640728,0.0293852798640728,0.0
"parallel recon, sharpness 3, noisy, direct start, one subset partitions",26,1,0.024239780381321907,0.024239780381321907,0.024239780381321907,0.0
"parallel recon, sharpness 3, noisy, direct start, one subset partitions",27,1,0.029396995902061462,0.029396995902061462,0.029396995902061462,0.0
"parallel recon, sharpness 3, noisy, direct start, one subset partitions",28,1,0.024246269837021828,0.024246269837021828,0.024246269837021828,0.0
"parallel recon, sharpness 3, noisy, direct start, one subset partitions",29,1,0.029407890513539314,0.029407890513539314,0.029407890513539314,0.0
"parallel recon, sharpness 3, noisy, direct start, one subset partitions",30,1,0.02425210364162922,0.02425210364162922,0.02425210364162922,0.0
"parallel recon, sharpness 3, noisy, direct start, one subset partitions",31,1,0.0294180940836668,0.0294180940836668,0.0294180940836668,0.0
"parallel recon, sharpness 3, noisy, direct start, one subset partitions",32,1,0.024257346987724304,0.024257346987724304,0.024257346987724304,0.0
"parallel recon, sharpness 3, noisy, direct start, one subset partitions",33,1,0.029427705332636833,0.029427705332636833,0.029427705332636833,0.0
"parallel recon, sharpness 3, noisy, direct start, one subset partitions",34,1,0.024262098595499992,0.024262098595499992,0.024262098595499992,0.0
"parallel recon, sharpness 3, noisy, direct start, one subset partitions",35,1,0.029436787590384483,0.029436787590384483,0.029436787590384483,0.0
"parallel recon, sharpness 3, noisy, direct start, one subset partitions",36,1,0.02426641248166561,0.02426641248166561,0.02426641248166561,0.0
"parallel recon, sharpness 3, noisy, direct start, one subset partitions",37,1,0.02944539673626423,0.02944539673626423,0.02944539673626423,0.0
"parallel recon, sharpness 3, noisy, direct start, one subset partitions",38,1,0.02427034266293049,0.02427034266293049,0.02427034266293049,0.0
"parallel recon, sharpness 3, noisy, direct start, one subset partitions",39,1,0.029453592374920845,0.029453592374920845,0.029453592374920845,0.0
"parallel recon, sharpness 3, noisy, direct start, one subset partitions",40,1,0.024273918941617012,0.024273918941617012,0.024273918941617012,0.0
"cone recon, sharpness -1, noiseless, direct start, default partitions",1,4,0.7813663482666016,0.8659231662750244,0.6269994378089905,0.0
"cone recon, sharpness -1, noiseless, direct start, default partitions",2,16,1.0158720836043358,1.0369493961334229,0.958427906036377,0.0
"cone recon, sharpness -1, noiseless, direct start, default partitions",3,64,1.0329494457691908,1.0614885091781616,1.006882905960083,0.0
"cone recon, sharpness -1, noiseless, direct start, default partitions",4,128,1.0385306631214917,1.0869537591934204,0.9951435327529907,0.0
"cone recon, sharpness -1, noiseless, direct start, default partitions",5,128,1.029778543394059,1.0996848344802856,0.9840555191040039,0.0
"cone recon, sharpness -1, noiseless, direct start, default partitions",6,128,1.0289301346056163,1.0729814767837524,0.9644702076911926,0.0
"cone recon, sharpness -1, noiseless, direct start, default partitions",7,128,1.0244657713919878,1.0846002101898193,0.989835798740387,0.0
"cone recon, sharpness -1, noiseless, direct start, default partitions",8,128,1.028645338024944,1.108109474182129,0.9920269250869751,0.0
"cone recon, sharpness -1, noiseless, direct start, default partitions",9,128,1.02305574901402,1.0687049627304077,0.951431930065155,0.0
"cone recon, sharpness -1, noiseless, direct start, default partitions",10,128,1.0231152372434735,1.0740374326705933,0.9673488736152649,0.0
"cone recon, sharpness -1, noiseless, direct start, default partitions",11,128,1.0224946890957654,1.081074833869934,0.9784987568855286,0.0
"cone recon, sharpness -1, noiseless, direct start, default partitions",12,128,1.0238857865333557,1.0906932353973389,0.9824379682540894,0.0
"cone recon, sharpness -1, noiseless, direct start, default partitions",13,128,1.0215399917215109,1.077339768409729,0.9378279447555542,0.0
"cone recon, sharpness -1, noiseless, direct start, default partitions",14,128,1.0204539597034454,1.082324504852295,0.9466243982315063,0.0
"cone recon, sharpness -1, noiseless, direct start, default partitions",15,128,1.0225134631618857,1.1008198261260986,0.9759839773178101,0.0
"cone recon, sharpness -1, noiseless, direct start, default partitions",16,128,1.024489227682352,1.1161645650863647,0.9926386475563049,0.0
"cone recon, sharpness -1, noiseless, direct start, default partitions",17,128,1.021794703323394,1.0887055397033691,0.9212380051612854,0.0
"cone recon, sharpness -1, noiseless, direct start, default partitions",18,128,1.0196478683501482,1.0920917987823486,0.941407322883606,0.0
"cone recon, sharpness -1, noiseless, direct start, default partitions",19,128,1.0225768461823463,1.0944347381591797,0.9744113087654114,0.0
"cone recon, sharpness -1, noiseless, direct start, default partitions",20,128,1.0223993510007858,1.1029235124588013,0.9818962812423706,0.0
"cone recon, sharpness -1, noiseless, direct start, default partitions",21,128,1.0202112444676459,1.0935754776000977,0.9297695159912109,0.0
"cone recon, sharpness -1, noiseless, direct start, default partitions",22,128,1.018948957324028,1.1054829359054565,0.9459482431411743,0.0
"cone recon, sharpness -1, noiseless, direct start, default partitions",23,128,1.0231244317255914,1.0881601572036743,0.9734925627708435,0.0
"cone recon, sharpness -1, noiseless, direct start, default partitions",24,128,1.023131879977882,1.125050663948059,0.972909152507782,0.0
"cone recon, sharpness -1, noiseless, direct start, default partitions",25,128,1.0198289658874273,1.080377459526062,0.9736413359642029,0.0
"cone recon, sharpness -1, noiseless, direct start, default partitions",26,128,1.0188528755679727,1.101836085319519,0.9461224675178528,0.0
"cone recon, sharpness -1, noiseless, direct start, default partitions",27,128,1.0226913345977664,1.076319932937622,0.9808501601219177,0.0
"cone recon, sharpness -1, noiseless, direct start, default partitions",28,128,1.0216367966495454,1.1467068195343018,0.9720441699028015,0.0
"cone recon, sharpness -1, noiseless, direct start, default partitions",29,128,1.0198789522983134,1.0820624828338623,0.9561586380004883,0.0
"cone recon, sharpness -1, noiseless, direct start, default partitions",30,128,1.0194708188064396,1.120365858078003,0.9494348764419556,0.0
"cone recon, sharpness -1, noiseless, direct start, default partitions",31,128,1.021323227789253,1.075408935546875,0.9833759665489197,0.0
"cone recon, sharpness -1, noiseless, direct start, default partitions",32,128,1.0211125374771655,1.1349024772644043,0.9803400039672852,0.0
"cone recon, sharpness -1, noiseless, direct start, default partitions",33,128,1.0181175987236202,1.073317527770996,0.9464054107666016,0.0
"cone recon, sharpness -1, noiseless, direct start, default partitions",34,128,1.0168782132677734,1.1326324939727783,0.9501463770866394,0.0
"cone recon, sharpness -1, noiseless, direct start, default partitions",35,128,1.0196151505224407,1.077458381652832,0.9672607779502869,0.0
"cone recon, sharpness -1, noiseless, direct start, default partitions",36,128,1.020094946026802,1.1044191122055054,0.9850008487701416,0.0
"cone recon, sharpness -1, noiseless, direct start, default partitions",37,128,1.0170676987618208,1.100836992263794,0.9861303567886353,0.0
"cone recon, sharpness -1, noiseless, direct start, default partitions",38,128,1.0159668941050768,1.124340534210205,0.9572616219520569,0.0
"cone recon, sharpness -1, noiseless, direct start, default partitions",39,128,1.0180043163709342,1.0745186805725098,0.9819180965423584,0.0
"cone recon, sharpness -1, noiseless, direct start, default partitions",40,128,1.016871778294444,1.138116717338562,0.9729349613189697,0.0
"cone recon, sharpness 1, noiseless, direct start, default partitions",1,4,0.36723094061017036,0.5289831161499023,0.23831529915332794,0.0
"cone recon, sharpness 1, noiseless, direct start, default partitions",2,16,0.8897220082581043,0.976430356502533,0.5195730328559875,0.0
"cone recon, sharpness 1, noiseless, direct start, default partitions",3,64,0.9905184507369995,1.0570956468582153,0.9243987202644348,0.0
"cone recon, sharpness 1, noiseless, direct start, default partitions",4,128,1.005116576794535,1.078628420829773,0.9384541511535645,0.0
"cone recon, sharpness 1, noiseless, direct start, default partitions",5,128,0.9927493804134429,1.064002275466919,0.8686792254447937,0.0
"cone recon, sharpness 1, noiseless, direct start, default partitions",6,128,0.9984745080582798,1.080313801765442,0.8908510208129883,0.0
"cone recon, sharpness 1, noiseless, direct start, default partitions",7,128,0.997824021615088,1.0943686962127686,0.9208686947822571,0.0
"cone recon, sharpness 1, noiseless, direct start, default partitions",8,128,0.996331769041717,1.0948034524917603,0.887853741645813,0.0
"cone recon, sharpness 1, noiseless, direct start, default partitions",9,128,0.9934652508236468,1.0536524057388306,0.8895180225372314,0.0
"cone recon, sharpness 1, noiseless, direct start, default partitions",10,128,0.9953780150972307,1.0985395908355713,0.8864270448684692,0.0
"cone recon, sharpness 1, noiseless, direct start, default partitions",11,128,0.9876590804196894,1.0939627885818481,0.8782328367233276,0.0
"cone recon, sharpness 1, noiseless, direct start, default partitions",12,128,0.9954983089119196,1.135612964630127,0.9225957989692688,0.0
"cone recon, sharpness 1, noiseless, direct start, default partitions",13,128,0.9895022227428854,1.1061220169067383,0.9119405150413513,0.0
"cone recon, sharpness 1, noiseless, direct start, default partitions",14,128,0.9918135586194694,1.21803879737854,0.9270736575126648,0.0
"cone recon, sharpness 1, noiseless, direct start, default partitions",15,128,0.9903259668499231,1.1026376485824585,0.9019132256507874,0.0
"cone recon, sharpness 1, noiseless, direct start, default partitions",16,128,0.9932014001533389,1.1542729139328003,0.9076723456382751,0.0
"cone recon, sharpness 1, noiseless, direct start, default partitions",17,128,0.989924079272896,1.0781733989715576,0.902088463306427,0.0
"cone recon, sharpness 1, noiseless, direct start, default partitions",18,128,0.9926042049191892,1.1873645782470703,0.8882003426551819,0.0
"cone recon, sharpness 1, noiseless, direct start, default partitions",19,128,0.9885606979951262,1.0607142448425293,0.9084417819976807,0.0
"cone recon, sharpness 1, noiseless, direct start, default partitions",20,128,0.9983987915329635,1.0995640754699707,0.9094334244728088,0.0
"cone recon, sharpness 1, noiseless, direct start, default partitions",21,128,0.9930189261212945,1.083223819732666,0.9081897139549255,0.0
"cone recon, sharpness 1, noiseless, direct start, default partitions",22,128,0.9907533144578338,1.157094955444336,0.903857409954071,0.0
"cone recon, sharpness 1, noiseless, direct start, default partitions",23,128,0.9923635977320373,1.0782268047332764,0.8847450613975525,0.0
"cone recon, sharpness 1, noiseless, direct start, default partitions",24,128,0.998151395469904,1.138422966003418,0.9267850518226624,0.0
"cone recon, sharpness 1, noiseless, direct start, default partitions",25,128,0.9935317356139421,1.0838464498519897,0.8597154021263123,0.0
"cone recon, sharpness 1, noiseless, direct start, default partitions",26,128,0.9926873561926186,1.1594815254211426,0.8169881105422974,0.0
"cone recon, sharpness 1, noiseless, direct start, default partitions",27,128,0.997268377803266,1.0929657220840454,0.9015987515449524,0.0
"cone recon, sharpness 1, noiseless, direct start, default partitions",28,128,0.9965135166421533,1.1165534257888794,0.8915873765945435,0.0
"cone recon, sharpness 1, noiseless, direct start, default partitions",29,128,0.9952031546272337,1.0948065519332886,0.9265254139900208,0.0
"cone recon, sharpness 1, noiseless, direct start, default partitions",30,128,0.9974768268875778,1.374899983406067,0.8473717570304871,0.0
"cone recon, sharpness 1, noiseless, direct start, default partitions",31,128,0.9975129319354892,1.088098406791687,0.8962020874023438,0.0
"cone recon, sharpness 1, noiseless, direct start, default partitions",32,128,0.9978133710101247,1.1157208681106567,0.9060140252113342,0.0
"cone recon, sharpness 1, noiseless, direct start, default partitions",33,128,0.9946119617670774,1.0910248756408691,0.8721933364868164,0.0
"cone recon, sharpness 1, noiseless, direct start, default partitions",34,128,0.9994464800693095,1.3063738346099854,0.9127910733222961,0.0
"cone recon, sharpness 1, noiseless, direct start, default partitions",35,128,0.9981852700002491,1.122857928276062,0.9106040000915527,0.0
"cone recon, sharpness 1, noiseless, direct start, default partitions",36,128,1.000902404077351,1.1462024450302124,0.9193007946014404,0.0
"cone recon, sharpness 1, noiseless, direct start, default partitions",37,128,0.9989021657966077,1.266191005706787,0.8897652626037598,0.0
"cone recon, sharpness 1, noiseless, direct start, default partitions",38,128,0.9973552357405424,1.1940053701400757,0.8937773704528809,0.0
"cone recon, sharpness 1, noiseless, direct start, default partitions",39,128,1.0012835087254643,1.092240333557129,0.9110486507415771,0.0
"cone recon, sharpness 1, noiseless, direct start, default partitions",40,128,0.9998324662446976,1.0868982076644897,0.923595130443573,0.0
"cone recon, sharpness 3, noiseless, direct start, default partitions",1,4,0.23414697125554085,0.3216840624809265,0.15753471851348877,0.0
"cone recon, sharpness 3, noiseless, direct start, default partitions",2,16,0.6912536565214396,0.9397866725921631,0.41148266196250916,0.0
"cone recon, sharpness 3, noiseless, direct start, default partitions",3,64,0.9102917900308967,0.9868597388267517,0.752966582775116,0.0
"cone recon, sharpness 3, noiseless, direct start, default partitions",4,128,0.9389316975139081,1.057782769203186,0.8291609883308411,0.0
"cone recon, sharpness 3, noiseless, direct start, default partitions",5,128,0.9460042547434568,1.0327550172805786,0.8253329396247864,0.0
"cone recon, sharpness 3, noiseless, direct start, default partitions",6,128,0.9551608427427709,1.0814404487609863,0.8268911838531494,0.0
"cone recon, sharpness 3, noiseless, direct start, default partitions",7,128,0.9591920948587358,1.0963810682296753,0.8433266282081604,0.0
"cone recon, sharpness 3, noiseless, direct start, default partitions",8,128,0.9618960823863745,1.0756418704986572,0.8661579489707947,0.0
"cone recon, sharpness 3, noiseless, direct start, default partitions",9,128,0.9576324517838657,1.0331186056137085,0.8477835655212402,0.0
"cone recon, sharpness 3, noiseless, direct start, default partitions",10,128,0.9606461222283542,1.0629255771636963,0.8438672423362732,0.0
"cone recon, sharpness 3, noiseless, direct start, default partitions",11,128,0.9536753427237272,1.0424281358718872,0.8616544604301453,0.0
"cone recon, sharpness 3, noiseless, direct start, default partitions",12,128,0.9601390440948308,1.078230857849121,0.8720793128013611,0.0
"cone recon, sharpness 3, noiseless, direct start, default partitions",13,128,0.9557565413415432,1.0698879957199097,0.8478507399559021,0.0
"cone recon, sharpness 3, noiseless, direct start, default partitions",14,128,0.9539575483649969,1.0293853282928467,0.8509958386421204,0.0
"cone recon, sharpness 3, noiseless, direct start, default partitions",15,128,0.9531769049353898,1.0398097038269043,0.8292819857597351,0.0
"cone recon, sharpness 3, noiseless, direct start, default partitions",16,128,0.9554605414159596,1.0920045375823975,0.8610649108886719,0.0
"cone recon, sharpness 3, noiseless, direct start, default partitions",17,128,0.9513091924600303,1.0694239139556885,0.8526211977005005,0.0
"cone recon, sharpness 3, noiseless, direct start, default partitions",18,128,0.9565067840740085,1.032719612121582,0.8393340110778809,0.0
"cone recon, sharpness 3, noiseless, direct start, default partitions",19,128,0.9483945318497717,1.0455418825149536,0.8237196207046509,0.0
"cone recon, sharpness 3, noiseless, direct start, default partitions",20,128,0.9548735497519374,1.1017073392868042,0.8377861380577087,0.0
"cone recon, sharpness 3, noiseless, direct start, default partitions",21,128,0.9465138614177704,1.0615084171295166,0.7736520767211914,0.0
"cone recon, sharpness 3, noiseless, direct start, default partitions",22,128,0.9462898392230272,1.0517503023147583,0.8739179968833923,0.0
"cone recon, sharpness 3, noiseless, direct start, default partitions",23,128,0.9488856098614633,1.0325307846069336,0.8422349095344543,0.0
"cone recon, sharpness 3, noiseless, direct start, default partitions",24,128,0.954010734334588,1.042052149772644,0.8679555654525757,0.0
"cone recon, sharpness 3, noiseless, direct start, default partitions",25,128,0.948433949612081,1.0402517318725586,0.8413357138633728,0.0
"cone recon, sharpness 3, noiseless, direct start, default partitions",26,128,0.9492893577553332,1.0472041368484497,0.8398573994636536,0.0
"cone recon, sharpness 3, noiseless, direct start, default partitions",27,128,0.9467806797474623,1.0472127199172974,0.8635343313217163,0.0
"cone recon, sharpness 3, noiseless, direct start, default partitions",28,128,0.9482520502060652,1.0698692798614502,0.8586236834526062,0.0
"cone recon, sharpness 3, noiseless, direct start, default partitions",29,128,0.9463883694261312,1.0416712760925293,0.8456900119781494,0.0
"cone recon, sharpness 3, noiseless, direct start, default partitions",30,128,0.9511755341663957,1.0440924167633057,0.8699086308479309,0.0
"cone recon, sharpness 3, noiseless, direct start, default partitions",31,128,0.9481953047215939,1.0349894762039185,0.8592849373817444,0.0
"cone recon, sharpness 3, noiseless, direct start, default partitions",32,128,0.9509294121526182,1.0360361337661743,0.8667249083518982,0.0
"cone recon, sharpness 3, noiseless, direct start, default partitions",33,128,0.9499922059476376,1.0271151065826416,0.870485246181488,0.0
"cone recon, sharpness 3, noiseless, direct start, default partitions",34,128,0.9504193873144686,1.0511703491210938,0.8332169055938721,0.0
"cone recon, sharpness 3, noiseless, direct start, default partitions",35,128,0.9478100016713142,1.040969729423523,0.8101458549499512,0.0
"cone recon, sharpness 3, noiseless, direct start, default partitions",36,128,0.9495579791255295,1.0609092712402344,0.861688494682312,0.0
"cone recon, sharpness 3, noiseless, direct start, default partitions",37,128,0.952324481215328,1.0671682357788086,0.8652746081352234,0.0
"cone recon, sharpness 3, noiseless, direct start, default partitions",38,128,0.9505468709394336,1.0898553133010864,0.8437244892120361,0.0
"cone recon, sharpness 3, noiseless, direct start, default partitions",39,128,0.9461749577894807,1.0647090673446655,0.8300254940986633,0.0
"cone recon, sharpness 3, noiseless, direct start, default partitions",40,128,0.9531576144509017,1.0788878202438354,0.8719805479049683,0.0
"cone prox, sharpness -1, noiseless, direct start, default partitions",1,4,0.9974686354398727,1.002440094947815,0.9868051409721375,0.0
"cone prox, sharpness -1, noiseless, direct start, default partitions",2,16,0.997544027864933,1.0259987115859985,0.9579468369483948,0.0
"cone prox, sharpness -1, noiseless, direct start, default partitions",3,64,1.0541427545249462,1.0964299440383911,1.0152559280395508,0.0
"cone prox, sharpness -1, noiseless, direct start, default partitions",4,128,1.1393305789679289,1.3929041624069214,1.0160216093063354,0.0
"cone prox, sharpness -1, noiseless, direct start, default partitions",5,128,1.249903122894466,1.6072430610656738,1.1312721967697144,0.015625
"cone prox, sharpness -1, noiseless, direct start, default partitions",6,128,1.3000636547803879,1.5931288003921509,1.060792326927185,0.0546875
"cone prox, sharpness -1, noiseless, direct start, default partitions",7,128,1.3220349736511707,1.6286342144012451,1.157175898551941,0.0390625
"cone prox, sharpness -1, noiseless, direct start, default partitions",8,128,1.3376874793320894,1.660386085510254,1.0863326787948608,0.1171875
"cone prox, sharpness -1, noiseless, direct start, default partitions",9,128,1.3380131283774972,1.650563359260559,1.1375584602355957,0.0703125
"cone prox, sharpness -1, noiseless, direct start, default partitions",10,128,1.3244601096957922,1.662493109703064,1.1323307752609253,0.078125
"cone prox, sharpness -1, noiseless, direct start, default partitions",11,128,1.288828071206808,1.5226413011550903,1.1326254606246948,0.03125
"cone prox, sharpness -1, noiseless, direct start, default partitions",12,128,1.062088804319501,1.2226084470748901,0.859246551990509,0.0
"cone prox, sharpness -1, noiseless, direct start, default partitions",13,128,0.5290876906365156,0.6357781291007996,0.42753759026527405,0.0
"cone prox, sharpness -1, noiseless, direct start, default partitions",14,128,0.30522133922204375,0.3511281907558441,0.2485792338848114,0.0
"cone prox, sharpness -1, noiseless, direct start, default partitions",15,128,0.22467660321854055,0.2467905431985855,0.19167770445346832,0.0
"cone prox, sharpness -1, noiseless, direct start, default partitions",16,128,0.1777063354384154,0.21197789907455444,0.13317671418190002,0.0
"cone prox, sharpness -1, noiseless, direct start, default partitions",17,128,0.15097870060708374,0.17571724951267242,0.12463605403900146,0.0
"cone prox, sharpness -1, noiseless, direct start, default partitions",18,128,0.13091756554786116,0.1441504806280136,0.11109928041696548,0.0
"cone prox, sharpness -1, noiseless, direct start, default partitions",19,128,0.1153482084046118,0.12677016854286194,0.0984867513179779,0.0
"cone prox, sharpness -1, noiseless, direct start, default partitions",20,128,0.1020835701492615,0.11957713216543198,0.07947686314582825,0.0
"cone prox, sharpness -1, noiseless, direct start, default partitions",21,128,0.09348517045145854,0.10840573906898499,0.07960732281208038,0.0
"cone prox, sharpness -1, noiseless, direct start, default partitions",22,128,0.0858774347580038,0.09497997909784317,0.07409112900495529,0.0
"cone prox, sharpness -1, noiseless, direct start, default partitions",23,128,0.07917371176881716,0.0869777649641037,0.06740732491016388,0.0
"cone prox, sharpness -1, noiseless, direct start, default partitions",24,128,0.0726250069856178,0.08382951468229294,0.059484660625457764,0.0
"cone prox, sharpness -1, noiseless, direct start, default partitions",25,128,0.06848120686481707,0.08010423183441162,0.05560718849301338,0.0
"cone prox, sharpness -1, noiseless, direct start, default partitions",26,128,0.06451082933926955,0.0709313228726387,0.05434388294816017,0.0
"cone prox, sharpness -1, noiseless, direct start, default partitions",27,128,0.060777083825087175,0.06590521335601807,0.049730122089385986,0.0
"cone prox, sharpness -1, noiseless, direct start, default partitions",28,128,0.056743560708127916,0.06474514305591583,0.04707193374633789,0.0
"cone prox, sharpness -1, noiseless, direct start, default partitions",29,128,0.05440401294617914,0.06249454617500305,0.04436343535780907,0.0
"cone prox, sharpness -1, noiseless, direct start, default partitions",30,128,0.051979764975840226,0.05696847289800644,0.04272840917110443,0.0
"cone prox, sharpness -1, noiseless, direct start, default partitions",31,128,0.04960121720796451,0.05424040928483009,0.039910078048706055,0.0
"cone prox, sharpness -1, noiseless, direct start, default partitions",32,128,0.04679939293419011,0.05316398665308952,0.03867340087890625,0.0
"cone prox, sharpness -1, noiseless, direct start, default partitions",33,128,0.04534881608560681,0.05211137607693672,0.036947887390851974,0.0
"cone prox, sharpness -1, noiseless, direct start, default partitions",34,128,0.043733567697927356,0.047829922288656235,0.0362924225628376,0.0
"cone prox, sharpness -1, noiseless, direct start, default partitions",35,128,0.04208767123054713,0.04681556671857834,0.03383640572428703,0.0
"cone prox, sharpness -1, noiseless, direct start, default partitions",36,128,0.039977656881092116,0.04500897601246834,0.0331515297293663,0.0
"cone prox, sharpness -1, noiseless, direct start, default partitions",37,128,0.03904063504887745,0.04531297832727432,0.03129110485315323,0.0
"cone prox, sharpness -1, noiseless, direct start, default partitions",38,128,0.03789907321333885,0.04156186804175377,0.03154853358864784,0.0
"cone prox, sharpness -1, noiseless, direct start, default partitions",39,128,0.03669522562995553,0.0408511646091938,0.029662268236279488,0.0
"cone prox, sharpness -1, noiseless, direct start, default partitions",40,128,0.03501203410269227,0.03932827711105347,0.02913840487599373,0.0
"cone prox, sharpness 1, noiseless, direct start, default partitions",1,4,0.448533371090889,0.6156888604164124,0.2898945212364197,0.0
"cone prox, sharpness 1, noiseless, direct start, default partitions",2,16,0.9372763410210609,0.9934840202331543,0.6061482429504395,0.0
"cone prox, sharpness 1, noiseless, direct start, default partitions",3,64,0.9765684809535742,1.0200780630111694,0.9394651651382446,0.0
"cone prox, sharpness 1, noiseless, direct start, default partitions",4,128,0.9820030988194048,1.0356621742248535,0.9343680143356323,0.0
"cone prox, sharpness 1, noiseless, direct start, default partitions",5,128,0.9724679128266871,1.0272642374038696,0.8949867486953735,0.0
"cone prox, sharpness 1, noiseless, direct start, default partitions",6,128,0.9816949903033674,1.0375276803970337,0.9237838387489319,0.0
"cone prox, sharpness 1, noiseless, direct start, default partitions",7,128,0.9838135479949415,1.0449583530426025,0.9140549898147583,0.0
"cone prox, sharpness 1, noiseless, direct start, default partitions",8,128,0.9849627139046788,1.0429269075393677,0.9218262434005737,0.0
"cone prox, sharpness 1, noiseless, direct start, default partitions",9,128,0.9872439070604742,1.0275851488113403,0.9295457601547241,0.0
"cone prox, sharpness 1, noiseless, direct start, default partitions",10,128,0.9917195308953524,1.050934076309204,0.9364317655563354,0.0
"cone prox, sharpness 1, noiseless, direct start, default partitions",11,128,0.9963260293006897,1.0722230672836304,0.9480857253074646,0.0
"cone prox, sharpness 1, noiseless, direct start, default partitions",12,128,1.0000675171613693,1.0586801767349243,0.9614331722259521,0.0
"cone prox, sharpness 1, noiseless, direct start, default partitions",13,128,1.0017516459338367,1.0695745944976807,0.9137262105941772,0.0
"cone prox, sharpness 1, noiseless, direct start, default partitions",14,128,1.0049659912474453,1.1213972568511963,0.9363839030265808,0.0
"cone prox, sharpness 1, noiseless, direct start, default partitions",15,128,1.0003056516870856,1.0717345476150513,0.9277698397636414,0.0
"cone prox, sharpness 1, noiseless, direct start, default partitions",16,128,0.9776077521964908,1.0453742742538452,0.8612205982208252,0.0
"cone prox, sharpness 1, noiseless, direct start, default partitions",17,128,0.9097642945125699,0.9867010116577148,0.7721068859100342,0.0
"cone prox, sharpness 1, noiseless, direct start, default partitions",18,128,0.7388228110503405,0.8680170774459839,0.4569328725337982,0.0
"cone prox, sharpness 1, noiseless, direct start, default partitions",19,128,0.520491766743362,0.6514245867729187,0.27719154953956604,0.0
"cone prox, sharpness 1, noiseless, direct start, default partitions",20,128,0.346566473483108,0.49507954716682434,0.14643453061580658,0.0
"cone prox, sharpness 1, noiseless, direct start, default partitions",21,128,0.2641793292714283,0.40270817279815674,0.1672496795654297,0.0
"cone prox, sharpness 1, noiseless, direct start, default partitions",22,128,0.21136045485036448,0.32092738151550293,0.10378826409578323,0.0
"cone prox, sharpness 1, noiseless, direct start, default partitions",23,128,0.1873300612787716,0.26279422640800476,0.08226749300956726,0.0
"cone prox, sharpness 1, noiseless, direct start, default partitions",24,128,0.15731014061020687,0.20851747691631317,0.07190612703561783,0.0
"cone prox, sharpness 1, noiseless, direct start, default partitions",25,128,0.1404588082805276,0.19041170179843903,0.07015592604875565,0.0
"cone prox, sharpness 1, noiseless, direct start, default partitions",26,128,0.12373330901027657,0.17013224959373474,0.05554906651377678,0.0
"cone prox, sharpness 1, noiseless, direct start, default partitions",27,128,0.1179474773525726,0.1526126265525818,0.04668945074081421,0.0
"cone prox, sharpness 1, noiseless, direct start, default partitions",28,128,0.10436539282090962,0.1451345831155777,0.046905722469091415,0.0
"cone prox, sharpness 1, noiseless, direct start, default partitions",29,128,0.09713083278620616,0.1312273144721985,0.049309853464365005,0.0
"cone prox, sharpness 1, noiseless, direct start, default partitions",30,128,0.08866893235244788,0.1177140548825264,0.04125425964593887,0.0
"cone prox, sharpness 1, noiseless, direct start, default partitions",31,128,0.08687551971524954,0.11358319967985153,0.03351873531937599,0.0
"cone prox, sharpness 1, noiseless, direct start, default partitions",32,128,0.0787924658798147,0.10435130447149277,0.03537333756685257,0.0
"cone prox, sharpness 1, noiseless, direct start, default partitions",33,128,0.07489696028642356,0.10088509321212769,0.03808412328362465,0.0
"cone prox, sharpness 1, noiseless, direct start, default partitions",34,128,0.06962029219721444,0.09455570578575134,0.032781004905700684,0.0
"cone prox, sharpness 1, noiseless, direct start, default partitions",35,128,0.06926005436980631,0.09158091247081757,0.02772464044392109,0.0
"cone prox, sharpness 1, noiseless, direct start, default partitions",36,128,0.06371675210539252,0.08256097882986069,0.02830585278570652,0.0
"cone prox, sharpness 1, noiseless, direct start, default partitions",37,128,0.061332552606472746,0.08378539979457855,0.03099483996629715,0.0
"cone prox, sharpness 1, noiseless, direct start, default partitions",38,128,0.057678972894791514,0.07740356773138046,0.02764412946999073,0.0
"cone prox, sharpness 1, noiseless, direct start, default partitions",39,128,0.05798804726509843,0.07504468411207199,0.02418426238000393,0.0
"cone prox, sharpness 1, noiseless, direct start, default partitions",40,128,0.053840292428503744,0.0694245845079422,0.024044586345553398,0.0
"cone prox, sharpness 3, noiseless, direct start, default partitions",1,4,0.23696323111653328,0.3248997628688812,0.15926110744476318,0.0
"cone prox, sharpness 3, noiseless, direct start, default partitions",2,16,0.6985622029751539,0.9406723976135254,0.4152151048183441,0.0
"cone prox, sharpness 3, noiseless, direct start, default partitions",3,64,0.9096595700830221,0.9837518930435181,0.7486423254013062,0.0
"cone prox, sharpness 3, noiseless, direct start, default partitions",4,128,0.9363912772387266,1.0602166652679443,0.8236792683601379,0.0
"cone prox, sharpness 3, noiseless, direct start, default partitions",5,128,0.9376304978504777,1.0327603816986084,0.8030319213867188,0.0
"cone prox, sharpness 3, noiseless, direct start, default partitions",6,128,0.9467390547506511,1.0718766450881958,0.8405721187591553,0.0
"cone prox, sharpness 3, noiseless, direct start, default partitions",7,128,0.9494478069245815,1.0925354957580566,0.859897792339325,0.0
"cone prox, sharpness 3, noiseless, direct start, default partitions",8,128,0.9499001195654273,1.047762155532837,0.8494169116020203,0.0
"cone prox, sharpness 3, noiseless, direct start, default partitions",9,128,0.9469089512713253,1.025551199913025,0.8563252687454224,0.0
"cone prox, sharpness 3, noiseless, direct start, default partitions",10,128,0.9506109543144703,1.0321701765060425,0.7943336367607117,0.0
"cone prox, sharpness 3, noiseless, direct start, default partitions",11,128,0.9425102761015296,1.0372034311294556,0.8582656383514404,0.0
"cone prox, sharpness 3, noiseless, direct start, default partitions",12,128,0.9508551000617445,1.066377878189087,0.8732103705406189,0.0
"cone prox, sharpness 3, noiseless, direct start, default partitions",13,128,0.9479464120231569,1.0746476650238037,0.8578228950500488,0.0
"cone prox, sharpness 3, noiseless, direct start, default partitions",14,128,0.9483218980021775,1.0300008058547974,0.8506478667259216,0.0
"cone prox, sharpness 3, noiseless, direct start, default partitions",15,128,0.9486491163261235,1.0393192768096924,0.8328148126602173,0.0
"cone prox, sharpness 3, noiseless, direct start, default partitions",16,128,0.9513687621802092,1.0963207483291626,0.8538519740104675,0.0
"cone prox, sharpness 3, noiseless, direct start, default partitions",17,128,0.9521071333438158,1.0439085960388184,0.8465011119842529,0.0
"cone prox, sharpness 3, noiseless, direct start, default partitions",18,128,0.9561924329027534,1.0278820991516113,0.8590900301933289,0.0
"cone prox, sharpness 3, noiseless, direct start, default partitions",19,128,0.9513546014204621,1.035735845565796,0.8485211730003357,0.0
"cone prox, sharpness 3, noiseless, direct start, default partitions",20,128,0.9590762932784855,1.1088017225265503,0.8483718037605286,0.0
"cone prox, sharpness 3, noiseless, direct start, default partitions",21,128,0.9539600531570613,1.0600634813308716,0.793338418006897,0.0
"cone prox, sharpness 3, noiseless, direct start, default partitions",22,128,0.9545216453261673,1.0524777173995972,0.86809241771698,0.0
"cone prox, sharpness 3, noiseless, direct start, default partitions",23,128,0.9586356962099671,1.042622447013855,0.8424097299575806,0.0
"cone prox, sharpness 3, noiseless, direct start, default partitions",24,128,0.965021398384124,1.039506196975708,0.8927028179168701,0.0
"cone prox, sharpness 3, noiseless, direct start, default partitions",25,128,0.9635665793903172,1.0462793111801147,0.8862189054489136,0.0
"cone prox, sharpness 3, noiseless, direct start, default partitions",26,128,0.9649888258427382,1.0653709173202515,0.8528042435646057,0.0
"cone prox, sharpness 3, noiseless, direct start, default partitions",27,128,0.9638565243221819,1.0778964757919312,0.884228527545929,0.0
"cone prox, sharpness 3, noiseless, direct start, default partitions",28,128,0.968212594743818,1.088034987449646,0.8897261619567871,0.0
"cone prox, sharpness 3, noiseless, direct start, default partitions",29,128,0.9689631219953299,1.0696747303009033,0.8903425931930542,0.0
"cone prox, sharpness 3, noiseless, direct start, default partitions",30,128,0.9742667279206216,1.0631585121154785,0.8727553486824036,0.0
"cone prox, sharpness 3, noiseless, direct start, default partitions",31,128,0.9726565927267075,1.0376038551330566,0.8651551008224487,0.0
"cone prox, sharpness 3, noiseless, direct start, default partitions",32,128,0.9773726472631097,1.054733157157898,0.881233274936676,0.0
"cone prox, sharpness 3, noiseless, direct start, default partitions",33,128,0.9776516649872065,1.0745402574539185,0.9153472185134888,0.0
"cone prox, sharpness 3, noiseless, direct start, default partitions",34,128,0.979430468287319,1.0654358863830566,0.8670312762260437,0.0
"cone prox, sharpness 3, noiseless, direct start, default partitions",35,128,0.980536918155849,1.0781563520431519,0.8273287415504456,0.0
"cone prox, sharpness 3, noiseless, direct start, default partitions",36,128,0.982341633643955,1.067804217338562,0.8985363245010376,0.0
"cone prox, sharpness 3, noiseless, direct start, default partitions",37,128,0.9879262400791049,1.0807181596755981,0.8642014265060425,0.0
"cone prox, sharpness 3, noiseless, direct start, default partitions",38,128,0.9882108359597623,1.1089388132095337,0.897630512714386,0.0
"cone prox, sharpness 3, noiseless, direct start, default partitions",39,128,0.9845666717737913,1.073123574256897,0.864814817905426,0.0
"cone prox, sharpness 3, noiseless, direct start, default partitions",40,128,0.9943123790435493,1.1153291463851929,0.9176820516586304,0.0
"cone recon, sharpness -1, noisy, direct start, default partitions",1,4,0.7639486938714981,0.8488056659698486,0.5888664722442627,0.0
"cone recon, sharpness -1, noisy, direct start, default partitions",2,16,1.0104457400739193,1.0297199487686157,0.9486594200134277,0.0
"cone recon, sharpness -1, noisy, direct start, default partitions",3,64,1.027717181481421,1.0534799098968506,0.9955576062202454,0.0
"cone recon, sharpness -1, noisy, direct start, default partitions",4,128,1.03293979447335,1.0796656608581543,0.9874371886253357,0.0
"cone recon, sharpness -1, noisy, direct start, default partitions",5,128,1.0244750287383795,1.0925710201263428,0.9649301171302795,0.0
"cone recon, sharpness -1, noisy, direct start, default partitions",6,128,1.0244008814916015,1.0714751482009888,0.9645590782165527,0.0
"cone recon, sharpness -1, noisy, direct start, default partitions",7,128,1.0216636317782104,1.0690627098083496,0.988161563873291,0.0
"cone recon, sharpness -1, noisy, direct start, default partitions",8,128,1.02658817358315,1.1050783395767212,0.9860516786575317,0.0
"cone recon, sharpness -1, noisy, direct start, default partitions",9,128,1.021196321118623,1.074521541595459,0.948212742805481,0.0
"cone recon, sharpness -1, noisy, direct start, default partitions",10,128,1.0222368412651122,1.0884182453155518,0.9759159684181213,0.0
"cone recon, sharpness -1, noisy, direct start, default partitions",11,128,1.0206404947675765,1.0814156532287598,0.9790319800376892,0.0
"cone recon, sharpness -1, noisy, direct start, default partitions",12,128,1.0234934287145734,1.0870084762573242,0.9804680347442627,0.0
"cone recon, sharpness -1, noisy, direct start, default partitions",13,128,1.0204490069299936,1.0597844123840332,0.9433117508888245,0.0
"cone recon, sharpness -1, noisy, direct start, default partitions",14,128,1.020699383225292,1.102107286453247,0.9678245782852173,0.0
"cone recon, sharpness -1, noisy, direct start, default partitions",15,128,1.019701058510691,1.0924086570739746,0.9753220677375793,0.0
"cone recon, sharpness -1, noisy, direct start, default partitions",16,128,1.023829041980207,1.1272705793380737,0.9821281433105469,0.0
"cone recon, sharpness -1, noisy, direct start, default partitions",17,128,1.020694381557405,1.0882036685943604,0.9146363735198975,0.0
"cone recon, sharpness -1, noisy, direct start, default partitions",18,128,1.0212619355879724,1.1298861503601074,0.9563283920288086,0.0
"cone recon, sharpness -1, noisy, direct start, default partitions",19,128,1.0199344111606479,1.0918281078338623,0.9654854536056519,0.0
"cone recon, sharpness -1, noisy, direct start, default partitions",20,128,1.0220011943019927,1.120822548866272,0.9819439649581909,0.0
"cone recon, sharpness -1, noisy, direct start, default partitions",21,128,1.0201912466436625,1.0961616039276123,0.9406478404998779,0.0
"cone recon, sharpness -1, noisy, direct start, default partitions",22,128,1.0201674718409777,1.144652247428894,0.9599021077156067,0.0
"cone recon, sharpness -1, noisy, direct start, default partitions",23,128,1.019200243987143,1.0747206211090088,0.960396945476532,0.0
"cone recon, sharpness -1, noisy, direct start, default partitions",24,128,1.0232616127468646,1.1562893390655518,0.9800658822059631,0.0
"cone recon, sharpness -1, noisy, direct start, default partitions",25,128,1.018991217482835,1.0995653867721558,0.9830383658409119,0.0
"cone recon, sharpness -1, noisy, direct start, default partitions",26,128,1.019274378195405,1.1597119569778442,0.9608075618743896,0.0
"cone recon, sharpness -1, noisy, direct start, default partitions",27,128,1.0192226846702397,1.0646981000900269,0.9726496934890747,0.0
"cone recon, sharpness -1, noisy, direct start, default partitions",28,128,1.021213311702013,1.1687391996383667,0.9638033509254456,0.0
"cone recon, sharpness -1, noisy, direct start, default partitions",29,128,1.0184218073263764,1.0764018297195435,0.9795361161231995,0.0
"cone recon, sharpness -1, noisy, direct start, default partitions",30,128,1.018402738031,1.1515878438949585,0.9559951424598694,0.0
"cone recon, sharpness -1, noisy, direct start, default partitions",31,128,1.01674516312778,1.0815374851226807,0.970768392086029,0.0
"cone recon, sharpness -1, noisy, direct start, default partitions",32,128,1.0193980908952653,1.1683794260025024,0.9732818007469177,0.0
"cone recon, sharpness -1, noisy, direct start, default partitions",33,128,1.0155648542568088,1.125396728515625,0.9758643507957458,0.0
"cone recon, sharpness -1, noisy, direct start, default partitions",34,128,1.0130725800991058,1.1562223434448242,0.9489490985870361,0.0
"cone recon, sharpness -1, noisy, direct start, default partitions",35,128,1.01122363563627,1.074846863746643,0.9556547999382019,0.0
"cone recon, sharpness -1, noisy, direct start, default partitions",36,128,1.0127006145194173,1.13003671169281,0.9670839905738831,0.0
"cone recon, sharpness -1, noisy, direct start, default partitions",37,128,1.0065647042356431,1.1029508113861084,0.9544199109077454,0.0
"cone recon, sharpness -1, noisy, direct start, default partitions",38,128,1.0037118634209037,1.166021704673767,0.9349688291549683,0.0
"cone recon, sharpness -1, noisy, direct start, default partitions",39,128,0.9981260164640844,1.0699121952056885,0.9120950102806091,0.0
"cone recon, sharpness -1, noisy, direct start, default partitions",40,128,0.9938279194757342,1.1670609712600708,0.8956451416015625,0.0
"cone recon, sharpness 1, noisy, direct start, default partitions",1,4,0.3553669974207878,0.5146716237068176,0.23008829355239868,0.0
"cone recon, sharpness 1, noisy, direct start, default partitions",2,16,0.8827407248318195,0.9659907221794128,0.5081542730331421,0.0
"cone recon, sharpness 1, noisy, direct start, default partitions",3,64,0.9858108069747686,1.0521866083145142,0.9248210191726685,0.0
"cone recon, sharpness 1, noisy, direct start, default partitions",4,128,1.0016662571579218,1.0785120725631714,0.9268264174461365,0.0
"cone recon, sharpness 1, noisy, direct start, default partitions",5,128,0.9906795932911336,1.0599370002746582,0.8565549254417419,0.0
"cone recon, sharpness 1, noisy, direct start, default partitions",6,128,0.9974951720796525,1.0758377313613892,0.9114457368850708,0.0
"cone recon, sharpness 1, noisy, direct start, default partitions",7,128,0.9958399357274175,1.0856209993362427,0.9188112020492554,0.0
"cone recon, sharpness 1, noisy, direct start, default partitions",8,128,0.9939205544069409,1.0904407501220703,0.8955366015434265,0.0
"cone recon, sharpness 1, noisy, direct start, default partitions",9,128,0.9900507847778499,1.0574679374694824,0.8954998254776001,0.0
"cone recon, sharpness 1, noisy, direct start, default partitions",10,128,0.9922713642008603,1.0870006084442139,0.89482182264328,0.0
"cone recon, sharpness 1, noisy, direct start, default partitions",11,128,0.9831825466826558,1.074254035949707,0.8911206126213074,0.0
"cone recon, sharpness 1, noisy, direct start, default partitions",12,128,0.9910751297138631,1.1267602443695068,0.9181157946586609,0.0
"cone recon, sharpness 1, noisy, direct start, default partitions",13,128,0.9836635761894286,1.1052756309509277,0.9099299311637878,0.0
"cone recon, sharpness 1, noisy, direct start, default partitions",14,128,0.9860092937014997,1.1979533433914185,0.9282916784286499,0.0
"cone recon, sharpness 1, noisy, direct start, default partitions",15,128,0.982762813102454,1.0966070890426636,0.8968619704246521,0.0
"cone recon, sharpness 1, noisy, direct start, default partitions",16,128,0.9854820407927036,1.1299830675125122,0.903810441493988,0.0
"cone recon, sharpness 1, noisy, direct start, default partitions",17,128,0.9825889053754508,1.0625698566436768,0.8971198797225952,0.0
"cone recon, sharpness 1, noisy, direct start, default partitions",18,128,0.9843156882561743,1.1797553300857544,0.875244140625,0.0
"cone recon, sharpness 1, noisy, direct start, default partitions",19,128,0.9786961749196053,1.039006233215332,0.8933375477790833,0.0
"cone recon, sharpness 1, noisy, direct start, default partitions",20,128,0.9875297816470265,1.0714657306671143,0.9056212306022644,0.0
"cone recon, sharpness 1, noisy, direct start, default partitions",21,128,0.9826279957778752,1.1097915172576904,0.8879190683364868,0.0
"cone recon, sharpness 1, noisy, direct start, default partitions",22,128,0.9807243095710874,1.1311672925949097,0.88897705078125,0.0
"cone recon, sharpness 1, noisy, direct start, default partitions",23,128,0.9796602739952505,1.054677128791809,0.8625296354293823,0.0
"cone recon, sharpness 1, noisy, direct start, default partitions",24,128,0.9864785838872194,1.1047043800354004,0.9053738713264465,0.0
"cone recon, sharpness 1, noisy, direct start, default partitions",25,128,0.9832006762735546,1.0801228284835815,0.8508853316307068,0.0
"cone recon, sharpness 1, noisy, direct start, default partitions",26,128,0.9803965729661286,1.147578239440918,0.8238366842269897,0.0
"cone recon, sharpness 1, noisy, direct start, default partitions",27,128,0.9834842891432345,1.0618624687194824,0.8919283151626587,0.0
"cone recon, sharpness 1, noisy, direct start, default partitions",28,128,0.9840389401651919,1.07425057888031,0.8804055452346802,0.0
"cone recon, sharpness 1, noisy, direct start, default partitions",29,128,0.9842629097402096,1.0706993341445923,0.9204646944999695,0.0
"cone recon, sharpness 1, noisy, direct start, default partitions",30,128,0.984952590893954,1.3178647756576538,0.8334795236587524,0.0
"cone recon, sharpness 1, noisy, direct start, default partitions",31,128,0.9835960227064788,1.064874529838562,0.8779116868972778,0.0
"cone recon, sharpness 1, noisy, direct start, default partitions",32,128,0.985756968613714,1.0640548467636108,0.8852918148040771,0.0
"cone recon, sharpness 1, noisy, direct start, default partitions",33,128,0.984214844647795,1.1497308015823364,0.8676204681396484,0.0
"cone recon, sharpness 1, noisy, direct start, default partitions",34,128,0.9872714513912797,1.3117125034332275,0.8951191902160645,0.0
"cone recon, sharpness 1, noisy, direct start, default partitions",35,128,0.9829182387329638,1.0760462284088135,0.8628748655319214,0.0
"cone recon, sharpness 1, noisy, direct start, default partitions",36,128,0.9882927085272968,1.0981734991073608,0.9099599123001099,0.0
"cone recon, sharpness 1, noisy, direct start, default partitions",37,128,0.9875521645881236,1.1578887701034546,0.875205934047699,0.0
"cone recon, sharpness 1, noisy, direct start, default partitions",38,128,0.9842750276438892,1.2095582485198975,0.8719437718391418,0.0
"cone recon, sharpness 1, noisy, direct start, default partitions",39,128,0.9861743957735598,1.0566781759262085,0.9022035002708435,0.0
"cone recon, sharpness 1, noisy, direct start, default partitions",40,128,0.987457106821239,1.0737510919570923,0.9113980531692505,0.0
"cone recon, sharpness 3, noisy, direct start, default partitions",1,4,0.2349417731165886,0.3216303288936615,0.15759217739105225,0.0
"cone recon, sharpness 3, noisy, direct start, default partitions",2,16,0.6924237906932831,0.9499490857124329,0.41463953256607056,0.0
"cone recon, sharpness 3, noisy, direct start, default partitions",3,64,0.9117073332890868,0.9761536121368408,0.7669374346733093,0.0
"cone recon, sharpness 3, noisy, direct start, default partitions",4,128,0.9424659037031233,1.0340838432312012,0.8534405827522278,0.0
"cone recon, sharpness 3, noisy, direct start, default partitions",5,128,0.9534496436826885,1.0234311819076538,0.8577685356140137,0.0
"cone recon, sharpness 3, noisy, direct start, default partitions",6,128,0.9608577499166131,1.0571082830429077,0.8675858974456787,0.0
"cone recon, sharpness 3, noisy, direct start, default partitions",7,128,0.9644523556344211,1.0456533432006836,0.8913308382034302,0.0
"cone recon, sharpness 3, noisy, direct start, default partitions",8,128,0.9650250165723264,1.0772804021835327,0.8635362386703491,0.0
"cone recon, sharpness 3, noisy, direct start, default partitions",9,128,0.9666964090429246,1.0347806215286255,0.8783590197563171,0.0
"cone recon, sharpness 3, noisy, direct start, default partitions",10,128,0.9679521219804883,1.0262556076049805,0.8931474685668945,0.0
"cone recon, sharpness 3, noisy, direct start, default partitions",11,128,0.9654124355874956,1.0566110610961914,0.8738571405410767,0.0
"cone recon, sharpness 3, noisy, direct start, default partitions",12,128,0.9644479583948851,1.0627946853637695,0.8632516264915466,0.0
"cone recon, sharpness 3, noisy, direct start, default partitions",13,128,0.9625851563178003,1.036448359489441,0.8764099478721619,0.0
"cone recon, sharpness 3, noisy, direct start, default partitions",14,128,0.9627551431767642,1.034233570098877,0.8752812743186951,0.0
"cone recon, sharpness 3, noisy, direct start, default partitions",15,128,0.9612182821147144,1.028902530670166,0.8752837777137756,0.0
"cone recon, sharpness 3, noisy, direct start, default partitions",16,128,0.9579150681383908,1.023056149482727,0.8856624960899353,0.0
"cone recon, sharpness 3, noisy, direct start, default partitions",17,128,0.959383093751967,1.0284197330474854,0.8838971257209778,0.0
"cone recon, sharpness 3, noisy, direct start, default partitions",18,128,0.9593290290795267,1.0466758012771606,0.8909761905670166,0.0
"cone recon, sharpness 3, noisy, direct start, default partitions",19,128,0.9554789159446955,1.046500563621521,0.8711392283439636,0.0
"cone recon, sharpness 3, noisy, direct start, default partitions",20,128,0.954182097222656,1.0295485258102417,0.8515598773956299,0.0
"cone recon, sharpness 3, noisy, direct start, default partitions",21,128,0.9530611643567681,1.024133563041687,0.8398715853691101,0.0
"cone recon, sharpness 3, noisy, direct start, default partitions",22,128,0.9514218275435269,1.0134797096252441,0.8722419738769531,0.0
"cone recon, sharpness 3, noisy, direct start, default partitions",23,128,0.9503266084939241,1.0156676769256592,0.8514154553413391,0.0
"cone recon, sharpness 3, noisy, direct start, default partitions",24,128,0.951535705011338,1.0360842943191528,0.8848600387573242,0.0
"cone recon, sharpness 3, noisy, direct start, default partitions",25,128,0.9481457797810435,1.0107998847961426,0.8570943474769592,0.0
"cone recon, sharpness 3, noisy, direct start, default partitions",26,128,0.9497193237766623,1.0220211744308472,0.8815284371376038,0.0
"cone recon, sharpness 3, noisy, direct start, default partitions",27,128,0.947790231090039,1.0061347484588623,0.8691027164459229,0.0
"cone recon, sharpness 3, noisy, direct start, default partitions",28,128,0.9498392608948052,1.0172539949417114,0.8803861737251282,0.0
"cone recon, sharpness 3, noisy, direct start, default partitions",29,128,0.9467200441285968,1.0202243328094482,0.879223108291626,0.0
"cone recon, sharpness 3, noisy, direct start, default partitions",30,128,0.9494273313321173,1.0035357475280762,0.8817893862724304,0.0
"cone recon, sharpness 3, noisy, direct start, default partitions",31,128,0.9457711456343532,1.0098891258239746,0.8615998029708862,0.0
"cone recon, sharpness 3, noisy, direct start, default partitions",32,128,0.9440993661992252,1.0301928520202637,0.8686498999595642,0.0
"cone recon, sharpness 3, noisy, direct start, default partitions",33,128,0.946920691523701,1.0108106136322021,0.8780362010002136,0.0
"cone recon, sharpness 3, noisy, direct start, default partitions",34,128,0.9468369456008077,1.0077365636825562,0.829352617263794,0.0
"cone recon, sharpness 3, noisy, direct start, default partitions",35,128,0.9441027333959937,1.0285435914993286,0.8274502754211426,0.0
"cone recon, sharpness 3, noisy, direct start, default partitions",36,128,0.9468945506960154,1.008270025253296,0.8657678961753845,0.0
"cone recon, sharpness 3, noisy, direct start, default partitions",37,128,0.9456203575246036,1.0082910060882568,0.8716137409210205,0.0
"cone recon, sharpness 3, noisy, direct start, default partitions",38,128,0.9445298151113093,1.0180351734161377,0.8663093447685242,0.0
"cone recon, sharpness 3, noisy, direct start, default partitions",39,128,0.9413647274486721,1.04175865650177,0.8441151976585388,0.0
"cone recon, sharpness 3, noisy, direct start, default partitions",40,128,0.9411675869487226,1.012449026107788,0.8606026768684387,0.0
"cone prox, sharpness -1, noisy, direct start, default partitions",1,4,0.9965873658657074,1.001318335533142,0.9868259429931641,0.0
"cone prox, sharpness -1, noisy, direct start, default partitions",2,16,0.997549757361412,1.026084542274475,0.9570136666297913,0.0
"cone prox, sharpness -1, noisy, direct start, default partitions",3,64,1.0537570137530565,1.0932178497314453,1.0157541036605835,0.0
"cone prox, sharpness -1, noisy, direct start, default partitions",4,128,1.1374713946133852,1.3780936002731323,1.0170499086380005,0.0
"cone prox, sharpness -1, noisy, direct start, default partitions",5,128,1.2484129332005978,1.6118547916412354,1.1321662664413452,0.015625
"cone prox, sharpness -1, noisy, direct start, default partitions",6,128,1.3007557298988104,1.5914809703826904,1.0613068342208862,0.0625
"cone prox, sharpness -1, noisy, direct start, default partitions",7,128,1.3221047343686223,1.6073336601257324,1.157435417175293,0.0390625
"cone prox, sharpness -1, noisy, direct start, default partitions",8,128,1.337863203138113,1.6715370416641235,1.0891845226287842,0.125
"cone prox, sharpness -1, noisy, direct start, default partitions",9,128,1.3387292390689254,1.6414752006530762,1.1386520862579346,0.0703125
"cone prox, sharpness -1, noisy, direct start, default partitions",10,128,1.3250961545854807,1.6458860635757446,1.131795048713684,0.0703125
"cone prox, sharpness -1, noisy, direct start, default partitions",11,128,1.2898416817188263,1.5401067733764648,1.1333974599838257,0.015625
"cone prox, sharpness -1, noisy, direct start, default partitions",12,128,1.0660516358911991,1.2285499572753906,0.864255964756012,0.0
"cone prox, sharpness -1, noisy, direct start, default partitions",13,128,0.5337256386410445,0.6399234533309937,0.4310913681983948,0.0
"cone prox, sharpness -1, noisy, direct start, default partitions",14,128,0.3069625645875931,0.3535161316394806,0.2510182857513428,0.0
"cone prox, sharpness -1, noisy, direct start, default partitions",15,128,0.22684691823087633,0.24721626937389374,0.19421471655368805,0.0
"cone prox, sharpness -1, noisy, direct start, default partitions",16,128,0.18090948439203203,0.2144046276807785,0.13638032972812653,0.0
"cone prox, sharpness -1, noisy, direct start, default partitions",17,128,0.15526462835259736,0.17917385697364807,0.12896010279655457,0.0
"cone prox, sharpness -1, noisy, direct start, default partitions",18,128,0.13626151118660346,0.14853478968143463,0.11742806434631348,0.0
"cone prox, sharpness -1, noisy, direct start, default partitions",19,128,0.12165072577772662,0.13111138343811035,0.10451040416955948,0.0
"cone prox, sharpness -1, noisy, direct start, default partitions",20,128,0.1093411548063159,0.12604187428951263,0.08714506775140762,0.0
"cone prox, sharpness -1, noisy, direct start, default partitions",21,128,0.10147822828730568,0.11549823731184006,0.08705566078424454,0.0
"cone prox, sharpness -1, noisy, direct start, default partitions",22,128,0.09452646283898503,0.10159827768802643,0.08318635076284409,0.0
"cone prox, sharpness -1, noisy, direct start, default partitions",23,128,0.08835267048561946,0.093964122235775,0.07560662925243378,0.0
"cone prox, sharpness -1, noisy, direct start, default partitions",24,128,0.08231939963297918,0.0928981602191925,0.06904562562704086,0.0
"cone prox, sharpness -1, noisy, direct start, default partitions",25,128,0.0785012940177694,0.08859284222126007,0.06551980972290039,0.0
"cone prox, sharpness -1, noisy, direct start, default partitions",26,128,0.07484410819597542,0.07965750247240067,0.06514973193407059,0.0
"cone prox, sharpness -1, noisy, direct start, default partitions",27,128,0.07135486573679373,0.07542508095502853,0.059551890939474106,0.0
"cone prox, sharpness -1, noisy, direct start, default partitions",28,128,0.06758364447159693,0.07508070766925812,0.05776415392756462,0.0
"cone prox, sharpness -1, noisy, direct start, default partitions",29,128,0.06536597531521693,0.07274044305086136,0.05551546439528465,0.0
"cone prox, sharpness -1, noisy, direct start, default partitions",30,128,0.06307656763237901,0.06663476675748825,0.05448906868696213,0.0
"cone prox, sharpness -1, noisy, direct start, default partitions",31,128,0.060787807509768754,0.0645705983042717,0.0503670759499073,0.0
"cone prox, sharpness -1, noisy, direct start, default partitions",32,128,0.05809708443121053,0.06398019194602966,0.05001205578446388,0.0
"cone prox, sharpness -1, noisy, direct start, default partitions",33,128,0.05666148755699396,0.06282459944486618,0.047399625182151794,0.0
"cone prox, sharpness -1, noisy, direct start, default partitions",34,128,0.05510312077240087,0.05819838121533394,0.04861748218536377,0.0
"cone prox, sharpness -1, noisy, direct start, default partitions",35,128,0.053469887119717896,0.057527653872966766,0.04474629834294319,0.0
"cone prox, sharpness -1, noisy, direct start, default partitions",36,128,0.051410234184004366,0.05615926906466484,0.04421950504183769,0.0
"cone prox, sharpness -1, noisy, direct start, default partitions",37,128,0.05045994455576874,0.055959880352020264,0.04165404289960861,0.0
"cone prox, sharpness -1, noisy, direct start, default partitions",38,128,0.04934503335971385,0.0518731027841568,0.043929968029260635,0.0
"cone prox, sharpness -1, noisy, direct start, default partitions",39,128,0.04814014758449048,0.052031226456165314,0.040939655154943466,0.0
"cone prox, sharpness -1, noisy, direct start, default partitions",40,128,0.04648951505078003,0.05064116418361664,0.040037862956523895,0.0
"cone prox, sharpness 1, noisy, direct start, default partitions",1,4,0.4466382563114166,0.6121224164962769,0.2912706434726715,0.0
"cone prox, sharpness 1, noisy, direct start, default partitions",2,16,0.9342587441205978,0.9895350337028503,0.5937281250953674,0.0
"cone prox, sharpness 1, noisy, direct start, default partitions",3,64,0.9743480561301112,1.011942982673645,0.9441561102867126,0.0
"cone prox, sharpness 1, noisy, direct start, default partitions",4,128,0.979639302007854,1.0379465818405151,0.9246586561203003,0.0
"cone prox, sharpness 1, noisy, direct start, default partitions",5,128,0.9699643715284765,1.0255728960037231,0.892365038394928,0.0
"cone prox, sharpness 1, noisy, direct start, default partitions",6,128,0.9780548107810318,1.0261532068252563,0.9148827791213989,0.0
"cone prox, sharpness 1, noisy, direct start, default partitions",7,128,0.9800038714893162,1.0448765754699707,0.9092552661895752,0.0
"cone prox, sharpness 1, noisy, direct start, default partitions",8,128,0.9813048555515707,1.0303438901901245,0.9319701790809631,0.0
"cone prox, sharpness 1, noisy, direct start, default partitions",9,128,0.9852276956662536,1.0204684734344482,0.9282772541046143,0.0
"cone prox, sharpness 1, noisy, direct start, default partitions",10,128,0.9894686616025865,1.04900324344635,0.9323805570602417,0.0
"cone prox, sharpness 1, noisy, direct start, default partitions",11,128,0.9945102510973811,1.0649096965789795,0.9477930665016174,0.0
"cone prox, sharpness 1, noisy, direct start, default partitions",12,128,0.9986933385953307,1.038994312286377,0.9653809070587158,0.0
"cone prox, sharpness 1, noisy, direct start, default partitions",13,128,1.0003794482909143,1.0661547183990479,0.9128047227859497,0.0
"cone prox, sharpness 1, noisy, direct start, default partitions",14,128,1.003576326649636,1.1068480014801025,0.940594494342804,0.0
"cone prox, sharpness 1, noisy, direct start, default partitions",15,128,0.9990024045109749,1.0818763971328735,0.9253105521202087,0.0
"cone prox, sharpness 1, noisy, direct start, default partitions",16,128,0.9771071136929095,1.0416680574417114,0.8649738430976868,0.0
"cone prox, sharpness 1, noisy, direct start, default partitions",17,128,0.9089299626648426,0.9771548509597778,0.7858483195304871,0.0
"cone prox, sharpness 1, noisy, direct start, default partitions",18,128,0.7376988192554563,0.8782124519348145,0.4623278081417084,0.0
"cone prox, sharpness 1, noisy, direct start, default partitions",19,128,0.5196731865871698,0.6374037861824036,0.2803955078125,0.0
"cone prox, sharpness 1, noisy, direct start, default partitions",20,128,0.3458035427611321,0.5050218105316162,0.13425004482269287,0.0
"cone prox, sharpness 1, noisy, direct start, default partitions",21,128,0.26452710293233395,0.3998301029205322,0.16495010256767273,0.0
"cone prox, sharpness 1, noisy, direct start, default partitions",22,128,0.21086961991386488,0.3093065321445465,0.1070859506726265,0.0
"cone prox, sharpness 1, noisy, direct start, default partitions",23,128,0.18714570731390268,0.26594221591949463,0.08286166191101074,0.0
"cone prox, sharpness 1, noisy, direct start, default partitions",24,128,0.1570508013246581,0.21285544335842133,0.07212050259113312,0.0
"cone prox, sharpness 1, noisy, direct start, default partitions",25,128,0.14062261517392471,0.1907040774822235,0.06822682917118073,0.0
"cone prox, sharpness 1, noisy, direct start, default partitions",26,128,0.12343510877690278,0.17137101292610168,0.058599263429641724,0.0
"cone prox, sharpness 1, noisy, direct start, default partitions",27,128,0.11781396277365275,0.15331831574440002,0.047262340784072876,0.0
"cone prox, sharpness 1, noisy, direct start, default partitions",28,128,0.10423585426178761,0.1425791233778,0.04599761590361595,0.0
"cone prox, sharpness 1, noisy, direct start, default partitions",29,128,0.09737703681457788,0.13080519437789917,0.048187464475631714,0.0
"cone prox, sharpness 1, noisy, direct start, default partitions",30,128,0.08854912317474373,0.11560510098934174,0.04343384876847267,0.0
"cone prox, sharpness 1, noisy, direct start, default partitions",31,128,0.08683472513803281,0.11430889368057251,0.03404258191585541,0.0
"cone prox, sharpness 1, noisy, direct start, default partitions",32,128,0.07874126569367945,0.10292518883943558,0.03470463305711746,0.0
"cone prox, sharpness 1, noisy, direct start, default partitions",33,128,0.07514891846221872,0.10090931504964828,0.037154670804739,0.0
"cone prox, sharpness 1, noisy, direct start, default partitions",34,128,0.06958564592059702,0.09330219030380249,0.03457650914788246,0.0
"cone prox, sharpness 1, noisy, direct start, default partitions",35,128,0.06932232790859416,0.09285721927881241,0.027954600751399994,0.0
"cone prox, sharpness 1, noisy, direct start, default partitions",36,128,0.0637706434354186,0.0825410708785057,0.027893204241991043,0.0
"cone prox, sharpness 1, noisy, direct start, default partitions",37,128,0.061624303212738596,0.08349165320396423,0.030649198219180107,0.0
"cone prox, sharpness 1, noisy, direct start, default partitions",38,128,0.057746669903281145,0.07609514147043228,0.02882637269794941,0.0
"cone prox, sharpness 1, noisy, direct start, default partitions",39,128,0.058125641822698526,0.0756845772266388,0.0246428232640028,0.0
"cone prox, sharpness 1, noisy, direct start, default partitions",40,128,0.05396765978366602,0.07038027048110962,0.02358829975128174,0.0
"cone prox, sharpness 3, noisy, direct start, default partitions",1,4,0.23821010813117027,0.3255988657474518,0.15973247587680817,0.0
"cone prox, sharpness 3, noisy, direct start, default partitions",2,16,0.7006396409124136,0.9513401389122009,0.41870883107185364,0.0
"cone prox, sharpness 3, noisy, direct start, default partitions",3,64,0.911315955221653,0.9726022481918335,0.7650101780891418,0.0
"cone prox, sharpness 3, noisy, direct start, default partitions",4,128,0.9406687077134848,1.0380527973175049,0.8480686545372009,0.0
"cone prox, sharpness 3, noisy, direct start, default partitions",5,128,0.9478531377390027,1.0162328481674194,0.8327825665473938,0.0
"cone prox, sharpness 3, noisy, direct start, default partitions",6,128,0.9565651691518724,1.0315433740615845,0.8697803020477295,0.0
"cone prox, sharpness 3, noisy, direct start, default partitions",7,128,0.9591710958629847,1.0629668235778809,0.8798763751983643,0.0
"cone prox, sharpness 3, noisy, direct start, default partitions",8,128,0.9598016939125955,1.0648572444915771,0.8617045283317566,0.0
"cone prox, sharpness 3, noisy, direct start, default partitions",9,128,0.9616420892998576,1.035569667816162,0.879343569278717,0.0
"cone prox, sharpness 3, noisy, direct start, default partitions",10,128,0.9649244281463325,1.0420678853988647,0.8594638705253601,0.0
"cone prox, sharpness 3, noisy, direct start, default partitions",11,128,0.9612051206640899,1.049349069595337,0.8702423572540283,0.0
"cone prox, sharpness 3, noisy, direct start, default partitions",12,128,0.9638028596527874,1.065521001815796,0.8679370284080505,0.0
"cone prox, sharpness 3, noisy, direct start, default partitions",13,128,0.9614713224582374,1.0387680530548096,0.8899819850921631,0.0
"cone prox, sharpness 3, noisy, direct start, default partitions",14,128,0.9642987451516092,1.0366792678833008,0.88545823097229,0.0
"cone prox, sharpness 3, noisy, direct start, default partitions",15,128,0.964982045814395,1.0446884632110596,0.8646609783172607,0.0
"cone prox, sharpness 3, noisy, direct start, default partitions",16,128,0.9642245140857995,1.0626341104507446,0.8997134566307068,0.0
"cone prox, sharpness 3, noisy, direct start, default partitions",17,128,0.967742633074522,1.032519817352295,0.8932092785835266,0.0
"cone prox, sharpness 3, noisy, direct start, default partitions",18,128,0.9701399020850658,1.0596606731414795,0.8895635604858398,0.0
"cone prox, sharpness 3, noisy, direct start, default partitions",19,128,0.9666109541431069,1.0557856559753418,0.88099604845047,0.0
"cone prox, sharpness 3, noisy, direct start, default partitions",20,128,0.970026477240026,1.063588261604309,0.8450986742973328,0.0
"cone prox, sharpness 3, noisy, direct start, default partitions",21,128,0.9690761808305979,1.0565730333328247,0.8344681859016418,0.0
"cone prox, sharpness 3, noisy, direct start, default partitions",22,128,0.9690088862553239,1.0436910390853882,0.8876444101333618,0.0
"cone prox, sharpness 3, noisy, direct start, default partitions",23,128,0.9719879729673266,1.0379698276519775,0.8748660683631897,0.0
"cone prox, sharpness 3, noisy, direct start, default partitions",24,128,0.9752984889782965,1.0585112571716309,0.9045677185058594,0.0
"cone prox, sharpness 3, noisy, direct start, default partitions",25,128,0.9753932100720704,1.0488531589508057,0.8904896378517151,0.0
"cone prox, sharpness 3, noisy, direct start, default partitions",26,128,0.9779102285392582,1.0973200798034668,0.8853545784950256,0.0
"cone prox, sharpness 3, noisy, direct start, default partitions",27,128,0.9761464637704194,1.0599859952926636,0.9063510894775391,0.0
"cone prox, sharpness 3, noisy, direct start, default partitions",28,128,0.9817098476924002,1.065581202507019,0.9143639206886292,0.0
"cone prox, sharpness 3, noisy, direct start, default partitions",29,128,0.9819428455084562,1.0555800199508667,0.9098718166351318,0.0
"cone prox, sharpness 3, noisy, direct start, default partitions",30,128,0.9866481455974281,1.0550426244735718,0.879256010055542,0.0
"cone prox, sharpness 3, noisy, direct start, default partitions",31,128,0.9841497684828937,1.0419238805770874,0.8690367937088013,0.0
"cone prox, sharpness 3, noisy, direct start, default partitions",32,128,0.986615548375994,1.082846999168396,0.9192041754722595,0.0
"cone prox, sharpness 3, noisy, direct start, default partitions",33,128,0.9882793431170285,1.0588667392730713,0.9252179265022278,0.0
"cone prox, sharpness 3, noisy, direct start, default partitions",34,128,0.9920504176989198,1.0596442222595215,0.8766034841537476,0.0
"cone prox, sharpness 3, noisy, direct start, default partitions",35,128,0.9920759941451252,1.0946711301803589,0.8503752946853638,0.0
"cone prox, sharpness 3, noisy, direct start, default partitions",36,128,0.9950743410736322,1.0601884126663208,0.911353588104248,0.0
"cone prox, sharpness 3, noisy, direct start, default partitions",37,128,0.9975923127494752,1.069331169128418,0.899023711681366,0.0
"cone prox, sharpness 3, noisy, direct start, default partitions",38,128,0.9992440901696682,1.0713940858840942,0.915678858757019,0.0
"cone prox, sharpness 3, noisy, direct start, default partitions",39,128,0.9949405216611922,1.0735812187194824,0.8600462675094604,0.0
"cone prox, sharpness 3, noisy, direct start, default partitions",40,128,1.0014361422508955,1.1030917167663574,0.9242900013923645,0.0
"cone recon, sharpness 1, noisy, converged start, default partitions",1,4,0.4409356936812401,0.8214046359062195,0.2547479569911957,0.0
"cone recon, sharpness 1, noisy, converged start, default partitions",2,16,0.8773991521447897,0.9526371955871582,0.4874747693538666,0.0
"cone recon, sharpness 1, noisy, converged start, default partitions",3,64,0.9656352680176497,1.1451900005340576,0.8860571384429932,0.0
"cone recon, sharpness 1, noisy, converged start, default partitions",4,128,0.983273125719279,1.117608904838562,0.8329773545265198,0.0
"cone recon, sharpness 1, noisy, converged start, default partitions",5,128,0.9836788149550557,1.135443091392517,0.8607220649719238,0.0
"cone recon, sharpness 1, noisy, converged start, default partitions",6,128,0.9872549390420318,1.1754446029663086,0.8817182779312134,0.0
"cone recon, sharpness 1, noisy, converged start, default partitions",7,128,0.9846231220290065,1.0659687519073486,0.8960390090942383,0.0
"cone recon, sharpness 1, noisy, converged start, default partitions",8,128,0.9824862903915346,1.1100783348083496,0.9026172161102295,0.0
"cone recon, sharpness 1, noisy, converged start, default partitions",9,128,0.9862888804636896,1.1541765928268433,0.8260707855224609,0.0
"cone recon, sharpness 1, noisy, converged start, default partitions",10,128,0.9880759143270552,1.2619848251342773,0.8763375282287598,0.0
"cone prox, sharpness 1, noisy, converged start, default partitions",1,4,0.5900287479162216,1.0075334310531616,0.3468930125236511,0.0
"cone prox, sharpness 1, noisy, converged start, default partitions",2,16,0.9318400472402573,0.9889200329780579,0.4938216805458069,0.0
"cone prox, sharpness 1, noisy, converged start, default partitions",3,64,0.9726812448352575,1.021176815032959,0.9134302735328674,0.0
"cone prox, sharpness 1, noisy, converged start, default partitions",4,128,0.9736209493130445,1.0333303213119507,0.9062874913215637,0.0
"cone prox, sharpness 1, noisy, converged start, default partitions",5,128,0.9698436404578388,1.037199854850769,0.8820923566818237,0.0
"cone prox, sharpness 1, noisy, converged start, default partitions",6,128,0.9673467082902789,1.0178848505020142,0.9139829277992249,0.0
"cone prox, sharpness 1, noisy, converged start, default partitions",7,128,0.9672830193303525,1.0223643779754639,0.9044438004493713,0.0
"cone prox, sharpness 1, noisy, converged start, default partitions",8,128,0.9666999741457403,1.0148125886917114,0.9143064618110657,0.0
"cone prox, sharpness 1, noisy, converged start, default partitions",9,128,0.9737669811584055,1.0234061479568481,0.8694381713867188,0.0
"cone prox, sharpness 1, noisy, converged start, default partitions",10,128,0.9786625136621296,1.0193171501159668,0.9299007654190063,0.0
"cone recon, sharpness 3, noisy, direct start, one subset partitions",1,1,0.04428587481379509,0.04428587481379509,0.04428587481379509,0.0
"cone recon, sharpness 3, noisy, direct start, one subset partitions",2,1,0.06727675348520279,0.06727675348520279,0.06727675348520279,0.0
"cone recon, sharpness 3, noisy, direct start, one subset partitions",3,1,0.04598553478717804,0.04598553478717804,0.04598553478717804,0.0
"cone recon, sharpness 3, noisy, direct start, one subset partitions",4,1,0.05696962773799896,0.05696962773799896,0.05696962773799896,0.0
"cone recon, sharpness 3, noisy, direct start, one subset partitions",5,1,0.037247806787490845,0.037247806787490845,0.037247806787490845,0.0
"cone recon, sharpness 3, noisy, direct start, one subset partitions",6,1,0.04664704576134682,0.04664704576134682,0.04664704576134682,0.0
"cone recon, sharpness 3, noisy, direct start, one subset partitions",7,1,0.03592616692185402,0.03592616692185402,0.03592616692185402,0.0
"cone recon, sharpness 3, noisy, direct start, one subset partitions",8,1,0.04630196467041969,0.04630196467041969,0.04630196467041969,0.0
"cone recon, sharpness 3, noisy, direct start, one subset partitions",9,1,0.035887472331523895,0.035887472331523895,0.035887472331523895,0.0
"cone recon, sharpness 3, noisy, direct start, one subset partitions",10,1,0.046357519924640656,0.046357519924640656,0.046357519924640656,0.0
"cone recon, sharpness 3, noisy, direct start, one subset partitions",11,1,0.03591164946556091,0.03591164946556091,0.03591164946556091,0.0
"cone recon, sharpness 3, noisy, direct start, one subset partitions",12,1,0.046452686190605164,0.046452686190605164,0.046452686190605164,0.0
"cone recon, sharpness 3, noisy, direct start, one subset partitions",13,1,0.03594584763050079,0.03594584763050079,0.03594584763050079,0.0
"cone recon, sharpness 3, noisy, direct start, one subset partitions",14,1,0.046551693230867386,0.046551693230867386,0.046551693230867386,0.0
"cone recon, sharpness 3, noisy, direct start, one subset partitions",15,1,0.03597859665751457,0.03597859665751457,0.03597859665751457,0.0
"cone recon, sharpness 3, noisy, direct start, one subset partitions",16,1,0.04664447158575058,0.04664447158575058,0.04664447158575058,0.0
"cone recon, sharpness 3, noisy, direct start, one subset partitions",17,1,0.036006707698106766,0.036006707698106766,0.036006707698106766,0.0
"cone recon, sharpness 3, noisy, direct start, one subset partitions",18,1,0.046728938817977905,0.046728938817977905,0.046728938817977905,0.0
"cone recon, sharpness 3, noisy, direct start, one subset partitions",19,1,0.03602997213602066,0.03602997213602066,0.03602997213602066,0.0
"cone recon, sharpness 3, noisy, direct start, one subset partitions",20,1,0.0468057245016098,0.0468057245016098,0.0468057245016098,0.0
"cone recon, sharpness 3, noisy, direct start, one subset partitions",21,1,0.03604888916015625,0.03604888916015625,0.03604888916015625,0.0
"cone recon, sharpness 3, noisy, direct start, one subset partitions",22,1,0.04687591269612312,0.04687591269612312,0.04687591269612312,0.0
"cone recon, sharpness 3, noisy, direct start, one subset partitions",23,1,0.03606415539979935,0.03606415539979935,0.03606415539979935,0.0
"cone recon, sharpness 3, noisy, direct start, one subset partitions",24,1,0.0469406396150589,0.0469406396150589,0.0469406396150589,0.0
"cone recon, sharpness 3, noisy, direct start, one subset partitions",25,1,0.036076463758945465,0.036076463758945465,0.036076463758945465,0.0
"cone recon, sharpness 3, noisy, direct start, one subset partitions",26,1,0.04700097814202309,0.04700097814202309,0.04700097814202309,0.0
"cone recon, sharpness 3, noisy, direct start, one subset partitions",27,1,0.03608627989888191,0.03608627989888191,0.03608627989888191,0.0
"cone recon, sharpness 3, noisy, direct start, one subset partitions",28,1,0.0470576211810112,0.0470576211810112,0.0470576211810112,0.0
"cone recon, sharpness 3, noisy, direct start, one subset partitions",29,1,0.036093998700380325,0.036093998700380325,0.036093998700380325,0.0
"cone recon, sharpness 3, noisy, direct start, one subset partitions",30,1,0.047111138701438904,0.047111138701438904,0.047111138701438904,0.0
"cone recon, sharpness 3, noisy, direct start, one subset partitions",31,1,0.03609996661543846,0.03609996661543846,0.03609996661543846,0.0
"cone recon, sharpness 3, noisy, direct start, one subset partitions",32,1,0.047162123024463654,0.047162123024463654,0.047162123024463654,0.0
"cone recon, sharpness 3, noisy, direct start, one subset partitions",33,1,0.03610442578792572,0.03610442578792572,0.03610442578792572,0.0
"cone recon, sharpness 3, noisy, direct start, one subset partitions",34,1,0.0472109317779541,0.0472109317779541,0.0472109317779541,0.0
"cone recon, sharpness 3, noisy, direct start, one subset partitions",35,1,0.03610759600996971,0.03610759600996971,0.03610759600996971,0.0
"cone recon, sharpness 3, noisy, direct start, one subset partitions",36,1,0.047257859259843826,0.047257859259843826,0.047257859259843826,0.0
"cone recon, sharpness 3, noisy, direct start, one subset partitions",37,1,0.036109622567892075,0.036109622567892075,0.036109622567892075,0.0
"cone recon, sharpness 3, noisy, direct start, one subset partitions",38,1,0.04730311781167984,0.04730311781167984,0.04730311781167984,0.0
"cone recon, sharpness 3, noisy, direct start, one subset partitions",39,1,0.036110587418079376,0.036110587418079376,0.036110587418079376,0.0
"cone recon, sharpness 3, noisy, direct start, one subset partitions",40,1,0.04734688252210617,0.04734688252210617,0.04734688252210617,0.0
"translation recon, sharpness -1, noisy, direct start, default partitions",1,4,0.5620619207620621,0.7226579189300537,0.34721267223358154,0.0
"translation recon, sharpness -1, noisy, direct start, default partitions",2,16,0.7497283667325974,0.836028516292572,0.6696969866752625,0.0
"translation recon, sharpness -1, noisy, direct start, default partitions",3,64,0.8546857619658113,1.1371181011199951,0.6357715725898743,0.0
"translation recon, sharpness -1, noisy, direct start, default partitions",4,128,0.8846570593304932,1.3687063455581665,0.6320270299911499,0.0078125
"translation recon, sharpness -1, noisy, direct start, default partitions",5,128,0.884002685546875,1.2987786531448364,0.624916136264801,0.0
"translation recon, sharpness -1, noisy, direct start, default partitions",6,128,0.9044191595166922,1.5887659788131714,0.6129793524742126,0.046875
"translation recon, sharpness -1, noisy, direct start, default partitions",7,128,0.9172050636261702,1.419118881225586,0.6508730053901672,0.0234375
"translation recon, sharpness -1, noisy, direct start, default partitions",8,128,0.9214488798752427,1.6473134756088257,0.6021807193756104,0.03125
"translation recon, sharpness -1, noisy, direct start, default partitions",9,128,0.9290105695836246,1.620200276374817,0.6282776594161987,0.015625
"translation recon, sharpness -1, noisy, direct start, default partitions",10,128,0.8982161497697234,1.5103776454925537,0.6266615390777588,0.0234375
"translation recon, sharpness -1, noisy, direct start, default partitions",11,128,0.9299501245841384,1.5373562574386597,0.651630163192749,0.0546875
"translation recon, sharpness -1, noisy, direct start, default partitions",12,128,0.8929911884479225,1.6243730783462524,0.6203503608703613,0.015625
"translation recon, sharpness -1, noisy, direct start, default partitions",13,128,0.9033277430571616,1.5943323373794556,0.6106658577919006,0.03125
"translation recon, sharpness -1, noisy, direct start, default partitions",14,128,0.9235385227948427,2.0048179626464844,0.6484477519989014,0.03125
"translation recon, sharpness -1, noisy, direct start, default partitions",15,128,0.9262324031442404,1.7991197109222412,0.6209819316864014,0.0859375
"translation recon, sharpness -1, noisy, direct start, default partitions",16,128,0.9222831563092768,1.8586645126342773,0.6220842003822327,0.0859375
"translation recon, sharpness -1, noisy, direct start, default partitions",17,128,0.9009701609611511,1.8041244745254517,0.5804762244224548,0.0703125
"translation recon, sharpness -1, noisy, direct start, default partitions",18,128,0.9025230682455003,1.7670477628707886,0.6355916857719421,0.0390625
"translation recon, sharpness -1, noisy, direct start, default partitions",19,128,0.9133389689959586,1.7823551893234253,0.5165777802467346,0.078125
"translation recon, sharpness -1, noisy, direct start, default partitions",20,128,0.8856539912521839,1.8139876127243042,0.5963793992996216,0.0625
"translation recon, sharpness -1, noisy, direct start, default partitions",21,128,0.8853495349176228,1.7566845417022705,0.6381220817565918,0.0234375
"translation recon, sharpness -1, noisy, direct start, default partitions",22,128,0.8816553959622979,1.6466734409332275,0.6061393022537231,0.078125
"translation recon, sharpness -1, noisy, direct start, default partitions",23,128,0.8974066441878676,1.8405580520629883,0.5695431232452393,0.0546875
"translation recon, sharpness -1, noisy, direct start, default partitions",24,128,0.9009838616475463,1.9375488758087158,0.6326063275337219,0.0546875
"translation recon, sharpness -1, noisy, direct start, default partitions",25,128,0.8694290239363909,1.3983913660049438,0.6159789562225342,0.0078125
"translation recon, sharpness -1, noisy, direct start, default partitions",26,128,0.8558254204690456,1.8961156606674194,0.5906644463539124,0.0546875
"translation recon, sharpness -1, noisy, direct start, default partitions",27,128,0.8359128520824015,1.663862943649292,0.5687775015830994,0.0234375
"translation recon, sharpness -1, noisy, direct start, default partitions",28,128,0.8156030895188451,1.279825210571289,0.5791037678718567,0.0
"translation recon, sharpness -1, noisy, direct start, default partitions",29,128,0.8131797430105507,1.2800825834274292,0.5936806201934814,0.0
"translation recon, sharpness -1, noisy, direct start, default partitions",30,128,0.8152771545574069,1.401505947113037,0.5885360240936279,0.0234375
"translation recon, sharpness -1, noisy, direct start, default partitions",31,128,0.8161586136557162,1.6034027338027954,0.5907865166664124,0.0234375
"translation recon, sharpness -1, noisy, direct start, default partitions",32,128,0.799878379330039,1.3020037412643433,0.6115801334381104,0.0078125
"translation recon, sharpness -1, noisy, direct start, default partitions",33,128,0.8071418832987547,2.0915544033050537,0.5333777070045471,0.0234375
"translation recon, sharpness -1, noisy, direct start, default partitions",34,128,0.8100172658450902,1.496563196182251,0.5106230974197388,0.015625
"translation recon, sharpness -1, noisy, direct start, default partitions",35,128,0.7642390986438841,1.1403833627700806,0.48644039034843445,0.0
"translation recon, sharpness -1, noisy, direct start, default partitions",36,128,0.7842100611887872,1.365527629852295,0.5570345520973206,0.0078125
"translation recon, sharpness -1, noisy, direct start, default partitions",37,128,0.750370429828763,1.1786023378372192,0.5262088775634766,0.0
"translation recon, sharpness -1, noisy, direct start, default partitions",38,128,0.7695371429435909,2.07430362701416,0.5883394479751587,0.0078125
"translation recon, sharpness -1, noisy, direct start, default partitions",39,128,0.7505762195214629,1.319965124130249,0.5868876576423645,0.0078125
"translation recon, sharpness -1, noisy, direct start, default partitions",40,128,0.7401159685105085,1.1846438646316528,0.588382363319397,0.0
"translation recon, sharpness 1, noisy, direct start, default partitions",1,4,0.5576545894145966,0.7171728014945984,0.3430023193359375,0.0
"translation recon, sharpness 1, noisy, direct start, default partitions",2,16,0.7432286515831947,0.8303688764572144,0.6624251008033752,0.0
"translation recon, sharpness 1, noisy, direct start, default partitions",3,64,0.8462010258808732,1.1231968402862549,0.6308760046958923,0.0
"translation recon, sharpness 1, noisy, direct start, default partitions",4,128,0.8760937037877738,1.3931158781051636,0.624812662601471,0.0078125
"translation recon, sharpness 1, noisy, direct start, default partitions",5,128,0.8747568093240261,1.3171504735946655,0.6201114058494568,0.0078125
"translation recon, sharpness 1, noisy, direct start, default partitions",6,128,0.8948144600726664,1.577932357788086,0.6022324562072754,0.046875
"translation recon, sharpness 1, noisy, direct start, default partitions",7,128,0.906332781072706,1.3634370565414429,0.6385145783424377,0.015625
"translation recon, sharpness 1, noisy, direct start, default partitions",8,128,0.9104020311497152,1.6343555450439453,0.6042268872261047,0.0234375
"translation recon, sharpness 1, noisy, direct start, default partitions",9,128,0.9191106781363487,1.586162805557251,0.6096526980400085,0.015625
"translation recon, sharpness 1, noisy, direct start, default partitions",10,128,0.8852332551032305,1.456786036491394,0.5914275646209717,0.015625
"translation recon, sharpness 1, noisy, direct start, default partitions",11,128,0.9140555462799966,1.3935397863388062,0.6360509991645813,0.03125
"translation recon, sharpness 1, noisy, direct start, default partitions",12,128,0.8760604723356664,1.5803747177124023,0.6224445700645447,0.0078125
"translation recon, sharpness 1, noisy, direct start, default partitions",13,128,0.8962461077608168,1.7837518453598022,0.5938299298286438,0.03125
"translation recon, sharpness 1, noisy, direct start, default partitions",14,128,0.9089080025441945,1.9405361413955688,0.6313343048095703,0.03125
"translation recon, sharpness 1, noisy, direct start, default partitions",15,128,0.9150428371503949,1.6383423805236816,0.6131142973899841,0.078125
"translation recon, sharpness 1, noisy, direct start, default partitions",16,128,0.9148972337134182,1.7362196445465088,0.6246710419654846,0.0546875
"translation recon, sharpness 1, noisy, direct start, default partitions",17,128,0.8867482831701636,1.8022109270095825,0.5689292550086975,0.046875
"translation recon, sharpness 1, noisy, direct start, default partitions",18,128,0.8984960955567658,1.730363368988037,0.6363365054130554,0.046875
"translation recon, sharpness 1, noisy, direct start, default partitions",19,128,0.9175841687247157,1.7907328605651855,0.4989057779312134,0.0859375
"translation recon, sharpness 1, noisy, direct start, default partitions",20,128,0.8901603203266859,1.9437507390975952,0.5878956317901611,0.046875
"translation recon, sharpness 1, noisy, direct start, default partitions",21,128,0.896024024579674,1.95561683177948,0.6438435912132263,0.0390625
"translation recon, sharpness 1, noisy, direct start, default partitions",22,128,0.8985340860672295,2.1156601905822754,0.5945973992347717,0.078125
"translation recon, sharpness 1, noisy, direct start, default partitions",23,128,0.9235211303457618,1.8984618186950684,0.5807575583457947,0.0625
"translation recon, sharpness 1, noisy, direct start, default partitions",24,128,0.9172672340646386,2.007991313934326,0.6330705881118774,0.078125
"translation recon, sharpness 1, noisy, direct start, default partitions",25,128,0.9058871362358332,1.4758450984954834,0.6183640956878662,0.0625
"translation recon, sharpness 1, noisy, direct start, default partitions",26,128,0.8880400778725743,1.8222582340240479,0.5877962708473206,0.0546875
"translation recon, sharpness 1, noisy, direct start, default partitions",27,128,0.8728849166072905,2.0686490535736084,0.5691518187522888,0.046875
"translation recon, sharpness 1, noisy, direct start, default partitions",28,128,0.8653873400762677,1.6577469110488892,0.5705894827842712,0.0234375
"translation recon, sharpness 1, noisy, direct start, default partitions",29,128,0.8680449295789003,1.4430298805236816,0.6140502095222473,0.0234375
"translation recon, sharpness 1, noisy, direct start, default partitions",30,128,0.8865036242641509,2.1530702114105225,0.5970059633255005,0.0703125
"translation recon, sharpness 1, noisy, direct start, default partitions",31,128,0.8784281793050468,1.686053991317749,0.5981256365776062,0.0546875
"translation recon, sharpness 1, noisy, direct start, default partitions",32,128,0.8647514916956425,1.8349175453186035,0.5924760103225708,0.0234375
"translation recon, sharpness 1, noisy, direct start, default partitions",33,128,0.885118795093149,1.6967254877090454,0.5846378207206726,0.078125
"translation recon, sharpness 1, noisy, direct start, default partitions",34,128,0.892506861127913,1.6840641498565674,0.5839170217514038,0.046875
"translation recon, sharpness 1, noisy, direct start, default partitions",35,128,0.8355681784451008,1.3078488111495972,0.5115980505943298,0.0078125
"translation recon, sharpness 1, noisy, direct start, default partitions",36,128,0.8734337156638503,1.9000087976455688,0.5495647192001343,0.0390625
"translation recon, sharpness 1, noisy, direct start, default partitions",37,128,0.8367635942995548,1.4936604499816895,0.5432996153831482,0.03125
"translation recon, sharpness 1, noisy, direct start, default partitions",38,128,0.8619764856994152,1.9778445959091187,0.5759586691856384,0.03125
"translation recon, sharpness 1, noisy, direct start, default partitions",39,128,0.8470005369745195,2.0290355682373047,0.5895051956176758,0.0546875
"translation recon, sharpness 1, noisy, direct start, default partitions",40,128,0.8443113570101559,2.128769636154175,0.5938553214073181,0.0234375
"translation recon, sharpness 3, noisy, direct start, default partitions",1,4,0.5571692064404488,0.7165588736534119,0.3425304591655731,0.0
"translation recon, sharpness 3, noisy, direct start, default partitions",2,16,0.7425483576953411,0.8297853469848633,0.6616383194923401,0.0
"translation recon, sharpness 3, noisy, direct start, default partitions",3,64,0.8453343752771616,1.1214295625686646,0.6303458213806152,0.0
"translation recon, sharpness 3, noisy, direct start, default partitions",4,128,0.8752722037024796,1.3961814641952515,0.6241663694381714,0.0078125
"translation recon, sharpness 3, noisy, direct start, default partitions",5,128,0.8739246567711234,1.3191331624984741,0.6196192502975464,0.0078125
"translation recon, sharpness 3, noisy, direct start, default partitions",6,128,0.8940525073558092,1.576675534248352,0.6002565622329712,0.0390625
"translation recon, sharpness 3, noisy, direct start, default partitions",7,128,0.9054231895133853,1.3636459112167358,0.6373969912528992,0.015625
"translation recon, sharpness 3, noisy, direct start, default partitions",8,128,0.909601700026542,1.6321442127227783,0.6049798727035522,0.0234375
"translation recon, sharpness 3, noisy, direct start, default partitions",9,128,0.9185975072905421,1.5827640295028687,0.6079199910163879,0.015625
"translation recon, sharpness 3, noisy, direct start, default partitions",10,128,0.8844966776669025,1.4486953020095825,0.587888777256012,0.0078125
"translation recon, sharpness 3, noisy, direct start, default partitions",11,128,0.9130850988440216,1.377658486366272,0.6344928741455078,0.03125
"translation recon, sharpness 3, noisy, direct start, default partitions",12,128,0.874795004259795,1.575485348701477,0.6235912442207336,0.0078125
"translation recon, sharpness 3, noisy, direct start, default partitions",13,128,0.8964189440011978,1.8110960721969604,0.5928612947463989,0.03125
"translation recon, sharpness 3, noisy, direct start, default partitions",14,128,0.9081950094550848,1.9512412548065186,0.6292448043823242,0.03125
"translation recon, sharpness 3, noisy, direct start, default partitions",15,128,0.9144065664149821,1.610280156135559,0.6132111549377441,0.0703125
"translation recon, sharpness 3, noisy, direct start, default partitions",16,128,0.9146438795141876,1.7560346126556396,0.6255594491958618,0.0546875
"translation recon, sharpness 3, noisy, direct start, default partitions",17,128,0.8860369264148176,1.795156717300415,0.569551944732666,0.046875
"translation recon, sharpness 3, noisy, direct start, default partitions",18,128,0.8986436068080366,1.72794508934021,0.6348279714584351,0.046875
"translation recon, sharpness 3, noisy, direct start, default partitions",19,128,0.9189467008691281,1.809285283088684,0.49876222014427185,0.0859375
"translation recon, sharpness 3, noisy, direct start, default partitions",20,128,0.8914781282655895,1.963607668876648,0.5873116850852966,0.046875
"translation recon, sharpness 3, noisy, direct start, default partitions",21,128,0.8976423474960029,1.9726083278656006,0.646891713142395,0.0390625
"translation recon, sharpness 3, noisy, direct start, default partitions",22,128,0.9013103246688843,2.173156499862671,0.5943955779075623,0.0703125
"translation recon, sharpness 3, noisy, direct start, default partitions",23,128,0.9257625043392181,1.8349251747131348,0.583601176738739,0.0703125
"translation recon, sharpness 3, noisy, direct start, default partitions",24,128,0.9194334191270173,2.0415384769439697,0.6338463425636292,0.0703125
"translation recon, sharpness 3, noisy, direct start, default partitions",25,128,0.9103624406270683,1.5277436971664429,0.6201843619346619,0.0625
"translation recon, sharpness 3, noisy, direct start, default partitions",26,128,0.8913974184542894,1.8205825090408325,0.5899460315704346,0.0546875
"translation recon, sharpness 3, noisy, direct start, default partitions",27,128,0.875711353495717,2.0780787467956543,0.5709530711174011,0.0390625
"translation recon, sharpness 3, noisy, direct start, default partitions",28,128,0.8725191159173846,1.6784884929656982,0.5689104199409485,0.03125
"translation recon, sharpness 3, noisy, direct start, default partitions",29,128,0.8736332496628165,1.4863134622573853,0.6077693700790405,0.0390625
"translation recon, sharpness 3, noisy, direct start, default partitions",30,128,0.8955853041261435,2.2478885650634766,0.6015002727508545,0.078125
"translation recon, sharpness 3, noisy, direct start, default partitions",31,128,0.8870785925537348,1.676119327545166,0.5999814867973328,0.0625
"translation recon, sharpness 3, noisy, direct start, default partitions",32,128,0.8720456371083856,1.8680566549301147,0.5923928618431091,0.0234375
"translation recon, sharpness 3, noisy, direct start, default partitions",33,128,0.8926243083551526,1.6668981313705444,0.5942057371139526,0.0859375
"translation recon, sharpness 3, noisy, direct start, default partitions",34,128,0.9009769884869456,1.7210500240325928,0.5846511125564575,0.046875
"translation recon, sharpness 3, noisy, direct start, default partitions",35,128,0.8446007776074111,1.365724802017212,0.512990415096283,0.0078125
"translation recon, sharpness 3, noisy, direct start, default partitions",36,128,0.8840241162106395,1.999709129333496,0.5518650412559509,0.0390625
"translation recon, sharpness 3, noisy, direct start, default partitions",37,128,0.8477595038712025,1.5894936323165894,0.5478422045707703,0.0390625
"translation recon, sharpness 3, noisy, direct start, default partitions",38,128,0.8751584459096193,2.3047640323638916,0.5764105319976807,0.03125
"translation recon, sharpness 3, noisy, direct start, default partitions",39,128,0.8563634864985943,2.17769455909729,0.5927038788795471,0.0546875
"translation recon, sharpness 3, noisy, direct start, default partitions",40,128,0.8566469205543399,2.228416681289673,0.5984846949577332,0.03125
"translation prox, sharpness -1, noisy, direct start, default partitions",1,4,0.5817784294486046,0.7443615794181824,0.36090949177742004,0.0
"translation prox, sharpness -1, noisy, direct start, default partitions",2,16,0.76291498914361,0.8357507586479187,0.6910144090652466,0.0
"translation prox, sharpness -1, noisy, direct start, default partitions",3,64,0.8649639766663313,1.137796401977539,0.6553063988685608,0.0
"translation prox, sharpness -1, noisy, direct start, default partitions",4,128,0.8908499395474792,1.322460651397705,0.6449529528617859,0.0078125
"translation prox, sharpness -1, noisy, direct start, default partitions",5,128,0.8893241854384542,1.3348191976547241,0.6522738337516785,0.015625
"translation prox, sharpness -1, noisy, direct start, default partitions",6,128,0.896904403809458,1.564419150352478,0.6117846965789795,0.0546875
"translation prox, sharpness -1, noisy, direct start, default partitions",7,128,0.9164296318776906,1.4756829738616943,0.6482440233230591,0.015625
"translation prox, sharpness -1, noisy, direct start, default partitions",8,128,0.9096802701242268,1.5254226922988892,0.5843425393104553,0.03125
"translation prox, sharpness -1, noisy, direct start, default partitions",9,128,0.9098804742097855,1.400466799736023,0.6411396265029907,0.0234375
"translation prox, sharpness -1, noisy, direct start, default partitions",10,128,0.8772153700701892,1.3325519561767578,0.6221699118614197,0.015625
"translation prox, sharpness -1, noisy, direct start, default partitions",11,128,0.8990274262614548,1.8087456226348877,0.6648957133293152,0.0234375
"translation prox, sharpness -1, noisy, direct start, default partitions",12,128,0.8671705066226423,1.470353603363037,0.6252066493034363,0.0078125
"translation prox, sharpness -1, noisy, direct start, default partitions",13,128,0.8629968967288733,1.3588993549346924,0.5934821367263794,0.03125
"translation prox, sharpness -1, noisy, direct start, default partitions",14,128,0.8844082728028297,1.3713502883911133,0.6233447194099426,0.015625
"translation prox, sharpness -1, noisy, direct start, default partitions",15,128,0.8831794885918498,1.6100784540176392,0.5989746451377869,0.0390625
"translation prox, sharpness -1, noisy, direct start, default partitions",16,128,0.8736417163163424,1.55011785030365,0.5840889811515808,0.0234375
"translation prox, sharpness -1, noisy, direct start, default partitions",17,128,0.8561806487850845,1.5014028549194336,0.5751318335533142,0.0234375
"translation prox, sharpness -1, noisy, direct start, default partitions",18,128,0.8509515072219074,1.6963313817977905,0.6191506385803223,0.0234375
"translation prox, sharpness -1, noisy, direct start, default partitions",19,128,0.8540939618833363,1.8923048973083496,0.6201528906822205,0.0234375
"translation prox, sharpness -1, noisy, direct start, default partitions",20,128,0.820137488655746,1.369463562965393,0.6184033155441284,0.0234375
"translation prox, sharpness -1, noisy, direct start, default partitions",21,128,0.8407719526439905,1.3572579622268677,0.6297736763954163,0.0078125
"translation prox, sharpness -1, noisy, direct start, default partitions",22,128,0.8362089535221457,1.5869659185409546,0.6009592413902283,0.03125
"translation prox, sharpness -1, noisy, direct start, default partitions",23,128,0.8363566747866571,1.437813639640808,0.5257135033607483,0.0078125
"translation prox, sharpness -1, noisy, direct start, default partitions",24,128,0.8349318765103817,1.6602462530136108,0.5996013283729553,0.0234375
"translation prox, sharpness -1, noisy, direct start, default partitions",25,128,0.8158989157527685,1.3205769062042236,0.5854487419128418,0.0078125
"translation prox, sharpness -1, noisy, direct start, default partitions",26,128,0.8021763418801129,1.3420422077178955,0.6064538359642029,0.0078125
"translation prox, sharpness -1, noisy, direct start, default partitions",27,128,0.7956869266927242,1.353865385055542,0.5810806751251221,0.0078125
"translation prox, sharpness -1, noisy, direct start, default partitions",28,128,0.7895200392231345,1.1774615049362183,0.5807787775993347,0.0
"translation prox, sharpness -1, noisy, direct start, default partitions",29,128,0.7868107864633203,1.3618440628051758,0.5563265681266785,0.015625
"translation prox, sharpness -1, noisy, direct start, default partitions",30,128,0.7991269803605974,1.3328678607940674,0.5928738117218018,0.0078125
"translation prox, sharpness -1, noisy, direct start, default partitions",31,128,0.7941942624747753,1.3536409139633179,0.5865324139595032,0.0078125
"translation prox, sharpness -1, noisy, direct start, default partitions",32,128,0.7925475346855819,1.205786108970642,0.5567160844802856,0.0
"translation prox, sharpness -1, noisy, direct start, default partitions",33,128,0.799648660235107,1.3673970699310303,0.5322593450546265,0.015625
"translation prox, sharpness -1, noisy, direct start, default partitions",34,128,0.808921841904521,1.6933766603469849,0.5278334617614746,0.0078125
"translation prox, sharpness -1, noisy, direct start, default partitions",35,128,0.7634471242781729,1.354623556137085,0.49714395403862,0.0078125
"translation prox, sharpness -1, noisy, direct start, default partitions",36,128,0.7945000804029405,1.5943516492843628,0.5612602829933167,0.0234375
"translation prox, sharpness -1, noisy, direct start, default partitions",37,128,0.7808646159246564,1.309164047241211,0.5322920680046082,0.0078125
"translation prox, sharpness -1, noisy, direct start, default partitions",38,128,0.7929658577777445,1.452014684677124,0.6033521890640259,0.0234375
"translation prox, sharpness -1, noisy, direct start, default partitions",39,128,0.7630054731853306,1.4772402048110962,0.585778534412384,0.0078125
"translation prox, sharpness -1, noisy, direct start, default partitions",40,128,0.7776655587367713,1.3628785610198975,0.5906665325164795,0.015625
"translation prox, sharpness 1, noisy, direct start, default partitions",1,4,0.5587398707866669,0.7183630466461182,0.3436635732650757,0.0
"translation prox, sharpness 1, noisy, direct start, default partitions",2,16,0.7438469938933849,0.8300321698188782,0.6635220050811768,0.0
"translation prox, sharpness 1, noisy, direct start, default partitions",3,64,0.8467185646295547,1.1242408752441406,0.6318871974945068,0.0
"translation prox, sharpness 1, noisy, direct start, default partitions",4,128,0.8765444178134203,1.3909462690353394,0.6252722144126892,0.0078125
"translation prox, sharpness 1, noisy, direct start, default partitions",5,128,0.8753051985986531,1.3181716203689575,0.6215044260025024,0.0078125
"translation prox, sharpness 1, noisy, direct start, default partitions",6,128,0.8944770582020283,1.5726535320281982,0.6069931387901306,0.046875
"translation prox, sharpness 1, noisy, direct start, default partitions",7,128,0.9068250274285674,1.3618003129959106,0.6389652490615845,0.015625
"translation prox, sharpness 1, noisy, direct start, default partitions",8,128,0.910800320096314,1.6362465620040894,0.6019243597984314,0.0234375
"translation prox, sharpness 1, noisy, direct start, default partitions",9,128,0.9186603259295225,1.579417109489441,0.61312335729599,0.015625
"translation prox, sharpness 1, noisy, direct start, default partitions",10,128,0.8847933914512396,1.4587322473526,0.5892775654792786,0.0078125
"translation prox, sharpness 1, noisy, direct start, default partitions",11,128,0.912943635135889,1.407508373260498,0.63851398229599,0.0390625
"translation prox, sharpness 1, noisy, direct start, default partitions",12,128,0.8764071869663894,1.5887025594711304,0.622616708278656,0.0078125
"translation prox, sharpness 1, noisy, direct start, default partitions",13,128,0.8950905739329755,1.758789300918579,0.59212726354599,0.03125
"translation prox, sharpness 1, noisy, direct start, default partitions",14,128,0.9083394161425531,1.9127706289291382,0.6384992003440857,0.03125
"translation prox, sharpness 1, noisy, direct start, default partitions",15,128,0.9146547145210207,1.64944326877594,0.6101784110069275,0.078125
"translation prox, sharpness 1, noisy, direct start, default partitions",16,128,0.9147692299447954,1.7186055183410645,0.6240485310554504,0.0625
"translation prox, sharpness 1, noisy, direct start, default partitions",17,128,0.8870229958556592,1.812119960784912,0.5659751892089844,0.046875
"translation prox, sharpness 1, noisy, direct start, default partitions",18,128,0.8976388443261385,1.7292652130126953,0.6387602090835571,0.046875
"translation prox, sharpness 1, noisy, direct start, default partitions",19,128,0.9143314580433071,1.8080919981002808,0.5008134245872498,0.0859375
"translation prox, sharpness 1, noisy, direct start, default partitions",20,128,0.889124337118119,1.9498578310012817,0.5894723534584045,0.046875
"translation prox, sharpness 1, noisy, direct start, default partitions",21,128,0.8956425492651761,1.9452381134033203,0.6413178443908691,0.0390625
"translation prox, sharpness 1, noisy, direct start, default partitions",22,128,0.8954782113432884,2.0397329330444336,0.5938520431518555,0.0625
"translation prox, sharpness 1, noisy, direct start, default partitions",23,128,0.9213671726174653,1.8812227249145508,0.5813881754875183,0.078125
"translation prox, sharpness 1, noisy, direct start, default partitions",24,128,0.9172408189624548,2.0039496421813965,0.6309112310409546,0.0625
"translation prox, sharpness 1, noisy, direct start, default partitions",25,128,0.9032477349974215,1.443359375,0.61684250831604,0.0625
"translation prox, sharpness 1, noisy, direct start, default partitions",26,128,0.8853100035339594,1.800986647605896,0.5910223722457886,0.0546875
"translation prox, sharpness 1, noisy, direct start, default partitions",27,128,0.8710448546335101,2.0719141960144043,0.570405125617981,0.046875
"translation prox, sharpness 1, noisy, direct start, default partitions",28,128,0.8631507805548608,1.73280668258667,0.5750236511230469,0.0234375
"translation prox, sharpness 1, noisy, direct start, default partitions",29,128,0.8654708191752434,1.4352818727493286,0.6106604933738708,0.0234375
"translation prox, sharpness 1, noisy, direct start, default partitions",30,128,0.8874525744467974,2.095132350921631,0.6006892919540405,0.078125
"translation prox, sharpness 1, noisy, direct start, default partitions",31,128,0.8753876276314259,1.683080792427063,0.5980815887451172,0.046875
"translation prox, sharpness 1, noisy, direct start, default partitions",32,128,0.8653567209839821,1.8931283950805664,0.5915243029594421,0.03125
"translation prox, sharpness 1, noisy, direct start, default partitions",33,128,0.8837613230571151,1.5803582668304443,0.5736594796180725,0.0859375
"translation prox, sharpness 1, noisy, direct start, default partitions",34,128,0.8928273399360478,1.6679426431655884,0.585824728012085,0.046875
"translation prox, sharpness 1, noisy, direct start, default partitions",35,128,0.834657333791256,1.2970150709152222,0.5148632526397705,0.0
"translation prox, sharpness 1, noisy, direct start, default partitions",36,128,0.8723194734193385,1.8916643857955933,0.548920214176178,0.0390625
"translation prox, sharpness 1, noisy, direct start, default partitions",37,128,0.8393242564052343,1.5971157550811768,0.5427761673927307,0.03125
"translation prox, sharpness 1, noisy, direct start, default partitions",38,128,0.8635783023200929,1.8408641815185547,0.5762783885002136,0.03125
"translation prox, sharpness 1, noisy, direct start, default partitions",39,128,0.84529461665079,1.8236736059188843,0.5892934203147888,0.0546875
"translation prox, sharpness 1, noisy, direct start, default partitions",40,128,0.8485716604627669,2.243104934692383,0.5970464944839478,0.0078125
"translation prox, sharpness 3, noisy, direct start, default partitions",1,4,0.5572254434227943,0.7166187763214111,0.342558354139328,0.0
"translation prox, sharpness 3, noisy, direct start, default partitions",2,16,0.7425770983099937,0.8297559022903442,0.6616902351379395,0.0
"translation prox, sharpness 3, noisy, direct start, default partitions",3,64,0.8453629650175571,1.1214714050292969,0.6304003000259399,0.0
"translation prox, sharpness 3, noisy, direct start, default partitions",4,128,0.8753131157718599,1.3962229490280151,0.624205470085144,0.0078125
"translation prox, sharpness 3, noisy, direct start, default partitions",5,128,0.873987456317991,1.3194501399993896,0.6197062730789185,0.0078125
"translation prox, sharpness 3, noisy, direct start, default partitions",6,128,0.8940796107053757,1.5765610933303833,0.6005594730377197,0.0390625
"translation prox, sharpness 3, noisy, direct start, default partitions",7,128,0.905513855163008,1.3637288808822632,0.6374510526657104,0.015625
"translation prox, sharpness 3, noisy, direct start, default partitions",8,128,0.9097337676212192,1.632905125617981,0.6048983335494995,0.0234375
"translation prox, sharpness 3, noisy, direct start, default partitions",9,128,0.9186904858797789,1.5827146768569946,0.6081564426422119,0.015625
"translation prox, sharpness 3, noisy, direct start, default partitions",10,128,0.8846034673042595,1.448986530303955,0.5878085494041443,0.0078125
"translation prox, sharpness 3, noisy, direct start, default partitions",11,128,0.9131820872426033,1.3780837059020996,0.6346907615661621,0.03125
"translation prox, sharpness 3, noisy, direct start, default partitions",12,128,0.8749724687077105,1.5766545534133911,0.6237359642982483,0.0078125
"translation prox, sharpness 3, noisy, direct start, default partitions",13,128,0.8965984066016972,1.81174898147583,0.5928807258605957,0.03125
"translation prox, sharpness 3, noisy, direct start, default partitions",14,128,0.9084169031120837,1.9509670734405518,0.6298269629478455,0.03125
"translation prox, sharpness 3, noisy, direct start, default partitions",15,128,0.9146653348580003,1.6113632917404175,0.6131882071495056,0.0703125
"translation prox, sharpness 3, noisy, direct start, default partitions",16,128,0.9149907473474741,1.7529851198196411,0.6256396770477295,0.0546875
"translation prox, sharpness 3, noisy, direct start, default partitions",17,128,0.886378550902009,1.7979683876037598,0.5695605874061584,0.046875
"translation prox, sharpness 3, noisy, direct start, default partitions",18,128,0.899015387520194,1.7287347316741943,0.6351293921470642,0.046875
"translation prox, sharpness 3, noisy, direct start, default partitions",19,128,0.9191831406205893,1.806978702545166,0.4986017346382141,0.0859375
"translation prox, sharpness 3, noisy, direct start, default partitions",20,128,0.8918971377424896,1.9670735597610474,0.5875083804130554,0.046875
"translation prox, sharpness 3, noisy, direct start, default partitions",21,128,0.8981270180083811,1.9724814891815186,0.6470578908920288,0.0390625
"translation prox, sharpness 3, noisy, direct start, default partitions",22,128,0.9017339055426419,2.1742122173309326,0.5945731401443481,0.0703125
"translation prox, sharpness 3, noisy, direct start, default partitions",23,128,0.9262670162133873,1.844573736190796,0.5839439630508423,0.0703125
"translation prox, sharpness 3, noisy, direct start, default partitions",24,128,0.9200023347511888,2.046600341796875,0.6340966820716858,0.0703125
"translation prox, sharpness 3, noisy, direct start, default partitions",25,128,0.9108783393166959,1.527319312095642,0.6201997399330139,0.0625
"translation prox, sharpness 3, noisy, direct start, default partitions",26,128,0.8918382911942899,1.8208235502243042,0.5902883410453796,0.0546875
"translation prox, sharpness 3, noisy, direct start, default partitions",27,128,0.8761275452561677,2.0790066719055176,0.5712780356407166,0.0390625
"translation prox, sharpness 3, noisy, direct start, default partitions",28,128,0.8731431211344898,1.6850099563598633,0.5692703723907471,0.03125
"translation prox, sharpness 3, noisy, direct start, default partitions",29,128,0.8742170198820531,1.4870021343231201,0.6075633764266968,0.046875
"translation prox, sharpness 3, noisy, direct start, default partitions",30,128,0.8964744871482253,2.2477197647094727,0.6020121574401855,0.078125
"translation prox, sharpness 3, noisy, direct start, default partitions",31,128,0.8877341486513615,1.6704334020614624,0.6001912355422974,0.0625
"translation prox, sharpness 3, noisy, direct start, default partitions",32,128,0.8728698301129043,1.8759791851043701,0.5927952527999878,0.0234375
"translation prox, sharpness 3, noisy, direct start, default partitions",33,128,0.8932614740915596,1.6718459129333496,0.5942230224609375,0.0859375
"translation prox, sharpness 3, noisy, direct start, default partitions",34,128,0.9018603432923555,1.7241393327713013,0.5848587155342102,0.046875
"translation prox, sharpness 3, noisy, direct start, default partitions",35,128,0.8454487710259855,1.3677550554275513,0.5133354067802429,0.0078125
"translation prox, sharpness 3, noisy, direct start, default partitions",36,128,0.8849835689179599,2.00669527053833,0.5521703362464905,0.0390625
"translation prox, sharpness 3, noisy, direct start, default partitions",37,128,0.8487986829131842,1.6025035381317139,0.548206627368927,0.0390625
"translation prox, sharpness 3, noisy, direct start, default partitions",38,128,0.876352425199002,2.3095834255218506,0.5765411257743835,0.03125
"translation prox, sharpness 3, noisy, direct start, default partitions",39,128,0.8572900565341115,2.182121992111206,0.5929335951805115,0.0546875
"translation prox, sharpness 3, noisy, direct start, default partitions",40,128,0.8580157281830907,2.2413275241851807,0.5990325808525085,0.03125
"multiaxis recon, sharpness -1, noisy, direct start, default partitions",1,4,0.36814456433057785,0.41894468665122986,0.2682167589664459,0.0
"multiaxis recon, sharpness -1, noisy, direct start, default partitions",2,16,0.8119879029691219,0.8577531576156616,0.5949545502662659,0.0
"multiaxis recon, sharpness -1, noisy, direct start, default partitions",3,64,0.897164330817759,0.9256134629249573,0.8525958061218262,0.0
"multiaxis recon, sharpness -1, noisy, direct start, default partitions",4,128,0.9241950470022857,0.9556910395622253,0.8851990103721619,0.0
"multiaxis recon, sharpness -1, noisy, direct start, default partitions",5,128,0.9421015144325793,0.9670653939247131,0.8847060203552246,0.0
"multiaxis recon, sharpness -1, noisy, direct start, default partitions",6,128,0.9529798729345202,0.9725231528282166,0.9187198281288147,0.0
"multiaxis recon, sharpness -1, noisy, direct start, default partitions",7,128,0.9620852037332952,0.9868307709693909,0.9362590909004211,0.0
"multiaxis recon, sharpness -1, noisy, direct start, default partitions",8,128,0.9674187232740223,0.9907094836235046,0.9436364769935608,0.0
"multiaxis recon, sharpness -1, noisy, direct start, default partitions",9,128,0.971898561809212,0.9990482926368713,0.9431792497634888,0.0
"multiaxis recon, sharpness -1, noisy, direct start, default partitions",10,128,0.9728992558084428,0.9940130710601807,0.9392228126525879,0.0
"multiaxis recon, sharpness -1, noisy, direct start, default partitions",11,128,0.9734678906388581,0.9953028559684753,0.9408078789710999,0.0
"multiaxis recon, sharpness -1, noisy, direct start, default partitions",12,128,0.9748674859292805,0.9970195889472961,0.9465968608856201,0.0
"multiaxis recon, sharpness -1, noisy, direct start, default partitions",13,128,0.9749822579324245,1.0007996559143066,0.9413561820983887,0.0
"multiaxis recon, sharpness -1, noisy, direct start, default partitions",14,128,0.9744890541769564,0.9996570348739624,0.9355502724647522,0.0
"multiaxis recon, sharpness -1, noisy, direct start, default partitions",15,128,0.974429449532181,1.0003000497817993,0.9481264352798462,0.0
"multiaxis recon, sharpness -1, noisy, direct start, default partitions",16,128,0.9740897021256387,0.9926952719688416,0.9505398273468018,0.0
"multiaxis recon, sharpness -1, noisy, direct start, default partitions",17,128,0.9732047901488841,0.9956733584403992,0.9447624683380127,0.0
"multiaxis recon, sharpness -1, noisy, direct start, default partitions",18,128,0.9715837705880404,0.9892329573631287,0.9414018392562866,0.0
"multiaxis recon, sharpness -1, noisy, direct start, default partitions",19,128,0.9711010293103755,0.9913854002952576,0.9359621405601501,0.0
"multiaxis recon, sharpness -1, noisy, direct start, default partitions",20,128,0.9709006655029953,0.9884396195411682,0.9405091404914856,0.0
"multiaxis recon, sharpness -1, noisy, direct start, default partitions",21,128,0.9705630973912776,0.9970527291297913,0.9438246488571167,0.0
"multiaxis recon, sharpness -1, noisy, direct start, default partitions",22,128,0.9688856573775411,0.98853999376297,0.937860369682312,0.0
"multiaxis recon, sharpness -1, noisy, direct start, default partitions",23,128,0.9685135437175632,0.9833111763000488,0.9422392845153809,0.0
"multiaxis recon, sharpness -1, noisy, direct start, default partitions",24,128,0.9680225197225809,0.9848381280899048,0.943733811378479,0.0
"multiaxis recon, sharpness -1, noisy, direct start, default partitions",25,128,0.9675648221746087,0.9850919842720032,0.9388482570648193,0.0
"multiaxis recon, sharpness -1, noisy, direct start, default partitions",26,128,0.9665395999327302,0.9846726655960083,0.9260234236717224,0.0
"multiaxis recon, sharpness -1, noisy, direct start, default partitions",27,128,0.9659590986557305,0.9798579216003418,0.9397149682044983,0.0
"multiaxis recon, sharpness -1, noisy, direct start, default partitions",28,128,0.9656426277942955,0.9787797331809998,0.9437379837036133,0.0
"multiaxis recon, sharpness -1, noisy, direct start, default partitions",29,128,0.965057710185647,0.9824153780937195,0.9266295433044434,0.0
"multiaxis recon, sharpness -1, noisy, direct start, default partitions",30,128,0.9642697023227811,0.980006992816925,0.9406684637069702,0.0
"multiaxis recon, sharpness -1, noisy, direct start, default partitions",31,128,0.9635733249597251,0.9746607542037964,0.9398561716079712,0.0
"multiaxis recon, sharpness -1, noisy, direct start, default partitions",32,128,0.9641624414362013,0.9760063886642456,0.9371200799942017,0.0
"multiaxis recon, sharpness -1, noisy, direct start, default partitions",33,128,0.9632854615338147,0.9767100811004639,0.9243214726448059,0.0
"multiaxis recon, sharpness -1, noisy, direct start, default partitions",34,128,0.962642268743366,0.9765864014625549,0.9316542148590088,0.0
"multiaxis recon, sharpness -1, noisy, direct start, default partitions",35,128,0.9620659444481134,0.9726248979568481,0.9427851438522339,0.0
"multiaxis recon, sharpness -1, noisy, direct start, default partitions",36,128,0.9623129013925791,0.9738612174987793,0.9395260214805603,0.0
"multiaxis recon, sharpness -1, noisy, direct start, default partitions",37,128,0.9616641560569406,0.9750362634658813,0.9219381809234619,0.0
"multiaxis recon, sharpness -1, noisy, direct start, default partitions",38,128,0.9613304547965527,0.9727724194526672,0.9259812235832214,0.0
"multiaxis recon, sharpness -1, noisy, direct start, default partitions",39,128,0.961087807547301,0.9740090370178223,0.9435998201370239,0.0
"multiaxis recon, sharpness -1, noisy, direct start, default partitions",40,128,0.9612504858523607,0.9738465547561646,0.9352483749389648,0.0
"multiaxis recon, sharpness 1, noisy, direct start, default partitions",1,4,0.13721902295947075,0.14858964085578918,0.11152856051921844,0.0
"multiaxis recon, sharpness 1, noisy, direct start, default partitions",2,16,0.5671267211437225,0.632376492023468,0.3141821622848511,0.0
"multiaxis recon, sharpness 1, noisy, direct start, default partitions",3,64,0.729903400875628,0.7884042859077454,0.663580060005188,0.0
"multiaxis recon, sharpness 1, noisy, direct start, default partitions",4,128,0.7631143289618194,0.8214222192764282,0.6808803677558899,0.0
"multiaxis recon, sharpness 1, noisy, direct start, default partitions",5,128,0.7730975579470396,0.8135136365890503,0.6683046817779541,0.0
"multiaxis recon, sharpness 1, noisy, direct start, default partitions",6,128,0.7809868287295103,0.8493476510047913,0.7048259377479553,0.0
"multiaxis recon, sharpness 1, noisy, direct start, default partitions",7,128,0.7930273143574595,0.8595998287200928,0.7348203063011169,0.0
"multiaxis recon, sharpness 1, noisy, direct start, default partitions",8,128,0.7998510566540062,0.8534637093544006,0.7183464765548706,0.0
"multiaxis recon, sharpness 1, noisy, direct start, default partitions",9,128,0.8056672010570765,0.8684124946594238,0.7301057577133179,0.0
"multiaxis recon, sharpness 1, noisy, direct start, default partitions",10,128,0.8100492996163666,0.8798907995223999,0.728242814540863,0.0
"multiaxis recon, sharpness 1, noisy, direct start, default partitions",11,128,0.8176901820115745,0.8756020665168762,0.7347127795219421,0.0
"multiaxis recon, sharpness 1, noisy, direct start, default partitions",12,128,0.8302127490751445,0.9166198372840881,0.7194651365280151,0.0
"multiaxis recon, sharpness 1, noisy, direct start, default partitions",13,128,0.8376841614954174,0.9431422352790833,0.7650628685951233,0.0
"multiaxis recon, sharpness 1, noisy, direct start, default partitions",14,128,0.8394134612753987,0.9168657660484314,0.7464097738265991,0.0
"multiaxis recon, sharpness 1, noisy, direct start, default partitions",15,128,0.8483741795644164,0.9172869324684143,0.7668012380599976,0.0
"multiaxis recon, sharpness 1, noisy, direct start, default partitions",16,128,0.8531543239951134,0.936546802520752,0.7661572098731995,0.0
"multiaxis recon, sharpness 1, noisy, direct start, default partitions",17,128,0.8570723072625697,0.9479442834854126,0.7744624018669128,0.0
"multiaxis recon, sharpness 1, noisy, direct start, default partitions",18,128,0.8549868715927005,0.9324422478675842,0.7137449383735657,0.0
"multiaxis recon, sharpness 1, noisy, direct start, default partitions",19,128,0.8587028407491744,0.9415536522865295,0.7388108372688293,0.0
"multiaxis recon, sharpness 1, noisy, direct start, default partitions",20,128,0.8611507527530193,0.9717169404029846,0.7772977948188782,0.0
"multiaxis recon, sharpness 1, noisy, direct start, default partitions",21,128,0.8627982069738209,0.9905994534492493,0.7778852581977844,0.0
"multiaxis recon, sharpness 1, noisy, direct start, default partitions",22,128,0.8603854896500707,0.9285680651664734,0.7402375936508179,0.0
"multiaxis recon, sharpness 1, noisy, direct start, default partitions",23,128,0.8581784027628601,0.9412442445755005,0.7524208426475525,0.0
"multiaxis recon, sharpness 1, noisy, direct start, default partitions",24,128,0.8578964313492179,0.9218952655792236,0.7598620653152466,0.0
"multiaxis recon, sharpness 1, noisy, direct start, default partitions",25,128,0.858599835075438,0.9353702068328857,0.7678239345550537,0.0
"multiaxis recon, sharpness 1, noisy, direct start, default partitions",26,128,0.8548073992133141,0.9624261856079102,0.6927921175956726,0.0
"multiaxis recon, sharpness 1, noisy, direct start, default partitions",27,128,0.851268264465034,0.9300014972686768,0.7594976425170898,0.0
"multiaxis recon, sharpness 1, noisy, direct start, default partitions",28,128,0.8504632189869881,0.9319531917572021,0.7525866627693176,0.0
"multiaxis recon, sharpness 1, noisy, direct start, default partitions",29,128,0.8498510206118226,0.9586369395256042,0.7387224435806274,0.0
"multiaxis recon, sharpness 1, noisy, direct start, default partitions",30,128,0.8467907262966037,0.9454501867294312,0.6607721447944641,0.0
"multiaxis recon, sharpness 1, noisy, direct start, default partitions",31,128,0.8426358220167458,0.9363517165184021,0.7293989062309265,0.0
"multiaxis recon, sharpness 1, noisy, direct start, default partitions",32,128,0.8468775418587029,0.9105883240699768,0.7370190620422363,0.0
"multiaxis recon, sharpness 1, noisy, direct start, default partitions",33,128,0.841051999013871,0.9113541841506958,0.7176223993301392,0.0
"multiaxis recon, sharpness 1, noisy, direct start, default partitions",34,128,0.8385224789381027,0.9110263586044312,0.7044492363929749,0.0
"multiaxis recon, sharpness 1, noisy, direct start, default partitions",35,128,0.8365964447148144,0.9247119426727295,0.7628783583641052,0.0
"multiaxis recon, sharpness 1, noisy, direct start, default partitions",36,128,0.834988244343549,0.894548237323761,0.7587406635284424,0.0
"multiaxis recon, sharpness 1, noisy, direct start, default partitions",37,128,0.8320724363438785,0.9191223382949829,0.6909748315811157,0.0
"multiaxis recon, sharpness 1, noisy, direct start, default partitions",38,128,0.8339993013069034,0.9005180597305298,0.6953245997428894,0.0
"multiaxis recon, sharpness 1, noisy, direct start, default partitions",39,128,0.830463838763535,0.8886026740074158,0.7532961964607239,0.0
"multiaxis recon, sharpness 1, noisy, direct start, default partitions",40,128,0.8309394707903266,0.8903164267539978,0.719936728477478,0.0
"multiaxis recon, sharpness 3, noisy, direct start, default partitions",1,4,0.1033769752830267,0.11190782487392426,0.07878986746072769,0.0
"multiaxis recon, sharpness 3, noisy, direct start, default partitions",2,16,0.4719873759895563,0.5203040242195129,0.2666231691837311,0.0
"multiaxis recon, sharpness 3, noisy, direct start, default partitions",3,64,0.6792332865297794,0.7398260831832886,0.6144773364067078,0.0
"multiaxis recon, sharpness 3, noisy, direct start, default partitions",4,128,0.7277700155973434,0.8112215399742126,0.660654604434967,0.0
"multiaxis recon, sharpness 3, noisy, direct start, default partitions",5,128,0.7446654452942312,0.8147558569908142,0.6467491984367371,0.0
"multiaxis recon, sharpness 3, noisy, direct start, default partitions",6,128,0.7493441835977137,0.8519558310508728,0.6452993154525757,0.0
"multiaxis recon, sharpness 3, noisy, direct start, default partitions",7,128,0.7555650034919381,0.8257360458374023,0.6881427764892578,0.0
"multiaxis recon, sharpness 3, noisy, direct start, default partitions",8,128,0.7600892619229853,0.8084993362426758,0.6707336902618408,0.0
"multiaxis recon, sharpness 3, noisy, direct start, default partitions",9,128,0.7532964460551739,0.8307005167007446,0.6758076548576355,0.0
"multiaxis recon, sharpness 3, noisy, direct start, default partitions",10,128,0.7516171829774976,0.8485633730888367,0.6565173268318176,0.0
"multiaxis recon, sharpness 3, noisy, direct start, default partitions",11,128,0.7505931677296758,0.832383394241333,0.6651704907417297,0.0
"multiaxis recon, sharpness 3, noisy, direct start, default partitions",12,128,0.7499994891695678,0.8099945187568665,0.6565347909927368,0.0
"multiaxis recon, sharpness 3, noisy, direct start, default partitions",13,128,0.7510028532706201,0.815771758556366,0.6553444862365723,0.0
"multiaxis recon, sharpness 3, noisy, direct start, default partitions",14,128,0.7473363322205842,0.8150867223739624,0.6799677014350891,0.0
"multiaxis recon, sharpness 3, noisy, direct start, default partitions",15,128,0.7456494402140379,0.8417631387710571,0.6721230149269104,0.0
"multiaxis recon, sharpness 3, noisy, direct start, default partitions",16,128,0.745025375392288,0.8345090746879578,0.6849924325942993,0.0
"multiaxis recon, sharpness 3, noisy, direct start, default partitions",17,128,0.7428256836719811,0.8140711188316345,0.6547797322273254,0.0
"multiaxis recon, sharpness 3, noisy, direct start, default partitions",18,128,0.740709834266454,0.7970957159996033,0.6441608667373657,0.0
"multiaxis recon, sharpness 3, noisy, direct start, default partitions",19,128,0.7393969395197928,0.8151430487632751,0.6440981030464172,0.0
"multiaxis recon, sharpness 3, noisy, direct start, default partitions",20,128,0.73959751566872,0.8092144131660461,0.660882830619812,0.0
"multiaxis recon, sharpness 3, noisy, direct start, default partitions",21,128,0.7419441901147366,0.8115163445472717,0.6476095914840698,0.0
"multiaxis recon, sharpness 3, noisy, direct start, default partitions",22,128,0.7419048468582332,0.8002824187278748,0.6692540049552917,0.0
"multiaxis recon, sharpness 3, noisy, direct start, default partitions",23,128,0.7382033285684884,0.8159598708152771,0.6484772562980652,0.0
"multiaxis recon, sharpness 3, noisy, direct start, default partitions",24,128,0.7388207325711846,0.8104109764099121,0.6515076160430908,0.0
"multiaxis recon, sharpness 3, noisy, direct start, default partitions",25,128,0.7389956507831812,0.8048833608627319,0.663862407207489,0.0
"multiaxis recon, sharpness 3, noisy, direct start, default partitions",26,128,0.7399577456526458,0.7985849976539612,0.6231521368026733,0.0
"multiaxis recon, sharpness 3, noisy, direct start, default partitions",27,128,0.7358023878186941,0.7973225712776184,0.6548211574554443,0.0
"multiaxis recon, sharpness 3, noisy, direct start, default partitions",28,128,0.7356649129651487,0.7962107062339783,0.6782541871070862,0.0
"multiaxis recon, sharpness 3, noisy, direct start, default partitions",29,128,0.7378917918540537,0.8116317987442017,0.6611396074295044,0.0
"multiaxis recon, sharpness 3, noisy, direct start, default partitions",30,128,0.7373664434999228,0.7987858057022095,0.6293944716453552,0.0
"multiaxis recon, sharpness 3, noisy, direct start, default partitions",31,128,0.7347050895914435,0.8038783669471741,0.6455860137939453,0.0
"multiaxis recon, sharpness 3, noisy, direct start, default partitions",32,128,0.7375475629232824,0.8156464695930481,0.6503996849060059,0.0
"multiaxis recon, sharpness 3, noisy, direct start, default partitions",33,128,0.7352904384024441,0.7945796251296997,0.6403222680091858,0.0
"multiaxis recon, sharpness 3, noisy, direct start, default partitions",34,128,0.7371241729706526,0.7955151796340942,0.6526439189910889,0.0
"multiaxis recon, sharpness 3, noisy, direct start, default partitions",35,128,0.7371628256514668,0.8266237378120422,0.6567541360855103,0.0
"multiaxis recon, sharpness 3, noisy, direct start, default partitions",36,128,0.7356201293878257,0.793594241142273,0.6666855216026306,0.0
"multiaxis recon, sharpness 3, noisy, direct start, default partitions",37,128,0.7349339141510427,0.7941855192184448,0.6536864042282104,0.0
"multiaxis recon, sharpness 3, noisy, direct start, default partitions",38,128,0.738138847053051,0.8222607374191284,0.6156529784202576,0.0
"multiaxis recon, sharpness 3, noisy, direct start, default partitions",39,128,0.737789283040911,0.8094411492347717,0.6720725893974304,0.0
"multiaxis recon, sharpness 3, noisy, direct start, default partitions",40,128,0.7374865608289838,0.802460253238678,0.6450789570808411,0.0
"multiaxis prox, sharpness -1, noisy, direct start, default partitions",1,4,0.8571866899728775,0.9281129240989685,0.7422142624855042,0.0
"multiaxis prox, sharpness -1, noisy, direct start, default partitions",2,16,0.9475441947579384,0.9728214144706726,0.9095736742019653,0.0
"multiaxis prox, sharpness -1, noisy, direct start, default partitions",3,64,0.9672624748200178,0.9756632447242737,0.9547020792961121,0.0
"multiaxis prox, sharpness -1, noisy, direct start, default partitions",4,128,0.9704364337958395,0.9814668893814087,0.9566524624824524,0.0
"multiaxis prox, sharpness -1, noisy, direct start, default partitions",5,128,0.9707004632800817,0.9791990518569946,0.9513403177261353,0.0
"multiaxis prox, sharpness -1, noisy, direct start, default partitions",6,128,0.9709540950134397,0.9814674854278564,0.953681230545044,0.0
"multiaxis prox, sharpness -1, noisy, direct start, default partitions",7,128,0.970556206535548,0.9883813261985779,0.9516574144363403,0.0
"multiaxis prox, sharpness -1, noisy, direct start, default partitions",8,128,0.9699723063968122,0.9800752997398376,0.9459151029586792,0.0
"multiaxis prox, sharpness -1, noisy, direct start, default partitions",9,128,0.9686395023018122,0.9777461290359497,0.9511746168136597,0.0
"multiaxis prox, sharpness -1, noisy, direct start, default partitions",10,128,0.9553635590709746,0.9697144031524658,0.8345279097557068,0.0
"multiaxis prox, sharpness -1, noisy, direct start, default partitions",11,128,0.819762002909556,0.9136589169502258,0.34573426842689514,0.0
"multiaxis prox, sharpness -1, noisy, direct start, default partitions",12,128,0.32844826963264495,0.5698677897453308,0.12616698443889618,0.0
"multiaxis prox, sharpness -1, noisy, direct start, default partitions",13,128,0.13548895763233304,0.2637908160686493,0.06929781287908554,0.0
"multiaxis prox, sharpness -1, noisy, direct start, default partitions",14,128,0.10220519127324224,0.17696014046669006,0.037133339792490005,0.0
"multiaxis prox, sharpness -1, noisy, direct start, default partitions",15,128,0.08107401849702,0.2405177652835846,0.027677280828356743,0.0
"multiaxis prox, sharpness -1, noisy, direct start, default partitions",16,128,0.06951145041966811,0.1100701168179512,0.03657134622335434,0.0
"multiaxis prox, sharpness -1, noisy, direct start, default partitions",17,128,0.06368475884664804,0.09419016540050507,0.03380708396434784,0.0
"multiaxis prox, sharpness -1, noisy, direct start, default partitions",18,128,0.05970638946746476,0.11151309311389923,0.028585435822606087,0.0
"multiaxis prox, sharpness -1, noisy, direct start, default partitions",19,128,0.05543572621536441,0.12017214298248291,0.02373626083135605,0.0
"multiaxis prox, sharpness -1, noisy, direct start, default partitions",20,128,0.0525604914437281,0.07552497833967209,0.02978644147515297,0.0
"multiaxis prox, sharpness -1, noisy, direct start, default partitions",21,128,0.05063519753457513,0.07205413281917572,0.02701597474515438,0.0
"multiaxis prox, sharpness -1, noisy, direct start, default partitions",22,128,0.04935617290902883,0.08732546120882034,0.025261303409934044,0.0
"multiaxis prox, sharpness -1, noisy, direct start, default partitions",23,128,0.047611444897484034,0.09156343340873718,0.02091168612241745,0.0
"multiaxis prox, sharpness -1, noisy, direct start, default partitions",24,128,0.0465332186431624,0.0696047842502594,0.026321634650230408,0.0
"multiaxis prox, sharpness -1, noisy, direct start, default partitions",25,128,0.04545823545777239,0.06654809415340424,0.023519782349467278,0.0
"multiaxis prox, sharpness -1, noisy, direct start, default partitions",26,128,0.04495194696937688,0.07882138341665268,0.023214656859636307,0.0
"multiaxis prox, sharpness -1, noisy, direct start, default partitions",27,128,0.04387661247164942,0.07976942509412766,0.019629841670393944,0.0
"multiaxis prox, sharpness -1, noisy, direct start, default partitions",28,128,0.04343832825543359,0.06720901280641556,0.024320803582668304,0.0
"multiaxis prox, sharpness -1, noisy, direct start, default partitions",29,128,0.04270143320900388,0.0631076842546463,0.0219854898750782,0.0
"multiaxis prox, sharpness -1, noisy, direct start, default partitions",30,128,0.042492129970924,0.07454472780227661,0.022105073556303978,0.0
"multiaxis prox, sharpness -1, noisy, direct start, default partitions",31,128,0.04177375636936631,0.07393253594636917,0.018701476976275444,0.0
"multiaxis prox, sharpness -1, noisy, direct start, default partitions",32,128,0.04157480095454957,0.06569606065750122,0.022986095398664474,0.0
"multiaxis prox, sharpness -1, noisy, direct start, default partitions",33,128,0.04100169797311537,0.061051253229379654,0.02053621970117092,0.0
"multiaxis prox, sharpness -1, noisy, direct start, default partitions",34,128,0.04095987159234937,0.072018101811409,0.02088918536901474,0.0
"multiaxis prox, sharpness -1, noisy, direct start, default partitions",35,128,0.04041218287602533,0.07069335132837296,0.01811869442462921,0.0
"multiaxis prox, sharpness -1, noisy, direct start, default partitions",36,128,0.04035571667191107,0.06442528963088989,0.02117837965488434,0.0
"multiaxis prox, sharpness -1, noisy, direct start, default partitions",37,128,0.03987971968308557,0.05962555110454559,0.019636431708931923,0.0
"multiaxis prox, sharpness -1, noisy, direct start, default partitions",38,128,0.039924938915646635,0.07059852033853531,0.020048292353749275,0.0
"multiaxis prox, sharpness -1, noisy, direct start, default partitions",39,128,0.03947988574509509,0.06881678104400635,0.017643116414546967,0.0
"multiaxis prox, sharpness -1, noisy, direct start, default partitions",40,128,0.03949717618525028,0.06341104954481125,0.01987033151090145,0.0
"multiaxis prox, sharpness 1, noisy, direct start, default partitions",1,4,0.20782775431871414,0.22834867238998413,0.15915454924106598,0.0
"multiaxis prox, sharpness 1, noisy, direct start, default partitions",2,16,0.7365348562598228,0.800847589969635,0.4259529709815979,0.0
"multiaxis prox, sharpness 1, noisy, direct start, default partitions",3,64,0.8271815255284309,0.8676953911781311,0.7580663561820984,0.0
"multiaxis prox, sharpness 1, noisy, direct start, default partitions",4,128,0.8379857828840613,0.887222409248352,0.784976601600647,0.0
"multiaxis prox, sharpness 1, noisy, direct start, default partitions",5,128,0.838910368271172,0.8825117945671082,0.753447413444519,0.0
"multiaxis prox, sharpness 1, noisy, direct start, default partitions",6,128,0.8458158881403506,0.9047092795372009,0.7741137742996216,0.0
"multiaxis prox, sharpness 1, noisy, direct start, default partitions",7,128,0.8515626527369022,0.9315755367279053,0.769494891166687,0.0
"multiaxis prox, sharpness 1, noisy, direct start, default partitions",8,128,0.8564191041514277,0.9393551349639893,0.7767917513847351,0.0
"multiaxis prox, sharpness 1, noisy, direct start, default partitions",9,128,0.8592164423316717,0.940959632396698,0.7093610763549805,0.0
"multiaxis prox, sharpness 1, noisy, direct start, default partitions",10,128,0.868411903269589,1.0024793148040771,0.77903151512146,0.0
"multiaxis prox, sharpness 1, noisy, direct start, default partitions",11,128,0.8751663346774876,1.0350996255874634,0.7716417908668518,0.0
"multiaxis prox, sharpness 1, noisy, direct start, default partitions",12,128,0.8877733293920755,1.0086551904678345,0.7640207409858704,0.0
"multiaxis prox, sharpness 1, noisy, direct start, default partitions",13,128,0.8917364426888525,1.0950374603271484,0.7693789005279541,0.0
"multiaxis prox, sharpness 1, noisy, direct start, default partitions",14,128,0.9054095069877803,1.073041319847107,0.730819582939148,0.0
"multiaxis prox, sharpness 1, noisy, direct start, default partitions",15,128,0.9072148748673499,1.0753053426742554,0.7466156482696533,0.0
"multiaxis prox, sharpness 1, noisy, direct start, default partitions",16,128,0.9111060625873506,1.160245418548584,0.7764790058135986,0.0
"multiaxis prox, sharpness 1, noisy, direct start, default partitions",17,128,0.8917894950136542,1.1347121000289917,0.7688683271408081,0.0
"multiaxis prox, sharpness 1, noisy, direct start, default partitions",18,128,0.790195394307375,0.9543118476867676,0.6250996589660645,0.0
"multiaxis prox, sharpness 1, noisy, direct start, default partitions",19,128,0.5762981148436666,0.7344986796379089,0.3090602457523346,0.0
"multiaxis prox, sharpness 1, noisy, direct start, default partitions",20,128,0.3564406535588205,0.5763117074966431,0.08886553347110748,0.0
"multiaxis prox, sharpness 1, noisy, direct start, default partitions",21,128,0.24405807221774012,0.4757445752620697,0.09325894713401794,0.0
"multiaxis prox, sharpness 1, noisy, direct start, default partitions",22,128,0.18764231505338103,0.32137396931648254,0.0675855278968811,0.0
"multiaxis prox, sharpness 1, noisy, direct start, default partitions",23,128,0.15480290850973688,0.28149881958961487,0.058873698115348816,0.0
"multiaxis prox, sharpness 1, noisy, direct start, default partitions",24,128,0.1319887446879875,0.19290204346179962,0.03594017028808594,0.0
"multiaxis prox, sharpness 1, noisy, direct start, default partitions",25,128,0.11493976810015738,0.20632019639015198,0.03642596676945686,0.0
"multiaxis prox, sharpness 1, noisy, direct start, default partitions",26,128,0.10221711135818623,0.15408018231391907,0.03580435737967491,0.0
"multiaxis prox, sharpness 1, noisy, direct start, default partitions",27,128,0.09222328561008908,0.13562308251857758,0.03421667218208313,0.0
"multiaxis prox, sharpness 1, noisy, direct start, default partitions",28,128,0.08392426317732316,0.12308003753423691,0.025429382920265198,0.0
"multiaxis prox, sharpness 1, noisy, direct start, default partitions",29,128,0.07716664246981964,0.13643255829811096,0.024511689320206642,0.0
"multiaxis prox, sharpness 1, noisy, direct start, default partitions",30,128,0.07161331626411993,0.10288891941308975,0.025836579501628876,0.0
"multiaxis prox, sharpness 1, noisy, direct start, default partitions",31,128,0.06691159072215669,0.09495745599269867,0.026813320815563202,0.0
"multiaxis prox, sharpness 1, noisy, direct start, default partitions",32,128,0.06275291550264228,0.08989952504634857,0.019750243052840233,0.0
"multiaxis prox, sharpness 1, noisy, direct start, default partitions",33,128,0.05920199704996776,0.10041289776563644,0.020013831555843353,0.0
"multiaxis prox, sharpness 1, noisy, direct start, default partitions",34,128,0.056270995148224756,0.08021551370620728,0.021361151710152626,0.0
"multiaxis prox, sharpness 1, noisy, direct start, default partitions",35,128,0.05362307824543677,0.07442820072174072,0.022322800010442734,0.0
"multiaxis prox, sharpness 1, noisy, direct start, default partitions",36,128,0.051213691956945695,0.07429967075586319,0.017483649775385857,0.0
"multiaxis prox, sharpness 1, noisy, direct start, default partitions",37,128,0.04911594335862901,0.07779835164546967,0.017799165099859238,0.0
"multiaxis prox, sharpness 1, noisy, direct start, default partitions",38,128,0.04742882495338563,0.06543788313865662,0.018963651731610298,0.0
"multiaxis prox, sharpness 1, noisy, direct start, default partitions",39,128,0.0458985219738679,0.06307248771190643,0.01982148177921772,0.0
"multiaxis prox, sharpness 1, noisy, direct start, default partitions",40,128,0.0443882225517882,0.06306600570678711,0.01565226912498474,0.0
"multiaxis prox, sharpness 3, noisy, direct start, default partitions",1,4,0.1062338761985302,0.11497241258621216,0.08114941418170929,0.0
"multiaxis prox, sharpness 3, noisy, direct start, default partitions",2,16,0.4852406643331051,0.535423755645752,0.27285292744636536,0.0
"multiaxis prox, sharpness 3, noisy, direct start, default partitions",3,64,0.6876293141394854,0.7495388984680176,0.624263346195221,0.0
"multiaxis prox, sharpness 3, noisy, direct start, default partitions",4,128,0.7273583984933794,0.7967556715011597,0.6498194932937622,0.0
"multiaxis prox, sharpness 3, noisy, direct start, default partitions",5,128,0.7353214211761951,0.8049888014793396,0.6632686853408813,0.0
"multiaxis prox, sharpness 3, noisy, direct start, default partitions",6,128,0.736017236020416,0.8115585446357727,0.6590040922164917,0.0
"multiaxis prox, sharpness 3, noisy, direct start, default partitions",7,128,0.7406797748990357,0.8306881785392761,0.6610516309738159,0.0
"multiaxis prox, sharpness 3, noisy, direct start, default partitions",8,128,0.7439496479928493,0.7947018146514893,0.6538063883781433,0.0
"multiaxis prox, sharpness 3, noisy, direct start, default partitions",9,128,0.7415662365965545,0.81532222032547,0.6711226105690002,0.0
"multiaxis prox, sharpness 3, noisy, direct start, default partitions",10,128,0.7417574734427035,0.8451012969017029,0.6511204838752747,0.0
"multiaxis prox, sharpness 3, noisy, direct start, default partitions",11,128,0.7452229736372828,0.8052729368209839,0.6612519025802612,0.0
"multiaxis prox, sharpness 3, noisy, direct start, default partitions",12,128,0.746588384732604,0.815753161907196,0.6494113802909851,0.0
"multiaxis prox, sharpness 3, noisy, direct start, default partitions",13,128,0.750993805937469,0.8443191051483154,0.6647396683692932,0.0
"multiaxis prox, sharpness 3, noisy, direct start, default partitions",14,128,0.7516487971879542,0.8231711387634277,0.6875176429748535,0.0
"multiaxis prox, sharpness 3, noisy, direct start, default partitions",15,128,0.756796495988965,0.8633055686950684,0.6904357075691223,0.0
"multiaxis prox, sharpness 3, noisy, direct start, default partitions",16,128,0.759613994974643,0.8398755192756653,0.6965005993843079,0.0
"multiaxis prox, sharpness 3, noisy, direct start, default partitions",17,128,0.7610855926759541,0.8492414355278015,0.6501678228378296,0.0
"multiaxis prox, sharpness 3, noisy, direct start, default partitions",18,128,0.7629126911051571,0.8330451250076294,0.6662359833717346,0.0
"multiaxis prox, sharpness 3, noisy, direct start, default partitions",19,128,0.7698646546341479,0.8547971844673157,0.6588175892829895,0.0
"multiaxis prox, sharpness 3, noisy, direct start, default partitions",20,128,0.7743477253243327,0.849753201007843,0.6852883696556091,0.0
"multiaxis prox, sharpness 3, noisy, direct start, default partitions",21,128,0.7795223733410239,0.8798049688339233,0.6930488348007202,0.0
"multiaxis prox, sharpness 3, noisy, direct start, default partitions",22,128,0.7819133386947215,0.8514217734336853,0.700377345085144,0.0
"multiaxis prox, sharpness 3, noisy, direct start, default partitions",23,128,0.7885354729369283,0.8675601482391357,0.7010828256607056,0.0
"multiaxis prox, sharpness 3, noisy, direct start, default partitions",24,128,0.7930307053029537,0.9130827188491821,0.6957370638847351,0.0
"multiaxis prox, sharpness 3, noisy, direct start, default partitions",25,128,0.7966422904282808,0.9022700190544128,0.6871739029884338,0.0
"multiaxis prox, sharpness 3, noisy, direct start, default partitions",26,128,0.8024892653338611,0.8944411873817444,0.6807382106781006,0.0
"multiaxis prox, sharpness 3, noisy, direct start, default partitions",27,128,0.805442098993808,0.891736626625061,0.7054498791694641,0.0
"multiaxis prox, sharpness 3, noisy, direct start, default partitions",28,128,0.8098880383186042,0.9133429527282715,0.7117391228675842,0.0
"multiaxis prox, sharpness 3, noisy, direct start, default partitions",29,128,0.8129882644861937,0.9865408539772034,0.7108573913574219,0.0
"multiaxis prox, sharpness 3, noisy, direct start, default partitions",30,128,0.8192156064324081,0.920387864112854,0.7034187912940979,0.0
"multiaxis prox, sharpness 3, noisy, direct start, default partitions",31,128,0.8251108177937567,0.9647154211997986,0.701031506061554,0.0
"multiaxis prox, sharpness 3, noisy, direct start, default partitions",32,128,0.8334160554222763,0.9823313355445862,0.7188102602958679,0.0
"multiaxis prox, sharpness 3, noisy, direct start, default partitions",33,128,0.8306598765775561,0.9784999489784241,0.671794056892395,0.0
"multiaxis prox, sharpness 3, noisy, direct start, default partitions",34,128,0.8423877349123359,0.961017370223999,0.6980026960372925,0.0
"multiaxis prox, sharpness 3, noisy, direct start, default partitions",35,128,0.8462965078651905,0.9791820049285889,0.7392697334289551,0.0
"multiaxis prox, sharpness 3, noisy, direct start, default partitions",36,128,0.852780600078404,0.996010422706604,0.7383395433425903,0.0
"multiaxis prox, sharpness 3, noisy, direct start, default partitions",37,128,0.8562640394084156,1.0323306322097778,0.7016671299934387,0.0
"multiaxis prox, sharpness 3, noisy, direct start, default partitions",38,128,0.8655147147364914,1.0053402185440063,0.7345209717750549,0.0
"multiaxis prox, sharpness 3, noisy, direct start, default partitions",39,128,0.8738809167407453,1.0362577438354492,0.7149730920791626,0.0
"multiaxis prox, sharpness 3, noisy, direct start, default partitions",40,128,0.875298104248941,1.0252280235290527,0.7412746548652649,0.0
