iteration,orientation,plane,iterations,percent_change_last,gradient_last
1,XYt,0,136,0.005134737265119806,0.009842954592169802
1,XYt,1,136,0.004676462418721671,0.00988126109771429
1,XYt,2,136,0.00414352015091124,0.009965090434866802
1,XYt,3,136,0.0036328176332389808,0.009985318455260796
1,XYt,4,136,0.0032159955081725814,0.009966326240897645
1,XYt,5,136,0.0028922658733319413,0.009954821663577206
1,XYt,6,139,0.0025095435288765276,0.009884695478784343
1,XYt,7,141,0.0022425502444321445,0.009831120059588163
1,XYt,8,141,0.0021267461889897723,0.009951805668942455
1,XYt,9,142,0.001985384883121765,0.009828716391079762
1,XYt,10,142,0.0018835364267794537,0.009883593348975008
1,XYt,11,142,0.0017919484792888656,0.009919953075649081
1,XYt,12,142,0.001695460304560351,0.009924079751817416
1,XYt,13,142,0.0016391403270380545,0.009943183423471065
1,XYt,14,142,0.0015812794029754346,0.009960741548401309
1,XYt,15,143,0.001549767915146466,0.009819471830013145
1,XYt,16,143,0.0015539072856046799,0.00983130892164736
1,XYt,17,143,0.0015691693297292134,0.009823630336997503
1,XYt,18,143,0.0015703311555215734,0.009913719243073415
1,XYt,19,143,0.00157755615600155,0.00991276271729432
1,XYt,20,143,0.00157960729851552,0.00989510535769978
1,XYt,21,143,0.0015885417823211967,0.009891939331186428
1,XYt,22,143,0.001599871654193244,0.009876882906912913
1,XYt,23,143,0.0016059330606347194,0.00984123872007947
1,XYt,24,142,0.0016624568684343664,0.009984499393497055
1,XYt,25,142,0.001693086387641334,0.009947353330760363
1,XYt,26,142,0.001720979905685893,0.00989402391314748
1,XYt,27,142,0.0017537299222746487,0.009834036645856388
1,XYt,28,141,0.0018331685451164492,0.00994612649764202
1,XYt,29,141,0.0018802402307131697,0.009866259629643506
1,XYt,30,140,0.001974935163599064,0.009966717682135298
1,XYt,31,140,0.0020467947591882594,0.009879677350941227
1,XYt,32,139,0.0021720524882012644,0.009965352147757948
1,XYt,33,139,0.0022582575583930645,0.009833437462775395
1,XYt,34,138,0.0024227548660992735,0.009876043441459799
1,XYt,35,137,0.002601906692648845,0.009911776321836957
1,XYt,36,136,0.0028049453284454354,0.009926236514668731
1,XYt,37,135,0.0030432557408183562,0.009928859791249843
1,XYt,38,134,0.003300375710087745,0.009896946903995417
1,XYt,39,133,0.003594212396376179,0.00985009893507159
1,XYt,40,131,0.004014133534046057,0.009971949242639075
1,XYt,41,130,0.004408891429595123,0.009859236945208799
1,XYt,42,128,0.004955426387934145,0.009898180374847586
1,XYt,43,126,0.005618847216506348,0.009926538175396127
1,XYt,44,124,0.006385034344258366,0.009926554934056635
1,XYt,45,122,0.007469250098425505,0.009982709477451295
1,XYt,46,121,0.008738858741240729,0.009934861044547523
1,XYt,47,120,0.009937797396663128,0.009825342183956311
1,XYt,48,117,0.011437734209210362,0.009925619108755489
1,XYt,49,114,0.012759321956958346,0.009814081891776495
1,XYt,50,110,0.014216452300563098,0.00982125051617168
1,XYt,51,106,0.015662541398001467,0.009874340384235668
1,XYt,52,103,0.016874762281916925,0.009836673054247702
1,XYt,53,100,0.018202744884134377,0.009967357846572013
1,XYt,54,99,0.018804010715492127,0.009753377942777853
1,XYt,55,97,0.0199018250451091,0.00985569840782567
1,XYt,56,96,0.020597631884745723,0.009846787643367766
1,XYt,57,95,0.021302672211286355,0.009918180728191048
1,XYt,58,95,0.021402394110629365,0.009850562546934647
1,XYt,59,95,0.021614665983102695,0.009906877538639598
1,XYt,60,96,0.021232620801513398,0.009856128544033739
1,XYt,61,97,0.02079569234352151,0.009841313424266735
1,XYt,62,98,0.02040669460426264,0.009881613550030996
1,XYt,63,99,0.02001536404383701,0.009899829461447818
1,XYt,64,100,0.019573687698619047,0.009928420374536845
1,XYt,65,101,0.01907575228227923,0.009926224080427686
1,XYt,66,102,0.01870517132338597,0.009893940928817938
1,XYt,67,103,0.018357014573493462,0.009849802015894334
1,XYt,68,103,0.018392728990941843,0.009999212383377426
1,XYt,69,104,0.0178466352714494,0.009825431209317769
1,XYt,70,104,0.01770438768160373,0.009846437214462449
1,XYt,71,104,0.01773022008967322,0.009925660198257816
1,XYt,72,104,0.017631668046331744,0.00999299255189928
1,XYt,73,105,0.017094391789020544,0.009803773729323804
1,XYt,74,105,0.017040772995240476,0.009885894109043135
1,XYt,75,105,0.017001348569003986,0.009984633758629523
1,XYt,76,105,0.016790817102193833,0.009957329623880296
1,XYt,77,105,0.016429817754703754,0.009822895582407832
1,XYt,78,105,0.01621148456069894,0.00978403697861368
1,XYt,79,105,0.01610081645118525,0.009849769326997613
1,XYt,80,105,0.015832203672058825,0.009814283111006173
1,XYt,81,104,0.01591129158804288,0.00994982919536067
1,XYt,82,104,0.015656970941674217,0.009875060986092235
1,XYt,83,104,0.015359803935055658,0.009821258712136433
1,XYt,84,104,0.015078733094869349,0.009800312085537048
1,XYt,85,104,0.014799251073322237,0.009765259981145927
1,XYt,86,104,0.014609391410278023,0.009757118036800766
1,XYt,87,104,0.014432853567384236,0.009771362811030094
1,XYt,88,104,0.014246489918370823,0.009809338375117837
1,XYt,89,104,0.014070579310480709,0.009868876554665782
1,XYt,90,104,0.013922944908573525,0.009951751745813734
1,XYt,91,105,0.013553506707990185,0.009761952345042667
1,XYt,92,105,0.013442806167415488,0.009766197435573377
1,XYt,93,105,0.01331269177621747,0.009750448236931143
1,XYt,94,104,0.01352208323005699,0.009976984966875208
1,XYt,95,104,0.01336537816999317,0.009887866538314014
1,XYt,96,103,0.013556948222275067,0.009976210405518693
1,XYt,97,103,0.013464469633763765,0.009955464210056757
1,XYt,98,103,0.013418561070497138,0.009997545873865267
1,XYt,99,104,0.013078248808758613,0.00984900219640837
1,XYt,100,104,0.013092925165558787,0.009932777469354398
1,XYt,101,104,0.013064262494418043,0.00996415338173464
1,XYt,102,104,0.01302139334248212,0.009985991282507706
1,XYt,103,104,0.012930154439390176,0.009991327690430882
1,XYt,104,104,0.012747562090033238,0.009908953020820777
1,XYt,105,104,0.012529356854002856,0.009756639534383387
1,XYt,106,103,0.012706545684916632,0.009815402864404169
1,XYt,107,103,0.012614014938528722,0.009766245240040668
1,XYt,108,102,0.01292756417078982,0.009982779897630311
1,XYt,109,102,0.012885873299322882,0.00990690299734399
1,XYt,110,102,0.012877793504087548,0.009834504834548901
1,XYt,111,102,0.013009424229012393,0.009907387241945002
1,XYt,112,102,0.013175826018655261,0.009999728113131824
1,XYt,113,103,0.013073256433516417,0.009870313610429565
1,XYt,114,104,0.012950952385427388,0.009753458271675475
1,XYt,115,104,0.013234425739475182,0.009976297546673455
1,XYt,116,105,0.01314045382717725,0.009894731150039816
1,XYt,117,105,0.013216159999203088,0.009896649221410174
1,XYt,118,105,0.013290156578085697,0.009801279038085108
1,XYt,119,105,0.013472764376978686,0.009841015694716142
1,XYt,120,105,0.013615137977790367,0.009885573837106858
1,XYt,121,105,0.013483515592888956,0.009751454803498417
1,XYt,122,104,0.013804104518457162,0.009921338921626815
1,XYt,123,104,0.013927448933425101,0.009888560105950767
1,XYt,124,104,0.01398426829686046,0.009862049448593532
1,XYt,125,104,0.013970138959152681,0.009842194018478908
1,XYt,126,104,0.014003383876168342,0.009882027896231192
1,XYt,127,104,0.014228372121453345,0.009949900926915266
1,XYt,128,104,0.014414659892038174,0.009976505714128836
1,XYt,129,104,0.01453122110622698,0.009954270183316337
1,XYt,130,104,0.014627086449875225,0.009886859747552214
1,XYt,131,104,0.014720520920704453,0.009832205148203337
1,XYt,132,104,0.01485659366841995,0.009749590729755519
1,XYt,133,103,0.015452520470050825,0.009958227441919498
1,XYt,134,103,0.015686018103272803,0.009921067393285
1,XYt,135,103,0.015911885546195506,0.009926631699172172
1,XYt,136,103,0.016148560668286092,0.009908992554753375
1,XYt,137,103,0.01617766887777386,0.00987483546401527
1,XYt,138,103,0.01626456316142454,0.009887941975649583
1,XYt,139,103,0.016464346917558242,0.009924292258919033
1,XYt,140,103,0.016643601123698223,0.009955092810312278
1,XYt,141,103,0.016594736954107993,0.009872103792444928
1,XYt,142,103,0.016590584244115195,0.009829505304615224
1,XYt,143,103,0.016615780459210756,0.009791957606771281
1,XYt,144,103,0.016660168634636506,0.009805453469844001
1,XYt,145,103,0.016645069984607363,0.009812581366123127
1,XYt,146,103,0.016539218143060638,0.009768673618917199
1,XYt,147,103,0.01662386566643088,0.009825451963580568
1,XYt,148,103,0.016643028783125624,0.009830917001534878
1,XYt,149,103,0.01652001170969538,0.009769346535644695
1,XYt,150,102,0.01687619126882227,0.009963496853508563
1,XYt,151,102,0.016767276836606917,0.009891216161232817
1,XYt,152,102,0.016651142777958827,0.009834618877136554
1,XYt,153,102,0.0165788943017982,0.009850286343669553
1,XYt,154,102,0.016443742616514233,0.009803436542422989
1,XYt,155,102,0.01636879309590084,0.009764882446236725
1,XYt,156,102,0.016430550832419785,0.009863276946290245
1,XYt,157,102,0.01627248145248354,0.009872273932541708
1,XYt,158,102,0.01606821224051563,0.009811817344172812
1,XYt,159,102,0.015994661683313878,0.009889185794638579
1,XYt,160,102,0.015849559655276225,0.009882708841632505
1,XYt,161,102,0.015559694154054267,0.009827202264050832
1,XYt,162,102,0.015184024054020867,0.009768077568245891
1,XYt,163,102,0.014933215323153802,0.009764341122536142
1,XYt,164,102,0.01468672947989259,0.009764234502960212
1,XYt,165,101,0.014824824390070622,0.009991154206648251
1,XYt,166,101,0.014486576416154643,0.009906436605167438
1,XYt,167,101,0.01409937831326155,0.009741031889451895
1,XYt,168,100,0.014122714783680254,0.009907365576025706
1,XYt,169,100,0.013813623796366041,0.00976293463976921
1,XYt,170,99,0.01401493117321972,0.009949478080816872
1,XYt,171,100,0.013571403127464108,0.009746622996635479
1,XYt,172,100,0.01350828018088997,0.009800839924233877
1,XYt,173,100,0.013553565189958445,0.009872829449437837
1,XYt,174,100,0.013635388975428809,0.009919373148213092
1,XYt,175,101,0.013404688902286972,0.009759074152631022
1,XYt,176,100,0.013631593076669689,0.009948841620410442
1,XYt,177,100,0.013560030192764395,0.009936324741928796
1,XYt,178,100,0.013510559947173633,0.009951285837813222
1,XYt,179,100,0.013422749373449294,0.00994651279914978
1,XYt,180,100,0.013201510137431108,0.009813293925680613
1,XYt,181,99,0.01327832935676555,0.009922039343896658
1,XYt,182,99,0.013197702792268633,0.009892489404060558
1,XYt,183,99,0.013102504754007569,0.009926516551276247
1,XYt,184,99,0.013019434878096392,0.009895480093507868
1,XYt,185,99,0.012983123201195006,0.00982159801907436
1,XYt,186,99,0.012966659045044366,0.009792846475049095
1,XYt,187,98,0.013265208544869253,0.009991769174272311
1,XYt,188,99,0.012944850793891073,0.009826422995605412
1,XYt,189,99,0.013050044245453354,0.009934812971123771
1,XYt,190,99,0.013121117821477396,0.009954143494874518
1,XYt,191,100,0.01282783412507136,0.009748101195905788
1,XYt,192,100,0.012944948689908746,0.009790401619040628
1,XYt,193,100,0.013100488579149226,0.009815290785466935
1,XYt,194,100,0.013243112453490864,0.009834031734668056
1,XYt,195,100,0.013480946565961919,0.009884804056352186
1,XYt,196,100,0.013729509825976887,0.009990496767081292
1,XYt,197,101,0.01369922354399519,0.009922711594599195
1,XYt,198,101,0.013827890413417032,0.00994955035425491
1,XYt,199,101,0.013925870860344542,0.009963749990926658
1,XYt,200,101,0.014008349892619227,0.009996757338255257
1,XYt,201,101,0.013834107418686554,0.009905979942075155
1,XYt,202,101,0.01369420272373713,0.009817346273703492
1,XYt,203,101,0.013678422821662832,0.009769600858631981
1,XYt,204,100,0.014017578030554097,0.009944431125623826
1,XYt,205,100,0.013980733464572456,0.009894083032277961
1,XYt,206,100,0.014064105593851892,0.009945760144781081
1,XYt,207,101,0.013903262931554104,0.00973650300982158
1,XYt,208,101,0.014143703259498791,0.00978304528356686
1,XYt,209,101,0.014511258875311203,0.009900198598036956
1,XYt,210,101,0.014799870442465852,0.00998603642264909
1,XYt,211,101,0.01504229449549328,0.009988654201814481
1,XYt,212,101,0.015227680369991005,0.009993519342223875
1,XYt,213,102,0.015011911076783695,0.009748990209675523
1,XYt,214,101,0.015594986383459056,0.00996489172234035
1,XYt,215,101,0.015855014086440362,0.009966782831110322
1,XYt,216,102,0.01577830079544546,0.009732410384011465
1,XYt,217,102,0.016114585551853196,0.009818482074333024
1,XYt,218,102,0.016526537559034556,0.00996357602696668
1,XYt,219,103,0.016585070010496805,0.009911600362824367
1,XYt,220,104,0.016553003585104968,0.009791792647616654
1,XYt,221,104,0.01671602065768865,0.00981715167677289
1,XYt,222,104,0.016829504264207776,0.00976694359816631
1,XYt,223,104,0.01694454599538191,0.00977354833291903
1,XYt,224,104,0.01709359796832289,0.009765933682581262
1,XYt,225,103,0.017594388532943657,0.009994686129568345
1,XYt,226,103,0.017500341082050765,0.009828398623932836
1,XYt,227,102,0.01791855561283769,0.009938701845522997
1,XYt,228,102,0.017780864883465093,0.009741512811126994
1,XYt,229,101,0.018154543255302757,0.009833887672052429
1,XYt,230,101,0.018147047411749474,0.009732665120801348
1,XYt,231,100,0.01856566796477263,0.009838465539320196
1,XYt,232,99,0.018900927501374173,0.009882204381800605
1,XYt,233,98,0.01919317278756803,0.009864273631681249
1,XYt,234,97,0.0193320264924237,0.009779931322058268
1,XYt,235,95,0.02001586986146404,0.009951028069153406
1,XYt,236,94,0.020049606990605463,0.009811893366201726
1,XYt,237,93,0.020009242254019892,0.009741914938172959
1,XYt,238,92,0.02038108563300504,0.009917930215200677
1,XYt,239,92,0.020361080520343557,0.009877797272561224
1,XYt,240,92,0.020300105153339815,0.00981780432653358
1,XYt,241,92,0.02026901201482774,0.00975469173235828
1,XYt,242,91,0.020699563097862587,0.009991518357986692
1,XYt,243,92,0.020245752424611168,0.009798501667565181
1,XYt,244,92,0.020194794518405463,0.00976871591790533
1,XYt,245,92,0.020244342046622107,0.00978060949959614
1,XYt,246,92,0.020188684912920397,0.009780406490216182
1,XYt,247,92,0.020238670269592487,0.009828184043398712
1,XYt,248,92,0.02028684029320034,0.009875665251185113
1,XYt,249,92,0.02026710773585117,0.009904953863034346
1,XYt,250,92,0.020281766588846475,0.009932231788909302
1,XYt,251,92,0.020354520620108348,0.009964461972756031
1,XYt,252,92,0.020397135184200617,0.00998083106428636
1,XYt,253,93,0.020063039607915514,0.009788933096653709
1,XYt,254,93,0.01985034027642344,0.00980968356479137
1,XYt,255,93,0.01906202664486624,0.00977081141120907
1,XYt,256,92,0.018225083931675615,0.009931255432355027
1,XYt,257,92,0.0169945973003333,0.009925236319428647
1,XYt,258,93,0.015563497421530114,0.00979722113977471
1,XYt,259,92,0.01413440961398791,0.009982213296765354
1,XYt,260,92,0.012388982874817305,0.00978454540274817
1,XYt,261,91,0.011955421870908518,0.009968161628133947
1,XYt,262,91,0.011765932889272085,0.009941438968383266
1,XYt,263,91,0.011801079674465247,0.009963369743783784
1,XYt,264,91,0.01178689573010055,0.009947862578519304
1,XYt,265,91,0.011814511887069064,0.009946104916109689
1,XYt,266,91,0.011842869577585707,0.009901316222848244
1,XYt,267,91,0.011866043984637274,0.0099240191891639
1,XYt,268,91,0.011922527807299153,0.009966704221550184
1,XYt,269,92,0.011659835643343573,0.009863833513922768
1,XYt,270,92,0.011629718814633197,0.009891589416843087
1,XYt,271,92,0.011633343871676296,0.009890509758138906
1,XYt,272,92,0.01165740511837143,0.00987305284321272
1,XYt,273,92,0.011662559248523873,0.009889764779172748
1,XYt,274,92,0.011723384815648295,0.009929943386503891
1,XYt,275,92,0.011752117222694817,0.009924807015530468
1,XYt,276,92,0.011734278797048664,0.00993918832026135
1,XYt,277,92,0.011727355172921552,0.00993017198027339
1,XYt,278,92,0.011675060088846721,0.009881398495875254
1,XYt,279,92,0.011619715921958106,0.009766069406364762
1,XYt,280,92,0.011632515238220767,0.00975042347045162
1,XYt,281,91,0.011952494955796776,0.009941702923227092
1,XYt,282,91,0.011938697325879951,0.00989291577086685
1,XYt,283,91,0.011934610741055805,0.009928740345334966
1,XYt,284,91,0.011965277217168006,0.00994156150043997
1,XYt,285,91,0.011919622649768473,0.009921243184394305
1,XYt,286,91,0.011874126530688985,0.009893299268314478
1,XYt,287,91,0.011924887070929709,0.009860817444452578
1,XYt,288,91,0.01193706031501142,0.009906302804520099
1,XYt,289,91,0.011901585876225428,0.009895291913913574
1,XYt,290,91,0.01190240644244648,0.009867791147969512
1,XYt,291,91,0.01189390608414118,0.009834675079456455
1,XYt,292,91,0.011919092057811057,0.00980060064818121
1,XYt,293,91,0.011895478558059204,0.009764710434953262
1,XYt,294,90,0.012182164254564818,0.009983138441525399
1,XYt,295,91,0.0118635751983197,0.009763662914248844
1,XYt,296,91,0.01183511751785252,0.00977150944299591
1,XYt,297,91,0.011867468953269513,0.009776543570989345
1,XYt,298,91,0.011871476705514142,0.009749189469751297
1,XYt,299,91,0.011889342550726052,0.009755799073329696
1,XYt,300,91,0.011878129615324607,0.00978818970682742
1,XYt,301,91,0.011915934200683367,0.009803777560926492
1,XYt,302,91,0.011980631904929649,0.009851533282768157
1,XYt,303,91,0.011927698128662742,0.009864562499288649
1,XYt,304,91,0.011923715344867475,0.009839414016907211
1,XYt,305,91,0.011870383644536402,0.009737808605591983
1,XYt,306,90,0.012242594591349536,0.009987723657773739
1,XYt,307,90,0.012156110040814717,0.00992776472648223
1,XYt,308,90,0.01210652112242943,0.009824348649882164
1,XYt,309,90,0.012064491050403237,0.009799268918196784
1,XYt,310,90,0.012095058855199443,0.009866947101932385
1,XYt,311,90,0.012111958811967374,0.00990203052606708
1,XYt,312,90,0.01215412956422076,0.009914106266044203
1,XYt,313,90,0.012154599415253391,0.00992225405804168
1,XYt,314,90,0.01224121150492599,0.009960751245825992
1,XYt,315,90,0.012228504437335419,0.009950534623072731
1,XYt,316,90,0.012290306499193762,0.009939937153261443
1,XYt,317,90,0.012249873884812815,0.009883530366416666
1,XYt,318,90,0.012201433958745582,0.009825133544672729
1,XYt,319,90,0.01228583578772964,0.009828841420353807
1,XYt,320,90,0.01226300767165021,0.009813544922441953
1,XYt,321,90,0.012394813544604184,0.009875331605786294
1,XYt,322,90,0.012447003340247146,0.009938178629133442
1,XYt,323,90,0.012634133015059846,0.009968213847466751
1,XYt,324,91,0.013124828255035473,0.009825130267580577
1,XYt,325,93,0.015347993221873576,0.00976354474510093
1,XYt,326,91,0.018693444123048967,0.009915754868774879
1,XYt,327,91,0.02012553092390248,0.009758767315296388
1,XYt,328,91,0.020576078010004814,0.009775909026055326
1,XYt,329,91,0.020851431305912646,0.009774739730715333
1,XYt,330,90,0.021501879612470465,0.00998717291968283
1,XYt,331,90,0.021432500802243574,0.009911854284216207
1,XYt,332,90,0.021441084926448542,0.009876848134356011
1,XYt,333,90,0.02139299639298267,0.009807585433746872
1,XYt,334,90,0.021363247837641052,0.009774892899896744
1,XYt,335,90,0.021426118851780494,0.009756196211201348
1,XYt,336,89,0.021906356643550184,0.009967926906929854
1,XYt,337,90,0.0214174359009926,0.009752100844515062
1,XYt,338,90,0.0214598496967707,0.009782546655546055
1,XYt,339,90,0.021673520352959882,0.00987312241493764
1,XYt,340,91,0.02169321853218953,0.009938467508461158
1,XYt,341,92,0.0215442799741429,0.009947734190122598
1,XYt,342,93,0.02127756867236968,0.009948184081688086
1,XYt,343,95,0.020730889640656575,0.009807968984834945
1,XYt,344,96,0.020387871993835547,0.009801984754667155
1,XYt,345,96,0.020386986354268288,0.009915769480902458
1,XYt,346,97,0.01974295048922974,0.009781001789567522
1,XYt,347,97,0.01975231575976397,0.009870194543384506
1,XYt,348,97,0.01966387852291884,0.009974183352018582
1,XYt,349,98,0.019350160231264627,0.009881486473141026
1,XYt,350,98,0.01931989823591642,0.009974345294733436
1,XYt,351,99,0.018911770711608017,0.009764975869625719
1,XYt,352,100,0.018655684180974998,0.009736968172500702
1,XYt,353,100,0.01875086949750968,0.009873273514339106
1,XYt,354,100,0.01866246236955956,0.009922668870447276
1,XYt,355,100,0.018683240225512657,0.00991786528639527
1,XYt,356,100,0.018510646729219395,0.00994812150806018
1,XYt,357,100,0.018289182000615654,0.009976731627382638
1,XYt,358,100,0.0176404668105547,0.009854970400356064
1,XYt,359,100,0.01711942510680002,0.00974189400594175
1,XYt,360,100,0.016855428505858687,0.009765221513919087
1,XYt,361,100,0.016590737346471963,0.009747026013971205
1,XYt,362,100,0.01631290446917083,0.00982642026505372
1,XYt,363,99,0.016295368128907653,0.009919349344496946
1,XYt,364,114,0.016959368083806926,0.009824292934716025
1,XYt,365,114,0.016891185834239847,0.00987110789766499
1,XYt,366,114,0.016771965232170387,0.009882802237183214
1,XYt,367,114,0.01666148761135022,0.009868527453912453
1,XYt,368,114,0.016586892667756023,0.009902660782701465
1,XYt,369,114,0.016547410168299463,0.009941179324981701
1,XYt,370,115,0.01613817259600574,0.00976761004129953
1,XYt,371,115,0.01613272484446929,0.00980112628125868
1,XYt,372,115,0.01603851373105585,0.009827488398970997
1,XYt,373,115,0.01598446572878144,0.009846612702969283
1,XYt,374,115,0.01607612601147376,0.009957008954961198
1,XYt,375,115,0.015904418123690707,0.009953202176208792
1,XYt,376,115,0.015495736684809764,0.009856977327379645
1,XYt,377,115,0.01520406586542271,0.009785126739934362
1,XYt,378,114,0.01525937274566571,0.009959271740658237
1,XYt,379,114,0.015077745369427445,0.009924862707134743
1,XYt,380,114,0.014963241623374875,0.009900695094855895
1,XYt,381,114,0.014935784224156647,0.009926796039395534
1,XYt,382,114,0.014908291154136933,0.009939521981731647
1,XYt,383,114,0.01493810903076175,0.009971486431009615
1,XYt,384,115,0.014578065783088377,0.009761465283694856
1,XYt,385,114,0.014649823076436906,0.009921498481628075
1,XYt,386,114,0.014492644939042147,0.009931310007113392
1,XYt,387,114,0.014508145172624994,0.009965933707354258
1,XYt,388,114,0.014485460119695131,0.009948740214483675
1,XYt,389,114,0.014517882136126864,0.009966940048370608
1,XYt,390,114,0.01446444131364439,0.009910195285721844
1,XYt,391,114,0.014403749849449792,0.009871249786191976
1,XYt,392,114,0.014452133125385604,0.0099037559139986
1,XYt,393,114,0.014443400023099795,0.009907407824524445
1,XYt,394,114,0.014470023559163029,0.009887697751975164
1,XYt,395,114,0.014453634393542839,0.009839611445828055
1,XYt,396,114,0.014537088757354334,0.009824182595905496
1,XYt,397,114,0.014604981459219063,0.009834413162993357
1,XYt,398,114,0.014669393035426134,0.009868940718258288
1,XYt,399,114,0.01463747393219065,0.009873365912114296
1,XYt,400,114,0.014611248640622536,0.009893059516347842
1,XYt,401,114,0.014610275736231117,0.009928460371450542
1,XYt,402,114,0.014643217900650712,0.009924172758029995
1,XYt,403,114,0.014675435311065433,0.00992653655358877
1,XYt,404,114,0.014754441239970623,0.009956613898212022
1,XYt,405,114,0.014781416075802372,0.00996790914110913
1,XYt,406,115,0.01452878113171914,0.009750917687412224
1,XYt,407,115,0.014690512094321982,0.009810064845764006
1,XYt,408,115,0.014784805888613611,0.009807475454134256
1,XYt,409,115,0.015011057488793918,0.009870243475220707
1,XYt,410,115,0.015068768293785943,0.009881229599052462
1,XYt,411,115,0.014981972228346116,0.009853614431562178
1,XYt,412,115,0.01504834254512597,0.009881185066290273
1,XYt,413,115,0.015129351045689696,0.009880210182976336
1,XYt,414,115,0.015274444651386027,0.00989621162802132
1,XYt,415,115,0.015425031314389303,0.009943752787947992
1,XYt,416,115,0.015613261808964106,0.009972149428921492
1,XYt,417,116,0.015507943710349163,0.009793515539068803
1,XYt,418,116,0.015749063449395615,0.009823070945187733
1,XYt,419,116,0.015838021711209366,0.00977754470692655
1,XYt,420,115,0.016281867809422253,0.009948774735766275
1,XYt,421,115,0.01630932180801538,0.009883434262946442
1,XYt,422,115,0.016418378955877395,0.00984830693269699
1,XYt,423,115,0.01647957485726808,0.009813045656773343
1,XYt,424,114,0.016857154174649055,0.009967172639221027
1,XYt,425,114,0.016903235512386847,0.009923235626509678
1,XYt,426,114,0.01697736487198069,0.009897501036072134
1,XYt,427,114,0.017100683818570567,0.009935383355405253
1,XYt,428,115,0.01695993239764222,0.00979083572009327
1,XYt,429,115,0.017179071490580025,0.009843165579619145
1,XYt,430,115,0.017284628939964214,0.009799253584725357
1,XYt,431,115,0.017514748253794555,0.00982711926152274
1,XYt,432,115,0.0178935112079103,0.009879681153106473
1,XYt,433,115,0.018239717385032467,0.00990708174810703
1,XYt,434,115,0.01862470174143794,0.009915779222308883
1,XYt,435,115,0.018811351398522826,0.009837731347250736
1,XYt,436,115,0.01918167543331576,0.009879840299567932
1,XYt,437,115,0.01955621811874024,0.009918617352338708
1,XYt,438,115,0.01972337979309917,0.009893548235361163
1,XYt,439,115,0.019889894081488644,0.009873000664097305
1,XYt,440,115,0.019968384654283557,0.009833659568594735
1,XYt,441,115,0.020091686634257776,0.009809697787877103
1,XYt,442,115,0.02018037150719898,0.009783273470092103
1,XYt,443,114,0.0206193989010872,0.009915974589606007
1,XYt,444,114,0.02066679754769284,0.009839485462637059
1,XYt,445,114,0.020741936050958153,0.009805398194594974
1,XYt,446,114,0.020815324183467175,0.009752698421866253
1,XYt,447,113,0.021450027739240745,0.009941546386435334
1,XYt,448,113,0.02151459834382571,0.009851320295611279
1,XYt,449,113,0.02163259580633752,0.00977062742127735
1,XYt,450,112,0.022229334328174224,0.00992217779989755
1,XYt,451,112,0.022223534542112847,0.00980741362425823
1,XYt,452,111,0.02260812160624733,0.009889707804691344
1,XYt,453,111,0.022592345950018196,0.009814449879252068
1,XYt,454,110,0.02288693859249785,0.009921735923794622
1,XYt,455,110,0.02269131754742385,0.009849247379584652
1,XYt,456,110,0.022725284606545843,0.009852287688725625
1,XYt,457,110,0.022770459502816996,0.009846894459029892
1,XYt,458,110,0.02289198301632192,0.009872491359707363
1,XYt,459,110,0.022828340187253677,0.009847566935108677
1,XYt,460,110,0.022798524680531465,0.00984503046840622
1,XYt,461,110,0.022670871216180524,0.009791018234106656
1,XYt,462,109,0.02303800013197521,0.009972609519258033
1,XYt,463,109,0.022358585130047147,0.009889709975153791
1,XYt,464,109,0.021194642279313437,0.009886889599966054
1,XYt,465,109,0.020120582951187974,0.009928850062677044
1,XYt,466,109,0.019099374490320023,0.009929595351842008
1,XYt,467,110,0.017857801904477402,0.009783719954291843
1,XYt,468,110,0.016356402932273452,0.009842407203126074
1,XYt,469,110,0.014559966652235776,0.009818597396115479
1,XYt,470,110,0.013619182255981944,0.009864770848639662
1,XYt,471,110,0.013219522227796241,0.009859158022455154
1,XYt,472,110,0.013114711080294847,0.009787860206995723
1,XYt,473,109,0.013554126079602945,0.009993530618777394
1,XYt,474,109,0.013584812277183507,0.009952175573728708
1,XYt,475,109,0.013568209223279164,0.009935212675663468
1,XYt,476,109,0.013538203516549881,0.009905071970470077
1,XYt,477,109,0.01355357918899425,0.009929738025911662
1,XYt,478,109,0.013502703857211194,0.00989715023394797
1,XYt,479,109,0.013427382068362205,0.009877714695183469
1,XYt,480,109,0.013422784570030124,0.009879447045631947
1,XYt,481,109,0.01348011091808931,0.00988271209963169
1,XYt,482,109,0.013459496642106137,0.009856743769527374
1,XYt,483,109,0.013437208700173866,0.009862995114142669
1,XYt,484,109,0.013457336958904042,0.009893062228506652
1,XYt,485,109,0.013456928483166137,0.009898399401512119
1,XYt,486,109,0.013485667733672123,0.00991144768201147
1,XYt,487,109,0.013478362252749839,0.00991426540117608
1,XYt,488,109,0.013480066473798243,0.00991837604818449
1,XYt,489,109,0.013476863335548213,0.00992044317445554
1,XYt,490,109,0.013458188305044496,0.009921785142302632
1,XYt,491,109,0.013447067180000981,0.009903988905034314
1,XYt,492,109,0.013547192323316965,0.0099537138203641
1,XYt,493,109,0.01345047911128193,0.00990571828576342
1,XYt,494,109,0.01344486687947171,0.009902979960141032
1,XYt,495,109,0.013451582551927046,0.00989234239546886
1,XYt,496,109,0.013503924559421438,0.009918004341733865
1,XYt,497,109,0.013469518944744305,0.009902966954809736
1,XYt,498,109,0.01349579822051859,0.009917020632119447
1,XYt,499,109,0.013526083367197558,0.009918022738013958
1,XYt,500,109,0.013469020720121357,0.009880426892372738
1,XYt,501,109,0.013455326719304078,0.009861171715826492
1,XYt,502,109,0.013441687071309301,0.009860630780221756
1,XYt,503,109,0.013429850011511727,0.009848310202076948
1,XYt,504,109,0.013452128522550873,0.009863577812263156
1,XYt,505,109,0.013464703335461594,0.009855513824633266
1,XYt,506,109,0.013456590560735041,0.009848131474380437
1,XYt,507,109,0.013448367386110447,0.009859755098218854
1,XYt,508,109,0.013516680488287181,0.009923411379209195
1,XYt,509,109,0.013515707617676733,0.009934911818472829
1,XYt,510,109,0.013504577505273405,0.009922669952073644
1,XYt,511,109,0.01356005731690095,0.009953328876631948
1,XYt,512,109,0.013560943337450853,0.009957571600816208
1,XYt,513,109,0.013602347802862446,0.00997166187143434
1,XYt,514,109,0.013572151715167027,0.009949574625067839
1,XYt,515,109,0.013608619055878752,0.009977946630213869
1,XYt,516,109,0.013625908589193512,0.009981721929939248
1,XYt,517,109,0.013540842643700689,0.009930210348924617
1,XYt,518,109,0.013524165157095288,0.009936111412007051
1,XYt,519,109,0.01352326747100825,0.009915966471927926
1,XYt,520,109,0.013560727228731665,0.009920711474363141
1,XYt,521,109,0.01356404331497315,0.009930309782485762
1,XYt,522,109,0.013611259940897864,0.009936591532904205
1,XYt,523,109,0.01359086381368365,0.009923663376110205
1,XYt,524,109,0.013610851322318158,0.009931091706280485
1,XYt,525,109,0.01359303889012149,0.00996568277932061
1,XYt,526,110,0.013193637148115382,0.00977772198073218
1,XYt,527,110,0.013095913023789988,0.009854902878613488
1,XYt,528,110,0.01297701398267158,0.009889292152352206
1,XYt,529,110,0.0129605582418065,0.00989189159166411
1,XYt,530,110,0.013086018414764167,0.009858553834237525
1,XYt,531,110,0.013509807087112897,0.009843258805191015
1,XYt,532,110,0.014214806312463898,0.009850804422723281
1,XYt,533,110,0.015397867613570704,0.009936216727350976
1,XYt,534,110,0.017055947930277947,0.00997632336612869
1,XYt,535,110,0.01815974699567156,0.009920174326342337
1,XYt,536,110,0.018375048398031026,0.00976775178508769
1,XYt,537,109,0.01920258642659764,0.009932885521332225
1,XYt,538,109,0.019731771619346923,0.009935425484763739
1,XYt,539,109,0.020381256981076488,0.009952204691014455
1,XYt,540,110,0.020940657068674248,0.009802716697163628
1,XYt,541,110,0.02208577058669811,0.009951675713705803
1,XYt,542,110,0.02277886069226207,0.009998288189221414
1,XYt,543,111,0.022612682752640178,0.009839116775286679
1,XYt,544,111,0.022678243249149643,0.009904460288739248
1,XYt,545,112,0.022131880376838702,0.009767702339813805
1,XYt,546,112,0.02245187587959203,0.009962378663196741
1,XYt,547,114,0.021884915585423558,0.009774274718532074
1,XYt,548,114,0.021947142386281468,0.009951298240739365
1,XYt,549,115,0.02114716842335902,0.009782267983270839
1,XYt,550,115,0.021004554059726847,0.0098794111957377
1,XYt,551,115,0.02080118587738087,0.009936714124735825
1,XYt,552,115,0.02067124035314965,0.009986166468106189
1,XYt,553,116,0.020084781056380778,0.00979015715467319
1,XYt,554,116,0.019958251236401128,0.009809144166396234
1,XYt,555,116,0.019772791094847704,0.00981568442291771
1,XYt,556,116,0.019531985005702742,0.009802069612432086
1,XYt,557,116,0.01925973331336435,0.009760061135619977
1,XYt,558,115,0.01947438694290319,0.009966288549733197
1,XYt,559,115,0.019205160828555046,0.0099254396105139
1,XYt,560,115,0.01866861376756731,0.009760789624498225
1,XYt,561,114,0.01840131847253936,0.009762077129987497
1,XYt,562,113,0.018432912242137778,0.009904280948847313
1,XYt,563,114,0.018070880160768025,0.00980214406767238
1,XYt,564,114,0.018212485078661807,0.009960433919640386
1,XYt,565,115,0.01790202482324946,0.009947998517368595
1,XYt,566,116,0.01731626768145355,0.009828822857156016
1,XYt,567,116,0.017032172166310318,0.009880604492770258
1,XYt,568,116,0.01673686113806646,0.009869850382616601
1,XYt,569,116,0.016451054300889664,0.009816220181861075
1,XYt,570,115,0.01649571507298331,0.00996355609901266
1,XYt,571,115,0.016074485158821837,0.009820465857473952
1,XYt,572,114,0.016085104995817247,0.009912538594342716
1,XYt,573,114,0.01588799105492756,0.009831990650745574
1,XYt,574,114,0.01579054967233261,0.009774073224683271
1,XYt,575,114,0.015796862546800204,0.009768264902375978
1,XYt,576,114,0.015876493772180884,0.009798286979972096
1,XYt,577,114,0.015907946832254445,0.009803676844015358
1,XYt,578,114,0.015930719635046418,0.00986078098262105
1,XYt,579,114,0.01589951964310574,0.009889296493459078
1,XYt,580,114,0.015773409462613776,0.009876849764322352
1,XYt,581,114,0.015657144356809753,0.00984362842771559
1,XYt,582,114,0.015625099584370243,0.009876034747593132
1,XYt,583,114,0.015571343679748753,0.009907358534591734
1,XYt,657,116,0.019406327539371215,0.009768897197208548
1,XYt,658,116,0.01967161783449705,0.009767844631647931
1,XYt,659,115,0.02035540414755488,0.009978747407760861
1,XYt,660,115,0.020498691399433378,0.009929746132331347
1,XYt,661,115,0.020538681212319027,0.009864990617076554
1,XYt,662,115,0.020544322504906114,0.00980476934829012
1,XYt,663,114,0.02092571242184233,0.009956423640188094
1,XYt,664,114,0.02071155712364948,0.009842154761467544
1,XYt,665,113,0.020875387860204396,0.009932304728130321
1,XYt,666,112,0.020538538761856514,0.009927549050427888
1,XYt,667,111,0.020044224410859828,0.009937742864429047
1,XYt,668,110,0.019719702549019762,0.009997337070966256
1,XYt,669,110,0.019299688231114984,0.00995114455121571
1,XYt,670,110,0.018995031753767662,0.009935889976104501
1,XYt,671,110,0.01877583260412599,0.009924511790739108
1,XYt,672,110,0.018299180170824537,0.009807096261237198
1,XYt,673,109,0.01822786302480213,0.009920474007676847
1,XYt,674,109,0.0181028614224693,0.009938646231466893
1,XYt,675,110,0.017668556003685092,0.009759232516513058
1,XYt,676,110,0.017643985660917596,0.009817181741157359
1,XYt,677,110,0.01734465370396654,0.009789210482818837
1,XYt,678,110,0.016681982871751707,0.009814694832062149
1,XYt,679,110,0.01585802484092562,0.009865755960522927
1,XYt,680,110,0.01509864251007584,0.009859856330816251
1,XYt,681,110,0.014492138808360708,0.009833918230965433
1,XYt,682,110,0.014063638776083513,0.009842298157847639
1,XYt,683,110,0.013631687918329517,0.009829036331813947
1,XYt,684,110,0.01328898435365134,0.009797475834640267
1,XYt,685,110,0.013000085503717354,0.009756685735640315
1,XYt,686,110,0.012913793665083646,0.009782667337926298
1,XYt,687,110,0.012884879653037048,0.009820110117591117
1,XYt,688,110,0.012898768897486328,0.009837575338014274
1,XYt,689,110,0.012925213412541948,0.009830281599240041
1,XYt,690,110,0.012985862203052638,0.009829448526793697
1,XYt,691,110,0.013095941623713294,0.009833938967316602
1,XYt,692,110,0.013146295157314239,0.009816297809813145
1,XYt,693,110,0.013155618729792241,0.009772874058200973
1,XYt,694,109,0.013485419210781488,0.009981024082964701
1,XYt,695,109,0.013517517955626335,0.00997750292123065
1,XYt,696,109,0.013509723244204134,0.009971984759853397
1,XYt,697,109,0.013465420637254538,0.009950330766073791
1,XYt,698,109,0.013473313468102514,0.009941490788291981
1,XYt,699,109,0.013444704179360042,0.009919510018472426
1,XYt,700,109,0.013410496366196017,0.009884668334206028
1,XYt,701,109,0.013396095532530074,0.009883315353969531
1,XYt,702,109,0.01341580635399813,0.009890934040088077
1,XYt,703,109,0.013351683903824652,0.00985606429703318
1,XYt,704,109,0.013364776529265024,0.009875254441890398
1,XYt,705,109,0.01338607340559691,0.009897054262730891
1,XYt,706,109,0.01344580155842328,0.009928498746716276
1,XYt,707,109,0.013411146936910829,0.009893397988023774
1,XYt,708,109,0.01340641610424388,0.009893188614282619
1,XYt,709,109,0.013375624192725491,0.00987117313402264
1,XYt,710,109,0.013306922265945837,0.009978653296875247
1,XYt,711,113,0.012691850885839266,0.00977888982194485
1,XYt,712,111,0.012230884616821307,0.009947040432554597
1,XYt,713,112,0.011956187820190813,0.009784085244391415
1,XYt,714,114,0.012166720043445491,0.009806420462655046
1,XYt,715,115,0.01199800500946351,0.009798465521514031
1,XYt,716,114,0.011691828154466885,0.0098198401619832
1,XYt,717,113,0.011413128449371628,0.009834863327605888
1,XYt,718,113,0.011148567317459968,0.009773792114608194
1,XYt,719,112,0.011488292526179373,0.009980893432846895
1,XYt,720,112,0.012063947878250344,0.009968568608681545
1,XYt,721,113,0.012483350046329477,0.009834246187607172
1,XYt,722,114,0.013339339940816066,0.009847575654107963
1,XYt,723,114,0.014706937582523973,0.009873887128073184
1,XYt,724,111,0.01668314159536483,0.009936680641654413
1,XYt,725,108,0.019103685079003268,0.009923453559393905
1,XYt,726,105,0.02243030231793259,0.00983535712084661
1,XYt,727,102,0.02417884558268923,0.009893068737684765
1,XYt,584,114,0.015491278563917842,0.009932871474641577
1,XYt,585,114,0.015396282055710406,0.009969522471522866
1,XYt,586,115,0.014890749879950475,0.009765268773633642
1,XYt,587,115,0.014935567992903446,0.009887072511879093
1,XYt,588,116,0.014626399250017982,0.009780496473272098
1,XYt,589,116,0.014444292643907099,0.00980473650925492
1,XYt,590,116,0.01421918644755216,0.009816578249342098
1,XYt,591,116,0.013992405551207029,0.009848638224348871
1,XYt,592,116,0.013819941884565244,0.00987778423407379
1,XYt,593,116,0.013654985952214697,0.009835122503945111
1,XYt,594,116,0.013503308265927624,0.009760525175576696
1,XYt,595,115,0.013884962151128883,0.009997383233422247
1,XYt,596,115,0.013910857628952632,0.009972551403755227
1,XYt,597,115,0.013864508847345086,0.009886078125004565
1,XYt,598,115,0.013835432769310804,0.009793322112481018
1,XYt,599,114,0.014161486105471641,0.009971962696144232
1,XYt,600,114,0.01407156079522022,0.00987893807358243
1,XYt,601,114,0.014004525639482271,0.009809977322030525
1,XYt,602,114,0.013993621987726919,0.009788361853742442
1,XYt,603,114,0.013984302079770337,0.009786137416614871
1,XYt,604,114,0.014022847515734701,0.009802514693064429
1,XYt,605,114,0.01402672908496919,0.009787066839930629
1,XYt,606,114,0.014050742435034637,0.009789537196363149
1,XYt,607,114,0.014038037171669841,0.009797469809676896
1,XYt,608,114,0.014015263513300846,0.00978510370647656
1,XYt,609,114,0.014039890094557235,0.009811202583248173
1,XYt,610,114,0.01406591884260102,0.00982674137273078
1,XYt,611,114,0.014106358115583513,0.009874907740326053
1,XYt,612,114,0.014181065872739351,0.009949551432958963
1,XYt,613,115,0.013865657852546627,0.009770123216185374
1,XYt,614,115,0.013858285459451579,0.009818560230949621
1,XYt,615,115,0.01388027253897507,0.00989810447338752
1,XYt,616,115,0.013847570592647723,0.009926077571458055
1,XYt,617,115,0.013698686403473853,0.009898292057366273
1,XYt,618,116,0.013551279572052434,0.009776641822967204
1,XYt,619,116,0.013673940482077724,0.009832585555850154
1,XYt,620,116,0.013645715731337127,0.009799688388858876
1,XYt,621,116,0.013777901919333535,0.009773850862889816
1,XYt,622,116,0.01399877175421407,0.009758870145370444
1,XYt,623,115,0.014518731693681522,0.009939114351719593
1,XYt,624,115,0.014656298718489915,0.00987429690732847
1,XYt,625,115,0.014822337261224476,0.009825709203567247
1,XYt,626,115,0.014870517598580433,0.00979483764174668
1,XYt,627,115,0.014900967609297825,0.009759231966642913
1,XYt,628,115,0.015045840244258025,0.009782150587455516
1,XYt,629,115,0.015174265232965398,0.009787131539860602
1,XYt,630,114,0.015603769442095981,0.00996629931865187
1,XYt,631,114,0.015676862487322175,0.009941359078828123
1,XYt,632,114,0.015744018598893652,0.009941260835386892
1,XYt,633,114,0.015782710668405003,0.009911841831932895
1,XYt,634,114,0.015844819811407507,0.009890181496828332
1,XYt,635,114,0.015886934858388397,0.009856350138525764
1,XYt,636,114,0.015812577536022242,0.009800280874267486
1,XYt,637,114,0.015847350254120287,0.009829395024315589
1,XYt,638,114,0.015904117743698053,0.009861283273301597
1,XYt,639,114,0.015954501718524694,0.00987616406807003
1,XYt,640,114,0.016119700964222987,0.009949150146980258
1,XYt,641,115,0.015998605327507017,0.009842565316633906
1,XYt,642,116,0.01602713078560523,0.009781038548800549
1,XYt,643,116,0.016341111103985007,0.009873380586975488
1,XYt,644,116,0.016563814586831663,0.009899959013154635
1,XYt,645,116,0.016847409988471777,0.009908901572316133
1,XYt,646,116,0.017108671543858298,0.009893007985189162
1,XYt,647,116,0.017261687595600126,0.009786425848871237
1,XYt,648,115,0.01765405785641921,0.00982847506370387
1,XYt,649,114,0.017988480331197876,0.009876402600137668
1,XYt,650,113,0.018424086223363806,0.009990429624167877
1,XYt,651,113,0.01836582644701416,0.00989808549793156
1,XYt,652,114,0.018513073513172638,0.009862412381594793
1,XYt,653,115,0.018670822548733108,0.00980430630773543
1,XYt,654,115,0.01908916920364545,0.00993009037884616
1,XYt,655,115,0.01935332290611823,0.009974774618508294
1,XYt,656,115,0.01956173775283852,0.009980268654318773
1,YZt,0,1,nan,0.0
1,YZt,1,78,0.0379805052596313,0.009952366683247272
1,YZt,2,83,0.027948364420970054,0.009797772618184611
1,YZt,3,87,0.022744247293175358,0.009959499661273557
1,YZt,4,96,0.0176605477803714,0.009792230601412441
1,YZt,5,107,0.011148294987551027,0.009896294515845222
1,YZt,6,103,0.015113280305480002,0.009911066511135292
1,YZt,7,107,0.016200135152093433,0.009745818642508288
1,YZt,8,103,0.019015474150334322,0.0097553799158242
1,YZt,9,104,0.01959876082611877,0.009902377516687285
1,YZt,10,102,0.020805563245938644,0.009801558108412906
1,YZt,11,103,0.021475364863469626,0.009823604428370547
1,YZt,12,101,0.023296494340896163,0.00997996700455775
1,YZt,13,102,0.02297464967769644,0.00994015672517412
1,YZt,14,100,0.02413495247139549,0.009872696125127476
1,YZt,15,100,0.024809073807058817,0.0098841196099604
1,YZt,16,101,0.024762443946326356,0.009894608735352367
1,YZt,17,99,0.026345929266816875,0.009881071405978697
1,YZt,18,99,0.0267189025821964,0.009996078333415176
1,YZt,19,98,0.026992331346925396,0.009986975874720255
1,YZt,20,99,0.027882792532917616,0.00980566268423083
1,YZt,21,101,0.02644017052157538,0.009756616747968627
1,YZt,22,102,0.026631911478286235,0.009859941234773935
1,YZt,23,99,0.0286214733816839,0.009745996021434578
1,YZt,24,100,0.02832410575995842,0.00979098182553394
1,YZt,25,101,0.028179042093623076,0.0099291108005744
1,YZt,26,100,0.029398768700515693,0.009813172994977356
1,YZt,27,99,0.029186235089167054,0.009768557001463321
1,YZt,28,100,0.030179916971504368,0.009937102952257346
1,YZt,29,100,0.029462459265558343,0.009821336378320061
1,YZt,30,99,0.03049318508007142,0.00985857078622649
1,YZt,31,100,0.03070993642134426,0.009881903850201894
1,YZt,32,99,0.03127211004760244,0.009913490733905947
1,YZt,33,98,0.03196140535483941,0.009931720118722755
1,YZt,34,100,0.03171164233686626,0.009958772236812794
1,YZt,35,101,0.030967616864585407,0.009925337656538729
1,YZt,36,100,0.031226012205338084,0.00984720290999909
1,YZt,37,98,0.032210032448920664,0.009798618789243487
1,YZt,38,97,0.0323772307023231,0.009957522020274927
1,YZt,39,98,0.031066850946315065,0.00992827690937804
1,YZt,40,99,0.02963834878874112,0.00994780593678384
1,YZt,41,99,0.029277121189706087,0.009889961668050869
1,YZt,42,100,0.02831111523564012,0.009842076246975067
1,YZt,43,99,0.027921088690982417,0.009948273317781982
1,YZt,44,100,0.026291079569442034,0.00989577277577781
1,YZt,45,100,0.025512765216983486,0.00996785122892823
1,YZt,46,100,0.024620283913638512,0.009769880441490226
1,YZt,47,100,0.023984169146431335,0.009932797613419404
1,YZt,48,102,0.022610346947519632,0.009776100915156568
1,YZt,49,104,0.02223474874065812,0.009997183399061955
1,YZt,50,105,0.0213877455868483,0.009767488858932704
1,YZt,51,102,0.02213342618261077,0.009880674166497355
1,YZt,52,101,0.022172626979511563,0.009964048900235395
1,YZt,53,101,0.022649916624955403,0.009786744587177721
1,YZt,54,105,0.021283532788988372,0.009776441240465459
1,YZt,55,103,0.022358388087472075,0.009941151949057092
1,YZt,56,101,0.023323139768055653,0.009947131220288981
1,YZt,57,102,0.023494285351493185,0.009886866803585439
1,YZt,58,106,0.02259334547972638,0.009941833625704458
1,YZt,59,103,0.024519832284597275,0.009889148119547293
1,YZt,60,101,0.025637349878567185,0.009780024131378077
1,YZt,61,105,0.024830754417318614,0.009745883930914257
1,YZt,62,106,0.025332417518917273,0.009941627354049146
1,YZt,63,104,0.02619018036167514,0.009943936581246413
1,YZt,64,108,0.022159633189417494,0.009753884349610387
1,YZt,65,107,0.019828528352835655,0.009818059424427605
1,YZt,66,107,0.017100437314431102,0.009786875009173843
1,YZt,67,108,0.014382735322706177,0.009886129769829518
1,YZt,68,106,0.012793982568701874,0.009875769425731443
1,YZt,69,108,0.01121937439697212,0.009829799093406057
1,YZt,70,104,0.011003230286915045,0.009855876764954656
1,YZt,71,107,0.009876201017987207,0.009796747178432227
1,YZt,72,106,0.009640030390431008,0.00979084245383246
1,YZt,73,108,0.008941928245054364,0.009831519379263305
1,YZt,74,106,0.008792498003975536,0.009770358687752513
1,YZt,75,108,0.008215840244933246,0.00983965234911462
1,YZt,76,106,0.008230928359161824,0.009760136225504546
1,YZt,77,108,0.007706244963487106,0.00991651080550904
1,YZt,78,106,0.00772223199619555,0.009958123668084386
1,YZt,79,108,0.007384934830139071,0.009929715713922361
1,YZt,80,106,0.007560149212981762,0.009944910999033921
1,YZt,81,109,0.0071568769452863825,0.009918166969851008
1,YZt,82,108,0.007149870105357116,0.009876466481975012
1,YZt,83,110,0.006909518412922055,0.00989899070283319
1,YZt,84,111,0.006856808711571197,0.009922890446872985
1,YZt,85,109,0.007086346892781587,0.009974927405969862
1,YZt,86,111,0.006981886058004537,0.009990322501511167
1,YZt,87,111,0.006984730514761366,0.009942254252397713
1,YZt,88,113,0.006754923188375528,0.009797040228063436
1,YZt,89,114,0.006816586382563427,0.009918406578662928
1,YZt,90,113,0.006959567486165099,0.009930395087658936
1,YZt,91,114,0.006892006142371282,0.009838524135180052
1,YZt,92,116,0.006760029700386305,0.009942509858276492
1,YZt,93,116,0.0068069963651089145,0.009845299266105357
1,YZt,94,117,0.006662961257427672,0.009936785102323339
1,YZt,95,117,0.006818173019438337,0.009968376886922188
1,YZt,96,118,0.006743950388940138,0.009845500548105431
1,YZt,97,118,0.006764362202047335,0.009906526604239239
1,YZt,98,121,0.006456893039021341,0.009825133466646737
1,YZt,99,123,0.006315970983194793,0.009786218181637012
1,YZt,100,121,0.00666175331096842,0.00991907899828369
1,YZt,101,120,0.006732790805118711,0.009870809047505705
1,YZt,102,121,0.006683169241930627,0.009779083455604489
1,YZt,103,123,0.006544673700799238,0.009776369098762751
1,YZt,104,124,0.00651268301344653,0.009941507059070693
1,YZt,105,123,0.006694595615864234,0.009806441335326734
1,YZt,106,123,0.006837329509515503,0.009844869435446619
1,YZt,107,124,0.0069554451942485775,0.009971245022399468
1,YZt,108,125,0.0070462681689207225,0.00994516538036635
1,YZt,109,127,0.00690940769236559,0.009806146221328981
1,YZt,110,126,0.007224104825808659,0.009914410538230998
1,YZt,111,125,0.007502359844382147,0.009818393220201019
1,YZt,112,125,0.00776849656836677,0.009903467879962356
1,YZt,113,127,0.007697057823751042,0.009875399143107816
1,YZt,114,128,0.007399511331245394,0.009796168487259217
1,YZt,115,127,0.007411233345753188,0.009948398925089783
1,YZt,116,126,0.007272675519074824,0.009862074090215856
1,YZt,117,125,0.007325208689549299,0.009846337946064944
1,YZt,118,125,0.007500672317006483,0.009969811057799708
1,YZt,119,126,0.007305955561598287,0.009861557536070247
1,YZt,120,126,0.007130773951480195,0.009855903599917136
1,YZt,121,126,0.006979751878407972,0.009840647610017952
1,YZt,122,125,0.006993496735241896,0.009997119751822986
1,YZt,123,126,0.006684193967663145,0.009813872934987781
1,YZt,124,126,0.006655357235436491,0.009947412903613747
1,YZt,125,126,0.006644493195138968,0.009992054279295965
1,YZt,126,127,0.006460295414163159,0.009793815025714522
1,YZt,127,127,0.006476445481372116,0.009824598974068609
1,YZt,128,126,0.006611040921677597,0.009982517720094619
1,YZt,129,127,0.006438487766589819,0.009778371225464915
1,YZt,130,126,0.006626885195484445,0.009967829694432516
1,YZt,131,126,0.006624836562555535,0.00982138594385489
1,YZt,132,126,0.0067237190700013515,0.009905008969693374
1,YZt,133,126,0.006769840449252749,0.009939349213436631
1,YZt,134,126,0.006767484726938579,0.009863706363409344
1,YZt,135,126,0.0067819912495339935,0.00981008633584702
1,YZt,136,125,0.006865771620045782,0.009797741320581295
1,YZt,137,124,0.006968047725623061,0.009839461465655886
1,YZt,138,124,0.007112468130217905,0.009965775628044926
1,YZt,139,125,0.007055739738800546,0.009829355716186913
1,YZt,140,125,0.007325833016239163,0.009967400148432686
1,YZt,141,126,0.007314502729130033,0.009894633528322762
1,YZt,142,126,0.007175129873282015,0.009911828374168121
1,YZt,143,126,0.007012987028678806,0.009931928525812138
1,YZt,144,126,0.0069521172936617675,0.00996313598692109
1,YZt,145,126,0.006878275584210152,0.009814504478638129
1,YZt,146,124,0.0072315955899147095,0.009951124521328524
1,YZt,147,123,0.007185934124255167,0.009808993016987927
1,YZt,148,122,0.007201074249083262,0.009854916491905273
1,YZt,149,122,0.007082176380316753,0.009953702267647654
1,YZt,150,122,0.00694633481834303,0.009848017977495543
1,YZt,151,120,0.007183473206344543,0.00984276011209883
1,YZt,152,119,0.007202147921466007,0.00985328120653929
1,YZt,153,118,0.007282447781935984,0.009810997081364665
1,YZt,154,118,0.0073167888049830015,0.009851221543335597
1,YZt,155,120,0.00709964383443718,0.009853346949935556
1,YZt,156,118,0.007440050124431655,0.009803729861276127
1,YZt,157,115,0.00783114144275224,0.009887271547831427
1,YZt,158,114,0.007855877556220456,0.009821576007799709
1,YZt,159,114,0.007807078219439427,0.009957724113324889
1,YZt,160,115,0.0073833816265484005,0.009966673300594394
1,YZt,161,113,0.0074336646493885165,0.009965713318723085
1,YZt,162,111,0.007541809879264541,0.009816991592136412
1,YZt,163,111,0.007537515947649583,0.009961510386346168
1,YZt,164,111,0.007366030800387704,0.009904197431233486
1,YZt,165,111,0.0070445479551535725,0.009797976832591853
1,YZt,166,109,0.00726743470394056,0.009832141602552257
1,YZt,167,110,0.007014176457947172,0.009870210232666344
1,YZt,168,107,0.007260066500356853,0.009915515041254746
1,YZt,169,107,0.007084406472007997,0.009862540092900975
1,YZt,170,109,0.006746016096808442,0.009844154566813552
1,YZt,171,108,0.006711918710220097,0.00979178669744809
1,YZt,172,107,0.007009829635850914,0.00998420631767481
1,YZt,173,108,0.006919974436120109,0.00981133072673049
1,YZt,174,105,0.0072860300080148195,0.009948010153771083
1,YZt,175,108,0.007057078587394901,0.009880574078249818
1,YZt,176,107,0.007343911965051187,0.009976760980361864
1,YZt,177,106,0.007643343439225006,0.0098866380614824
1,YZt,178,107,0.007676330752040483,0.009845009210337605
1,YZt,179,103,0.008341043679008972,0.009888617862295494
1,YZt,180,106,0.008335685261708251,0.009923485696557157
1,YZt,181,104,0.008932297028402474,0.009948869745731352
1,YZt,182,107,0.009036844161554735,0.009882897571100018
1,YZt,183,103,0.01007092788854152,0.009911617224087052
1,YZt,184,105,0.010527452512780998,0.009981373780597103
1,YZt,185,103,0.012067913578708086,0.009984073482467336
1,YZt,186,106,0.013030134434636055,0.00986574282841697
1,YZt,187,105,0.01620271509944066,0.009869837799666475
1,YZt,188,108,0.01914652633948183,0.009755912307203837
1,YZt,189,103,0.024419409757831655,0.009742059888705353
1,YZt,190,103,0.03024461752020209,0.009921442539333802
1,YZt,191,100,0.03494120516586325,0.009858861609387473
1,YZt,192,104,0.033575269711417007,0.009789605638806742
1,YZt,193,99,0.0366886230460877,0.00998407885733663
1,YZt,194,98,0.03749896800595894,0.009864627701218459
1,YZt,195,102,0.03410950254786269,0.009804238906223181
1,YZt,196,99,0.03587719721465259,0.009749879063754944
1,YZt,197,102,0.034330940432711426,0.00974562434791744
1,YZt,198,101,0.03517627399698687,0.00992903359136871
1,YZt,199,98,0.036274489346721124,0.0097606012043937
1,YZt,200,99,0.0359965233723211,0.009942933540425582
1,YZt,201,102,0.03370862660187508,0.009893251225399448
1,YZt,202,97,0.0368622810450387,0.009997569874800433
1,YZt,203,97,0.03615958283717342,0.009977664195401654
1,YZt,204,101,0.03411943260094252,0.009778071344201899
1,YZt,205,101,0.03414280143403723,0.009949945768505188
1,YZt,206,96,0.03648692525456059,0.009841011410211549
1,YZt,207,97,0.03473380837814907,0.009762790705887597
1,YZt,208,98,0.03523853962401189,0.009900438796581519
1,YZt,209,101,0.03347307011497505,0.009949002665692729
1,YZt,210,101,0.03309008858898968,0.009890846069349079
1,YZt,211,98,0.033643393468580876,0.009872517528296954
1,YZt,212,96,0.034970443161223955,0.009997380089474367
1,YZt,213,95,0.0353498921351311,0.00985017326075199
1,YZt,214,96,0.0343038557630887,0.009930391613706919
1,YZt,215,97,0.03353040899333923,0.009822547344945145
1,YZt,216,96,0.03427026723870625,0.009850929327296504
1,YZt,217,96,0.03416966041161652,0.009908886950060801
1,YZt,218,96,0.0331343803558604,0.009798253806250958
1,YZt,219,97,0.03196393171599912,0.009783550468217298
1,YZt,220,96,0.032623915347412144,0.009737488029273737
1,YZt,221,95,0.03347224964912269,0.009891237475003362
1,YZt,222,96,0.03275707353086609,0.009861879753982979
1,YZt,223,98,0.03165685281433956,0.009958202191412288
1,YZt,224,100,0.030552274392202178,0.009744565098958142
1,YZt,225,99,0.031586857039526225,0.009969196658111468
1,YZt,226,97,0.03191464168684214,0.009966466389242389
1,YZt,227,98,0.030929631045821845,0.009793647906094114
1,YZt,228,99,0.030694186504421874,0.009794987522534448
1,YZt,229,98,0.030473013067918588,0.00984186437934608
1,YZt,230,98,0.03004593173648081,0.00995539998807703
1,YZt,231,99,0.030332307987340414,0.009906426003331288
1,YZt,232,98,0.02945090767962288,0.009833932808780782
1,YZt,233,99,0.029346484075591362,0.009756219548638262
1,YZt,234,100,0.02836917228985346,0.009886104567809004
1,YZt,235,99,0.028410537224673592,0.009792085767233736
1,YZt,236,98,0.028832903435426008,0.009778849840428247
1,YZt,237,101,0.026905509784608754,0.009810891984631392
1,YZt,238,99,0.027474190230210298,0.009988855971991197
1,YZt,239,98,0.028318388112326242,0.009863388479954646
1,YZt,240,98,0.026735395203475773,0.009847381187450575
1,YZt,241,99,0.026361674912431205,0.009743122557336129
1,YZt,242,98,0.02696127411419279,0.009975786215481756
1,YZt,243,100,0.025166929711819084,0.0099626423710508
1,YZt,244,100,0.02469608450267934,0.00977861151583988
1,YZt,245,99,0.024561344518708592,0.009887050956517969
1,YZt,246,101,0.02342305116963895,0.009971623277880927
1,YZt,247,100,0.02371160429629418,0.009898374617974302
1,YZt,248,102,0.02206032331868733,0.00990766564479189
1,YZt,249,101,0.021231855968666863,0.009783327930031718
1,YZt,250,103,0.020060442802831955,0.009816575750334055
1,YZt,251,101,0.019969025946442846,0.009892339915600394
1,YZt,252,105,0.01716966114755186,0.009901306776915263
1,YZt,253,101,0.01586471014285404,0.009862817585291261
1,YZt,254,104,0.01175242233470868,0.009836008562619538
1,YZt,255,95,0.018353978767486814,0.009823668029245428
1,YZt,256,86,0.023630650423789673,0.009991651094217374
1,YZt,257,82,0.02893017025133769,0.009814268191554275
1,YZt,258,78,0.038391514036433344,0.009728673556910459
1,YZt,259,1,nan,0.0
1,XZt,0,1,nan,0.0
1,XZt,1,77,0.03827756118670516,0.009735288899817923
1,XZt,2,80,0.02970708844302756,0.009990502445432703
1,XZt,3,83,0.023523717473084998,0.009837616327693645
1,XZt,4,89,0.01883302307185783,0.009983150497714451
1,XZt,5,96,0.012595550001441967,0.00991785044546578
1,XZt,6,98,0.015506731625455317,0.009734511251280796
1,XZt,7,104,0.016670792427608796,0.00983324755013554
1,XZt,8,101,0.019634229082338625,0.009929265989261681
1,XZt,9,103,0.019935743303139672,0.009904332111745733
1,XZt,10,101,0.021036530246015178,0.009733470483147983
1,XZt,11,102,0.022146706672143548,0.009998777898556716
1,XZt,12,101,0.0233615181541967,0.009779615732427114
1,XZt,13,102,0.023051985615048773,0.009801495537281582
1,XZt,14,100,0.024369461371855968,0.009852726843890018
1,XZt,15,100,0.025238816012863884,0.009897308479854674
1,XZt,16,101,0.0251785151816691,0.009893433322311417
1,XZt,17,99,0.026811088668074835,0.009878298930817467
1,XZt,18,99,0.027042495921338002,0.009880508903962186
1,XZt,19,98,0.027618733267694172,0.009982141413413434
1,XZt,20,99,0.028152004646744454,0.009804828067338421
1,XZt,21,101,0.026720999339804208,0.009782196746592363
1,XZt,22,101,0.027794823111593137,0.009927577699396695
1,XZt,23,98,0.029299054510773203,0.009880240443435358
1,XZt,24,100,0.028295399213995466,0.009738487827224404
1,XZt,25,100,0.028857390282819997,0.009788484970607282
1,XZt,26,99,0.03004231733974679,0.00982512878508615
1,XZt,27,98,0.030033194867606947,0.009998222018733753
1,XZt,28,100,0.0300441620218577,0.00977703011641326
1,XZt,29,98,0.030599415402078584,0.009972098383338719
1,XZt,30,98,0.031020547773358303,0.009940167136788204
1,XZt,31,99,0.03123598310024055,0.009959254498224523
1,XZt,32,98,0.031625816809295174,0.009874706281407368
1,XZt,33,98,0.031674878935717,0.009857608442545547
1,XZt,34,100,0.0315021073191782,0.009965917937998035
1,XZt,35,100,0.03101120685413184,0.009862994803236791
1,XZt,36,99,0.031263270167018964,0.009803745500531327
1,XZt,37,97,0.03243972959340604,0.009811888209535961
1,XZt,38,96,0.033120034454306634,0.009793465910757857
1,XZt,39,96,0.03296383192369763,0.009787233758611952
1,XZt,40,97,0.03248423209416572,0.009872176632334133
1,XZt,41,96,0.03386157269373363,0.00999360165310091
1,XZt,42,97,0.03370928146498411,0.009777699321853472
1,XZt,43,96,0.03456694851711539,0.009875418162155238
1,XZt,44,97,0.033892534287370324,0.009952449103390288
1,XZt,45,97,0.03381169756022028,0.009902015971085481
1,XZt,46,96,0.03464474125173685,0.009851969359022742
1,XZt,47,97,0.03420568841217336,0.009974725661467424
1,XZt,48,99,0.03295480780408033,0.009953610230527708
1,XZt,49,102,0.03222358086645881,0.009931861758831814
1,XZt,50,102,0.03219857945703266,0.009911580485060417
1,XZt,51,100,0.0330958692001977,0.009771180557531402
1,XZt,52,99,0.03288979160001284,0.009845583473535249
1,XZt,53,99,0.03397537574042594,0.009860627748162185
1,XZt,54,103,0.03173471330816006,0.009886137912007029
1,XZt,55,103,0.03160088068843722,0.009761490257763636
1,XZt,56,100,0.032887596572124964,0.00989711909568897
1,XZt,57,101,0.032396053440119095,0.009819898088305808
1,XZt,58,105,0.030230798623580593,0.009932726993241955
1,XZt,59,103,0.03114903137992395,0.009802696833220725
1,XZt,60,102,0.031253188492224346,0.009782444387818213
1,XZt,61,105,0.029570514572900233,0.009813598355097371
1,XZt,62,104,0.0298855871048176,0.009990600281385972
1,XZt,63,103,0.029705962210495915,0.00974549416050811
1,XZt,64,106,0.028042900841746286,0.009790086445231445
1,XZt,65,104,0.028926060669765944,0.009788642780354587
1,XZt,66,104,0.028470370760728166,0.009952318540324582
1,XZt,67,106,0.027062942837052628,0.009951894102241057
1,XZt,68,105,0.025613046769115272,0.00974322012347049
1,XZt,69,108,0.023708327079321658,0.009834215785621127
1,XZt,70,106,0.02276233654246497,0.00995606644421946
1,XZt,71,110,0.019769845801726024,0.009744059623949978
1,XZt,72,109,0.019043019687877753,0.009916266898900086
1,XZt,73,111,0.017331875708515118,0.009961359163150229
1,XZt,74,111,0.01631499141898619,0.009797918541940334
1,XZt,75,113,0.015157528280016257,0.009947723092848443
1,XZt,76,112,0.014489519797483136,0.009833204281348658
1,XZt,77,114,0.013482653625767982,0.009895267664903595
1,XZt,78,113,0.012864063862154418,0.009812706991606713
1,XZt,79,114,0.01232500903717761,0.009910207894786412
1,XZt,80,113,0.011933299879040305,0.009769465340850915
1,XZt,81,114,0.011487642851430365,0.00996262928970522
1,XZt,82,113,0.011206026867395752,0.009926997754033216
1,XZt,83,114,0.010662768716124704,0.009967215172608955
1,XZt,84,115,0.010173650165597663,0.009852069348805415
1,XZt,85,113,0.010190628529508224,0.00994607955774936
1,XZt,86,115,0.0097158825656391,0.009832554057190067
1,XZt,87,115,0.009543878314022152,0.009886307733038061
1,XZt,88,116,0.00910001566966805,0.00980258304489807
1,XZt,89,116,0.00908489239624511,0.009949055062638785
1,XZt,90,116,0.008968526356882132,0.009821021416674977
1,XZt,91,117,0.008755304739416258,0.009794923344096696
1,XZt,92,119,0.008516027491414214,0.009950838705853731
1,XZt,93,119,0.008421408087930633,0.009883298599556426
1,XZt,94,120,0.008124301006261422,0.009955049994107847
1,XZt,95,121,0.007973085159178755,0.009798274539839832
1,XZt,96,121,0.007958166449755753,0.009982759240072032
1,XZt,97,122,0.007612416291656093,0.009783182572251433
1,XZt,98,123,0.007424966137150327,0.009972194477968752
1,XZt,99,125,0.007024828025300646,0.009785274967556127
1,XZt,100,124,0.007064334709952899,0.009785983953402608
1,XZt,101,123,0.007057448574036565,0.00988248682972919
1,XZt,102,124,0.006825970016764852,0.00979277429763332
1,XZt,103,125,0.006621488058072893,0.009858711922067241
1,XZt,104,126,0.006392949259981066,0.00989458355492822
1,XZt,105,124,0.006532210486484429,0.009946307703589435
1,XZt,106,124,0.0064125230890308025,0.009911512034089668
1,XZt,107,125,0.006187620357344912,0.00981985827375421
1,XZt,108,125,0.0061476872315451795,0.009862115677672253
1,XZt,109,126,0.005933654260440679,0.00988163154857926
1,XZt,110,126,0.005839120686308929,0.009785721125414636
1,XZt,111,124,0.006019652644437304,0.00999262853100154
1,XZt,112,125,0.005859209871346258,0.009819588935783118
1,XZt,113,126,0.005745533727696103,0.009813087842619056
1,XZt,114,127,0.00546427938736255,0.009804187690147093
1,XZt,115,127,0.005462460921127118,0.009975732037737859
1,XZt,116,127,0.005439570100587522,0.009960390202798257
1,XZt,117,127,0.005404821876534922,0.009841637317614298
1,XZt,118,126,0.005529337069368292,0.009948531466050766
1,XZt,119,126,0.00541207918339799,0.009805829989982728
1,XZt,120,126,0.00531965688011911,0.00978237542506868
1,XZt,121,126,0.0053224793193754494,0.009844501884201731
1,XZt,122,126,0.005343881163396866,0.009890857695482803
1,XZt,123,126,0.00534610644812346,0.009927358775933313
1,XZt,124,126,0.005331506885615197,0.009942203747291234
1,XZt,125,126,0.005313903485420147,0.009921030302894776
1,XZt,126,127,0.005216718072246954,0.009783571232965853
1,XZt,127,127,0.005240922596127736,0.009838880222196363
1,XZt,128,127,0.005202718001524027,0.009839588462001942
1,XZt,129,127,0.005179795041394941,0.009878691609634236
1,XZt,130,127,0.005175049654670873,0.009873721441371077
1,XZt,131,127,0.005202331839532385,0.009813436259521597
1,XZt,132,127,0.005248452005909929,0.009811722569739435
1,XZt,133,126,0.00538178889570609,0.00999152718154807
1,XZt,134,126,0.0053739197027930525,0.009975133373290607
1,XZt,135,126,0.005388474834006603,0.009978488197348711
1,XZt,136,126,0.005393279336921113,0.009906705748711308
1,XZt,137,126,0.0054340354404274205,0.009854623996468852
1,XZt,138,126,0.005445667874603461,0.009840594246331715
1,XZt,139,126,0.005470941139246355,0.009787411170232173
1,XZt,140,126,0.00559214408248679,0.009840073058765055
1,XZt,141,126,0.0056832302765167445,0.009910667379814725
1,XZt,142,126,0.005682427025290972,0.009959964569289407
1,XZt,143,127,0.005585907183315017,0.009847479666842301
1,XZt,144,127,0.005643080981171197,0.009876763375735686
1,XZt,145,126,0.005822833891760106,0.009941550242050946
1,XZt,146,125,0.0061515035922078635,0.009910303815979364
1,XZt,147,124,0.0063455435106590605,0.009878698981913335
1,XZt,148,124,0.006470500276086098,0.009887813119338803
1,XZt,149,125,0.006528132875754441,0.009957524714875906
1,XZt,150,126,0.006582822136084632,0.009885211211610019
1,XZt,151,125,0.006919697681018054,0.00986387346185084
1,XZt,152,124,0.00719576136468677,0.009996133934709443
1,XZt,153,124,0.007341409512530984,0.00980358519698281
1,XZt,154,124,0.0075382793089473045,0.009847830759268034
1,XZt,155,126,0.007422388048180246,0.009783094808017683
1,XZt,156,124,0.007956251147748492,0.009941713333221898
1,XZt,157,123,0.008272463319100892,0.009876135037089966
1,XZt,158,123,0.008433859846355456,0.009781886402534247
1,XZt,159,123,0.00873435826707964,0.009916874914830863
1,XZt,160,124,0.008781859719454456,0.00995212558115316
1,XZt,161,123,0.009169571445845992,0.009960792729147223
1,XZt,162,122,0.009577070920537627,0.009867039636644514
1,XZt,163,123,0.009756499742613582,0.009790531992320562
1,XZt,164,123,0.009972144086751698,0.00979237425914378
1,XZt,165,123,0.010094855171766831,0.009834803930442247
1,XZt,166,122,0.010652400959245014,0.009904962531517885
1,XZt,167,123,0.010689637841029442,0.009845298876774483
1,XZt,168,121,0.011276323524848822,0.009963854629439644
1,XZt,169,121,0.011450525397105712,0.009920032673917023
1,XZt,170,122,0.011408825491346596,0.009806724714581912
1,XZt,171,121,0.011653247555464902,0.009820757184554298
1,XZt,172,120,0.012029352622871161,0.00978903553153406
1,XZt,173,119,0.012222472569842031,0.009793253774290859
1,XZt,174,116,0.01264966935908465,0.009990499759726358
1,XZt,175,117,0.01227424332366039,0.009807276987448033
1,XZt,176,116,0.012292289817873803,0.009770089554508051
1,XZt,177,113,0.01285956095468392,0.009989336397314816
1,XZt,178,114,0.012321292231801895,0.009772333020288588
1,XZt,179,110,0.01283562312998574,0.009979027891348007
1,XZt,180,112,0.01220458404126724,0.009793823244638674
1,XZt,181,110,0.012368506851199576,0.0098043041965582
1,XZt,182,111,0.012275310547493458,0.009909636216163309
1,XZt,183,109,0.012590116018690402,0.009836634398680858
1,XZt,184,111,0.012376597063709652,0.00992134015793693
1,XZt,185,109,0.012873101116785862,0.009932787194080535
1,XZt,186,111,0.01257202099610987,0.009807323888169534
1,XZt,187,110,0.01300974652957464,0.009816784259129793
1,XZt,188,112,0.012992921139428404,0.009841824653657886
1,XZt,189,110,0.013876519844381062,0.009973953230510407
1,XZt,190,112,0.014006835617562878,0.009993865534287043
1,XZt,191,110,0.01461278420131783,0.009824578296034283
1,XZt,192,111,0.015168494404690135,0.009874653101777852
1,XZt,193,109,0.015824661363879326,0.009831699890450267
1,XZt,194,107,0.016492380343091067,0.009913033699768654
1,XZt,195,108,0.016190065887192646,0.009812567928476183
1,XZt,196,104,0.017111376784135233,0.009788093372155254
1,XZt,197,105,0.016930418960535373,0.009896041202276967
1,XZt,198,105,0.016895804272229736,0.00992953312430595
1,XZt,199,102,0.01731888684822835,0.009751792687188125
1,XZt,200,103,0.017323415517061708,0.009900821692914988
1,XZt,201,106,0.016431627566330393,0.009805204924230926
1,XZt,202,102,0.0174167990541964,0.009817934492096782
1,XZt,203,101,0.017631850857198404,0.009957986635695717
1,XZt,204,104,0.01699345185814847,0.009921908844256574
1,XZt,205,105,0.01661120113156237,0.009772967248310253
1,XZt,206,101,0.017619008973555426,0.009828606179926671
1,XZt,207,101,0.017319910323869557,0.009874233089092965
1,XZt,208,102,0.01735330521572619,0.00992849426832269
1,XZt,209,105,0.016616567333248098,0.009848733344093844
1,XZt,210,105,0.016697949742351663,0.009881086922821842
1,XZt,211,103,0.01709018912135429,0.009785811999675351
1,XZt,212,101,0.017908203582002628,0.00990241351568732
1,XZt,213,100,0.01869761387430802,0.009977141331837908
1,XZt,214,102,0.018701297876002356,0.009861099649804018
1,XZt,215,102,0.019561659088354392,0.00992455983681628
1,XZt,216,101,0.02117804303645301,0.009936493088022523
1,XZt,217,102,0.02238751206320259,0.00980331775791147
1,XZt,218,101,0.024526311448425674,0.009974288726528151
1,XZt,219,102,0.025506801876732196,0.00976216170641573
1,XZt,220,100,0.028245317014727118,0.00984515793798669
1,XZt,221,99,0.0303183466150368,0.009857639938916668
1,XZt,222,100,0.03074690896709923,0.0097380977607869
1,XZt,223,101,0.03084892501621533,0.009783669179298774
1,XZt,224,101,0.03153273741915035,0.009997914546412011
1,XZt,225,102,0.031047959085171255,0.009765197177432012
1,XZt,226,99,0.03191613082211539,0.009862908526476857
1,XZt,227,99,0.03155077257517133,0.009816955670347183
1,XZt,228,100,0.031302048382811455,0.009861075938645877
1,XZt,229,99,0.03123683090063794,0.00992858229155045
1,XZt,230,99,0.030533346572573436,0.009938537779305603
1,XZt,231,100,0.03062584343386756,0.00992403726530071
1,XZt,232,99,0.029775623571857052,0.009792908162050067
1,XZt,233,99,0.030349060839648993,0.009833057321975317
1,XZt,234,101,0.028600783240098335,0.009809665121638502
1,XZt,235,100,0.028762237366438997,0.009857784587625018
1,XZt,236,99,0.029081581432349367,0.009743353488501073
1,XZt,237,102,0.02716049726348276,0.009846050256703074
1,XZt,238,101,0.026900010454588827,0.009893907920851918
1,XZt,239,99,0.028329958376230157,0.00983830556772906
1,XZt,240,99,0.02702388825392175,0.009910128604389706
1,XZt,241,99,0.027174049589351296,0.009935093074639705
1,XZt,242,100,0.026379020920601032,0.009793728139523044
1,XZt,243,101,0.02534511348849595,0.009962598125253902
1,XZt,244,101,0.024842571015063663,0.009745531132335915
1,XZt,245,100,0.024563895338603453,0.00986796765509689
1,XZt,246,102,0.023275740599273502,0.00995348699957848
1,XZt,247,101,0.023540506512927287,0.009852938866972551
1,XZt,248,103,0.02171851327663069,0.009853582688921628
1,XZt,249,101,0.021323166360259518,0.009934765128962287
1,XZt,250,104,0.01981658107947253,0.009812167915674788
1,XZt,251,102,0.01940887666682826,0.009809842127586102
1,XZt,252,105,0.016609872982502254,0.00980805980928701
1,XZt,253,98,0.015867038964605448,0.009921853985991368
1,XZt,254,97,0.012565611076645219,0.009743588741538484
1,XZt,255,89,0.01903532025576592,0.009999212613380272
1,XZt,256,83,0.02364024881451921,0.009949187594858841
1,XZt,257,81,0.028686045507852153,0.009806913499251281
1,XZt,258,77,0.03827804804876996,0.00992729081987285
1,XZt,259,1,nan,0.0
2,XYt,73,113,0.019250580004010125,0.009967840769321838
2,XYt,74,114,0.01874034086695699,0.00977240676072606
2,XYt,75,114,0.018679948381499435,0.00982730437804138
2,XYt,76,114,0.018459377152481107,0.009795770074319017
2,XYt,77,113,0.018521725272090808,0.009925824554566157
2,XYt,78,113,0.018189363030492407,0.009874499073322445
2,XYt,79,113,0.017914333369089323,0.009906039531573284
2,XYt,80,113,0.017606831246976085,0.009928430103530683
2,XYt,81,113,0.017236002360886758,0.009888879195848306
2,XYt,82,113,0.01704445338823121,0.009915713197033514
2,XYt,83,113,0.016845708600626928,0.009914749827436354
2,XYt,84,113,0.016629935059521078,0.00988932742379038
2,XYt,85,113,0.016384155470763426,0.009865302853911604
2,XYt,86,113,0.01621752866763821,0.009864448258873178
2,XYt,87,113,0.016011281920298524,0.009843627337404069
2,XYt,88,113,0.015790540125326002,0.00984535969007031
2,XYt,89,113,0.015570187474519992,0.009855149004025482
2,XYt,90,113,0.015412991642375735,0.009865587883787778
2,XYt,91,113,0.015348791539279358,0.009907792927534239
2,XYt,92,113,0.015207622429923049,0.009891212363501607
2,XYt,93,113,0.015132161017029196,0.00993137322700311
2,XYt,94,113,0.015015455048221478,0.009918347913685715
2,XYt,95,113,0.014904212424070433,0.009885319240656647
2,XYt,96,112,0.015019736638625275,0.009997413292581327
2,XYt,97,112,0.014898909807732386,0.009985286210005136
2,XYt,98,112,0.014786768442034613,0.009977751938519816
2,XYt,99,113,0.014431544209958319,0.009808690633026999
2,XYt,100,113,0.014383255362899902,0.009845216338281683
2,XYt,101,113,0.014340308080152051,0.009863910223128085
2,XYt,102,113,0.01422884193422042,0.009844979230932058
2,XYt,103,113,0.014148505277892626,0.009832426190305964
2,XYt,104,113,0.014062883758618645,0.009805761582602037
2,XYt,105,112,0.014257268631282505,0.009964446893486674
2,XYt,106,112,0.014138075473305362,0.009879816400604195
2,XYt,107,112,0.014093048305053629,0.009863568019301843
2,XYt,108,112,0.01411100407286483,0.00986595558192203
2,XYt,109,112,0.014086505522054909,0.00983386802698678
2,XYt,110,112,0.014097142456310744,0.009819917214846723
2,XYt,111,112,0.014234544267471925,0.009883273002481558
2,XYt,112,112,0.014326848069461866,0.009903428091748169
2,XYt,113,112,0.01449474199112386,0.009971047278253507
2,XYt,114,113,0.014378120925342588,0.009813030344828931
2,XYt,115,113,0.014585479082324099,0.009877538129395189
2,XYt,116,113,0.014845705173050536,0.009967144642461562
2,XYt,117,114,0.014731446505189066,0.00979266618708155
2,XYt,118,114,0.014936253087177994,0.009822250373393161
2,XYt,119,114,0.015161509877150401,0.009907296786417916
2,XYt,120,114,0.015326202050445603,0.009959133800352677
2,XYt,121,114,0.015277247213062438,0.009897839355863544
2,XYt,122,114,0.015205069329722357,0.00982897245369398
2,XYt,123,114,0.015251978902142423,0.009816660794343972
2,XYt,124,113,0.015600457585461303,0.009991681093895723
2,XYt,125,113,0.015687822584770347,0.009991500097026223
2,XYt,126,113,0.015781331839565458,0.009998441154083803
2,XYt,127,114,0.015635607240524367,0.009805896755126102
2,XYt,128,114,0.015837591284573863,0.00981321682081137
2,XYt,129,114,0.016107132979181767,0.009859019225735191
2,XYt,130,114,0.016264513421193293,0.009855078760895333
2,XYt,131,114,0.016451559451304165,0.009840459472521936
2,XYt,132,114,0.01669459822994977,0.009835632106555947
2,XYt,133,114,0.01694842110104355,0.009825118251566671
2,XYt,134,114,0.017181688761738166,0.009792117082913353
2,XYt,135,113,0.017861012426802415,0.009993103711802339
2,XYt,136,113,0.01822507543094386,0.009980363287659104
2,XYt,137,113,0.018401680115546458,0.009918185056653631
2,XYt,138,113,0.01870054653123576,0.00996247454377853
2,XYt,139,114,0.018600488953979033,0.009786431880633762
2,XYt,140,114,0.01876742616474682,0.009814167738528534
2,XYt,141,114,0.01877240934005402,0.009792517679910026
2,XYt,142,114,0.01876698280132349,0.009788318543179427
2,XYt,143,113,0.019074037351712366,0.009979286242714
2,XYt,144,113,0.019019765198817765,0.009992678934686016
2,XYt,145,114,0.018581482568373844,0.009800129197033474
2,XYt,146,114,0.018540928852820063,0.009818474422602858
2,XYt,147,114,0.018554128449735786,0.009852064913482478
2,XYt,148,114,0.018581990812663624,0.009855080938984408
2,XYt,149,114,0.018559562053424537,0.009819223717307795
2,XYt,150,114,0.01855190682719559,0.00978483333350165
2,XYt,151,113,0.018918521259160315,0.00993368614986617
2,XYt,152,113,0.01891067732178762,0.009900898347833668
2,XYt,153,113,0.01890790053488951,0.009890045305880219
2,XYt,154,113,0.018937730871253687,0.00987871372645503
2,XYt,155,113,0.018873106269591253,0.009825678619123288
2,XYt,156,113,0.018870174988443136,0.009837672434962662
2,XYt,157,113,0.018742779509998593,0.009840440931240663
2,XYt,158,113,0.018484489264544803,0.009826975097570849
2,XYt,159,113,0.0182907338093269,0.009880237882938568
2,XYt,160,113,0.017998594212012383,0.009897692968911609
2,XYt,161,113,0.017677948114005654,0.009873289276373693
2,XYt,162,113,0.017328812802598657,0.00984658327343796
2,XYt,163,113,0.017000772207648413,0.009817521189000972
2,XYt,164,113,0.01669554959262732,0.00980365878054687
2,XYt,165,112,0.016805790912338994,0.009999273563948
2,XYt,166,112,0.01658851696749556,0.00995489713259509
2,XYt,167,112,0.016266170309785777,0.00986774492309009
2,XYt,168,111,0.01623096653195709,0.00999060526907557
2,XYt,169,111,0.015899010616035065,0.009899379540679083
2,XYt,170,111,0.015711530300752403,0.00986974490282223
2,XYt,171,111,0.01564724781267032,0.009896946361776626
2,XYt,172,111,0.015599236052249405,0.009948205658709897
2,XYt,173,112,0.015265399256674117,0.009795147731994582
2,XYt,174,112,0.015221882307902545,0.009794722588097726
2,XYt,175,112,0.015228021358625039,0.009798921171071617
2,XYt,176,111,0.015410629027947062,0.009965446922747605
2,XYt,177,111,0.015345128260020512,0.009978456467810806
2,XYt,178,111,0.015269545809741932,0.00999241095601537
2,XYt,179,111,0.015183318935420785,0.009984388137798924
2,XYt,180,111,0.014995967980548626,0.009909068372812942
2,XYt,181,111,0.014839654970036567,0.009871350900909143
2,XYt,182,111,0.014774632105054631,0.009875609825531527
2,XYt,183,111,0.014727334414928713,0.00988860677620448
2,XYt,184,111,0.01465668770354691,0.009865248457961306
2,XYt,185,111,0.014620614706752232,0.009848155995140533
2,XYt,186,111,0.014630768819018551,0.009848042654227201
2,XYt,187,111,0.014669278196946483,0.009857791197864738
2,XYt,188,111,0.014636970173992295,0.00985168198974116
2,XYt,189,111,0.014760729048522993,0.00991117534124714
2,XYt,190,111,0.014795774798272732,0.009911157473698829
2,XYt,191,111,0.014863354451161546,0.009955797865065804
2,XYt,192,111,0.01490709462352956,0.00996276325726099
2,XYt,193,111,0.015019240779643107,0.009987285756301955
2,XYt,194,112,0.014844102799124506,0.009806205401192236
2,XYt,195,112,0.015010536368956537,0.00983480876329574
2,XYt,196,112,0.015275309500060948,0.009898197723671023
2,XYt,197,112,0.01551448281804179,0.009961467751641879
2,XYt,198,113,0.015413038810647742,0.009799354347098365
2,XYt,199,113,0.015582136666006073,0.009837332045945788
2,XYt,200,113,0.01572637215924928,0.00991150290725785
2,XYt,201,113,0.015651352588890614,0.009865643365745108
2,XYt,202,113,0.015525637896739101,0.009808287960977706
2,XYt,203,112,0.015813414753724934,0.009993098341787137
2,XYt,204,112,0.015807313323302673,0.009935426024882558
2,XYt,205,112,0.015877364578925336,0.009914545234651698
2,XYt,206,112,0.016063941559972705,0.009955202776266879
2,XYt,207,113,0.016004007169001355,0.009791349271863585
2,XYt,208,113,0.01629352358361423,0.009822389689680805
2,XYt,209,113,0.016601840166841852,0.009905309806399823
2,XYt,210,113,0.016852283916612247,0.009947646259298218
2,XYt,211,113,0.01705691288702594,0.009944128388750794
2,XYt,212,113,0.017303420519479425,0.009966549154298662
2,XYt,213,113,0.017562598806733554,0.009983410969275524
2,XYt,214,113,0.017812760377179333,0.00997569130817636
2,XYt,215,113,0.018149622939603323,0.009975455150290479
2,XYt,216,114,0.018197643950338904,0.009797593594544032
2,XYt,217,114,0.01858078348970057,0.009838061358637443
2,XYt,218,114,0.019034214684290784,0.00993019413683655
2,XYt,0,145,0.0022680828349659165,0.009858410129967498
2,XYt,1,144,0.002338813939929201,0.009940703204493284
2,XYt,2,143,0.0021954752005196843,0.009941787667979088
2,XYt,3,143,0.0020231010743687263,0.009859855242299227
2,XYt,4,143,0.001909850540137674,0.009813465632219735
2,XYt,5,142,0.0018631859880578019,0.009901306467212389
2,XYt,6,144,0.0017401041765470276,0.00980974756851477
2,XYt,7,145,0.0016739013986568903,0.009858191847883205
2,XYt,8,146,0.0016470529862481714,0.009854021241792183
2,XYt,9,146,0.001616497918825675,0.009984066187997239
2,XYt,10,147,0.0015839283937655857,0.009903790050237232
2,XYt,11,147,0.001572756448143307,0.00997869416799746
2,XYt,12,148,0.0015456865317569457,0.009843261531071642
2,XYt,13,148,0.0015528737075951714,0.009883998382389753
2,XYt,14,148,0.0015482858623374418,0.009910999913014761
2,XYt,15,148,0.0013856083250251346,0.009814119620696315
2,XYt,16,147,0.0013094465604389126,0.009857116697261067
2,XYt,17,148,0.0012726388577951936,0.009924595600867411
2,XYt,18,148,0.001326140943002236,0.009850514606883933
2,XYt,19,147,0.0013514016951625398,0.009922105867919475
2,XYt,20,147,0.00135967836767014,0.009869661170636462
2,XYt,21,147,0.0013671969941092212,0.009822920712468774
2,XYt,22,146,0.0014080928758516834,0.00997006557273684
2,XYt,23,146,0.0014081507763001031,0.009911274424339553
2,XYt,24,146,0.0014204298417564267,0.009850918276613076
2,XYt,25,145,0.0014663686939919217,0.009971428308961224
2,XYt,26,145,0.0014766867457481987,0.009898674262275944
2,XYt,27,145,0.0014924296952074142,0.009822502780273008
2,XYt,28,144,0.0015582515710711006,0.009942673396328244
2,XYt,29,144,0.001600989554526719,0.009872409281514968
2,XYt,30,143,0.0016848335924632262,0.009993841524455635
2,XYt,31,143,0.0017567681125310402,0.0099245728910961
2,XYt,32,143,0.0018432973246760465,0.009846063882234607
2,XYt,33,142,0.001993298424642696,0.009943910369322618
2,XYt,34,142,0.00213392759803237,0.009817258814886069
2,XYt,35,141,0.0023604018273641683,0.009852997921396746
2,XYt,36,140,0.002645305951621639,0.00985842428275375
2,XYt,37,139,0.0030369954773215324,0.009844369811589471
2,XYt,38,138,0.003570440197739586,0.009805628050019952
2,XYt,39,136,0.004450509632904179,0.009976638573257222
2,XYt,40,135,0.0055703737545978755,0.009950594485048992
2,XYt,41,134,0.007119181663582353,0.009968617595960417
2,XYt,42,133,0.00904440838101432,0.009998210364094972
2,XYt,43,133,0.011122596137290889,0.009842977490251299
2,XYt,44,132,0.013590708594860296,0.009841080039960749
2,XYt,45,131,0.016143150664868294,0.009821009005340098
2,XYt,46,130,0.018499782817740545,0.009841522265810896
2,XYt,47,129,0.019918516068383806,0.00981003804170358
2,XYt,48,127,0.02096070439031453,0.009795715840072964
2,XYt,49,124,0.022190146113434547,0.009880355742694007
2,XYt,50,121,0.023299395528996153,0.009928884112640136
2,XYt,51,118,0.024132521738850082,0.009918492372668846
2,XYt,52,115,0.02474010725135409,0.009894683423987367
2,XYt,53,112,0.025113404259392715,0.009888834154871238
2,XYt,54,109,0.02541526834252656,0.009980999888627468
2,XYt,55,108,0.024682808267124174,0.009811828829553082
2,XYt,56,106,0.024422477089633583,0.009966772601134164
2,XYt,57,106,0.02324041016164645,0.009812508083848299
2,XYt,58,105,0.02270433564954911,0.009930382735824028
2,XYt,59,105,0.022098807436135574,0.009972297413509216
2,XYt,60,106,0.02140764197406263,0.00991556707395929
2,XYt,61,107,0.020966166469356774,0.009879458995567787
2,XYt,62,108,0.02070612154120099,0.00985243093762688
2,XYt,63,109,0.02056848625329876,0.009837478785604063
2,XYt,64,109,0.020907755605584947,0.009997476631227815
2,XYt,65,110,0.020751071926700868,0.009912131478820705
2,XYt,66,111,0.020570411428479294,0.009863826441412808
2,XYt,67,112,0.020288713934818316,0.009813653193572792
2,XYt,68,112,0.020226307342738777,0.009918807253498032
2,XYt,69,112,0.02007277277252649,0.009965984861435616
2,XYt,70,113,0.0195115982965679,0.00978335794163866
2,XYt,71,113,0.01943283009619679,0.009844093979700026
2,XYt,72,113,0.019311415162183133,0.009896272903105713
2,XYt,219,115,0.019143957015065067,0.009830246115942359
2,XYt,220,115,0.01959229770022179,0.009946371984276448
2,XYt,221,115,0.01986418247565133,0.009993459737372461
2,XYt,222,116,0.019620004051484036,0.009788903493713409
2,XYt,223,116,0.019842286163236997,0.009827926868189457
2,XYt,224,116,0.020022500398431536,0.009866874767308754
2,XYt,225,116,0.02005665658028167,0.009829806658331962
2,XYt,226,116,0.020125684088352497,0.009785626881647677
2,XYt,227,115,0.020647531579214645,0.009942451566835498
2,XYt,228,115,0.020756043238264354,0.009892793178730971
2,XYt,229,115,0.020800037698807453,0.00981074750408751
2,XYt,230,114,0.021406801577346674,0.009993843672302327
2,XYt,231,114,0.021517445611700967,0.009940184952191454
2,XYt,232,114,0.021576172779032357,0.00984390481779051
2,XYt,233,113,0.022010922547294455,0.009905824465969567
2,XYt,234,112,0.022414853462658788,0.009949363197331118
2,XYt,235,112,0.022421320240886482,0.009819563641055054
2,XYt,236,111,0.022696555015705933,0.009815359126434588
2,XYt,237,110,0.022903074832701063,0.009829185379146139
2,XYt,238,109,0.02332027895064389,0.009983936115183006
2,XYt,239,109,0.02329504633393831,0.009954668028451467
2,XYt,240,109,0.023302798380630083,0.00994139632471412
2,XYt,241,109,0.02327864687152743,0.009919928191399318
2,XYt,242,109,0.023255574279462576,0.009917756529693924
2,XYt,243,109,0.02322985898835351,0.009913201204066078
2,XYt,244,109,0.023239249628456166,0.009925249836252368
2,XYt,245,109,0.023261670384820944,0.00994168996855167
2,XYt,246,109,0.023198197310898398,0.009929946629005499
2,XYt,247,109,0.023210043366442147,0.009948969455132567
2,XYt,248,109,0.023253597469358366,0.009992253602465096
2,XYt,249,110,0.02274774450380463,0.009812513552693676
2,XYt,250,110,0.022672041062037365,0.009830794182128339
2,XYt,251,110,0.022621989935535203,0.009871532469898246
2,XYt,252,110,0.022574272887131135,0.009914304372655745
2,XYt,253,110,0.022570369712022777,0.00994809939142514
2,XYt,254,111,0.02238088974143528,0.009822659028900683
2,XYt,255,111,0.022505588203214043,0.009866101895859203
2,XYt,256,111,0.021980978824294683,0.0098243568432623
2,XYt,257,110,0.020627696251067962,0.009807769824658513
2,XYt,258,108,0.01823217332143136,0.009882728389611503
2,XYt,259,107,0.01582599096531094,0.009944837998098473
2,XYt,260,107,0.014163201948055253,0.009877944497620838
2,XYt,261,107,0.0135369922331894,0.009854968766770979
2,XYt,262,107,0.013576344972022794,0.009945531909298838
2,XYt,263,108,0.013567341460250926,0.009847497727778022
2,XYt,264,108,0.013637336553394455,0.009861845394938621
2,XYt,265,108,0.01366965666492168,0.009900819215170342
2,XYt,266,108,0.0136533356016862,0.009917210563853803
2,XYt,267,108,0.013643633256615249,0.00994883245076808
2,XYt,268,108,0.01365336554779478,0.00999167250064668
2,XYt,269,109,0.013428038409482576,0.009859215173477792
2,XYt,270,109,0.013410206739749927,0.009876742185966951
2,XYt,271,109,0.013428963752767442,0.009895298421624989
2,XYt,272,109,0.013387116343239002,0.00988539361172623
2,XYt,273,109,0.013424797857341835,0.009897595918590728
2,XYt,274,109,0.01346029018808831,0.009929382958236357
2,XYt,275,109,0.013501979370547977,0.009930223318576013
2,XYt,276,109,0.013509725235658592,0.009939142427435299
2,XYt,277,109,0.013539694474026105,0.00995662521656346
2,XYt,278,109,0.013528489115047983,0.009960295995429863
2,XYt,279,109,0.013554224594245623,0.009965387688484697
2,XYt,280,109,0.01354274748920059,0.009961632594559585
2,XYt,281,109,0.013577571306921929,0.009977100608029577
2,XYt,282,109,0.013557526388359302,0.009951710764040493
2,XYt,283,109,0.013616976888210567,0.009985514074246452
2,XYt,284,109,0.01363398019254007,0.009984989011329421
2,XYt,285,109,0.013648224344384395,0.009991439405947222
2,XYt,286,109,0.01361728206015197,0.00996996922691008
2,XYt,287,109,0.013621319988224896,0.009955159113459719
2,XYt,288,109,0.013626911699392133,0.009972772025625734
2,XYt,289,109,0.013654630836593726,0.009978123032667346
2,XYt,290,109,0.013653660867212807,0.009973909496062923
2,XYt,291,109,0.013664555060172135,0.009961746259165542
2,XYt,292,109,0.013713705652379369,0.00998636207048045
2,XYt,293,109,0.013682927789706697,0.009975527773470251
2,XYt,294,109,0.013674425483534204,0.00995327280515426
2,XYt,295,109,0.013712353383692841,0.009980203055681277
2,XYt,296,109,0.013679457755107639,0.009950031444658024
2,XYt,297,110,0.013492467438120635,0.009816566222860054
2,XYt,298,109,0.013757073066895258,0.0099894396166732
2,XYt,299,109,0.013739790495351234,0.009978393546225353
2,XYt,300,109,0.013747365059883651,0.009978547891629613
2,XYt,301,109,0.013757220833205368,0.009981322474968562
2,XYt,302,109,0.013732537793929989,0.009962566114259202
2,XYt,303,109,0.013766208422580969,0.00997239319872618
2,XYt,304,110,0.013573577693274446,0.009813506644483626
2,XYt,305,109,0.013812910749133985,0.009990510732750592
2,XYt,306,110,0.013612521830778766,0.009830409883940005
2,XYt,307,109,0.01385751100333294,0.009998816847322296
2,XYt,308,109,0.013868932103552369,0.009992055430133987
2,XYt,309,109,0.013866826548177105,0.00997059195975334
2,XYt,310,110,0.013673875815389583,0.009827924684082426
2,XYt,311,110,0.013665972092993766,0.009828620843619164
2,XYt,312,110,0.013652615541476993,0.009821976652108204
2,XYt,313,110,0.013668161782337698,0.009824013807901481
2,XYt,314,110,0.013717350252259746,0.009849948569781173
2,XYt,315,110,0.013772074464673552,0.009871423746353834
2,XYt,316,110,0.013757433741785608,0.009861373062547824
2,XYt,317,110,0.013856172159733277,0.009882390638536945
2,XYt,318,110,0.013876842625128172,0.009885744831041836
2,XYt,319,110,0.01397619050443288,0.009907992785221639
2,XYt,320,110,0.014029155498120505,0.009915225570525724
2,XYt,321,110,0.014197514568189655,0.009934455383974666
2,XYt,322,110,0.014343225796081759,0.009958975382175968
2,XYt,323,110,0.014501100886706598,0.009965923476506478
2,XYt,324,110,0.014886918671405425,0.009946680587449545
2,XYt,325,111,0.017667057963938495,0.009932842840941432
2,XYt,326,113,0.021742861643618827,0.009931739570236133
2,XYt,327,113,0.022780505773468195,0.009959491579071436
2,XYt,328,113,0.023175151289694964,0.009965907322514915
2,XYt,329,113,0.02364541871987317,0.00996231564006452
2,XYt,330,113,0.023804874832103425,0.009920724456432693
2,XYt,331,113,0.024082020601771732,0.009921221007841433
2,XYt,332,113,0.02408601594688921,0.009891184151738407
2,XYt,333,113,0.02414293033653465,0.009854865305830584
2,XYt,334,112,0.024527129658792418,0.009992073153022816
2,XYt,335,112,0.02466560526337848,0.009989834986831935
2,XYt,336,112,0.024519221375923408,0.0099447030952765
2,XYt,337,112,0.024608511376238592,0.009978329548650237
2,XYt,338,112,0.024479891356354422,0.0099615167738403
2,XYt,339,113,0.02418981548127705,0.00986294777860986
2,XYt,340,114,0.023945717561327164,0.00987038157042785
2,XYt,341,115,0.02368960045142859,0.009868721581556536
2,XYt,342,116,0.023263639289233303,0.009814710688171767
2,XYt,343,117,0.023054861212817933,0.009852772438963674
2,XYt,344,118,0.022609011201351847,0.009825903631020465
2,XYt,345,118,0.022615127730065146,0.009930957157089778
2,XYt,346,119,0.022049348096991033,0.009805894566112217
2,XYt,347,119,0.022046721131874704,0.00987915535407914
2,XYt,348,119,0.022040740389218487,0.009981275700595368
2,XYt,349,120,0.021644857881497077,0.00987307023618991
2,XYt,350,120,0.021603930700861695,0.00994511211499563
2,XYt,351,121,0.021277097112211853,0.009851627518583001
2,XYt,352,122,0.020983992415266946,0.009818201142615893
2,XYt,353,122,0.021019224221125326,0.009940423567545027
2,XYt,354,123,0.020621182824556626,0.009844924722688086
2,XYt,355,123,0.020548224734656492,0.009875498973291137
2,XYt,356,123,0.020403908997228885,0.009896870450852618
2,XYt,357,123,0.020034286861340983,0.009808372217094767
2,XYt,358,122,0.019760557298789075,0.009861514546973704
2,XYt,359,121,0.019546538425228577,0.009921892773134237
2,XYt,360,121,0.019145773807390676,0.009897117701436276
2,XYt,361,121,0.018929648961046295,0.009897225600522572
2,XYt,362,120,0.018627528185299766,0.009879232487506114
2,XYt,363,120,0.0186250504621966,0.009956952365256377
2,XYt,364,121,0.01759330959826149,0.009973457536587337
2,XYt,365,121,0.017620633947392318,0.00990674428563007
2,XYt,366,121,0.017384487514380396,0.009828999752086643
2,XYt,367,120,0.017604025133018758,0.009982972878628368
2,XYt,368,121,0.01717945103597862,0.009827269430057092
2,XYt,369,121,0.017130487984562928,0.009860198663458764
2,XYt,370,121,0.016955975912490057,0.009853255531484363
2,XYt,371,121,0.01691291514059351,0.009864071800140834
2,XYt,372,121,0.01679731946114065,0.0098819773936267
2,XYt,373,121,0.01677065089970867,0.009902215867951323
2,XYt,374,121,0.01665354531427019,0.009939182921116342
2,XYt,375,121,0.016581546965915236,0.009979836878316559
2,XYt,376,121,0.016243278545000007,0.009914200989644692
2,XYt,377,121,0.01589237946255828,0.009836061483548722
2,XYt,378,120,0.015887523375152028,0.009995662732704406
2,XYt,379,120,0.015759927844658093,0.009984489719137735
2,XYt,380,120,0.015633812085191042,0.009980475663585309
2,XYt,381,120,0.015599556313265423,0.009979505640227978
2,XYt,382,120,0.015508895184050749,0.009981075159706263
2,XYt,383,120,0.015464071993532813,0.009955234040875336
2,XYt,384,120,0.015416896393354876,0.009970446640961427
2,XYt,385,120,0.015126835036425187,0.009926246786421324
2,XYt,386,120,0.014924659140658651,0.009906830412780102
2,XYt,387,120,0.014943853667726792,0.00990540623938655
2,XYt,388,120,0.014896033831186956,0.009874617545019088
2,XYt,389,120,0.014897356515426317,0.009858366582805438
2,XYt,390,120,0.014861979438523777,0.009837297679092373
2,XYt,391,120,0.01486911141860767,0.009814119073901412
2,XYt,392,119,0.015077901947838148,0.00997449055672569
2,XYt,393,119,0.015102162250554732,0.009966051092119321
2,XYt,394,119,0.015086312646774935,0.009928459830952783
2,XYt,395,119,0.015124043984975043,0.00988584145487818
2,XYt,396,119,0.015214314208310688,0.009861608687409327
2,XYt,397,119,0.015329556364539117,0.009866171516599022
2,XYt,398,119,0.015372975545843612,0.009895227378877054
2,XYt,399,119,0.015272236566409117,0.009883750260672251
2,XYt,400,119,0.015243615944656706,0.009892189959898762
2,XYt,401,119,0.015273930647961682,0.009920640613600745
2,XYt,402,119,0.01529632036166978,0.009933928162524603
2,XYt,403,119,0.015287166068730991,0.009916145059310641
2,XYt,404,119,0.015339551050205132,0.009932521381472825
2,XYt,405,119,0.015369938631101346,0.009939886405006045
2,XYt,406,119,0.015463950519816961,0.00996105509368376
2,XYt,407,119,0.015526464881390265,0.009972507816905868
2,XYt,408,119,0.01566784887881493,0.009984702015424231
2,XYt,409,120,0.015590590400859364,0.009820093723737513
2,XYt,410,120,0.01570154620576944,0.00986435142548503
2,XYt,411,120,0.015671065368638184,0.009852984850092247
2,XYt,412,120,0.015753313926606977,0.009863005995842234
2,XYt,413,120,0.015808450501693157,0.00984883056455324
2,XYt,414,120,0.015975362429340025,0.009895114577130168
2,XYt,415,120,0.01608698552832694,0.009900034358346679
2,XYt,416,120,0.016274977028025432,0.009909261164694207
2,XYt,417,120,0.016571779817131302,0.009949673325763806
2,XYt,418,121,0.016515157175384515,0.00980431725457303
2,XYt,419,120,0.01695641342609484,0.009951498842441354
2,XYt,420,120,0.01711261501088186,0.009889273702626744
2,XYt,421,120,0.01728931445368711,0.009877611472490467
2,XYt,422,120,0.01743226708339379,0.009879351445624861
2,XYt,423,120,0.017416651664588268,0.009806155055333887
2,XYt,424,119,0.01776244006117448,0.009930137394319884
2,XYt,425,119,0.017902779503957824,0.009893249908090426
2,XYt,426,119,0.01795788374732476,0.009826136283534754
2,XYt,427,119,0.01812935084493335,0.009862850930490009
2,XYt,428,119,0.018260386597137492,0.009876536805852784
2,XYt,429,119,0.01845702802312688,0.00992031821778803
2,XYt,430,119,0.018655964638885095,0.009930176303509107
2,XYt,431,119,0.01892999298423641,0.00995076867595832
2,XYt,432,119,0.019274652212151435,0.009978426351545907
2,XYt,433,119,0.01963791215992901,0.009996681111638735
2,XYt,434,120,0.019654082725646446,0.009799761766998935
2,XYt,435,119,0.020408061039908595,0.009958817500329427
2,XYt,436,119,0.02097723057114932,0.009998993954953081
2,XYt,437,120,0.021052982810213363,0.00986348369062153
2,XYt,438,120,0.02124044526858077,0.00985924184384165
2,XYt,439,120,0.021304525950286004,0.009819376192598327
2,XYt,440,119,0.02179804916840627,0.009981903104111378
2,XYt,441,119,0.02205189540138286,0.009987753208715257
2,XYt,442,119,0.022186110188445483,0.009917260887037094
2,XYt,443,119,0.022266588171714126,0.009799138035294025
2,XYt,444,118,0.022805513505203243,0.009931096569470112
2,XYt,445,118,0.022895314535185295,0.009877695137282361
2,XYt,446,118,0.02295963530945403,0.009821814928961793
2,XYt,447,117,0.023561898997286678,0.009979292695650906
2,XYt,448,117,0.023684068149815156,0.009904251148852756
2,XYt,449,117,0.023850121087088366,0.009807953664964952
2,XYt,450,116,0.02445926617268746,0.009897657727285014
2,XYt,451,115,0.024896171301688124,0.009898709500283443
2,XYt,452,114,0.02528583323465047,0.00988403421564604
2,XYt,453,113,0.02569724235037975,0.009920598421456012
2,XYt,454,112,0.02600179918473329,0.009952502868685823
2,XYt,455,112,0.02580983504427512,0.00984993549443005
2,XYt,456,112,0.025822866896282427,0.009844558419459979
2,XYt,457,112,0.025776478134270805,0.009831438830437467
2,XYt,458,112,0.025721131054053152,0.009836130225773863
2,XYt,459,112,0.025635646791733326,0.009851086058894325
2,XYt,460,112,0.02548411303882586,0.009854431847135523
2,XYt,461,112,0.02533579408050862,0.009826592834429342
2,XYt,462,112,0.025456996248624072,0.009838761709764679
2,XYt,463,112,0.02592266539047715,0.009854776546368725
2,XYt,464,112,0.02637373854661668,0.009906439313663905
2,XYt,465,112,0.02587952669649312,0.009906314722059975
2,XYt,466,111,0.024137671746438185,0.009872874563429867
2,XYt,467,109,0.021159600671613047,0.009927380938775163
2,XYt,468,108,0.018181304170459135,0.009992355103844336
2,XYt,469,108,0.015970577283801333,0.009941035735489951
2,XYt,470,108,0.014983255620996087,0.009919646345865252
2,XYt,471,108,0.014704131184033195,0.009891081069611798
2,XYt,472,108,0.01487821140872326,0.009961236643742655
2,XYt,473,109,0.014843857112979668,0.009837360412147049
2,XYt,474,109,0.014906122170614912,0.009855446306613804
2,XYt,475,109,0.014871867712628982,0.009858135779634998
2,XYt,476,109,0.014856857531449686,0.009889844542895298
2,XYt,477,109,0.014757908836079012,0.009867267434605854
2,XYt,478,109,0.014699678809516116,0.009861305040466664
2,XYt,479,109,0.0146642322800865,0.009856802567829604
2,XYt,480,109,0.014656558777447249,0.009868870573292682
2,XYt,481,109,0.014613664065136532,0.009836303170358402
2,XYt,482,108,0.014845587607631888,0.009994418741647016
2,XYt,483,108,0.014799386555067686,0.009964920802469784
2,XYt,484,108,0.014806989863668739,0.009983737240248668
2,XYt,485,108,0.014788999178446331,0.00996716671683616
2,XYt,486,108,0.014768222939276333,0.009957869078879779
2,XYt,487,108,0.01475439535144767,0.009946840819936171
2,XYt,488,108,0.014760503173909402,0.0099438299599606
2,XYt,489,108,0.014727940893422754,0.009916325808113932
2,XYt,490,108,0.01470274868715065,0.009905753498713026
2,XYt,491,108,0.014690093918109099,0.009891386515104501
2,XYt,492,108,0.014684623538941717,0.009886935192569599
2,XYt,493,108,0.01463380600623425,0.009864397122258556
2,XYt,494,108,0.014639141612872867,0.009871794488719969
2,XYt,495,108,0.014625644134300203,0.009860105598050289
2,XYt,496,108,0.01461569975996074,0.00984477536855324
2,XYt,497,108,0.01459836918698295,0.009827846601937279
2,XYt,498,108,0.014627145126065708,0.009843150859711295
2,XYt,499,108,0.014613288728470656,0.009820325967444513
2,XYt,500,107,0.014841098812158754,0.009966887283950149
2,XYt,501,107,0.014859095001353288,0.009974084355841482
2,XYt,502,107,0.014830372410899273,0.009959378427553046
2,XYt,503,107,0.014857620590852362,0.009963995581934717
2,XYt,504,107,0.014842372609784365,0.00994836910313021
2,XYt,505,107,0.01479748224797569,0.009909489694032193
2,XYt,506,107,0.014789156015729063,0.009904749067903966
2,XYt,507,107,0.014807005562710853,0.009928944105148137
2,XYt,508,107,0.014825313193557305,0.009929885021293891
2,XYt,509,107,0.014822801302567025,0.009939960367802541
2,XYt,510,107,0.014834872941082435,0.009942015449655797
2,XYt,511,107,0.014833499071076976,0.009954819507311145
2,XYt,512,107,0.014818069606148091,0.009948679801950888
2,XYt,513,107,0.014830971162256047,0.009952021358535621
2,XYt,514,107,0.014828381155406658,0.00992683766461238
2,XYt,515,107,0.014830163575434136,0.009922756481801152
2,XYt,516,107,0.014780169855839955,0.009876812818352603
2,XYt,517,107,0.014782103476024598,0.009879385123005627
2,XYt,518,107,0.01479264181921022,0.00985819456963471
2,XYt,519,107,0.014809132120807502,0.009863644186522443
2,XYt,520,107,0.0148094229337508,0.009843499224959624
2,XYt,521,107,0.014790350622395108,0.009826540408610404
2,XYt,522,107,0.01486349309818405,0.009816831348705453
2,XYt,523,107,0.01488274588161955,0.009815025618007468
2,XYt,524,106,0.015204756462596303,0.009968503471377439
2,XYt,525,106,0.015197601547873595,0.009969899254496954
2,XYt,526,106,0.015127854378869796,0.009933703976892616
2,XYt,527,106,0.014902800646380223,0.009887710234664802
2,XYt,528,106,0.014659394486534827,0.009814247023078367
2,XYt,529,105,0.0147328754783077,0.00993738106260988
2,XYt,530,105,0.01474583255260624,0.009897827970289373
2,XYt,531,105,0.015076725459828438,0.009937446403913057
2,XYt,532,105,0.0157542265747626,0.009957763992535545
2,XYt,533,106,0.016612898905428348,0.009809059369832975
2,XYt,534,106,0.018683365858303165,0.00990902667295197
2,XYt,535,107,0.020927562479020924,0.009861830702912527
2,XYt,536,107,0.023459055450688965,0.009964911109102735
2,XYt,537,108,0.025299615041509994,0.009991407180445699
2,XYt,538,109,0.0262708539581958,0.009925234156735144
2,XYt,539,109,0.02713944056790419,0.009975743488094069
2,XYt,540,110,0.027133072198468288,0.009922169687294534
2,XYt,541,111,0.026547326223381205,0.009867703592426303
2,XYt,542,111,0.026093886125236304,0.009886792443597595
2,XYt,543,111,0.025638530530212925,0.009883622668304917
2,XYt,544,111,0.025371758378400944,0.009903974817359936
2,XYt,545,111,0.02525386268496265,0.009945156901093433
2,XYt,546,112,0.024883494593251967,0.009924446904992407
2,XYt,547,114,0.02415840778225664,0.009858529339339596
2,XYt,548,115,0.023477834964467436,0.009823817704280818
2,XYt,549,115,0.023188312636541114,0.009909771286916287
2,XYt,550,115,0.02291188633331856,0.009953533211363231
2,XYt,551,115,0.02269073183741367,0.009998689113205068
2,XYt,552,116,0.02216903848113284,0.00986670670963218
2,XYt,553,116,0.02206075107298301,0.009900252259919466
2,XYt,554,116,0.021945304027969507,0.009906985331429431
2,XYt,555,116,0.021879465129042666,0.009911384876455352
2,XYt,556,116,0.021784627121845736,0.009920935953589649
2,XYt,557,116,0.021598050364088493,0.009887546330267576
2,XYt,558,116,0.021344139625689706,0.009836809438602746
2,XYt,559,115,0.02145400041864437,0.009943915765900813
2,XYt,560,114,0.021218699353535847,0.009957804949396463
2,XYt,561,113,0.020740517564532147,0.009900238708966485
2,XYt,562,112,0.020568156867553315,0.009954679349015337
2,XYt,563,113,0.020121714914749532,0.009877388725109102
2,XYt,564,114,0.019661012377007004,0.0098472928276324
2,XYt,565,115,0.019178141062234436,0.009843969144150323
2,XYt,566,115,0.01886794465838103,0.009969566609693321
2,XYt,567,116,0.018134564439876582,0.009816673914015441
2,XYt,568,115,0.01809062958807386,0.00997649764570373
2,XYt,569,115,0.017720141484363877,0.009892821928350523
2,XYt,570,114,0.017668429013107022,0.009984420385954958
2,XYt,571,114,0.01723371224246658,0.009832704532551865
2,XYt,572,113,0.017138640522403784,0.009875182711530922
2,XYt,573,112,0.017192955689697524,0.00996755489480066
2,XYt,574,112,0.017169690193016857,0.009936846975850145
2,XYt,575,112,0.017209559027749382,0.009922762430692197
2,XYt,576,112,0.01737110560111893,0.009958878929058659
2,XYt,577,113,0.017192270231258532,0.009828425923919309
2,XYt,578,113,0.01728855734981388,0.009883802925977665
2,XYt,579,113,0.01742802474224049,0.009943956779799376
2,XYt,580,113,0.017538863213006104,0.009980985909650334
2,XYt,581,113,0.01751942287032479,0.009965284835428103
2,XYt,582,114,0.01717341939366061,0.009809219115006379
2,XYt,583,114,0.017070727557437746,0.00983558136572373
2,XYt,584,114,0.01692099479006074,0.009852158599528569
2,XYt,585,114,0.016740422749342454,0.009857402508236518
2,XYt,586,114,0.016464038649508444,0.009844814615114716
2,XYt,587,114,0.016267047781710682,0.009915338143480093
2,XYt,588,115,0.015642557074317387,0.009806033567524327
2,XYt,589,115,0.015157025057735087,0.009795009123962809
2,XYt,590,115,0.014776536782259389,0.009816644941384218
2,XYt,591,115,0.014420156832275778,0.009810641388844443
2,XYt,592,114,0.014464065272325459,0.009989484204036437
2,XYt,593,114,0.014345905606128466,0.009935229419691901
2,XYt,594,114,0.014218550274553281,0.009846761484253471
2,XYt,595,114,0.014223867726307,0.009835330385714795
2,XYt,596,114,0.014244352300358821,0.009796498098916787
2,XYt,597,113,0.0145823278089709,0.009970183447090941
2,XYt,598,113,0.014632642017489832,0.00991074488680552
2,XYt,599,113,0.01469225088118991,0.009851093685293756
2,XYt,600,112,0.015066187493559566,0.009990422104133475
2,XYt,601,112,0.015208006244158512,0.009966023630669736
2,XYt,602,112,0.01534898623337615,0.009971705461981369
2,XYt,603,112,0.01538821184236571,0.009966896436981886
2,XYt,604,113,0.015162585381566987,0.009802681114087771
2,XYt,605,113,0.015154895263484286,0.009796990539357269
2,XYt,606,112,0.015451798988370022,0.009998145956635654
2,XYt,607,113,0.015157720177979726,0.009809612996099476
2,XYt,608,112,0.015430554999358342,0.009998647250408253
2,XYt,609,112,0.015362258259931984,0.009967169408829716
2,XYt,610,112,0.015318942257979355,0.009955763907151126
2,XYt,611,112,0.015192401745430746,0.009956865054795169
2,XYt,612,112,0.01506564355535065,0.009971861525340478
2,XYt,613,112,0.014889993364107656,0.009989372466654219
2,XYt,614,113,0.01444574972345797,0.009793552799275771
2,XYt,615,113,0.01432845528270975,0.009819896995359486
2,XYt,616,113,0.01423920106291785,0.009838007902998883
2,XYt,617,113,0.01413380878969124,0.00982284532209308
2,XYt,618,113,0.014243866434135425,0.009900171495965544
2,XYt,619,113,0.014354654236832718,0.009997833574571784
2,XYt,620,113,0.014347610817740868,0.009980360061537274
2,XYt,621,113,0.014441837976007392,0.00994613513024184
2,XYt,622,113,0.01473024282330238,0.009952619872673305
2,XYt,623,113,0.015137593680070185,0.00992620029314055
2,XYt,624,113,0.015559797572571577,0.00987821340857829
2,XYt,625,113,0.01604286205976461,0.009859021402953727
2,XYt,626,113,0.01634179752894717,0.009845543918581669
2,XYt,627,113,0.016594691774187723,0.009867081980115062
2,XYt,628,113,0.016787430679291553,0.009860001102509711
2,XYt,629,113,0.016952899119143754,0.009855954313907579
2,XYt,630,113,0.01703254510969625,0.0098094855335322
2,XYt,631,112,0.017381663739741048,0.009973599045149323
2,XYt,632,112,0.017318413702076214,0.009968919050839327
2,XYt,633,112,0.017195020409072833,0.009908541966888038
2,XYt,634,112,0.017102339610088696,0.009823654918914727
2,XYt,635,111,0.0173080049366764,0.009959279284213599
2,XYt,636,111,0.01717346179264049,0.009939362711067823
2,XYt,637,111,0.017101563349331807,0.00994767970547025
2,XYt,638,111,0.01704995963423573,0.009959763676269722
2,XYt,639,111,0.016981672110550745,0.009938929157992568
2,XYt,640,111,0.017082291479332296,0.009986393237537859
2,XYt,641,112,0.017097197591875505,0.009929746132331347
2,XYt,642,113,0.017221663932644002,0.00989495567633401
2,XYt,643,113,0.01755267166658682,0.009999052453451012
2,XYt,644,114,0.017528883726806426,0.00988426224241513
2,XYt,645,114,0.01785446492105311,0.009932862290256183
2,XYt,646,114,0.018173676789741272,0.009902021313075894
2,XYt,647,113,0.018828946498830827,0.009978712452392673
2,XYt,648,112,0.019314040401988905,0.00993684913601619
2,XYt,649,111,0.019807482969399777,0.009923275644321104
2,XYt,650,110,0.020295567983891656,0.009974329154381486
2,XYt,651,110,0.02048615116992553,0.009943809452770925
2,XYt,652,112,0.02054939588889746,0.009826566621554835
2,XYt,653,113,0.020806514507843942,0.009838557718554106
2,XYt,654,113,0.021133704719930507,0.009980046585059228
2,XYt,655,114,0.020939222178309527,0.009845456165194074
2,XYt,656,114,0.021039174561711914,0.00985915203518599
2,XYt,657,114,0.02116799294569234,0.009870132562710411
2,XYt,658,114,0.021248413956244216,0.009851800191118493
2,XYt,659,114,0.021332945248056717,0.009830462835008899
2,XYt,660,114,0.02146047643724345,0.0098031124817453
2,XYt,661,113,0.022090317305668544,0.009980703099985139
2,XYt,662,113,0.02231965626790655,0.00993961538334053
2,XYt,663,113,0.02266099578654042,0.009890566185432105
2,XYt,664,112,0.023437212576199767,0.009983426019900966
2,XYt,665,112,0.023890606284527785,0.009855207811842428
2,XYt,666,111,0.0245369232436422,0.00980846960313351
2,XYt,667,109,0.02541048954552489,0.009922666707194184
2,XYt,668,108,0.025831069546047355,0.009961837297653894
2,XYt,669,108,0.025737258103644207,0.009907589274361583
2,XYt,670,108,0.025457094174026175,0.009815991121156633
2,XYt,671,107,0.02556515196334118,0.009918843502024037
2,XYt,672,106,0.025331015677102085,0.009935136516984518
2,XYt,673,105,0.02454412544540662,0.009831875486057665
2,XYt,674,104,0.023620169148615602,0.009849407562630117
2,XYt,675,103,0.022599766179629298,0.009931682836548964
2,XYt,676,103,0.02129709237915323,0.009886078125004565
2,XYt,677,102,0.020191038024411904,0.009949872881556993
2,XYt,678,102,0.018568384988183632,0.009814803090507862
2,XYt,679,101,0.017631474475904966,0.0099589328135969
2,XYt,680,101,0.01672510379172182,0.009934280366841701
2,XYt,681,101,0.01602849448203087,0.009886533536210572
2,XYt,682,101,0.015577795355364889,0.009868145168983967
2,XYt,683,101,0.015219790158796867,0.009856395872395302
2,XYt,684,101,0.015002724692449105,0.009842038625225454
2,XYt,685,101,0.014781729237419135,0.009804378556637721
2,XYt,686,100,0.014947547883858108,0.009995698165658772
2,XYt,687,100,0.014872795330589614,0.009986522203637976
2,XYt,688,100,0.014899790137937451,0.009991984538264323
2,XYt,689,101,0.014668635612206929,0.00982697127501304
2,XYt,690,101,0.014722800197470572,0.00983810663206334
2,XYt,691,101,0.014839293056437445,0.009883368021592424
2,XYt,692,101,0.014885727063572928,0.009881192126375714
2,XYt,693,101,0.014956769122292615,0.009914305996464074
2,XYt,694,101,0.01495842247222682,0.009905743205709935
2,XYt,695,101,0.014954934882966257,0.009920837507903589
2,XYt,696,101,0.01491509263519835,0.00989019723191662
2,XYt,697,101,0.014836894173614532,0.00986624222466005
2,XYt,698,101,0.014828017276753086,0.009867575792568051
2,XYt,699,101,0.01477904283994607,0.009847401272655475
2,XYt,700,101,0.01477682317692193,0.009843795789101996
2,XYt,701,101,0.014739877868935622,0.009815704104375865
2,XYt,702,101,0.014726904724269272,0.0098096890352114
2,XYt,703,100,0.014949211802218983,0.009967054190855066
2,XYt,704,100,0.01496783905239873,0.009960444156126751
2,XYt,705,100,0.015026570322483092,0.009979651364832434
2,XYt,706,101,0.01483320554524747,0.0098070721850027
2,XYt,707,101,0.014979514933247975,0.009814463001879022
2,XYt,708,101,0.015323236281486076,0.009906159792923246
2,XYt,709,102,0.015660099957797168,0.009893499418786983
2,XYt,710,107,0.015095010778815976,0.009866135618466403
2,XYt,711,105,0.014677835555634506,0.009818201689183459
2,XYt,712,106,0.014221552925047343,0.009835171610271334
2,XYt,713,106,0.013660639774052463,0.009845491048621934
2,XYt,714,104,0.013656803787536994,0.00999965781230653
2,XYt,715,104,0.013340846171423431,0.009900442513341066
2,XYt,716,103,0.013096639652456285,0.0098257627261151
2,XYt,717,102,0.013135295963888514,0.009994267862976079
2,XYt,718,102,0.01270777917389217,0.009980703099985139
2,XYt,719,99,0.012661390593761892,0.009815197840987295
2,XYt,720,96,0.013251682516568039,0.009882367831778248
2,XYt,721,97,0.01367229279704603,0.00991994117449394
2,XYt,722,98,0.01388949344797082,0.009847348957617562
2,XYt,723,97,0.014404241261077404,0.009981513871269608
2,XYt,724,97,0.014354157104435,0.00992785175233531
2,XYt,725,98,0.013945108726831508,0.009786336468681774
2,XYt,726,98,0.013650181933537127,0.009884060276114475
2,XYt,727,102,0.012423395350896082,0.009845392393608009
2,YZt,0,29,0.06870048034985587,0.009763748654688747
2,YZt,1,67,0.04494924916921767,0.009878197654400839
2,YZt,2,71,0.040994840439261805,0.009879439673911071
2,YZt,3,74,0.03672913465609515,0.00976267017042614
2,YZt,4,77,0.03177685540328785,0.009893756439219954
2,YZt,5,84,0.02429123269952327,0.00999013181113173
2,YZt,6,100,0.026304704473010188,0.009841982776524495
2,YZt,7,97,0.02677583997670903,0.009888193015793538
2,YZt,8,94,0.031125799578002735,0.009980144062627335
2,YZt,9,92,0.03146046367923425,0.009852704279697021
2,YZt,10,94,0.032400503136319106,0.009813542891370364
2,YZt,11,92,0.03287532384347374,0.009986686863291539
2,YZt,12,93,0.03382601107295693,0.009909303946653706
2,YZt,13,93,0.03309782529065905,0.009862262204041728
2,YZt,14,94,0.033676469808761815,0.009950964280779599
2,YZt,15,93,0.03471462855103295,0.009981348819059271
2,YZt,16,94,0.0340835293409688,0.009831759150419703
2,YZt,17,94,0.03469364799366943,0.009929255566216877
2,YZt,18,93,0.034690283471484354,0.009991082541083957
2,YZt,19,93,0.03394128904321672,0.009933609130570372
2,YZt,20,94,0.034393356230248334,0.009840978692114966
2,YZt,21,94,0.033963790967560935,0.009901299034340524
2,YZt,22,93,0.0343861770779854,0.009983379332172559
2,YZt,23,93,0.034195678388027596,0.009947220234623026
2,YZt,24,94,0.03384069975343551,0.009907679959346041
2,YZt,25,94,0.03353000504182268,0.009819683009740081
2,YZt,26,94,0.033253219649644006,0.00991678098982035
2,YZt,27,94,0.03328996830056617,0.009938730230940695
2,YZt,28,94,0.033308359597058315,0.009979403163137945
2,YZt,29,95,0.03196780927207358,0.009869829644042084
2,YZt,30,94,0.03241588671679217,0.009957398067841643
2,YZt,31,96,0.03173806853569088,0.009860882748888482
2,YZt,32,96,0.03137175287427088,0.009818279223388335
2,YZt,33,95,0.0318259264599787,0.00998846647283969
2,YZt,34,95,0.03164480363119937,0.00996980721311338
2,YZt,35,98,0.030488217630525855,0.009919145851306333
2,YZt,36,98,0.03010111056908239,0.009912319880103564
2,YZt,37,99,0.02977233703320683,0.009896065991658553
2,YZt,38,99,0.029653599613868046,0.009997432999685042
2,YZt,39,100,0.028642380096097327,0.00990207171345227
2,YZt,40,101,0.027585626218614073,0.009857662491811938
2,YZt,41,101,0.027177330168239262,0.009971068575148173
2,YZt,42,102,0.026516277571925824,0.009854186014995102
2,YZt,43,102,0.025868082468546105,0.009895201812659755
2,YZt,44,102,0.025281825572092347,0.00997273489692081
2,YZt,45,103,0.02413231269942074,0.009824858811318771
2,YZt,46,103,0.02380033209383361,0.009925882557482042
2,YZt,47,104,0.022884114888599243,0.009851340606240277
2,YZt,48,104,0.02242738060022991,0.009970424650737513
2,YZt,49,103,0.022357319220500188,0.009965955245946833
2,YZt,50,103,0.02172249006200761,0.009900305998944663
2,YZt,51,103,0.021310718516336452,0.009879719019488666
2,YZt,52,103,0.021184977113257127,0.009988442296529662
2,YZt,53,104,0.021141200278313756,0.009853859266581496
2,YZt,54,104,0.021166167210416496,0.009943987848485871
2,YZt,55,104,0.02085588102058831,0.009843085281864923
2,YZt,56,104,0.020698154317661054,0.009821620498623087
2,YZt,57,104,0.02107832422081289,0.00993206283028589
2,YZt,58,105,0.020707449321670113,0.009833230788375827
2,YZt,59,104,0.020672933111859193,0.009889874463814802
2,YZt,60,104,0.020791046188188514,0.009854355997683093
2,YZt,61,104,0.020662985950318083,0.009963767687222973
2,YZt,62,104,0.020063064777406176,0.009908955805995361
2,YZt,63,104,0.020090078024746254,0.00986554157087858
2,YZt,64,105,0.018881356390746194,0.009888619800422018
2,YZt,65,106,0.01742588093315985,0.009895353272165423
2,YZt,66,108,0.016425374380648602,0.009969916786092723
2,YZt,67,107,0.014667149819254566,0.009835705372426316
2,YZt,68,106,0.013510877219139194,0.009999711323775723
2,YZt,69,106,0.012568547386322427,0.009980053421578502
2,YZt,70,106,0.011617726760628453,0.009869687502077572
2,YZt,71,107,0.010998009078796268,0.009924469460561983
2,YZt,72,105,0.01049303533815016,0.009934119237231333
2,YZt,73,107,0.009925360239783047,0.009856226391566542
2,YZt,74,105,0.009588473107298053,0.009936592613015053
2,YZt,75,106,0.009338767520353633,0.009976865866610797
2,YZt,76,105,0.008902837859908298,0.009936597242060212
2,YZt,77,106,0.00874354566632746,0.009925455057994534
2,YZt,78,106,0.008325089318104642,0.0098242583661838
2,YZt,79,106,0.00833780313198964,0.009936418250743624
2,YZt,80,107,0.008030805913283267,0.009800286662831255
2,YZt,81,107,0.007985359568664249,0.009892935841116064
2,YZt,82,108,0.007871234662175307,0.009819855541377102
2,YZt,83,108,0.007694932450517486,0.00987274465631665
2,YZt,84,109,0.007820433879195867,0.009943820554412692
2,YZt,85,109,0.007750484371227683,0.009981136835483425
2,YZt,86,110,0.0077260639011032285,0.009947867587636851
2,YZt,87,111,0.007783319222563119,0.009955805796262752
2,YZt,88,112,0.007537719681510111,0.009835195227988532
2,YZt,89,113,0.007669955777081738,0.00995234473010341
2,YZt,90,114,0.007595187455961693,0.009803157447368404
2,YZt,91,114,0.007555141297667591,0.009953751944233242
2,YZt,92,116,0.007451933288833506,0.009797030838091032
2,YZt,93,116,0.007603193901882374,0.009933904316513672
2,YZt,94,117,0.007404760893900972,0.00990696149794875
2,YZt,95,118,0.0074204458069983105,0.009903588636987698
2,YZt,96,119,0.007500261013652344,0.009955748814707425
2,YZt,97,119,0.0074472605748797625,0.009866056362386409
2,YZt,98,120,0.007308170270589004,0.009915463626798548
2,YZt,99,121,0.007383647437291946,0.009939058045786998
2,YZt,100,122,0.007360948919559958,0.009808286085137551
2,YZt,101,121,0.007477880044413816,0.009915505376903626
2,YZt,102,123,0.007275132611148502,0.00987446289491946
2,YZt,103,124,0.007294391399677582,0.00984477131929593
2,YZt,104,125,0.007353052195234821,0.009842745703130101
2,YZt,105,125,0.007410651912929993,0.00981482589805121
2,YZt,106,124,0.007668344412232419,0.0099901252884588
2,YZt,107,127,0.007413556847738063,0.009908877279245155
2,YZt,108,128,0.007563791198395779,0.009940738216397665
2,YZt,109,130,0.007605148945678159,0.009820145169119632
2,YZt,110,130,0.007796838324662668,0.009917947838660228
2,YZt,111,130,0.007859792161430635,0.00986755318463967
2,YZt,112,130,0.007919583292163183,0.00979652376621576
2,YZt,113,129,0.00811068271788276,0.009870829240369057
2,YZt,114,134,0.007258309253548222,0.009811436209438714
2,YZt,115,133,0.007343355995304258,0.009933168071698688
2,YZt,116,133,0.0073321848446668645,0.009915953019761045
2,YZt,117,133,0.007324162481401628,0.009903311899958656
2,YZt,118,133,0.007243021782724591,0.009827032045704988
2,YZt,119,132,0.007263841077470555,0.00996271470288688
2,YZt,120,132,0.007172677134988401,0.009951535125957905
2,YZt,121,132,0.007100107232376528,0.009941338952111155
2,YZt,122,132,0.0070072278836516705,0.009954944492962092
2,YZt,123,133,0.00678026847044122,0.009804790537228263
2,YZt,124,133,0.006735034347626592,0.009854236582233847
2,YZt,125,133,0.006683551429516126,0.009838192970480485
2,YZt,126,132,0.006767831806014425,0.009999259763851994
2,YZt,127,133,0.0066088955954409015,0.009807781158450548
2,YZt,128,133,0.0066379059164735285,0.009816399646758994
2,YZt,129,133,0.006645092712419976,0.009820315741030495
2,YZt,130,133,0.006692226565681475,0.009823710169475607
2,YZt,131,132,0.006828525261143073,0.009942822128034023
2,YZt,132,132,0.006825729794399085,0.009885107291671483
2,YZt,133,132,0.00682023183316407,0.009819836805056456
2,YZt,134,132,0.006834620065267245,0.009813252287564056
2,YZt,135,132,0.006877359748832655,0.009823454594006928
2,YZt,136,131,0.007038716475729628,0.00998322344886628
2,YZt,137,131,0.007066954082944998,0.009947896871658186
2,YZt,138,131,0.007130605079095482,0.009955949018732032
2,YZt,139,132,0.0071187007624850035,0.009862380745002263
2,YZt,140,132,0.007325230862867527,0.009994606128711326
2,YZt,141,133,0.007303336842805854,0.00990045118577458
2,YZt,142,133,0.007337567590451402,0.009964164306835506
2,YZt,143,133,0.007245565783772159,0.009921554964480866
2,YZt,144,133,0.007135895577271286,0.009844992857945897
2,YZt,145,132,0.007149845112596205,0.009881088862425521
2,YZt,146,125,0.008107621816715451,0.009986725245104989
2,YZt,147,125,0.008027856921632269,0.009969761461232277
2,YZt,148,125,0.007997194947382956,0.009942810948174945
2,YZt,149,125,0.008006998377955281,0.009936452969138976
2,YZt,150,125,0.007933724392821235,0.009852323403882875
2,YZt,151,124,0.007910275180532198,0.009819118162109954
2,YZt,152,122,0.008071087512328694,0.00997443898511774
2,YZt,153,119,0.008544895011402898,0.00995127166302156
2,YZt,154,120,0.008505729738188571,0.009810456348620352
2,YZt,155,120,0.008669230922266218,0.00985139235535478
2,YZt,156,118,0.008848638259009929,0.009937226000654905
2,YZt,157,117,0.008825462094535962,0.009840073837840316
2,YZt,158,114,0.009232685646227402,0.009908034334687637
2,YZt,159,114,0.009183437584756675,0.00997839562056966
2,YZt,160,114,0.008876705560046277,0.009819499545171523
2,YZt,161,112,0.008818600126628372,0.009903782541822954
2,YZt,162,111,0.008976301611760091,0.009832123279496827
2,YZt,163,112,0.008887545191188406,0.009878860782653421
2,YZt,164,111,0.008706690318532733,0.009839830763366706
2,YZt,165,110,0.008633850661041385,0.009895972256482909
2,YZt,166,109,0.008792623781339366,0.009944066483437285
2,YZt,167,109,0.008545202778425118,0.009925652397444328
2,YZt,168,108,0.008306393944856803,0.009840989208657874
2,YZt,169,107,0.008388043542918907,0.009910684397369626
2,YZt,170,107,0.00819951941521416,0.009944045668363603
2,YZt,171,106,0.00801964333047105,0.009879410962945753
2,YZt,172,106,0.008222610109956542,0.009902041519709212
2,YZt,173,106,0.008210963976502752,0.009905375823626125
2,YZt,174,106,0.008236140331098103,0.009896553632649081
2,YZt,175,106,0.008525918126539625,0.009985898468208552
2,YZt,176,105,0.008529896998897309,0.009996617844639344
2,YZt,177,106,0.0087842305412721,0.009857407796633622
2,YZt,178,106,0.009020056623007592,0.009904719501514945
2,YZt,179,106,0.00939117720841301,0.00996458091353997
2,YZt,180,106,0.009821170670280415,0.009935230036982734
2,YZt,181,106,0.010071293289028081,0.009823704706863374
2,YZt,182,107,0.010721617193873573,0.009878578308652897
2,YZt,183,106,0.011225629657789163,0.009866239349726793
2,YZt,184,107,0.012240306545173964,0.009903743064499608
2,YZt,185,106,0.012992034461584458,0.009810423528621598
2,YZt,186,107,0.014526143445815595,0.009936943642820995
2,YZt,187,106,0.01683831531993578,0.009923612390129144
2,YZt,188,108,0.01866869072688687,0.009869207854930106
2,YZt,189,103,0.020502398062517264,0.00983324443167078
2,YZt,190,100,0.022955124337299578,0.009858588671320863
2,YZt,191,101,0.02427639708654341,0.009838030111280493
2,YZt,192,99,0.0250035043948951,0.009854236193256078
2,YZt,193,100,0.025598392064721264,0.009882405765439703
2,YZt,194,98,0.02664257247146017,0.009910366473676676
2,YZt,195,100,0.026594814405952738,0.009835532339386811
2,YZt,196,98,0.02744738911381166,0.00992801746227636
2,YZt,197,97,0.027476326674771383,0.009965032890957796
2,YZt,198,98,0.02821185249069077,0.009898174411182507
2,YZt,199,96,0.029030575694055292,0.009965623700311644
2,YZt,200,96,0.028376135363416686,0.009831533804685188
2,YZt,201,96,0.028907833504444144,0.009891378532254289
2,YZt,202,95,0.029521875056940493,0.009952763372064995
2,YZt,203,95,0.029395157262552544,0.009863039107225637
2,YZt,204,95,0.030178857212377057,0.00989020234775274
2,YZt,205,96,0.0305492713350393,0.009877396331200081
2,YZt,206,96,0.031047659791439093,0.009847485116266052
2,YZt,207,95,0.031269620981532,0.009950334464197136
2,YZt,208,95,0.031576977598884,0.00982729805933021
2,YZt,209,95,0.032352269932768934,0.009947718854302963
2,YZt,210,96,0.03264078409199251,0.00990589512315828
2,YZt,211,97,0.03224964509229454,0.00996878678094344
2,YZt,212,96,0.033005313009619265,0.009999016342360998
2,YZt,213,96,0.03328738764208751,0.009929015061070004
2,YZt,214,96,0.03312280270415255,0.009891649015531634
2,YZt,215,95,0.03374893098113915,0.009978811249007385
2,YZt,216,95,0.033967638005313765,0.009926746382368646
2,YZt,217,95,0.03399752567542673,0.009919395483466233
2,YZt,218,96,0.03316840776589417,0.009858696758809326
2,YZt,219,95,0.0336362520549009,0.009974189577677005
2,YZt,220,95,0.034030920203810794,0.009936173289728992
2,YZt,221,95,0.03442472625528992,0.009977862038906644
2,YZt,222,96,0.03385355526766982,0.009831006288330712
2,YZt,223,95,0.034162880890254634,0.009930430599098712
2,YZt,224,96,0.033935304669257184,0.009827034386032208
2,YZt,225,93,0.035261502353030535,0.009908415390099342
2,YZt,226,94,0.03483483583871929,0.009836253679992467
2,YZt,227,94,0.035034772819488795,0.009903325446706518
2,YZt,228,94,0.035407658585828894,0.009937098709181979
2,YZt,229,93,0.03542376309952209,0.009900434537792824
2,YZt,230,93,0.035031860819356456,0.009897135749247638
2,YZt,231,93,0.03610806087903241,0.009894083807100391
2,YZt,232,93,0.03609044719932099,0.009916122330186012
2,YZt,233,93,0.03586174749935606,0.009880110477987637
2,YZt,234,93,0.03631621660538905,0.00985152970319012
2,YZt,235,93,0.036415657672463575,0.00995050550090001
2,YZt,236,92,0.036342164048700776,0.009850452658031302
2,YZt,237,92,0.03669454642436125,0.009950225831251104
2,YZt,238,93,0.03610932247164962,0.009927091196254926
2,YZt,239,92,0.03676660042194038,0.009928212820397159
2,YZt,240,92,0.03580033760338565,0.009960983596376845
2,YZt,241,92,0.03623364592161181,0.009925913451040576
2,YZt,242,93,0.03612306586670434,0.009857400797283906
2,YZt,243,93,0.03583611381836515,0.009877454540886082
2,YZt,244,92,0.035908745265899086,0.00989367662955004
2,YZt,245,93,0.03511085992232374,0.009967901219542497
2,YZt,246,92,0.03464906042573476,0.009947548155015905
2,YZt,247,92,0.03517286718531519,0.009975488426373927
2,YZt,248,92,0.03344441993824104,0.009814660307833387
2,YZt,249,93,0.033650058802458735,0.009918980843318416
2,YZt,250,91,0.03260718415284492,0.009956472225241608
2,YZt,251,94,0.03127251124920523,0.009801995704097458
2,YZt,252,96,0.02758349419268862,0.009899849130495129
2,YZt,253,99,0.027091363967949467,0.009844134708610482
2,YZt,254,85,0.024673163109865733,0.009798438842200271
2,YZt,255,76,0.03257668318967443,0.009981838821833221
2,YZt,256,73,0.03763997321219675,0.009937173927067609
2,YZt,257,71,0.04099968549532845,0.009868332390236417
2,YZt,258,67,0.04448232277106084,0.009837878548502578
2,YZt,259,31,0.06979331352977725,0.009850189604543662
2,XZt,0,30,0.07039383403853004,0.009905168405772286
2,XZt,1,66,0.047413673198909156,0.009994848890600878
2,XZt,2,70,0.041252038371308544,0.009854439626533533
2,XZt,3,72,0.03635345909080868,0.009799550549118852
2,XZt,4,74,0.03133969316407797,0.009922832503724775
2,XZt,5,81,0.024560069988950915,0.009928600436592492
2,XZt,6,99,0.026426201373769234,0.009983440763348787
2,XZt,7,95,0.02718341705774346,0.009827823824611228
2,XZt,8,93,0.02997277120114381,0.009867137142895879
2,XZt,9,91,0.03024127887982786,0.009802312450179436
2,XZt,10,93,0.031502495026141185,0.009878297378696312
2,XZt,11,92,0.031413130727893084,0.009830132100611181
2,XZt,12,93,0.03253697503289524,0.009800901091610543
2,XZt,13,93,0.03229840019968866,0.009851821901421394
2,XZt,14,94,0.03289828203492758,0.009943821325359576
2,XZt,15,93,0.034147725579268005,0.009988990278521922
2,XZt,16,95,0.03372215857294352,0.009841514631994367
2,XZt,17,95,0.03413900486381578,0.009822201592713327
2,XZt,18,94,0.03454159967006348,0.009919997511654113
2,XZt,19,94,0.03436088452484353,0.00996424893749274
2,XZt,20,95,0.03485813054836322,0.009816834238108214
2,XZt,21,96,0.0346903891119355,0.009845753215429501
2,XZt,22,95,0.0355305583203705,0.009885956456174788
2,XZt,23,96,0.03553836603176175,0.009916609757985235
2,XZt,24,96,0.03533737249454371,0.009812785897338116
2,XZt,25,95,0.03631156712142799,0.009938859429847527
2,XZt,26,96,0.03602130814417558,0.009942657512976754
2,XZt,27,96,0.036030378312886746,0.009901535954385608
2,XZt,28,95,0.036691335323626686,0.009938574418681654
2,XZt,29,96,0.035674676238468976,0.009873155026514938
2,XZt,30,95,0.03654355364996623,0.009931938946051811
2,XZt,31,96,0.036590915018981984,0.009939357312017547
2,XZt,32,95,0.036691341198058475,0.009977468268841293
2,XZt,33,95,0.0365165889173955,0.00986091034765698
2,XZt,34,94,0.03721510402858862,0.009948218219597472
2,XZt,35,96,0.03638150815746846,0.009981717859434703
2,XZt,36,96,0.03568579697723297,0.00981642346583084
2,XZt,37,96,0.03584767452507131,0.009827603849088085
2,XZt,38,96,0.035937305173668735,0.009833955805825233
2,XZt,39,95,0.03600694789082826,0.009877177459710831
2,XZt,40,95,0.03554514966303532,0.009866794895593788
2,XZt,41,95,0.03569582650988002,0.009969585756678619
2,XZt,42,95,0.03593401027762771,0.00985651845056366
2,XZt,43,95,0.035893658569451974,0.009919762964580069
2,XZt,44,95,0.035605041145431185,0.009989570078276819
2,XZt,45,96,0.035011778959835205,0.009908685795151757
2,XZt,46,97,0.03468086452082166,0.009873419797476442
2,XZt,47,98,0.033869737432116374,0.009817951279971194
2,XZt,48,98,0.033590333106130424,0.009971813169023859
2,XZt,49,98,0.03361384633601204,0.00982009013269926
2,XZt,50,98,0.0330350899652878,0.009844290458147787
2,XZt,51,98,0.0324725890578529,0.009816111079969212
2,XZt,52,98,0.03224616414638163,0.009993479682407363
2,XZt,53,99,0.03228723646754453,0.009914002262354766
2,XZt,54,100,0.03146754781834457,0.009878134792654467
2,XZt,55,100,0.030773075584536187,0.009839711561190127
2,XZt,56,100,0.03024614972534088,0.009929919916936876
2,XZt,57,101,0.030122263549938622,0.009909917804883936
2,XZt,58,102,0.029203465783316663,0.009867642528384414
2,XZt,59,101,0.02879806505097855,0.009997921447390794
2,XZt,60,102,0.02873629793688032,0.009993635022182252
2,XZt,61,104,0.02762066976116274,0.009860391011402188
2,XZt,62,103,0.026760196288228396,0.009973753387885925
2,XZt,63,104,0.026529131555074147,0.009959809858931785
2,XZt,64,105,0.025613221072118927,0.009962300326691357
2,XZt,65,105,0.024610370200445587,0.009850956953950838
2,XZt,66,107,0.023796429475743973,0.009866419614191614
2,XZt,67,106,0.02303181766254157,0.009964492438965307
2,XZt,68,108,0.021491443361944394,0.009881356136171629
2,XZt,69,109,0.020462091510322918,0.009909684179642636
2,XZt,70,110,0.018954150202222325,0.009868672253765566
2,XZt,71,112,0.01764858495965071,0.009831564994714199
2,XZt,72,112,0.016583894908539367,0.00987722674502601
2,XZt,73,114,0.015684575487829065,0.009901522792309604
2,XZt,74,114,0.014804649221678364,0.009876693519183142
2,XZt,75,115,0.014425024095245672,0.00999978607069244
2,XZt,76,116,0.01340230876596536,0.009801328157541866
2,XZt,77,117,0.013079206014457724,0.009840743430217286
2,XZt,78,117,0.012457562576196967,0.009851441380580929
2,XZt,79,117,0.012237560452113896,0.009930579977351521
2,XZt,80,118,0.011658263034367494,0.00981228979630257
2,XZt,81,118,0.011321504251269569,0.009809779218553354
2,XZt,82,118,0.011217153531278466,0.009885216640233499
2,XZt,83,118,0.010748311995669715,0.009865023255535768
2,XZt,84,119,0.010609134192044331,0.00982820681988994
2,XZt,85,119,0.01028582982419923,0.009829253935480406
2,XZt,86,119,0.010194451883860525,0.009890578664501555
2,XZt,87,120,0.010009212607891126,0.009809897612236688
2,XZt,88,120,0.00970279862307188,0.009837370854629112
2,XZt,89,121,0.009637183453350498,0.009861719229366567
2,XZt,90,122,0.009454343671924017,0.009805567693947026
2,XZt,91,123,0.009176109806353144,0.009824882609882542
2,XZt,92,124,0.009100160252496388,0.009862060486804205
2,XZt,93,124,0.00912880896044391,0.00999790879559272
2,XZt,94,125,0.008743766395096634,0.00994512876527241
2,XZt,95,126,0.008612821217885492,0.009901155795615775
2,XZt,96,127,0.008502301484985769,0.009867967266660376
2,XZt,97,127,0.008301736154245112,0.009801956207880637
2,XZt,98,127,0.008135055975997365,0.009982598355395044
2,XZt,99,128,0.008015634265012898,0.009931645245478415
2,XZt,100,128,0.007978706149130444,0.009984399424665384
2,XZt,101,128,0.007777133844890658,0.009842706370432412
2,XZt,102,129,0.0074696729271497295,0.00984333645355226
2,XZt,103,129,0.007439217761564273,0.009914030486512184
2,XZt,104,129,0.007411088180350544,0.009957003103523637
2,XZt,105,129,0.007239506291195444,0.009832740786634165
2,XZt,106,128,0.00720532646090648,0.009872192163157842
2,XZt,107,129,0.006944940460677777,0.009984741863663465
2,XZt,108,130,0.006790151697670603,0.009855541905148025
2,XZt,109,130,0.006804292930764259,0.009931164731067756
2,XZt,110,130,0.0066824016589073845,0.00983359720172485
2,XZt,111,129,0.006683219163595966,0.009900555331815827
2,XZt,112,129,0.006586988034150849,0.009807056941901605
2,XZt,113,128,0.006598622559032997,0.00985833866586286
2,XZt,114,134,0.00585745084463855,0.009814378719939655
2,XZt,115,134,0.005875919792627698,0.009884039722476942
2,XZt,116,134,0.00587081526781516,0.009894169812013145
2,XZt,117,134,0.005871574024661,0.009889913996497097
2,XZt,118,134,0.005811230022089046,0.00980657110449856
2,XZt,119,133,0.005827081291946721,0.009916323720785564
2,XZt,120,133,0.005753299304517118,0.009864986342984612
2,XZt,121,133,0.005695841618419215,0.009810331319466094
2,XZt,122,132,0.00576167067770552,0.009979825279023797
2,XZt,123,132,0.00571737129873428,0.009979392792459255
2,XZt,124,133,0.005595571888694377,0.009812265185913174
2,XZt,125,132,0.005685106294972953,0.009986743284506352
2,XZt,126,132,0.005684077544285944,0.009976446699211652
2,XZt,127,133,0.0055618490229207085,0.009813226117175241
2,XZt,128,133,0.005568370462371035,0.009846391278622519
2,XZt,129,133,0.005588983772732385,0.009907222270252107
2,XZt,130,133,0.0055954050071530086,0.009912818708572557
2,XZt,131,133,0.005602173270878562,0.009879422214550211
2,XZt,132,133,0.005608301741405404,0.009852267769104554
2,XZt,133,133,0.005629930395902162,0.009831612559317936
2,XZt,134,133,0.0056433396762098935,0.009845683528171043
2,XZt,135,133,0.005693983427335868,0.009881621463189875
2,XZt,136,133,0.005748619921725145,0.009878085899908497
2,XZt,137,133,0.005814489175856239,0.009891356831269692
2,XZt,138,133,0.0058939846793728415,0.009933545847736144
2,XZt,139,133,0.005969131781724862,0.00998210570194037
2,XZt,140,134,0.005926896969649459,0.00981356242088746
2,XZt,141,134,0.006020962991190006,0.009847873185332106
2,XZt,142,134,0.006073880901213555,0.009896508316746874
2,XZt,143,134,0.006078543273291137,0.009886004922267936
2,XZt,144,134,0.006097332872215294,0.009867747409139534
2,XZt,145,133,0.006218720762313809,0.0099747836874471
2,XZt,146,128,0.006939700549334985,0.009835258753910123
2,XZt,147,128,0.007104154134132341,0.009976782111379834
2,XZt,148,129,0.007143458660993582,0.009899209479242312
2,XZt,149,130,0.0072300411675490835,0.009847499907543886
2,XZt,150,130,0.007408899319889345,0.009930178928329876
2,XZt,151,130,0.007514350644222147,0.009912938191665405
2,XZt,152,130,0.0075499995457231515,0.009821478439498968
2,XZt,153,128,0.008069519990513448,0.009897125679657373
2,XZt,154,129,0.008178527292102073,0.00985378885865923
2,XZt,155,129,0.008459226080184965,0.009980343393224548
2,XZt,156,129,0.00852645802415947,0.00990195403475435
2,XZt,157,129,0.00862335206238361,0.009854514308441953
2,XZt,158,128,0.00902780887799657,0.00985654567266576
2,XZt,159,129,0.009216355257683858,0.009867660785484884
2,XZt,160,129,0.009390128496086083,0.009898546939726445
2,XZt,161,129,0.009415129000750425,0.009812710507222112
2,XZt,162,128,0.009940236147792299,0.009942503689886207
2,XZt,163,129,0.01016963423050376,0.00996451205730834
2,XZt,164,129,0.010277257066935032,0.009932232252017156
2,XZt,165,129,0.010473192436497943,0.009956795606244942
2,XZt,166,129,0.010869628469860386,0.009940821504132766
2,XZt,167,129,0.011048104298877882,0.00999045026586587
2,XZt,168,129,0.011101423148197443,0.00990597367354867
2,XZt,169,129,0.011382183464760899,0.009859571912781463
2,XZt,170,129,0.011544487783312605,0.009864817320591435
2,XZt,171,128,0.011695601904427687,0.009895512476461261
2,XZt,172,127,0.01215002622860511,0.00994374847061491
2,XZt,173,126,0.012196328902700448,0.00991097871909392
2,XZt,174,125,0.012176994241489741,0.009808957065906782
2,XZt,175,123,0.012662727751206013,0.009984225513367893
2,XZt,176,122,0.012388724453324352,0.009821405067498306
2,XZt,177,120,0.01294288573992138,0.009998858019376073
2,XZt,178,119,0.012798272339925818,0.00992862823318833
2,XZt,179,118,0.012812750980640596,0.009888708566209688
2,XZt,180,117,0.012987642519348558,0.009917013288328553
2,XZt,181,116,0.012953952081358968,0.00995749738388931
2,XZt,182,116,0.013124351975329724,0.009934628160209869
2,XZt,183,115,0.013028663525908103,0.00993155377585206
2,XZt,184,116,0.013086039655337578,0.00982685261895874
2,XZt,185,115,0.013140810306600388,0.009887024206094391
2,XZt,186,116,0.013277474211418339,0.009882872748687854
2,XZt,187,115,0.013386058600488616,0.009861994412823556
2,XZt,188,116,0.013556337372551124,0.00982967742988043
2,XZt,189,115,0.013782541476470483,0.009825316826015128
2,XZt,190,115,0.014191006347306684,0.009812703085365903
2,XZt,191,114,0.014573799966975332,0.009914636706550788
2,XZt,192,112,0.015131179127409388,0.009959548924078004
2,XZt,193,111,0.015650769786064108,0.009980694420474322
2,XZt,194,108,0.016114151678864003,0.009986953997653699
2,XZt,195,108,0.016550185579032192,0.009884187475033765
2,XZt,196,106,0.01710297990393088,0.00987671641666313
2,XZt,197,104,0.017495619239122212,0.009983934118774778
2,XZt,198,105,0.017878073302894697,0.00986920591299144
2,XZt,199,104,0.01836404030332529,0.009999440313602632
2,XZt,200,104,0.018202398825443073,0.009989045151813425
2,XZt,201,105,0.01836325796953016,0.00992704717812783
2,XZt,202,105,0.018557523178664086,0.009922320271577975
2,XZt,203,105,0.018356255837093417,0.009896177155778004
2,XZt,204,105,0.0184962735640778,0.009876550311705767
2,XZt,205,106,0.01857659045408779,0.009842940806564436
2,XZt,206,105,0.01891107572342714,0.009971493350278525
2,XZt,207,105,0.01871110712260632,0.009974573870056586
2,XZt,208,105,0.018696722335333284,0.009882089259263524
2,XZt,209,105,0.018985377295533262,0.009965280219708827
2,XZt,210,106,0.018877790719885695,0.009811564740539253
2,XZt,211,106,0.01901228846849599,0.009934767829735602
2,XZt,212,105,0.019457274637960365,0.009997585210831071
2,XZt,213,105,0.0197761103202596,0.009969890258008209
2,XZt,214,105,0.020106485560455706,0.009934307530196751
2,XZt,215,105,0.02068676653770721,0.009864797115421911
2,XZt,216,105,0.021601750243014986,0.009828038335007262
2,XZt,217,104,0.02305802453109806,0.009969857193919998
2,XZt,218,104,0.02410004709317528,0.009971304990688986
2,XZt,219,104,0.0252324798626222,0.009837011595705158
2,XZt,220,103,0.0269963924837082,0.009862172034225838
2,XZt,221,102,0.028512166627356568,0.009873345258568998
2,XZt,222,101,0.029886448073881775,0.009949652984716867
2,XZt,223,100,0.030729520617765696,0.009912973378968397
2,XZt,224,100,0.03156233059215166,0.009863255183476964
2,XZt,225,97,0.03298764343890613,0.009880527913173821
2,XZt,226,97,0.03344293527375104,0.009904674222973251
2,XZt,227,97,0.03380172148014916,0.009946476111941868
2,XZt,228,97,0.03435787002413624,0.009982179428712112
2,XZt,229,96,0.0341270889293764,0.009832973121450754
2,XZt,230,96,0.034005284125708475,0.009908511328644969
2,XZt,231,95,0.0351982996442193,0.009998863769649423
2,XZt,232,96,0.034499679012099375,0.009865266097823764
2,XZt,233,95,0.03485701254788096,0.009993346203338653
2,XZt,234,95,0.034803760482509015,0.009863206994219532
2,XZt,235,95,0.03476437924597459,0.009951706142025403
2,XZt,236,95,0.034830730181536484,0.009978162446203927
2,XZt,237,94,0.034778064467737534,0.009926213113568621
2,XZt,238,95,0.0340671548435755,0.009908194108943879
2,XZt,239,94,0.034270744633849444,0.009839335246804429
2,XZt,240,94,0.03334505251566368,0.009843942743915493
2,XZt,241,94,0.03382416507576636,0.009858217354553557
2,XZt,242,94,0.03403535832567445,0.009982904379632337
2,XZt,243,95,0.0331745715927298,0.00982680581144266
2,XZt,244,93,0.03366303589915832,0.009978838905738288
2,XZt,245,95,0.032288588491865555,0.009892114012474683
2,XZt,246,93,0.03209110098604334,0.009945317235211793
2,XZt,247,94,0.03220608372145211,0.009824000463927262
2,XZt,248,93,0.03129621891406851,0.00991838339096637
2,XZt,249,94,0.03139982208014162,0.009970260106963436
2,XZt,250,92,0.030378655822051646,0.009981492827072589
2,XZt,251,94,0.02959235632886245,0.009899296214037765
2,XZt,252,96,0.026732718861413228,0.009809879247633563
2,XZt,253,100,0.02567623221708462,0.009796401298162845
2,XZt,254,82,0.023953931796661554,0.009845637588814711
2,XZt,255,74,0.030118367288547547,0.009884990962086115
2,XZt,256,71,0.03410999729630666,0.009789784182059488
2,XZt,257,69,0.03784348090045595,0.009806075079937415
2,XZt,258,67,0.042635208562401807,0.009768086907569138
2,XZt,259,29,0.06723741810368608,0.009668042954874263
3,XYt,73,110,0.01805211913954581,0.009961753262155723
3,XYt,74,111,0.017555674733404303,0.009766377113220101
3,XYt,75,111,0.01745564347344616,0.009810496435755586
3,XYt,76,111,0.017205312537446702,0.009774428993030946
3,XYt,77,110,0.01722160062227197,0.009911302037483898
3,XYt,78,110,0.016955711211285696,0.009890737093057917
3,XYt,79,110,0.016764313718364378,0.00996996169144303
3,XYt,80,110,0.016439561163196895,0.00997839085725987
3,XYt,81,110,0.016094762686352664,0.009951055571985522
3,XYt,82,110,0.01589561457929874,0.009979565328422889
3,XYt,83,110,0.015713169603558643,0.00999913993221762
3,XYt,84,110,0.015484238264924611,0.009983328727957196
3,XYt,85,110,0.015236018089196954,0.009966082861152869
3,XYt,86,110,0.015021226266946304,0.009961813056717558
3,XYt,87,110,0.014751643234254397,0.00995314179075875
3,XYt,88,110,0.014517166921660198,0.00996594070740195
3,XYt,89,110,0.014315527008607406,0.009997729445048165
3,XYt,90,111,0.013846450278787132,0.009791655636239375
3,XYt,91,111,0.013787576339010602,0.009837887899487053
3,XYt,92,111,0.013675116875346666,0.00982908383065968
3,XYt,93,111,0.01360727877183249,0.009846471004418076
3,XYt,94,111,0.013481732499511283,0.009822966055676945
3,XYt,95,111,0.013352984078528236,0.009787886523529625
3,XYt,96,110,0.013433769537662463,0.009898402654346852
3,XYt,97,110,0.013288576312664634,0.009850122361341331
3,XYt,98,110,0.013169873370442516,0.009818215353362698
3,XYt,99,110,0.013123600382051733,0.009859664205700155
3,XYt,100,110,0.01309135602415965,0.009905778960306299
3,XYt,101,110,0.013057280509754896,0.009933231820000913
3,XYt,102,110,0.012967769961184046,0.009934669289616727
3,XYt,103,110,0.012878279266802616,0.009919533821803007
3,XYt,104,110,0.012773287576122592,0.009873772995544481
3,XYt,105,110,0.0126492532208621,0.009792833871438906
3,XYt,106,109,0.012828768292897247,0.009943994015955514
3,XYt,107,109,0.01277414269769091,0.009917057428295097
3,XYt,108,109,0.012775531665679466,0.009903891916408638
3,XYt,109,109,0.012759797508869178,0.009868361055749479
3,XYt,110,109,0.012779719385739368,0.009848801686518577
3,XYt,111,109,0.0128920563093628,0.009890118556224837
3,XYt,112,109,0.013008048552546163,0.009926573855090945
3,XYt,113,109,0.013175571152930316,0.009996055172508938
3,XYt,114,110,0.013093698910705357,0.009847337513665972
3,XYt,115,110,0.013312842775915212,0.009930425967178986
3,XYt,116,111,0.01327230613190167,0.009793097447909257
3,XYt,117,111,0.013474685587861591,0.009833619731802232
3,XYt,118,111,0.013714033264267683,0.00988215550918925
3,XYt,119,111,0.013906273236988755,0.009939261208431898
3,XYt,120,112,0.013803600577336702,0.009802446809993629
3,XYt,121,111,0.014084750283115708,0.009990924859686771
3,XYt,122,111,0.013988853877438517,0.009927417696550127
3,XYt,123,111,0.013956975943184104,0.009886623096136636
3,XYt,124,111,0.013922054186142,0.009831162089897863
3,XYt,125,111,0.013954829917179433,0.009817305824097278
3,XYt,126,111,0.014010004776283131,0.009818821477222637
3,XYt,127,111,0.014178630205528515,0.009844748113904608
3,XYt,128,111,0.014394481507948304,0.009862510322245223
3,XYt,129,111,0.014668104168328706,0.009892896785458497
3,XYt,130,111,0.014868187431499376,0.009907899085507025
3,XYt,131,111,0.015034837557229971,0.009869323516107852
3,XYt,132,111,0.015268645056265573,0.009856090975923241
3,XYt,133,111,0.015494760144479437,0.009810114077520936
3,XYt,134,110,0.016059119708035346,0.009973190655660392
3,XYt,135,110,0.016327076852744916,0.009911911672797988
3,XYt,136,110,0.016635748571022138,0.00985180182522898
3,XYt,137,109,0.017129315861972923,0.00997956263977314
3,XYt,138,109,0.01736996390839263,0.009994158326855539
3,XYt,139,110,0.01723489481867483,0.009792867298369519
3,XYt,140,110,0.017383749107528466,0.009813564608190955
3,XYt,141,110,0.01737238943200986,0.009779343091158405
3,XYt,142,109,0.01769542305834663,0.009995206924863755
3,XYt,143,109,0.017578245793735018,0.00998254928313265
3,XYt,144,109,0.01747696022460433,0.009998210364094972
3,XYt,145,110,0.0169992902473248,0.009784074823391376
3,XYt,0,150,0.001746173518285165,0.009829694743627899
3,XYt,1,150,0.0018006885203139525,0.009791991036693199
3,XYt,2,148,0.001788831844111448,0.009945361403723936
3,XYt,3,147,0.0016629919327678395,0.009927699861996162
3,XYt,4,147,0.0015932113828373046,0.009855302012521643
3,XYt,5,146,0.0015735813675935625,0.00995438878380061
3,XYt,6,147,0.0015243880192186347,0.00987602768382083
3,XYt,7,148,0.0014893854357166132,0.009908401153977939
3,XYt,8,149,0.0014793723353754458,0.009871990182888177
3,XYt,9,149,0.0014793536474379968,0.009988019700529274
3,XYt,10,150,0.0014773116589913988,0.00992322967790231
3,XYt,11,151,0.0014658203072538893,0.009826552422885281
3,XYt,12,151,0.0015106483319590773,0.009910327409356334
3,XYt,13,151,0.0015507296786866182,0.009975739722542135
3,XYt,14,151,0.0015679169015833509,0.009998619341779669
3,XYt,15,151,0.0014095797312833134,0.009857419928828024
3,XYt,16,150,0.0013213746800026336,0.009915886377147924
3,XYt,17,151,0.0013017807377724254,0.00994835292063411
3,XYt,18,151,0.0014147774048639211,0.009959829409527542
3,XYt,19,150,0.0014262051879522335,0.009977801418536918
3,XYt,20,150,0.001437016812788802,0.00991051205459946
3,XYt,21,150,0.001443911750419377,0.009848984760927828
3,XYt,22,149,0.0014872694044348541,0.009984220445708503
3,XYt,23,149,0.001487232761523808,0.009914200448369546
3,XYt,24,149,0.001492526866101511,0.009848706878790596
3,XYt,25,148,0.0015269907523304158,0.009963942801921729
3,XYt,26,148,0.0015307332612630369,0.009894683966330165
3,XYt,27,148,0.0015378066869376691,0.009822730050182544
3,XYt,28,147,0.001598560369462965,0.009955248595056128
3,XYt,29,147,0.001637620702855396,0.009898533308991493
3,XYt,30,147,0.0016883744871723336,0.009854443282848476
3,XYt,31,147,0.0017603022738268347,0.009815816178593742
3,XYt,32,146,0.001901024968911803,0.009967336311010344
3,XYt,33,146,0.0020216021879660324,0.009915398217947149
3,XYt,34,146,0.0021782396428969416,0.009841795443490736
3,XYt,35,145,0.0024243051544428373,0.009921021416634862
3,XYt,36,144,0.0027409128982832085,0.009963982117672254
3,XYt,37,143,0.0031776506552801246,0.009974517456862474
3,XYt,38,142,0.0037806313223992098,0.009946025064032884
3,XYt,39,141,0.0046706657453637794,0.009894171981496773
3,XYt,40,140,0.005996614797999086,0.009829173914046979
3,XYt,41,138,0.008069605860322604,0.009974336148537204
3,XYt,42,137,0.010725865797168563,0.009877378402547694
3,XYt,43,135,0.014561950753205695,0.009983555024331165
3,XYt,44,134,0.01839335502390907,0.009794868322491488
3,XYt,45,132,0.022573276108783274,0.009825398439339878
3,XYt,46,130,0.02618321830746888,0.009949190060557833
3,XYt,47,129,0.027506485307219653,0.009889082691681435
3,XYt,48,127,0.028244058863496166,0.009869987395924075
3,XYt,49,124,0.029374203586130167,0.009981860633309726
3,XYt,50,122,0.029689959014262732,0.009776521066207385
3,XYt,51,118,0.030888927992086587,0.009914302207577561
3,XYt,52,114,0.03161154111244254,0.009990228192720087
3,XYt,53,111,0.031067108563355737,0.009847455767191095
3,XYt,54,108,0.030140407996795498,0.009816011348689374
3,XYt,55,105,0.02905194951685415,0.009962214909956956
3,XYt,56,104,0.02666065833133748,0.00983914131851289
3,XYt,57,103,0.024623396318693723,0.009868033689082146
3,XYt,58,102,0.023048433451250072,0.009992247694945664
3,XYt,59,103,0.021297500079513306,0.009817816351498991
3,XYt,60,103,0.020678037822306716,0.009969475103512798
3,XYt,61,104,0.020061221239637207,0.009938998268591666
3,XYt,62,105,0.019748225953850694,0.00990679249525914
3,XYt,63,106,0.019593410277108984,0.009892919567944148
3,XYt,64,107,0.01946244160864383,0.009845804448875853
3,XYt,65,108,0.019239896325174855,0.00978488378906599
3,XYt,66,108,0.019411286189811652,0.009956278653587307
3,XYt,67,109,0.019050040384663288,0.009871578133429816
3,XYt,68,109,0.01901183187561903,0.009976189426978865
3,XYt,69,110,0.01845524179217438,0.009791240754096915
3,XYt,70,110,0.018323552966167427,0.009817711405849687
3,XYt,71,110,0.01820683480652697,0.009851649851794273
3,XYt,72,110,0.018116627452546788,0.009896670368555937
3,XYt,146,110,0.016923319258333205,0.00980392425544603
3,XYt,147,110,0.01690600198943462,0.009821879399994746
3,XYt,148,110,0.016887294215205184,0.00981101880382044
3,XYt,149,109,0.017213567355931835,0.009992617176711807
3,XYt,150,109,0.017177738363355285,0.009932608365649848
3,XYt,151,109,0.01714689756775972,0.00985492847158649
3,XYt,152,109,0.017150689006176445,0.009815155742315734
3,XYt,153,109,0.017187767960374033,0.009812103380831924
3,XYt,154,109,0.017215185634473232,0.009795985364879422
3,XYt,155,108,0.017554581622967545,0.00998807503967166
3,XYt,156,108,0.017540754350175325,0.009990952252692045
3,XYt,157,108,0.0173977871155793,0.0099836114632452
3,XYt,158,108,0.017135178638588943,0.009971537018442646
3,XYt,159,109,0.016624665891828247,0.009831986284336512
3,XYt,160,109,0.01635890114958612,0.009872985988671408
3,XYt,161,109,0.016056612232332478,0.009852642266803898
3,XYt,162,109,0.015730034792972122,0.009843072353164319
3,XYt,163,109,0.015415696886806742,0.009810808765973294
3,XYt,164,109,0.015123707463591277,0.009792754413522928
3,XYt,165,108,0.015176304595416704,0.00997314976198415
3,XYt,166,108,0.014871809368078207,0.009873007186501812
3,XYt,167,107,0.01480144270388704,0.009992098394658698
3,XYt,168,107,0.014404592003925675,0.009878334551930972
3,XYt,169,106,0.01438205432568941,0.00997024803518711
3,XYt,170,106,0.014209848837080579,0.009924159780471262
3,XYt,171,106,0.01418531368670146,0.00996587178364131
3,XYt,172,107,0.013864959359587248,0.00979110428307696
3,XYt,173,107,0.013895836534403612,0.00987895654261049
3,XYt,174,107,0.013878754074702243,0.00989335079795596
3,XYt,175,107,0.013875610743939457,0.009885702489962024
3,XYt,176,107,0.013754720919234768,0.009825613626863782
3,XYt,177,107,0.013677562762243738,0.00982164664664455
3,XYt,178,107,0.013633300374526891,0.009838991876587004
3,XYt,179,107,0.013572164425611896,0.009835881987695843
3,XYt,180,106,0.013689306828216268,0.0099854759180968
3,XYt,181,106,0.013534650732151078,0.009936892339238486
3,XYt,182,106,0.013468787393897187,0.00992685982861767
3,XYt,183,106,0.013411334173616646,0.009931317031565455
3,XYt,184,106,0.013339858648801209,0.009902689503673257
3,XYt,185,106,0.013301195023635455,0.009874015389721557
3,XYt,186,106,0.013293527527703146,0.009852317101217473
3,XYt,187,106,0.013295221591910246,0.009840436023248595
3,XYt,188,106,0.013308257897735817,0.00987167707035693
3,XYt,189,106,0.01341773809574934,0.009942422420986842
3,XYt,190,106,0.013453206441136728,0.009946293752929835
3,XYt,191,106,0.0135203736368091,0.009988766484465991
3,XYt,192,107,0.013284709327242917,0.009784567340627574
3,XYt,193,107,0.01337623026295845,0.009806369023446773
3,XYt,194,107,0.01350784025707758,0.009825540441788056
3,XYt,195,107,0.01369844043208765,0.009870833356601518
3,XYt,196,107,0.013959513825843897,0.009932372263968491
3,XYt,197,108,0.013906080532151435,0.00979576788304217
3,XYt,198,108,0.014115172140937889,0.00983827954190514
3,XYt,199,108,0.014301503235693224,0.009889323082697086
3,XYt,200,108,0.014452587879282568,0.00997452337488283
3,XYt,201,108,0.014416575973348918,0.009961402567905488
3,XYt,202,108,0.014249678076950495,0.009885432697027555
3,XYt,203,108,0.014149799839559824,0.00983708001956592
3,XYt,204,107,0.01438645244645904,0.009986206771106574
3,XYt,205,107,0.014406595407596789,0.0099564268740659
3,XYt,206,108,0.014282762499955205,0.00977814566857216
3,XYt,207,108,0.014569378687571743,0.009843864477316503
3,XYt,208,108,0.014865076150339713,0.009885864796449827
3,XYt,209,108,0.015212390489268673,0.009989628171513226
3,XYt,210,109,0.015113223574176316,0.00980450827492166
3,XYt,211,109,0.015270014461588741,0.009790614287112772
3,XYt,212,109,0.015473253424745927,0.009805874864965248
3,XYt,213,109,0.01568318481003426,0.009821605121992885
3,XYt,214,109,0.015906076932319872,0.009820815027407712
3,XYt,215,109,0.016184993322000286,0.009806172019728075
3,XYt,216,109,0.01657389928510278,0.009833666117093126
3,XYt,217,109,0.016905671733032732,0.00983976578667302
3,XYt,218,109,0.01735048039758542,0.009917117492347322
3,XYt,219,110,0.017417458921818205,0.009785914780580825
3,XYt,220,110,0.01784850452346566,0.009915292140263746
3,XYt,221,110,0.018112697325090438,0.009978776447512085
3,XYt,222,111,0.017888729482342484,0.009769595915051697
3,XYt,223,111,0.01806433467835426,0.00980088263193095
3,XYt,224,111,0.018198445636643888,0.009826987111314285
3,XYt,225,111,0.01820704899960034,0.009783800034069461
3,XYt,226,110,0.018610592921613697,0.009941621416446538
3,XYt,227,110,0.018632693682783346,0.009844861492746987
3,XYt,228,109,0.019080122239837106,0.009979958938930967
3,XYt,229,109,0.019070855785171828,0.009863480426271023
3,XYt,230,109,0.01914909443832259,0.009789917069375561
3,XYt,231,108,0.019636180926747692,0.009934762736848164
3,XYt,232,108,0.01963247745180517,0.009800332345430755
3,XYt,233,107,0.019971610313813313,0.009826631061412657
3,XYt,234,106,0.020271055850874294,0.009814738572992062
3,XYt,235,105,0.020630920208779484,0.009832439288941269
3,XYt,236,103,0.02125347024157247,0.009990321657416904
3,XYt,237,102,0.021383065594237367,0.009960828824883573
3,XYt,238,102,0.021280098520060978,0.009896181261467215
3,XYt,239,102,0.021266163979552524,0.00987591194590894
3,XYt,240,102,0.02126886507516311,0.00986256690973327
3,XYt,241,102,0.021227149041055094,0.00984029750779639
3,XYt,242,102,0.021173008814139548,0.009825631649970419
3,XYt,243,102,0.02115607592583021,0.009824164570140468
3,XYt,244,102,0.021157878965612924,0.00982998899468168
3,XYt,245,102,0.021177596539928362,0.009836442287612348
3,XYt,246,102,0.02114622780577795,0.009832299023481152
3,XYt,247,102,0.02117828059099858,0.009845706887083583
3,XYt,248,102,0.021271034454906173,0.009886122635725615
3,XYt,249,102,0.021272480308192735,0.00990729841137479
3,XYt,250,102,0.021277854877642045,0.009934674691214734
3,XYt,251,102,0.021312076076752704,0.009977057041054364
3,XYt,252,103,0.02092004630596003,0.00981192782203524
3,XYt,253,103,0.020948069133097366,0.009849448970068458
3,XYt,254,103,0.021220478091226503,0.009899642990742936
3,XYt,255,103,0.021418072920804884,0.009912022659206871
3,XYt,256,103,0.020914591057277387,0.009836438468733602
3,XYt,257,102,0.019232262509011274,0.009837759712300652
3,XYt,258,101,0.01657696720209344,0.009893054634460108
3,XYt,259,100,0.014259037348793847,0.00998278204785697
3,XYt,260,100,0.012576189569716992,0.009815319215367279
3,XYt,261,99,0.012188992536205348,0.009965186289357131
3,XYt,262,100,0.011961028103466907,0.009789101393150142
3,XYt,263,100,0.012167556630878831,0.009846656302113262
3,XYt,264,100,0.012232052024099316,0.009856692048508598
3,XYt,265,100,0.012220365841019931,0.009874630587687826
3,XYt,266,100,0.012202620612592696,0.009877325159691206
3,XYt,267,100,0.012220100370670376,0.009888090135072324
3,XYt,268,100,0.012240618359747634,0.009934663347855527
3,XYt,269,101,0.012040590421363826,0.00981319440013286
3,XYt,270,101,0.012039262772184317,0.009836211515562996
3,XYt,271,101,0.012051037588886782,0.009841554436829776
3,XYt,272,101,0.012021055701332042,0.009835573727296211
3,XYt,273,101,0.012050348177632593,0.00983084385593978
3,XYt,274,101,0.012089985021767101,0.009851651485929695
3,XYt,275,101,0.012111908378929686,0.009818091828491268
3,XYt,276,101,0.012119702089600535,0.009835631560956994
3,XYt,277,101,0.012137608062952299,0.009855243749780035
3,XYt,278,101,0.012142506581749977,0.009863591413582182
3,XYt,279,101,0.012144064031214727,0.009834732918401782
3,XYt,280,101,0.012123092830580858,0.009813322361366002
3,XYt,281,100,0.012358761927584264,0.00998192192023156
3,XYt,282,100,0.012349685843792726,0.009948164122901244
3,XYt,283,100,0.012381146691039971,0.009956745944844912
3,XYt,284,100,0.012395291452943226,0.00996242013974144
3,XYt,285,100,0.012392224093114346,0.009962659299825464
3,XYt,286,100,0.012384175355662223,0.009952878678450591
3,XYt,287,100,0.012369795067211026,0.009939060359735718
3,XYt,288,100,0.012388480170665172,0.00995517366775005
3,XYt,289,100,0.01239515868918905,0.00994791921993226
3,XYt,290,100,0.012406706660980918,0.009933391188966623
3,XYt,291,100,0.012388376284226215,0.009909342937645787
3,XYt,292,100,0.012435676691862043,0.009922175636537394
3,XYt,293,100,0.012400100506277241,0.009905106643945264
3,XYt,294,100,0.012413975356526908,0.009886375040292468
3,XYt,295,100,0.012414430211860882,0.009896549991891955
3,XYt,296,100,0.012383888623129958,0.009887562612282885
3,XYt,297,100,0.012425674443389408,0.009902381155301836
3,XYt,298,100,0.012457345001084795,0.009890449532499658
3,XYt,299,100,0.01240990004537606,0.00988203386964046
3,XYt,300,100,0.012426664983837075,0.009883551541631928
3,XYt,301,100,0.012433409401114013,0.009871019284255293
3,XYt,302,100,0.012444786610510353,0.009888935632445662
3,XYt,303,100,0.012453279841694302,0.009907892586071991
3,XYt,304,100,0.012511588490608572,0.009929043010923958
3,XYt,305,100,0.012469323121812065,0.009893168002120332
3,XYt,306,100,0.012515113978438285,0.009886273536434868
3,XYt,307,100,0.012472657645682983,0.009835459695780086
3,XYt,308,100,0.012477623380235647,0.00980276268125496
3,XYt,309,100,0.012468752993091614,0.009792380130668351
3,XYt,310,100,0.012528363705723272,0.009834790757006957
3,XYt,311,100,0.012522554743949293,0.00984911225716692
3,XYt,312,100,0.012508266340015612,0.009842794304107772
3,XYt,313,100,0.012540430954263129,0.00986953285240189
3,XYt,314,100,0.012568200945196345,0.009882687121610494
3,XYt,315,100,0.012624535335624394,0.009895333671654105
3,XYt,316,100,0.012606490761971833,0.009865582444363401
3,XYt,317,100,0.012698689679079096,0.009893914894375041
3,XYt,318,100,0.012672115681128866,0.00986887492338257
3,XYt,319,100,0.012786155117240754,0.009885254640514386
3,XYt,320,100,0.012810273772968114,0.00986677850161123
3,XYt,321,100,0.012998832360536242,0.009906828787746466
3,XYt,322,100,0.013129304169733742,0.009925412036701204
3,XYt,323,100,0.013447225681091569,0.009987648974095466
3,XYt,324,101,0.013612607003745324,0.00983577668921213
3,XYt,325,102,0.01631840379514338,0.009998846902171557
3,XYt,326,103,0.019864250727295352,0.009809024356844644
3,XYt,327,103,0.021048316240609193,0.009818323572990569
3,XYt,328,103,0.02153460145931451,0.009855594954544819
3,XYt,329,103,0.021977395293872173,0.009874009411461406
3,XYt,330,103,0.022089794851850187,0.009845323716053369
3,XYt,331,103,0.02233079177214169,0.009847380564652867
3,XYt,332,103,0.022307662667004142,0.009810223480540666
3,XYt,333,102,0.022810907252705268,0.009985167439081987
3,XYt,334,102,0.02270135435639522,0.00993028762618063
3,XYt,335,102,0.022848402266064292,0.009932606744833638
3,XYt,336,102,0.02271941150668031,0.009904640708979175
3,XYt,337,102,0.022784081860495953,0.009935536748620835
3,XYt,338,102,0.02268634084901538,0.00994866361996017
3,XYt,339,103,0.02246412566877911,0.00987067134660928
3,XYt,340,104,0.022433385092214646,0.009968690807269129
3,XYt,341,106,0.021845063471304084,0.00982387615340177
3,XYt,342,107,0.021596707252068158,0.009847432879522866
3,XYt,343,108,0.021559719818940993,0.009991439943038034
3,XYt,344,110,0.020820408284960863,0.009801184865699366
3,XYt,345,110,0.02086544323186323,0.009952492084838943
3,XYt,346,111,0.020377413981597533,0.009846013740185587
3,XYt,347,111,0.020380425472924558,0.00993063401544249
3,XYt,348,112,0.019969865708836524,0.009807163017760058
3,XYt,349,112,0.019996970404895977,0.00990447600114304
3,XYt,350,112,0.019971170511975785,0.00998992200914075
3,XYt,351,113,0.01966096703453109,0.009872317961929418
3,XYt,352,114,0.019488119126921923,0.009840111545009134
3,XYt,353,114,0.019575048091358554,0.009986529189254183
3,XYt,354,115,0.019197324097733177,0.009866287912676136
3,XYt,355,115,0.019099702597313035,0.009881772122319691
3,XYt,356,115,0.01895222488337655,0.009911801767958707
3,XYt,357,115,0.018565471249013255,0.009862769860265207
3,XYt,358,114,0.018279059292692357,0.009958956522701361
3,XYt,359,114,0.017713076954767523,0.009848995658106784
3,XYt,360,114,0.017380745111363328,0.00987241145578052
3,XYt,361,114,0.01711128178192097,0.009882581235819582
3,XYt,362,114,0.016466661384725002,0.009791560823243922
3,XYt,363,114,0.016350388360191745,0.009807533453486648
3,XYt,364,118,0.01667036227628328,0.009845279020879517
3,XYt,365,118,0.016450129027069077,0.009822253651446159
3,XYt,366,117,0.016528442348894834,0.00998978126897896
3,XYt,367,117,0.016387971869760376,0.009955192534391033
3,XYt,368,118,0.01600029982210068,0.009808242549913146
3,XYt,369,118,0.01597822994838172,0.009874841441775327
3,XYt,370,118,0.015874361368377034,0.009901948150782743
3,XYt,371,118,0.01586557957893626,0.00994045649817344
3,XYt,372,118,0.01576972162623775,0.00996311551946922
3,XYt,373,118,0.01572229224007811,0.009985121220150862
3,XYt,374,119,0.01534660152652028,0.009835557359217267
3,XYt,375,119,0.015248373755380726,0.00984477373327645
3,XYt,376,118,0.015223185109257457,0.009950870600494238
3,XYt,377,118,0.014887686344292904,0.009850982012426634
3,XYt,378,117,0.014889649960808042,0.009993903811822304
3,XYt,379,117,0.014754871642418175,0.00996319954347731
3,XYt,380,117,0.014602541685425125,0.009924522604988982
3,XYt,381,117,0.014584027317403851,0.009926442488308691
3,XYt,382,117,0.014483473844455143,0.009920349051397713
3,XYt,383,117,0.014449219282894202,0.00989984301296098
3,XYt,384,117,0.0144102756556164,0.00991125818127753
3,XYt,385,117,0.014157605972298396,0.00985939968737523
3,XYt,386,117,0.013982195773941457,0.00984049491899184
3,XYt,387,117,0.01401942976482155,0.009856206946585693
3,XYt,388,117,0.013954425748540913,0.009822320304953173
3,XYt,389,117,0.013991030780418474,0.009821265268903309
3,XYt,390,117,0.013936989787576915,0.009788834968045173
3,XYt,391,117,0.013962567589446183,0.009782824222794924
3,XYt,392,116,0.014208268812721556,0.009981468173048109
3,XYt,393,116,0.014268325022348089,0.009990034277542782
3,XYt,394,116,0.014254033232655698,0.009963808157765111
3,XYt,395,116,0.014316162281592836,0.009937655385196604
3,XYt,396,116,0.014352638166440501,0.009895538661642734
3,XYt,397,116,0.01447315928059237,0.009910370186712973
3,XYt,398,116,0.014497839865675556,0.009945689462484732
3,XYt,399,116,0.014483655053304848,0.009973382746080074
3,XYt,400,116,0.014451328679990745,0.009973552772608535
3,XYt,401,116,0.014471763621421658,0.009998362793429104
3,XYt,402,116,0.014460851546894181,0.009996592537727474
3,XYt,403,116,0.014457711392387563,0.00999410463224032
3,XYt,404,117,0.01417393426212487,0.009786058452689834
3,XYt,405,116,0.014494803981718703,0.009998098724235124
3,XYt,406,117,0.014253515060099479,0.009788710524205067
3,XYt,407,117,0.014326361971985004,0.009813489692768665
3,XYt,408,117,0.014486306769806946,0.009842294886470619
3,XYt,409,117,0.014691757888047729,0.009901916175981169
3,XYt,410,117,0.0148484562247824,0.009975174873653882
3,XYt,411,117,0.014778919290188843,0.00994595438361922
3,XYt,412,117,0.014882991340850723,0.00997314491930086
3,XYt,413,117,0.01491498296474609,0.009973231011097563
3,XYt,414,118,0.014757733029150007,0.009800026799883888
3,XYt,415,118,0.014827720922623664,0.009819233007984634
3,XYt,416,118,0.015056086974515997,0.009862074478884484
3,XYt,417,118,0.015336195785136843,0.00993758518525562
3,XYt,418,119,0.01527889418282813,0.009792194901943546
3,XYt,419,118,0.015671900254880966,0.009945206543279418
3,XYt,420,118,0.015773422146311555,0.0098380389945791
3,XYt,421,117,0.016175197749604662,0.009991989908878118
3,XYt,422,117,0.016312983881535265,0.009977186665693178
3,XYt,423,117,0.016314644138831564,0.009913870265023194
3,XYt,424,117,0.016323833342371846,0.009846060612108758
3,XYt,425,117,0.016396640205562897,0.009791650703794041
3,XYt,426,116,0.016797941954658533,0.009934471589108793
3,XYt,427,116,0.016859109366332004,0.009936656339347242
3,XYt,428,116,0.017037623839568562,0.00998815939097845
3,XYt,429,117,0.01684496575838144,0.009804219279941673
3,XYt,430,117,0.01700085860139998,0.009805215400958347
3,XYt,431,117,0.0172651338770604,0.009851595925173267
3,XYt,432,117,0.01763032215971282,0.009901333024198572
3,XYt,433,117,0.017917143144340255,0.00991261871617308
3,XYt,434,117,0.01827069020837236,0.00990318804311898
3,XYt,435,117,0.01852165858553177,0.009822716938599926
3,XYt,436,117,0.018989658017371354,0.009858804223036713
3,XYt,437,117,0.019426288037634798,0.009925439069851641
3,XYt,438,117,0.019607203982469547,0.00991788963474711
3,XYt,439,117,0.01962790504015825,0.009859606513008067
3,XYt,440,117,0.019694657399212962,0.00981584898056178
3,XYt,441,117,0.01989104542616435,0.009796855791707772
3,XYt,442,116,0.02043561521650842,0.009933438729044319
3,XYt,443,116,0.020429159514634976,0.00978878343642665
3,XYt,444,115,0.02092707422138361,0.009928422536536299
3,XYt,445,115,0.020990621851426073,0.009856473728375566
3,XYt,446,115,0.021037652036534855,0.00978548539678218
3,XYt,447,114,0.021616354247261126,0.009941526954109896
3,XYt,448,114,0.021665926205526025,0.00984093608052609
3,XYt,449,113,0.022241152514215237,0.009936160019227569
3,XYt,450,113,0.022345388183968307,0.00980891001668414
3,XYt,451,112,0.022769356457414052,0.009806735111513335
3,XYt,452,110,0.023549608014166015,0.00997164034516799
3,XYt,453,110,0.023478516597856124,0.009790621960616657
3,XYt,454,109,0.023795710662103054,0.009794061277344735
3,XYt,455,108,0.024089771771466394,0.009855789881400989
3,XYt,456,108,0.02409063444432208,0.009833980439887766
3,XYt,457,108,0.02410852666610461,0.009825434486309546
3,XYt,458,108,0.02409658732522988,0.00983495226678256
3,XYt,459,108,0.024079399850386124,0.00983814917798453
3,XYt,460,108,0.024076717716662893,0.009844102701775336
3,XYt,461,108,0.023946708822426156,0.00979622365807441
3,XYt,462,107,0.024424834443022823,0.009965740396402169
3,XYt,463,107,0.024730501509017462,0.009936669840636342
3,XYt,464,107,0.025322775015934714,0.009988023461451574
3,XYt,465,108,0.024672991479491608,0.009806821022577471
3,XYt,466,107,0.022887099849842385,0.009883114997251792
3,XYt,467,106,0.019723612417835188,0.009947570735270292
3,XYt,468,106,0.016581174634989707,0.009860964378825188
3,XYt,469,105,0.014790506782924845,0.009952419293566883
3,XYt,470,105,0.013915453277958397,0.00992436904153639
3,XYt,471,105,0.01375564504514973,0.009928753857388369
3,XYt,472,105,0.013963358135646175,0.009991098347451745
3,XYt,473,106,0.013811693853288284,0.009786917151165024
3,XYt,474,105,0.014085773807520649,0.009976645027906652
3,XYt,475,105,0.014037658076909197,0.009964037590316669
3,XYt,476,105,0.014013854937397461,0.009967537128316875
3,XYt,477,105,0.013972377766339247,0.009961681077251549
3,XYt,478,105,0.01392253044295427,0.009948654989554358
3,XYt,479,105,0.013897470078805062,0.009932758019873558
3,XYt,480,105,0.013883535676066682,0.00992653601298626
3,XYt,481,105,0.013873186447752511,0.009905493461672696
3,XYt,482,105,0.013829375004053866,0.009870571855933754
3,XYt,483,105,0.013826963931899227,0.009867639964618664
3,XYt,484,105,0.013854813235545481,0.00988345109469517
3,XYt,485,105,0.013833967208799983,0.009870588709616004
3,XYt,486,105,0.013820484765997024,0.009870184756988157
3,XYt,487,105,0.013820912748830396,0.009874381687120196
3,XYt,488,105,0.013837797587833277,0.00987872078830668
3,XYt,489,105,0.013838617317939289,0.009872570719429957
3,XYt,490,105,0.01380326866134526,0.00985004772396232
3,XYt,491,105,0.013791366297879044,0.009844221539281477
3,XYt,492,105,0.013788842811708599,0.009833075643290242
3,XYt,493,105,0.013748137218782189,0.00980816485820671
3,XYt,494,105,0.013724748131954255,0.009796416479589275
3,XYt,495,105,0.01373389822687356,0.009797400796195833
3,XYt,496,105,0.013739995124842088,0.009795135679200116
3,XYt,497,105,0.0137384896089998,0.009794670539574455
3,XYt,498,105,0.013738681662483208,0.00979372046845289
3,XYt,499,105,0.01374181411967048,0.009791282407523317
3,XYt,500,104,0.014014272450037503,0.009970247496954705
3,XYt,501,104,0.014016597865353005,0.009967880608058066
3,XYt,502,104,0.013990413485193424,0.009940989851192536
3,XYt,503,104,0.014005238245168132,0.009943912527954247
3,XYt,504,104,0.01400714865582914,0.009928807905418098
3,XYt,505,104,0.013984257679254056,0.009919162158738296
3,XYt,506,104,0.013999397817404427,0.009919389918978805
3,XYt,507,104,0.014009384266649,0.009938240725398355
3,XYt,508,104,0.014036559978681851,0.009953014548789699
3,XYt,509,104,0.014047697880376568,0.009980317584169273
3,XYt,510,104,0.014063201072157843,0.0099858542486857
3,XYt,511,104,0.014051728277949012,0.009998670865340826
3,XYt,512,104,0.014049617535269792,0.009992563473815283
3,XYt,513,104,0.014038485664981705,0.009995076460136225
3,XYt,514,104,0.014051853797693447,0.009985856398250365
3,XYt,515,104,0.014039786359015776,0.00998525557691581
3,XYt,516,104,0.014025158139200007,0.009957345791787621
3,XYt,517,104,0.01400815054599535,0.009956197805123477
3,XYt,518,104,0.014019023011086266,0.009946072004182722
3,XYt,519,104,0.013990595046795425,0.009936160559306462
3,XYt,520,104,0.013972754709783427,0.009920352297035263
3,XYt,521,104,0.013950388753593673,0.009914806658016188
3,XYt,522,104,0.013965544371993054,0.009901835425598917
3,XYt,523,104,0.013966643785992772,0.009901587208891326
3,XYt,524,104,0.013998379436299077,0.009894099303536285
3,XYt,525,104,0.014011415292047049,0.009926244083329566
3,XYt,526,104,0.014019892034024557,0.00995002119745916
3,XYt,527,104,0.013896661822763293,0.00996700681111454
3,XYt,528,104,0.013629100141056167,0.009909389510018594
3,XYt,529,104,0.013345004280483538,0.009832885177910852
3,XYt,530,103,0.013550122019125846,0.009992700415631054
3,XYt,531,103,0.01377420185853877,0.009990422641278977
3,XYt,532,104,0.01413292784982053,0.009814099389264593
3,XYt,533,104,0.015368845788376568,0.009948102628008949
3,XYt,534,105,0.0171702506326788,0.009894995808516552
3,XYt,535,105,0.01993112342815372,0.009988265769317826
3,XYt,536,105,0.022547385881615676,0.009962228915273513
3,XYt,537,106,0.024735879797976947,0.009884127055751205
3,XYt,538,106,0.026495372194483106,0.009996608642133349
3,XYt,539,107,0.0266743977191024,0.009813559686757406
3,XYt,540,107,0.02682442322782243,0.009928694944700837
3,XYt,541,108,0.02594837522732995,0.009893051922299214
3,XYt,542,108,0.025368232319350252,0.009966650917454602
3,XYt,543,109,0.024408278387422728,0.009820123779114882
3,XYt,544,109,0.024134130387036934,0.009881943182038309
3,XYt,545,109,0.024043965793601962,0.009988165838182786
3,XYt,546,111,0.023237841810160607,0.00983810335929255
3,XYt,547,113,0.02251707664903483,0.009819294216929956
3,XYt,548,114,0.021823425493965536,0.009830378768230393
3,XYt,549,114,0.021524913433886544,0.009962518174524296
3,XYt,550,115,0.020795579510164326,0.009827242672922617
3,XYt,551,115,0.020600383508256805,0.00990243372152032
3,XYt,552,115,0.02048863510694617,0.009968155706336669
3,XYt,553,116,0.02000534198715918,0.009807437699654527
3,XYt,554,116,0.019954199430985673,0.009831294729826787
3,XYt,555,116,0.019900083577397646,0.009836988917532399
3,XYt,556,116,0.019832870358928955,0.009845622405420995
3,XYt,557,116,0.019681256573357796,0.009809011226941796
3,XYt,558,115,0.019875097067262346,0.0099697759942055
3,XYt,559,115,0.019528065501005682,0.00985969631752404
3,XYt,560,114,0.01929866711953366,0.009867302784773086
3,XYt,561,113,0.018879501787939658,0.009792902917104438
3,XYt,562,112,0.018808353888790538,0.00985799969032757
3,XYt,563,113,0.01843229824693812,0.009792590563784854
3,XYt,564,114,0.018069997947091635,0.009804646748664186
3,XYt,565,115,0.017680603249501613,0.009863760068379933
3,XYt,566,116,0.017040979762723448,0.009794125383158372
3,XYt,567,116,0.016716585278231395,0.00985634904962152
3,XYt,568,116,0.01635352106126401,0.00983719839639697
3,XYt,569,115,0.016336023036374926,0.00997577899179957
3,XYt,570,115,0.01589788108392023,0.009849239751755601
3,XYt,571,114,0.015757879153605252,0.009875671228442897
3,XYt,572,113,0.015660788197413136,0.0098867381658811
3,XYt,573,112,0.015787801993859214,0.009969457340450998
3,XYt,574,112,0.015802664875831585,0.009922453083628578
3,XYt,575,112,0.01588686346690443,0.009898291515221168
3,XYt,576,112,0.01612415817990574,0.009945380828557225
3,XYt,577,113,0.015991734439183385,0.00980486403355919
3,XYt,578,113,0.016148286102767636,0.009875925530241155
3,XYt,579,113,0.016290391686590938,0.00991553189586056
3,XYt,580,113,0.01638288857138186,0.009923172354775833
3,XYt,581,113,0.01636971996363253,0.009903286122381545
3,XYt,582,113,0.016406585943339907,0.00995927766773793
3,XYt,583,113,0.016331712371594215,0.009995823253720544
3,XYt,584,114,0.01585665977795707,0.009805745712021516
3,XYt,585,114,0.015655562292185763,0.009816222368572353
3,XYt,586,114,0.015372846427482495,0.009839262397532859
3,XYt,587,114,0.015252438560325198,0.009985941305684587
3,XYt,588,115,0.014632373229927036,0.009908810047473892
3,XYt,589,115,0.014218248637855858,0.00994673291955562
3,XYt,590,115,0.013804402512710322,0.009952034299762559
3,XYt,591,115,0.013467458318844655,0.009937956159329745
3,XYt,592,115,0.013258111606784116,0.009912050811659334
3,XYt,593,115,0.013135398558911845,0.009853942277264629
3,XYt,594,114,0.013303459508888985,0.009973319792484555
3,XYt,595,114,0.013310032176191323,0.009945756907434973
3,XYt,596,114,0.013336799221898586,0.009892217083837482
3,XYt,597,114,0.013370834584712445,0.009828168755039378
3,XYt,598,113,0.01370560105001676,0.009966952431816571
3,XYt,599,113,0.013765295990725838,0.009890924816760968
3,XYt,600,113,0.013853662638709505,0.009812722460305047
3,XYt,601,112,0.014296763550249843,0.009997240987961516
3,XYt,602,112,0.01444281834472487,0.009992674638491466
3,XYt,603,112,0.014546189361629588,0.009991451759028581
3,XYt,604,113,0.014334128513695657,0.009797314802527261
3,XYt,605,113,0.014331567023654228,0.00979299497723456
3,XYt,606,113,0.014333371482016247,0.009791879785855231
3,XYt,607,113,0.01433509349709527,0.00980965457151428
3,XYt,608,113,0.014305019631659536,0.009798028472342431
3,XYt,609,113,0.014254376064571042,0.009789160597744305
3,XYt,610,113,0.01418077571857905,0.009785462912564791
3,XYt,611,113,0.014044976822104668,0.009797650009252291
3,XYt,612,113,0.013907433752262575,0.009831100408992113
3,XYt,613,113,0.013738090846439087,0.00986913592526692
3,XYt,614,113,0.01356409363837265,0.00988882872823365
3,XYt,615,113,0.013405588509755718,0.009917071497385003
3,XYt,616,113,0.013298276742618504,0.009935164603941159
3,XYt,617,113,0.013233398897944157,0.00995883528236896
3,XYt,618,114,0.013074251046273863,0.00982988800041482
3,XYt,619,114,0.013208072308664007,0.009943809452770925
3,XYt,620,114,0.013262795452779048,0.009955987057041581
3,XYt,621,114,0.0133588461688343,0.009937689404989613
3,XYt,622,114,0.013578698428884787,0.00991833546955503
3,XYt,623,114,0.01391463241826883,0.009858968605268697
3,XYt,624,114,0.014273916073626885,0.009780503606039898
3,XYt,625,113,0.015109909590858223,0.009975562739997872
3,XYt,626,113,0.015501587673792328,0.009959262041792946
3,XYt,627,113,0.015797071777549868,0.009959649989037518
3,XYt,628,113,0.016097852586413157,0.009997706901400238
3,XYt,629,113,0.016259237312149528,0.009986489962269085
3,XYt,630,113,0.016288208607587007,0.009925156299455165
3,XYt,631,113,0.016285497285686516,0.00988699164026365
3,XYt,632,113,0.016235628184031094,0.009904463539583458
3,XYt,633,113,0.01611461667454704,0.009860222609971487
3,XYt,634,113,0.01596609569577716,0.009787535630592944
3,XYt,635,112,0.01609627437272544,0.00991399367910192
3,XYt,636,112,0.015850947508476154,0.009862279071924373
3,XYt,637,112,0.015696952159211366,0.009865537840970393
3,XYt,638,112,0.015598679932070451,0.009884673220235625
3,XYt,639,112,0.015520678400737993,0.009893895910883908
3,XYt,640,112,0.015597257366855695,0.009971531098649913
3,XYt,641,113,0.01558810597399952,0.009935556192662138
3,XYt,642,114,0.015707082186466048,0.009917338806300972
3,XYt,643,115,0.015763833133971797,0.009834979548577398
3,XYt,644,115,0.016088128559016063,0.00990682607935648
3,XYt,645,115,0.016418125882225198,0.009941319133809802
3,XYt,646,115,0.016727193536032817,0.009899880957099145
3,XYt,647,114,0.017354400304667214,0.009964311179035568
3,XYt,648,113,0.017871086720948455,0.009922860316478143
3,XYt,649,112,0.018358300164933082,0.009887849714081546
3,XYt,650,111,0.018878300092855745,0.009946594265848187
3,XYt,651,111,0.018975143629885092,0.009885236183253342
3,XYt,652,112,0.019338399671932394,0.009950904575107547
3,XYt,653,113,0.019604795980373266,0.009956883379276433
3,XYt,654,114,0.01952354852327621,0.009878980443654374
3,XYt,655,114,0.019759699308989492,0.009965254140854756
3,XYt,656,114,0.019901290527086068,0.0099939832813472
3,XYt,657,115,0.01965451729634167,0.009791276378748884
3,XYt,658,114,0.020197526621850106,0.009983401293861473
3,XYt,659,114,0.02034645310556216,0.009958254385987677
3,XYt,660,114,0.02050020966072768,0.009916465967343187
3,XYt,661,114,0.02069583410824398,0.009862557659877614
3,XYt,662,114,0.020924882855455556,0.009783730924163138
3,XYt,663,113,0.021749887798248484,0.009902565406801301
3,XYt,664,112,0.022663877213937512,0.00997439425364125
3,XYt,665,112,0.02323736223671312,0.009785682816960496
3,XYt,666,110,0.02463718165658371,0.009913670525824654
3,XYt,667,109,0.02531744155443258,0.00978618896216667
3,XYt,668,108,0.026013100313740524,0.009803742529074759
3,XYt,669,107,0.026827286344975464,0.009966774754814228
3,XYt,670,107,0.02679583887944602,0.00989697021937535
3,XYt,671,107,0.026496558338960807,0.00980746396365581
3,XYt,672,106,0.026191826762708488,0.009831695367964244
3,XYt,673,105,0.025179104475072364,0.009787288353170517
3,XYt,674,104,0.023934390766465058,0.009843406001664739
3,XYt,675,103,0.022696857814270235,0.009993967172710786
3,XYt,676,103,0.021050745455341392,0.009992605362099335
3,XYt,677,103,0.01919240851703983,0.0099015639043831
3,XYt,678,102,0.017686739704058638,0.009999297714070182
3,XYt,679,102,0.016171338082639413,0.00992583212354112
3,XYt,680,102,0.015066956636854086,0.009857568546997658
3,XYt,681,102,0.014300418701161029,0.009803443658500105
3,XYt,682,101,0.01409853734996493,0.009995283162722806
3,XYt,683,101,0.013715659323156265,0.009958548071602865
3,XYt,684,101,0.013501748818969844,0.009935207274357954
3,XYt,685,101,0.01337474214036211,0.009935531347491498
3,XYt,686,101,0.013372449290892133,0.009975326579068243
3,XYt,687,101,0.013414628369989764,0.009997198045537906
3,XYt,688,102,0.013244963785981728,0.009792907848919064
3,XYt,689,102,0.013408551264313878,0.009838526628613155
3,XYt,690,102,0.013562807074915187,0.009860671052104019
3,XYt,691,102,0.013722057572183359,0.009877468588772254
3,XYt,692,102,0.013781084709393461,0.00985249575298526
3,XYt,693,102,0.013834319173891418,0.00984137395060115
3,XYt,694,102,0.013836157340789218,0.009809343298669256
3,XYt,695,102,0.013846335564885877,0.009804732678026984
3,XYt,696,101,0.014123976056694493,0.009992459826408938
3,XYt,697,101,0.014073249059915442,0.009965967630616484
3,XYt,698,101,0.01406053653717436,0.009953794149881701
3,XYt,699,101,0.014029231061547472,0.009940894843032856
3,XYt,700,101,0.013998032044838031,0.009922248649681973
3,XYt,701,101,0.013964428970307578,0.009907961371543227
3,XYt,702,101,0.013928460084386505,0.009890183667186825
3,XYt,703,101,0.01387265891036689,0.00987148789338987
3,XYt,704,101,0.013827018019513138,0.009856976782962181
3,XYt,705,101,0.01381429409251954,0.009876355872213699
3,XYt,706,101,0.013767331281088155,0.00986545080937902
3,XYt,707,101,0.013763456116061473,0.00987674761924532
3,XYt,708,101,0.013800746194525012,0.009905407322897923
3,XYt,709,104,0.013789963047814208,0.00994978604831183
3,XYt,710,103,0.013431345590805504,0.00980340479370831
3,XYt,711,103,0.01299663846944193,0.009929380796446024
3,XYt,712,108,0.012411346908962671,0.00977413910868761
3,XYt,713,105,0.012311303921188838,0.009880295998293225
3,XYt,714,104,0.011754226960469821,0.009867995078676181
3,XYt,715,105,0.01107764928136236,0.009821612224906275
3,XYt,716,103,0.010827072255251292,0.009922104786231614
3,XYt,717,102,0.010606907793827305,0.009954742420492654
3,XYt,718,103,0.010063694350428325,0.009792360950341717
3,XYt,719,100,0.010263911376447513,0.009772047623861928
3,XYt,720,97,0.010819182001869172,0.009925669929957137
3,XYt,721,98,0.011084047494212908,0.00983901969259185
3,XYt,722,99,0.011444940574004404,0.00984868671840893
3,XYt,723,98,0.01192164725788768,0.009944678812574199
3,XYt,724,97,0.012051679492798704,0.009958134753768213
3,XYt,725,98,0.011540086207773049,0.009753750421197208
3,XYt,726,98,0.010999858042501427,0.009759517345083426
3,XYt,727,100,0.010024597192845496,0.009845467066278557
3,YZt,0,20,0.08502895991487784,0.00986509863442175
3,YZt,1,65,0.0323067494917295,0.009928359915575724
3,YZt,2,66,0.02741084159018729,0.009992110670203254
3,YZt,3,68,0.023440639856012704,0.009739004218091228
3,YZt,4,71,0.021340903752522542,0.009982722378895305
3,YZt,5,88,0.015222002632080796,0.009896787955157653
3,YZt,6,99,0.019453589873151825,0.009884790096445991
3,YZt,7,101,0.021338546303021965,0.009894989533031563
3,YZt,8,101,0.02307614984684108,0.00999427399941791
3,YZt,9,100,0.02328870278102153,0.009914486701472122
3,YZt,10,100,0.02420831076096282,0.009860622694727497
3,YZt,11,99,0.02446141596962552,0.009893277958985796
3,YZt,12,99,0.02545708937229814,0.009871527422045905
3,YZt,13,98,0.025082852399394718,0.009785341951289188
3,YZt,14,98,0.025405282961460118,0.009862220617203212
3,YZt,15,97,0.026549974041456325,0.009846590202621242
3,YZt,16,96,0.026523476079086616,0.009943280491433273
3,YZt,17,97,0.026705969448969975,0.009955447731075094
3,YZt,18,97,0.026664445874296165,0.009883539053689954
3,YZt,19,97,0.026142129377353888,0.00979071834870932
3,YZt,20,97,0.02663177639056538,0.009783765165753706
3,YZt,21,96,0.026593395752129868,0.009854765966747643
3,YZt,22,94,0.027205286217550535,0.009818669227549948
3,YZt,23,94,0.02734739864769273,0.009991315797565398
3,YZt,24,96,0.027132510774169318,0.009986095764735399
3,YZt,25,94,0.0274932334580883,0.009930775671042362
3,YZt,26,96,0.026610483763712084,0.009869138721678307
3,YZt,27,94,0.027346045943221927,0.009849320622009845
3,YZt,28,95,0.02712566587410431,0.009970100173963757
3,YZt,29,93,0.02736913036039753,0.009979321733815346
3,YZt,30,95,0.026595845429354337,0.009783100685111505
3,YZt,31,95,0.026938585195875615,0.009960290915595466
3,YZt,32,94,0.027133590933360527,0.009860004601262249
3,YZt,33,94,0.027196527356098624,0.009931725135981836
3,YZt,34,95,0.026911073247074098,0.00988733784056843
3,YZt,35,96,0.026549361679401022,0.009907412235071621
3,YZt,36,95,0.026906917862792454,0.009951221974054389
3,YZt,37,96,0.02648549307712052,0.009844936403051487
3,YZt,38,96,0.026618909077525642,0.009970659928239083
3,YZt,39,96,0.026221176354766996,0.009972149121418764
3,YZt,40,98,0.025158214403823206,0.009868907626675506
3,YZt,41,98,0.024722150871000447,0.009976481662518535
3,YZt,42,99,0.024281912162038448,0.009979502644286006
3,YZt,43,99,0.023600567517146762,0.009913367004239835
3,YZt,44,100,0.022655461798524314,0.009809299377377241
3,YZt,45,100,0.02220901383366036,0.009949505819085448
3,YZt,46,101,0.021328845302588,0.00984989735789013
3,YZt,47,102,0.020651522167751905,0.00987999447753218
3,YZt,48,102,0.020126777099241596,0.009883917950992952
3,YZt,49,101,0.020016051697827716,0.009863222927790382
3,YZt,50,101,0.01972719353314823,0.009890293037135612
3,YZt,51,102,0.019235698908783527,0.00979026928642851
3,YZt,52,101,0.019334884790738343,0.009881812695935797
3,YZt,53,101,0.01930614927951602,0.009865218306933942
3,YZt,54,102,0.01916336789157539,0.009884637311739535
3,YZt,55,101,0.019335481336652496,0.009838095177360813
3,YZt,56,100,0.01956598630869821,0.00991750724277636
3,YZt,57,101,0.019608653096805193,0.009926149397422385
3,YZt,58,103,0.019315733783856044,0.009824353956071985
3,YZt,59,101,0.01985179986021509,0.009920574388853798
3,YZt,60,99,0.020216477575608544,0.009914257436747695
3,YZt,61,100,0.01995164937969505,0.00993984051540309
3,YZt,62,101,0.01990223766905748,0.009991322703101919
3,YZt,63,102,0.019427094447940774,0.009883759723384037
3,YZt,64,104,0.01802329871650243,0.009950316744010295
3,YZt,65,104,0.016705826667807844,0.00996538830390742
3,YZt,66,105,0.015204292745254358,0.009997521949553063
3,YZt,67,105,0.013274700702754582,0.009800439589189773
3,YZt,68,105,0.012059138768675199,0.009904780646567541
3,YZt,69,106,0.011143191031129847,0.009965112898441637
3,YZt,70,104,0.010521506897848502,0.009960916254525883
3,YZt,71,105,0.009808524715548139,0.00998189719046628
3,YZt,72,104,0.00929312194827097,0.009883464591099707
3,YZt,73,106,0.008772141856119972,0.009947120815964177
3,YZt,74,105,0.008449679911767436,0.009879575467886733
3,YZt,75,107,0.0080796804882646,0.00992247015823096
3,YZt,76,106,0.0077816126029838385,0.009796180225756557
3,YZt,77,107,0.007604220579889401,0.009915046116078735
3,YZt,78,107,0.007364181608337715,0.009805558312140672
3,YZt,79,108,0.007199223116806131,0.009820336428040203
3,YZt,80,107,0.007205674516274551,0.009973557768823443
3,YZt,81,108,0.007079204872322731,0.009978550811031873
3,YZt,82,109,0.006945712283625434,0.00992533418081657
3,YZt,83,110,0.006841778668009177,0.009952959014708555
3,YZt,84,111,0.0068052548843971685,0.009935605419866423
3,YZt,85,110,0.00685664400481025,0.009999564511538519
3,YZt,86,112,0.0067295918846804305,0.009804019574429078
3,YZt,87,112,0.006846405180980975,0.009936279375949129
3,YZt,88,113,0.00678483902797705,0.009942509858276492
3,YZt,89,115,0.0067461567528157235,0.009886852071202658
3,YZt,90,115,0.006818913808900973,0.009922905512036099
3,YZt,91,116,0.006717896160232474,0.009863807011414292
3,YZt,92,117,0.006763584874569315,0.009941610775020007
3,YZt,93,118,0.006723878477119143,0.009832312356192939
3,YZt,94,118,0.006716341182768123,0.009945043971905716
3,YZt,95,119,0.0067559343762604515,0.009987715444899141
3,YZt,96,120,0.006776254037104025,0.009981219402085384
3,YZt,97,120,0.006769191973028277,0.009877169698221461
3,YZt,98,121,0.006701072704916497,0.00993204044633305
3,YZt,99,122,0.00676260255503232,0.009981943654726239
3,YZt,100,123,0.00669036042248384,0.009785286327402793
3,YZt,101,122,0.00680545509657146,0.00985218023122989
3,YZt,102,123,0.006740238127367809,0.00993631139447669
3,YZt,103,124,0.006763086677546448,0.009911431980659751
3,YZt,104,125,0.006801376750818898,0.009887397542419024
3,YZt,105,125,0.006882641712395,0.00990126496693975
3,YZt,106,125,0.006985740298822861,0.00990161299089134
3,YZt,107,128,0.0067297642726475764,0.009799867765367608
3,YZt,108,129,0.006871002228461661,0.009832639040967577
3,YZt,109,130,0.006970916760718746,0.009817628010739167
3,YZt,110,130,0.00714013490892299,0.009888272482083611
3,YZt,111,130,0.007211133540205407,0.009828356971807369
3,YZt,112,129,0.007429491749025834,0.009956843342551026
3,YZt,113,129,0.007471311882240663,0.009823678174132178
3,YZt,114,134,0.006694488267957948,0.009896362297428225
3,YZt,115,133,0.006744762472350053,0.009996113228056686
3,YZt,116,133,0.006621376414134024,0.009885445415227203
3,YZt,117,133,0.006516846141403764,0.009818810546555567
3,YZt,118,133,0.006472490923849713,0.009824803021017077
3,YZt,119,133,0.0064450911422632385,0.009846610445151211
3,YZt,120,133,0.006436624528739082,0.009909324061073541
3,YZt,121,133,0.006380623863878573,0.009938411661683789
3,YZt,122,133,0.006284665338185059,0.009950423835093312
3,YZt,123,133,0.006229123683975451,0.00998387230670712
3,YZt,124,134,0.006078171353086445,0.009849793065373876
3,YZt,125,134,0.0060283581304849615,0.009833314207083292
3,YZt,126,134,0.005984189279429571,0.009828297301320049
3,YZt,127,134,0.005963835844147584,0.009813804974250958
3,YZt,128,134,0.0059698775441402886,0.009803713049048963
3,YZt,129,134,0.005979259177798279,0.009810760709806967
3,YZt,130,133,0.006132743460952156,0.009991382934523655
3,YZt,131,133,0.006128129964171896,0.009925219481302493
3,YZt,132,133,0.006145222439393301,0.009897204299647541
3,YZt,133,133,0.006188541501612455,0.009893832761457411
3,YZt,134,133,0.006230721412748006,0.0098832567133994
3,YZt,135,133,0.006255917710772799,0.0098792790466273
3,YZt,136,132,0.006363366656762889,0.009980942513250435
3,YZt,137,132,0.006362548399293476,0.009942937781010979
3,YZt,138,132,0.00644860094185208,0.00998160303980192
3,YZt,139,133,0.006476982731799344,0.009878090168332467
3,YZt,140,134,0.006509822859542334,0.009803302899971361
3,YZt,141,134,0.0065916521586071785,0.00989203263958754
3,YZt,142,134,0.006619212840289984,0.009918528313180498
3,YZt,143,134,0.006574248695017619,0.009910205187319913
3,YZt,144,134,0.006478422869877016,0.009852665764834422
3,YZt,145,133,0.0064805597840662775,0.009903665270490079
3,YZt,146,126,0.007376476891192144,0.009922912078894912
3,YZt,147,126,0.007261132387846984,0.009846937434100611
3,YZt,148,125,0.007333857204066035,0.009946518502611126
3,YZt,149,125,0.007286295801939303,0.009849880235313975
3,YZt,150,124,0.007317733894279357,0.009887478953452518
3,YZt,151,123,0.007311913744170037,0.009863879679412643
3,YZt,152,121,0.00741283442319269,0.009978890761902134
3,YZt,153,118,0.007849599940618367,0.009981505883696402
3,YZt,154,118,0.00787463017284602,0.00996996176833558
3,YZt,155,118,0.007935862563825767,0.009944509757070081
3,YZt,156,117,0.007974851325631907,0.009866238184213071
3,YZt,157,115,0.008084018726923506,0.00993009941139287
3,YZt,158,113,0.008255584261775882,0.009832796531897774
3,YZt,159,113,0.008124615863181299,0.009904398677299647
3,YZt,160,112,0.00801978678038182,0.009991517974353412
3,YZt,161,111,0.007802632736718601,0.009848903420889739
3,YZt,162,110,0.007844545315948538,0.009794416945820181
3,YZt,163,111,0.007707819136660854,0.009880783176187149
3,YZt,164,110,0.007636442900290547,0.009934545592218652
3,YZt,165,109,0.0075071488429861895,0.009861161065325592
3,YZt,166,108,0.007553692733525005,0.009938067240575464
3,YZt,167,108,0.007370400003312226,0.009952439089764478
3,YZt,168,107,0.00721143563970726,0.009893212480943193
3,YZt,169,107,0.007133539807378347,0.009907995648039597
3,YZt,170,108,0.006911294493558094,0.009879295730258992
3,YZt,171,107,0.006801161685337211,0.009796191572957282
3,YZt,172,106,0.0069940121502788475,0.00997265802545676
3,YZt,173,107,0.006923365649406441,0.009812421050670213
3,YZt,174,106,0.007098049819989836,0.009958618277733278
3,YZt,175,108,0.007061667574984564,0.009797649383293371
3,YZt,176,106,0.007326337159560112,0.009991240219992622
3,YZt,177,106,0.007459566501160941,0.009870950785000823
3,YZt,178,106,0.007687814442612112,0.009901549890682308
3,YZt,179,105,0.008012211164003106,0.00989034768290071
3,YZt,180,106,0.008298599002857942,0.009831712366262988
3,YZt,181,104,0.008838003679870617,0.00996413853281074
3,YZt,182,106,0.009137598547396084,0.009816199720467655
3,YZt,183,104,0.00984428189072935,0.009822872013161817
3,YZt,184,105,0.010628682703972209,0.009839751295409437
3,YZt,185,103,0.011745549068596985,0.009948206275195546
3,YZt,186,105,0.012706916860792773,0.009874764118781503
3,YZt,187,103,0.015169998976608355,0.009945479108382171
3,YZt,188,104,0.01731907015341295,0.009864078250731424
3,YZt,189,99,0.019900382740441654,0.009908577479278508
3,YZt,190,98,0.022001154471737845,0.009792917164562133
3,YZt,191,96,0.023756309529287676,0.009891219261420477
3,YZt,192,96,0.02381113239207305,0.009806931478554068
3,YZt,193,95,0.024414204503775513,0.009801851796323173
3,YZt,194,92,0.025688776728937178,0.009877584929337914
3,YZt,195,96,0.02489032157365342,0.009826543295158306
3,YZt,196,94,0.025445388298314806,0.009894850076782629
3,YZt,197,94,0.025334839622105414,0.009850933607487459
3,YZt,198,94,0.025943004991437087,0.00999746827300326
3,YZt,199,92,0.026329928045434887,0.009878643107660888
3,YZt,200,93,0.025808498174418756,0.009853976741663342
3,YZt,201,94,0.02578546719004604,0.009878000142999733
3,YZt,202,93,0.02624683968523269,0.00991918140301925
3,YZt,203,92,0.026562044652536306,0.009979769970952375
3,YZt,204,93,0.02655607284870676,0.009904201688404144
3,YZt,205,93,0.026918443293007063,0.009996712169837363
3,YZt,206,92,0.027428777040438706,0.00996343029807405
3,YZt,207,92,0.027355615159203185,0.009889498507860466
3,YZt,208,93,0.02738690802474383,0.009960342868325025
3,YZt,209,93,0.0274538396180106,0.009849285596475953
3,YZt,210,93,0.02774431601725793,0.009951165351440503
3,YZt,211,94,0.027443400035400686,0.009940943349747313
3,YZt,212,94,0.027601155564341624,0.009886048735411658
3,YZt,213,93,0.02787359492647546,0.009798993146742485
3,YZt,214,93,0.02816717940127434,0.009921666229351506
3,YZt,215,93,0.02806858184563627,0.009799621737875939
3,YZt,216,92,0.02844475410637579,0.009880803348666914
3,YZt,217,93,0.028150045324566584,0.009829714475023643
3,YZt,218,93,0.027787112625778983,0.009809448255693375
3,YZt,219,93,0.027872386590359247,0.00980122061064003
3,YZt,220,91,0.028732329048399556,0.009984893884387188
3,YZt,221,93,0.028039169725795867,0.00978286912494408
3,YZt,222,93,0.02804617289480279,0.009869648665119175
3,YZt,223,93,0.027951711113293722,0.009842501915758965
3,YZt,224,94,0.027761197900107497,0.009928916232226184
3,YZt,225,94,0.027866260647430127,0.009822161007003073
3,YZt,226,93,0.02829925774862837,0.009884135897620503
3,YZt,227,93,0.028299435130467867,0.009795198447486721
3,YZt,228,94,0.02817002688146238,0.009990107255164409
3,YZt,229,94,0.027728641457594554,0.009808569411096084
3,YZt,230,92,0.0283715815865097,0.009928890366702296
3,YZt,231,94,0.028157871699334668,0.009919084408371644
3,YZt,232,93,0.02842048044486724,0.009852275550211329
3,YZt,233,95,0.027546483312736843,0.009835425945939058
3,YZt,234,93,0.028460088816555075,0.009900051239307992
3,YZt,235,96,0.027558806848900864,0.009846982588864156
3,YZt,236,94,0.02775704662645898,0.009797075049132534
3,YZt,237,93,0.02815979405257601,0.00983712654440215
3,YZt,238,95,0.027420493476343278,0.009886968378890306
3,YZt,239,95,0.02783198240779044,0.009942818658423929
3,YZt,240,96,0.02697004729759343,0.009808844522540022
3,YZt,241,96,0.027353263343067705,0.009818706314226173
3,YZt,242,96,0.02744103866846288,0.009933463656624002
3,YZt,243,95,0.027406670956772756,0.009956133048880362
3,YZt,244,96,0.027384513784255833,0.00991935065833991
3,YZt,245,97,0.026199327320464073,0.009860575658788092
3,YZt,246,97,0.02590996383115044,0.009814615785458633
3,YZt,247,98,0.026290967657952528,0.009872363000606092
3,YZt,248,98,0.025363798167834975,0.009924991236912076
3,YZt,249,99,0.025272195394437993,0.00997627725991175
3,YZt,250,99,0.02431767168387215,0.00999905237678217
3,YZt,251,101,0.023700765483158647,0.00988886632701865
3,YZt,252,101,0.021919785201971128,0.009838028552806227
3,YZt,253,99,0.01995447593565061,0.009886101853741424
3,YZt,254,89,0.015283736062543084,0.009883819059034219
3,YZt,255,73,0.021411606798776586,0.009828251670702946
3,YZt,256,68,0.02402828471438476,0.009954915614716339
3,YZt,257,67,0.027226494556564198,0.009925344221788375
3,YZt,258,66,0.03190191417842888,0.0098513588935524
3,YZt,259,20,0.08584712134648148,0.009935028257999452
3,XZt,0,20,0.08774954237561061,0.009906663187683046
3,XZt,1,64,0.03243212758233508,0.009762333684079598
3,XZt,2,66,0.026773881564248925,0.009804387079470957
3,XZt,3,67,0.023452743728076302,0.009953796614439585
3,XZt,4,70,0.02116713332798856,0.009883716287911026
3,XZt,5,76,0.017115495817252628,0.00978015307529721
3,XZt,6,97,0.019845795564873044,0.009937922988994801
3,XZt,7,100,0.021467740268812537,0.009921852054356783
3,XZt,8,101,0.022853143816217416,0.009829872402752146
3,XZt,9,99,0.023453109333583595,0.009981626848663749
3,XZt,10,99,0.02436675595979879,0.009879170408336533
3,XZt,11,98,0.024624475675702803,0.009905160279238101
3,XZt,12,98,0.025559312170918957,0.009794301887229313
3,XZt,13,96,0.025704921724718804,0.009932485028498781
3,XZt,14,97,0.025713266066737583,0.009823474103819105
3,XZt,15,95,0.027282311601047493,0.0099822266596391
3,XZt,16,95,0.026924436232371743,0.00987714253296063
3,XZt,17,96,0.02717138043065263,0.009887630918921595
3,XZt,18,95,0.02758944150141823,0.009900448475639924
3,XZt,19,95,0.027345272954066403,0.009919854929332627
3,XZt,20,95,0.027844179817660682,0.009874023852447272
3,XZt,21,95,0.027808811559981977,0.009921582780815504
3,XZt,22,93,0.028502645461552335,0.009817591700848902
3,XZt,23,93,0.028441166091364954,0.009875351013109886
3,XZt,24,96,0.02812751665259856,0.009899810799047901
3,XZt,25,93,0.02914288382561732,0.009905720220544123
3,XZt,26,94,0.028788771218392913,0.00999882696784285
3,XZt,27,93,0.029255734175536407,0.00991490771512698
3,XZt,28,94,0.028910335541956073,0.009858428870740538
3,XZt,29,92,0.029378518266375747,0.009908013443916456
3,XZt,30,94,0.028786769269497456,0.009867446747992215
3,XZt,31,95,0.02859617102307355,0.009816739746387908
3,XZt,32,92,0.029623207072572218,0.009942622045207078
3,XZt,33,93,0.029174100264952978,0.00984376206784169
3,XZt,34,94,0.02904805525839271,0.009911905717394576
3,XZt,35,94,0.02875391805960423,0.009941407197710427
3,XZt,36,93,0.02893374894240645,0.009872488408942169
3,XZt,37,93,0.02899138769881943,0.009906181074541628
3,XZt,38,93,0.029168490068884292,0.009919313175104626
3,XZt,39,92,0.029155407697945945,0.009815547588831965
3,XZt,40,93,0.028803104938863473,0.009826520670841216
3,XZt,41,93,0.02890836134884607,0.009884489565906835
3,XZt,42,93,0.029399555558654304,0.009950476994987027
3,XZt,43,93,0.029065987226076912,0.009809798364823418
3,XZt,44,94,0.028742739452414533,0.00982122085452779
3,XZt,45,95,0.028298466332885443,0.009781955368731386
3,XZt,46,95,0.02824803161389836,0.00983395268758507
3,XZt,47,96,0.027990490631903772,0.009908827764521172
3,XZt,48,97,0.027324245283631563,0.009848538744614777
3,XZt,49,96,0.02776512194770916,0.009966172167748272
3,XZt,50,97,0.027125598700033962,0.009786027039284563
3,XZt,51,97,0.02703419165947443,0.009883356774480026
3,XZt,52,96,0.02714074941620033,0.009991783061438527
3,XZt,53,97,0.02696704442804085,0.009973706885470175
3,XZt,54,99,0.02617887478352628,0.009829937912769055
3,XZt,55,98,0.02635696885550317,0.009987339717853554
3,XZt,56,98,0.025906077371583243,0.009914766606022385
3,XZt,57,99,0.025751660980186275,0.009958530519992927
3,XZt,58,101,0.02498491326758971,0.009831852718065278
3,XZt,59,100,0.024935470742066097,0.0099368414211353
3,XZt,60,100,0.024914787715629265,0.009940141686156746
3,XZt,61,103,0.023845708208964388,0.009781202592052113
3,XZt,62,102,0.02366128608261681,0.009914605777854319
3,XZt,63,102,0.023497737467265634,0.009940976895587865
3,XZt,64,104,0.022573401515593183,0.009842137002291916
3,XZt,65,103,0.02232776348557416,0.009838575172512985
3,XZt,66,105,0.021560916529611746,0.009840740703639146
3,XZt,67,105,0.021035942879136047,0.009854898211194833
3,XZt,68,106,0.0200195543986418,0.009840898064912642
3,XZt,69,108,0.019094467475973546,0.009809974196168457
3,XZt,70,108,0.018168690556795812,0.009921632231884525
3,XZt,71,111,0.016768728860150284,0.00984624218030949
3,XZt,72,111,0.01606520906526017,0.00999194840163073
3,XZt,73,114,0.014785696463355414,0.009831456219058822
3,XZt,74,114,0.014047856111467416,0.009828743846178276
3,XZt,75,116,0.013396825659507358,0.009852715561799978
3,XZt,76,116,0.012747045713555567,0.009840638651171133
3,XZt,77,117,0.012337186491174509,0.009929591028353349
3,XZt,78,117,0.011786607519763004,0.009916314057222576
3,XZt,79,118,0.011309794777396444,0.009862150657639976
3,XZt,80,118,0.010901620037706936,0.009851108704614147
3,XZt,81,118,0.010686788560776221,0.009968559149571711
3,XZt,82,118,0.010426418554001077,0.009989596170393087
3,XZt,83,119,0.009930257362260967,0.00983445588079733
3,XZt,84,119,0.009847120286041386,0.00996877332315218
3,XZt,85,119,0.009525276139834692,0.009905385110891122
3,XZt,86,120,0.009257842382137518,0.009805979311864508
3,XZt,87,120,0.009167788656752374,0.009875002839929023
3,XZt,88,120,0.008972250854458842,0.009936244271179853
3,XZt,89,121,0.008850152883009416,0.009935361596216075
3,XZt,90,122,0.008647672411598781,0.009847045649480529
3,XZt,91,123,0.008445380786550383,0.009898938815329454
3,XZt,92,125,0.008216369155343782,0.009799875196944544
3,XZt,93,125,0.008210577907125531,0.009934603081219679
3,XZt,94,126,0.00790452509506965,0.009867567168931377
3,XZt,95,127,0.0078020313111600605,0.009890219400520693
3,XZt,96,128,0.007655652954999182,0.009850279884047144
3,XZt,97,128,0.007505290285894223,0.009795752935390594
3,XZt,98,128,0.007407975739672793,0.00999473959095382
3,XZt,99,129,0.007271625015357823,0.009948322250878806
3,XZt,100,129,0.00720056435250221,0.009974190730576286
3,XZt,101,129,0.007012140259542231,0.009835343324592329
3,XZt,102,130,0.006756250893202342,0.009806130195016577
3,XZt,103,130,0.006716073708357591,0.009860834548037116
3,XZt,104,130,0.006668390863915407,0.00990346749291824
3,XZt,105,130,0.006528216855395649,0.009813738575375396
3,XZt,106,129,0.006511922372839001,0.009897380127316098
3,XZt,107,130,0.006258647766420925,0.00998220938005759
3,XZt,108,131,0.006114388224128657,0.00983462893277633
3,XZt,109,131,0.0060684821809471046,0.009849770494460078
3,XZt,110,131,0.006001122709672468,0.009812615585164228
3,XZt,111,130,0.006036862042905685,0.009941582243602802
3,XZt,112,130,0.005955838341771964,0.009889146181524311
3,XZt,113,130,0.005897205282437741,0.009799148440274944
3,XZt,114,135,0.005321748323256354,0.009974663792335808
3,XZt,115,136,0.005236429175524071,0.009846469525136733
3,XZt,116,136,0.005231116496463554,0.009862040664656492
3,XZt,117,136,0.0051952910839279,0.009826703224190115
3,XZt,118,135,0.00524409483763473,0.009970820621119534
3,XZt,119,135,0.0051930277971745055,0.009924588803390292
3,XZt,120,135,0.005174244423618442,0.009905640894225512
3,XZt,121,135,0.0051548033260685674,0.00990328867691921
3,XZt,122,135,0.005129379253876085,0.009898809095380184
3,XZt,123,135,0.005120310815745021,0.009893052077279857
3,XZt,124,135,0.0051051586382067134,0.009907143342860908
3,XZt,125,135,0.005089461755480564,0.009896433951739749
3,XZt,126,135,0.0050696772165133045,0.009884109139307588
3,XZt,127,135,0.005071908150883532,0.009909280350839936
3,XZt,128,135,0.005088820010041993,0.009942898073640537
3,XZt,129,135,0.005112565779062215,0.009996266609651819
3,XZt,130,135,0.005119187538553423,0.00999243903542299
3,XZt,131,135,0.005107896638724409,0.009965360225206976
3,XZt,132,135,0.005104847213931077,0.009942870316937906
3,XZt,133,135,0.005132234379233389,0.009936776230152626
3,XZt,134,135,0.005166401340671653,0.009947573972026107
3,XZt,135,135,0.005227495138654206,0.009978198555935094
3,XZt,136,135,0.005251968655926438,0.009955758825004272
3,XZt,137,135,0.005289052410030079,0.009965125591877629
3,XZt,138,135,0.005344682896488502,0.009979274105035657
3,XZt,139,135,0.005385354775344899,0.009984731498529834
3,XZt,140,135,0.005413256658124381,0.009969671494736073
3,XZt,141,135,0.005461487805058403,0.009981532764926944
3,XZt,142,135,0.005511884641964109,0.009993651131354055
3,XZt,143,135,0.005554735023260267,0.009996100190512574
3,XZt,144,135,0.0055838153498116395,0.00997653084146808
3,XZt,145,135,0.005590643804866085,0.009898044293959074
3,XZt,146,129,0.006382258056755916,0.009913131526952827
3,XZt,147,130,0.0063741103381429595,0.009823756601556946
3,XZt,148,130,0.006550424913194046,0.009929015061070004
3,XZt,149,131,0.006610722708502492,0.009823990709548676
3,XZt,150,131,0.0067839804855403816,0.009895694531762525
3,XZt,151,131,0.006918559140215008,0.0099007640077616
3,XZt,152,131,0.0069901125157605035,0.009837274222282213
3,XZt,153,129,0.0074854829811510605,0.009941040516698673
3,XZt,154,130,0.007559789206815712,0.009852589512743154
3,XZt,155,130,0.007790903251518517,0.009926362169137434
3,XZt,156,130,0.007900082392121891,0.00986856699442656
3,XZt,157,130,0.008013364621832308,0.009818587636369159
3,XZt,158,129,0.008378109880705831,0.009856857165939046
3,XZt,159,130,0.008508571410973139,0.00982261524519523
3,XZt,160,130,0.008698533035193993,0.009874702011520683
3,XZt,161,129,0.008959044870159569,0.009997138155885538
3,XZt,162,129,0.009228827377701579,0.009927813606225648
3,XZt,163,130,0.009413639209700043,0.009950918827461812
3,XZt,164,130,0.009574900290165694,0.009942865305302783
3,XZt,165,130,0.009726197593756935,0.009916056229884647
3,XZt,166,130,0.010079873089092369,0.009944773784583435
3,XZt,167,130,0.010287469951115786,0.009988432702739622
3,XZt,168,130,0.01034877589585832,0.009892158961020586
3,XZt,169,130,0.010592152199933329,0.009825688605890967
3,XZt,170,129,0.0109594859288924,0.009998162978647383
3,XZt,171,128,0.011115885376545606,0.009978905742521521
3,XZt,172,127,0.011400240064364828,0.009950987777752303
3,XZt,173,126,0.011444937524654995,0.009869276987697632
3,XZt,174,124,0.011560383519033426,0.009902840848658051
3,XZt,175,123,0.01166053069118069,0.009869544192942612
3,XZt,176,121,0.011750529950816768,0.009942408464875622
3,XZt,177,120,0.011704607444698829,0.009795056005159753
3,XZt,178,118,0.011932069826325348,0.009993046252489928
3,XZt,179,117,0.01179256829002778,0.009864090297003759
3,XZt,180,116,0.011941036501119896,0.009969242412584624
3,XZt,181,115,0.011939100498848216,0.00998515684406352
3,XZt,208,104,0.016175664880304762,0.009876891056713228
3,XZt,209,104,0.016240355571136456,0.009844756134566184
3,XZt,210,104,0.01635987133634824,0.00986689434665772
3,XZt,211,105,0.016290951129571088,0.009791798049740244
3,XZt,212,104,0.016804469187039532,0.009917792472872153
3,XZt,213,103,0.01731170798582638,0.009945714975999692
3,XZt,214,103,0.017902208244116907,0.009987579586087135
3,XZt,215,103,0.018511932859747025,0.009902009390368694
3,XZt,216,102,0.01965060867546044,0.009964796326610948
3,XZt,217,103,0.020348735531242647,0.00979824167903713
3,XZt,218,102,0.02153665650243122,0.009876164145692857
3,XZt,219,101,0.02301846027429748,0.009921289546365607
3,XZt,220,99,0.024538907449048998,0.009908380573461929
3,XZt,221,99,0.025320806125449565,0.009844967550619471
3,XZt,222,98,0.02609211602861155,0.009866257997927612
3,XZt,223,97,0.02665302670839465,0.009855497956384558
3,XZt,224,97,0.02694342218328529,0.009899728327855233
3,XZt,225,96,0.02752993919852353,0.009905089462015142
3,XZt,226,95,0.027867318403418065,0.009872763680477719
3,XZt,227,94,0.028287797974753354,0.00991589348983796
3,XZt,228,96,0.02756448790197354,0.009816223149540549
3,XZt,229,95,0.027873493346585187,0.009919589465729586
3,XZt,230,93,0.02837609396962527,0.009948150020722692
3,XZt,231,95,0.028069274388043654,0.009945726537993985
3,XZt,232,94,0.028376094650304422,0.009915884598974618
3,XZt,233,95,0.027846469354551033,0.00994039233347582
3,XZt,182,116,0.011791834279818066,0.009826690351949727
3,XZt,183,115,0.011793216488807334,0.009814615004362537
3,XZt,184,116,0.011838105107739904,0.0098131280752474
3,XZt,185,115,0.011928181727265405,0.009825811099012486
3,XZt,186,116,0.012033285223350704,0.009892739398894871
3,XZt,187,115,0.01233008528592213,0.009959271047882457
3,XZt,188,117,0.01223910805368671,0.009796047188629722
3,XZt,189,116,0.012525599804389217,0.009794959738018503
3,XZt,190,116,0.012987598709400923,0.00987853989466904
3,XZt,191,115,0.013323550021223436,0.009863726182209669
3,XZt,192,114,0.013736464861012366,0.009797753448414444
3,XZt,193,112,0.014302749134863747,0.009980103351071646
3,XZt,194,109,0.014665410426922723,0.009903590959223756
3,XZt,195,108,0.014926776617802612,0.009924302996161817
3,XZt,196,105,0.0153334476532766,0.009920307398954902
3,XZt,197,104,0.015423538996934555,0.009857287251583118
3,XZt,198,104,0.015632271170028696,0.009894261239839343
3,XZt,199,102,0.016018904479762727,0.009916648797557734
3,XZt,200,103,0.01585653996316641,0.009859713034291688
3,XZt,201,104,0.015895832147077352,0.009886113873177905
3,XZt,202,103,0.01615597520061579,0.009938977057242384
3,XZt,203,103,0.016088408098261526,0.009875985223456688
3,XZt,204,104,0.015967176521858945,0.009807237903342116
3,XZt,205,104,0.016107470531934096,0.009885674572667338
3,XZt,206,103,0.016316107319575026,0.009956002534125935
3,XZt,207,103,0.01627537752409864,0.009926282621625336
3,XZt,234,94,0.028310025628164037,0.00985106979441051
3,XZt,235,97,0.02745511614421242,0.009863317362816083
3,XZt,236,94,0.027786230150269056,0.00980624081512718
3,XZt,237,93,0.028222663928226782,0.009899999744542403
3,XZt,238,96,0.027287548775250654,0.00998453225553649
3,XZt,239,96,0.027262575127181783,0.009816676881557749
3,XZt,240,96,0.02678225875191522,0.009904059652722416
3,XZt,241,96,0.027149144468198185,0.00990387929930292
3,XZt,242,96,0.02698211402717833,0.009962939774655712
3,XZt,243,96,0.026421059748854135,0.009856472950596586
3,XZt,244,96,0.026898026146916224,0.009982967349578861
3,XZt,245,98,0.02541063958776686,0.009872603332829638
3,XZt,246,97,0.025406430624504036,0.00998675633426575
3,XZt,247,99,0.02530260838693863,0.009838174658695393
3,XZt,248,99,0.024399806707600436,0.009939548976506472
3,XZt,249,100,0.024114045157897394,0.00992609494875515
3,XZt,250,101,0.022826913692467657,0.009819912140461948
3,XZt,251,102,0.02247833358127378,0.009884199496798179
3,XZt,252,101,0.020981894595352192,0.009858428093115807
3,XZt,253,98,0.019484351661827437,0.009876043829578667
3,XZt,254,76,0.017281870909699407,0.009770244915128087
3,XZt,255,70,0.020712891563107294,0.009769754108380092
3,XZt,256,67,0.022833662803443882,0.009889061683353073
3,XZt,257,66,0.025696877111739184,0.009754244705370792
3,XZt,258,64,0.03151808945248339,0.00985999993625859
3,XZt,259,21,0.07895843800886021,0.00949946232201791
4,XYt,0,152,0.001603645499590826,0.009794939545278587
4,XYt,1,152,0.001665440504780329,0.009931076576341976
4,XYt,2,152,0.0016582855118774341,0.009812563865928133
4,XYt,3,149,0.0016106462063693735,0.009968102948351085
4,XYt,4,149,0.0015473413644591586,0.009860081651253386
4,XYt,5,148,0.0015353958735721855,0.009998502876084921
4,XYt,6,148,0.0015225722378100386,0.00997390196357282
4,XYt,7,149,0.0014996384298148406,0.009973149223908344
4,XYt,8,150,0.0014980258228958615,0.009930570250463918
4,XYt,9,151,0.001495768680678121,0.00988220872602103
4,XYt,10,152,0.0015315554391387481,0.00987384419265766
4,XYt,11,153,0.001570249696159316,0.009863240493550854
4,XYt,12,154,0.001617134954507941,0.009852183654948048
4,XYt,13,155,0.0016393459151049959,0.009803195687536029
4,XYt,14,155,0.0016536932220830513,0.009891662655753159
4,XYt,15,155,0.001555848023432771,0.009844361634865963
4,XYt,16,154,0.0014994776712374239,0.009898869967162095
4,XYt,17,154,0.0015039344837846204,0.009949436550320186
4,XYt,18,156,0.001567746579384178,0.009882510644662027
4,XYt,19,155,0.001624811938089032,0.009963679436250197
4,XYt,20,154,0.0016609979284370104,0.009986245999204075
4,XYt,21,154,0.0016518369594876127,0.009807023485165869
4,XYt,22,153,0.0016816586994069969,0.009856799845693726
4,XYt,23,152,0.0016989850394320705,0.00988731729374426
4,XYt,24,151,0.0017190314900365274,0.00994372904259285
4,XYt,25,151,0.0016950417252888544,0.00980716520649082
4,XYt,26,150,0.0017225757716640847,0.009908643242628476
4,XYt,27,150,0.0017175955404999594,0.009825853932234115
4,XYt,28,149,0.0017761847893105673,0.009980806869481234
4,XYt,29,149,0.0018108861118180612,0.009953500863136433
4,XYt,30,149,0.0018707778852413471,0.009971217882785795
4,XYt,31,150,0.0019053581093089163,0.009807076015316689
4,XYt,32,150,0.002013750228757908,0.009867139629098454
4,XYt,33,150,0.0021428047652142295,0.009909185889658835
4,XYt,34,150,0.002297190338742059,0.009906380809975468
4,XYt,35,150,0.0024802239777664214,0.009821967910384585
4,XYt,36,149,0.0027824476589702937,0.009870101572227407
4,XYt,37,148,0.0031970226860322244,0.00985024330538251
4,XYt,38,146,0.003873605270809642,0.009995369063839096
4,XYt,39,145,0.004771590324667745,0.009899554632758056
4,XYt,40,143,0.0062802326883094894,0.00999718033173443
4,XYt,41,142,0.008298958178014572,0.00986546114442067
4,XYt,42,140,0.011275547942180875,0.009899932994537853
4,XYt,43,138,0.014697023534393583,0.009918877586338094
4,XYt,44,136,0.0179128491927045,0.009879107009581977
4,XYt,45,134,0.021119188215950706,0.009866199255975676
4,XYt,46,132,0.02395868173739823,0.009958261930313702
4,XYt,47,131,0.02488807759764093,0.009939101933589274
4,XYt,48,130,0.024810426943897863,0.009782989881708476
4,XYt,49,127,0.025720498636097214,0.009978872170538083
4,XYt,50,125,0.02613543185435774,0.009821871204547934
4,XYt,51,121,0.027618923902037486,0.009967719637051167
4,XYt,52,117,0.028849100105521004,0.009961737101401726
4,XYt,53,113,0.029647553940526816,0.009887035604109808
4,XYt,54,109,0.030023284832165716,0.009901490738710146
4,XYt,55,106,0.029420299873482166,0.009899499882936112
4,XYt,56,104,0.027700404365211526,0.009872043998104353
4,XYt,57,103,0.025129058338631625,0.009788739031303728
4,XYt,58,102,0.022960297271656424,0.009819206775462695
4,XYt,59,101,0.02175434843804536,0.009992390011487816
4,XYt,60,102,0.020480127115965453,0.00984347142161319
4,XYt,61,103,0.019893891613799994,0.009791311455202643
4,XYt,62,103,0.020189268336812217,0.00999878196211612
4,XYt,63,105,0.01977245057200026,0.009771164552326525
4,XYt,64,105,0.020287905392213968,0.00999446008522688
4,XYt,65,106,0.020165528169698445,0.009963905101741279
4,XYt,66,107,0.019908862936890526,0.009907765304609932
4,XYt,67,108,0.019462898664681608,0.009818388613506169
4,XYt,68,108,0.019352105144173667,0.009905126147721717
4,XYt,69,108,0.019099844270444005,0.009941437349006767
4,XYt,70,108,0.018868596913153964,0.009941741247376385
4,XYt,71,108,0.01860559093023455,0.009943872053533224
4,XYt,72,108,0.018464414109502243,0.009986120253798884
4,XYt,73,109,0.017912337285905612,0.009798463330839979
4,XYt,74,109,0.017815142376364588,0.009859273957041174
4,XYt,75,109,0.017687592500189836,0.00989641171959266
4,XYt,76,109,0.01743716135913997,0.009864780640406903
4,XYt,77,109,0.017090018445614658,0.009792205862320649
4,XYt,78,109,0.01687743614397346,0.009809913319806126
4,XYt,79,109,0.016740023811320014,0.009916681884441428
4,XYt,80,109,0.016422569392593043,0.009928352811816657
4,XYt,81,109,0.016110870046319063,0.009910912739188866
4,XYt,82,109,0.01591990448210376,0.00993443269674248
4,XYt,83,109,0.015738321401738285,0.009959873051860723
4,XYt,84,109,0.015487647346198728,0.009948909043991793
4,XYt,85,109,0.015231873310598111,0.009933110265681113
4,XYt,86,109,0.015020397053175212,0.009935403339866805
4,XYt,87,109,0.014729217891013042,0.009931234899199977
4,XYt,88,109,0.014508501571348557,0.009970138773412974
4,XYt,89,110,0.014029551865257563,0.009801858835339537
4,XYt,90,110,0.013893202603866422,0.0098309186391166
4,XYt,91,110,0.013848656956547137,0.009887619056395043
4,XYt,92,110,0.013767382448777966,0.009892595726256273
4,XYt,93,110,0.013706322858170666,0.009895237140506233
4,XYt,94,110,0.013597744930162334,0.009872723457922563
4,XYt,95,110,0.013490803278956489,0.009865835918352979
4,XYt,96,110,0.013302578914834513,0.009775290908949638
4,XYt,97,109,0.013420005585591756,0.009932984387862154
4,XYt,98,109,0.013285643791465487,0.009894932356207222
4,XYt,99,109,0.013222645433631707,0.009933571083743976
4,XYt,100,109,0.013185841525012497,0.009986471692113842
4,XYt,101,110,0.012850921662956606,0.009778642874670203
4,XYt,102,110,0.012757190268080152,0.009784791104188012
4,XYt,103,110,0.012662789440439953,0.00976995569130559
4,XYt,104,109,0.01284126329687257,0.00995328574475407
4,XYt,105,109,0.01272898410288359,0.009872691388470635
4,XYt,106,109,0.012642417437142778,0.009797922767046194
4,XYt,107,108,0.012885487794467071,0.009996151803749381
4,XYt,108,108,0.012882919211726554,0.009972013281161197
4,XYt,109,108,0.012880846596566598,0.009939891263892777
4,XYt,110,108,0.012897812661361984,0.009915434478935796
4,XYt,111,108,0.012988257191526447,0.009939141347601545
4,XYt,112,108,0.01309499439930591,0.00998617022972644
4,XYt,113,109,0.012945237066420414,0.009813121122436038
4,XYt,114,109,0.013138033845186265,0.009909638614342789
4,XYt,115,110,0.013053011151766604,0.00977523546314277
4,XYt,116,110,0.013285140028755584,0.009854891443433857
4,XYt,117,110,0.01351195842990009,0.009896896477520727
4,XYt,118,110,0.013788978541770695,0.009957255790103156
4,XYt,119,110,0.013999854280548238,0.009992994162921199
4,XYt,120,111,0.013905845324952947,0.009851971226545492
4,XYt,121,111,0.013901959176597154,0.009836353361908273
4,XYt,122,111,0.013821529362238226,0.009775226679619756
4,XYt,123,110,0.014101887433057514,0.009941456241716183
4,XYt,124,110,0.014074302397627485,0.009875308239318085
4,XYt,125,110,0.014115869646182288,0.009857159161130146
4,XYt,126,110,0.01417545276604436,0.009855680984191255
4,XYt,127,110,0.014347212660032976,0.00988266865955425
4,XYt,128,110,0.014611765242052183,0.009916847471812783
4,XYt,129,110,0.0148937343017214,0.009929538065464505
4,XYt,130,110,0.015108012553627568,0.00993058484079175
4,XYt,131,110,0.015268658310316709,0.009870029804419495
4,XYt,132,110,0.015524987839087604,0.009851818166318926
4,XYt,133,110,0.015771475164282664,0.00980769760073817
4,XYt,134,109,0.016350217009662892,0.009973433323894582
4,XYt,135,109,0.01658516577852751,0.009895021840115495
4,XYt,136,109,0.01687514586986879,0.009829377554055585
4,XYt,137,108,0.017374870557164128,0.009952900784465436
4,XYt,138,108,0.01757937379957164,0.009930731283265232
4,XYt,139,108,0.01784679468119667,0.00994600941726704
4,XYt,140,108,0.018005773477241395,0.009950089691693188
4,XYt,141,108,0.017995950385349634,0.009907219871487717
4,XYt,142,108,0.01796115657492504,0.009892721575541748
4,XYt,143,108,0.01791642603015829,0.009895089630416354
4,XYt,144,108,0.01786843712745439,0.009910235897682246
4,XYt,145,108,0.017794693396150096,0.009924591815909134
4,XYt,146,108,0.017741723512420805,0.009950470985621974
4,XYt,147,108,0.017709248303846268,0.009954926780981296
4,XYt,148,108,0.01767600513958085,0.009938455089522605
4,XYt,149,108,0.017623149007606132,0.009888595380000061
4,XYt,150,108,0.01757619464678937,0.009822588553428772
4,XYt,151,107,0.01791211984248247,0.00998083536557891
4,XYt,152,107,0.017882490994204366,0.009944148895282747
4,XYt,153,107,0.017903941901332,0.00995401626571023
4,XYt,154,107,0.017923781547429306,0.009953543454946466
4,XYt,155,107,0.01789237746227525,0.009924865410602725
4,XYt,156,107,0.017887463302750276,0.009943015576156688
4,XYt,157,107,0.01774024833852385,0.009928256061200744
4,XYt,158,107,0.017482276380444788,0.009929395388521646
4,XYt,159,108,0.016955601052693753,0.009790298023899278
4,XYt,160,108,0.01669304693859587,0.009855839429233142
4,XYt,161,108,0.016398438021668002,0.009855629802087025
4,XYt,162,108,0.016065227745558006,0.009848541235512402
4,XYt,163,108,0.01575466692324086,0.009824162385197005
4,XYt,164,108,0.015448609946925153,0.00979907779571367
4,XYt,165,107,0.015513969510334397,0.009986046632890868
4,XYt,166,107,0.015184553709136591,0.009897366572430745
4,XYt,167,107,0.014773591923391075,0.009802613779606142
4,XYt,168,106,0.014666246411970592,0.009912569452151361
4,XYt,169,106,0.014321823340659746,0.0097786972036057
4,XYt,170,105,0.014437672784923888,0.009955027584833912
4,XYt,171,106,0.014081934481594623,0.009776517223922362
4,XYt,172,106,0.014044723329655767,0.009826987657393182
4,XYt,173,106,0.01403636254273259,0.009903725570576593
4,XYt,174,106,0.014003579484162185,0.009931755779801512
4,XYt,175,106,0.013954971460213107,0.00990709962300595
4,XYt,176,106,0.013814895510823821,0.009832486225574486
4,XYt,177,106,0.013737842495338543,0.009832964311539388
4,XYt,178,106,0.01369515428938983,0.00985149079464929
4,XYt,179,106,0.013662887240090025,0.00986763833313102
4,XYt,180,106,0.013504988407778404,0.009799386108935956
4,XYt,181,105,0.013663085863510135,0.009981138064386694
4,XYt,182,105,0.013587390510312472,0.009963730063320577
4,XYt,183,105,0.013521631087119512,0.00996482925362721
4,XYt,184,105,0.013440549768391357,0.009930900418932805
4,XYt,185,105,0.013403994005448913,0.009908150935331097
4,XYt,186,105,0.013367784388238312,0.00986510049945905
4,XYt,187,105,0.013366222886337323,0.009862983688345204
4,XYt,188,105,0.013390302710281549,0.009902610927231876
4,XYt,189,105,0.013489200099621478,0.009970161379395518
4,XYt,190,105,0.013552578286118696,0.009987630168764722
4,XYt,191,106,0.01334774080539831,0.009795371801700054
4,XYt,192,106,0.013438635540045327,0.009821642275636852
4,XYt,193,106,0.013532350201361258,0.009850527136692436
4,XYt,194,106,0.013663427630448408,0.009874303428876754
4,XYt,195,106,0.013845817426832843,0.009922142645236576
4,XYt,196,106,0.01407299198394173,0.009972684315564138
4,XYt,197,107,0.013975418643951977,0.009811023179561108
4,XYt,198,107,0.01420359682094477,0.009855161527941832
4,XYt,199,107,0.014412276969781704,0.009916627229179253
4,XYt,200,107,0.014556050185241958,0.009991483447297882
4,XYt,201,107,0.01453459771954071,0.00998746145649941
4,XYt,202,107,0.014405597647368797,0.00992652249791391
4,XYt,203,107,0.014319793673426876,0.00986405003908122
4,XYt,204,107,0.014263435266629133,0.009778258722069017
4,XYt,205,106,0.014620561914637314,0.009982033203417154
4,XYt,206,107,0.014485909111793715,0.009795245797361954
4,XYt,207,107,0.014789337975455513,0.009867589388376327
4,XYt,208,107,0.015099149326620981,0.009923252390747619
4,XYt,209,108,0.01511867794680993,0.009781672212369651
4,XYt,210,108,0.015328085461771659,0.009804097220791043
4,XYt,211,108,0.0154922696360699,0.009792623443550828
4,XYt,212,108,0.015702176908129008,0.009801550052402151
4,XYt,213,108,0.01594482514780584,0.00980705193903249
4,XYt,214,108,0.016203089558718953,0.009818559137854378
4,XYt,215,108,0.01650666543818543,0.009802461591024887
4,XYt,216,108,0.016896295388905067,0.00980893135298749
4,XYt,217,108,0.01723638320846913,0.009799423346821339
4,XYt,218,108,0.017669790109889397,0.009849633122093521
4,XYt,219,108,0.018142958036847862,0.00991903880896652
4,XYt,220,109,0.018178298926191452,0.009793594990809576
4,XYt,221,109,0.01843229723255173,0.009839261306737528
4,XYt,222,109,0.0186566256359681,0.009890943263406584
4,XYt,223,109,0.018819473071721615,0.00989936382018612
4,XYt,224,109,0.018955077279995017,0.00990911494647619
4,XYt,225,109,0.018988819185221495,0.009869725329128137
4,XYt,226,109,0.019007513053757013,0.009785810041187252
4,XYt,227,108,0.01942487782934741,0.009910161171546491
4,XYt,228,108,0.019482279365436193,0.009804652221894465
4,XYt,229,107,0.019926275802304882,0.009917699716017496
4,XYt,230,107,0.02000991130034117,0.009839067688650591
4,XYt,231,106,0.02052865925857514,0.009991522654678424
4,XYt,232,106,0.02054923274355775,0.009869531764952096
4,XYt,233,105,0.02088692929254967,0.009901459304403138
4,XYt,234,104,0.021246032062473604,0.009909010426205385
4,XYt,235,103,0.021591746672219362,0.009912303097375952
4,XYt,236,102,0.021844522677236397,0.009879229771550604
4,XYt,237,101,0.021999026670836547,0.00987683998452028
4,XYt,238,101,0.021906521173688565,0.00981265902286187
4,XYt,239,101,0.021917729245790985,0.009800104008529055
4,XYt,240,101,0.021951393196008497,0.009793969775157355
4,XYt,241,100,0.02238523640013453,0.009989148988140142
4,XYt,242,100,0.022370915181469612,0.009982095026873082
4,XYt,243,100,0.02237497966599892,0.009985925184075387
4,XYt,244,100,0.022376103743664204,0.009975371767469104
4,XYt,245,100,0.022405568898657056,0.009979906243342237
4,XYt,246,100,0.022377706328178624,0.009980322961061293
4,XYt,247,100,0.022419582724521516,0.009991315337196126
4,XYt,248,101,0.02210649700932779,0.009822569432089496
4,XYt,249,101,0.022175678143795622,0.009853044760095464
4,XYt,250,101,0.02221801825144095,0.009870625135218044
4,XYt,251,101,0.02228763904788213,0.009899980695283053
4,XYt,252,101,0.02230805421455526,0.009929354314476228
4,XYt,253,101,0.022266428927117533,0.009955489005482439
4,XYt,254,101,0.022241581229466942,0.009968877063027622
4,XYt,255,101,0.022040870453718713,0.009939610524318935
4,XYt,256,101,0.021097590892421424,0.009808077317518427
4,XYt,257,100,0.019518909052093206,0.009879478549977077
4,XYt,258,100,0.0169292342322981,0.009897076493434614
4,XYt,259,100,0.01434360013775007,0.00984685849062
4,XYt,260,99,0.012941697350334224,0.009858873895310753
4,XYt,261,98,0.012562336276455806,0.009995581129059041
4,XYt,262,99,0.012199872965838835,0.009790234441153256
4,XYt,263,99,0.012278870711790102,0.00985969903886024
4,XYt,264,99,0.012287035378844438,0.009884741624396403
4,XYt,265,99,0.012295105421733114,0.009900516770807088
4,XYt,266,99,0.012279864067536353,0.009892022332307404
4,XYt,267,99,0.012334788399378897,0.009910826106055667
4,XYt,268,99,0.01235661907722279,0.009937375122470104
4,XYt,269,100,0.012174477429377094,0.009839064961608072
4,XYt,270,100,0.01217707594264931,0.009862552218782
4,XYt,271,100,0.012214580070210748,0.009882295067005787
4,XYt,272,100,0.012192230985827616,0.00985439971815669
4,XYt,273,100,0.012239285913456752,0.00985463006428151
4,XYt,274,100,0.01226681120223697,0.009859635359396308
4,XYt,275,100,0.012319479178662563,0.009855724543219535
4,XYt,276,100,0.012326219797603486,0.009863835690078659
4,XYt,277,100,0.012345778815593436,0.009892188332460075
4,XYt,278,100,0.012331176927408094,0.009872927286749676
4,XYt,279,100,0.012339619800374327,0.009849638570325846
4,XYt,280,100,0.012300238320765258,0.009801502967624326
4,XYt,281,99,0.012535726858024586,0.009965499156305497
4,XYt,282,99,0.012513537332689046,0.00992392185555358
4,XYt,283,99,0.012564066557413734,0.009933042194612284
4,XYt,284,99,0.01258673228967178,0.009951957191370143
4,XYt,285,99,0.0125954746362133,0.009960815356340531
4,XYt,286,99,0.012603697352917418,0.009971339510733111
4,XYt,287,99,0.012591585059841705,0.00994803735669863
4,XYt,288,99,0.012611954700281343,0.009959711951433978
4,XYt,289,99,0.012610341994466503,0.009925408792718204
4,XYt,290,99,0.012620618249212148,0.009913294312340847
4,XYt,291,99,0.012599462318349365,0.009881465293500483
4,XYt,292,99,0.012618952248319638,0.009894731150039816
4,XYt,293,99,0.012597364128054248,0.009864791520136881
4,XYt,294,99,0.012623712220151025,0.009871949413589707
4,XYt,295,99,0.012615483672879475,0.009870855646358805
4,XYt,296,99,0.01259108187723779,0.009871011673250493
4,XYt,297,99,0.012634824612109066,0.009867971694835737
4,XYt,298,99,0.012648131695788023,0.009859051339659832
4,XYt,299,99,0.012628843657011151,0.00985073741718739
4,XYt,300,99,0.01264728016628494,0.009865908260593217
4,XYt,301,99,0.012675336358469678,0.009874825682218282
4,XYt,302,99,0.012683469026453204,0.009907457655855493
4,XYt,303,99,0.012687392003224945,0.009919081007745275
4,XYt,304,99,0.012734788163264805,0.009936815653389714
4,XYt,305,99,0.012707750314905748,0.009887474689081686
4,XYt,306,99,0.012730741372967543,0.009867293539356963
4,XYt,307,99,0.012684506585960677,0.009798207018594856
4,XYt,308,98,0.012962843864248785,0.009997993523995628
4,XYt,309,98,0.012941989685119533,0.009979215797881363
4,XYt,310,99,0.012737914399636391,0.009812527771677392
4,XYt,311,99,0.012718145443584258,0.009815203308333992
4,XYt,312,99,0.012725157834313125,0.009837399688290685
4,XYt,313,99,0.012751375391158767,0.00986089526552264
4,XYt,314,99,0.012799761505388512,0.009883433177026186
4,XYt,315,99,0.012821498604557502,0.009857325748388494
4,XYt,316,99,0.012830218318022401,0.009836836715246844
4,XYt,317,99,0.012867702872573777,0.009846084047986668
4,XYt,318,99,0.012864531005424368,0.00983392150512905
4,XYt,319,99,0.012910911564231107,0.009825644211510042
4,XYt,320,99,0.012951725493595597,0.00980629897813355
4,XYt,321,99,0.013059781358672792,0.009817462155436479
4,XYt,322,99,0.013165522226458583,0.00982871857501086
4,XYt,323,99,0.013397601047480867,0.009846605618090152
4,XYt,324,99,0.014068738023199462,0.009971575766090122
4,XYt,325,102,0.0164122133146691,0.009812412378560805
4,XYt,326,100,0.020765381900326344,0.009970286249613661
4,XYt,327,100,0.02246872816216616,0.009989215065240616
4,XYt,328,101,0.022876094378390187,0.009854022330953656
4,XYt,329,101,0.02342419423207688,0.009904229476073126
4,XYt,330,101,0.02362274201473831,0.009906101829301696
4,XYt,331,101,0.023845064192311038,0.009914910034711923
4,XYt,332,101,0.023828555903169093,0.00987801566466736
4,XYt,333,101,0.0238807806945646,0.009860905605338874
4,XYt,334,101,0.02377481434366471,0.009813228851398233
4,XYt,335,101,0.023898229010674166,0.009827079944291058
4,XYt,336,101,0.023793027488191593,0.009814267800992402
4,XYt,337,101,0.023826080159755545,0.009834588320400663
4,XYt,338,101,0.023733973100712416,0.009844039466554256
4,XYt,339,101,0.023957386354709426,0.00996482494542566
4,XYt,340,103,0.02337214714330054,0.009826005212373225
4,XYt,341,104,0.02318965383118409,0.00988034053506263
4,XYt,342,105,0.02295608522460854,0.009909300155854625
4,XYt,343,107,0.022396583496058532,0.009833952609629052
4,XYt,344,108,0.022028392290694743,0.009840623615870748
4,XYt,345,109,0.021636970754418224,0.00978870284920278
4,XYt,346,109,0.021512412679464677,0.009875877169933326
4,XYt,347,109,0.021523529215608822,0.009975932301804272
4,XYt,348,110,0.021060986451144417,0.009851635689275924
4,XYt,349,110,0.021115245589945285,0.009958377788888383
4,XYt,350,111,0.020655658586391845,0.009820883329933604
4,XYt,351,111,0.020798847261204477,0.009927567969567504
4,XYt,352,112,0.02056951752510807,0.009896163909108746
4,XYt,353,113,0.020240676671690817,0.00983623006481671
4,XYt,354,113,0.0201832506853746,0.009925671011256472
4,XYt,355,113,0.020190587500266144,0.009986059530023456
4,XYt,356,114,0.019606110813319654,0.009795629831612536
4,XYt,357,114,0.019260340978103058,0.009785793589871732
4,XYt,358,113,0.01892046697853314,0.00989451095746975
4,XYt,359,113,0.018359353728083345,0.009816490783682057
4,XYt,360,113,0.017927303070038984,0.009846007744923505
4,XYt,361,113,0.017602949909751392,0.00987246581226367
4,XYt,362,113,0.016935720323727373,0.009810332882340357
4,XYt,363,113,0.016714390499694785,0.00984330787092683
4,XYt,364,115,0.017655415480979875,0.009952076358633884
4,XYt,365,116,0.017341707213820088,0.009851126369795873
4,XYt,366,116,0.01722128838899633,0.009885546152096325
4,XYt,367,116,0.017207384790100703,0.009916654286277386
4,XYt,368,117,0.016834985997234903,0.0097897213790585
4,XYt,369,117,0.016857372886239362,0.009881734651700256
4,XYt,370,117,0.01681350963881112,0.009944852567493756
4,XYt,371,118,0.016467202486534663,0.009788704493846634
4,XYt,372,118,0.01637646130324017,0.009820202469121755
4,XYt,373,118,0.01633838656562975,0.009858021464743008
4,XYt,374,118,0.016312353573400065,0.009936586132348206
4,XYt,375,118,0.01617546575357579,0.009954518703618406
4,XYt,376,118,0.015778415059688126,0.009846435579461655
4,XYt,377,117,0.015718933144511508,0.009957921891085344
4,XYt,378,117,0.015370287595833719,0.009869607342427634
4,XYt,379,117,0.015205320164118219,0.00983548697616741
4,XYt,380,117,0.015075878395587997,0.009801962855769853
4,XYt,381,117,0.015043496559209502,0.009802117789416856
4,XYt,382,117,0.014976347890042574,0.009809724592867239
4,XYt,383,117,0.014957220067979705,0.009811325647904812
4,XYt,384,117,0.0149190545080343,0.009830323633134644
4,XYt,385,117,0.014651111084146401,0.009784605183353941
4,XYt,386,116,0.014780570745616442,0.00997151064842979
4,XYt,387,116,0.014776177532867436,0.009979750305786447
4,XYt,388,116,0.01475085421080618,0.00997746365875825
4,XYt,389,116,0.014767573137541175,0.009973231011097563
4,XYt,390,116,0.014754856758425,0.00994862208606352
4,XYt,391,116,0.014755891216185688,0.009942590818044258
4,XYt,392,116,0.014720528768830829,0.009924255489567975
4,XYt,393,116,0.014745076621205383,0.00992122208962565
4,XYt,394,116,0.014758343309157367,0.009903833939514014
4,XYt,395,116,0.014811256406914098,0.009882112066665134
4,XYt,396,116,0.014884345422579628,0.009856308215625598
4,XYt,397,116,0.014979514320581899,0.009869966191608032
4,XYt,398,116,0.015007962396604811,0.009905851010843271
4,XYt,399,116,0.014990181997162058,0.009930418401705454
4,XYt,400,116,0.014982030913562424,0.009945055457594991
4,XYt,401,116,0.01497685414169042,0.009957794710197027
4,XYt,402,116,0.014959982835237461,0.009956780438370741
4,XYt,403,116,0.014947214065015523,0.009955153722976418
4,XYt,404,116,0.01495848237240837,0.009945042507286667
4,XYt,405,116,0.014958341687795968,0.00993547139475868
4,XYt,406,116,0.015039427896498463,0.009940759346870595
4,XYt,407,116,0.015146230870811638,0.009971294842234572
4,XYt,408,117,0.01498542185469851,0.009785773299877835
4,XYt,409,117,0.015200274240200349,0.009852627016396484
4,XYt,410,117,0.015400205030877847,0.009920213815555905
4,XYt,411,117,0.015369238113484727,0.009899815909916107
4,XYt,412,117,0.015461621331009664,0.009921719156994382
4,XYt,413,117,0.015531601931040062,0.009942121242214259
4,XYt,414,117,0.015696589939592272,0.009984201096439908
4,XYt,415,118,0.015470003601551449,0.009790199360840758
4,XYt,416,118,0.01570464266890627,0.009836485931835578
4,XYt,417,118,0.016026006945347265,0.00992567047060682
4,XYt,418,118,0.01630329909055636,0.009989934901270179
4,XYt,419,118,0.016386466805298212,0.00990785954721131
4,XYt,420,117,0.016795888467738638,0.009986862343738124
4,XYt,421,117,0.016830168144787976,0.009896014786023873
4,XYt,422,117,0.016983030832746517,0.009875991821514284
4,XYt,423,117,0.01704483180971183,0.009831203028338458
4,XYt,424,116,0.01745717060062884,0.009997848603485631
4,XYt,425,116,0.017542064524637222,0.009945279387342881
4,XYt,426,116,0.017589323051165506,0.009878319884429203
4,XYt,427,116,0.0176518714264676,0.009867133102815355
4,XYt,428,116,0.017854826581846388,0.009924718340874852
4,XYt,429,116,0.018058880988595816,0.009951107881083892
4,XYt,430,116,0.018221750409538422,0.0099397039250958
4,XYt,431,116,0.018510971215048178,0.009981457958122929
4,XYt,432,117,0.018513569504127445,0.009820413945390872
4,XYt,433,117,0.018859976324466964,0.009838948788894837
4,XYt,434,117,0.019258147143611,0.009824041666315555
4,XYt,435,116,0.01998165716426082,0.00996743052874913
4,XYt,436,116,0.02045174879379597,0.009984976650252567
4,XYt,437,117,0.020439714657903743,0.009798990173844807
4,XYt,438,117,0.0206656304812951,0.009789428110335228
4,XYt,439,116,0.021213514488477386,0.009964742550712592
4,XYt,440,116,0.02131886284237981,0.009912975467002231
4,XYt,441,116,0.02150978777156344,0.009871924408336678
4,XYt,442,115,0.022079787186160774,0.0099987932327345
4,XYt,443,115,0.022068737896564904,0.009857489610886191
4,XYt,444,115,0.022099845525946984,0.009777335596541124
4,XYt,445,114,0.022679296524871707,0.009935656112829724
4,XYt,446,114,0.02275224496502061,0.009860825063325718
4,XYt,447,114,0.022911734364825825,0.009801459167627934
4,XYt,448,113,0.023512614381927446,0.00992729607103956
4,XYt,449,113,0.023669716584673307,0.009813175260488725
4,XYt,450,112,0.024320276932508808,0.00989831103242625
4,XYt,451,111,0.02489990564030632,0.009936959303861832
4,XYt,452,110,0.025298109945347574,0.009915560579550457
4,XYt,453,109,0.025832855168370576,0.00997815530107142
4,XYt,454,108,0.02624167449463405,0.009997123969423646
4,XYt,455,108,0.026100380238596822,0.009861562433550368
4,XYt,456,108,0.02615600895282761,0.009835034657572137
4,XYt,457,108,0.026288146793406218,0.009840691235590253
4,XYt,458,108,0.02634428293191775,0.009843459427988522
4,XYt,459,108,0.02641346269087765,0.009851755525326937
4,XYt,460,108,0.02643542312674492,0.009844963423572377
4,XYt,461,108,0.026297063519388524,0.009804215448511615
4,XYt,462,107,0.026652737096388615,0.009964042437426266
4,XYt,463,107,0.02658253991503771,0.009922875999746361
4,XYt,464,107,0.026583631682988506,0.009909849806582278
4,XYt,465,107,0.025904389957642382,0.00988300368620906
4,XYt,466,106,0.02406091486010818,0.009979175466646461
4,XYt,467,106,0.020792476084654503,0.009979171702389553
4,XYt,468,106,0.0175320273668729,0.009971490198167728
4,XYt,469,106,0.015338339794777,0.0098219067181014
4,XYt,470,105,0.014761251891938935,0.009971626353069944
4,XYt,471,105,0.014452085753724392,0.009938994489118199
4,XYt,472,105,0.014485186220584473,0.009990300171357106
4,XYt,473,105,0.014509512399581741,0.009994896061658267
4,XYt,474,105,0.014508474931395392,0.009997637659878046
4,XYt,475,105,0.014497481110325004,0.0099928497069234
4,XYt,476,106,0.014235011568547052,0.009808322429476712
4,XYt,477,105,0.014502636892769477,0.009999366944097178
4,XYt,478,106,0.014192741960076524,0.009789519106804402
4,XYt,479,105,0.0144711601666501,0.009971491812663625
4,XYt,480,105,0.014487195976673048,0.009975514324773145
4,XYt,481,105,0.014461716479097364,0.00993693986256606
4,XYt,482,105,0.014447487904679807,0.009929504558184851
4,XYt,483,105,0.014419826097319177,0.009907333077057927
4,XYt,484,105,0.014469778045220934,0.009940387397712693
4,XYt,485,105,0.014447197992688066,0.009916599630863103
4,XYt,486,105,0.014468474689371626,0.009935214836184852
4,XYt,487,105,0.014451075975787164,0.00992606243387668
4,XYt,488,105,0.014475747343157201,0.009944118135468957
4,XYt,489,105,0.014464689935099742,0.009930336261907539
4,XYt,490,105,0.014455309217657343,0.009923312417302833
4,XYt,491,105,0.014429517352546365,0.00990569282401419
4,XYt,492,105,0.01441738712421778,0.009897653389845378
4,XYt,493,105,0.014394214371626718,0.009873513203250422
4,XYt,494,105,0.01437340324707995,0.009862060331336535
4,XYt,495,105,0.014390310093555294,0.009874506681639252
4,XYt,496,105,0.014372573229478762,0.009862726876452873
4,XYt,497,105,0.014372512248645629,0.009860825607530717
4,XYt,498,105,0.014366192693624918,0.009855480610181495
4,XYt,499,105,0.01436830998971148,0.009851166135793885
4,XYt,500,105,0.014351257067234143,0.009825639296126884
4,XYt,501,105,0.014344450652677105,0.009808550575058734
4,XYt,502,104,0.01463192698666363,0.009995736282787627
4,XYt,503,105,0.014353469491481863,0.009792542339928396
4,XYt,504,104,0.014652520832071912,0.009993070954664722
4,XYt,505,104,0.01466231129912847,0.009998447057943869
4,XYt,506,104,0.014665198533548942,0.00998499922264224
4,XYt,507,105,0.014369558728296504,0.009784911758886308
4,XYt,508,105,0.014374163564711209,0.009786988431815129
4,XYt,509,105,0.014402770979765833,0.009835210895155778
4,XYt,510,105,0.014406393606510956,0.00983942165235348
4,XYt,511,105,0.014405702458505143,0.00986287867920582
4,XYt,512,105,0.014386770318990992,0.009849123154204813
4,XYt,513,105,0.014383828799362751,0.009865659683908472
4,XYt,514,105,0.014368471968377114,0.009842944233496386
4,XYt,515,105,0.014380584831694812,0.009860574181622724
4,XYt,516,105,0.014351876672031241,0.00982746874111323
4,XYt,517,105,0.014326149127703058,0.009821299145462441
4,XYt,518,105,0.014317972442953167,0.009806897630534916
4,XYt,519,105,0.01428694432674385,0.009805274508255562
4,XYt,520,105,0.014255653429664984,0.009789300933129812
4,XYt,521,105,0.014231449431596738,0.009791553698530877
4,XYt,522,104,0.014516714661201793,0.00999481821011886
4,XYt,523,104,0.014492996385851099,0.009990035351875464
4,XYt,524,104,0.014470529125607567,0.009975126456546609
4,XYt,525,104,0.01444486264962227,0.009989009311529903
4,XYt,526,104,0.014420827321401616,0.00999888876413248
4,XYt,527,105,0.014035994391780745,0.009796568762080649
4,XYt,528,104,0.014192402615285619,0.009980347694727273
4,XYt,529,104,0.014047072006364614,0.009909263872418637
4,XYt,530,104,0.014057131415852504,0.009854227091171893
4,XYt,531,104,0.014307037239543543,0.009875195753453216
4,XYt,532,104,0.014980835254107042,0.009962520867773947
4,XYt,533,105,0.015916240588951504,0.009909053750803748
4,XYt,534,106,0.01784971385061944,0.009876772068960989
4,XYt,535,106,0.020832914389766744,0.009892159580999102
4,XYt,536,105,0.023851574099834523,0.009957508008338082
4,XYt,537,106,0.025753913137000806,0.009785372975178609
4,XYt,538,106,0.027510164307133624,0.00990830095895798
4,XYt,539,106,0.028363392252558395,0.009997061702120386
4,XYt,540,107,0.028142255369735494,0.009927809050303969
4,XYt,541,108,0.027579844470709488,0.009923510340128663
4,XYt,542,109,0.02673867462901743,0.009811597478586993
4,XYt,543,109,0.026492726763511377,0.009882009975981721
4,XYt,544,109,0.026289893306899063,0.009941618177752713
4,XYt,545,110,0.025669146216947884,0.009835010649731201
4,XYt,546,111,0.025354162689700477,0.00991451492425046
4,XYt,547,113,0.024502027947871832,0.009898967004992092
4,XYt,548,114,0.023721891223817276,0.009940953683420605
4,XYt,549,115,0.022860981200492892,0.009866997137602368
4,XYt,550,115,0.022517577432764616,0.009957501541283657
4,XYt,551,116,0.021797589699979428,0.00981739601555832
4,XYt,552,116,0.02164181266182127,0.009884825228838956
4,XYt,553,116,0.021524915603037292,0.009939828638059577
4,XYt,554,116,0.02141769182474596,0.009969596752721823
4,XYt,555,116,0.02129690354201697,0.009976051720596598
4,XYt,556,116,0.021174975084729403,0.009982541219592278
4,XYt,557,116,0.020984456453343316,0.009949858858848212
4,XYt,558,116,0.0207161092024822,0.009894666611345878
4,XYt,559,115,0.020746711354278524,0.00999903957307718
4,XYt,560,115,0.020025626903788927,0.00980066033085559
4,XYt,561,113,0.019966984860120596,0.009929713166183369
4,XYt,562,112,0.019892953736378245,0.009984423073296592
4,XYt,563,113,0.019454355858442407,0.00990241963163346
4,XYt,564,114,0.01913624289946074,0.00994773526902359
4,XYt,565,116,0.018311575662538708,0.009788564149910178
4,XYt,566,116,0.01803913451143744,0.009946851609909851
4,XYt,567,117,0.01731502923550507,0.009786876027476885
4,XYt,568,116,0.017312015116862912,0.009990935602050732
4,XYt,569,116,0.016911174624276562,0.009921287537351341
4,XYt,570,116,0.016451706507694917,0.009807675714596698
4,XYt,571,115,0.01628158361410476,0.009826842945423695
4,XYt,572,114,0.016181619603588274,0.009829181557447905
4,XYt,573,113,0.016305266947454555,0.009900701057002645
4,XYt,574,113,0.01629159829091949,0.00984456059987666
4,XYt,575,113,0.0163616934767567,0.009816777777462388
4,XYt,576,113,0.01657841848207812,0.009863525038967771
4,XYt,577,113,0.01677298591241458,0.009929208932608357
4,XYt,578,113,0.016923353748778503,0.009995501135365318
4,XYt,579,114,0.016684080595471436,0.009807340850541916
4,XYt,580,114,0.016733111996505023,0.009802880925070758
4,XYt,581,114,0.01668645244626564,0.009788868956836578
4,XYt,582,114,0.016687039843176463,0.00983531401723088
4,XYt,583,114,0.016600097963465055,0.009870609368929183
4,XYt,584,114,0.016467340073905035,0.009897145896285924
4,XYt,585,114,0.016255629523834705,0.009914877560473356
4,XYt,586,114,0.01597545559847417,0.009947094381223315
4,XYt,587,115,0.015501440328866727,0.00989311701395543
4,XYt,588,116,0.014900877841181229,0.009842613295402931
4,XYt,589,116,0.014516236174447483,0.009894795145976125
4,XYt,590,116,0.014093174459936726,0.009895007739674569
4,XYt,591,116,0.013781648604927274,0.009885274183459105
4,XYt,592,116,0.013591604948698183,0.009868525822571533
4,XYt,593,116,0.013454793191948467,0.00981621963518318
4,XYt,594,115,0.01358698419948199,0.009925646141341952
4,XYt,595,115,0.013531808145092227,0.009879773490956041
4,XYt,596,115,0.01351922292652233,0.009815330149922408
4,XYt,597,114,0.013828344775040427,0.009961988128821278
4,XYt,598,114,0.013859762122125325,0.009874451792936601
4,XYt,599,114,0.013910320543263582,0.009790139066259959
4,XYt,600,113,0.014314751925323659,0.009932707775205116
4,XYt,601,113,0.014448123794759047,0.009893718549078294
4,XYt,602,113,0.014579784711971583,0.009879687671100635
4,XYt,603,113,0.014679560201855318,0.009878431248249431
4,XYt,604,113,0.014780775826438892,0.009893349170708228
4,XYt,605,113,0.014803286771795371,0.00989738392268067
4,XYt,606,113,0.014814905186799784,0.009897153487193259
4,XYt,607,113,0.014806559714197613,0.009904527472636062
4,XYt,608,113,0.014783278077758056,0.009899485788873535
4,XYt,609,113,0.0147258996830762,0.009896198071535465
4,XYt,610,113,0.014633124179816253,0.009891452702760052
4,XYt,611,113,0.014490036026043703,0.009906505942443815
4,XYt,612,113,0.014344734442551252,0.009941638149681164
4,XYt,613,113,0.014177648832117222,0.009980340167096289
4,XYt,614,114,0.01371677007940721,0.009788316898470727
4,XYt,615,114,0.01357975112722843,0.009816562942907848
4,XYt,616,114,0.013490592633294345,0.009835537717486577
4,XYt,617,114,0.013453565322215491,0.009870588709616004
4,XYt,618,114,0.013598795360152984,0.009970475166669135
4,XYt,619,115,0.013439549053381798,0.009860059337140289
4,XYt,620,115,0.013506466925461156,0.009874139301935128
4,XYt,621,115,0.013609538633029824,0.009863038640868895
4,XYt,622,115,0.013820435191570585,0.00983731895382531
4,XYt,623,114,0.014436901586811164,0.009983005131356122
4,XYt,624,114,0.014759139533429213,0.009885342583461363
4,XYt,625,114,0.015217665737346866,0.009835546447149504
4,XYt,626,114,0.015594896209002052,0.00980689325295347
4,XYt,627,114,0.015850148964664915,0.009795620518549215
4,XYt,628,114,0.016154234157337695,0.009832044684897236
4,XYt,629,114,0.016349140765524944,0.009811915789853158
4,XYt,630,113,0.01677685857081482,0.009968182085224752
4,XYt,631,113,0.01684883635102398,0.009946108692881227
4,XYt,632,113,0.016846436736376133,0.009969450881147953
4,XYt,633,113,0.016762535088639733,0.009933296648363264
4,XYt,634,113,0.016639019480781357,0.009882840789740385
4,XYt,635,113,0.01644957831829148,0.009802114504629962
4,XYt,636,112,0.016586402328728794,0.009975577802464308
4,XYt,637,112,0.016419383918121085,0.009969691487360944
4,XYt,638,112,0.016356425437233747,0.009995275646340007
4,XYt,639,113,0.0159463233299651,0.009793676085714772
4,XYt,640,113,0.016025524942475597,0.009879467143243028
4,XYt,641,114,0.01599522094931007,0.009841091491188995
4,XYt,642,115,0.016123801706009095,0.009832152752309701
4,XYt,643,115,0.0165729909642052,0.009976768741213666
4,XYt,644,116,0.016583076321388165,0.009818102213385428
4,XYt,645,116,0.016915848610176563,0.009827027521070782
4,XYt,646,116,0.017214744289023358,0.00978225481745515
4,XYt,647,115,0.017831138751606267,0.00984252060893408
4,XYt,648,114,0.018320735476338616,0.009793169231540052
4,XYt,649,112,0.01917298559171328,0.009955999993113737
4,XYt,650,111,0.019649449892623863,0.009989196800069561
4,XYt,651,111,0.019753056895798697,0.00993275856013743
4,XYt,652,112,0.020126352182493465,0.009996916231305646
4,XYt,653,114,0.02012907297112261,0.009811873130179614
4,XYt,654,114,0.02060901514909656,0.009951879543154471
4,XYt,655,115,0.020463532704681396,0.0098080674691421
4,XYt,656,115,0.020680453197355727,0.009840895182575304
4,XYt,657,115,0.020915763914728488,0.009858744348032826
4,XYt,658,115,0.021092925427092228,0.00984931003652829
4,XYt,659,115,0.021278180260343633,0.009828412273935551
4,XYt,660,115,0.021444611488981042,0.009782681600291047
4,XYt,661,114,0.022105894078626932,0.009938391914681884
4,XYt,662,114,0.022307499587973144,0.009850538032165136
4,XYt,663,113,0.023087369711959932,0.009962896838279974
4,XYt,664,113,0.023391094211108316,0.009808690085929451
4,XYt,665,112,0.024254277715120245,0.009810278181593015
4,XYt,666,110,0.025405194935024494,0.009889409904200907
4,XYt,667,108,0.02637757567286391,0.009924811341103158
4,XYt,668,107,0.026926018231403705,0.009912536970244863
4,XYt,669,107,0.0271281602822759,0.009841756730148952
4,XYt,670,106,0.027731090548509984,0.009974849936563517
4,XYt,671,106,0.027456610119764392,0.009844418326675928
4,XYt,672,105,0.02717467785840539,0.009833182607902759
4,XYt,673,104,0.026401801691666737,0.009851973405321587
4,XYt,674,103,0.025417528968491466,0.009931400243927259
4,XYt,675,103,0.02379409708206562,0.009904547519355706
4,XYt,676,103,0.022107470323490162,0.009959290060711348
4,XYt,677,103,0.020058070531145333,0.009936268574494868
4,XYt,678,103,0.01800195594357535,0.009861911236712647
4,XYt,679,103,0.01642520968884253,0.009809813759960408
4,XYt,680,102,0.015597795090709545,0.009938853567724545
4,XYt,681,102,0.014794637644442726,0.00985945846983851
4,XYt,682,102,0.014255331196030266,0.009795326330756271
4,XYt,683,101,0.01418954910033767,0.009973996657320352
4,XYt,684,101,0.013965843157306233,0.00994209857247507
4,XYt,685,101,0.013828782504712794,0.009941191200711467
4,XYt,686,101,0.013798295852094676,0.009972853277816577
4,XYt,687,101,0.013797353527771576,0.009999033132884041
4,XYt,688,102,0.01355815366009626,0.00980056615252477
4,XYt,689,102,0.01363892091433605,0.009824769234568462
4,XYt,690,102,0.013726691922610217,0.009830956303420907
4,XYt,691,102,0.013824703768982078,0.00981566856838105
4,XYt,692,102,0.013881486062866153,0.009787240651485498
4,XYt,693,101,0.01425607051635449,0.009997767017681751
4,XYt,694,101,0.014317948858646318,0.009991871217640195
4,XYt,695,102,0.014068424556000757,0.009773535704422633
4,XYt,696,101,0.014414548919383636,0.009991237457755781
4,XYt,697,101,0.014417919268819088,0.009975744563965789
4,XYt,698,101,0.014437951496528323,0.00997421886127746
4,XYt,699,101,0.014438109243234413,0.009968918512535167
4,XYt,700,101,0.014405847090252277,0.009950401415400816
4,XYt,701,101,0.01436641008250864,0.009936582351957261
4,XYt,702,101,0.01430485594139847,0.009908328580388964
4,XYt,703,101,0.014246151293195172,0.009899066752384536
4,XYt,704,101,0.014141442948213793,0.009868914617864212
4,XYt,705,101,0.014047278956702668,0.009857812972740703
4,XYt,706,101,0.013939815385637423,0.009838830433123802
4,XYt,707,101,0.013906057879445958,0.009864013589198816
4,XYt,708,101,0.013933471417210058,0.009924729695600593
4,XYt,709,106,0.013676275267878029,0.009875350081559224
4,XYt,710,101,0.013652108905135409,0.009973902501608017
4,XYt,711,102,0.012867252596890767,0.009901322184620979
4,XYt,712,106,0.012709732985613823,0.009856788957142693
4,XYt,713,104,0.012545644831130904,0.009880832055586344
4,XYt,714,104,0.01187815284376459,0.009777201126870274
4,XYt,715,103,0.011497457517232414,0.009992894279071131
4,XYt,716,101,0.010955412541111438,0.009912177496705936
4,XYt,717,100,0.010636543401637825,0.009826769769503346
4,XYt,718,100,0.010381175083718141,0.00978375944577094
4,XYt,719,97,0.010794796840917996,0.009998545812904457
4,XYt,720,96,0.01096741981521703,0.009832826782342107
4,XYt,721,96,0.011198173348427603,0.00983376488974826
4,XYt,722,97,0.01138273135407437,0.00978184831417604
4,XYt,723,97,0.011513317208331018,0.0097488817708512
4,XYt,724,97,0.01145227850564209,0.009776448611435543
4,XYt,725,98,0.011226673337254378,0.0098830042291928
4,XYt,726,99,0.010682237717548705,0.009831688272335432
4,XYt,727,100,0.009941043884695465,0.009737989358116572
4,YZt,0,18,0.08040132793706288,0.009724300771276935
4,YZt,1,66,0.02713745995465281,0.009988736245789975
4,YZt,2,67,0.023393073483579368,0.009854907546029933
4,YZt,3,67,0.0213970581643451,0.009870480131011107
4,YZt,4,69,0.02025447627831818,0.009950094468551314
4,YZt,5,81,0.016087173112219008,0.009764030917575823
4,YZt,6,84,0.021455049062929846,0.009980862632658197
4,YZt,7,89,0.023845149120185684,0.009925391723171141
4,YZt,8,90,0.02319249457664667,0.009900815885699996
4,YZt,9,89,0.02406232811580827,0.009825413185843455
4,YZt,10,88,0.02520980340581712,0.00990306302355051
4,YZt,11,88,0.02582689339865793,0.00982072400867492
4,YZt,12,87,0.027146216912224717,0.009962534641810773
4,YZt,13,87,0.027217853498241837,0.009910792303458133
4,YZt,14,88,0.027314652123091268,0.009839421340702727
4,YZt,15,87,0.02872242125446251,0.00984017316943061
4,YZt,16,87,0.029025098864400065,0.00995538959239387
4,YZt,17,88,0.029149445348520143,0.0099392053661142
4,YZt,18,88,0.029542653249042723,0.009978106744766612
4,YZt,19,89,0.02880704063925277,0.009764903172174962
4,YZt,20,89,0.029392832590747445,0.009779994344699111
4,YZt,21,88,0.02978103968035003,0.009946190162889565
4,YZt,22,87,0.03035722258240384,0.009904449762188775
4,YZt,23,88,0.02996271577758925,0.009923423121696208
4,YZt,24,89,0.030478835444439852,0.0099967071851947
4,YZt,25,88,0.030645966234251566,0.009900758200512772
4,YZt,26,90,0.029741625197519283,0.009818394391394281
4,YZt,27,88,0.030785605917379968,0.009959918387344715
4,YZt,28,89,0.030821259524918834,0.009967014425730886
4,YZt,29,88,0.03072191178773084,0.00995134484787022
4,YZt,30,90,0.03006186283907584,0.009767253004225483
4,YZt,31,90,0.030450004201920493,0.009840528417736158
4,YZt,32,89,0.031032681834807375,0.009889473314424737
4,YZt,33,90,0.030767218074788442,0.009825732297880214
4,YZt,34,91,0.030697484442516222,0.009786820960629584
4,YZt,35,91,0.030769243218826407,0.009953393034954499
4,YZt,36,91,0.03087087145080206,0.009938102338905389
4,YZt,37,92,0.030332043836247272,0.009858054048510558
4,YZt,38,93,0.029811101029824077,0.009839796872698713
4,YZt,39,94,0.028997560398533444,0.009809377138249439
4,YZt,40,95,0.02833815602031628,0.009910062850896623
4,YZt,41,96,0.027324285892306052,0.009899325641742136
4,YZt,42,97,0.026773294772392084,0.009918328126737676
4,YZt,43,97,0.025994835012578772,0.00991856193483156
4,YZt,44,98,0.024855894613188784,0.009817052112244904
4,YZt,45,98,0.024283448620106615,0.009949489638438178
4,YZt,46,99,0.023184132724797104,0.009808810134031508
4,YZt,47,99,0.02273949234257319,0.009952192982486511
4,YZt,48,99,0.02216672405830375,0.00997560792732895
4,YZt,49,99,0.021822959134834258,0.009985008282294493
4,YZt,50,100,0.02108986938370858,0.009789963896650534
4,YZt,51,100,0.021022716094870744,0.00992135368006877
4,YZt,52,100,0.020685808676207607,0.009777240644679719
4,YZt,53,100,0.02070907569007853,0.00977585428952808
4,YZt,54,100,0.020809084111573013,0.009899918823655306
4,YZt,55,100,0.020665304919851173,0.00977921829135397
4,YZt,56,99,0.02106387090572069,0.009952262309096021
4,YZt,57,100,0.020939638757962356,0.009793120306003643
4,YZt,58,100,0.02133172667045404,0.009999664558753951
4,YZt,59,100,0.021226593446341067,0.009871824852632868
4,YZt,60,99,0.02140870280833208,0.009810305532004812
4,YZt,61,99,0.021464468166278637,0.009937666493713249
4,YZt,62,100,0.021180951478990104,0.009982288865884875
4,YZt,63,101,0.020498149383051518,0.009930309782485762
4,YZt,64,103,0.01871810389370111,0.009930522465060257
4,YZt,65,104,0.016925667898355347,0.009955615214782077
4,YZt,66,105,0.014851929249571946,0.009777092060023794
4,YZt,67,104,0.013338742971382154,0.0099284645410037
4,YZt,68,104,0.011971637109596854,0.009842892128424931
4,YZt,69,105,0.01093476320897142,0.009827154912130565
4,YZt,70,104,0.010180948113523863,0.009784334013089748
4,YZt,71,104,0.009600481585851625,0.009915626373900355
4,YZt,72,104,0.009075211314725745,0.009903194623052548
4,YZt,73,105,0.008589653973266704,0.009933649646807433
4,YZt,74,105,0.008258709175473895,0.009943457046298258
4,YZt,75,106,0.007945722041777943,0.00996930431536112
4,YZt,76,106,0.007634632061615226,0.009876456391311295
4,YZt,77,107,0.007389767369614323,0.00988538725259513
4,YZt,78,107,0.007235886161010252,0.00989089761177125
4,YZt,79,108,0.007064314891528293,0.009890910787986441
4,YZt,80,108,0.006957455065203782,0.009894822960061537
4,YZt,81,109,0.006844796955882928,0.009939843986052736
4,YZt,82,110,0.0067039306127718735,0.009868927046631904
4,YZt,83,111,0.00659886326662918,0.009869956638000206
4,YZt,84,112,0.006512124708937742,0.009792194588789735
4,YZt,85,111,0.006623159437788427,0.00996932507769697
4,YZt,86,112,0.006624727832076908,0.009970624944517522
4,YZt,87,113,0.006604947562042324,0.00989236703912795
4,YZt,88,114,0.006577111396735928,0.00991534572045996
4,YZt,89,115,0.006634141679021318,0.00998226544259092
4,YZt,90,116,0.006583849485029839,0.009863259846940994
4,YZt,91,117,0.006543304848415307,0.009863337182398041
4,YZt,92,118,0.006534989400156569,0.009854914547150454
4,YZt,93,118,0.006646855660644685,0.009985803657012262
4,YZt,94,119,0.0065520767879800245,0.009925188971780956
4,YZt,95,120,0.006568386388802335,0.009917562511579313
4,YZt,96,121,0.006569211749899733,0.009858333222438663
4,YZt,97,121,0.006602562929120989,0.009843068926276973
4,YZt,98,122,0.0065656414094305395,0.009891550200865146
4,YZt,99,123,0.006578308318428531,0.00985233468642198
4,YZt,100,123,0.006642101553071312,0.009877488690408878
4,YZt,101,123,0.00665721888499236,0.009824968050152892
4,YZt,102,124,0.00661651908859155,0.00989181447944905
4,YZt,103,125,0.00661724841057014,0.00982969029820916
4,YZt,104,125,0.00678753536075116,0.009980076081917887
4,YZt,105,126,0.006739108581046341,0.00981390027538134
4,YZt,106,126,0.0068744156914832735,0.00989053758427565
4,YZt,107,128,0.006776382979835032,0.009950535162371422
4,YZt,108,129,0.00688766565334761,0.009964068904141846
4,YZt,109,130,0.006958554870932445,0.00990539362420972
4,YZt,110,130,0.007130248780059949,0.009981516636197306
4,YZt,111,130,0.007234709391581381,0.009955720323807461
4,YZt,112,130,0.007325752985513795,0.00987416321463945
4,YZt,113,129,0.007555630215283447,0.00998944997692165
4,YZt,114,134,0.006746955641952954,0.009983032238925285
4,YZt,115,134,0.006651460047063918,0.009894774924544611
4,YZt,116,133,0.006680441259720295,0.009992355794326379
4,YZt,117,133,0.006576634271991258,0.009951694586978284
4,YZt,118,133,0.00651398190033235,0.009953621398257085
4,YZt,119,133,0.006492843049156019,0.009979089349311663
4,YZt,120,134,0.006339325251000651,0.009833002357825717
4,YZt,121,134,0.006312430227556834,0.009901912227511828
4,YZt,122,134,0.006261005989693839,0.00993813396586574
4,YZt,123,134,0.006211783176115481,0.0099666940684111
4,YZt,124,135,0.00603878170492332,0.009805396083652837
4,YZt,125,135,0.005981790461874634,0.0098105360538745
4,YZt,126,135,0.005939926636130307,0.009814136961890312
4,YZt,127,135,0.0059310158094390535,0.009813272208261
4,YZt,128,134,0.0060623609475531194,0.00999531177094442
4,YZt,129,134,0.006074804393284737,0.00997776292556344
4,YZt,130,134,0.006087885397054842,0.009953274422605157
4,YZt,131,134,0.006089619432890832,0.009929284133054316
4,YZt,132,134,0.0061031767683955695,0.009907448215777862
4,YZt,133,134,0.006131986854313848,0.009892597973578983
4,YZt,134,134,0.006161946573083355,0.009863870741666317
4,YZt,135,134,0.006190082273397704,0.009831573182080418
4,YZt,136,133,0.0063237295714943815,0.009975327040175407
4,YZt,137,133,0.006326282306714298,0.009945037034234628
4,YZt,138,133,0.006398520492794834,0.00997100130140884
4,YZt,139,134,0.0063901409463449025,0.009825919156963415
4,YZt,140,134,0.006538254906360451,0.00992883824939726
4,YZt,141,135,0.00648398292832129,0.00982406601310014
4,YZt,142,135,0.00650947327497836,0.009857386409716102
4,YZt,143,135,0.006475249382803499,0.009853813754335645
4,YZt,144,134,0.0065239022153832805,0.009986197098401317
4,YZt,145,134,0.006397767872823683,0.009848242946042172
4,YZt,146,127,0.007303185310841057,0.009926580342294405
4,YZt,147,126,0.007305317128950891,0.009970908655116293
4,YZt,148,126,0.00717775840179159,0.009813224945365155
4,YZt,149,125,0.00723798163572301,0.00986940826094584
4,YZt,150,124,0.007265409280357159,0.009895555860156178
4,YZt,151,123,0.007261572332902539,0.009889128351695068
4,YZt,152,122,0.007229990857230997,0.009816765126484769
4,YZt,153,119,0.007593666186369965,0.009839528470067272
4,YZt,154,118,0.007705481087648927,0.00993503018707223
4,YZt,155,118,0.0076943444867772085,0.00985747701215769
4,YZt,156,117,0.007726307772330375,0.009836658168755069
4,YZt,157,115,0.007868223946065149,0.009957060847822793
4,YZt,158,113,0.007982814596788072,0.009847558293949983
4,YZt,159,113,0.007805327080161793,0.009800262413419658
4,YZt,160,112,0.0076876841014172255,0.009873008273568813
4,YZt,161,111,0.007519109531721748,0.009837593728842112
4,YZt,162,109,0.007626148550236327,0.009937960016338251
4,YZt,163,110,0.007416827812687511,0.009885903724795553
4,YZt,164,110,0.007228888268007879,0.00980591833252255
4,YZt,165,109,0.007147306495598787,0.009821138113679254
4,YZt,166,108,0.007156883569615394,0.009870051396953383
4,YZt,167,108,0.0070057250881993835,0.009850626985466415
4,YZt,168,107,0.006944331182219151,0.009927573838354508
4,YZt,169,107,0.006825143792585853,0.009853153997657193
4,YZt,170,107,0.006754314789975021,0.009984663165157346
4,YZt,171,107,0.006629875555309777,0.009861971092489399
4,YZt,172,107,0.006677401044690348,0.009837031857945875
4,YZt,173,107,0.006749838433647183,0.009899517694085392
4,YZt,174,107,0.006784755004780825,0.009823891604513144
4,YZt,175,107,0.0069832711610823195,0.009990246149059747
4,YZt,176,107,0.007016968146072063,0.009838265827670828
4,YZt,177,106,0.0072603217296331206,0.009898662335537298
4,YZt,178,106,0.007446872042853281,0.009845117057574073
4,YZt,179,105,0.0077494185058915605,0.009812348782857628
4,YZt,180,105,0.008135046017612769,0.009892010552545526
4,YZt,181,104,0.00855210295101582,0.00984423088424078
4,YZt,182,104,0.009105049123293175,0.009938886426421894
4,YZt,183,103,0.009741666503113205,0.009882645077717963
4,YZt,184,103,0.010596101223410535,0.009940176777161892
4,YZt,185,103,0.011462756934664236,0.009808533458462304
4,YZt,186,103,0.0128323865143054,0.009905127386055434
4,YZt,187,103,0.01487617749717118,0.009827140870331106
4,YZt,188,102,0.017634237271934545,0.00995303218715008
4,YZt,189,99,0.020731357708454575,0.009895634879968914
4,YZt,190,97,0.024141215920532717,0.009991586260845235
4,YZt,191,95,0.02619252913594765,0.009903694685212293
4,YZt,192,95,0.026936518135363033,0.009859049784508507
4,YZt,193,93,0.028089229615041823,0.00990998665365598
4,YZt,194,93,0.028487659423930493,0.009781477297595046
4,YZt,195,94,0.028595357031819608,0.00983930174399786
4,YZt,196,93,0.029188878673775596,0.009818824600268138
4,YZt,197,93,0.02926684744638452,0.009829900868467892
4,YZt,198,93,0.02973523902492746,0.009793988013043925
4,YZt,199,91,0.030783609200623837,0.009980639885322143
4,YZt,200,92,0.030230058372458016,0.009900841437420486
4,YZt,201,92,0.03069935940921891,0.009949481162850533
4,YZt,202,92,0.030662673841185824,0.009779587512291923
4,YZt,203,91,0.031168532367318036,0.00998923778154121
4,YZt,204,92,0.030870897150202463,0.009801383690389185
4,YZt,205,91,0.03174076610873231,0.009982332256431746
4,YZt,206,91,0.03169968494907364,0.009809723733233123
4,YZt,207,91,0.031520290786032946,0.009790820530013438
4,YZt,208,92,0.031395524748227,0.009819263768650256
4,YZt,209,91,0.031978708488351645,0.009890058560744687
4,YZt,210,91,0.03202145252261995,0.009903080441232075
4,YZt,211,91,0.0317906575002997,0.009846290452595326
4,YZt,212,91,0.03194797532079368,0.009832285456843585
4,YZt,213,90,0.03246008306808834,0.009908906678495451
4,YZt,214,90,0.03265775700586508,0.009971761660447756
4,YZt,215,90,0.03251141922268401,0.009900388852489762
4,YZt,216,90,0.03226484854067049,0.009817499168585885
4,YZt,217,90,0.03234722451380404,0.009912059241911136
4,YZt,218,90,0.031608416030370616,0.00980796875034732
4,YZt,219,89,0.03220748964350947,0.00994770883591556
4,YZt,220,88,0.03243979891565193,0.009973320253684501
4,YZt,221,89,0.031781453741981505,0.009769761955204702
4,YZt,222,89,0.031680900163328744,0.00977135080735279
4,YZt,223,88,0.03220854396974879,0.00999346395651778
4,YZt,224,89,0.03164758880143365,0.009948804248285665
4,YZt,225,89,0.03189814440911398,0.009917214660835262
4,YZt,226,88,0.03212084597106682,0.009989143385764253
4,YZt,227,88,0.03179745398568993,0.009833496634314005
4,YZt,228,89,0.031316077636668695,0.009868732456941847
4,YZt,229,89,0.030839931607060823,0.00977034456432633
4,YZt,230,87,0.031458404896237385,0.009937359847808663
4,YZt,231,88,0.03155613440859542,0.009944239940690266
4,YZt,232,87,0.0315364250325792,0.009962692387801977
4,YZt,233,89,0.030402458053831405,0.009800169717535173
4,YZt,234,87,0.03133920064662551,0.009885977781285048
4,YZt,235,89,0.03056787310179764,0.009842090656923888
4,YZt,236,87,0.030661348421929056,0.009976808621139085
4,YZt,237,86,0.031097732579972132,0.009952157548699601
4,YZt,238,87,0.030448429080459888,0.009998840001831502
4,YZt,239,87,0.030502190583571585,0.009985642821385698
4,YZt,240,88,0.029524378471030514,0.009813901056534322
4,YZt,241,87,0.03001625155273429,0.009935920992859143
4,YZt,242,87,0.02978464359643239,0.009939714799943412
4,YZt,243,86,0.02972956047743502,0.009962749329643809
4,YZt,244,86,0.029428382437467964,0.009890648422984857
4,YZt,245,87,0.028048281326197775,0.009835186653906338
4,YZt,246,86,0.028012255904006127,0.009926952190978007
4,YZt,247,86,0.027902239221865927,0.009912337281519239
4,YZt,248,87,0.026623307238005305,0.009809109466324394
4,YZt,249,87,0.02602817856135671,0.009907908602529204
4,YZt,250,88,0.02488808199296185,0.009799972198063476
4,YZt,251,89,0.02389275327383569,0.009902874910637554
4,YZt,252,89,0.024244968194636906,0.009802062182518879
4,YZt,253,85,0.021372949238543548,0.009765188934414575
4,YZt,254,81,0.01635943903082277,0.009983906092232516
4,YZt,255,70,0.020312434555019604,0.009992887451336783
4,YZt,256,68,0.021215221766113988,0.009841749096514288
4,YZt,257,68,0.023296909985005977,0.00984274842915283
4,YZt,258,67,0.02702837866280107,0.009915924801075825
4,YZt,259,18,0.0837862679081141,0.009863409076625794
4,XZt,0,18,0.08421227338369724,0.009653799623947475
4,XZt,1,65,0.02652999274917543,0.009786503321486333
4,XZt,2,66,0.02282490217742119,0.009792036053386653
4,XZt,3,66,0.02093253123397339,0.00997714709462755
4,XZt,4,68,0.019681183474785945,0.009877053663228193
4,XZt,5,71,0.01717518672619617,0.009784891858798266
4,XZt,6,82,0.02142606383018526,0.009783608452687874
4,XZt,7,88,0.023712151282459903,0.0098017997856567
4,XZt,8,89,0.023316439957275552,0.009787774599448065
4,XZt,9,88,0.024179107093872942,0.009789732107280468
4,XZt,10,87,0.025167240902886405,0.009774725770476023
4,XZt,11,86,0.02635615592727017,0.009938232317355382
4,XZt,12,85,0.02752102046179462,0.009931500128717241
4,XZt,13,85,0.027592064885827047,0.009915876867782622
4,XZt,14,86,0.02796034520421921,0.009918483484135127
4,XZt,15,85,0.02913982529416386,0.009805845625888451
4,XZt,16,85,0.029766400668280568,0.009988847913541928
4,XZt,17,87,0.029455704191754205,0.0097759268271235
4,XZt,18,86,0.030300446273020074,0.009914248544417179
4,XZt,19,87,0.02991210095769378,0.009850132401154165
4,XZt,20,87,0.030622617791784462,0.009866436319567937
4,XZt,21,87,0.030865405536180748,0.00996092510519514
4,XZt,22,86,0.031313197168227544,0.009828711087245073
4,XZt,23,86,0.03131216735037083,0.009987624104997464
4,XZt,24,89,0.031166804382421028,0.009878997748594862
4,XZt,25,87,0.03185334064909775,0.009840265878010233
4,XZt,26,88,0.031545499339482364,0.009945025856865472
4,XZt,27,88,0.03163994910852307,0.009804889053461042
4,XZt,28,88,0.03215193111898834,0.009923025646236355
4,XZt,29,87,0.03217038998119727,0.009935161363142523
4,XZt,30,89,0.031593210536871925,0.009858372492788713
4,XZt,31,89,0.03203029735698712,0.00994743294097455
4,XZt,32,88,0.0323039107077057,0.009884077727282602
4,XZt,33,89,0.03198447882058948,0.009827003961734877
4,XZt,34,90,0.03197297824676914,0.00982646645028308
4,XZt,35,90,0.03153536033093316,0.009818700458444502
4,XZt,36,89,0.03211189396240586,0.009931838988487332
4,XZt,37,89,0.032140893570976735,0.00993091809657022
4,XZt,38,89,0.03241109074673043,0.009983684564602456
4,XZt,39,89,0.03226022114571295,0.009910331277117691
4,XZt,40,90,0.03194893695091714,0.009900026847083996
4,XZt,41,91,0.03157467394112401,0.009798387204612433
4,XZt,42,91,0.03225759426099253,0.009934142388198196
4,XZt,43,91,0.032135509893375123,0.009898281679154816
4,XZt,44,92,0.03170998438954631,0.009827391669450309
4,XZt,45,92,0.03184816394632746,0.009966294857244117
4,XZt,46,93,0.031137249001853863,0.009802981102743087
4,XZt,47,94,0.030693225078050092,0.00978124726651736
4,XZt,48,94,0.030674326080477758,0.009938010543011428
4,XZt,49,95,0.030301258757666844,0.00983128077191734
4,XZt,50,95,0.030431716346318496,0.009956611203364545
4,XZt,51,96,0.029907200815056205,0.00992908879601195
4,XZt,52,96,0.029500224758157893,0.00985324502803352
4,XZt,53,97,0.029295400531834583,0.009791165432977447
4,XZt,54,98,0.02890074487506293,0.009774168521046166
4,XZt,55,98,0.02872754561215126,0.009875044761095818
4,XZt,56,98,0.028502307981649606,0.009921635708903542
4,XZt,57,99,0.028259732525685703,0.009867094022720287
4,XZt,58,100,0.027907503547042006,0.009911312092671414
4,XZt,59,101,0.027007190176114956,0.00977764091031499
4,XZt,60,101,0.027033637744245855,0.009805993774857925
4,XZt,61,102,0.026615749417830157,0.009901278903617871
4,XZt,62,102,0.026178104992456708,0.009998694326874448
4,XZt,63,103,0.025363514310021075,0.00978307639310085
4,XZt,64,104,0.024706304043358177,0.00980752555871626
4,XZt,65,104,0.02437247312591933,0.009850732047386042
4,XZt,66,105,0.02354971286464303,0.009814202576941634
4,XZt,67,106,0.022799567475838948,0.009813223773554928
4,XZt,68,106,0.02203274760368504,0.009954458172130034
4,XZt,69,108,0.02076780947781245,0.009923294494353972
4,XZt,70,109,0.019315190182623756,0.009902356613982047
4,XZt,71,111,0.01791978710678691,0.009918708786684086
4,XZt,72,113,0.016571695101360175,0.009786940023693931
4,XZt,73,114,0.01564123013410085,0.009933741097135063
4,XZt,74,115,0.014696824664199628,0.009907230008197791
4,XZt,75,116,0.014028663524610657,0.009983668439349076
4,XZt,76,117,0.013130614708025887,0.009864028899720198
4,XZt,77,118,0.0125047080277005,0.009831376293527093
4,XZt,78,118,0.011967347291104494,0.009867000789264
4,XZt,79,118,0.011632304998790559,0.009985905761340211
4,XZt,80,118,0.011171949768879749,0.009970606107078148
4,XZt,81,119,0.010686335271918916,0.009868885876278972
4,XZt,82,119,0.010368887226221724,0.009866420391186488
4,XZt,83,119,0.010087112813384067,0.009928318605601297
4,XZt,84,119,0.009905216391177604,0.009995806457805685
4,XZt,85,119,0.009599421634687485,0.009962885142317598
4,XZt,86,120,0.009294244031813708,0.009843197433735905
4,XZt,87,120,0.009151310027808491,0.009875057570305733
4,XZt,88,120,0.008988106978690317,0.009960221644867852
4,XZt,89,121,0.008788425000810824,0.009890493015913063
4,XZt,90,122,0.008595978224206083,0.009823111214970225
4,XZt,91,123,0.008443126059420283,0.009929011972683525
4,XZt,92,125,0.008184848697298337,0.009817341432253613
4,XZt,93,125,0.008174588844211865,0.00999759326223774
4,XZt,94,126,0.007938789083211783,0.009999696757644852
4,XZt,95,128,0.007628985331951976,0.009793990361267197
4,XZt,96,128,0.007618835982237789,0.009941908807766946
4,XZt,97,128,0.007507181992756645,0.009965724857515783
4,XZt,98,129,0.0072851660086414305,0.009964619765170185
4,XZt,99,130,0.007111914820687174,0.009862219839877458
4,XZt,100,130,0.007033607008224749,0.009894066760992878
4,XZt,101,130,0.006882803173620329,0.00983005684352923
4,XZt,102,130,0.0067924304694348915,0.009986546384596335
4,XZt,103,131,0.006588558366757817,0.009816601521323954
4,XZt,104,131,0.006528842755185737,0.00984146010456125
4,XZt,105,130,0.006531769929032538,0.009979978910947276
4,XZt,106,130,0.006417857421014069,0.009939778429132462
4,XZt,107,132,0.0060688892762239795,0.009805875334040636
4,XZt,108,132,0.006027539975620945,0.00983824673680146
4,XZt,109,132,0.005973770741389559,0.009835070513329346
4,XZt,110,132,0.00591536766740788,0.009818458806808508
4,XZt,111,131,0.005962488728607093,0.00997677020117521
4,XZt,112,131,0.005898568345144827,0.009945672967307294
4,XZt,113,131,0.005872617076410236,0.00993977727224175
4,XZt,114,137,0.005175392812713645,0.009830671361187355
4,XZt,115,137,0.0051789511377547705,0.009870537993148779
4,XZt,116,137,0.005168122251561264,0.009878942652042186
4,XZt,117,137,0.005136479054100948,0.009863166577241433
4,XZt,118,137,0.005094351871274158,0.00984133313236759
4,XZt,119,136,0.005167410228606199,0.009998840768536188
4,XZt,120,136,0.005140105584161762,0.009971605979925044
4,XZt,121,136,0.005124494688643732,0.009974934322851885
4,XZt,122,136,0.005118038687606014,0.009981281230581947
4,XZt,123,136,0.00511811943315426,0.00997640635678222
4,XZt,124,136,0.0051048707943000815,0.00996962074404672
4,XZt,125,136,0.005084060270259005,0.009970659159367401
4,XZt,126,136,0.005068403233173014,0.00998257147703394
4,XZt,127,136,0.005066779613527911,0.0099984738936275
4,XZt,128,137,0.0049764084707780865,0.009838753995888282
4,XZt,129,137,0.004985390176306183,0.009841072951098491
4,XZt,130,137,0.004999751667566671,0.009853984910408346
4,XZt,131,137,0.005000445327189121,0.009861795022186601
4,XZt,132,137,0.005007029189231412,0.00985427236812293
4,XZt,133,137,0.005032982302344807,0.009845933465659321
4,XZt,134,137,0.005063803214019677,0.009834245797838715
4,XZt,135,137,0.005116709940656196,0.009844725375682872
4,XZt,136,137,0.005150894595580735,0.00984349065811055
4,XZt,137,137,0.005172859474464699,0.009842904200625977
4,XZt,138,137,0.005211704563814047,0.009850676014501685
4,XZt,139,137,0.005243124367057781,0.009828376861889303
4,XZt,140,137,0.0052808390859947745,0.00981912401764252
4,XZt,141,137,0.00531342568569574,0.009818080897011866
4,XZt,142,137,0.005357100362986243,0.009814783329134642
4,XZt,143,136,0.0055014857333601785,0.009984161015692813
4,XZt,144,136,0.005529566093564247,0.009958025897977348
4,XZt,145,136,0.0055619911089445995,0.009911426953128081
4,XZt,146,131,0.006247134091439719,0.009812806600221971
4,XZt,147,131,0.006347285324772249,0.009847385079935345
4,XZt,148,131,0.0064927053905129905,0.0099133008855664
4,XZt,149,131,0.006678397074171767,0.00998557833286513
4,XZt,150,132,0.006703843096058127,0.009835826961389758
4,XZt,151,132,0.006853803101712415,0.009860017041261212
4,XZt,152,132,0.0069589377893565655,0.009805951949386172
4,XZt,153,130,0.007436109658223182,0.009938850559528516
4,XZt,154,130,0.007622081376445656,0.00996609332260422
4,XZt,155,130,0.007832963192492383,0.009998245021270431
4,XZt,156,130,0.007957652973312876,0.009957742205264573
4,XZt,157,130,0.008096887427424919,0.009919345248397172
4,XZt,158,129,0.008438470497738399,0.009950627998353362
4,XZt,159,130,0.008523073356205241,0.009840799130148249
4,XZt,160,130,0.00871959212133742,0.009868566217600698
4,XZt,161,130,0.008863152794960081,0.00984189982075609
4,XZt,162,129,0.009292514953911217,0.009974231081967187
4,XZt,163,130,0.009438856656776132,0.009933628809906156
4,XZt,164,130,0.009662374572008197,0.009977644987085447
4,XZt,165,130,0.009846301225920872,0.00997758966692817
4,XZt,166,130,0.010157600159024165,0.009993735128757763
4,XZt,167,131,0.010164845637860137,0.009820309886208514
4,XZt,168,130,0.010512829866293634,0.00998325032547205
4,XZt,169,130,0.010703848489888005,0.00987484951562732
4,XZt,170,129,0.011056724245217643,0.009984618249146544
4,XZt,171,128,0.011258452405009032,0.009972850971708651
4,XZt,172,127,0.011486159861551212,0.009896842565060833
4,XZt,173,126,0.011528795152566485,0.00978513473112134
4,XZt,174,124,0.011655977915390477,0.009820962872505033
4,XZt,175,122,0.011944427553747056,0.009964112758719305
4,XZt,176,121,0.01177664892786146,0.00981826712090927
4,XZt,177,119,0.01191888884954889,0.009895557796923837
4,XZt,178,118,0.011856585274068595,0.009853112761397982
4,XZt,179,116,0.01195465827520131,0.009942873401019802
4,XZt,180,116,0.011808821772831954,0.00982060301334158
4,XZt,181,115,0.011836086208232384,0.009845170786081311
4,XZt,182,115,0.011871363211033431,0.00985462827505509
4,XZt,183,114,0.012002266328114271,0.009962593123542762
4,XZt,184,115,0.011942274166095035,0.009869164355412432
4,XZt,185,115,0.01196533274926633,0.009849933548691792
4,XZt,186,115,0.012188126624723567,0.009986700680761374
4,XZt,187,116,0.012161796540838033,0.009822107152628639
4,XZt,188,116,0.012464229618690176,0.009960175848955621
4,XZt,189,116,0.012687581923097617,0.009912529081765794
4,XZt,190,116,0.013127395303410365,0.00996383000871192
4,XZt,191,115,0.013519128092540906,0.009933163055168438
4,XZt,192,114,0.014039795148291692,0.009920783030082878
4,XZt,193,112,0.014521212476085885,0.009951282833375373
4,XZt,194,110,0.014833750097752087,0.009842643282014809
4,XZt,195,108,0.015137747890009939,0.00982449129175267
4,XZt,196,105,0.015567352364886074,0.009855012562315534
4,XZt,197,104,0.015569083261776346,0.009778920787909104
4,XZt,198,103,0.015870363471703338,0.009843656152739392
4,XZt,199,101,0.016341355159912554,0.009997991990456256
4,XZt,200,102,0.01613672063812853,0.00990902040635287
4,XZt,201,102,0.01632905395868242,0.009974089274929382
4,XZt,202,102,0.016307431398508324,0.009875001675449626
4,XZt,203,102,0.01629237606659984,0.009876473855915054
4,XZt,204,102,0.01643215124056334,0.009972402423578119
4,XZt,205,102,0.016469977801691748,0.009930219844563907
4,XZt,206,102,0.01644514094466097,0.009873068838541091
4,XZt,207,102,0.016430086895348334,0.009869052498629443
4,XZt,208,103,0.016343034894057782,0.00981575065242939
4,XZt,209,102,0.016711358406769145,0.009959433079127196
4,XZt,210,102,0.016809132862709325,0.009947456446288663
4,XZt,211,102,0.01697273544030201,0.009934175957004314
4,XZt,212,102,0.017211377943589044,0.009872995849938832
4,XZt,213,101,0.017890921702187795,0.009997222890819769
4,XZt,214,102,0.018161406635838734,0.009804353066284925
4,XZt,215,101,0.019294560028470627,0.00997139993974314
4,XZt,216,101,0.020251524036618913,0.009891565313760434
4,XZt,217,101,0.021481245573232867,0.009882365814851477
4,XZt,218,100,0.02285838238422669,0.009916650343676251
4,XZt,219,99,0.024498732529594135,0.009888860125167051
4,XZt,220,97,0.02633365885126766,0.009905903636038564
4,XZt,221,96,0.02766032707944391,0.009871077764535177
4,XZt,222,95,0.028573721766085813,0.009785456723520276
4,XZt,223,93,0.029929948158849747,0.00997574471766174
4,XZt,224,93,0.029963007123838006,0.009816411361063846
4,XZt,225,92,0.0307713714167194,0.009845355329590409
4,XZt,226,91,0.030913979688865174,0.009821314522571692
4,XZt,227,90,0.031143375256020844,0.009805472702743009
4,XZt,228,90,0.031201686601430526,0.00994680829580184
4,XZt,229,90,0.030912558695026265,0.009902761112202438
4,XZt,230,88,0.03144586055535231,0.009980626443513508
4,XZt,231,90,0.03089496497761414,0.009771051887495505
4,XZt,232,89,0.030976355873006536,0.009813755761009808
4,XZt,233,89,0.030929270397306075,0.009974088122018374
4,XZt,234,88,0.031270597109299574,0.009849888018306828
4,XZt,235,90,0.030679315957068364,0.009895371090778385
4,XZt,236,87,0.030820242129104253,0.00997376261147981
4,XZt,237,87,0.030730731031074383,0.009800571784476974
4,XZt,238,89,0.029913185277993342,0.0098347513145449
4,XZt,239,88,0.030155135275048133,0.009870433918724638
4,XZt,240,88,0.029643034079612475,0.009927832524861109
4,XZt,241,87,0.030036076296789418,0.009987943023457705
4,XZt,242,87,0.029662284993341302,0.00997165479852338
4,XZt,243,87,0.028910885569653447,0.009790845194306386
4,XZt,244,86,0.02908569104098306,0.009894495616636608
4,XZt,245,87,0.027865372009923006,0.00998483131048068
4,XZt,246,87,0.026988250522464986,0.009784116585678026
4,XZt,247,86,0.027422510558188038,0.009979868680281868
4,XZt,248,87,0.02622981555461365,0.00998059495120524
4,XZt,249,88,0.024867805684768016,0.009774307738342388
4,XZt,250,89,0.023892475731954427,0.009763166437173749
4,XZt,251,90,0.022882231540866757,0.00977318649257964
4,XZt,252,88,0.023705588272000814,0.009916551391605044
4,XZt,253,82,0.02151438230990172,0.009893956347994375
4,XZt,254,70,0.01744072725890369,0.009900261087387433
4,XZt,255,68,0.019168540972538967,0.009738173334919421
4,XZt,256,66,0.020423905164640842,0.009907580530799584
4,XZt,257,66,0.02229712944910654,0.009787596411163117
4,XZt,258,65,0.025934567720420035,0.00983926551409028
4,XZt,259,18,0.0782209901618472,0.00963735274375145
5,XYt,0,151,0.0015915967881405088,0.009998966583978721
5,XYt,1,152,0.0016145808279589887,0.009999882665880328
5,XYt,2,153,0.0016564056585564799,0.009995003442096903
5,XYt,3,152,0.0016370474791575127,0.009837845897912085
5,XYt,4,150,0.0016377241574134815,0.009892328291208676
5,XYt,5,149,0.0016158939332932478,0.009964439353843437
5,XYt,6,149,0.0016106689659333437,0.009948543333004167
5,XYt,7,151,0.0015738970439085624,0.009801890041584542
5,XYt,8,152,0.0015981435766440262,0.00989783827152371
5,XYt,9,154,0.0015861000667599858,0.009814028305525137
5,XYt,10,155,0.0016284724790774604,0.009897103603981331
5,XYt,11,156,0.0016675128975920741,0.009870219553019983
5,XYt,12,156,0.0017189578267430346,0.009935913740193845
5,XYt,13,156,0.0017312296297882636,0.009898871051388914
5,XYt,14,156,0.0016958669997496237,0.009800928077096536
5,XYt,15,155,0.0016831809063571328,0.00990424952339593
5,XYt,16,155,0.0016459184818394118,0.009936305839462438
5,XYt,17,154,0.0016413191088303612,0.009936878298211844
5,XYt,18,154,0.0016720411120397713,0.009820712299514265
5,XYt,19,155,0.0017451083657761357,0.009871878202811166
5,XYt,20,155,0.0017975155019212818,0.009954043221177416
5,XYt,21,156,0.0017938984921299355,0.009806105803700605
5,XYt,22,156,0.0018139167488551006,0.00981249222417947
5,XYt,23,155,0.001857441187660887,0.00996312036702741
5,XYt,24,155,0.001846722852166017,0.009855489322179676
5,XYt,25,154,0.001863148315910671,0.009896938770710427
5,XYt,26,153,0.001885781514181801,0.009974493246742634
5,XYt,27,153,0.0018741926648683108,0.009866171516599022
5,XYt,28,153,0.0018844276777772804,0.009835466243079944
5,XYt,29,153,0.0019065754449733943,0.009823671853088587
5,XYt,30,153,0.0019525055373975468,0.009880820650414825
5,XYt,31,153,0.0020089028305306884,0.009923249146058615
5,XYt,32,153,0.0020886866672457007,0.009973981054435178
5,XYt,33,153,0.002183859468000814,0.00995722022035088
5,XYt,34,153,0.0022990101736978614,0.009860886014098924
5,XYt,35,152,0.0025022422672984815,0.009893699565210424
5,XYt,36,151,0.002783487431364992,0.00987412571514551
5,XYt,37,150,0.003188655672746218,0.009803676296638015
5,XYt,38,148,0.003873816426774834,0.009903719610250631
5,XYt,39,146,0.004913858730516875,0.00997002197501995
5,XYt,40,145,0.0063540055032883435,0.009815751121032832
5,XYt,41,143,0.008509707039855716,0.009854925748932946
5,XYt,42,141,0.011167495168542568,0.009870320134609704
5,XYt,43,139,0.013973173293799603,0.009882677347585014
5,XYt,44,137,0.01691951612903286,0.009858977858491663
5,XYt,45,135,0.02003298364960674,0.009877455006562187
5,XYt,46,134,0.022480739013407556,0.009788161746373888
5,XYt,47,133,0.02352297596093602,0.009833787809228079
5,XYt,48,131,0.024002913833520614,0.009992933480916259
5,XYt,49,130,0.02387437661974292,0.00982094726066744
5,XYt,50,127,0.024838204262393266,0.009977293161024236
5,XYt,51,124,0.025752039573010966,0.009978582309791427
5,XYt,52,121,0.026396940775424364,0.009783982130849965
5,XYt,53,116,0.027809407364681744,0.00990779996865949
5,XYt,54,112,0.028109407578456803,0.009792228879072632
5,XYt,55,108,0.027979967225615566,0.009854484124572115
5,XYt,56,105,0.02684362186926374,0.009923188037550887
5,XYt,57,103,0.024958864564094276,0.009972731130232879
5,XYt,58,102,0.022851786606611125,0.009915016116483355
5,XYt,59,102,0.021124943976298667,0.009771157961940427
5,XYt,60,102,0.02036423910079097,0.009798412945201599
5,XYt,61,102,0.020240434054276182,0.009946325585069256
5,XYt,62,103,0.020067858582468335,0.009898486143405823
5,XYt,63,104,0.020083246503998686,0.009870450073632572
5,XYt,64,105,0.02011852283874637,0.009840727226541808
5,XYt,65,106,0.01996803150175905,0.009795795273967536
5,XYt,66,106,0.02014112065825467,0.00997131314019793
5,XYt,67,107,0.019670028210342985,0.009884079278496057
5,XYt,68,107,0.019537975097454852,0.009966491541892598
5,XYt,69,107,0.019246037472789208,0.009989072166246206
5,XYt,70,107,0.01898109761212295,0.009975440625591081
5,XYt,71,107,0.018676232794827788,0.009960226493834465
5,XYt,72,107,0.01851363051239685,0.009999927743315358
5,XYt,73,108,0.017930726164585995,0.009809920431185011
5,XYt,74,108,0.01782707921539645,0.009878871802079858
5,XYt,75,108,0.017698221085671484,0.009923822357987428
5,XYt,76,108,0.017441401284906028,0.009893152271757062
5,XYt,77,108,0.017100948287219007,0.009833463657334432
5,XYt,78,108,0.01689713658381551,0.009878187332684748
5,XYt,79,108,0.016772799258705267,0.009997853970949388
5,XYt,80,109,0.016092113156450046,0.0097783399441628
5,XYt,81,108,0.01617261347676501,0.00999932991414236
5,XYt,82,109,0.015647130413844842,0.009787322347332908
5,XYt,83,109,0.015490649558019223,0.009817067496006558
5,XYt,84,109,0.015256351375955601,0.009805544317596176
5,XYt,85,109,0.015030609447939974,0.009798191683461632
5,XYt,86,109,0.014836873454911524,0.009804804376473103
5,XYt,87,109,0.014545351137823716,0.009799973136779291
5,XYt,88,109,0.014328696186268183,0.00985084473477732
5,XYt,89,109,0.014180515197328351,0.009936850216099037
5,XYt,90,109,0.01405173023325187,0.009978404302080041
5,XYt,91,110,0.013698997049087587,0.00980295208964275
5,XYt,92,110,0.013630230855272337,0.009805977748296373
5,XYt,93,110,0.013575908708324813,0.009800200381587257
5,XYt,94,110,0.013480468279670706,0.009770004026647705
5,XYt,95,110,0.013389815526472625,0.009777466771295195
5,XYt,96,109,0.01352229918821805,0.009933866039302004
5,XYt,97,109,0.013329061100861291,0.009849630942799746
5,XYt,98,109,0.013178219667100272,0.009805774169595912
5,XYt,99,109,0.013103469235033966,0.009842921335337523
5,XYt,100,109,0.013070110919135278,0.009900207812724333
5,XYt,101,109,0.01302977638002323,0.009927295530478409
5,XYt,102,109,0.012938699435191773,0.009935637209091307
5,XYt,103,109,0.012844154020738604,0.009924186276302295
5,XYt,104,109,0.012729937679939324,0.00987135253178319
5,XYt,105,109,0.012626158529281036,0.009794323724984157
5,XYt,106,108,0.012830852440740205,0.009948854565773504
5,XYt,107,108,0.012796012892729936,0.009909777785119155
5,XYt,108,108,0.01280129249233853,0.009886398923401627
5,XYt,109,108,0.012798572018252557,0.009850332650477248
5,XYt,110,108,0.012804131997779487,0.00982027077590815
5,XYt,111,108,0.012877787446394229,0.009837899899904107
5,XYt,112,108,0.0129635510808577,0.009882904319682546
5,XYt,113,108,0.013083096666037563,0.009936609354718176
5,XYt,114,109,0.01297304478415143,0.009813294472521493
5,XYt,115,109,0.01317173840977533,0.00992335946488958
5,XYt,116,110,0.013099326059844886,0.009762780733303283
5,XYt,117,110,0.013346587006320259,0.009818702878834682
5,XYt,118,110,0.013641893081588034,0.009880499127781961
5,XYt,119,110,0.013878791738427588,0.00991451113544379
5,XYt,120,110,0.014078916673530834,0.00998943048429714
5,XYt,121,110,0.014065604276029438,0.009978487659560773
5,XYt,122,110,0.013979213926542666,0.009910967425964305
5,XYt,123,110,0.01393913454453825,0.009831229774694245
5,XYt,124,109,0.01423020368059401,0.009998867833173927
5,XYt,125,109,0.014279922096738456,0.009982886333293948
5,XYt,126,109,0.014349149221711703,0.009985212045521948
5,XYt,127,110,0.014207462194262072,0.009788820714645914
5,XYt,128,110,0.014487173336052265,0.009837400233791576
5,XYt,129,110,0.014756854792986041,0.009841745279694735
5,XYt,130,110,0.014947598991833847,0.009819906285399332
5,XYt,131,109,0.015416537926545142,0.009976799400361247
5,XYt,132,109,0.01564021189041979,0.009941125884022193
5,XYt,133,109,0.015879651667207294,0.00989408899840912
5,XYt,134,109,0.016089284205031407,0.009828375691885598
5,XYt,135,108,0.016648093508573814,0.009972698844277953
5,XYt,136,108,0.016913909122858905,0.00990768622679297
5,XYt,137,108,0.0170070517057969,0.009796035215199686
5,XYt,138,107,0.017544796032673185,0.0099888986432904
5,XYt,139,107,0.017790307916278114,0.009994527201063785
5,XYt,140,107,0.017908935165650817,0.009980786975930857
5,XYt,141,107,0.01787339761728019,0.009937072710662437
5,XYt,142,107,0.01783345371682851,0.009919645804887238
5,XYt,143,107,0.01781246729957402,0.009925799685036351
5,XYt,144,107,0.01778756577625757,0.009936007175721339
5,XYt,145,107,0.01773165058023125,0.009951857434871147
5,XYt,146,107,0.017698346401705735,0.00998180149644948
5,XYt,147,107,0.01765066267327195,0.009977186127835085
5,XYt,148,107,0.017597246906493426,0.009950453727938059
5,XYt,149,107,0.017533733705051364,0.009899181135385475
5,XYt,150,107,0.017467467158457133,0.009817890687321862
5,XYt,151,106,0.017796028607356598,0.009979033499402884
5,XYt,152,106,0.017740140222790867,0.009941070283527064
5,XYt,153,106,0.01774276215984831,0.00995199925056734
5,XYt,154,106,0.017773946684291886,0.009963218933532393
5,XYt,155,106,0.017751813513822774,0.009934303594601615
5,XYt,156,106,0.017765534997143846,0.009955921837421807
5,XYt,157,106,0.017633727785980352,0.009944802923540804
5,XYt,158,106,0.017385494031605116,0.009944000491794521
5,XYt,159,107,0.016876883944616172,0.009804293718857078
5,XYt,160,107,0.016647701465258537,0.00987851381963731
5,XYt,161,107,0.016391069097922355,0.009891905696546957
5,XYt,162,107,0.01608586468292427,0.0098888591173658
5,XYt,163,107,0.01578620099961972,0.009864214333894287
5,XYt,164,107,0.01550482387449783,0.009844730125795178
5,XYt,165,107,0.015263159316301268,0.009814710688171767
5,XYt,166,106,0.015283731696632634,0.009965081818687676
5,XYt,167,106,0.014867900643922953,0.00986815713260592
5,XYt,168,105,0.014756375169160476,0.00997436358710074
5,XYt,169,105,0.014405504168831058,0.009834822404401656
5,XYt,170,105,0.014204227247813594,0.00978473132471814
5,XYt,171,105,0.014146179417419115,0.009835017197329996
5,XYt,172,105,0.014106920359950974,0.009892462280868508
5,XYt,173,105,0.014075739933440577,0.009958004342234048
5,XYt,174,105,0.014033526662776628,0.009990252901862893
5,XYt,175,105,0.013966016112370685,0.009960459241455905
5,XYt,176,105,0.013811705110672323,0.009868787921220503
5,XYt,177,105,0.013736407577168914,0.009866649602003093
5,XYt,178,105,0.013684911480948993,0.009886351699925501
5,XYt,179,105,0.013659488304924831,0.009911339396321444
5,XYt,180,105,0.013503900463941945,0.009854334370757898
5,XYt,181,105,0.013360517084675134,0.009799368585176223
5,XYt,182,105,0.013282021552968615,0.009781157603875648
5,XYt,183,105,0.013215459208532773,0.00977748049240211
5,XYt,184,104,0.013434385076981938,0.009973640475032757
5,XYt,185,104,0.013402637730279611,0.00995077299024555
5,XYt,186,104,0.013363232849630037,0.009898980557685939
5,XYt,187,104,0.013358621583941079,0.009899372493564635
5,XYt,188,104,0.013383889444396365,0.009948130678357849
5,XYt,189,105,0.013186322152988384,0.009784593666017933
5,XYt,190,105,0.013258091516102532,0.009810869480500526
5,XYt,191,105,0.013356343314337667,0.0098480753488553
5,XYt,192,105,0.013446723841990625,0.009868811846891532
5,XYt,193,105,0.013534218776457194,0.009892478012328955
5,XYt,194,105,0.013654526116905293,0.009916106095065094
5,XYt,195,105,0.013830159079334747,0.009965425383056377
5,XYt,196,106,0.013724512119784354,0.009774058400721092
5,XYt,197,106,0.013920328362564353,0.009837274222282213
5,XYt,198,106,0.014165423050402727,0.009893453856433759
5,XYt,199,106,0.014413260228337294,0.00997674077138281
5,XYt,200,107,0.014236481048754756,0.009810430795916501
5,XYt,201,107,0.014218531270441986,0.009808540180051678
5,XYt,202,106,0.01441561412390687,0.009979577158473184
5,XYt,203,106,0.014343583747843653,0.009914249704286827
5,XYt,204,106,0.014288516065899898,0.009817689542031549
5,XYt,205,106,0.014354225363350025,0.009806967124378655
5,XYt,206,106,0.014539878478572271,0.009849372693073337
5,XYt,207,106,0.01485603650227499,0.00992711714369104
5,XYt,208,106,0.015184224724901097,0.009987323905537197
5,XYt,209,107,0.015199661292186433,0.009836549761163353
5,XYt,210,107,0.015392466145431298,0.009846260087797976
5,XYt,211,107,0.015561006676306482,0.00983707674645358
5,XYt,212,107,0.01576436387664137,0.009843444163354174
5,XYt,213,107,0.01601138346663483,0.009848545594581731
5,XYt,214,107,0.01627041968993048,0.009860395131992099
5,XYt,215,107,0.016571458323525648,0.009844575862779903
5,XYt,216,107,0.016946887061710495,0.009845491593674514
5,XYt,217,107,0.017272661812502057,0.009832095989776503
5,XYt,218,107,0.017672785665638024,0.009861172804198199
5,XYt,219,107,0.01812626541832414,0.009908739643173823
5,XYt,220,108,0.018146801092373082,0.009766318869452072
5,XYt,221,108,0.018398577034683162,0.009806597761688116
5,XYt,222,108,0.018642582496981277,0.00986919573722659
5,XYt,223,108,0.01881912621264849,0.009878487201304761
5,XYt,224,108,0.018968795207613406,0.00988822309676675
5,XYt,225,108,0.019019640163480133,0.009854200951806474
5,XYt,226,108,0.019061303532852434,0.00977458710814011
5,XYt,227,107,0.019486304514183147,0.009901306467212389
5,XYt,228,107,0.019552163786805788,0.009793053062347571
5,XYt,229,106,0.02001396018375529,0.009907887169872872
5,XYt,230,106,0.020108168719591465,0.00983735986664395
5,XYt,231,105,0.020634978992700143,0.00999764893178643
5,XYt,232,105,0.020671250631258357,0.00988836582508577
5,XYt,233,104,0.02102358030041272,0.009935471934875005
5,XYt,234,103,0.021391184429775407,0.009950821525848004
5,XYt,235,102,0.02172141574672674,0.009946415685657376
5,XYt,236,101,0.021977057990089165,0.009920022318450345
5,XYt,237,100,0.022137471425498167,0.009925896459595282
5,XYt,238,100,0.022036243112105076,0.009849344906306894
5,XYt,239,100,0.02202070441294059,0.009830067059809384
5,XYt,240,100,0.022055582025309012,0.009823450067724965
5,XYt,241,100,0.022050558116375157,0.009810006314353732
5,XYt,242,100,0.022043360406932767,0.009804031538108007
5,XYt,243,100,0.022035595434255893,0.009810301155944048
5,XYt,244,100,0.022027196066429035,0.009795001453895875
5,XYt,245,100,0.022034806188448792,0.009792783456835942
5,XYt,246,100,0.021994241288220383,0.009794444810146368
5,XYt,247,100,0.02202825808092825,0.009814002605892613
5,XYt,248,100,0.022134523701096663,0.009862988585117166
5,XYt,249,100,0.022192179607006632,0.009905746997870212
5,XYt,250,100,0.022203976021744815,0.009916250045543553
5,XYt,251,100,0.022234893809576217,0.009942633996317516
5,XYt,252,100,0.022217246104927896,0.009969331383286706
5,XYt,253,100,0.022149571655067177,0.009989310688238084
5,XYt,254,100,0.022049926476123645,0.009986800549794351
5,XYt,255,100,0.02176290814960373,0.009944834760452178
5,XYt,256,100,0.020858729241958206,0.009817505884036855
5,XYt,257,99,0.019574708464641863,0.009937502024683855
5,XYt,258,99,0.01707679889437641,0.009988087934185066
5,XYt,259,99,0.014374803322835262,0.00992723931195801
5,XYt,260,98,0.0129876800873917,0.009924339842582888
5,XYt,261,98,0.01240045327717897,0.009861565698535763
5,XYt,262,98,0.012267693624634115,0.009878432877954552
5,XYt,263,98,0.01230385158703458,0.009944167243196545
5,XYt,264,98,0.01229927145175358,0.009968220845913246
5,XYt,265,98,0.012294988026700513,0.009981209033293801
5,XYt,266,98,0.012262501988651836,0.009964730164520349
5,XYt,267,98,0.01230273542814618,0.00998065739805138
5,XYt,268,99,0.01206411093102814,0.009778019991063314
5,XYt,269,99,0.012119723853973205,0.009918265673924008
5,XYt,270,99,0.012116115077793126,0.00994150104428356
5,XYt,271,99,0.012154334567754088,0.009963923413275313
5,XYt,272,99,0.012135441107087717,0.009921812185334972
5,XYt,273,99,0.01217810000727832,0.009920021236535292
5,XYt,274,99,0.012202527023291755,0.009921885742010028
5,XYt,275,99,0.012261226107069936,0.009934196098233537
5,XYt,276,99,0.01227398093873611,0.009941861076861888
5,XYt,277,99,0.012281465332091783,0.009965914861047571
5,XYt,278,99,0.012259326394195545,0.009938243965192831
5,XYt,279,99,0.012263738996954456,0.009912544008000304
5,XYt,280,99,0.01221359208955613,0.009850360434457374
5,XYt,281,99,0.012196171979292972,0.009800700849161346
5,XYt,282,98,0.012420300019378553,0.009975338952103115
5,XYt,283,98,0.01248917447853235,0.009995212293746102
5,XYt,284,99,0.01225764778158538,0.009796117933303273
5,XYt,285,99,0.012277933120500748,0.009816778870755986
5,XYt,286,99,0.01228222936028392,0.00982140077443874
5,XYt,287,99,0.012282177095516062,0.009803650022489561
5,XYt,288,99,0.012295958291409177,0.009803339653782163
5,XYt,289,98,0.012555983179673142,0.009985225481157585
5,XYt,290,98,0.012548763199367308,0.009960284681249707
5,XYt,291,98,0.012531817493021291,0.009926607372263193
5,XYt,292,98,0.012539100170789233,0.009935143538731123
5,XYt,293,98,0.012529131300031138,0.00990492081437126
5,XYt,294,98,0.01253767429314382,0.009907215538234445
5,XYt,295,98,0.012536488452709202,0.009915643924140847
5,XYt,296,98,0.012514422592889618,0.009921429249129126
5,XYt,297,98,0.012555099888931845,0.009908004159115125
5,XYt,298,98,0.01255140165375446,0.009892881597105583
5,XYt,299,98,0.012554147733685557,0.00989107727182872
5,XYt,300,98,0.012576363233947976,0.009912573783064186
5,XYt,301,98,0.012621639665618356,0.009938349257938378
5,XYt,302,98,0.01262882729806198,0.00997798320171048
5,XYt,303,98,0.012629718376745886,0.00998544851006834
5,XYt,304,98,0.012655703991086467,0.009995391612759792
5,XYt,305,98,0.012634360183998859,0.00993858413773558
5,XYt,306,98,0.012641259029145705,0.009910885124959879
5,XYt,307,98,0.012600116920641726,0.009839059507520767
5,XYt,308,98,0.01262404410662211,0.009835067941072856
5,XYt,309,98,0.012602327229948362,0.00981676903110923
5,XYt,310,98,0.012659979693531567,0.009870290232081986
5,XYt,311,98,0.012638410966198823,0.00986918051239852
5,XYt,312,98,0.012650353169859008,0.009898492649017208
5,XYt,313,98,0.012669614237049041,0.009915291599048167
5,XYt,314,98,0.01273620221305055,0.00994443975969537
5,XYt,315,98,0.012743140865864672,0.009892928246972502
5,XYt,316,98,0.012767163453004831,0.009877052964685645
5,XYt,317,98,0.012783189147742305,0.009868415434542744
5,XYt,318,98,0.012804259110151496,0.00987010374700132
5,XYt,319,98,0.012817213420159432,0.009836291167993316
5,XYt,320,98,0.012869532716209053,0.00981714949026861
5,XYt,321,98,0.012941967661590592,0.009814548298526543
5,XYt,322,98,0.013056692478865853,0.009836198421951076
5,XYt,323,98,0.013225096479074848,0.009824534911035906
5,XYt,324,98,0.013959359134655902,0.009978801722782326
5,XYt,325,101,0.016459311928487194,0.009860641120315327
5,XYt,326,99,0.020959903226399818,0.009997739643348387
5,XYt,327,100,0.022203869003828,0.009792614127628343
5,XYt,328,100,0.02305923858589472,0.009867347380188015
5,XYt,329,100,0.023625469575554933,0.00991856216670462
5,XYt,330,100,0.023848645756563154,0.009914877560473356
5,XYt,331,100,0.024069581660774754,0.009923654723962175
5,XYt,332,100,0.02405328987505254,0.009883386482342266
5,XYt,333,100,0.024094929106685942,0.009863277490359961
5,XYt,334,100,0.024007843913424698,0.00981997240837022
5,XYt,335,100,0.02412743006157501,0.009834356959176633
5,XYt,336,100,0.024055098019900766,0.009837112750629432
5,XYt,337,100,0.024083849613252925,0.009858951187413674
5,XYt,338,100,0.02401945160716285,0.009868248490695284
5,XYt,339,100,0.024248773979201367,0.00998487614875535
5,XYt,340,102,0.02362664798053459,0.00983353241771992
5,XYt,341,103,0.023442424395358888,0.009888442343982645
5,XYt,342,104,0.023201141996624743,0.009904688928847096
5,XYt,343,106,0.02261955903281543,0.00981699206068062
5,XYt,344,107,0.022230147909483564,0.009818488632954136
5,XYt,345,107,0.022275322489383312,0.009977518518608314
5,XYt,346,108,0.021678847331840213,0.009837642978686327
5,XYt,347,108,0.02168235929161143,0.00993290010825918
5,XYt,348,109,0.02120101747918694,0.009806322509036769
5,XYt,349,109,0.021254680730233223,0.009916031954341709
5,XYt,350,109,0.0212314827971344,0.009990274388024353
5,XYt,351,110,0.02095234673966641,0.009878806616561656
5,XYt,352,111,0.020708817061733057,0.00984503755441889
5,XYt,353,112,0.02037691209398348,0.009792606455685525
5,XYt,354,112,0.020294359637635612,0.009874014302765436
5,XYt,355,112,0.020337076509389797,0.009951787874342278
5,XYt,356,112,0.020159891891151492,0.009978305885577346
5,XYt,357,112,0.019826428301413988,0.009979743315425161
5,XYt,358,112,0.01908611300240355,0.009866878574407429
5,XYt,359,112,0.018555045889819058,0.009806284750118166
5,XYt,360,112,0.01812302893923523,0.009845795183272324
5,XYt,361,112,0.017817777958767204,0.0098802302790351
5,XYt,362,112,0.017197803404812587,0.009820288808820484
5,XYt,363,112,0.016981692489147607,0.009835790328975646
5,XYt,364,112,0.017430827439985128,0.00997240234670439
5,XYt,365,113,0.017171647731080198,0.009838528810366603
5,XYt,366,113,0.017089325286415425,0.009850640993787107
5,XYt,367,113,0.01710318221098165,0.009862149569376182
5,XYt,368,113,0.01712440019500537,0.009946561895054539
5,XYt,369,114,0.016797626343098143,0.009817270840519665
5,XYt,370,114,0.016780180765388314,0.009887768848822805
5,XYt,371,114,0.016803207950028178,0.00995553158878679
5,XYt,372,114,0.016704758340979453,0.009983653389089088
5,XYt,373,115,0.01631384762588629,0.009804964190970027
5,XYt,374,115,0.016303382262666227,0.009890097937664178
5,XYt,375,115,0.016155483454225218,0.009913516252957486
5,XYt,376,115,0.015729577856019233,0.009788629388162167
5,XYt,377,114,0.015610939328162743,0.00987299468522272
5,XYt,378,113,0.015571838673902761,0.009984268281239366
5,XYt,379,113,0.01537330021831239,0.00993727575960559
5,XYt,380,113,0.015231500642928683,0.009893429447943932
5,XYt,381,113,0.015191878513348847,0.009901545477523808
5,XYt,382,113,0.015148270466739895,0.009926515470069015
5,XYt,383,113,0.015133912555780268,0.009933101621761723
5,XYt,384,113,0.015092476378646464,0.009950619831903387
5,XYt,385,113,0.01478994619623694,0.009891643125430161
5,XYt,386,113,0.014578386016028224,0.009846409964413771
5,XYt,387,113,0.014550009767628198,0.009850313038208798
5,XYt,388,113,0.014552275423606912,0.00986965410230255
5,XYt,389,113,0.014554224310288376,0.009858763943528673
5,XYt,390,113,0.0145503204063525,0.009830190980102595
5,XYt,391,113,0.014542709233640965,0.009822459620248946
5,XYt,392,113,0.014517538223959264,0.009799992302207522
5,XYt,393,113,0.014513194726853765,0.009786218573318326
5,XYt,394,112,0.014867092222161616,0.009998215194637694
5,XYt,395,112,0.014905699207890522,0.009965095281464288
5,XYt,396,112,0.015004598606892938,0.009949208938545505
5,XYt,397,112,0.015086508390129894,0.009956757263046246
5,XYt,398,113,0.014803789646903107,0.009782385377677323
5,XYt,399,113,0.014776476097547335,0.009799731101574397
5,XYt,400,113,0.014787383386756493,0.009828578256451746
5,XYt,401,113,0.014759232812650621,0.009834562128837187
5,XYt,402,113,0.014753307602435086,0.009845464341008567
5,XYt,403,113,0.01472862509161343,0.009837053289116597
5,XYt,404,113,0.014739883381805497,0.009816872346908282
5,XYt,405,113,0.014739783723414907,0.009809212550187497
5,XYt,406,113,0.014841295616135512,0.009827600338800462
5,XYt,407,113,0.014962311883558226,0.009867691084428141
5,XYt,408,113,0.015150679254103907,0.009917369108071594
5,XYt,409,113,0.015382163116979083,0.009992971608590709
5,XYt,410,114,0.015270434720210892,0.009844708867078021
5,XYt,411,114,0.015234951441278965,0.009823400356525487
5,XYt,412,114,0.015316516898796142,0.009846516784172983
5,XYt,413,114,0.015405742435689268,0.009880758736396874
5,XYt,414,114,0.015577155149609799,0.009934969614008178
5,XYt,415,114,0.01571922729958479,0.009975770384852263
5,XYt,416,115,0.015614618083980425,0.009801407154877997
5,XYt,417,115,0.015981524528339383,0.00991411925676296
5,XYt,418,115,0.01626277378399559,0.00998764736221136
5,XYt,419,115,0.016364344285591113,0.009895361329281344
5,XYt,420,114,0.016732296177326966,0.00993208374765829
5,XYt,421,114,0.01675438344154047,0.009818782673299461
5,XYt,422,114,0.01689810372197455,0.009792736329907162
5,XYt,423,113,0.017354702698141718,0.00997153486579115
5,XYt,424,113,0.017378230753926388,0.009904936526044511
5,XYt,425,113,0.01745957591469902,0.009852646079402063
5,XYt,426,112,0.017867298477224184,0.009995283699607076
5,XYt,427,112,0.01793745920919893,0.009988566631215003
5,XYt,428,113,0.017755041649249025,0.009822506604569792
5,XYt,429,113,0.017973989257083215,0.009846191416295537
5,XYt,430,113,0.018132630892887733,0.00982460864981312
5,XYt,431,113,0.018443575279942892,0.009873836040342482
5,XYt,432,113,0.018879586029168394,0.009949576782470567
5,XYt,433,113,0.019269191472028227,0.009985280298363637
5,XYt,434,113,0.019700726738061378,0.009968489474876373
5,XYt,435,113,0.01999339765262418,0.009869971084915777
5,XYt,436,113,0.02045829185965631,0.009878283487201107
5,XYt,437,113,0.020909942505116318,0.009913539529368423
5,XYt,438,113,0.021140103953284698,0.009897762367440208
5,XYt,439,113,0.021245963777457383,0.009849051233531915
5,XYt,440,113,0.021352831407306913,0.00978723681340878
5,XYt,441,112,0.022032044265090412,0.009960007210428204
5,XYt,442,112,0.022089904209102132,0.00983128872558884
5,XYt,443,111,0.022570774559789886,0.009904328628652107
5,XYt,444,111,0.022584465230647083,0.009814801996994178
5,XYt,445,110,0.023162355181976936,0.009964676849864932
5,XYt,446,110,0.023215667114486627,0.00987491589175648
5,XYt,447,110,0.02337884047886757,0.00980768994059421
5,XYt,448,109,0.023985354835572386,0.009923561712894447
5,XYt,449,109,0.024122577899774438,0.009786017325393194
5,XYt,450,108,0.0247400835033486,0.009839416198463891
5,XYt,451,107,0.025303101826919937,0.009850833839643847
5,XYt,452,106,0.025666472395791735,0.009796470709956517
5,XYt,453,105,0.02611467337266641,0.009814394107891769
5,XYt,454,103,0.026988656803962688,0.009999253707137178
5,XYt,455,103,0.026751030843748507,0.009830347106530041
5,XYt,456,103,0.026732505349744827,0.009793155532414496
5,XYt,457,103,0.02682601194490549,0.009804367062529787
5,XYt,458,103,0.02685008478564424,0.009815434027588592
5,XYt,459,103,0.026869897721013974,0.009829574092690403
5,XYt,460,103,0.02683358971113324,0.009822403348034019
5,XYt,461,102,0.027240998051328746,0.009999728649777445
5,XYt,462,102,0.027006261277877093,0.009942276690461944
5,XYt,463,102,0.026874474179483528,0.009909511355307368
5,XYt,464,102,0.026725513810243677,0.009876789998714011
5,XYt,465,102,0.02595727779817815,0.009804774274135912
5,XYt,466,101,0.024445818805733724,0.009901408900909464
5,XYt,467,101,0.021194325348229476,0.00995251419171247
5,XYt,468,101,0.017646188465691513,0.009951661154299718
5,XYt,469,100,0.015683835777735997,0.009971747437883599
5,XYt,470,100,0.014781884895086441,0.009850309224707622
5,XYt,471,100,0.014440593400334297,0.009779736529363262
5,XYt,472,100,0.014431025117974259,0.009828554232840002
5,XYt,473,100,0.014457495087626018,0.009870321765654066
5,XYt,474,100,0.014474691401473826,0.00989881196085414
5,XYt,475,100,0.014444318567423715,0.009891854159377505
5,XYt,476,100,0.014486904025628081,0.00993567447642689
5,XYt,477,100,0.01441126150409925,0.009893820518945261
5,XYt,478,100,0.01440124504773245,0.009911658294290356
5,XYt,479,100,0.014346128935224968,0.009865243562311068
5,XYt,480,100,0.014359137257062251,0.009866996593737753
5,XYt,481,100,0.01431388994417694,0.009818037170972542
5,XYt,482,100,0.0143074025042599,0.00981926853107972
5,XYt,483,100,0.014250218873986073,0.00978778564309875
5,XYt,484,100,0.01428346073579119,0.009818903456837799
5,XYt,485,100,0.014257451539052357,0.009797608930613379
5,XYt,486,100,0.01428295600772337,0.009827898474760217
5,XYt,487,100,0.014262294396582588,0.009826751202392108
5,XYt,488,100,0.014283139975749426,0.009852007176289444
5,XYt,489,100,0.014254667987041572,0.00982939229458951
5,XYt,490,100,0.014251237756936954,0.009825504395207109
5,XYt,491,100,0.01421387764747002,0.009796936859621436
5,XYt,492,100,0.014208254807291558,0.009791332829855035
5,XYt,493,99,0.014512683678247535,0.009994981966101466
5,XYt,494,99,0.014506460243661406,0.009992886760891476
5,XYt,495,99,0.014512930211103316,0.009998231833155876
5,XYt,496,99,0.014487111429540858,0.009978556496181195
5,XYt,497,99,0.014488704821362768,0.00998060631917188
5,XYt,498,99,0.014482312635259207,0.009971358346786974
5,XYt,499,99,0.014479772971741404,0.009963798463315616
5,XYt,500,99,0.014461411000660777,0.009932447903562066
5,XYt,501,99,0.014447497775642554,0.009904071805173779
5,XYt,502,99,0.014411709127017084,0.009856913085911427
5,XYt,503,99,0.01444255215987308,0.009873055017336544
5,XYt,504,99,0.01441476597214161,0.009842731060480812
5,XYt,505,99,0.014430929613114266,0.009850475383032537
5,XYt,506,99,0.01443181599019008,0.00983126416275905
5,XYt,507,99,0.014472850419326643,0.009870224989888874
5,XYt,508,99,0.014468222565169381,0.009869192474765408
5,XYt,509,99,0.014507036541071532,0.009937421563468253
5,XYt,510,99,0.01451210300904619,0.009951258335617505
5,XYt,511,99,0.014524385427393342,0.0099899182489332
5,XYt,512,99,0.014494858245794683,0.009968908284750621
5,XYt,513,99,0.014501351605056756,0.009997518498926385
5,XYt,514,99,0.014477858550811342,0.009970563972595128
5,XYt,515,99,0.014497587950285128,0.009993123043833171
5,XYt,516,99,0.014460100302933564,0.009946192860560546
5,XYt,517,99,0.01444447081885923,0.00993680971291194
5,XYt,518,99,0.014428462587885412,0.009908748849918417
5,XYt,519,99,0.014415814475066124,0.009915033435848463
5,XYt,520,99,0.014396295782215133,0.00989636129039096
5,XYt,521,99,0.014395699455604212,0.009899396887400966
5,XYt,522,99,0.014381724690027263,0.009860925740739374
5,XYt,523,99,0.014385474940603849,0.009848421360349762
5,XYt,524,99,0.014387034815039373,0.009825983913144336
5,XYt,525,99,0.014374010522699083,0.009826154851807918
5,XYt,526,99,0.01435030620977346,0.009812801756532303
5,XYt,527,99,0.01428749281167059,0.00980710884651807
5,XYt,528,98,0.014487413610711972,0.009978214997343861
5,XYt,529,98,0.014407809539583209,0.00991926549004183
5,XYt,530,98,0.014450311283304321,0.009886308818642574
5,XYt,531,98,0.01467391301216248,0.009931034428534585
5,XYt,532,99,0.014962242561355674,0.009830940473513487
5,XYt,533,100,0.01588324606720384,0.009847145144298458
5,XYt,534,101,0.017930383013616127,0.009888388075322514
5,XYt,535,101,0.02114296856848632,0.009895670438678781
5,XYt,536,100,0.02417430789659998,0.009894919340298604
5,XYt,537,100,0.026333395619390725,0.009924279281516568
5,XYt,538,101,0.027197597611117712,0.009850297239408595
5,XYt,539,101,0.02795265674770683,0.009985810182508058
5,XYt,540,103,0.027281865864471372,0.009785888458744448
5,XYt,541,104,0.026885935540000357,0.009860358668598936
5,XYt,542,104,0.026690838778662584,0.009986068665482295
5,XYt,543,105,0.025892873660010182,0.009810292403816664
5,XYt,544,105,0.0257700502848194,0.009864365025737372
5,XYt,545,105,0.025843585177865093,0.009992350270468705
5,XYt,546,107,0.025167679521726938,0.009914333059897057
5,XYt,547,109,0.024508838819930264,0.009988174434448759
5,XYt,548,111,0.02334619473663577,0.009878765332177655
5,XYt,549,112,0.022565347965020955,0.009825642026895608
5,XYt,550,112,0.02226721295767599,0.009926966863849123
5,XYt,551,113,0.02158264093458065,0.009793485402032997
5,XYt,552,113,0.021438519716706905,0.009867228821201541
5,XYt,553,113,0.021313416629189237,0.009922325448113532
5,XYt,554,113,0.021203784203763048,0.009959265813575015
5,XYt,555,113,0.021071775411601303,0.009975141519671833
5,XYt,556,113,0.020932763880145505,0.009979040490261399
5,XYt,557,113,0.020740006553116128,0.009951846111097255
5,XYt,558,113,0.020461656339104645,0.00989597303115742
5,XYt,559,112,0.02045001065003033,0.0099836485515007
5,XYt,560,111,0.020098710754478465,0.009979584686679708
5,XYt,561,110,0.019529615061583003,0.00983258883045754
5,XYt,562,109,0.0194731877034698,0.00985962284116272
5,XYt,563,110,0.019129752214792465,0.00980875628451119
5,XYt,564,111,0.018939174729712748,0.009916298750119531
5,XYt,565,113,0.018197982928538286,0.009804043032609304
5,XYt,566,113,0.017954092903258008,0.009983463108845382
5,XYt,567,114,0.017236051796367835,0.009819996452976517
5,XYt,568,114,0.016855915584087052,0.009797857590673425
5,XYt,569,113,0.016802501828038295,0.009938013397182246
5,XYt,570,113,0.016295678205585137,0.009802177462853794
5,XYt,571,112,0.016056174842102925,0.009782808315003288
5,XYt,572,110,0.016248210298630425,0.009961929412674013
5,XYt,573,110,0.01598438859868129,0.009797081465585696
5,XYt,574,109,0.016290074242665292,0.00994982056596587
5,XYt,575,109,0.016354821662708335,0.009924599385824243
5,XYt,576,109,0.0165558685846906,0.009984026413845479
5,XYt,577,110,0.016376080527210426,0.00984867854526947
5,XYt,578,110,0.016500448343338338,0.009920995453255945
5,XYt,579,110,0.016607940039468996,0.00995869248630674
5,XYt,580,110,0.016630765562913097,0.009951344077506195
5,XYt,581,110,0.01655916042835214,0.009935433046424557
5,XYt,582,110,0.01655360931715118,0.009984997610330384
5,XYt,583,111,0.016131159854068794,0.009808479451106066
5,XYt,584,111,0.016031734267290154,0.009842082244632004
5,XYt,585,111,0.01587379379898955,0.00986916474380183
5,XYt,586,111,0.01565719677311181,0.009907921833496069
5,XYt,587,112,0.015244773180876515,0.009878418753834566
5,XYt,588,113,0.014701759566546662,0.009856678982103018
5,XYt,589,113,0.014344097777646506,0.009912175331163186
5,XYt,590,113,0.01393050584917682,0.009910255932854741
5,XYt,591,113,0.013643825716470081,0.0099029729155887
5,XYt,592,113,0.013471241003689658,0.009883363134917575
5,XYt,593,113,0.013333403466621395,0.009826753386759956
5,XYt,594,112,0.013430474939198227,0.00990096772389491
5,XYt,595,112,0.013329169458698166,0.009829847602417535
5,XYt,596,111,0.013594740262411902,0.009980996662711406
5,XYt,597,111,0.013584205314533089,0.009897027694263382
5,XYt,598,111,0.013595506135402865,0.009803260828418793
5,XYt,599,110,0.013926640528680475,0.009930433532646754
5,XYt,600,110,0.013998136078887332,0.009847978899390208
5,XYt,601,110,0.014103510263194317,0.00980442726961225
5,XYt,602,110,0.014197741170220041,0.009781915243003113
5,XYt,603,109,0.014583912178799853,0.009999745285777397
5,XYt,604,110,0.014346470315751645,0.009792185037593664
5,XYt,605,110,0.014362997934968378,0.009800860183036459
5,XYt,606,110,0.014370374302947225,0.009800396410224427
5,XYt,607,110,0.014364641363973267,0.009801845695838234
5,XYt,608,110,0.014361065477730204,0.009798992364401078
5,XYt,609,110,0.014328532149124074,0.009794612464053588
5,XYt,610,110,0.014263983683828006,0.009790649365938573
5,XYt,611,110,0.014149773040816006,0.00980828577249749
5,XYt,612,110,0.01403307672795255,0.009844763376517138
5,XYt,613,110,0.013892342742490287,0.009884925661812276
5,XYt,614,110,0.013767512820156255,0.009925958092062804
5,XYt,615,110,0.013655905777206503,0.009958580403434931
5,XYt,616,110,0.013583544953370197,0.00998438007574364
5,XYt,617,111,0.0132672537890168,0.009801374852083834
5,XYt,618,111,0.013432615821810023,0.009921847341166818
5,XYt,619,112,0.01327657490663129,0.009821817114427466
5,XYt,620,112,0.013338261106892374,0.009840548906446827
5,XYt,621,112,0.013436139606512831,0.00983392259651668
5,XYt,622,112,0.013630875911039862,0.009805007975309114
5,XYt,623,111,0.014229848531763763,0.00994180979865524
5,XYt,624,111,0.014525004223559852,0.00983320170860398
5,XYt,625,110,0.015291350721119524,0.009999591804211519
5,XYt,626,110,0.015646479644545113,0.009971235104532215
5,XYt,627,110,0.015854048974501732,0.009958789480081484
5,XYt,628,111,0.01577789523007832,0.009786481779617504
5,XYt,629,110,0.016319100230241582,0.009984187659425766
5,XYt,630,110,0.016376494118371956,0.009911356180680874
5,XYt,631,110,0.016471289243238745,0.009903099716763961
5,XYt,632,110,0.016465180232123035,0.009924828643375069
5,XYt,633,110,0.016379283862131805,0.009880140661160447
5,XYt,634,110,0.016268542070546958,0.009828314539498041
5,XYt,635,109,0.016434973421036354,0.009946984865119921
5,XYt,636,109,0.016222177379855773,0.00988866592772117
5,XYt,637,109,0.01607120578847574,0.009878807702990485
5,XYt,638,109,0.016028908350830103,0.009904324294133881
5,XYt,639,109,0.01599500636664695,0.009928090664109513
5,XYt,640,110,0.01575007790286425,0.009800316466058155
5,XYt,641,110,0.016095512446216008,0.009992597843702307
5,XYt,642,112,0.01593693122187999,0.009799834596997636
5,XYt,643,112,0.016449096278170025,0.009971933098408926
5,XYt,644,113,0.016509503671902168,0.009829904923850824
5,XYt,645,113,0.01685742486481457,0.009839626716408263
5,XYt,646,113,0.017151731147495766,0.009794297425746527
5,XYt,647,112,0.017751830479962257,0.009845099693080776
5,XYt,648,110,0.018571892761597028,0.009969717323924474
5,XYt,649,109,0.01891207179808114,0.009857311049626004
5,XYt,650,108,0.019249194685276718,0.009831585112230418
5,XYt,651,107,0.019702599892559805,0.00998670920152491
5,XYt,652,109,0.019645640262698116,0.009875483214783397
5,XYt,653,110,0.020179444262425118,0.009980297689643614
5,XYt,654,111,0.02024853891173384,0.009925227668651806
5,XYt,655,112,0.02008929237084272,0.009793480470509219
5,XYt,656,112,0.020263290241311335,0.009824476465834125
5,XYt,657,112,0.02043169694594786,0.00983688035772008
5,XYt,658,112,0.020557569608593344,0.009831671351969136
5,XYt,659,112,0.02068186034434142,0.009809505774479685
5,XYt,660,111,0.0212494145860633,0.00998390386546277
5,XYt,661,111,0.021397622807025892,0.00992834686627527
5,XYt,662,111,0.02156674801524882,0.009847868281044133
5,XYt,663,110,0.022317414537161483,0.009970329307946958
5,XYt,664,110,0.022600858175966507,0.00982242083069842
5,XYt,665,109,0.023393029734613643,0.00980311686101505
5,XYt,666,107,0.02438108521667849,0.00980511524611357
5,XYt,667,104,0.02567728687869897,0.009953303536676342
5,XYt,668,103,0.02600896891373104,0.009856523272770083
5,XYt,669,102,0.026637079859463772,0.009960017986138353
5,XYt,670,102,0.026589295973037243,0.00983396898037901
5,XYt,671,101,0.026906095050444077,0.009866746412836672
5,XYt,672,99,0.027300729115138665,0.009998726682232468
5,XYt,673,99,0.026209008296850755,0.009797816512904825
5,XYt,674,98,0.025350642740985405,0.009827134551514802
5,XYt,675,98,0.023731713586097,0.00979195925086847
5,XYt,676,98,0.022022548372398695,0.00987937534571336
5,XYt,677,98,0.01991834887883252,0.009877727190488904
5,XYt,678,98,0.017828439382222346,0.009804444784330454
5,XYt,679,97,0.016629361179022174,0.009956992247557998
5,XYt,680,97,0.015453892144663478,0.009815774082574155
5,XYt,681,96,0.015020487894732305,0.009919099943036363
5,XYt,682,96,0.014507787958977775,0.009815921691200142
5,XYt,683,95,0.014479551361652652,0.009966941125192606
5,XYt,684,95,0.014269047989683032,0.009910931690085808
5,XYt,685,95,0.014137080059358553,0.009887164780699552
5,XYt,686,95,0.014083140642533482,0.009887695038344897
5,XYt,687,95,0.014048930621120576,0.00989684496634044
5,XYt,688,95,0.014095522677833833,0.009934512641996941
5,XYt,689,95,0.014143662355954175,0.009957808182825677
5,XYt,690,95,0.01422304882541261,0.00998201223711472
5,XYt,691,95,0.014313638568795221,0.009982595513971718
5,XYt,692,95,0.014376887530855146,0.009987628019581812
5,XYt,693,95,0.014431863965461525,0.00998710038118305
5,XYt,694,96,0.01416920713770004,0.00977868842319213
5,XYt,695,96,0.014199874165225104,0.00978970493431587
5,XYt,696,96,0.014194199703494826,0.00978207268852009
5,XYt,697,95,0.014491474260576011,0.009996157708961565
5,XYt,698,95,0.014488245221715094,0.009998663351504693
5,XYt,699,95,0.014477097161584096,0.00999468774031728
5,XYt,700,95,0.01444599312819816,0.00998613046395495
5,XYt,701,95,0.014421726875276635,0.009977364695128605
5,XYt,702,95,0.014391431072345598,0.00995740022354932
5,XYt,703,95,0.014395210486887116,0.00995568844470382
5,XYt,704,95,0.014350502810726563,0.009934413790676081
5,XYt,705,95,0.014351886275293518,0.009942105589304629
5,XYt,706,95,0.014331362729064044,0.009948968376365414
5,XYt,707,96,0.014084276779126142,0.009782700799595376
5,XYt,708,96,0.014246837240589678,0.009916229481317427
5,XYt,709,103,0.014084217778339767,0.009843877015589643
5,XYt,710,97,0.013834685144390447,0.009809350957522103
5,XYt,711,96,0.013498081624429666,0.009953270109402182
5,XYt,712,99,0.013508101318431137,0.009905620230582616
5,XYt,713,98,0.013064588506072087,0.009775837664619586
5,XYt,714,97,0.012798705594534233,0.009982580999661579
5,XYt,715,97,0.012072466289515943,0.009906276802565143
5,XYt,716,95,0.011434448587983393,0.009763195175899388
5,XYt,717,93,0.01140473839858172,0.00988239443965828
5,XYt,718,93,0.011236004845942319,0.009805365904948888
5,XYt,719,91,0.0116545271707771,0.009899277628074143
5,XYt,720,90,0.01198185036268305,0.009829872714705642
5,XYt,721,90,0.012151108400937494,0.009851971226545492
5,XYt,722,91,0.012285183538523575,0.009920288465968536
5,XYt,723,92,0.012184715821425095,0.009918213191614376
5,XYt,724,94,0.011689031704039534,0.009768313246084416
5,XYt,725,96,0.011409387963978416,0.00991613315358519
5,XYt,726,98,0.010874193828698465,0.009828387157915905
5,XYt,727,98,0.010399189694568824,0.009794691906896422
5,YZt,0,14,0.12577884963350963,0.009786392869948072
5,YZt,1,67,0.027754061442783425,0.009984465456417572
5,YZt,2,67,0.023748977448677495,0.009883824876235651
5,YZt,3,67,0.021954170707633662,0.009829494151854737
5,YZt,4,68,0.021225185273306843,0.009761053595025927
5,YZt,5,71,0.02134174636678104,0.009994028538805802
5,YZt,6,72,0.022636159018361753,0.009901508855974763
5,YZt,7,75,0.025323232891973715,0.009806698135910117
5,YZt,8,77,0.024730630148175923,0.009790584845858395
5,YZt,9,76,0.026093783986915663,0.009844073965623007
5,YZt,10,76,0.026365352441283633,0.009827579667081254
5,YZt,11,76,0.02737809645660978,0.009879114536750378
5,YZt,12,76,0.028007420627007496,0.009757477094632056
5,YZt,13,77,0.027937607391682905,0.00975311447192604
5,YZt,14,78,0.028367821632486974,0.009837439431847839
5,YZt,15,77,0.029799400367667685,0.009883734903137119
5,YZt,16,78,0.030304940038460605,0.009944041813715547
5,YZt,17,79,0.030314006299528438,0.009930947816544728
5,YZt,18,80,0.030078612829219867,0.00974847269635022
5,YZt,19,80,0.03027719784751591,0.009919855702142061
5,YZt,20,80,0.031053682014268464,0.009895248296642076
5,YZt,21,80,0.03121003466131079,0.009995543011338523
5,YZt,22,80,0.03153118958431315,0.00988896400566827
5,YZt,23,81,0.031088485140482576,0.009903265840877317
5,YZt,24,82,0.03143864458328713,0.009781200632641072
5,YZt,25,81,0.03226130931590481,0.009918505512225844
5,YZt,26,82,0.031853432773940274,0.00999737203789602
5,YZt,27,82,0.03193727651356168,0.009853842928876403
5,YZt,28,82,0.032681547613073667,0.00992888959459607
5,YZt,29,82,0.032209852481597995,0.009967996585557451
5,YZt,30,83,0.032213673274651494,0.009881638142866755
5,YZt,31,83,0.03265164749969161,0.00994107483337122
5,YZt,32,83,0.03282177606457585,0.009913198033420063
5,YZt,33,84,0.032861115383317846,0.009861573860994524
5,YZt,34,84,0.03357595644454773,0.00996580985954359
5,YZt,35,85,0.03295737083935133,0.009983451897709012
5,YZt,36,86,0.032531912810197135,0.009884441480172614
5,YZt,37,87,0.032171112106733804,0.009912791641005165
5,YZt,38,88,0.031706596050830635,0.009954417740587345
5,YZt,39,90,0.03033150796214405,0.009775373959435526
5,YZt,40,91,0.029582679686894757,0.009862859558250347
5,YZt,41,92,0.028561434290028533,0.009895447787920062
5,YZt,42,93,0.027978731634126758,0.00990250602864624
5,YZt,43,93,0.027204508373950942,0.009968179624223568
5,YZt,44,94,0.02596574063319744,0.009886657446611631
5,YZt,45,95,0.024768045760786665,0.009792229818530748
5,YZt,46,95,0.024094040951328884,0.009873571979331874
5,YZt,47,95,0.023535750316863297,0.009975437705278594
5,YZt,48,96,0.022495657140832983,0.00979430580080903
5,YZt,49,96,0.022330614118340603,0.009904937764401935
5,YZt,50,96,0.022056478665181296,0.009921600938658546
5,YZt,51,97,0.02150661649192253,0.009775705291697887
5,YZt,52,96,0.02172310711603442,0.009935784040040769
5,YZt,53,96,0.021843686422091148,0.009978230824094934
5,YZt,54,97,0.02143796266608017,0.009784453498168732
5,YZt,55,96,0.021886634355560628,0.009977322281843979
5,YZt,56,96,0.021944867995242496,0.009952833079825855
5,YZt,57,96,0.02224394110768543,0.00997581580178506
5,YZt,58,97,0.02208839192663264,0.009805529775757832
5,YZt,59,97,0.022201711077032636,0.009767868333671525
5,YZt,60,96,0.022760013954725378,0.009935290222654639
5,YZt,61,96,0.022683636410743325,0.009967816619894564
5,YZt,62,97,0.022267852428911415,0.009903216685150845
5,YZt,63,98,0.0214979785225833,0.009943150964473239
5,YZt,64,100,0.019446623131574334,0.009925526116095807
5,YZt,65,102,0.017234112006250437,0.00991773720535071
5,YZt,66,102,0.015231713749979921,0.009953821645071019
5,YZt,67,102,0.013333166879172385,0.009871291334991438
5,YZt,68,101,0.012098804143922382,0.009944053763119657
5,YZt,69,101,0.011171011594771837,0.009998069433900627
5,YZt,70,101,0.010266390941914233,0.009922600341450526
5,YZt,71,101,0.009605123604371294,0.009979725801091865
5,YZt,72,102,0.00895406404458244,0.009862901142394775
5,YZt,73,102,0.008560967057655898,0.009976041730662327
5,YZt,74,103,0.008135613104704119,0.009897109026081763
5,YZt,75,104,0.0077527127212720995,0.009806075470825593
5,YZt,76,104,0.007537987210106206,0.009859015571117282
5,YZt,77,105,0.007242586366232768,0.009786269883435113
5,YZt,78,105,0.007155661535907091,0.0099040461069788
5,YZt,79,106,0.006971146011306892,0.009859717699431092
5,YZt,80,106,0.006933455290803729,0.009995246961316968
5,YZt,81,107,0.006796454980300398,0.009994840453477712
5,YZt,82,108,0.006651361347114525,0.009918085037767886
5,YZt,83,109,0.006540759330061033,0.009854175901516214
5,YZt,84,109,0.006575127735391682,0.009975451922581329
5,YZt,85,110,0.006473305219968447,0.00983943770235387
5,YZt,86,111,0.006445772921857445,0.0097816254237732
5,YZt,87,111,0.006574070755469406,0.009947622908563065
5,YZt,88,112,0.006583930881329353,0.009993435189582553
5,YZt,89,113,0.006605286814718196,0.009999796803537173
5,YZt,90,114,0.006588238082278299,0.00996072076817377
5,YZt,91,115,0.006583455119952315,0.009980294233061753
5,YZt,92,116,0.006538533528634096,0.009907211437117995
5,YZt,93,117,0.006510635583919666,0.009847360557255604
5,YZt,94,118,0.006471090497749528,0.009859727029703273
5,YZt,95,119,0.006460805475286232,0.00980443399401669
5,YZt,96,119,0.006601647065710846,0.009959842956374535
5,YZt,97,120,0.006541719798731316,0.009835662504164152
5,YZt,98,121,0.006505630159060648,0.009847111045248734
5,YZt,99,121,0.0066255955850376734,0.009960285143053232
5,YZt,100,122,0.0065542867013269265,0.00980475691638259
5,YZt,101,122,0.006632896604111828,0.009870459160756666
5,YZt,102,123,0.006602493831991728,0.009929137437611068
5,YZt,103,124,0.00658055812290285,0.009837164340798905
5,YZt,104,124,0.0067375649401729045,0.009964401655541685
5,YZt,105,125,0.00672211964968746,0.009857117319443621
5,YZt,106,125,0.006899391023880273,0.00999396755625005
5,YZt,107,128,0.006653513922952632,0.009824902506998169
5,YZt,108,129,0.006742052024838446,0.009809732329570886
5,YZt,109,129,0.006969281303220643,0.009959431154781088
5,YZt,110,130,0.007009072726254087,0.009856416561457049
5,YZt,111,130,0.007164210302932012,0.009884658639695707
5,YZt,112,130,0.0072747455494753125,0.00981098653267275
5,YZt,113,129,0.007496531395722466,0.009900522810493076
5,YZt,114,134,0.006661737558661759,0.009822011150620123
5,YZt,115,133,0.006710030637837951,0.009908340727604542
5,YZt,116,133,0.006605749365605567,0.009821485854723859
5,YZt,117,132,0.006658427079054896,0.009991896613233709
5,YZt,118,132,0.0065941320652232955,0.009993833700153066
5,YZt,119,133,0.006422082259587077,0.009824639939857152
5,YZt,120,133,0.006411124265681048,0.00987396562253644
5,YZt,121,133,0.006390627753681991,0.00994329282724623
5,YZt,122,133,0.006350556964075016,0.009994930193422758
5,YZt,123,134,0.006151337648774978,0.00981915134341499
5,YZt,124,134,0.006090252499253151,0.009823105361814417
5,YZt,125,134,0.006023751392585262,0.009829780765984108
5,YZt,126,134,0.005981071758670459,0.009824980144377705
5,YZt,127,134,0.005970494233175316,0.009826661876933807
5,YZt,128,134,0.005966046125074748,0.009807268388958096
5,YZt,129,133,0.006112981682717953,0.009987648283288025
5,YZt,130,133,0.006124256517885519,0.009966212936212254
5,YZt,131,133,0.006130301911092148,0.009952138676305082
5,YZt,132,133,0.0061389180097632815,0.009927713993223878
5,YZt,133,133,0.006157209804434263,0.009896088844314692
5,YZt,134,133,0.0061842959387190255,0.009866828305047386
5,YZt,135,133,0.006210440183583841,0.00981861105974403
5,YZt,136,132,0.006370141236637696,0.00999753306823092
5,YZt,137,132,0.006392193409105204,0.009982293089751708
5,YZt,138,133,0.006313041010688373,0.009802375407131915
5,YZt,139,133,0.00642476418889167,0.009847646262148142
5,YZt,140,133,0.006555625080668825,0.009938815849508459
5,YZt,141,134,0.006501537630000115,0.009826146971998802
5,YZt,142,134,0.006525545524066466,0.009866363281900156
5,YZt,143,134,0.0064900271183433705,0.009854697899060984
5,YZt,144,133,0.006551165999333625,0.00999865215741182
5,YZt,145,133,0.006432976260678882,0.009878477035100515
5,YZt,146,127,0.007214437728379458,0.009801179155882765
5,YZt,147,126,0.007208304396288102,0.009839484839339588
5,YZt,148,125,0.007206836674343109,0.009865893574617436
5,YZt,149,124,0.007227495655662988,0.009884432173229294
5,YZt,150,123,0.00724218877997242,0.009896410712560425
5,YZt,151,122,0.007231815836734428,0.009896997097834885
5,YZt,152,121,0.007223445469427098,0.009850627374586704
5,YZt,153,118,0.007572612884632145,0.009872698066379623
5,YZt,154,117,0.007619847944277158,0.009876227019982312
5,YZt,155,116,0.007715939941095292,0.009925912292533867
5,YZt,156,115,0.007749177809138936,0.009928257219433963
5,YZt,157,114,0.007762126784202657,0.009885700551263551
5,YZt,158,111,0.008021141946609914,0.009977352631948246
5,YZt,159,110,0.007915168412794198,0.009951746969751105
5,YZt,160,109,0.007764893860112458,0.009965279450422073
5,YZt,161,109,0.0074713844255945155,0.009796335563880019
5,YZt,162,107,0.007549701111460438,0.009905519775255068
5,YZt,163,107,0.007406324425341289,0.009883202028427225
5,YZt,164,107,0.0072166565864639105,0.009814640780500903
5,YZt,165,106,0.007181053155013162,0.009932644795353919
5,YZt,166,105,0.007141415987144278,0.009917317084821693
5,YZt,167,105,0.006976321927364985,0.009846049867401896
5,YZt,168,105,0.0068251676251838535,0.009808015647760895
5,YZt,169,104,0.006811303742201466,0.009908137627297827
5,YZt,170,104,0.006714251742829135,0.009940842711546443
5,YZt,171,104,0.006664905869820601,0.009942506388557428
5,YZt,172,104,0.0066939332224545175,0.009923172818306486
5,YZt,173,104,0.006769797012409728,0.00998319503637579
5,YZt,174,104,0.006831287947868243,0.009960430994928063
5,YZt,175,104,0.0069574290011202985,0.009988662183671436
5,YZt,176,104,0.007035525831267454,0.009903912583657509
5,YZt,177,104,0.007114146134932032,0.009800949587213314
5,YZt,178,103,0.007428422854157177,0.009926316989318
5,YZt,179,102,0.007765468414512482,0.009953382637175203
5,YZt,180,102,0.008070456231577343,0.00989125375094267
5,YZt,181,101,0.008533627231973847,0.009924830960641338
5,YZt,182,101,0.009029234672730906,0.009895758831345143
5,YZt,183,100,0.009771757624757469,0.0099716505701503
5,YZt,184,100,0.010578189504970716,0.009933134885374586
5,YZt,185,100,0.011574974338006297,0.009885294579427668
5,YZt,186,100,0.012897588819858563,0.009843163165244235
5,YZt,187,100,0.01521797305222197,0.009960160840165464
5,YZt,188,100,0.017763099035521628,0.009807276596607746
5,YZt,189,97,0.021658434560202618,0.009941639691913353
5,YZt,190,95,0.025415406890771774,0.009781983190184638
5,YZt,191,92,0.028484779402065074,0.009854527144337964
5,YZt,192,91,0.030137090511265303,0.009887416538386797
5,YZt,193,90,0.030809215265195384,0.00978318844929253
5,YZt,194,90,0.03170980499333557,0.009811859691562718
5,YZt,195,89,0.032427668662111796,0.009956638921760904
5,YZt,196,89,0.03250647719110164,0.009832361086710872
5,YZt,197,89,0.03250526009033255,0.009784878931554034
5,YZt,198,88,0.033562676347377404,0.009976729091650014
5,YZt,199,88,0.03354804167814455,0.009869011328799858
5,YZt,200,88,0.03338282160617706,0.009873908556890654
5,YZt,201,88,0.03358272149377355,0.009859940457268483
5,YZt,202,88,0.03346748981241622,0.009774837922397063
5,YZt,203,87,0.033869452874604786,0.009950463897648275
5,YZt,204,87,0.03398996513380098,0.009943383803394155
5,YZt,205,87,0.03399424368094325,0.009868955011301984
5,YZt,206,87,0.03393171473824071,0.009790988480874549
5,YZt,207,86,0.03427462895171541,0.009968495319571516
5,YZt,208,87,0.033882812492606176,0.009833211297921626
5,YZt,209,86,0.03443021516232084,0.00994932397791656
5,YZt,210,86,0.034367476926360475,0.009973573910423736
5,YZt,211,86,0.03365332806264537,0.009799081942086264
5,YZt,212,86,0.03372956276676063,0.009779966517588114
5,YZt,213,85,0.0344119382323717,0.009947540448432709
5,YZt,214,85,0.03454039027285295,0.009952012731041649
5,YZt,215,85,0.03441496380350673,0.009892225995972543
5,YZt,216,85,0.03419637739625939,0.009823039806231112
5,YZt,217,85,0.03418446683831974,0.00989627786087092
5,YZt,218,85,0.0332379596956537,0.009787836083444156
5,YZt,219,84,0.03372295598064969,0.009901547567967553
5,YZt,220,83,0.034024924204232414,0.00999174776805012
5,YZt,221,83,0.033854022813359246,0.009944281184525177
5,YZt,222,83,0.03362433602343957,0.009901436464142098
5,YZt,223,83,0.03333164586325836,0.00983823738615805
5,YZt,224,83,0.03337872674152278,0.00991374089510713
5,YZt,225,83,0.03365504157288364,0.009780182077646655
5,YZt,226,82,0.03387303731587465,0.009978007249701376
5,YZt,227,82,0.033251244630169464,0.009843213789110326
5,YZt,228,82,0.03327051048238778,0.009952055868436725
5,YZt,229,82,0.032746640876564446,0.009877976084366712
5,YZt,230,81,0.032731970120183834,0.009954698062572279
5,YZt,231,81,0.033272852859134804,0.009925894142577761
5,YZt,232,81,0.032543919958863674,0.009873455125616222
5,YZt,233,82,0.03169259597741671,0.009767108584555128
5,YZt,234,80,0.032842646934308085,0.009929685990260114
5,YZt,235,81,0.03208606022869368,0.009860912679943736
5,YZt,236,80,0.0317283606174737,0.009987226498045966
5,YZt,237,79,0.032169202874654385,0.00995661967288273
5,YZt,238,80,0.03110622796527044,0.009819709553266161
5,YZt,239,79,0.03155035682081617,0.009942627828004244
5,YZt,240,80,0.030296930490620363,0.00978117868721059
5,YZt,241,79,0.030538018206485554,0.009794366069739213
5,YZt,242,78,0.030945569527809896,0.009998258439392387
5,YZt,243,78,0.03028599326551587,0.00976755753435756
5,YZt,244,76,0.03043729890749923,0.009966446005549627
5,YZt,245,77,0.029107214310081876,0.009914333987784879
5,YZt,246,76,0.028654317766631715,0.009845261111606574
5,YZt,247,75,0.02862287968719201,0.00978964283558626
5,YZt,248,75,0.028028347227947333,0.009924399167350757
5,YZt,249,75,0.02694130669082751,0.00984519453554541
5,YZt,250,75,0.02666650017491038,0.00982205251745429
5,YZt,251,76,0.02512263732087854,0.009783200595166278
5,YZt,252,74,0.026230761250253202,0.00998028271111357
5,YZt,253,73,0.022327386399855532,0.009756916895786396
5,YZt,254,72,0.021012755814601877,0.009918671687473969
5,YZt,255,68,0.021071573768360753,0.009807332486610813
5,YZt,256,67,0.021709161674616572,0.009908427769318717
5,YZt,257,68,0.023204522234618347,0.00978209956920875
5,YZt,258,68,0.027417937918532614,0.00987307194442709
5,YZt,259,15,0.12349609428824794,0.009214549257115411
5,XZt,0,14,0.12253272363274537,0.009495193492322921
5,XZt,1,66,0.026085021429999265,0.009854221023111101
5,XZt,2,66,0.022036864323653534,0.00979609531697536
5,XZt,3,66,0.020410273163031966,0.009883633294601426
5,XZt,4,67,0.019904552934525928,0.00980795780758522
5,XZt,5,68,0.02032280110873596,0.009909307427998523
5,XZt,6,71,0.02197581596719144,0.009842405723233954
5,XZt,7,74,0.02519646983226705,0.009904633975206868
5,XZt,8,76,0.024469963868127696,0.00978407545021876
5,XZt,9,75,0.02573340695748444,0.009749296411127543
5,XZt,10,74,0.02638571306835839,0.009869089395972289
5,XZt,11,74,0.027280948689820648,0.009848362434166723
5,XZt,12,73,0.028494785021433305,0.009888245347324657
5,XZt,13,74,0.028595846296426253,0.009958129441879586
5,XZt,14,76,0.028669439025671484,0.009832099498459073
5,XZt,15,75,0.029957305526367724,0.00980716325226695
5,XZt,16,77,0.030223842121257852,0.009747562400735712
5,XZt,17,78,0.03047421183698918,0.009778819266217015
5,XZt,18,78,0.030784987536603418,0.009789361702739505
5,XZt,19,79,0.0306244289992915,0.009846306802832036
5,XZt,20,79,0.03150764400991727,0.009850839442856854
5,XZt,21,80,0.031348344045007345,0.00977863503497205
5,XZt,22,79,0.03232965066905956,0.00985345237186243
5,XZt,23,80,0.03173491302406602,0.009851801280525515
5,XZt,24,81,0.03260897791094382,0.009919403984760444
5,XZt,25,80,0.033362256194819265,0.009946070308483301
5,XZt,26,82,0.0322750845267425,0.00979853820467185
5,XZt,27,82,0.03263752373066207,0.00976903021170038
5,XZt,28,82,0.03321868807668541,0.009764967155381015
5,XZt,29,82,0.032780446366137105,0.009828454081825914
5,XZt,30,83,0.032793849988585935,0.00977226908530999
5,XZt,31,83,0.03334646728844313,0.00985928383202339
5,XZt,32,83,0.03324121132054697,0.009808156729461422
5,XZt,33,83,0.03384472610532703,0.009937327446933946
5,XZt,34,84,0.03381929574312761,0.009775680981310101
5,XZt,35,84,0.03343210173219052,0.00989173116658132
5,XZt,36,84,0.033466832260526456,0.009893861430572156
5,XZt,37,84,0.03360867407624474,0.009905377758473716
5,XZt,38,84,0.0339851926854846,0.009947372058099422
5,XZt,39,85,0.03347003744551484,0.009769933014414945
5,XZt,40,85,0.03392584052779641,0.009977593892784336
5,XZt,41,86,0.03368706451217595,0.009887517720375726
5,XZt,42,87,0.03387384434563694,0.009812417925586625
5,XZt,43,87,0.033941120075651476,0.009880334715809735
5,XZt,44,88,0.03350952545464471,0.009804797965073967
5,XZt,45,88,0.03368482534786013,0.009946693843914826
5,XZt,46,89,0.03296538024565452,0.009826769145399336
5,XZt,47,90,0.0324464923322923,0.009776843499113145
5,XZt,48,90,0.03257216558721585,0.00994800321816859
5,XZt,49,91,0.03256646797318189,0.009943711464825897
5,XZt,50,92,0.032092717208369106,0.009869932171401407
5,XZt,51,93,0.03161793129885925,0.009836053767554687
5,XZt,52,93,0.03138739558881841,0.009904995812232423
5,XZt,53,94,0.031238291528876208,0.00986471707145901
5,XZt,54,95,0.03072538326057715,0.009774053616262891
5,XZt,55,95,0.030698430280261438,0.009935372012855138
5,XZt,56,96,0.030015438710461514,0.00984238586150238
5,XZt,57,97,0.029762378913564612,0.009803584024020356
5,XZt,58,98,0.029283898676865542,0.009772318115238944
5,XZt,59,98,0.029204481872872782,0.009938571718942765
5,XZt,60,99,0.02877483182834056,0.009857651215370753
5,XZt,61,100,0.028088091215634093,0.009833653721717487
5,XZt,62,100,0.027784496495612543,0.009992997538394851
5,XZt,63,101,0.027067291964603647,0.009881525651477326
5,XZt,64,102,0.026205846138387005,0.009804317098189722
5,XZt,65,103,0.02559252226592336,0.0097617321416644
5,XZt,66,103,0.025113119114108223,0.009895869611573762
5,XZt,67,104,0.024434137807855867,0.009932021921644274
5,XZt,68,105,0.023039139518847365,0.009909557694804906
5,XZt,69,107,0.02154429175493362,0.0098326721766451
5,XZt,70,108,0.020094486674676962,0.009934113063631058
5,XZt,71,110,0.018372241190062946,0.009860497524211007
5,XZt,72,112,0.017015884339432148,0.009804636505896459
5,XZt,73,113,0.015886266555715983,0.009890393802141281
5,XZt,74,114,0.014985189106676655,0.009950522065109234
5,XZt,75,115,0.014140599962631398,0.009938842846201201
5,XZt,76,116,0.013252726528360913,0.009854993892835437
5,XZt,77,116,0.012784387330815345,0.009989401245289055
5,XZt,78,117,0.011987850860254832,0.009830905694415549
5,XZt,79,117,0.011575196433517704,0.0098947954558828
5,XZt,80,117,0.011130729346753783,0.009909038974042378
5,XZt,81,117,0.010811760075973911,0.009964534752990329
5,XZt,82,117,0.010473755897161109,0.009969854887119054
5,XZt,83,118,0.009967304758140687,0.00979195698044847
5,XZt,84,118,0.009729475952787057,0.009815093804609838
5,XZt,85,118,0.009470855037756003,0.009838346086838845
5,XZt,86,118,0.009317648751467936,0.009881831702639388
5,XZt,87,118,0.009157387882670618,0.009908176313391507
5,XZt,88,119,0.008828576279898158,0.009792042708010738
5,XZt,89,119,0.008759103124059387,0.009884049805398809
5,XZt,90,120,0.008584109976457215,0.009837852443623875
5,XZt,91,121,0.008461203870319322,0.009967235170160803
5,XZt,92,123,0.008177658835020215,0.009855602966379046
5,XZt,93,124,0.008023360243635433,0.009883150445871193
5,XZt,94,125,0.007851553911702655,0.009961361856713239
5,XZt,95,126,0.007667040913245018,0.009941319288037981
5,XZt,96,127,0.007492252226908543,0.009884559755147336
5,XZt,97,127,0.007434800776473544,0.00998650147705564
5,XZt,98,128,0.007224877532227802,0.009979320965611027
5,XZt,99,129,0.00701870919979682,0.009841195252731434
5,XZt,100,129,0.006945771879487775,0.009878582964883214
5,XZt,101,129,0.006835939126449552,0.009877526720420311
5,XZt,102,130,0.006615171110136735,0.009829481673226604
5,XZt,103,130,0.00653483238364759,0.00984507033689465
5,XZt,104,130,0.00646686296887692,0.009858867052519928
5,XZt,105,130,0.006362615652921441,0.009835395157876828
5,XZt,106,130,0.006286797875340704,0.009841662633504247
5,XZt,107,131,0.006075784993776207,0.009906198486740845
5,XZt,108,131,0.006020444087995145,0.009924925968092534
5,XZt,109,131,0.005967682588439773,0.00991518219557789
5,XZt,110,131,0.00591400795119584,0.009908151554308953
5,XZt,111,131,0.005866764773620391,0.009896959529938876
5,XZt,112,131,0.005812371358414119,0.009869139886849485
5,XZt,113,131,0.005798572489563375,0.009877831343289407
5,XZt,114,136,0.005198535404771975,0.009914519176990917
5,XZt,115,136,0.005183374310860063,0.009928973367771479
5,XZt,116,136,0.00516655411332998,0.009931903440005118
5,XZt,117,136,0.005136379634112234,0.009926286483169773
5,XZt,118,136,0.005111306952720511,0.00991923820820913
5,XZt,119,136,0.005087287808031489,0.0099014217534376
5,XZt,120,136,0.005061772507054222,0.009879458297195312
5,XZt,121,136,0.005050909141612529,0.009877205401022068
5,XZt,122,136,0.00505253978681974,0.009887156794440728
5,XZt,123,136,0.005052391377869758,0.00988514568013423
5,XZt,124,136,0.00504297050787774,0.00987272718511603
5,XZt,125,136,0.005021919134881609,0.00987686699537863
5,XZt,126,136,0.0050033918952745214,0.009885286436555531
5,XZt,127,136,0.004999565680231766,0.00989669848721823
5,XZt,128,136,0.005006279522994431,0.009921675115033899
5,XZt,129,136,0.00501146397554928,0.009916830464833888
5,XZt,130,136,0.00503027691130262,0.009932095248335049
5,XZt,131,136,0.005039727956738205,0.009954230213094512
5,XZt,132,136,0.005052213675965493,0.009953951803339831
5,XZt,133,136,0.005080490407387927,0.009946175518377186
5,XZt,134,136,0.005112010594124764,0.009937791849377197
5,XZt,135,136,0.005158863460700278,0.00993882471985845
5,XZt,136,136,0.005197807382344067,0.009942617804487018
5,XZt,137,136,0.00522112867078728,0.009942088085775512
5,XZt,138,136,0.005252396674158848,0.009937730521726862
5,XZt,139,136,0.005281717428380407,0.009921942068128874
5,XZt,140,136,0.005318041560840059,0.009908639761050303
5,XZt,141,136,0.005347047406020083,0.009892524354121234
5,XZt,142,136,0.005377722081270301,0.009870678957876498
5,XZt,143,136,0.005408588743111548,0.009842039248361195
5,XZt,144,136,0.0054472710501506545,0.009824627845213542
5,XZt,145,135,0.005614889281696652,0.009999756555310027
5,XZt,146,130,0.006328884873484278,0.009952978270666374
5,XZt,147,130,0.00642393470707485,0.00997343901196102
5,XZt,148,131,0.00641476142694221,0.009815016870092926
5,XZt,149,131,0.006574053227476144,0.009862050381400546
5,XZt,150,131,0.006727574636531646,0.009896424268754997
5,XZt,151,131,0.00687860621375867,0.009917506083287685
5,XZt,152,131,0.007014886157604056,0.009887756133611692
5,XZt,153,130,0.007334501173059609,0.009817663149214789
5,XZt,154,129,0.007637764644524337,0.009991486132739813
5,XZt,155,129,0.007816341715990655,0.009976297239298586
5,XZt,156,129,0.007951271916829403,0.00994058166441443
5,XZt,157,129,0.008107359233405251,0.009912933938246691
5,XZt,158,128,0.008449708611194894,0.00994298905340037
5,XZt,159,128,0.008659112392054706,0.009956802150752056
5,XZt,160,128,0.008861148326003487,0.009972856352626316
5,XZt,161,128,0.009061626113684914,0.009995994355701667
5,XZt,162,128,0.009311465169600304,0.009942367213272123
5,XZt,163,129,0.009401682486714698,0.009830239331209314
5,XZt,164,129,0.0096562602339011,0.009902315582617524
5,XZt,165,129,0.009890553107859256,0.009946780935369506
5,XZt,166,129,0.010160756200155545,0.009939301778758762
5,XZt,167,129,0.010389578974826957,0.009979460009629697
5,XZt,168,129,0.010562005479126165,0.009967324004954214
5,XZt,169,129,0.01071810051754695,0.009842529176627477
5,XZt,170,128,0.011044076463765642,0.009907772423130004
5,XZt,171,127,0.011278632079997037,0.00988901090658178
5,XZt,172,125,0.011716369151643476,0.009995712124060856
5,XZt,173,124,0.01174282951130995,0.009849589146965125
5,XZt,174,122,0.011903754921853213,0.009910276354764942
5,XZt,175,120,0.012110365085215988,0.009981141827902015
5,XZt,176,119,0.011932587951984921,0.009824923574488444
5,XZt,177,117,0.012046098717294403,0.009919696888538219
5,XZt,178,116,0.011917825125057003,0.009826722337485648
5,XZt,179,114,0.012023193652973283,0.009953134627664477
5,XZt,180,113,0.012050817107702725,0.009985473921996429
5,XZt,181,113,0.011813685664275255,0.009806429609112153
5,XZt,208,99,0.016721112268765572,0.009954663792863036
5,XZt,209,99,0.016760705123162124,0.009908746142053249
5,XZt,210,99,0.016846002655237707,0.00989310283330967
5,XZt,211,99,0.01692183221501947,0.009817991102256157
5,XZt,212,98,0.017524626610597987,0.009982929721243943
5,XZt,213,98,0.017926042208497528,0.009935967286342684
5,XZt,214,98,0.018602269706150996,0.009928943641886916
5,XZt,215,98,0.019424960534731448,0.009895018198794762
5,XZt,216,98,0.020513596467396915,0.009849105018413655
5,XZt,217,98,0.021796837437340393,0.009777111270304298
5,XZt,218,97,0.023259615861262635,0.009800384833223118
5,XZt,219,95,0.02555747941925553,0.009974595389992067
5,XZt,220,94,0.027082715207612,0.009789042971334533
5,XZt,221,92,0.02905503460578326,0.009866655817815486
5,XZt,222,90,0.030737925105085065,0.009973370216885777
5,XZt,223,89,0.031469758496689884,0.009859734027401616
5,XZt,224,88,0.03201509278969835,0.0097743144050364
5,XZt,225,86,0.0335626551195089,0.00991233148105074
5,XZt,226,85,0.03355794915301032,0.009944221824185345
5,XZt,227,84,0.033521042099971476,0.009953310622627873
5,XZt,228,84,0.03323554378767058,0.00989487486914831
5,XZt,229,84,0.0327296894883904,0.009807351246820166
5,XZt,230,83,0.03262067954545588,0.009838999044864682
5,XZt,231,83,0.033126502901271684,0.009804982877524376
5,XZt,232,83,0.03246197982010179,0.009766685516817312
5,XZt,233,83,0.032071908976696276,0.009798080503027981
5,XZt,182,112,0.012039340721663249,0.009978529299626747
5,XZt,183,112,0.011978219897843265,0.009928521293080896
5,XZt,184,112,0.012090199558276886,0.009989547823182619
5,XZt,185,113,0.011949340382945779,0.009841635759711252
5,XZt,186,113,0.012104891041780847,0.009925655486876146
5,XZt,187,114,0.01215138116936321,0.009833484160764995
5,XZt,188,114,0.012404555840900992,0.009927840246742772
5,XZt,189,114,0.012756978734349575,0.009990380436901508
5,XZt,190,114,0.013164153516050228,0.009999320714132318
5,XZt,191,114,0.013326973069924548,0.009794982043903739
5,XZt,192,112,0.014142007827955836,0.009947075730430936
5,XZt,193,110,0.01455919783410871,0.009899274530410146
5,XZt,194,108,0.01499512486216852,0.009841786485688774
5,XZt,195,105,0.015470194920987265,0.00990403256121666
5,XZt,196,103,0.015625333899819835,0.009780683334395152
5,XZt,197,101,0.01587001801570127,0.009818052787437513
5,XZt,198,100,0.01602200162951152,0.009808878520151517
5,XZt,199,99,0.016238981674106753,0.009878566668067502
5,XZt,200,99,0.016270455029463254,0.00989142852184122
5,XZt,201,99,0.016334604542659434,0.00989122972454666
5,XZt,202,99,0.01637827664063488,0.009883181473004831
5,XZt,203,99,0.01639213858551103,0.009882848314064989
5,XZt,204,99,0.0164751714156174,0.009915316726883236
5,XZt,205,99,0.016487942382423917,0.009873492782944719
5,XZt,206,99,0.016532815710663767,0.00988899113845527
5,XZt,207,99,0.016515005051424968,0.009885260844628006
5,XZt,234,81,0.03324008762681996,0.009969092075669983
5,XZt,235,82,0.032489675784625846,0.009918499715364609
5,XZt,236,81,0.03166208579474319,0.009856522339439991
5,XZt,237,80,0.03219699935088195,0.009856147055803637
5,XZt,238,81,0.031356224495924574,0.009828044965254
5,XZt,239,80,0.031392268564169226,0.009847141407422058
5,XZt,240,80,0.030707087308108724,0.009898805997569569
5,XZt,241,79,0.030843585416737256,0.009863736674499602
5,XZt,242,79,0.03047502272954092,0.009788600880744196
5,XZt,243,78,0.03045910057058596,0.009796158313883477
5,XZt,244,76,0.030431416589855643,0.009922626609667565
5,XZt,245,77,0.02916747943055354,0.009935370083848727
5,XZt,246,76,0.028577411548914747,0.009850213731043712
5,XZt,247,74,0.029018063687969983,0.009961566565371019
5,XZt,248,75,0.02778012601279241,0.009952140216910058
5,XZt,249,75,0.02642302534793681,0.009866360173902298
5,XZt,250,75,0.026333023603154027,0.00998320041171803
5,XZt,251,76,0.024679797867190944,0.009904792256345015
5,XZt,252,74,0.025351600907449957,0.00996701096454236
5,XZt,253,71,0.022215693747168704,0.009908620032084208
5,XZt,254,68,0.020071839173535413,0.009878323764722795
5,XZt,255,67,0.01971736027076455,0.009820154927318001
5,XZt,256,66,0.020341344272616378,0.009922072258277284
5,XZt,257,66,0.02190624471942893,0.009868937144994129
5,XZt,258,66,0.025836341332482235,0.009922349244690007
5,XZt,259,14,0.11821742691747329,0.009678727439882764
6,XYt,0,151,0.0015493543573311037,0.009978183804741553
6,XYt,1,152,0.0015668941141486399,0.009955931539541055
6,XYt,2,153,0.0016189674041011642,0.009991508153336425
6,XYt,3,154,0.0016363727589681605,0.009899210950642499
6,XYt,4,153,0.001666237483796974,0.009853402578620553
6,XYt,5,151,0.001664092143920147,0.00986537846378432
6,XYt,6,151,0.001658787519084385,0.009882245651817525
6,XYt,7,153,0.0016256531751724869,0.0097965068633679
6,XYt,8,154,0.0016348709804996386,0.00984147046479679
6,XYt,9,154,0.001653091475576989,0.009900845231458209
6,XYt,10,154,0.0016689118695137621,0.009817280679663469
6,XYt,11,153,0.0017406880035309418,0.009923516829334806
6,XYt,12,153,0.001751170840646425,0.00984138649204731
6,XYt,13,152,0.0017822832531540055,0.009979846557186294
6,XYt,14,152,0.001766324534573043,0.00992112581036842
6,XYt,15,152,0.0017459907606744518,0.009900061460793513
6,XYt,16,152,0.0017237184935395304,0.009914690290289045
6,XYt,17,152,0.001726244011236392,0.009997363909629398
6,XYt,18,152,0.0017474788685891514,0.009964746858949764
6,XYt,19,152,0.0018310179883506636,0.009973333244140912
6,XYt,20,152,0.001873768833473589,0.009950672143292373
6,XYt,21,152,0.001904988211215039,0.009953766654616435
6,XYt,22,152,0.0019293333378835543,0.009989526105232545
6,XYt,23,153,0.00190760090135314,0.009860370641668276
6,XYt,24,153,0.0019262120965600807,0.009944217429964285
6,XYt,25,154,0.0018983887826932633,0.009832811501201447
6,XYt,26,154,0.0019035953280737996,0.00988280929611338
6,XYt,27,154,0.0019110288494944027,0.009908967642978612
6,XYt,28,154,0.0019202787096134501,0.009909677062495856
6,XYt,29,154,0.001934869789653078,0.009900996449777955
6,XYt,30,154,0.0019548306500662854,0.00987576469054863
6,XYt,31,154,0.001987426289584734,0.009847838855265014
6,XYt,32,153,0.002077442821108524,0.009989913414378555
6,XYt,33,153,0.002145507033287786,0.009889170600586113
6,XYt,34,152,0.0022940452655546475,0.009962594662531072
6,XYt,35,151,0.0024936072493056977,0.009996592537727474
6,XYt,36,150,0.0027841078521886552,0.009994597537977197
6,XYt,37,149,0.003218605782115215,0.00995121681255055
6,XYt,38,148,0.0038694902544815957,0.009858796058284868
6,XYt,39,146,0.004977520658557973,0.00993533528450877
6,XYt,40,144,0.00662086373981321,0.009987176680924007
6,XYt,41,143,0.008512734314690936,0.009810616227329805
6,XYt,42,141,0.010769162204358576,0.009835090857516071
6,XYt,43,139,0.013233152934395023,0.009862561468642757
6,XYt,44,137,0.01599566558302729,0.009859451938471007
6,XYt,45,135,0.018979616201629912,0.00991108329595685
6,XYt,46,134,0.021491643715077138,0.009870469645889456
6,XYt,47,133,0.022719641889251477,0.009965289681931043
6,XYt,48,132,0.022908309608134444,0.00995256757152172
6,XYt,49,131,0.023012138285889785,0.009842185839947785
6,XYt,50,129,0.02365243492272045,0.009829452348388133
6,XYt,51,126,0.024763367579243484,0.009909927242609069
6,XYt,52,123,0.025565545519031268,0.009797272627012665
6,XYt,53,118,0.027007088706010086,0.009972272121753448
6,XYt,54,114,0.027175471314878814,0.009836141682764681
6,XYt,55,110,0.02669336712450328,0.009809307739631267
6,XYt,56,107,0.025170267144249185,0.009764366403295765
6,XYt,57,104,0.023763645801070658,0.0099650118119561
6,XYt,58,103,0.021808857776669088,0.009843863387031127
6,XYt,59,102,0.020733357973437044,0.009881232857539377
6,XYt,60,102,0.020061868476517634,0.009866488611097964
6,XYt,61,102,0.019974595301336877,0.009989089357210846
6,XYt,62,103,0.019782460116959014,0.009911157473698829
6,XYt,63,104,0.019769234575747807,0.009857274030423356
6,XYt,64,105,0.019763873836917596,0.009808887039074786
6,XYt,65,105,0.020038620893143986,0.009992617176711807
6,XYt,66,106,0.01971995345711639,0.009922043129828625
6,XYt,67,107,0.019254528494176058,0.009833941150087866
6,XYt,68,107,0.01912042280908336,0.00991119375020262
6,XYt,69,107,0.018833197937410867,0.009926161908988826
6,XYt,70,107,0.018570237433605665,0.00990493381713711
6,XYt,71,107,0.018263678651130034,0.009879250412793748
6,XYt,72,107,0.01810442009446068,0.009918435022163339
6,XYt,73,107,0.01794832980644394,0.009975831171258638
6,XYt,74,108,0.017419099241308616,0.009797026690850355
6,XYt,75,108,0.01729699672281461,0.009848859442503228
6,XYt,76,108,0.017048716986608887,0.009824030195213445
6,XYt,77,108,0.016723517251325273,0.00977344565727967
6,XYt,78,108,0.016534433735645466,0.009835724312344453
6,XYt,79,108,0.016416922769435335,0.00996332126930907
6,XYt,80,108,0.016122938398345322,0.009989180683714427
6,XYt,81,108,0.015851057192161514,0.009977364157280108
6,XYt,82,109,0.01534458655695294,0.00976493300488762
6,XYt,83,109,0.015206522028061149,0.009801819964263827
6,XYt,84,109,0.014988574851978687,0.009793443210027068
6,XYt,85,109,0.014783955144303617,0.009791109763877474
6,XYt,86,109,0.014599715528443812,0.009798800141224433
6,XYt,87,109,0.01430938052607091,0.009791975143793732
6,XYt,88,109,0.014091082927574109,0.009850167034538504
6,XYt,89,109,0.01395201426592634,0.009947954283502472
6,XYt,90,110,0.013518468209454881,0.009763203970246614
6,XYt,91,110,0.01348197304398313,0.009826528940425227
6,XYt,92,110,0.013418717471620604,0.009826699869607882
6,XYt,93,110,0.013370474020506113,0.009818100027092833
6,XYt,94,110,0.013281224865951426,0.009782600962801402
6,XYt,95,110,0.013196947731953205,0.009793827862888268
6,XYt,96,109,0.013342649886935395,0.00996363850353714
6,XYt,97,109,0.013148477422417315,0.009872488098335254
6,XYt,98,109,0.012992639506667113,0.009829973163216535
6,XYt,99,109,0.012916874771618972,0.00986976393276538
6,XYt,100,109,0.01289266822947779,0.009932756939345727
6,XYt,101,109,0.012856483616456173,0.009959501816526349
6,XYt,102,109,0.012768550543073957,0.009966442005725776
6,XYt,103,109,0.012677024022667007,0.009961033544495661
6,XYt,104,109,0.012561599032337492,0.009908728270124572
6,XYt,105,109,0.01245817994359655,0.009830735774138866
6,XYt,106,108,0.012660956866154831,0.00998018047244401
6,XYt,107,108,0.012633213408616624,0.009942215159154524
6,XYt,108,108,0.012637722731229947,0.00991976536031133
6,XYt,109,108,0.012631480390015555,0.009880408969219502
6,XYt,110,108,0.01263671908804422,0.009851169404224938
6,XYt,111,108,0.012707496761217435,0.009868118522682946
6,XYt,112,108,0.012781573699527734,0.009905503213184903
6,XYt,113,108,0.012889187580683683,0.00995251634847799
6,XYt,114,109,0.012777760039135229,0.009834705635922786
6,XYt,115,109,0.012973563324435045,0.009952080672354226
6,XYt,116,110,0.012901289975655959,0.00978421303785767
6,XYt,117,110,0.013156559245973434,0.009847744038267513
6,XYt,118,110,0.0134498145327172,0.009907649395813466
6,XYt,119,110,0.013695243675341341,0.00994265828401382
6,XYt,120,111,0.0135610753490277,0.009765712783969196
6,XYt,121,110,0.013852050956535359,0.00999369600676716
6,XYt,122,110,0.013756237513954762,0.009919697738642137
6,XYt,123,110,0.013702147156841872,0.009831290363108643
6,XYt,124,110,0.013675889675363593,0.009767619930467777
6,XYt,125,109,0.014045478323200637,0.009994097651919151
6,XYt,126,110,0.013806285187481043,0.009762723017753031
6,XYt,127,110,0.013991924720715315,0.009810184642608345
6,XYt,128,110,0.01427329473108923,0.009865578092821741
6,XYt,129,110,0.014532178612863515,0.00986301796569789
6,XYt,130,110,0.014702916645224464,0.00982259292401538
6,XYt,131,109,0.015149669191569392,0.00996703696188457
6,XYt,132,109,0.015349099410176911,0.009922314631468995
6,XYt,133,109,0.015578713959719513,0.009874557765900275
6,XYt,134,109,0.015773169109149127,0.009799740958328463
6,XYt,135,108,0.016312083611642065,0.009939895043025261
6,XYt,136,108,0.016575423817336586,0.009880142290583606
6,XYt,137,108,0.016661741624137902,0.00976474725551483
6,XYt,138,107,0.017167075149596388,0.009943958398765588
6,XYt,139,107,0.017394314773501205,0.009940651920313827
6,XYt,140,107,0.017485755092143375,0.009912199152107415
6,XYt,141,107,0.017431758205148033,0.009863019597949807
6,XYt,142,107,0.01738023008417172,0.009841303063865874
6,XYt,143,107,0.017372366998099627,0.009852789867741546
6,XYt,144,107,0.017350339505441695,0.009861736564596272
6,XYt,145,107,0.01729915058662688,0.009878691997649063
6,XYt,146,107,0.017269752633251267,0.009909950527449843
6,XYt,147,107,0.01721363376416642,0.009903481194270706
6,XYt,148,107,0.017153025249901668,0.00987111659587092
6,XYt,149,107,0.01708211158039107,0.009817592794051859
6,XYt,150,106,0.01739787099966324,0.009969009485525428
6,XYt,151,106,0.017329473001067023,0.0098893306796091
6,XYt,152,106,0.017259134514677355,0.009845812079366328
6,XYt,153,106,0.017251332268205802,0.009850020483902102
6,XYt,154,106,0.017287279217298744,0.009863785638371715
6,XYt,155,106,0.017274197697190064,0.009832533161983644
6,XYt,156,106,0.01729767522108242,0.009849710486710126
6,XYt,157,106,0.017183086273012887,0.00984501520620776
6,XYt,158,106,0.01694001586189158,0.009847374570222934
6,XYt,159,106,0.01681708240282557,0.009947618207583352
6,XYt,160,107,0.016227048297836996,0.009791917600321264
6,XYt,161,107,0.01598672631716687,0.009813801380911542
6,XYt,162,107,0.015692889863541913,0.009812026813518672
6,XYt,163,107,0.01539895756227554,0.009787873913532627
6,XYt,164,107,0.015132760486238067,0.00977370810944249
6,XYt,165,106,0.015241657357366135,0.009987067604354775
6,XYt,166,106,0.014939901702126716,0.009913056667976879
6,XYt,167,106,0.014523571186725084,0.009811564662405356
6,XYt,168,105,0.014418119888643314,0.009918004882801413
6,XYt,169,105,0.014073602299317783,0.009777210457478574
6,XYt,170,104,0.014186171121948643,0.009961203243089993
6,XYt,171,105,0.013808215231603138,0.009775621930342187
6,XYt,172,105,0.013775820336899879,0.009838186269150319
6,XYt,173,105,0.013738274574560944,0.009899324789888765
6,XYt,174,105,0.0136966544629327,0.009933290165546069
6,XYt,175,105,0.013629156031902782,0.009907054123199806
6,XYt,176,105,0.01347734966767239,0.009808674220087292
6,XYt,177,105,0.013410183975044202,0.009801702255136636
6,XYt,178,105,0.013355293860903764,0.009825178877668678
6,XYt,179,105,0.013324622915288105,0.009850810959824333
6,XYt,180,105,0.013174841716770034,0.0098039664023461
6,XYt,181,104,0.013322128877612664,0.009977331348467075
6,XYt,182,104,0.013246368265270751,0.009961096037012717
6,XYt,183,104,0.013179772148837376,0.009951856895644111
6,XYt,184,104,0.013107097019219688,0.009913953623823713
6,XYt,185,104,0.013080347724901936,0.00989083366812471
6,XYt,186,104,0.013047367146020226,0.009841148747130357
6,XYt,187,104,0.013038945400872765,0.00984009191236902
6,XYt,188,104,0.013063912700870603,0.00989563952817354
6,XYt,189,104,0.013156401718356176,0.009965395765904916
6,XYt,190,104,0.01323320939273277,0.009997070290736996
6,XYt,191,105,0.013041753500364718,0.009801367186998403
6,XYt,192,105,0.01313054039502525,0.009819948910175366
6,XYt,193,105,0.013208189114201262,0.009831396255476868
6,XYt,194,105,0.01331909218293973,0.009850834929157738
6,XYt,195,105,0.013483884197325696,0.009896724591800138
6,XYt,196,105,0.013671154403272249,0.009926866315634249
6,XYt,197,105,0.013872221385999623,0.009993830248252926
6,XYt,198,106,0.013820600301960423,0.009831327480151043
6,XYt,199,106,0.014082442566831868,0.009926575476892206
6,XYt,200,106,0.014217917145621269,0.009984260219087302
6,XYt,201,106,0.014187601336876408,0.00997875654991388
6,XYt,202,106,0.014071978351890658,0.009921517412305396
6,XYt,203,106,0.013998790302227913,0.009855598221507134
6,XYt,204,105,0.014254860188311992,0.009986566804026686
6,XYt,205,105,0.014335130591659341,0.00998688974788646
6,XYt,206,106,0.014205078469404078,0.00979904931869223
6,XYt,207,106,0.014518874498733464,0.009876321097801212
6,XYt,208,106,0.014850085972881875,0.00993557239600082
6,XYt,209,107,0.01485845871216932,0.009781043486597446
6,XYt,210,107,0.015036455237562292,0.0097838477525294
6,XYt,211,107,0.015196961786945662,0.00977345883496217
6,XYt,212,107,0.015384535456011353,0.00977797828114005
6,XYt,213,107,0.01563225215343575,0.009786002519524092
6,XYt,214,107,0.01588088243210802,0.009795291816525498
6,XYt,215,107,0.01617624484496799,0.00978338262474509
6,XYt,216,107,0.016534391571212538,0.009782165947735762
6,XYt,217,107,0.01683884973360686,0.009762393757755047
6,XYt,218,107,0.017213720674258026,0.009776162080486287
6,XYt,219,107,0.01763794317179861,0.009807410341245064
6,XYt,220,107,0.018044954504885625,0.009891255223526333
6,XYt,221,107,0.018289589232183212,0.009931121425735451
6,XYt,222,108,0.01811971049411965,0.009756149457582346
6,XYt,223,108,0.018299319934232065,0.009774659576710365
6,XYt,224,108,0.01844545350791272,0.009785596720316904
6,XYt,225,108,0.01849424417020444,0.009758048024373493
6,XYt,226,107,0.018955253371776455,0.009923667702181388
6,XYt,227,107,0.01894876758186595,0.009813602885923194
6,XYt,228,106,0.019452977306856824,0.009950933696112345
6,XYt,229,106,0.01948827088329875,0.009831718838084601
6,XYt,230,106,0.01958742316497335,0.009765929286637708
6,XYt,231,105,0.020101696651690787,0.009933324740522222
6,XYt,232,105,0.020142930118185562,0.0098352758239958
6,XYt,233,104,0.020495651364925413,0.00989924672883239
6,XYt,234,103,0.02086137449760607,0.009924836753804643
6,XYt,235,102,0.021173354131511606,0.009919422919434998
6,XYt,236,101,0.021422290434343075,0.009896790743755756
6,XYt,237,100,0.021581343648418093,0.009903474691936306
6,XYt,238,100,0.021469076024924424,0.009818934608912096
6,XYt,239,100,0.021425662041907052,0.00979150711374089
6,XYt,240,99,0.021890463435124574,0.009999451736810532
6,XYt,241,99,0.02187890841852024,0.00998675595044954
6,XYt,242,99,0.021871002837323544,0.009984923981144886
6,XYt,243,99,0.021853737790487295,0.009991144538732743
6,XYt,244,99,0.021840836138289216,0.009971807172516743
6,XYt,245,99,0.021844662205604465,0.009962229453939141
6,XYt,246,99,0.02180132624286578,0.009962861288667564
6,XYt,247,99,0.021839784589575972,0.009988691808584749
6,XYt,248,100,0.0215047067937685,0.009826472691513643
6,XYt,249,100,0.02157989746575953,0.009878068903802021
6,XYt,250,100,0.021600304403580198,0.009890013835195178
6,XYt,251,100,0.021626325406691613,0.009912891558629648
6,XYt,252,100,0.02161847224332762,0.00994096393996631
6,XYt,253,100,0.021556405732018696,0.00995536502773646
6,XYt,254,100,0.02144443339842232,0.009946778237858016
6,XYt,255,100,0.02113625031859701,0.009902217493741976
6,XYt,256,100,0.02027993989577779,0.009791487931704123
6,XYt,257,99,0.019166900732459264,0.00993731518086095
6,XYt,258,99,0.01669823224502337,0.009980751490039847
6,XYt,259,99,0.013970388470181509,0.009896758210062348
6,XYt,260,98,0.012652469493402874,0.009901972538273856
6,XYt,261,98,0.012134152965577284,0.009871456907161796
6,XYt,262,98,0.012003253210260105,0.009891031155774986
6,XYt,263,98,0.01201941107286646,0.009949714315929028
6,XYt,264,98,0.012016248343555934,0.009971672634550089
6,XYt,265,98,0.012009589004631198,0.009985224943732506
6,XYt,266,98,0.01197262400997286,0.00996406828863763
6,XYt,267,98,0.01200187511349602,0.009974433528195784
6,XYt,268,98,0.0120181535726242,0.009992894279071131
6,XYt,269,99,0.011819872673374959,0.009921861944321889
6,XYt,270,99,0.011822107920809267,0.00994154692622161
6,XYt,271,99,0.011855044696335812,0.009957205669051962
6,XYt,272,99,0.011844015491323204,0.00990839357168754
6,XYt,273,99,0.01188180726503969,0.009907404574646323
6,XYt,274,99,0.011909623282248665,0.009911034565751209
6,XYt,275,99,0.011970142774851518,0.009933128633984843
6,XYt,276,99,0.011986870195612056,0.009935596160849757
6,XYt,277,99,0.011989442671173519,0.009958674165154327
6,XYt,278,99,0.011967975441071104,0.00992963912705865
6,XYt,279,99,0.011967615444216803,0.009905425200818439
6,XYt,280,99,0.011917803473271938,0.009832470398130183
6,XYt,281,99,0.01189745120999181,0.00978718636997491
6,XYt,282,98,0.012118681389553848,0.009960423144380216
6,XYt,283,98,0.012193935174316559,0.009989864531527946
6,XYt,284,99,0.01197068306302798,0.009790970002505938
6,XYt,285,99,0.011993431289887243,0.00981596323989453
6,XYt,286,99,0.011995466212243521,0.00981301393914769
6,XYt,287,99,0.011998785004554747,0.00979846223550277
6,XYt,288,99,0.012006307772599971,0.009789863350854508
6,XYt,289,98,0.012267418489760335,0.009975187246876929
6,XYt,290,98,0.012248862005176763,0.009941706701670912
6,XYt,291,98,0.012237616623223202,0.00991112065561892
6,XYt,292,98,0.01223411942569918,0.009913114049597868
6,XYt,293,98,0.012228524191364748,0.009882303212342767
6,XYt,294,98,0.012224747322459723,0.009881533719867887
6,XYt,295,98,0.012233640271673014,0.009897051551666047
6,XYt,296,98,0.012212538317479642,0.009909608830459707
6,XYt,297,98,0.012255154790935124,0.009890631836012301
6,XYt,298,98,0.012239930595223682,0.009868740069704432
6,XYt,299,98,0.012259273224159045,0.009873277862489092
6,XYt,300,98,0.01227916460005232,0.009901106474559059
6,XYt,301,98,0.012332632846782892,0.009936714124735825
6,XYt,302,98,0.012335503206358319,0.009982779360073574
6,XYt,303,98,0.012340787697368596,0.009984746623943452
6,XYt,304,98,0.012349585660330458,0.009988539768914053
6,XYt,305,98,0.012334072047709243,0.009926903615897303
6,XYt,306,98,0.012333595372869075,0.009896612891592724
6,XYt,307,98,0.01230270367087983,0.009827515155436438
6,XYt,308,98,0.012326160669283303,0.009832124371084064
6,XYt,309,98,0.012308094350256225,0.009817182834405969
6,XYt,310,98,0.012361565315729142,0.009872326659069197
6,XYt,311,98,0.012339072946676244,0.00986671704335832
6,XYt,312,98,0.012350468275281086,0.009899557885213198
6,XYt,313,98,0.012362680935141252,0.009910006844047862
6,XYt,314,98,0.012435785434287932,0.009944217429964285
6,XYt,315,98,0.012437202640771448,0.00987948452492775
6,XYt,316,98,0.012465449054629233,0.009866136162378478
6,XYt,317,98,0.01246975142457181,0.00984646228444063
6,XYt,318,98,0.012503892389028118,0.009857518463469196
6,XYt,319,98,0.012494562632463636,0.009806657955075404
6,XYt,320,98,0.012551429771753166,0.009788867860425793
6,XYt,321,98,0.012607674767790823,0.009781959130509974
6,XYt,322,98,0.012725815915038834,0.00981429787421112
6,XYt,323,98,0.012850942638818936,0.009780574384761542
6,XYt,324,98,0.013561680563826272,0.009934449442085531
6,XYt,325,101,0.015998943931729563,0.009820428699379238
6,XYt,326,99,0.020436418243942663,0.009977343181166182
6,XYt,327,99,0.022040814170637996,0.009986325529668577
6,XYt,328,100,0.022380241011949884,0.009838288269135206
6,XYt,329,100,0.022896788778839054,0.009884624902725675
6,XYt,330,100,0.023117584049544997,0.009878089004217022
6,XYt,331,100,0.023312071649984327,0.009882693094621305
6,XYt,332,100,0.023303136330837318,0.009842005365298058
6,XYt,333,100,0.023326738492900113,0.009820264764930012
6,XYt,334,99,0.023724278589045723,0.009989911802859821
6,XYt,335,100,0.02336166801863296,0.009793249782010712
6,XYt,336,100,0.02332106828711988,0.009805784020275498
6,XYt,337,100,0.023348807323395816,0.0098292547154132
6,XYt,338,100,0.023310647589622913,0.009840513460171391
6,XYt,339,100,0.023535848013938748,0.009952601001155458
6,XYt,340,102,0.022925377165528348,0.009792436575411631
6,XYt,341,103,0.02274685475282267,0.009841563161155751
6,XYt,342,104,0.022505224417244202,0.00984348396038699
6,XYt,343,105,0.022391803494294055,0.009957318306329547
6,XYt,344,106,0.022004754071210178,0.009953284666454728
6,XYt,345,107,0.02159778418238908,0.009889748500782983
6,XYt,346,107,0.02145258879163775,0.009962915151667166
6,XYt,347,108,0.02100896188558713,0.009835509891634288
6,XYt,348,108,0.02097617071900009,0.009931277046156583
6,XYt,349,109,0.020602209070251367,0.009819668020423066
6,XYt,350,109,0.020579799537693844,0.009888721822865924
6,XYt,351,109,0.02073694000720734,0.009998707897736414
6,XYt,352,110,0.02048505623204563,0.009960855223175108
6,XYt,353,111,0.020159244567998103,0.009913599073426746
6,XYt,354,111,0.02007062015933786,0.009994457400584028
6,XYt,355,112,0.019709313599492587,0.009853475556754821
6,XYt,356,112,0.019538874534474185,0.009878508930561199
6,XYt,357,112,0.019231201856306248,0.009885620521458818
6,XYt,358,111,0.01890796211536835,0.009994284508065792
6,XYt,359,111,0.01840002416729396,0.009935982871766945
6,XYt,360,111,0.01799484104047078,0.009983279275335035
6,XYt,361,112,0.017360106739764555,0.009799509869596896
6,XYt,362,111,0.017155863167827322,0.009953075474172766
6,XYt,363,111,0.016964857228196104,0.009949741283050897
6,XYt,364,111,0.016574096654230215,0.009923029045510894
6,XYt,365,111,0.01653001361098762,0.009955806489279661
6,XYt,366,111,0.016347281471074247,0.009921189636047828
6,XYt,367,111,0.016293612136805913,0.009893632850185824
6,XYt,368,111,0.01629413614537332,0.009960086411625749
6,XYt,369,112,0.015971620892874773,0.00982038498379369
6,XYt,370,112,0.015960998051335617,0.009892567518438167
6,XYt,371,112,0.01596685971924238,0.00995497314009911
6,XYt,372,112,0.015859065803741846,0.009975958122204821
6,XYt,373,113,0.015492079060357673,0.009800105651259576
6,XYt,374,113,0.015490282057715694,0.009888918810032067
6,XYt,375,113,0.015357192540104713,0.009915327319213095
6,XYt,376,112,0.01526215483375488,0.009993920994475828
6,XYt,377,112,0.01478169193219074,0.009837204397027888
6,XYt,378,111,0.014712565389386116,0.009926613318846448
6,XYt,379,111,0.014505518983925084,0.00987081595968281
6,XYt,380,111,0.014359762593871592,0.00982247764914282
6,XYt,381,111,0.014323281610997886,0.0098426427368045
6,XYt,382,111,0.014298068150063906,0.009880166188759053
6,XYt,383,111,0.014286806847464825,0.009890302493587487
6,XYt,384,111,0.014246225606684312,0.009902843403310579
6,XYt,385,111,0.013942819143916225,0.009833820005549979
6,XYt,386,111,0.013728343468602085,0.009779249805022733
6,XYt,387,111,0.013689832259668078,0.009784970440406361
6,XYt,388,111,0.013706994260373766,0.009811937666536878
6,XYt,389,111,0.013698244736320302,0.009799636366710319
6,XYt,390,110,0.01400926938266033,0.009993762590769485
6,XYt,391,110,0.01399107660760952,0.009978764078739488
6,XYt,392,110,0.013969649562731157,0.009950851186377408
6,XYt,393,110,0.013934907849026665,0.009923416786935204
6,XYt,394,110,0.013970546887970435,0.00991889976813036
6,XYt,395,110,0.013987202890543277,0.0098736963629635
6,XYt,396,110,0.014102955850296592,0.009863946129359648
6,XYt,397,110,0.014168766971967575,0.009864881277451368
6,XYt,398,110,0.014247929737506583,0.009930184409571007
6,XYt,399,110,0.014207809828848368,0.00994166567848975
6,XYt,400,110,0.014239309413837978,0.009980866012234666
6,XYt,401,110,0.014200460346221213,0.009986012777838576
6,XYt,402,111,0.01389445286083482,0.009782354657781813
6,XYt,403,110,0.014168062535612822,0.009991338969457971
6,XYt,404,110,0.01418149484769207,0.009965011273440875
6,XYt,405,110,0.014174596481086953,0.009953940790013768
6,XYt,406,110,0.014288297447401729,0.009986728545934057
6,XYt,407,111,0.014094494361588095,0.0098137745870566
6,XYt,408,111,0.01428345807763172,0.009877500642713963
6,XYt,409,111,0.014503508221468314,0.009951426043904065
6,XYt,410,112,0.01440400311184064,0.009807987040365288
6,XYt,411,112,0.014356975993368559,0.00978101605436092
6,XYt,412,112,0.014425950291724101,0.009806951802943612
6,XYt,413,112,0.014523808849841644,0.009849589536126415
6,XYt,414,112,0.014689848156085032,0.009914497603979578
6,XYt,415,112,0.014848340015534997,0.009966637456779318
6,XYt,416,113,0.014747411923270271,0.009791067013552087
6,XYt,417,113,0.015125141498259723,0.009922032853724212
6,XYt,418,114,0.015057224145725127,0.009780658879618995
6,XYt,419,113,0.01549963994979177,0.009907937540410404
6,XYt,420,112,0.01579403930446057,0.009912068136205722
6,XYt,421,112,0.015808129165111172,0.009786408301904576
6,XYt,422,111,0.016288278320651127,0.0099786839502326
6,XYt,423,111,0.01635007468476794,0.009927400939346067
6,XYt,424,111,0.016345903391481682,0.009851157964711506
6,XYt,425,111,0.016415970283808184,0.009800223927133556
6,XYt,426,110,0.01675015094347801,0.009928493882254181
6,XYt,427,110,0.016821679663485408,0.009929909880591944
6,XYt,428,110,0.017013852195988822,0.009988073965128125
6,XYt,429,111,0.016843538115124252,0.009779898948329894
6,XYt,430,110,0.017354503835637195,0.009968992259934183
6,XYt,431,111,0.017277086417504188,0.009798900908260213
6,XYt,432,111,0.017692781228363583,0.009881340387004741
6,XYt,433,111,0.018081764028508442,0.009934278206117088
6,XYt,434,111,0.018495918156442,0.009914130082348923
6,XYt,435,111,0.0187606933087126,0.009801872522301332
6,XYt,436,111,0.01919231479186047,0.009800954906071274
6,XYt,437,111,0.01961447050232118,0.0098332410013584
6,XYt,438,111,0.019814819930129148,0.009809845487933023
6,XYt,439,110,0.02037284275211003,0.00999062997728578
6,XYt,440,110,0.020464931697052626,0.009919791326909807
6,XYt,441,110,0.020628150865698035,0.009855739244348129
6,XYt,442,109,0.021132142000480414,0.00994392224179078
6,XYt,443,109,0.02106284652249335,0.009770776261161481
6,XYt,444,108,0.02154502048745287,0.009903855613159204
6,XYt,445,108,0.021562134623606212,0.009812129085438841
6,XYt,446,107,0.022067984179565365,0.009938550121005254
6,XYt,447,107,0.02219171091093814,0.00985793599988633
6,XYt,448,106,0.02275424681090597,0.009961607814425904
6,XYt,449,106,0.022829677784262554,0.009802759944112704
6,XYt,450,105,0.023369274965541552,0.00983319079392211
6,XYt,451,104,0.02382595334762088,0.009810537460431994
6,XYt,452,102,0.024643780744492267,0.009940448400488045
6,XYt,453,101,0.024951342547258157,0.009906270843774186
6,XYt,454,100,0.025134708515934096,0.009822391328684192
6,XYt,455,99,0.025354957498579415,0.009829302213203621
6,XYt,456,98,0.025854912396443257,0.009996773979199878
6,XYt,457,99,0.02537194985631499,0.009794096343824693
6,XYt,458,99,0.02540489879133047,0.009819045553216025
6,XYt,459,99,0.025424307181583086,0.009839614172719117
6,XYt,460,99,0.025379916126132662,0.00983623279264519
6,XYt,461,99,0.02520170506258394,0.00979037092429821
6,XYt,462,98,0.025588536133222966,0.009955602201206493
6,XYt,463,98,0.0255336097972296,0.009931796843915406
6,XYt,464,98,0.025344027433095856,0.009892513814869821
6,XYt,465,98,0.024535045624947936,0.009799067938292537
6,XYt,466,97,0.023246925632524416,0.009899239681623396
6,XYt,467,97,0.020160961328737667,0.009971643035953826
6,XYt,468,97,0.016605724572250728,0.009953997935950847
6,XYt,469,96,0.014688507777474519,0.009935503801686209
6,XYt,470,96,0.013838278627526651,0.00978911235699089
6,XYt,471,95,0.013791225086197855,0.009911490995956226
6,XYt,472,95,0.013771967316425666,0.009962120104219426
6,XYt,473,96,0.01354778011624382,0.009822792876273068
6,XYt,474,96,0.013588345191448055,0.009871574871755995
6,XYt,475,96,0.013554392646102083,0.00986218276136783
6,XYt,476,96,0.013578771016827957,0.009894617800289371
6,XYt,477,96,0.01350586102158233,0.009855603121948577
6,XYt,478,96,0.013482750397866337,0.009865878344693534
6,XYt,479,96,0.013434193199897112,0.009818432884535051
6,XYt,480,96,0.013439994872979158,0.009808353615157153
6,XYt,481,95,0.013695467592088912,0.009977323818560337
6,XYt,482,95,0.01369368607007191,0.009974509386829056
6,XYt,483,95,0.013627011666534808,0.009943610314966583
6,XYt,484,95,0.013637585834880226,0.00996703426985524
6,XYt,485,95,0.013619206946668393,0.009955165582035824
6,XYt,486,95,0.013650103278852702,0.009995099009717035
6,XYt,487,96,0.013328750228350464,0.009787022427019263
6,XYt,488,96,0.013351816184488071,0.009816311476642562
6,XYt,489,96,0.01330898156512851,0.00979091574167113
6,XYt,490,96,0.013318283184522004,0.009784570631305242
6,XYt,491,95,0.013570936245434217,0.009965617623154135
6,XYt,492,95,0.013574707917817121,0.009965613315293404
6,XYt,493,95,0.013565402919742607,0.009953375782336986
6,XYt,494,95,0.013576674990783502,0.009959807857687535
6,XYt,495,95,0.01356546711127846,0.00995341945296711
6,XYt,496,95,0.0135364691021109,0.009930763165288707
6,XYt,497,95,0.013542030010678698,0.009930120101297958
6,XYt,498,95,0.013542470220278716,0.009920398276786474
6,XYt,499,95,0.013529021631173904,0.009903806847390827
6,XYt,500,95,0.013510404379562723,0.009865421979995091
6,XYt,501,95,0.013485220846651914,0.009821185494608945
6,XYt,502,94,0.013747314365064904,0.009989153285851022
6,XYt,503,94,0.013765291077831516,0.0099932229253967
6,XYt,504,94,0.013731023608603971,0.009962955010099398
6,XYt,505,94,0.013747357292482321,0.009966064015128237
6,XYt,506,94,0.013741423718830107,0.009947489816032645
6,XYt,507,94,0.013795036833511253,0.009994882639022321
6,XYt,508,95,0.013481456543493048,0.009781891653386813
6,XYt,509,95,0.013526753233136237,0.009860870232238436
6,XYt,510,95,0.013531599679131904,0.009889076722529944
6,XYt,584,109,0.014936158457351842,0.009785059284654826
6,XYt,585,109,0.014809862466330917,0.009820930321795582
6,XYt,586,109,0.014620999880119983,0.009864463491005015
6,XYt,587,110,0.014255201616519974,0.009846856310712146
6,XYt,588,111,0.013780384979076934,0.009846997458749588
6,XYt,589,111,0.013445149521133232,0.009902759409086675
6,XYt,590,111,0.013056056982921699,0.009902087971583474
6,XYt,591,111,0.012788734082829541,0.009896744654325197
6,XYt,592,111,0.012630377272481147,0.009876593856312895
6,XYt,593,111,0.012492505351709393,0.009813098154687089
6,XYt,594,110,0.012560346854571204,0.009860006000762915
6,XYt,595,109,0.012715467491807917,0.009992251454276617
6,XYt,596,109,0.01268262997223042,0.009917060675009925
6,XYt,597,109,0.012667719908996795,0.009829134059074431
6,XYt,598,108,0.01296298910574894,0.009951658997348857
6,XYt,599,108,0.012982050868236221,0.0098516890709696
6,XYt,600,107,0.013340611007265236,0.00998917746044028
6,XYt,601,107,0.0134343788609831,0.009939673151526383
6,XYt,602,107,0.013517081772370586,0.009913134078953407
6,XYt,603,107,0.013566415614169935,0.00990440394060343
6,XYt,604,107,0.013638931351616352,0.009920693083068864
6,XYt,605,107,0.013660374140688818,0.009933075149711795
6,XYt,606,107,0.013667643294802636,0.009934625536564629
6,XYt,607,107,0.013662483623894939,0.009932751536704814
6,XYt,608,107,0.013660775683374359,0.009931414292698771
6,XYt,609,107,0.013626353074659939,0.009924844323532933
6,XYt,610,107,0.013564197268404351,0.009920529182675802
6,XYt,611,107,0.013458869057317194,0.009941521556234978
6,XYt,612,107,0.013356663728875584,0.009982757857780362
6,XYt,613,108,0.012933776677713518,0.009802853553943967
6,XYt,614,108,0.01282409807038132,0.009848165803427476
6,XYt,615,108,0.012732000912786458,0.00988282884389368
6,XYt,616,108,0.01266935139851322,0.00991353628150041
6,XYt,617,108,0.012663826675919759,0.009956501791941018
6,XYt,618,109,0.01255597287252757,0.009874899588888897
6,XYt,619,110,0.012416184662948096,0.00978343034524093
6,XYt,620,110,0.01247010202455566,0.009804116378157372
6,XYt,621,110,0.012565926552212787,0.009798762353318858
6,XYt,622,109,0.01303082985617914,0.00998963408058175
6,XYt,623,109,0.01331654783742668,0.00989987662063357
6,XYt,624,109,0.013587633233027214,0.009786984045328576
6,XYt,625,108,0.014314493484784214,0.009949575703769262
6,XYt,626,108,0.014649910881501398,0.009923879677359304
6,XYt,627,108,0.014828489436949902,0.00991566070121395
6,XYt,628,108,0.015071904850814206,0.009973322482817277
6,XYt,629,108,0.01525460849916232,0.009949144753241278
6,XYt,630,108,0.015305447269110196,0.00987386756259053
6,XYt,631,108,0.015411696039855692,0.00987807487960535
6,XYt,632,108,0.015388747145690388,0.00989805188417742
6,XYt,633,108,0.015285536537190374,0.009850106017438085
6,XYt,634,108,0.015156838407301417,0.00978800604356402
6,XYt,635,107,0.015285028582392633,0.009889892834904464
6,XYt,636,107,0.01506812824750029,0.009822154763032763
6,XYt,637,107,0.01491145223371485,0.009810733829507208
6,XYt,638,107,0.014862564217440966,0.009836417192096304
6,XYt,639,107,0.014824116672364232,0.009862043463079761
6,XYt,640,107,0.014913533012433873,0.009948643122734144
6,XYt,641,108,0.014920485714151811,0.009927524185218134
6,XYt,642,109,0.015146535882165867,0.009978475290430212
6,XYt,643,110,0.01535063159345335,0.009957966080674773
6,XYt,644,111,0.01544806456201943,0.00983058074564277
6,XYt,645,111,0.015791022239616145,0.009844986316981608
6,XYt,646,111,0.01607604389932309,0.009800216808718547
6,XYt,647,110,0.01662999130057199,0.009843083256888843
6,XYt,648,108,0.017347234780297156,0.009929600756200184
6,XYt,649,107,0.01760050749106978,0.009782973974186211
6,XYt,650,105,0.018228604569548394,0.009929659663513534
6,XYt,651,105,0.018200231212510583,0.009847900976251144
6,XYt,652,106,0.018592623347222507,0.009993264273923826
6,XYt,653,108,0.0187925552174729,0.00993026979302108
6,XYt,654,109,0.01891810368779941,0.00989876154388046
6,XYt,655,109,0.01920298516400671,0.009990466149968744
6,XYt,656,110,0.018936791571212436,0.009798092004510655
6,XYt,511,95,0.013557884315261271,0.009935911579824435
6,XYt,512,95,0.013518090621822396,0.009915077275356187
6,XYt,513,95,0.013538915641699277,0.009952851719829455
6,XYt,514,95,0.013507428929693659,0.00993452830687007
6,XYt,515,95,0.01353337678629799,0.009957290820795602
6,XYt,516,95,0.013478068703701605,0.009898666672534832
6,XYt,517,95,0.013466248572468269,0.009881062871704581
6,XYt,518,95,0.013432176405681302,0.009843727645558444
6,XYt,519,95,0.013431113214788286,0.009854044658737324
6,XYt,520,95,0.013399687123573045,0.009830660443696118
6,XYt,521,95,0.013401591660031312,0.009834008270067722
6,XYt,522,94,0.013674905730929774,0.009997900131018742
6,XYt,523,94,0.013680984048119167,0.00997214512388243
6,XYt,524,94,0.013679026657433169,0.009939808662495298
6,XYt,525,94,0.013665776508163785,0.009940799294138302
6,XYt,526,94,0.0136029338243794,0.009907473905148385
6,XYt,527,94,0.013486854340696635,0.00986593654463313
6,XYt,528,94,0.013352227120530118,0.009778265307669322
6,XYt,529,93,0.013622241425392275,0.009956140671813135
6,XYt,530,93,0.013693091217442874,0.0099464642425221
6,XYt,531,94,0.013602403324937713,0.009789655599922238
6,XYt,532,94,0.014153645188002379,0.009926407348751233
6,XYt,533,95,0.015046316281398565,0.009990994147731311
6,XYt,534,97,0.016784271051460856,0.009883476070785614
6,XYt,535,97,0.020054095402472664,0.009910789286744742
6,XYt,536,96,0.02302312642731575,0.00986494981885068
6,XYt,537,96,0.02494234225822239,0.009891636615313927
6,XYt,538,97,0.02564864480735425,0.009840968798764343
6,XYt,539,98,0.025874609818078313,0.009796621348290405
6,XYt,540,99,0.02606968074779718,0.009888203016952002
6,XYt,541,101,0.025302232655370974,0.009818964121312366
6,XYt,542,101,0.025104704771579542,0.009947294528227905
6,XYt,543,101,0.024764059626461277,0.009962510094770978
6,XYt,544,102,0.02407336136063032,0.009792636047431847
6,XYt,545,102,0.02417128993213617,0.009934506700142051
6,XYt,546,104,0.023652357502816333,0.009913750638506875
6,XYt,547,107,0.022675888239085448,0.009846258997777869
6,XYt,548,109,0.021686779197623934,0.009791542737423761
6,XYt,549,109,0.021444072238551024,0.009968916359318241
6,XYt,550,110,0.020720841281067798,0.0098655394728054
6,XYt,551,110,0.02052330011054836,0.009949322745083733
6,XYt,552,111,0.01996023401266211,0.00981313096574056
6,XYt,553,111,0.019846134676971838,0.009869973803419033
6,XYt,554,111,0.019744260806709168,0.00991131070041529
6,XYt,555,111,0.019627518033094957,0.00993334851074852
6,XYt,556,111,0.019504120762572057,0.009938738021489526
6,XYt,557,111,0.01933758210169882,0.009916065507146507
6,XYt,558,111,0.019074601104870834,0.009861676163238013
6,XYt,559,110,0.01903885984149026,0.009935113831307726
6,XYt,560,109,0.018652251219636647,0.009905806588769642
6,XYt,561,107,0.018443674820407062,0.009935543229972164
6,XYt,562,106,0.018375577715647982,0.009946837582941785
6,XYt,563,107,0.018116966318792713,0.009927525806864146
6,XYt,564,109,0.017647484742540125,0.0098664059390718
6,XYt,565,111,0.017016448756847567,0.009793982377305778
6,XYt,566,111,0.01680202078586566,0.009991691835446634
6,XYt,567,112,0.01612365064709015,0.009827926868189457
6,XYt,568,112,0.01575265979970866,0.009800914388815826
6,XYt,569,111,0.01567608805833083,0.009925048704014425
6,XYt,570,110,0.015497152927883737,0.009986185813566674
6,XYt,571,109,0.015212674985419389,0.009933018423652957
6,XYt,572,108,0.015015901069336554,0.009863379774933533
6,XYt,573,107,0.015079893223330374,0.0099068851220903
6,XYt,574,107,0.01504118230065924,0.009839998111436708
6,XYt,575,107,0.01511828941910024,0.009819731959069097
6,XYt,576,107,0.015333635667679976,0.009889977481003318
6,XYt,577,107,0.01552784888584298,0.009987918155091861
6,XYt,578,108,0.015335282771440981,0.00985288572546877
6,XYt,579,108,0.015456868387523184,0.009896264769266793
6,XYt,580,108,0.015486848483661698,0.009886402722981856
6,XYt,581,108,0.015407041952798357,0.009863756260077614
6,XYt,582,108,0.015406806286886468,0.009915838211732229
6,XYt,583,108,0.015349037448752477,0.009965357532724694
6,XYt,657,110,0.019077612938296695,0.009804321085963302
6,XYt,658,110,0.01917381822268808,0.009796164496166916
6,XYt,659,109,0.019706462662645568,0.009988150257431851
6,XYt,660,109,0.019814268906522332,0.009946605595601074
6,XYt,661,109,0.019984146593333658,0.009896541316039785
6,XYt,662,109,0.02020227719830224,0.00982559833450495
6,XYt,663,108,0.02098797738989173,0.00995535640314017
6,XYt,664,108,0.021313496143197854,0.009812065097249984
6,XYt,665,106,0.02257849813456282,0.00999784216252532
6,XYt,666,104,0.02345457617169191,0.009950066500784855
6,XYt,667,102,0.02400243887279137,0.009808946671330504
6,XYt,668,100,0.02465059616742007,0.009859447039942543
6,XYt,669,99,0.025131896258169424,0.009924751323613689
6,XYt,670,98,0.02555924859862995,0.009994452568225079
6,XYt,671,97,0.025806125903962907,0.009979862688614992
6,XYt,672,96,0.025563237714893296,0.009821118286995036
6,XYt,673,95,0.02523911587583204,0.009839942484880066
6,XYt,674,94,0.024445050694132227,0.009830118920915128
6,XYt,675,93,0.02333330783248053,0.009997339754835813
6,XYt,676,94,0.021061213132498088,0.009888583441105155
6,XYt,677,94,0.018879615817505236,0.009880543120516797
6,XYt,678,94,0.016724253093554495,0.009786993366610153
6,XYt,679,93,0.015495922312603997,0.009910287880748712
6,XYt,680,92,0.014675313467963675,0.009962659838467822
6,XYt,681,92,0.013940377255011863,0.009812836209176183
6,XYt,682,91,0.013779748942457669,0.009912872070131796
6,XYt,683,91,0.013458141947380483,0.009816655327809017
6,XYt,684,90,0.013573459378775165,0.00996737345982513
6,XYt,685,90,0.013445168545953368,0.009920695246752313
6,XYt,686,90,0.013366327710918004,0.009890899859479788
6,XYt,687,90,0.013318625855713239,0.00988514498216351
6,XYt,688,90,0.013353515727096798,0.009920177031088008
6,XYt,689,90,0.013378421320368544,0.009948541175377327
6,XYt,690,91,0.013156281333139024,0.009773705913219324
6,XYt,691,91,0.0132575630345593,0.009807147696631055
6,XYt,692,91,0.013349151926029573,0.009847719516481647
6,XYt,693,91,0.01340345435429257,0.009864903580657381
6,XYt,694,91,0.01347782350922145,0.009897285242728773
6,XYt,695,91,0.013478425386725019,0.009896394909887314
6,XYt,696,91,0.013449450044729925,0.009887356914185859
6,XYt,697,91,0.013397021776705457,0.009864471651065966
6,XYt,698,91,0.013390552044818807,0.009866287912676136
6,XYt,699,91,0.013371537989422247,0.009860685201645228
6,XYt,700,91,0.013340669713923052,0.009857278385630884
6,XYt,701,91,0.01332657983944133,0.009852579086390933
6,XYt,702,91,0.013310475472980365,0.009847758206382626
6,XYt,703,91,0.01335250542607576,0.009853844251453537
6,XYt,704,91,0.013336896269394214,0.009855701130265765
6,XYt,705,91,0.013417098928007442,0.009889117963866689
6,XYt,706,91,0.013500108071970034,0.0099344516027729
6,XYt,707,92,0.013435989273424853,0.009813023235703761
6,XYt,708,93,0.013548112371100117,0.009809268351007948
6,XYt,709,100,0.01392456999637272,0.009862627849741911
6,XYt,710,94,0.013807251732394379,0.009909042378115013
6,XYt,711,93,0.013262179912210985,0.009801113688295796
6,XYt,712,94,0.01368458705879033,0.009921812726194867
6,XYt,713,93,0.013263953483613766,0.009904663464451716
6,XYt,714,93,0.012724696379436014,0.009880460022964336
6,XYt,715,93,0.012035010881051687,0.009773455540543211
6,XYt,716,90,0.011767359107960331,0.009907820550381531
6,XYt,717,89,0.0115990574279681,0.009853872570121349
6,XYt,718,88,0.011801800330793541,0.009950795640222823
6,XYt,719,87,0.01215155250780101,0.00985643507268601
6,XYt,720,86,0.012610985108531958,0.009839736336663353
6,XYt,721,86,0.012758769264927496,0.00990800199266023
6,XYt,722,88,0.012537623007384415,0.009844110878713919
6,XYt,723,90,0.012195822050697183,0.009794619038658142
6,XYt,724,92,0.01183699785226743,0.009866439116744464
6,XYt,725,95,0.011412263068442254,0.009863626232873424
6,XYt,726,97,0.011135538951937163,0.009948239642424351
6,XYt,727,97,0.010660197308348216,0.009758007878898993
6,YZt,0,12,0.22801507314092706,0.008945557777286652
6,YZt,1,68,0.02949427548323567,0.009991025760721566
6,YZt,2,68,0.02399824177094481,0.00973893888356468
6,YZt,3,67,0.02246331418202294,0.009902395322660648
6,YZt,4,67,0.021725011583344514,0.009878725754880639
6,YZt,5,68,0.02146224434936217,0.009838476993591519
6,YZt,6,69,0.021987109130230376,0.009790654533790681
6,YZt,7,69,0.024991148939592374,0.009944332449988061
6,YZt,8,71,0.02532241017559056,0.009977416789459735
6,YZt,9,71,0.025690271155158446,0.009814654840184208
6,YZt,10,71,0.025555151991829745,0.009947429087639069
6,YZt,11,72,0.025819135827336515,0.009804013318904872
6,YZt,12,71,0.02693316681485035,0.009997061472068053
6,YZt,13,73,0.02622688121960858,0.009835848005480846
6,YZt,14,74,0.026505090202507194,0.009905490365952526
6,YZt,15,74,0.027244189875712678,0.009783317743303472
6,YZt,16,75,0.02789955178909491,0.009790230917466832
6,YZt,17,76,0.027991980193398266,0.00981403814791977
6,YZt,18,76,0.02850029462582018,0.009907887711492917
6,YZt,19,77,0.02820642272073334,0.009900821305767428
6,YZt,20,77,0.02885225179361779,0.009812031579460711
6,YZt,21,77,0.02914169686092338,0.00999335655953709
6,YZt,22,77,0.02973830238329576,0.009967062497669486
6,YZt,23,78,0.02928820153605481,0.009961199472041526
6,YZt,24,79,0.029466203334569584,0.009769221686608867
6,YZt,25,78,0.03050403407281832,0.009987166625357693
6,YZt,26,80,0.029405603927299535,0.009760331016654225
6,YZt,27,80,0.02963618657856221,0.009748016576128022
6,YZt,28,79,0.031116174435053115,0.009983268371152466
6,YZt,29,80,0.030115971644227423,0.009912996579319626
6,YZt,30,81,0.030107622295437415,0.009755656134314184
6,YZt,31,81,0.030477358779530804,0.009800303872054696
6,YZt,32,81,0.030883683524431212,0.009881536900673895
6,YZt,33,82,0.031152740520167883,0.009835835924619245
6,YZt,34,82,0.03190548067902314,0.009892368589041564
6,YZt,35,83,0.03132961251673856,0.009951949565232932
6,YZt,36,84,0.03113002491729803,0.00994184326446219
6,YZt,37,86,0.030254534275889405,0.00976432651933461
6,YZt,38,87,0.02994487087503369,0.00983587645390278
6,YZt,39,88,0.02941058242201552,0.009912336894821443
6,YZt,40,89,0.028687587854191225,0.0099846190169433
6,YZt,41,91,0.027107732850473246,0.009785249897503024
6,YZt,42,92,0.026533053381627404,0.00978068059107395
6,YZt,43,92,0.02585966524578555,0.00986997838603711
6,YZt,44,93,0.024700953596438043,0.009804033258374364
6,YZt,45,93,0.024054541145615737,0.009942690281999332
6,YZt,46,94,0.022842786391237307,0.009781718687253109
6,YZt,47,94,0.022266273598900637,0.009867778873148696
6,YZt,48,94,0.021776433485598823,0.0099366597339588
6,YZt,49,95,0.02120002827172816,0.009828942347378725
6,YZt,50,95,0.0208976016035463,0.009814380282169397
6,YZt,51,95,0.02081975963271051,0.009884981655660145
6,YZt,52,95,0.020633201484761294,0.009870388094563068
6,YZt,53,95,0.020774971726615073,0.009921114528789162
6,YZt,54,95,0.020815576944645073,0.009914655263722358
6,YZt,55,95,0.020899760365795862,0.009908307844980192
6,YZt,56,95,0.021069139857029014,0.009897848340389018
6,YZt,57,95,0.021396470405017725,0.009904924993833573
6,YZt,58,95,0.02167416329947832,0.009894608735352367
6,YZt,59,95,0.0219820463100385,0.009888304656058455
6,YZt,60,95,0.022267589959117658,0.00990392574255754
6,YZt,61,95,0.02213624466095312,0.009915364662884297
6,YZt,62,96,0.02171020308493483,0.009795577240079957
6,YZt,63,97,0.02101628434426944,0.00988975431449669
6,YZt,64,99,0.018968970105512257,0.009896786793241547
6,YZt,65,101,0.016887826253767856,0.009940863147738637
6,YZt,66,101,0.014852676826646472,0.009983783619158986
6,YZt,67,101,0.012975038988977767,0.009896334410204571
6,YZt,68,100,0.01171988123990434,0.009957630188684195
6,YZt,69,100,0.010743159378503168,0.009943786632690592
6,YZt,70,100,0.00991721386664515,0.009927280780869935
6,YZt,71,100,0.009237848649492298,0.009966459081885625
6,YZt,72,101,0.008648884560335374,0.009887333576136737
6,YZt,73,101,0.008222586850845044,0.009960077329304649
6,YZt,74,102,0.00785365548286084,0.009911513194279551
6,YZt,75,103,0.007451227181027881,0.009796618061660566
6,YZt,76,103,0.007289649927248802,0.009890446897135126
6,YZt,77,104,0.006984802366502582,0.009810223089817768
6,YZt,78,104,0.00693307411697954,0.009954940642534165
6,YZt,79,105,0.0067494390555437,0.00990675450020991
6,YZt,80,106,0.006606801240098419,0.009851391966264708
6,YZt,81,107,0.006460879397834923,0.009831842581613348
6,YZt,82,107,0.0064690916557791096,0.009988191319949668
6,YZt,83,108,0.006352784557166699,0.00987567394537706
6,YZt,84,108,0.0063808335074064465,0.009999902598104552
6,YZt,85,109,0.006329513277046463,0.009883286964530613
6,YZt,86,110,0.006294580441147191,0.009805888624500632
6,YZt,87,110,0.006434112329793264,0.0099871838963623
6,YZt,88,112,0.006314763703745691,0.009793164534699162
6,YZt,89,113,0.006325288783467342,0.009800346894981092
6,YZt,90,114,0.006337112895001911,0.009797502673068446
6,YZt,91,115,0.0063443220363904014,0.009817460906045034
6,YZt,92,115,0.0064403062436700735,0.009965367918009487
6,YZt,93,116,0.006429609303195506,0.009921697908704522
6,YZt,94,117,0.006410805947266284,0.009948544180643153
6,YZt,95,118,0.006394224685905493,0.009890172505338071
6,YZt,96,119,0.006395008312696478,0.009834001020196496
6,YZt,97,119,0.006518439468682271,0.00997066454146793
6,YZt,98,120,0.0064761814727628325,0.00995959356828406
6,YZt,99,121,0.006433917650410764,0.00984718227943062
6,YZt,100,121,0.006527981734873038,0.00993131487019612
6,YZt,101,122,0.006498246120770096,0.009818497455854194
6,YZt,102,123,0.006472602136167227,0.009872414251264096
6,YZt,103,123,0.00659130923281199,0.009992241480538339
6,YZt,104,124,0.006597439402973732,0.009899199024550467
6,YZt,105,125,0.006612208431237733,0.009816236425990367
6,YZt,106,125,0.006806536582627995,0.00996580139783576
6,YZt,107,128,0.006564088957833281,0.009794656059860912
6,YZt,108,128,0.006791446395592534,0.009980502009911223
6,YZt,109,129,0.006878432543873101,0.009922281254320094
6,YZt,110,130,0.006936466256676004,0.009828962236276082
6,YZt,111,130,0.007111862664257402,0.009867357402474781
6,YZt,112,130,0.007224118444534345,0.009801165467952708
6,YZt,113,129,0.007429290802558057,0.009880652054064803
6,YZt,114,134,0.006578431278293235,0.00980460913967065
6,YZt,115,133,0.006618428391327791,0.009892596811170749
6,YZt,116,133,0.0065298879080645375,0.009816707337861143
6,YZt,117,132,0.0065960064717095436,0.009993129104263709
6,YZt,118,132,0.006532854678415361,0.009998429806394928
6,YZt,119,133,0.0063551302341796675,0.009827772731444674
6,YZt,120,133,0.006339890969765448,0.009877036587729508
6,YZt,121,133,0.006315878108413673,0.009943520266055356
6,YZt,122,133,0.006269039598443991,0.009991033050110468
6,YZt,123,134,0.00606073099943933,0.009805110711365712
6,YZt,124,134,0.00598670032198364,0.009802548634423544
6,YZt,125,134,0.005916448042065079,0.009804317880106238
6,YZt,126,134,0.0058742607666198935,0.009804739324033676
6,YZt,127,134,0.005859444900806407,0.009800963666536915
6,YZt,128,133,0.005984740195997628,0.00998076201292545
6,YZt,129,133,0.005995576849441718,0.009960987829277984
6,YZt,156,115,0.0075351208840212,0.009816091946012087
6,YZt,157,113,0.007718472457283319,0.009981370324387895
6,YZt,158,111,0.007794668996645281,0.009862985476055885
6,YZt,159,109,0.007797471241286859,0.009983742538512568
6,YZt,160,108,0.007617700608308942,0.009960151603975663
6,YZt,161,108,0.0073395214863687655,0.009800550664639529
6,YZt,162,106,0.007407899542710165,0.009928044488332463
6,YZt,163,106,0.007199484005841417,0.009829761658635479
6,YZt,164,105,0.007152368056053223,0.009959891447778087
6,YZt,165,105,0.006975131761861501,0.00987264487593273
6,YZt,166,104,0.00691584773855191,0.009851200532085392
6,YZt,167,103,0.0068808386146973835,0.009970508459373034
6,YZt,168,103,0.006745956029213776,0.009942519110854746
6,YZt,169,103,0.006567946345406166,0.009831699110711445
6,YZt,170,103,0.006448025600730923,0.009824957906598021
6,YZt,171,103,0.006436464780203964,0.00985082971505446
6,YZt,172,103,0.006458579837942759,0.009868651668079093
6,YZt,173,103,0.006517636019334703,0.00990837206270973
6,YZt,174,103,0.006594388333077039,0.009904474143520246
6,YZt,175,103,0.006670920459547979,0.009914463117992989
6,YZt,176,103,0.006765900928476247,0.009855019174414587
6,YZt,177,103,0.006839166065529936,0.009803266146022767
6,YZt,178,102,0.00712220355231124,0.009906252270896261
6,YZt,179,101,0.007464710913739762,0.00995958971965349
6,YZt,180,101,0.00770616624587327,0.009844506945911638
6,YZt,181,100,0.008175326707824414,0.00990214719740712
6,YZt,130,133,0.006010982989110995,0.009942343310395514
6,YZt,131,133,0.006018408097593021,0.00992720664638028
6,YZt,132,133,0.006026930432061381,0.009899902174778312
6,YZt,133,133,0.006039797351674709,0.009868654386945805
6,YZt,134,133,0.006066000117039495,0.009835295388304134
6,YZt,135,132,0.006224395806607059,0.009985656640300208
6,YZt,136,132,0.006260222143602724,0.00996857222313578
6,YZt,137,132,0.006297707337966285,0.009963614574749174
6,YZt,138,132,0.006363660775058733,0.00998168022638953
6,YZt,139,133,0.006327757962839822,0.009825005113052804
6,YZt,140,133,0.006450174770376789,0.009910816282429366
6,YZt,141,133,0.0065448896038889474,0.009998353515854963
6,YZt,142,134,0.006429326197279472,0.009837200968096383
6,YZt,143,134,0.00639288875987727,0.009825674171887542
6,YZt,144,133,0.006454087423137914,0.0099684245677684
6,YZt,145,133,0.006347833968166162,0.009846170939326259
6,YZt,146,126,0.0072876070142284515,0.009965202136800423
6,YZt,147,126,0.0071325588701096525,0.009801033671762304
6,YZt,148,125,0.007129900924283212,0.009827708767106015
6,YZt,149,124,0.007132427595321846,0.009842869152259454
6,YZt,150,123,0.007130336223228674,0.009847662610133779
6,YZt,151,122,0.007111449731369115,0.009847093528567693
6,YZt,152,121,0.00710822510653023,0.009808704232299095
6,YZt,153,118,0.007446363744084739,0.009823088972959606
6,YZt,154,117,0.007463535894314511,0.009803147672250491
6,YZt,155,116,0.007513153673987622,0.009818431088712366
6,YZt,182,100,0.008619748468678074,0.009835574039068878
6,YZt,183,99,0.009387537630526114,0.009946735077574704
6,YZt,184,99,0.010126054870330315,0.009885253477242648
6,YZt,185,99,0.01112347607305886,0.009852484470630599
6,YZt,186,99,0.012372681965554716,0.009805786600213756
6,YZt,187,99,0.014717969497218047,0.0099802254852405
6,YZt,188,99,0.01723649305046657,0.009844941853882997
6,YZt,189,97,0.020828848697685004,0.009811169765745701
6,YZt,190,94,0.02491749065620033,0.00979238404501611
6,YZt,191,91,0.02807121411163705,0.009816139195103855
6,YZt,192,89,0.030208371777688342,0.009987807551517142
6,YZt,193,88,0.030871186929842077,0.009954302991124145
6,YZt,194,88,0.03182114018605496,0.009980742426523647
6,YZt,195,87,0.03189570073164191,0.009999208396660587
6,YZt,196,87,0.03191337607344034,0.009927287730949957
6,YZt,197,87,0.031565082973328544,0.009843305690232654
6,YZt,198,87,0.031468104790460964,0.009787290937984248
6,YZt,199,87,0.031491959129340046,0.009759670438968979
6,YZt,200,86,0.031712867421148976,0.009944838152272081
6,YZt,201,86,0.03161742604665024,0.009914079975251774
6,YZt,202,86,0.03157777745890941,0.009889938026089508
6,YZt,203,86,0.031234969063543675,0.009808375968741775
6,YZt,204,86,0.031228890891415242,0.009760715874836335
6,YZt,205,85,0.03195273728036767,0.009929420017426043
6,YZt,206,85,0.032066182485788845,0.00990258925086246
6,YZt,207,85,0.03167444043135557,0.009814613832718274
6,YZt,208,85,0.031864438372480854,0.009812593319363374
6,YZt,209,84,0.03241203218054249,0.009950733545264098
6,YZt,210,84,0.032377232143343954,0.00999935559745893
6,YZt,211,84,0.03168352329919593,0.009833654891093214
6,YZt,212,84,0.03174346591326515,0.009794468604339688
6,YZt,213,83,0.03251988351235183,0.00999355447593372
6,YZt,214,83,0.03262952366927102,0.009975817338733482
6,YZt,215,83,0.03256380892373509,0.009923708181756096
6,YZt,216,83,0.032354262360293484,0.009841086194023844
6,YZt,217,83,0.032327012454612405,0.00990350735838264
6,YZt,218,83,0.03145243300728893,0.009808249740663714
6,YZt,219,82,0.03190355348867351,0.009928556425156594
6,YZt,220,82,0.03154569746850302,0.00979648072649944
6,YZt,221,81,0.03198051019037803,0.00996812425153631
6,YZt,222,81,0.03168136252736508,0.00988665512039813
6,YZt,223,81,0.03130367617905402,0.009794951911380065
6,YZt,224,81,0.03122721139294523,0.009781030162377887
6,YZt,225,80,0.032243846367371036,0.009851254227413507
6,YZt,226,80,0.03175714350318129,0.009872119944620252
6,YZt,227,80,0.031055812073476973,0.009755210566054693
6,YZt,228,80,0.030863064303741243,0.009750911004721887
6,YZt,229,79,0.0311772753171649,0.009964413580530112
6,YZt,230,79,0.030518277666791292,0.009869607497776422
6,YZt,231,78,0.031620112600467126,0.009954248311384393
6,YZt,232,78,0.030861144529680244,0.009995040257981723
6,YZt,233,79,0.02993217326330738,0.009777279064619103
6,YZt,234,77,0.031049191433961978,0.00996907054385466
6,YZt,235,78,0.029953639349748918,0.009788220251769406
6,YZt,236,78,0.02913662307602256,0.009763195489983355
6,YZt,237,77,0.029632050655229357,0.009775126923340276
6,YZt,238,77,0.029054077074441784,0.009808717909708907
6,YZt,239,76,0.029370285577475404,0.009880918563771612
6,YZt,240,77,0.028250484672751756,0.009764558126677746
6,YZt,241,75,0.028958321248267554,0.009992894355787221
6,YZt,242,75,0.028613714656696928,0.009891968315784002
6,YZt,243,74,0.028572686669317567,0.009897807290335445
6,YZt,244,73,0.02776255374549536,0.009891940416172895
6,YZt,245,74,0.026548406730010243,0.009779571442456328
6,YZt,246,72,0.02683179926907599,0.00997905439514125
6,YZt,247,71,0.026670016020460346,0.009845871565844435
6,YZt,248,71,0.02628973743937147,0.009920969644353607
6,YZt,249,71,0.02528889746070922,0.009792881154464214
6,YZt,250,70,0.026164340319649572,0.00989943715645958
6,YZt,251,71,0.02493917835736945,0.009769297412330099
6,YZt,252,69,0.025197728990295626,0.009907414943301369
6,YZt,253,69,0.022276503641080476,0.009864314121839498
6,YZt,254,68,0.021469667845284212,0.00991113109773531
6,YZt,255,67,0.02151946377405876,0.009846024173490118
6,YZt,256,67,0.022125379605559083,0.009865205873493762
6,YZt,257,68,0.024063084059404223,0.009815254701244065
6,YZt,258,69,0.028931234542551486,0.009805697083777428
6,YZt,259,12,0.23490765903412875,0.009250217166437674
6,XZt,0,11,0.24474118596802436,0.009812335501147686
6,XZt,1,67,0.027698171273945825,0.00981036570264236
6,XZt,2,66,0.02274274680675518,0.009862209345973783
6,XZt,3,66,0.02087411520119583,0.009918619130022097
6,XZt,4,67,0.02005399334026997,0.009732977034321046
6,XZt,5,67,0.02022710141878284,0.009944795754440164
6,XZt,6,69,0.021157497090188708,0.009748366139139864
6,XZt,7,69,0.024411525996861985,0.009999028226067437
6,XZt,8,71,0.02450568862365645,0.009913796571548113
6,XZt,9,70,0.025377902381381403,0.009885230211779157
6,XZt,10,70,0.02496282509218357,0.009883024784983837
6,XZt,11,70,0.025758459787177623,0.00992803367791885
6,XZt,12,70,0.026148285100911973,0.009791264086301203
6,XZt,13,71,0.026511024053142155,0.009999964694394561
6,XZt,14,73,0.026259823679676206,0.009792689359320584
6,XZt,15,72,0.027600457827770198,0.009908616937340865
6,XZt,16,74,0.02799121690245802,0.009768797533246054
6,XZt,17,75,0.02831775987014175,0.009825102646331869
6,XZt,18,75,0.028799481441779694,0.009896819326840993
6,XZt,19,76,0.028842427505049145,0.009998244254520061
6,XZt,20,76,0.029595442071327027,0.009949288919173464
6,XZt,21,77,0.02934258346975826,0.009875312974719764
6,XZt,22,77,0.029909329880289187,0.009772432648194489
6,XZt,23,78,0.029376981184242337,0.009780755444276566
6,XZt,24,78,0.030694379124762007,0.00995566719191135
6,XZt,25,78,0.030931784607039343,0.009835460241388575
6,XZt,26,79,0.03066837107477473,0.009909274935399339
6,XZt,27,79,0.031033670466838244,0.009921380337931844
6,XZt,28,79,0.0317103079669041,0.009842607064407182
6,XZt,29,80,0.030744066941740998,0.00980508217368019
6,XZt,30,80,0.03137581436227737,0.009894850851544996
6,XZt,31,80,0.03179456063879992,0.009934782876887783
6,XZt,32,81,0.031244632699135962,0.009777837704843972
6,XZt,33,81,0.03196203808474105,0.00989254411518737
6,XZt,34,81,0.03258911624152339,0.009878830517968274
6,XZt,35,82,0.03147332882798347,0.009796651319173552
6,XZt,36,82,0.031634279736513504,0.00987228961851893
6,XZt,37,82,0.031894186578549234,0.00990839527383487
6,XZt,38,82,0.03229954129279073,0.00995832266962826
6,XZt,39,83,0.03202392086475877,0.009827071441138913
6,XZt,40,84,0.03177098637271645,0.009796263177403518
6,XZt,41,84,0.032339368404844714,0.009952980966497497
6,XZt,42,85,0.03255987399258736,0.009889620598216773
6,XZt,43,86,0.03203964732169355,0.009765961785173638
6,XZt,44,86,0.032390843327100356,0.00994778435889502
6,XZt,45,87,0.03181842535627496,0.009836861965558536
6,XZt,46,87,0.03190775923915784,0.009990401922788682
6,XZt,47,88,0.03137583939903638,0.009940089627843979
6,XZt,48,89,0.030829096260293655,0.009870842831696132
6,XZt,49,90,0.030954741284818177,0.00986881324514324
6,XZt,50,91,0.030560848756092523,0.00980406688170166
6,XZt,51,92,0.03013699039595665,0.009766207875649423
6,XZt,52,92,0.030084750800264615,0.00991530512942881
6,XZt,53,93,0.029983712575134353,0.009877323374575885
6,XZt,54,93,0.030111317703214898,0.00999842788955432
6,XZt,55,94,0.029503996944340524,0.00994548411870017
6,XZt,56,95,0.028992418604216034,0.009900893314953172
6,XZt,57,96,0.02878324470857948,0.009874409325796063
6,XZt,58,97,0.028248301976249297,0.009808738230396843
6,XZt,59,97,0.02833719548179885,0.009997108632685443
6,XZt,60,98,0.028056212537750074,0.0099699956009999
6,XZt,61,99,0.027295187280204962,0.009913536745481621
6,XZt,62,100,0.02655797328267312,0.009851232827136656
6,XZt,63,101,0.02597164879654603,0.00978029181548781
6,XZt,64,101,0.025668454261801987,0.009915333736458526
6,XZt,65,102,0.0252894780265266,0.009907132509640492
6,XZt,66,103,0.02421003422688255,0.009802353900143931
6,XZt,67,104,0.02365125181475455,0.00983559625284603
6,XZt,68,105,0.022355583171459425,0.00985787829708001
6,XZt,69,107,0.020871944106755427,0.00976531571910372
6,XZt,70,108,0.019542661885820888,0.00989443711980712
6,XZt,71,110,0.01777481430157979,0.009803693890894489
6,XZt,72,111,0.01688731633654262,0.009990139868545356
6,XZt,73,113,0.015353307657792567,0.00982652262121543
6,XZt,74,114,0.014528917181130089,0.00989098325685624
6,XZt,75,115,0.013646880038307125,0.009859718088192608
6,XZt,76,116,0.01281624672475783,0.009776888193496812
6,XZt,77,116,0.01232594518756224,0.009901783320736178
6,XZt,78,116,0.011833429603437131,0.009962969783840722
6,XZt,79,117,0.011153243994726213,0.009792136655162256
6,XZt,80,117,0.010747982817104196,0.009810589971767468
6,XZt,81,117,0.010407089667102602,0.00983957638573281
6,XZt,82,117,0.010092966929381086,0.00985321157252287
6,XZt,83,117,0.009812663461877636,0.009859866982726508
6,XZt,84,117,0.009557671720044767,0.009875601364164885
6,XZt,85,117,0.009336690506238176,0.009905955100113575
6,XZt,86,117,0.009164694676686657,0.009933234829898531
6,XZt,87,117,0.009007087371111397,0.009958789172166234
6,XZt,88,118,0.00869881707599508,0.009832424630943455
6,XZt,89,118,0.008600193044746764,0.009916004431679741
6,XZt,90,119,0.008429617247391817,0.009856332560485436
6,XZt,91,120,0.008329858647640407,0.009979652824372269
6,XZt,92,122,0.008048402840139187,0.009888155414448334
6,XZt,93,123,0.007926216958256098,0.009951931077603319
6,XZt,94,125,0.00762326025498319,0.009843652648176087
6,XZt,95,126,0.007436682504825141,0.00983159501502367
6,XZt,96,126,0.0074295686158744574,0.009994620318747064
6,XZt,97,127,0.007245587698516983,0.009908585603010073
6,XZt,98,128,0.007047076661897795,0.009897437444911806
6,XZt,99,128,0.006978467225092735,0.009961309524501487
6,XZt,100,129,0.006770479542023115,0.009797171295488709
6,XZt,101,129,0.006695136501576107,0.009821926074885265
6,XZt,102,129,0.006613457733439789,0.009975568734247445
6,XZt,103,129,0.006529150068937272,0.00999484390502896
6,XZt,104,130,0.006330862267506003,0.009806140748932568
6,XZt,105,130,0.006252973524762831,0.009802237370552193
6,XZt,106,130,0.006191226939554206,0.009817613564884932
6,XZt,107,131,0.005985552862968291,0.009882705971489476
6,XZt,108,131,0.0059294613537307014,0.009903268550240972
6,XZt,109,131,0.005884244626144815,0.009896651235426003
6,XZt,110,131,0.005838153836513491,0.009890406203917181
6,XZt,111,131,0.005799956032726388,0.009883246629668418
6,XZt,112,131,0.005752313533028403,0.009860237071149058
6,XZt,113,131,0.005728243997787424,0.009863728513830617
6,XZt,114,136,0.0051316023026648,0.009910339012635877
6,XZt,115,136,0.0051131603443853035,0.00993227779085076
6,XZt,116,136,0.0050953599470094525,0.009936565224453735
6,XZt,117,136,0.0050726748594912795,0.009936010879175837
6,XZt,118,136,0.0050523475830125085,0.009930008313536808
6,XZt,119,136,0.005027344158068007,0.00991413758292655
6,XZt,120,136,0.005006041229855449,0.009898723905235005
6,XZt,121,136,0.0049899734640950705,0.009893576285410696
6,XZt,122,136,0.0049871928056148705,0.009900501903872037
6,XZt,123,136,0.004979801301497542,0.009894292232131067
6,XZt,124,136,0.004967340681380555,0.009883988919906453
6,XZt,125,136,0.004947365536991714,0.009889079513302519
6,XZt,126,136,0.004930993304731446,0.009899223031604195
6,XZt,127,136,0.0049278438514665755,0.009909963059467746
6,XZt,128,136,0.004931136067630486,0.009932167416707372
6,XZt,129,136,0.004937622734366534,0.009932333749301048
6,XZt,130,136,0.00495729630235096,0.009945120671391345
6,XZt,131,136,0.004967027441664665,0.009965801782458998
6,XZt,132,136,0.004983373640980313,0.009970488083943891
6,XZt,133,136,0.005011165077871972,0.009964167769012858
6,XZt,134,136,0.00503995249176911,0.009952511495754914
6,XZt,135,136,0.005082293273316755,0.009948846243756327
6,XZt,136,136,0.005126476487367665,0.009953405358234413
6,XZt,137,136,0.005157441219875648,0.009953873631565953
6,XZt,138,136,0.005194001373571196,0.00995156516953391
6,XZt,139,136,0.005226787906849496,0.009936778930379333
6,XZt,140,136,0.00526109269409037,0.009919264871757502
6,XZt,141,136,0.005290678427014319,0.009902341904644504
6,XZt,142,136,0.005312721043380569,0.009874585559353775
6,XZt,143,136,0.005343091739043168,0.009846623680629076
6,XZt,144,136,0.005381101838940596,0.009828713427172495
6,XZt,145,136,0.005439688359249567,0.009809687394085711
6,XZt,146,130,0.006266342524043464,0.00993894041935064
6,XZt,147,130,0.006371818670093161,0.009964864026900088
6,XZt,148,131,0.006361725400459164,0.009801064567764192
6,XZt,149,131,0.006504527161103509,0.00983988919527878
6,XZt,150,131,0.006646923968930526,0.009866128625308484
6,XZt,151,131,0.006786592946909917,0.009876643843111842
6,XZt,152,131,0.006929992279168488,0.009849559181499672
6,XZt,153,129,0.007398589923556375,0.009975724352927663
6,XZt,154,129,0.007528048029479814,0.00993353697267228
6,XZt,155,129,0.007681745943021135,0.009904047268043266
6,XZt,156,129,0.0078097480226530375,0.009861857599409262
6,XZt,157,129,0.007964577131032947,0.009826485564039157
6,XZt,158,128,0.008307031652629823,0.00985973519368419
6,XZt,159,128,0.008479290572742314,0.009847494847372391
6,XZt,160,128,0.008665148657759933,0.009852837718915135
6,XZt,161,128,0.008883869281983137,0.009883544095407558
6,XZt,162,128,0.009138590790304666,0.009848826361286615
6,XZt,163,128,0.00938702327540863,0.009914748822266705
6,XZt,164,128,0.00964822177859723,0.00999009574453395
6,XZt,165,129,0.009691550843209837,0.009832959867598802
6,XZt,166,129,0.009930900566840543,0.009821984613314018
6,XZt,167,129,0.010138487322814124,0.009849329572959635
6,XZt,168,129,0.010317737350892028,0.009837954914615693
6,XZt,169,128,0.010690671234662634,0.00992896603282122
6,XZt,170,127,0.010991327492104335,0.009978246189848659
6,XZt,171,126,0.01123177981427041,0.009945379286905176
6,XZt,172,125,0.011372569888227012,0.00981039148994548
6,XZt,173,123,0.011641015727327047,0.009882578365639494
6,XZt,174,121,0.011809050131603245,0.009952400190584014
6,XZt,175,120,0.011681449027543122,0.009773870471716963
6,XZt,176,118,0.011761505955110994,0.00984553519778312
6,XZt,177,116,0.011850946943104537,0.009962611591386804
6,XZt,178,115,0.01167268623174304,0.009843089176048526
6,XZt,179,113,0.011782264696467681,0.009984386755732766
6,XZt,180,112,0.011740562788380824,0.009989886248742282
6,XZt,181,112,0.011502513608433379,0.009805246752889206
6,XZt,182,111,0.01167351945613366,0.009953585199364621
6,XZt,183,111,0.011640600698327494,0.009917192629877303
6,XZt,184,111,0.011702017090165367,0.009956367509141714
6,XZt,185,112,0.011597222125818743,0.00982456776192459
6,XZt,186,112,0.011706549667468043,0.00990433095071466
6,XZt,187,113,0.01178820577337329,0.009827444324751015
6,XZt,188,113,0.011998983290225973,0.009909655556303873
6,XZt,189,113,0.012401318497155936,0.009999078827498044
6,XZt,190,113,0.012770931418810505,0.00999287287525908
6,XZt,191,113,0.012960885607210851,0.009811752260097333
6,XZt,192,111,0.01373215421383466,0.009929403804047575
6,XZt,193,109,0.014083866907714583,0.009854883042068937
6,XZt,194,107,0.014546230044698611,0.009801707495373693
6,XZt,195,104,0.014925216195313845,0.009837734386367139
6,XZt,196,101,0.015439077630879627,0.009973726101370737
6,XZt,197,99,0.015635627212981836,0.009986005561554085
6,XZt,198,98,0.015686958702262378,0.00995548469323893
6,XZt,199,98,0.0156164248610002,0.009851078354668497
6,XZt,200,98,0.015582118341585325,0.00980677357224656
6,XZt,201,98,0.015580669127951871,0.009796788260684527
6,XZt,202,98,0.01567286967067916,0.009827477087906848
6,XZt,203,98,0.015691505395735307,0.00982052417041897
6,XZt,204,98,0.015726260975859156,0.009815113331041021
6,XZt,205,98,0.015732114557957116,0.009783364758883804
6,XZt,206,98,0.015818152607413608,0.009829161513006305
6,XZt,207,98,0.015811397745539538,0.009832914648440041
6,XZt,208,98,0.01595713091101263,0.009851012985237202
6,XZt,209,98,0.016002594021965782,0.009821738749568685
6,XZt,210,98,0.0160755057810303,0.009808821466621495
6,XZt,211,97,0.01646847257502618,0.009948656684813234
6,XZt,212,97,0.016705031514297895,0.009894848139876443
6,XZt,213,97,0.01712331738523883,0.009859904691951363
6,XZt,214,97,0.01775867286371192,0.009833456874821376
6,XZt,215,97,0.01856817974858324,0.009812079238753772
6,XZt,216,96,0.020051073209117018,0.009986645026946853
6,XZt,217,96,0.021288209466570628,0.009892165160803993
6,XZt,218,95,0.022718390669171865,0.009914073015912695
6,XZt,219,94,0.02443738493139015,0.00986379224458982
6,XZt,220,92,0.02653321679651803,0.009923484151503613
6,XZt,221,90,0.02838527261729797,0.009979368210066713
6,XZt,222,89,0.029289065427271492,0.009822012321381975
6,XZt,223,87,0.03049508629280347,0.009911944775494593
6,XZt,224,85,0.031573130827742456,0.009997789561194126
6,XZt,225,84,0.03227318772943177,0.00982000230798537
6,XZt,226,83,0.03216097458496854,0.009896578420747109
6,XZt,227,82,0.031873998404709614,0.009897565246463803
6,XZt,228,81,0.03205384646199063,0.009971911572728072
6,XZt,229,81,0.03155914239160844,0.009902663569645774
6,XZt,230,81,0.030724422830124366,0.00977612012738469
6,XZt,231,80,0.03176338214820747,0.00984810905534635
6,XZt,232,80,0.030989125877801633,0.009901164699705015
6,XZt,233,80,0.030504468637775478,0.009871582559985421
6,XZt,234,79,0.03092460213488121,0.009832410986510958
6,XZt,235,79,0.03057335124597748,0.009916822734379292
6,XZt,236,79,0.029302345245540116,0.009757308959787095
6,XZt,237,77,0.030504735205501565,0.009991697896745267
6,XZt,238,78,0.029384602833700705,0.009850359267064828
6,XZt,239,77,0.029421316539213038,0.009899602877399691
6,XZt,240,77,0.02884495962989064,0.00998315011375961
6,XZt,241,76,0.028797055233639318,0.009927109730144785
6,XZt,242,76,0.02837254689312272,0.009817831421727055
6,XZt,243,75,0.028231440088430426,0.00975489111173436
6,XZt,244,73,0.028021385535175927,0.009951968437986071
6,XZt,245,74,0.026717532031210287,0.00984033638268986
6,XZt,246,73,0.026381803693495662,0.00980086041769416
6,XZt,247,71,0.02662195340708274,0.009808482655602942
6,XZt,248,71,0.026302780537235945,0.00997434521787468
6,XZt,249,71,0.025082161935800616,0.00986865399853632
6,XZt,250,71,0.025416808041286335,0.009854363388168232
6,XZt,251,72,0.024174056613166475,0.009740735029857514
6,XZt,252,70,0.024079400222243714,0.009841277435458989
6,XZt,253,69,0.02164097747946916,0.009897934699851552
6,XZt,254,68,0.020074183050362383,0.009808699542897054
6,XZt,255,67,0.020393537808849064,0.009918354019806242
6,XZt,256,67,0.020835237412933406,0.009857173315712522
6,XZt,257,67,0.02259706626003,0.009794130470903387
6,XZt,258,67,0.028162706628488042,0.00999443738079603
6,XZt,259,12,0.21701014010930825,0.009005629148706897
7,XYt,0,152,0.0014749373665715521,0.009825751257022246
7,XYt,1,153,0.001492809427355443,0.009798784259368828
7,XYt,2,153,0.0015591704401666869,0.009893248823247571
7,XYt,3,153,0.0016077564569849702,0.009862525013258901
7,XYt,4,154,0.0016494447251817546,0.009880424719871047
7,XYt,5,153,0.0016688959333924617,0.009901097260708041
7,XYt,6,152,0.0016786868759936042,0.009974221551367679
7,XYt,7,153,0.001632364628347419,0.009809771638183043
7,XYt,8,152,0.0016627779928926692,0.009924921101879328
7,XYt,9,152,0.0016631138186783009,0.00986448470714945
7,XYt,10,152,0.0016848832890425497,0.009836153685312175
7,XYt,11,152,0.0017293670061305786,0.009837440055274907
7,XYt,12,152,0.0017415284833222796,0.009820936332366359
7,XYt,13,152,0.0017440084530846859,0.009814882369925327
7,XYt,14,152,0.001752822217237074,0.009805207191583332
7,XYt,15,152,0.0017505993629591745,0.00981211814731647
7,XYt,16,152,0.001730145352712765,0.009814947433244679
7,XYt,17,153,0.0017190976840041714,0.009812273467511417
7,XYt,18,153,0.0017368840656840547,0.00981575221444078
7,XYt,19,152,0.0018453782564429489,0.009954466951529031
7,XYt,20,152,0.00187344707865287,0.009875778818464399
7,XYt,21,152,0.00188687970327809,0.009828196601676088
7,XYt,22,152,0.001891825539906817,0.00980961846655886
7,XYt,23,152,0.0018912728106256634,0.009810352027529869
7,XYt,24,152,0.0018920623192146232,0.009828493081563318
7,XYt,25,152,0.0018955338544078128,0.009870855646358805
7,XYt,26,152,0.0018971869668587787,0.009915498882454382
7,XYt,27,152,0.0019074661976175634,0.009967196328725305
7,XYt,28,152,0.0019193787150219915,0.009993120358831126
7,XYt,29,153,0.0018942609011567487,0.009810587236809018
7,XYt,30,153,0.0019117653900063499,0.009799622676625324
7,XYt,31,153,0.0019443259354266515,0.009799355989954558
7,XYt,32,152,0.0020301093816307235,0.009957321000985652
7,XYt,33,152,0.002097060921945964,0.009879639329208285
7,XYt,34,151,0.0022479541623406994,0.00998296427788337
7,XYt,35,151,0.002398433138056004,0.009838658623825929
7,XYt,36,150,0.0026953979845193714,0.009864436834758863
7,XYt,37,149,0.0031530884317076493,0.009853580121497703
7,XYt,38,147,0.003930107680789651,0.009985815019049252
7,XYt,39,146,0.005013970088003474,0.009867844986085518
7,XYt,40,144,0.006682385979556068,0.00991390977934718
7,XYt,41,142,0.008611729194161592,0.009946246274295302
7,XYt,42,140,0.010592124598771513,0.009974099958565056
7,XYt,43,139,0.012542223802608754,0.009792214630613498
7,XYt,44,137,0.014983225467823082,0.0097939916919268
7,XYt,45,135,0.017619574290994353,0.009856773713151043
7,XYt,46,134,0.019923813117510982,0.00984143011434426
7,XYt,47,133,0.021148155946483775,0.009960765253200532
7,XYt,48,132,0.02145539058649947,0.009975661721503827
7,XYt,49,131,0.021702755858368197,0.009898233505523329
7,XYt,50,129,0.02248220972973571,0.009927197147858781
7,XYt,51,127,0.023215657406546797,0.009822947481376014
7,XYt,52,124,0.02411450582513408,0.009765154470675833
7,XYt,53,119,0.02552854647230294,0.009993713189777972
7,XYt,54,115,0.025652617914661197,0.009887113761575844
7,XYt,55,111,0.025144509684474962,0.009851634599850593
7,XYt,56,108,0.023721761277343503,0.009760932017103766
7,XYt,57,105,0.022495655050209812,0.009914846168608304
7,XYt,58,104,0.020762710894907818,0.009756570232087779
7,XYt,59,103,0.019835984745402664,0.00976239320806296
7,XYt,60,102,0.019726390958448508,0.009962898992797863
7,XYt,61,103,0.019198399376272615,0.009822297905054555
7,XYt,62,103,0.019465722640815336,0.009961952575966103
7,XYt,63,104,0.01945648808319595,0.009894029879314288
7,XYt,64,105,0.01946592258235958,0.009837122569927248
7,XYt,65,106,0.019296534099243715,0.00977150340202205
7,XYt,66,106,0.0194620469932355,0.009941273790621527
7,XYt,67,107,0.01901522356124818,0.00984928279442786
7,XYt,68,107,0.018884408346975565,0.00992380559471233
7,XYt,69,107,0.018596735939435605,0.009931635828391227
7,XYt,70,107,0.01832889247978757,0.009907802676783253
7,XYt,71,107,0.0180179740852387,0.00987739361473969
7,XYt,72,107,0.017856424640893934,0.00991503181215927
7,XYt,73,107,0.017696918908875398,0.009970759342848126
7,XYt,74,108,0.017176468176340196,0.009792794964539914
7,XYt,75,108,0.017063649173169777,0.009847394733290936
7,XYt,76,108,0.016831267495976576,0.009826817825393056
7,XYt,77,108,0.01652684709067786,0.009784566792181188
7,XYt,78,108,0.01636480534262741,0.009860243291003856
7,XYt,79,108,0.01625362906894354,0.00999114668715922
7,XYt,80,109,0.015601304401692882,0.009775440775744848
7,XYt,81,109,0.01535396367477948,0.009770582933639384
7,XYt,82,109,0.015224842117734835,0.009801263160246277
7,XYt,83,109,0.015101705673611297,0.0098473031817314
7,XYt,84,109,0.014894671452811585,0.009844638004355952
7,XYt,85,109,0.01469985355459136,0.009844019841747879
7,XYt,86,109,0.014522782453368343,0.009853611163942138
7,XYt,87,109,0.01423237621924095,0.009843626792248263
7,XYt,88,109,0.014015020873114695,0.009905339603209431
7,XYt,89,110,0.013566331693643807,0.009767939674845787
7,XYt,90,110,0.013463476028501361,0.009830973770875374
7,XYt,91,110,0.013433774738604035,0.009898407533596946
7,XYt,92,110,0.013376072848530159,0.009895057091129901
7,XYt,93,110,0.013334870459444332,0.009884888746027175
7,XYt,94,110,0.01325452809675829,0.009847378384860586
7,XYt,95,110,0.013179100606371452,0.00986082941696487
7,XYt,96,110,0.013033997039119295,0.009802324728772094
7,XYt,97,109,0.013141564704808996,0.009944849869459203
7,XYt,98,109,0.012977357539105476,0.00990132272660014
7,XYt,99,109,0.012898874127417656,0.009942800770637129
7,XYt,100,110,0.012578836118714663,0.009770478029888617
7,XYt,101,110,0.012541355078895085,0.009796461945473059
7,XYt,102,110,0.012449080270039506,0.009799644033149563
7,XYt,103,110,0.012358333754385973,0.009798357082560525
7,XYt,104,109,0.01253370257627004,0.009990842680220309
7,XYt,105,109,0.012430132790604984,0.00991037235265017
7,XYt,106,109,0.012342614894116907,0.009813064796670263
7,XYt,107,109,0.01232554737748698,0.009780214999128288
7,XYt,108,109,0.012334168227531896,0.009763898149039503
7,XYt,109,108,0.012618865274927017,0.009966272934780451
7,XYt,110,108,0.012623866501879298,0.009936306919604343
7,XYt,111,108,0.012695584377774441,0.009954614659905535
7,XYt,112,108,0.01275662840776372,0.00998069288427693
7,XYt,113,109,0.01256266838517324,0.009780616632281513
7,XYt,114,109,0.012744671186185273,0.009903937430742317
7,XYt,115,110,0.012642877901571876,0.009785463460960951
7,XYt,116,110,0.012868155955776651,0.009852111756616884
7,XYt,117,110,0.013130997245932967,0.009918208863164071
7,XYt,118,110,0.013422355339035347,0.009974686926056027
7,XYt,119,111,0.013366728107376321,0.009774032595992554
7,XYt,120,111,0.013534528049120377,0.009825154845745069
7,XYt,121,111,0.013515022602230232,0.009819810105737766
7,XYt,122,110,0.013724291790648591,0.009979534140041253
7,XYt,123,110,0.013657898576857449,0.009887755823484388
7,XYt,124,110,0.013627900309163877,0.009824526717804274
7,XYt,125,110,0.013683274732800264,0.009817534307522652
7,XYt,126,110,0.013769127564934513,0.009827102879361988
7,XYt,127,110,0.01395685230329691,0.009878969036345189
7,XYt,128,110,0.014239173226208822,0.009937422103478585
7,XYt,129,110,0.01449667881756532,0.009929529958874958
7,XYt,130,110,0.014659112496096905,0.009875856521639864
7,XYt,131,110,0.014759036333151761,0.009773543391335427
7,XYt,132,109,0.015289599607083464,0.009960366035306697
7,XYt,133,109,0.015518173825095422,0.009912811439004575
7,XYt,134,109,0.015701429329266808,0.009827991845151558
7,XYt,135,108,0.01623452770454241,0.009966763986409255
7,XYt,136,108,0.01650139054142128,0.009910064243328057
7,XYt,137,108,0.01658802039609052,0.009790631826541383
7,XYt,138,107,0.01707981159722924,0.009963173151397256
7,XYt,139,107,0.017299842585608533,0.009952125966304933
7,XYt,140,107,0.017380392614876297,0.009910263513720256
7,XYt,141,107,0.017316907586511165,0.009853543632885348
7,XYt,142,107,0.01726508384350045,0.009830771801537868
7,XYt,143,107,0.01726936514244725,0.00984522287909315
7,XYt,144,107,0.017255020511776385,0.009857012170034742
7,XYt,145,107,0.017207372791053607,0.009875876083182114
7,XYt,146,107,0.01718207078477691,0.009909047793682705
7,XYt,147,107,0.01712065841761191,0.009902520428075084
7,XYt,148,107,0.017058236076919347,0.009867651385024606
7,XYt,149,107,0.016982339619212743,0.009812247216383517
7,XYt,150,106,0.017294705541057935,0.009962061927524708
7,XYt,151,106,0.017222937270399193,0.009877963511767432
7,XYt,152,106,0.017141812778136947,0.009828346753749625
7,XYt,153,106,0.017118828314434568,0.009821104080448659
7,XYt,154,106,0.01715732946391009,0.009833322315032079
7,XYt,155,106,0.017156060389315195,0.009801383064668713
7,XYt,156,106,0.01718979700457093,0.009812942847545369
7,XYt,157,106,0.017091342664069233,0.009815471204591463
7,XYt,158,106,0.01685180282199403,0.009823155620798675
7,XYt,159,106,0.016728222249984548,0.009927885805722337
7,XYt,160,107,0.016139294040516183,0.00977793547340222
7,XYt,161,107,0.01590244994126841,0.009805976106549565
7,XYt,162,107,0.01561004488922784,0.009805073651451147
7,XYt,163,107,0.015314809966858904,0.00978030004577626
7,XYt,164,107,0.015054736420258043,0.009767737500923166
7,XYt,165,106,0.01517406920194436,0.009989983246607357
7,XYt,166,106,0.014883511121496133,0.009923517370101793
7,XYt,167,106,0.014463022967332732,0.009821053810965699
7,XYt,168,105,0.014360889065159437,0.009931219769479619
7,XYt,169,105,0.014014481172177684,0.009789254337619438
7,XYt,170,104,0.01412262700882994,0.009973288584571933
7,XYt,171,105,0.013736755848241225,0.009786205412817542
7,XYt,172,105,0.01370255738519717,0.00985156487637878
7,XYt,173,105,0.013659631234142135,0.009910954972566728
7,XYt,174,105,0.01361548981117532,0.00994509754598058
7,XYt,175,105,0.013553205115155302,0.00992621326803151
7,XYt,176,105,0.013404026572126157,0.009825874139463286
7,XYt,177,105,0.01333705855177402,0.00981257753795814
7,XYt,178,105,0.01328024996958819,0.009839929396232803
7,XYt,179,105,0.013245412035312737,0.009866804063780689
7,XYt,180,105,0.013096544926312733,0.009825522964674415
7,XYt,181,104,0.013240377550225923,0.009995730914186722
7,XYt,182,104,0.013165208620825252,0.009981906867338252
7,XYt,183,104,0.013099180090884802,0.009969831972867362
7,XYt,184,104,0.013028350795389186,0.009932827173410185
7,XYt,185,104,0.013001423354613816,0.00990817964038851
7,XYt,186,104,0.012971217861251372,0.009861373062547824
7,XYt,187,104,0.012959485285161363,0.009857930011874967
7,XYt,188,104,0.012983835424355461,0.009917599614938575
7,XYt,189,104,0.01307677414745121,0.009989549741727173
7,XYt,190,105,0.01286596273103174,0.009789965854307652
7,XYt,191,105,0.0129693803500218,0.009829983535558648
7,XYt,192,105,0.013059705729946976,0.009846373994234039
7,XYt,193,105,0.01313237986650335,0.009846484084369769
7,XYt,194,105,0.013236817272889431,0.009859691963384556
7,XYt,195,105,0.013392915710948994,0.00989673218303062
7,XYt,196,105,0.013577285782529088,0.009922149676178734
7,XYt,197,105,0.013785574998950934,0.009994332295427377
7,XYt,198,106,0.013742099115253311,0.009840036831697369
7,XYt,199,106,0.01401805049928522,0.009944469439259128
7,XYt,200,106,0.01415421588669956,0.009998629539172221
7,XYt,201,106,0.014111500586516543,0.009990074027775032
7,XYt,202,106,0.01399499510435855,0.009936599633732699
7,XYt,203,106,0.013917572799945299,0.009870185844366008
7,XYt,204,105,0.01417422654876015,0.009998675695661072
7,XYt,205,106,0.013944586299383476,0.009767308416858226
7,XYt,206,106,0.014137298165043234,0.009819529758508578
7,XYt,207,106,0.014453881834050034,0.009893326389211872
7,XYt,208,106,0.014794650889218722,0.009950200252257261
7,XYt,209,107,0.014799033400163036,0.00979193294528032
7,XYt,210,107,0.01496921578087311,0.009789218157423124
7,XYt,211,107,0.0151241476204658,0.009778467812713606
7,XYt,212,107,0.015301452527826772,0.00978019195410278
7,XYt,213,107,0.01555791136672754,0.009792788388710729
7,XYt,214,107,0.015801649837938275,0.00979848961889628
7,XYt,215,107,0.016101507142064035,0.009791001243456237
7,XYt,216,107,0.01645596326519347,0.009788446281377676
7,XYt,217,107,0.0167548532818306,0.00976314021104975
7,XYt,218,107,0.017122438208077097,0.009766476016936134
7,XYt,219,107,0.017533364954944664,0.00978178741951748
7,XYt,220,107,0.017927059965954728,0.009852890627259303
7,XYt,221,107,0.018167393784160796,0.009894263641745421
7,XYt,222,107,0.018415643701143868,0.009969069774860395
7,XYt,223,107,0.018603110850425437,0.009995581129059041
7,XYt,224,108,0.018328992087857595,0.009762997850650556
7,XYt,225,107,0.018797853509090728,0.009983258849180483
7,XYt,226,107,0.018833572576101475,0.009910584612199212
7,XYt,227,107,0.018827399404256165,0.009802935667095067
7,XYt,228,106,0.019344739848492234,0.009948954352381764
7,XYt,229,106,0.019395636149881445,0.009834561037520529
7,XYt,230,106,0.01949676516219079,0.009769480564134868
7,XYt,231,105,0.020013031424442287,0.009943799738824212
7,XYt,232,105,0.020059875985140332,0.009852504467622775
7,XYt,233,104,0.02042391641987662,0.00993178927948613
7,XYt,234,103,0.0207943840352847,0.009965798551623328
7,XYt,235,102,0.021104527647143642,0.009964545985410427
7,XYt,236,101,0.021358985592691622,0.00994604448757003
7,XYt,237,100,0.02151650379154187,0.009950554577104831
7,XYt,238,100,0.021393130566169087,0.009859509087789951
7,XYt,239,100,0.02133301545140929,0.009828823949109796
7,XYt,240,100,0.021346221455737197,0.009817386723143045
7,XYt,241,100,0.02132904686712232,0.009804727752160292
7,XYt,242,100,0.021321604284715367,0.009804812038871449
7,XYt,243,100,0.021304138251351582,0.009809104777116082
7,XYt,244,100,0.021283710786270536,0.009784277756658815
7,XYt,245,99,0.02173228798156106,0.009988461330581823
7,XYt,246,99,0.021690705667420304,0.009988402232801352
7,XYt,247,100,0.02128064667662545,0.009793267316719236
7,XYt,248,100,0.021410875121831395,0.009859514530564955
7,XYt,249,100,0.0215036034966731,0.009918510227003817
7,XYt,250,100,0.02153080494129011,0.009935273170084614
7,XYt,251,100,0.02155398695239529,0.009956234995498378
7,XYt,252,100,0.021549743479773585,0.009987571066066157
7,XYt,253,101,0.02104052262895112,0.009779891815121098
7,XYt,254,100,0.021357033113531987,0.009989276307041014
7,XYt,255,100,0.02103864706943077,0.009946073083264022
7,XYt,256,100,0.020209717920501736,0.009848860532235533
7,XYt,257,100,0.018772777156162747,0.00978364700433487
7,XYt,258,100,0.0163170783720723,0.009809013962339672
7,XYt,259,99,0.013877995379877673,0.009932339306536834
7,XYt,260,98,0.012595173879337921,0.009953706811717724
7,XYt,261,98,0.012123012776886793,0.009953112676214437
7,XYt,262,98,0.01199531597412481,0.009978981336688586
7,XYt,263,99,0.011749304150178063,0.009800585864343318
7,XYt,264,99,0.011740545263768037,0.009818998005810695
7,XYt,265,99,0.01173898288254819,0.00983471000112451
7,XYt,266,99,0.011698558285109344,0.009811874224019714
7,XYt,267,99,0.01172556069165013,0.0098182940586649
7,XYt,268,99,0.011743375186805318,0.009833858750136582
7,XYt,269,99,0.01179644775772805,0.009996965079675072
7,XYt,270,100,0.011559399976024206,0.009790459171423283
7,XYt,271,100,0.011590440115883118,0.009798404182455431
7,XYt,272,99,0.011827327342128735,0.009968091104683288
7,XYt,273,99,0.011863950166180696,0.009969142444556331
7,XYt,274,99,0.01189533044344619,0.009976682142059835
7,XYt,275,100,0.011713684359891563,0.009780078922953251
7,XYt,276,100,0.011727531089503421,0.009776169216416494
7,XYt,277,100,0.011728027278760307,0.009798081050717939
7,XYt,278,99,0.011958239127144825,0.009996707952062964
7,XYt,279,99,0.011954416238754956,0.009972713911069925
7,XYt,280,99,0.011904707145762125,0.009894024455526429
7,XYt,281,99,0.011880097428153283,0.009851032129186997
7,XYt,282,99,0.011854677838653823,0.009800698111443261
7,XYt,283,99,0.011929153916656,0.00983371577639734
7,XYt,284,99,0.011963871909018658,0.009860482752430327
7,XYt,285,99,0.011990490727252237,0.009888910127484822
7,XYt,286,99,0.011991236733381965,0.009880197690811096
7,XYt,287,99,0.01199357324938339,0.009867658454793088
7,XYt,288,99,0.01199936761935823,0.009853422184739575
7,XYt,289,99,0.012008224568216775,0.009818035531242279
7,XYt,290,99,0.011982465765136143,0.009776373960502922
7,XYt,291,98,0.01223001970210008,0.009975196392292792
7,XYt,292,98,0.012222908876925046,0.009973236391810183
7,XYt,293,98,0.012217304739347323,0.00994273006730276
7,XYt,294,98,0.01220554880053553,0.009937915120666545
7,XYt,295,98,0.012224719491404364,0.009963056271345208
7,XYt,296,98,0.012207090659111644,0.009979042103535745
7,XYt,297,98,0.012249111040460085,0.009954778538167248
7,XYt,298,98,0.012228574991265338,0.009926853341596854
7,XYt,299,98,0.012261813723811053,0.009939546277032288
7,XYt,300,98,0.012280794787028057,0.009972858658732996
7,XYt,301,99,0.012079225762089306,0.00978761019639456
7,XYt,302,99,0.012080687149172336,0.009837016193678829
7,XYt,303,99,0.012090326670934917,0.009834346045776921
7,XYt,304,99,0.012091682949028567,0.009834096125609247
7,XYt,305,98,0.012333325568482389,0.00999604873039303
7,XYt,306,98,0.012329784392018959,0.009965040353221431
7,XYt,307,98,0.012304585919528712,0.009900387768429162
7,XYt,308,98,0.012329078006103611,0.009910881876222
7,XYt,309,98,0.01231284580890648,0.009898771302024439
7,XYt,310,98,0.012362927322598924,0.00995349547175508
7,XYt,311,98,0.012343066212607112,0.00994697731224076
7,XYt,312,98,0.012353031181428708,0.009980039057201127
7,XYt,313,98,0.012362719151974353,0.009989089357210846
7,XYt,314,99,0.012178000679267078,0.009798235498064307
7,XYt,315,98,0.012436428002675118,0.009952117878114569
7,XYt,316,98,0.012468879516594752,0.009940379299971004
7,XYt,317,98,0.01246698787044235,0.00991540146520527
7,XYt,318,98,0.012505861721117981,0.009928490639278129
7,XYt,319,98,0.012479902909063624,0.009866928066556526
7,XYt,320,98,0.012540472953173322,0.009850412188721208
7,XYt,321,98,0.012589135633078724,0.00984416266583389
7,XYt,322,98,0.012706605998927421,0.00988240910111258
7,XYt,323,98,0.012802122837799572,0.009833200071402473
7,XYt,324,98,0.013495209742185887,0.009974186042118378
7,XYt,325,101,0.01593123275338009,0.009849257186784751
7,XYt,326,100,0.02000690742457544,0.009810589971767468
7,XYt,327,100,0.021578018289227435,0.00982269672487577
7,XYt,328,100,0.0223483346455901,0.009889298121373664
7,XYt,329,100,0.02283925959244796,0.009930702643394164
7,XYt,330,100,0.02307161737430011,0.009923035535031781
7,XYt,331,100,0.02325777150555665,0.009923162079840809
7,XYt,332,100,0.023257379880859016,0.00988188181809889
7,XYt,333,100,0.023277724392770302,0.00985813904575529
7,XYt,334,100,0.023210458618643657,0.009816150753524738
7,XYt,335,100,0.023314980932849286,0.009835888534714602
7,XYt,336,100,0.02328081904018082,0.00985016049701011
7,XYt,337,100,0.02331068302789438,0.00987510500305352
7,XYt,338,100,0.023289166198399974,0.009890497278982517
7,XYt,339,101,0.023037098206766568,0.009784109377190995
7,XYt,340,102,0.02288764652376106,0.009828815213476146
7,XYt,341,103,0.02270799625204428,0.009869913452470581
7,XYt,342,104,0.022459142438807377,0.009859578210809275
7,XYt,343,105,0.022339016268443902,0.00996049264460344
7,XYt,344,106,0.02194842752249909,0.009951520412276055
7,XYt,345,107,0.021543965621027623,0.009885023922274293
7,XYt,346,107,0.021389810285160807,0.009953827036275705
7,XYt,347,108,0.02094399684947069,0.00982758450348738
7,XYt,348,108,0.020905857053246834,0.009922826786649146
7,XYt,349,109,0.020541970529687315,0.009811647796518995
7,XYt,350,109,0.020521436655516798,0.009877690791076855
7,XYt,351,109,0.020675756445030488,0.009983842053207806
7,XYt,352,110,0.020413090630195044,0.009945274531088583
7,XYt,353,111,0.020085272552790304,0.009898121822343993
7,XYt,354,111,0.019987487316598218,0.00998000034241263
7,XYt,355,112,0.019642955745499888,0.009842135132903143
7,XYt,356,112,0.019476086236611977,0.009867202716279212
7,XYt,357,112,0.019187251542311153,0.009878219384294198
7,XYt,358,111,0.018864356536824875,0.00999078735640793
7,XYt,359,111,0.018362240695181203,0.009933539750953993
7,XYt,360,111,0.017952686764935975,0.009983321202573975
7,XYt,361,112,0.01732080686449236,0.009799296299336081
7,XYt,362,111,0.017119334431631897,0.009949836206738434
7,XYt,363,111,0.01692266746215795,0.009938027436605155
7,XYt,364,111,0.016431081717928526,0.009884543468185661
7,XYt,365,111,0.016287629464252686,0.009901919969607093
7,XYt,366,111,0.016015283713509056,0.009850032469537877
7,XYt,367,111,0.01588614056677317,0.009803928634353172
7,XYt,368,111,0.015852137923400705,0.009863577268210005
7,XYt,369,111,0.015858521214413807,0.00994488656266641
7,XYt,370,112,0.01551481807934345,0.009799659366010054
7,XYt,371,112,0.01550851838140375,0.00985817388430442
7,XYt,372,112,0.015402198605196966,0.009879897874106817
7,XYt,373,112,0.015371018010229784,0.009929687225530967
7,XYt,374,113,0.015046924332985746,0.009797225521677834
7,XYt,375,113,0.014920074756569514,0.009822743161747659
7,XYt,376,112,0.014820586358770604,0.009895056548807554
7,XYt,377,111,0.014641963582941305,0.00994985184748641
7,XYt,378,111,0.014250747793703186,0.009811715069003224
7,XYt,379,110,0.014337690969341187,0.009975040919082757
7,XYt,380,110,0.014203026309663516,0.009927343640305567
7,XYt,381,110,0.014152715063157835,0.009953524585179698
7,XYt,382,111,0.013852847681207023,0.009780805372219929
7,XYt,383,111,0.01383385485098367,0.009792501239863282
7,XYt,384,111,0.013805631460169368,0.009803286008812098
7,XYt,385,110,0.013797358554617903,0.00995180674740205
7,XYt,386,110,0.013574582564488652,0.009889971512391883
7,XYt,387,110,0.01352193035732418,0.009897586159287926
7,XYt,388,110,0.013544709119570874,0.009926681974595142
7,XYt,389,110,0.013532080831771709,0.00991821102738946
7,XYt,390,110,0.013535552157357498,0.009887512680684305
7,XYt,391,110,0.013516972005504857,0.0098692044371178
7,XYt,392,110,0.013481815456240349,0.009835146511513009
7,XYt,393,110,0.013435471653875666,0.009802634582178296
7,XYt,394,110,0.013465454474755625,0.009800979544860932
7,XYt,395,109,0.01378509131281829,0.00997613778730827
7,XYt,396,109,0.01390055713619306,0.009963845319734125
7,XYt,397,109,0.01397287371883772,0.009963845858312368
7,XYt,398,110,0.013756005000918543,0.009809466933705798
7,XYt,399,110,0.013727466998134675,0.009821867380003749
7,XYt,400,110,0.013759405922426728,0.009861664735912403
7,XYt,401,110,0.013729969340029655,0.009868564974679188
7,XYt,402,110,0.013726974459766674,0.0098927904664984
7,XYt,403,110,0.0136946867125994,0.009871965177738414
7,XYt,404,110,0.013693041398064973,0.00984346324414341
7,XYt,405,110,0.01369275935664626,0.009834633064160233
7,XYt,406,110,0.01379811012279663,0.00987322242343334
7,XYt,407,110,0.013933082802990791,0.009936028239100394
7,XYt,408,111,0.013813712072444022,0.009782280600494245
7,XYt,409,111,0.014028636591753353,0.00985244727767339
7,XYt,410,111,0.014234326939305193,0.009929333777389802
7,XYt,411,111,0.014194355169588986,0.0099003368174471
7,XYt,412,111,0.014262098729587355,0.009928501449194188
7,XYt,413,111,0.014355954589146083,0.009975731115560948
7,XYt,414,112,0.014219996629748094,0.00982302560246373
7,XYt,415,112,0.014375962690549964,0.00987923791941489
7,XYt,416,112,0.014594554102391013,0.009923803972458399
7,XYt,417,113,0.014668444153045156,0.009838410994988089
7,XYt,418,113,0.014924642518161831,0.009925560177461807
7,XYt,419,113,0.01502425519493988,0.0098259702597682
7,XYt,420,112,0.015298953470052902,0.009817732723025493
7,XYt,421,111,0.015630120718785855,0.009912419493127758
7,XYt,422,111,0.015758685019801606,0.009879599134645778
7,XYt,423,111,0.01582005959947619,0.00982904233742781
7,XYt,424,110,0.016161787342866534,0.009973971369873484
7,XYt,425,110,0.016214735015924856,0.00992308961420746
7,XYt,426,110,0.016173466852258428,0.009825338360763214
7,XYt,427,110,0.01623666237490714,0.009827761420707773
7,XYt,428,110,0.016430259736401207,0.00988626973680499
7,XYt,429,110,0.016613748556861947,0.009897420249667947
7,XYt,430,110,0.01671854212691797,0.009848799507040828
7,XYt,431,110,0.017009066646428622,0.009905022668913556
7,XYt,432,110,0.017431681998051226,0.009993164392773578
7,XYt,433,111,0.017454635464039733,0.009827705724889292
7,XYt,434,111,0.017857938769374148,0.009806065307727927
7,XYt,435,110,0.018501129756471488,0.009912011289924555
7,XYt,436,110,0.018923723704256063,0.00990650160887826
7,XYt,437,110,0.01932768320673495,0.00993357594571977
7,XYt,438,110,0.01950448141155424,0.009902793006861726
7,XYt,439,110,0.01961119429128784,0.0098497415413501
7,XYt,440,110,0.01969281274529934,0.0097757948475081
7,XYt,441,109,0.020296757772139965,0.009943410633489011
7,XYt,442,109,0.0203058003973172,0.009797056269245475
7,XYt,443,108,0.02068151970605526,0.009855204000235299
7,XYt,444,107,0.021118343404194696,0.009985452271959053
7,XYt,445,107,0.021130598345398873,0.009889675790314901
7,XYt,446,107,0.021112446576126907,0.009783204904988822
7,XYt,447,106,0.021693966371836567,0.009927340937512468
7,XYt,448,106,0.021735381401128073,0.009799952876142975
7,XYt,449,105,0.02228140115470658,0.009863063668649497
7,XYt,450,104,0.02275734572318525,0.009886905883062883
7,XYt,451,103,0.02316222848988935,0.00985577191344427
7,XYt,452,101,0.0238845918192043,0.009972987799856075
7,XYt,453,100,0.0241401614230653,0.009925744539334943
7,XYt,454,99,0.024248647872506475,0.009822642639301174
7,XYt,455,98,0.024428547658618238,0.00981677176434543
7,XYt,456,97,0.024869678914595055,0.009971427770792525
7,XYt,457,97,0.024930975206920968,0.009981856332458976
7,XYt,458,98,0.02446971452487634,0.009804548229996725
7,XYt,459,98,0.024509600735885585,0.00982968546283913
7,XYt,460,98,0.02448082695751134,0.00983495499496545
7,XYt,461,98,0.024329653182760206,0.009794804769413456
7,XYt,462,97,0.024676391918613233,0.009958175709104233
7,XYt,463,97,0.024576764178382622,0.009927011731809928
7,XYt,464,97,0.024332103965728446,0.00988765921835557
7,XYt,465,97,0.023547666774468585,0.009803791245209574
7,XYt,466,96,0.022402369344200805,0.009922912233409185
7,XYt,467,96,0.019408017844437825,0.009980851495409459
7,XYt,468,96,0.015908576766817003,0.009946333677969816
7,XYt,469,95,0.014034363642663661,0.009915323530716854
7,XYt,470,95,0.013262258277048607,0.009782343137796126
7,XYt,471,94,0.013190962800541767,0.009899446759057061
7,XYt,472,94,0.013168444377793855,0.009951367804690798
7,XYt,473,95,0.012948041339764033,0.009818052475108457
7,XYt,474,95,0.013007997469612358,0.009876574296192266
7,XYt,475,95,0.01299175021992829,0.009869501316309192
7,XYt,476,95,0.013034924930787468,0.009900062002841692
7,XYt,477,95,0.012962435186736804,0.009863827529491595
7,XYt,478,95,0.012938513892124626,0.00986753989954419
7,XYt,479,95,0.012895659952326659,0.009819994267105649
7,XYt,480,95,0.012898391015746198,0.009802310494988102
7,XYt,481,94,0.013128132113040532,0.009963222703816499
7,XYt,482,94,0.013109325082338901,0.009951243236340477
7,XYt,483,94,0.013053743260893657,0.009929719651335881
7,XYt,484,94,0.013054407988719123,0.009951420112147934
7,XYt,485,94,0.013038407832557039,0.009943224440390402
7,XYt,486,94,0.013062817683790896,0.00998601653951672
7,XYt,487,95,0.01278318925956857,0.009793271700391461
7,XYt,488,95,0.012797388612420437,0.009819958746635868
7,XYt,489,95,0.012767096657530393,0.009802193339211613
7,XYt,490,95,0.01276276013629391,0.00978749889576122
7,XYt,491,94,0.013001725326855033,0.009963639580715953
7,XYt,492,94,0.01299430823944565,0.009964565372845468
7,XYt,493,94,0.013000755176722435,0.009966272934780451
7,XYt,494,94,0.013006873023827891,0.009971854529449086
7,XYt,495,94,0.013007136180342903,0.009962905456348729
7,XYt,496,94,0.012978381557636861,0.009940884586415859
7,XYt,497,94,0.01297692155522748,0.009936819973734953
7,XYt,498,94,0.012971441824566004,0.009920898630889578
7,XYt,499,94,0.01295827993660876,0.009900095609770884
7,XYt,500,94,0.012924353543478163,0.009853734243548743
7,XYt,501,94,0.01289278023537851,0.009800330702738232
7,XYt,502,93,0.01312493103968339,0.009960387047173707
7,XYt,503,93,0.013138903996823732,0.009960470555437776
7,XYt,504,93,0.013098615804858106,0.009932964398533832
7,XYt,505,93,0.013103600022479634,0.009929692089408453
7,XYt,506,93,0.013101510974935037,0.00991688967991621
7,XYt,507,93,0.013145709411066653,0.009961090111014995
7,XYt,508,93,0.013149854389003415,0.009980336940966986
7,XYt,509,94,0.012914191174927224,0.009844291859882434
7,XYt,510,94,0.01293411042480514,0.009885583608268534
7,XYt,511,94,0.012954460026122522,0.009931251649934917
7,XYt,512,94,0.012923288461352836,0.009918759643292465
7,XYt,513,94,0.012941415850256809,0.00995881696147925
7,XYt,514,94,0.012917595988526227,0.009952382628131928
7,XYt,515,94,0.012934023646771825,0.009972186559806244
7,XYt,516,94,0.012879781283919051,0.009914753074906834
7,XYt,517,94,0.012858009848735414,0.009890180954238634
7,XYt,518,94,0.012825098440499946,0.009852255008076141
7,XYt,519,94,0.012818925143199898,0.009858478716357675
7,XYt,520,94,0.012785353915884408,0.009834640157664398
7,XYt,521,94,0.01277985570770371,0.009835393131317453
7,XYt,522,93,0.013022183111273278,0.009985377571292394
7,XYt,523,93,0.013009430405326834,0.009948236405885118
7,XYt,524,93,0.012976596586773186,0.009904045797361587
7,XYt,525,93,0.012939388675279216,0.009898693236603263
7,XYt,526,93,0.012866295612339668,0.009863962450330787
7,XYt,527,93,0.012740520175703594,0.009817658386006572
7,XYt,528,92,0.012879851600443804,0.009944334531437362
7,XYt,529,92,0.01285235692449877,0.009895464366820024
7,XYt,530,92,0.012927994988289167,0.009887159895901233
7,XYt,531,92,0.013135966742635577,0.00994554108198425
7,XYt,532,93,0.013350054692382228,0.009852555665962508
7,XYt,533,94,0.014199777616491596,0.009924459882175685
7,XYt,534,96,0.015951728221816112,0.009854202585518843
7,XYt,535,96,0.019260666923589874,0.009909233004316266
7,XYt,536,95,0.022118918569654505,0.009852204352855207
7,XYt,537,95,0.023890738656178922,0.009891463553153134
7,XYt,538,96,0.02450164537276072,0.00983390404291049
7,XYt,539,97,0.024784886069412138,0.009795045830628563
7,XYt,540,98,0.025080711410004664,0.009897949957902484
7,XYt,541,100,0.02446281796089089,0.009852704902158211
7,XYt,542,100,0.024295160218424972,0.00998390332796655
7,XYt,543,101,0.023500882440189233,0.009787504926862456
7,XYt,544,101,0.02333733307413349,0.009833427094076499
7,XYt,545,101,0.023433774669897673,0.009980220261922992
7,XYt,546,103,0.02296760377413838,0.009969274863529056
7,XYt,547,106,0.022106067010791784,0.009920347969518293
7,XYt,548,108,0.02118741691844738,0.009879061924051207
7,XYt,549,109,0.020523967535038098,0.009845698711470499
7,XYt,550,109,0.02026484167191444,0.009961548018632093
7,XYt,551,110,0.01966132205760362,0.009830855864955421
7,XYt,552,110,0.019546332222759148,0.009908914028294396
7,XYt,553,110,0.01942338184390228,0.009966529232289375
7,XYt,554,111,0.018925259386634613,0.009795446307850446
7,XYt,555,111,0.018814860470681496,0.00981878704558016
7,XYt,556,111,0.01869828982925178,0.00982684731411812
7,XYt,557,111,0.018539672060139952,0.00980527560283178
7,XYt,558,110,0.018671681199432286,0.009967447218655718
7,XYt,559,110,0.018231983580791856,0.009823776188806114
7,XYt,560,108,0.01818982711422198,0.00999788027148014
7,XYt,561,107,0.017548433865155654,0.009797651652394265
7,XYt,562,106,0.017465600673253527,0.009813034172817274
7,XYt,563,107,0.01727165439593657,0.00981092581886989
7,XYt,564,108,0.017228246909201852,0.00997967072292236
7,XYt,565,110,0.01665834503375514,0.009921512003544134
7,XYt,566,111,0.01611525545313259,0.009910010093072599
7,XYt,567,111,0.015804737263903027,0.009963809234925583
7,XYt,568,111,0.015439065699131133,0.009936978205085146
7,XYt,569,111,0.015027432870682016,0.009837839352195938
7,XYt,570,110,0.014822960160718027,0.009886637751320024
7,XYt,571,109,0.014517917545185468,0.009821287671157112
7,XYt,572,107,0.014611390842833288,0.00996142680984074
7,XYt,573,107,0.014361572391654264,0.009793330879774452
7,XYt,574,106,0.014633666660677324,0.009941299161240452
7,XYt,575,106,0.014714725140075218,0.0099233270183019
7,XYt,576,106,0.014932280445444751,0.009996125498670905
7,XYt,577,107,0.014820502441752877,0.009885338783473654
7,XYt,578,107,0.014963015791767,0.009966124322281611
7,XYt,579,108,0.014777139612824598,0.009798184015886021
7,XYt,580,107,0.015118624435274714,0.00999745999145277
7,XYt,581,107,0.015040227934647907,0.009969826590317378
7,XYt,582,108,0.01473274778669395,0.009807358907228664
7,XYt,583,108,0.01468180827107683,0.009857020336264214
7,XYt,584,108,0.014593984046403472,0.009892714523684473
7,XYt,585,108,0.014471929391723988,0.009932468974489123
7,XYt,586,108,0.014286220887020813,0.009976883846999898
7,XYt,587,109,0.013936194186297695,0.00995719327348426
7,XYt,588,110,0.01348703154522265,0.009964688159058101
7,XYt,589,111,0.012876688816441769,0.009801087407277661
7,XYt,590,111,0.012505041831443613,0.00980448200300275
7,XYt,591,111,0.012252555483538227,0.009799838430140468
7,XYt,592,110,0.01236000614026587,0.009999036889663877
7,XYt,593,110,0.012226470894044609,0.009937359462084586
7,XYt,594,109,0.012276720130627413,0.009973267061816676
7,XYt,595,109,0.012148607448718934,0.009878180813700607
7,XYt,596,109,0.012106547117949173,0.009800275398595912
7,XYt,597,108,0.012350603755860744,0.009929291622184587
7,XYt,598,108,0.012357413867317237,0.009827090319686918
7,XYt,599,107,0.012637701018061847,0.009945030096558699
7,XYt,600,107,0.01270136978137549,0.009858024186541555
7,XYt,601,107,0.012787435451906842,0.009805504913855224
7,XYt,602,106,0.013144871889196512,0.009998967120665213
7,XYt,603,106,0.013195928853828351,0.009991130573949382
7,XYt,604,107,0.012982541628034581,0.009787215429810951
7,XYt,605,107,0.013006580891215149,0.009801411534909687
7,XYt,606,107,0.013018914763603485,0.009804468867016896
7,XYt,607,107,0.013008600614937752,0.009800981187444708
7,XYt,608,107,0.013000764141979999,0.009799493441280546
7,XYt,609,107,0.012963256958810216,0.009792318205478634
7,XYt,610,107,0.012901732171049615,0.009788490139602085
7,XYt,611,107,0.012794179970146669,0.009809223491549859
7,XYt,612,107,0.012691913062168672,0.009851314303578633
7,XYt,613,107,0.012568856025898297,0.009895345602404747
7,XYt,614,107,0.012469350057673335,0.009943474855807082
7,XYt,615,107,0.01237958469738906,0.009978683412455213
7,XYt,616,108,0.012056011303842882,0.009791817309460965
7,XYt,617,108,0.012055592327062138,0.009835224535703953
7,XYt,618,108,0.012236660342769805,0.00998615034686049
7,XYt,619,109,0.012108104940532,0.009895245275189861
7,XYt,620,109,0.012155409999687406,0.009915036141996528
7,XYt,621,109,0.012241392488914428,0.009907688393316913
7,XYt,622,109,0.01241299369104513,0.009877008956405467
7,XYt,623,109,0.012683881062736062,0.009784530594651767
7,XYt,624,108,0.01322720543842402,0.00989014460066107
7,XYt,625,108,0.013639427423513525,0.009838250087446519
7,XYt,626,108,0.013967992513938217,0.009814409964487236
7,XYt,627,108,0.0141361074023921,0.009810573562005325
7,XYt,628,108,0.014358181189760573,0.00986856388712274
7,XYt,629,108,0.014537777116233563,0.009843984953106608
7,XYt,630,107,0.014899853434473712,0.009986016002134215
7,XYt,631,107,0.01500628172526301,0.009996697752710245
7,XYt,632,108,0.014669441050614018,0.009803677391392672
7,XYt,633,107,0.01487962390612143,0.00997319980290713
7,XYt,634,107,0.014741732416737418,0.00990477073954667
7,XYt,635,107,0.014539734195526786,0.009790552350754106
7,XYt,636,106,0.014622804439241513,0.009931527222486298
7,XYt,637,106,0.01446298692420887,0.009919037185932983
7,XYt,638,106,0.01440542669407291,0.00994275813280864
7,XYt,639,106,0.01436442119250538,0.0099695063233629
7,XYt,640,107,0.01413555588853073,0.009833109479160836
7,XYt,641,108,0.014147047743768229,0.009812078769974966
7,XYt,642,109,0.014378764664873776,0.009865203853058252
7,XYt,643,110,0.014605909569472565,0.009856663193506497
7,XYt,644,110,0.015035781380916708,0.00995153281490984
7,XYt,645,110,0.015374480661594588,0.009967012733594424
7,XYt,646,110,0.015649879873091202,0.009920398817723455
7,XYt,647,109,0.016175425656723766,0.009959446318618344
7,XYt,648,108,0.016471081017097548,0.009816843921505856
7,XYt,649,106,0.01704252145072769,0.009878701775617662
7,XYt,650,105,0.017214460640420787,0.009789754816616656
7,XYt,651,104,0.01752031037064146,0.009910067492333976
7,XYt,652,106,0.01755209193514805,0.009841486823041225
7,XYt,653,108,0.01781786569977781,0.009800960928892244
7,XYt,654,108,0.018364428176554967,0.009995470533581644
7,XYt,655,109,0.018260823742288115,0.009866163357943986
7,XYt,656,109,0.018418749665011797,0.009891115792132327
7,XYt,657,109,0.018560483345323845,0.00989609124577719
7,XYt,658,109,0.018656268196807217,0.009886942791316416
7,XYt,659,109,0.01876573690405239,0.00986301252485621
7,XYt,660,109,0.01888767144949743,0.009825194716858918
7,XYt,661,108,0.019468464550888874,0.009992158544682926
7,XYt,662,108,0.019684158961809174,0.009919960108143135
7,XYt,663,108,0.02000364835882548,0.009828275227047972
7,XYt,664,107,0.020747979625787963,0.009895617294241647
7,XYt,665,106,0.021482911676907895,0.009854873473839053
7,XYt,666,104,0.022263659011357885,0.00979743092118783
7,XYt,667,101,0.02319393825915547,0.009857520096631746
7,XYt,668,99,0.0237241168868882,0.009884424572552414
7,XYt,669,98,0.024128729013045816,0.009937253078812458
7,XYt,670,98,0.023982234725119296,0.00978590820012837
7,XYt,671,96,0.02467263365583908,0.009964318718775789
7,XYt,672,95,0.024385912326233217,0.009785472235295344
7,XYt,673,94,0.02412811728517208,0.009803937392161592
7,XYt,674,93,0.02342878474610917,0.009789818402477734
7,XYt,675,92,0.022321337325015126,0.00993631124017078
7,XYt,676,93,0.020094979188548266,0.009840238610871601
7,XYt,677,93,0.017876438967848785,0.009815266729333095
7,XYt,678,92,0.016046980921723533,0.009916748985539492
7,XYt,679,92,0.014461041477642793,0.009806896536139737
7,XYt,680,91,0.013673673004888072,0.009848971139437177
7,XYt,681,90,0.013291755846086474,0.009915532978265458
7,XYt,682,90,0.012853417763243436,0.00979322347988906
7,XYt,683,89,0.012852851455653107,0.009923993233627824
7,XYt,684,89,0.012668707156114112,0.009851668371979856
7,XYt,685,89,0.012536528299708407,0.009804206690951577
7,XYt,686,88,0.012735788621039468,0.009996921599270004
7,XYt,687,88,0.01267686612942987,0.009991398049868039
7,XYt,688,89,0.012408058551234929,0.009799901950574846
7,XYt,689,89,0.012433067212422278,0.009835431324097001
7,XYt,690,89,0.012516372339434817,0.009893795568968543
7,XYt,691,89,0.01263315930203157,0.009938671608793232
7,XYt,692,89,0.012737975784255022,0.009982625617658804
7,XYt,693,90,0.01252498195504197,0.009788754381245544
7,XYt,694,90,0.012606929467368144,0.009818010388677289
7,XYt,695,90,0.012605484989413227,0.009818574441176708
7,XYt,696,90,0.012588478584712324,0.009817984699468296
7,XYt,697,90,0.01254203996255506,0.00980308456385465
7,XYt,698,90,0.012539695326784048,0.009805613273761829
7,XYt,699,90,0.012515384723760096,0.00979979681308091
7,XYt,700,90,0.012492341058936698,0.009800569437830616
7,XYt,701,90,0.012478901700385374,0.009793581292279566
7,XYt,702,90,0.012471386440393804,0.009795907028149321
7,XYt,703,90,0.012510414612816326,0.009793239370762671
7,XYt,704,90,0.012506617405487521,0.00980626012465814
7,XYt,705,90,0.012596444974637485,0.009836556307737655
7,XYt,706,90,0.012719153958239826,0.009893589458058448
7,XYt,707,90,0.013029052166208845,0.009999318107461267
7,XYt,708,92,0.01300992689225903,0.009805979390042907
7,XYt,709,98,0.013691680227360923,0.00996224615255917
7,XYt,710,94,0.013493427328045905,0.009839710704175787
7,XYt,711,92,0.0129202566685474,0.009829666355305246
7,XYt,712,92,0.013336687333344468,0.009975425024964464
7,XYt,713,92,0.012758840849112777,0.009837645706123027
7,XYt,714,92,0.012241290891154229,0.009810058281511082
7,XYt,715,91,0.011926511367603898,0.00993442513432024
7,XYt,716,89,0.011472842066363875,0.009873375151844256
7,XYt,717,88,0.01136058218551459,0.00984758219335236
7,XYt,718,87,0.011527073264257798,0.00985236938987507
7,XYt,719,86,0.01192002124182903,0.009781864772126796
7,XYt,720,85,0.012382855763389301,0.009771493516784042
7,XYt,721,85,0.012483886724066627,0.00985176641944111
7,XYt,722,87,0.0122111864991575,0.009827508056789442
7,XYt,723,89,0.011940676537550411,0.009861560256892837
7,XYt,724,92,0.011398960695448226,0.009758475865883359
7,XYt,725,95,0.011075303733631631,0.009772299680014515
7,XYt,726,97,0.010972595793971475,0.00993359863490868
7,XYt,727,96,0.010785771169795308,0.009913889751558816
7,YZt,0,11,0.14819529002700083,0.009318783223988611
7,YZt,1,69,0.026710369408389435,0.009914230373108278
7,YZt,2,68,0.022339301073865756,0.009991238685416693
7,YZt,3,68,0.02036265086059796,0.009828964576143715
7,YZt,4,67,0.02009760943069003,0.009984939566930183
7,YZt,5,68,0.01988159600071321,0.00972460940561599
7,YZt,6,68,0.020522363525392173,0.009814893461181931
7,YZt,7,68,0.02275346949368816,0.009833529377304872
7,YZt,8,70,0.023274529153724223,0.009785451631265523
7,YZt,9,70,0.023701169349079322,0.009721200482734341
7,YZt,10,70,0.024155505379082735,0.009994205347760226
7,YZt,11,71,0.024636192793034504,0.00988239529297103
7,YZt,12,71,0.025290722698697143,0.009852869619568423
7,YZt,13,72,0.025405231786131622,0.009984407486705043
7,YZt,14,74,0.024975324520686404,0.009792117082913353
7,YZt,15,73,0.026500568942032395,0.009923970058984677
7,YZt,16,74,0.027004328307600748,0.009886546563159331
7,YZt,17,75,0.02715902610673139,0.00991237904479222
7,YZt,18,76,0.027114030098175916,0.009768868946109843
7,YZt,19,77,0.026949602514730185,0.009809773357442802
7,YZt,20,76,0.028213267566337203,0.00993945140933109
7,YZt,21,77,0.027898930359622515,0.009900899122122749
7,YZt,22,77,0.028596233370818822,0.009874682602921568
7,YZt,23,78,0.02821611109448854,0.00988468035538562
7,YZt,24,78,0.029080345611944367,0.00993004498438445
7,YZt,25,78,0.02949237414838713,0.009888162392028351
7,YZt,26,79,0.029116806179810897,0.00993892537849282
7,YZt,27,79,0.029551228604180677,0.009969225879479899
7,YZt,28,79,0.03026502201258112,0.00991258128481942
7,YZt,29,80,0.02941357891404997,0.009911129164010882
7,YZt,30,80,0.03010129430099378,0.009970013286210555
7,YZt,31,81,0.029754063354497533,0.009774891252929066
7,YZt,32,81,0.03034865917121242,0.009889154321218278
7,YZt,33,82,0.030614957021776936,0.009817540554431578
7,YZt,34,82,0.03138382020611522,0.009863561801543583
7,YZt,35,83,0.030796374422959284,0.009955082722338249
7,YZt,36,84,0.030749938722172916,0.009960051929549126
7,YZt,37,86,0.029982435622656282,0.00979010719611724
7,YZt,38,87,0.029667572012626122,0.00985185224907645
7,YZt,39,88,0.029164857133068968,0.009920919030892109
7,YZt,40,89,0.0283924941672172,0.00997637523536805
7,YZt,41,91,0.02680975997033597,0.00976744294423647
7,YZt,42,92,0.026201133929606806,0.009768930941469373
7,YZt,43,92,0.025544163852854,0.009859148924914862
7,YZt,44,93,0.024400978474303437,0.009804493027834437
7,YZt,45,93,0.023710978709915117,0.009935450330199104
7,YZt,46,94,0.022501422025314508,0.009776830169169689
7,YZt,47,94,0.021905074356239798,0.009864455564082199
7,YZt,48,94,0.021414019487327723,0.009931191362595454
7,YZt,49,95,0.020824271804243902,0.009831399296551597
7,YZt,50,95,0.02048793650763701,0.009807556825096386
7,YZt,51,95,0.020354795431382192,0.009866644163164035
7,YZt,52,95,0.02020756247527285,0.009860651071673337
7,YZt,53,95,0.02037763478573427,0.009930386595774086
7,YZt,54,95,0.020358923948096096,0.009910893246799921
7,YZt,55,95,0.02044810591670321,0.009907538360414333
7,YZt,56,95,0.02061714227071689,0.009888974471180647
7,YZt,57,95,0.020988019814071546,0.00991499160643728
7,YZt,58,95,0.021224247924094965,0.009879764024426292
7,YZt,59,95,0.02153231890693335,0.009856595450029452
7,YZt,60,95,0.021913909375262827,0.009901184443526502
7,YZt,61,95,0.02181872894683818,0.009917731794527863
7,YZt,62,96,0.02137305901826847,0.00978510339309581
7,YZt,63,97,0.020755228290052156,0.009909972729223816
7,YZt,64,99,0.018770334362672485,0.009942312853421089
7,YZt,65,101,0.016686698272912356,0.009972481218840706
7,YZt,66,102,0.014349791266789796,0.009787108432791855
7,YZt,67,101,0.012796072628217919,0.009942692209585532
7,YZt,68,100,0.011530685676166105,0.00999606874695387
7,YZt,69,100,0.010529100252742542,0.009979688544622747
7,YZt,70,100,0.009716762057478446,0.009955919758395023
7,YZt,71,101,0.008867128871489991,0.009773358276244997
7,YZt,72,101,0.008480710905491958,0.009921667388354007
7,YZt,73,101,0.008075521275220628,0.009997732052133423
7,YZt,74,102,0.0076866352035348294,0.00993023026659658
7,YZt,75,103,0.007306402468463792,0.009832459326700798
7,YZt,76,103,0.007127772660008533,0.009919629266402259
7,YZt,77,104,0.006846052804594409,0.009863369826328567
7,YZt,78,104,0.006782534636407209,0.0099941355450326
7,YZt,79,105,0.00660188512249046,0.009954106604745492
7,YZt,80,106,0.00645942278749812,0.009895405178470299
7,YZt,81,107,0.006320563436525141,0.009873910497904433
7,YZt,82,108,0.006195465279583245,0.009803183253632861
7,YZt,83,108,0.0062036831868053635,0.009890484489768639
7,YZt,84,109,0.00610680284177481,0.009807044825573574
7,YZt,85,109,0.006194563733632394,0.00989378627082448
7,YZt,86,110,0.006165704109814112,0.009816497265538958
7,YZt,87,111,0.006179638926600693,0.009784829181091134
7,YZt,88,112,0.006196303617872258,0.009786007454816281
7,YZt,89,113,0.006218878812001607,0.00980705537850528
7,YZt,90,114,0.006245798823731055,0.009806754810932124
7,YZt,91,115,0.006244775533924452,0.009815551103429953
7,YZt,92,115,0.0063532305346269075,0.00997921149589074
7,YZt,93,116,0.006350746897818273,0.009940156339558574
7,YZt,94,117,0.006334949418584506,0.009964869412130612
7,YZt,95,118,0.006321461120661476,0.009911174799806756
7,YZt,96,119,0.006326574987021818,0.009853939009753303
7,YZt,97,119,0.006459927197006476,0.009999526179006837
7,YZt,98,120,0.006415557840116774,0.009977507070289158
7,YZt,99,121,0.006377585475446987,0.009869673909159517
7,YZt,100,121,0.006486674713803957,0.009965379841841643
7,YZt,101,122,0.006464506036126522,0.009855903988829098
7,YZt,102,123,0.006441103995747561,0.00991069174585021
7,YZt,103,124,0.006422648439860331,0.00982026265718356
7,YZt,104,124,0.006582297839093513,0.009942894989566292
7,YZt,105,125,0.006607827900571515,0.009861816788222129
7,YZt,106,126,0.006655876455291486,0.00980513025767773
7,YZt,107,128,0.006568165244032797,0.009845771513119515
7,YZt,108,129,0.006652145985593341,0.00982503008166445
7,YZt,109,129,0.006904168913624952,0.009978007633854116
7,YZt,110,130,0.006972948863818502,0.009883029826963789
7,YZt,111,130,0.007150661145945075,0.009918261654670055
7,YZt,112,130,0.007270707510495057,0.009860203250619926
7,YZt,113,129,0.007477228455390675,0.009948923299204762
7,YZt,114,134,0.006630942822395791,0.009889393082594075
7,YZt,115,133,0.006676394537509595,0.009994287039344288
7,YZt,116,133,0.0065923305904604474,0.009925681360829868
7,YZt,117,133,0.006524260490889722,0.00990770162457785
7,YZt,118,133,0.006467169955533704,0.00991916710506307
7,YZt,119,133,0.006435331520756645,0.009949192603309282
7,YZt,120,134,0.006271394477064397,0.00980132893969683
7,YZt,121,134,0.006239358048592893,0.009863672166170052
7,YZt,122,134,0.006183501203010103,0.009904351462243574
7,YZt,123,134,0.006104373027250202,0.009914933230531494
7,YZt,124,134,0.006022712206329221,0.009916717599598529
7,YZt,125,134,0.005951013781341599,0.009914427162744714
7,YZt,126,134,0.005909008099144431,0.009916352711418023
7,YZt,127,134,0.005894126409067398,0.009913021712972186
7,YZt,128,134,0.005884020888858128,0.009895820031764617
7,YZt,129,134,0.005889670014757599,0.009879645304061723
7,YZt,156,115,0.007474681137580752,0.009832838633006269
7,YZt,157,113,0.007636853959383889,0.009986464245864513
7,YZt,158,111,0.0077150289871751486,0.009875909151415426
7,YZt,159,109,0.0077018560845163175,0.009989747349843018
7,YZt,160,108,0.0075103477833027964,0.009961957885816169
7,YZt,161,108,0.007214216777146198,0.009788774743376116
7,YZt,162,106,0.007280750246949686,0.009932047779012812
7,YZt,163,106,0.00705222055431515,0.009816177072310703
7,YZt,164,105,0.006987688363396975,0.009933498385345902
7,YZt,165,105,0.0068061654125791,0.00983393436790414
7,YZt,166,104,0.006752496336362471,0.009822735045066555
7,YZt,167,103,0.0067028831243700565,0.009932149664108266
7,YZt,168,103,0.006557110460032902,0.009889932212483795
7,YZt,169,103,0.006396898973547269,0.00980984134610991
7,YZt,170,103,0.006270736757044185,0.009809910506511955
7,YZt,171,103,0.006257130458856613,0.00982066390150211
7,YZt,172,103,0.006297342403673799,0.009878031186310598
7,YZt,173,103,0.006340542400539337,0.009900681544509017
7,YZt,174,103,0.006413096670248154,0.009892701039899424
7,YZt,175,103,0.006493722203636517,0.009931742889339769
7,YZt,176,103,0.006571382776572818,0.009860680614708269
7,YZt,177,103,0.00666471231289104,0.009839550285358564
7,YZt,178,102,0.006926465944439557,0.0099302422326206
7,YZt,179,101,0.007261996507010027,0.009991382550885174
7,YZt,180,101,0.0075017244698734895,0.009871985989482388
7,YZt,181,100,0.007964328721710483,0.00992731668956434
7,YZt,130,134,0.005906354233758706,0.009862358202896528
7,YZt,131,134,0.005918003344728552,0.00984181530641383
7,YZt,132,134,0.005929338554001758,0.009812720272813834
7,YZt,133,133,0.006074119128117551,0.009985942610766099
7,YZt,134,133,0.006099763906825401,0.009941676705414104
7,YZt,135,133,0.006118244488401955,0.009895978841214324
7,YZt,136,133,0.006156450733928409,0.009872337375177318
7,YZt,137,133,0.006201016735082594,0.00987043547208232
7,YZt,138,133,0.006269079297100528,0.009885422150215439
7,YZt,139,133,0.00637456560036536,0.009928208959601966
7,YZt,140,134,0.006357111416773453,0.009811719835096688
7,YZt,141,134,0.006450914340256511,0.009893914894375041
7,YZt,142,134,0.006478834870226615,0.009927541405540837
7,YZt,143,134,0.006439272689473091,0.00991570948599796
7,YZt,144,134,0.006357198138620164,0.009859449839101964
7,YZt,145,133,0.0063891607474718315,0.009927124016661267
7,YZt,146,127,0.007160976270220238,0.009818483401673364
7,YZt,147,126,0.00716730472713675,0.00986055544492702
7,YZt,148,125,0.007169234777915253,0.009893251225399448
7,YZt,149,124,0.007167878284502415,0.00990669375425821
7,YZt,150,123,0.007151513705280471,0.009905164535994935
7,YZt,151,122,0.007117553839295216,0.009900475576953116
7,YZt,152,121,0.007103760497513509,0.009860593151519034
7,YZt,153,118,0.007432600128952548,0.009872866565611546
7,YZt,154,117,0.00744623245338313,0.009846263980725946
7,YZt,155,116,0.007477655427016538,0.009847199795953788
7,YZt,182,100,0.008420507333706102,0.009869134837773389
7,YZt,183,99,0.009148376746528013,0.009955090423082706
7,YZt,184,99,0.009912172779389198,0.009917077836199205
7,YZt,185,99,0.010870913399136808,0.009867834808917272
7,YZt,186,99,0.012167688599454373,0.009852091525390147
7,YZt,187,100,0.014165428267004055,0.009797765185012876
7,YZt,188,99,0.017060074527135788,0.009918199433319367
7,YZt,189,97,0.020696134542279872,0.009911168225171154
7,YZt,190,94,0.0247852519356713,0.009877100232620022
7,YZt,191,91,0.027949605352875575,0.009864437689625019
7,YZt,192,90,0.02924816600735111,0.009755290722692544
7,YZt,193,88,0.030623129094235032,0.009983014960738149
7,YZt,194,88,0.031415283639305534,0.009977553170823153
7,YZt,195,88,0.03064357821272524,0.009757209177457796
7,YZt,196,87,0.03135746299616738,0.009944671257943611
7,YZt,197,87,0.03086735474179123,0.009832584464314115
7,YZt,198,87,0.030781820120802453,0.009805430093220838
7,YZt,199,87,0.03088749120734761,0.00978910405579831
7,YZt,200,86,0.031002900899634124,0.009933284222959922
7,YZt,201,86,0.030995876402318264,0.009929386046507447
7,YZt,202,86,0.03109461839435197,0.009929176813969159
7,YZt,203,86,0.030755524372921773,0.009830549708456973
7,YZt,204,86,0.03080106337284425,0.009800432549154055
7,YZt,205,85,0.031577544940239025,0.009968259606451025
7,YZt,206,85,0.03179240975590179,0.009946886908456253
7,YZt,207,85,0.03135396986883038,0.009834513175370811
7,YZt,208,85,0.031456563477209126,0.009816736622679144
7,YZt,209,84,0.03205914787113611,0.00996938582650537
7,YZt,210,85,0.03135660237630503,0.009780940811260094
7,YZt,211,84,0.03143051574730615,0.00987129444143671
7,YZt,212,84,0.03146910716502036,0.009834880710172541
7,YZt,213,84,0.031545223042039994,0.00978383451048421
7,YZt,214,84,0.03164692298960038,0.00976071783835958
7,YZt,215,83,0.03232195062795919,0.009965846398653997
7,YZt,216,83,0.032075648299230985,0.009873174049885282
7,YZt,217,83,0.032019466731141186,0.00993339921522947
7,YZt,218,83,0.031130023670405363,0.009818988168387742
7,YZt,219,82,0.031581475642140616,0.009958892323242537
7,YZt,220,82,0.03126028454683745,0.009849838596197754
7,YZt,221,82,0.03093554839276806,0.00976643315878216
7,YZt,222,81,0.03128099943848076,0.009923103288466628
7,YZt,223,81,0.03081829863530739,0.009825349206143837
7,YZt,224,81,0.030586918987793598,0.00977785573761068
7,YZt,225,80,0.03156966587281731,0.009807699085867429
7,YZt,226,80,0.031124301604922747,0.00985334539388391
7,YZt,227,80,0.03040850957924141,0.009753571139732756
7,YZt,228,79,0.03071836075842294,0.009962460769658614
7,YZt,229,79,0.03033906148574652,0.00991375365431914
7,YZt,230,79,0.029705308188951104,0.009853106537041977
7,YZt,231,78,0.030631674524207106,0.009864752042202307
7,YZt,232,78,0.02988000891329725,0.009939339957907507
7,YZt,233,78,0.029499221939118483,0.009935241996985023
7,YZt,234,77,0.029867485336064703,0.009850663562706322
7,YZt,235,77,0.029307773068057198,0.009928488863362221
7,YZt,236,77,0.028551687972620414,0.009935636283192991
7,YZt,237,76,0.02905500928408686,0.009949061226967237
7,YZt,238,76,0.028357216424110286,0.009980804642020035
7,YZt,239,76,0.027999571206956824,0.009764685312102356
7,YZt,240,76,0.027513645345417975,0.009924874216179047
7,YZt,241,75,0.027499960708277163,0.009866268099021672
7,YZt,242,75,0.027050702276129757,0.009743644603465355
7,YZt,243,74,0.026962034926126154,0.009752233695052603
7,YZt,244,73,0.026289824810959248,0.009793885864786704
7,YZt,245,73,0.02559610414467663,0.0099505101234728
7,YZt,246,72,0.02529904901118396,0.009869858771241106
7,YZt,247,70,0.025714392981169176,0.009993640391909071
7,YZt,248,71,0.024381613135723023,0.009734635285464553
7,YZt,249,70,0.023931010416404244,0.00986257351676771
7,YZt,250,69,0.024120375407451208,0.009839258112264793
7,YZt,251,69,0.02359612615872022,0.009900847244620491
7,YZt,252,68,0.02288442829385089,0.009784302280741595
7,YZt,253,68,0.020672484477048954,0.009800350806146853
7,YZt,254,67,0.020415301259864262,0.009966943663415431
7,YZt,255,67,0.020116673413349075,0.009909872936887424
7,YZt,256,68,0.020258166449127483,0.00972681764884119
7,YZt,257,68,0.022420962144683976,0.009973135003322975
7,YZt,258,69,0.02671485159363615,0.009913914882947013
7,YZt,259,11,0.1520011156383462,0.009496733834046367
7,XZt,0,11,0.145789261683624,0.00878465557978693
7,XZt,1,67,0.02621468880180545,0.009948052537903478
7,XZt,2,67,0.02092390108515063,0.00974359306888229
7,XZt,3,67,0.019265586312886808,0.009805769009712178
7,XZt,4,67,0.018813975352743165,0.009811676080709094
7,XZt,5,67,0.019044501186173596,0.009912752972923534
7,XZt,6,68,0.0199980667803729,0.009756091859958807
7,XZt,7,68,0.022344462766132424,0.009931981784700061
7,XZt,8,70,0.022801396462234825,0.009815421843498191
7,XZt,9,69,0.023689048173223922,0.009909540288508203
7,XZt,10,70,0.02322279799977233,0.009757111751206832
7,XZt,11,70,0.02422867969802469,0.009834703765121453
7,XZt,12,70,0.024903175979235928,0.009774454796712987
7,XZt,13,72,0.02471621539096424,0.009735401899777918
7,XZt,14,73,0.024962046213587025,0.009784488755782087
7,XZt,15,72,0.026487757219221603,0.00993001294565135
7,XZt,16,73,0.027334652301356798,0.009994520604555787
7,XZt,17,75,0.027003812085682265,0.00978308070297811
7,XZt,18,75,0.027608918889147616,0.00986908551204796
7,XZt,19,76,0.027717945524083337,0.009977616942877382
7,XZt,20,76,0.028451001472838494,0.009903952447330328
7,XZt,21,77,0.028132021536984863,0.009837942057097333
7,XZt,22,76,0.029484206153016917,0.009991369123529097
7,XZt,23,78,0.028332093223751326,0.009772892335455755
7,XZt,24,78,0.029516256151882067,0.009884566735265554
7,XZt,25,78,0.0299198756544338,0.009791753423412505
7,XZt,26,79,0.029586128104734204,0.009858039273068452
7,XZt,27,79,0.030057548151431544,0.009883566589193222
7,XZt,28,79,0.030691108390958104,0.009757946521210821
7,XZt,29,80,0.029909382954422553,0.00978688832543602
7,XZt,30,80,0.03048518965173217,0.009849057927469523
7,XZt,31,80,0.030821900822796337,0.009881219202920361
7,XZt,32,81,0.030502316445534028,0.009764782662789568
7,XZt,33,81,0.0312197638198439,0.009863294434230405
7,XZt,34,81,0.0317279992485342,0.009816952937162187
7,XZt,35,82,0.030637032389952072,0.009780405863153653
7,XZt,36,82,0.030901594856359984,0.009878581024787515
7,XZt,37,82,0.03122731499078448,0.009920194573277736
7,XZt,38,82,0.031667362903631334,0.00998791500816461
7,XZt,39,83,0.03142781590432389,0.00984779378227413
7,XZt,40,84,0.031201148281830467,0.009805227206809415
7,XZt,41,84,0.03176235020414081,0.009943728425829624
7,XZt,42,85,0.03202582766355079,0.00989904375171628
7,XZt,43,86,0.031571968618193495,0.009787834516977713
7,XZt,44,86,0.03193318604064776,0.009965394458132564
7,XZt,45,87,0.03137464578899363,0.009847896928279021
7,XZt,46,88,0.030832343112945162,0.00978256036952788
7,XZt,47,88,0.030982328141889,0.00996693597182913
7,XZt,48,89,0.030457351800103505,0.00989291453100456
7,XZt,49,90,0.03058338141697788,0.009888846946219491
7,XZt,50,91,0.03018756911943452,0.009819136119065425
7,XZt,51,92,0.02975608892498458,0.009775392780977315
7,XZt,52,92,0.029800770859032454,0.009935213833085698
7,XZt,53,93,0.029769035464218208,0.009914077655472624
7,XZt,54,94,0.029217638771535093,0.009798442362934987
7,XZt,55,94,0.029292184524452366,0.009989447290932343
7,XZt,56,95,0.028828508775989657,0.0099441798091852
7,XZt,57,96,0.02866847487805796,0.009936180619358808
7,XZt,58,97,0.028093213287732,0.009862818751209203
7,XZt,59,98,0.02752830787852825,0.009805833508063688
7,XZt,60,99,0.0273315410181759,0.009804917982642972
7,XZt,61,99,0.02715486654454936,0.009983512560556938
7,XZt,62,100,0.026433015949812334,0.009909951068957118
7,XZt,63,101,0.02590757902823332,0.009861057669353994
7,XZt,64,101,0.02556926108419853,0.009987717747574943
7,XZt,65,102,0.025248485135696098,0.009976462451925525
7,XZt,66,103,0.024212913221370338,0.009882254107495205
7,XZt,67,104,0.023653451996493057,0.00991694719396577
7,XZt,68,105,0.022413478434009877,0.009947018698865375
7,XZt,69,107,0.020901749572194726,0.009854110552633185
7,XZt,70,108,0.01957075860225664,0.009976872782148902
7,XZt,71,110,0.01779117347916929,0.009879927747556106
7,XZt,72,112,0.016497870254811576,0.00982344093711535
7,XZt,73,113,0.015324608613630745,0.009887818546533781
7,XZt,74,114,0.014462723965327126,0.009942618575527164
7,XZt,75,115,0.013581916204810076,0.009917816048434443
7,XZt,76,116,0.012721068459836952,0.009822230470905047
7,XZt,77,116,0.012226778986913935,0.009951881006767313
7,XZt,78,117,0.011469308857426136,0.009782331539429484
7,XZt,79,117,0.011043980635150935,0.009839756749113292
7,XZt,80,117,0.010643108874299702,0.009851802447747188
7,XZt,81,117,0.01029260314670899,0.009875351013109886
7,XZt,82,117,0.009990821747468535,0.009892327128768754
7,XZt,83,117,0.009692478331040168,0.00987822365266049
7,XZt,84,117,0.009452084796496838,0.009905017870318812
7,XZt,85,117,0.009231133446216342,0.009923782342380635
7,XZt,86,117,0.009058862887900317,0.00995153589630714
7,XZt,87,117,0.008913666944274855,0.009982805700319642
7,XZt,88,118,0.00859770311373448,0.009837855560627959
7,XZt,89,118,0.008502559930214055,0.009924407664358788
7,XZt,90,119,0.008322108437999349,0.009841204211071557
7,XZt,91,120,0.008218811708675373,0.009939773030307993
7,XZt,92,122,0.00795348706679824,0.009859266336969395
7,XZt,93,123,0.007855454733688025,0.009945972034500221
7,XZt,94,125,0.007553662733501257,0.009840143175291373
7,XZt,95,126,0.007382413169128896,0.009841411029613136
7,XZt,96,127,0.007226428709404122,0.00979930646945405
7,XZt,97,127,0.00720492669069696,0.009931275116354785
7,XZt,98,128,0.007002944226480211,0.009909125622800047
7,XZt,99,128,0.006940521199830797,0.009977241603902733
7,XZt,100,129,0.0067461118720695545,0.009820939845035891
7,XZt,101,129,0.006676139501774503,0.009853428642301982
7,XZt,102,130,0.006454714621551094,0.009803685680245398
7,XZt,103,130,0.006379799470369933,0.009828649468955833
7,XZt,104,130,0.006326029335950858,0.009846174832289476
7,XZt,105,130,0.0062577651979536,0.009852137045591887
7,XZt,106,130,0.006192067072666996,0.0098693783556553
7,XZt,107,131,0.005991551057604492,0.009938372707599421
7,XZt,108,131,0.005943677005659677,0.00996424586002689
7,XZt,109,131,0.005910500381966285,0.009965582929437142
7,XZt,110,131,0.005866439306681024,0.009959331858017294
7,XZt,111,131,0.005826311294913684,0.009951645670463527
7,XZt,112,131,0.005779375380657632,0.009932914926702726
7,XZt,113,131,0.00575004168226327,0.009938111209892228
7,XZt,114,136,0.005159189823878427,0.009999102594748276
7,XZt,115,137,0.00504201580023284,0.009848192348028069
7,XZt,116,137,0.005025778449742958,0.009855874431476206
7,XZt,117,137,0.005007200325481363,0.009857735982785066
7,XZt,118,137,0.004984455952758122,0.009851423093421928
7,XZt,119,137,0.0049604936540725815,0.009837103165114967
7,XZt,120,137,0.004939325219210325,0.009823413623275233
7,XZt,121,137,0.004924365031622957,0.009821609571071104
7,XZt,122,137,0.004918208030719852,0.00982414872928935
7,XZt,123,137,0.004908594405468365,0.00981621963518318
7,XZt,124,136,0.004994667678746768,0.00999989569849297
7,XZt,125,137,0.00487924445482643,0.009815945120936646
7,XZt,126,137,0.0048657758955125115,0.009831213711293958
7,XZt,127,137,0.00486250956008261,0.009843846565470027
7,XZt,128,137,0.00486633859671303,0.009869410591224414
7,XZt,129,137,0.004875430057266052,0.009876361693810965
7,XZt,130,137,0.004889535647595744,0.00988443760228063
7,XZt,131,137,0.004902253999442878,0.009904089066273332
7,XZt,132,137,0.004918637721268117,0.009904277543138187
7,XZt,133,137,0.0049453623735089495,0.00989730809256969
7,XZt,134,137,0.00497325352757782,0.009879588271222437
7,XZt,135,137,0.0050127891431733206,0.00987761131726756
7,XZt,136,137,0.005053861026278184,0.009874883285994401
7,XZt,137,137,0.00508849291408388,0.009876512277934622
7,XZt,138,137,0.005124061919249614,0.009873581296512128
7,XZt,139,137,0.005157814220703937,0.00985938841292092
7,XZt,140,137,0.005189758164062782,0.009838001669086263
7,XZt,141,137,0.005220992712107104,0.009821315693416587
7,XZt,142,136,0.005350382826880391,0.00998104428327118
7,XZt,143,136,0.005380676962218641,0.009954263329089314
7,XZt,144,136,0.00541850441342519,0.009934865828727851
7,XZt,145,136,0.005473497347807544,0.009899804216865263
7,XZt,146,131,0.006166398083652162,0.009811817891095987
7,XZt,147,131,0.006272270449786975,0.00983370985159557
7,XZt,148,131,0.006393297696361757,0.009867226490407712
7,XZt,149,131,0.006535761519391146,0.009902834655558282
7,XZt,150,131,0.006672403442782686,0.009923679212611608
7,XZt,151,131,0.0068010788489298625,0.009924542843053512
7,XZt,152,131,0.006936115108544499,0.009890530608371284
7,XZt,153,130,0.007247075548407248,0.009809756946314627
7,XZt,154,129,0.007532767355985532,0.00996752859116405
7,XZt,155,129,0.007677416406351156,0.009931702751267904
7,XZt,156,129,0.007797204630114626,0.009886320915370516
7,XZt,157,129,0.007941502519893137,0.009841791548795234
7,XZt,158,128,0.008284689358998119,0.0098768863996853
7,XZt,159,128,0.008453765218741284,0.00985870492364341
7,XZt,160,128,0.008632998967456777,0.009863454544596624
7,XZt,161,128,0.008842843678728545,0.0098875603638157
7,XZt,162,128,0.00910550002125394,0.009861487960494714
7,XZt,163,128,0.009343729555222734,0.009920008330825207
7,XZt,164,128,0.00959872594856958,0.00999077101242138
7,XZt,165,129,0.0096399762065253,0.009827963061892415
7,XZt,166,129,0.009880842026011813,0.009816073592997758
7,XZt,167,129,0.010070699017328181,0.009834036489945684
7,XZt,168,129,0.01023987005394492,0.009812962846993251
7,XZt,169,128,0.010618347181664406,0.00990186577481311
7,XZt,170,127,0.010900608564370988,0.009947164745261545
7,XZt,171,126,0.011126920510736096,0.009903404017478697
7,XZt,172,125,0.01126842081609689,0.009776466333106835
7,XZt,173,123,0.011509657882637908,0.009847771596011141
7,XZt,174,121,0.01166596968997776,0.009915503057457956
7,XZt,175,119,0.011808301946545894,0.00999513229710049
7,XZt,176,118,0.011585922366830198,0.009821853877009304
7,XZt,177,116,0.011683248803891195,0.009955551686811108
7,XZt,178,115,0.011481421619521587,0.009836074811160528
7,XZt,179,113,0.01158680483030077,0.00997822928751826
7,XZt,180,112,0.011529293114576566,0.009982854464148606
7,XZt,181,112,0.011288956480480906,0.00978685934295985
7,XZt,208,98,0.015558122255565405,0.009817918485027003
7,XZt,209,98,0.015614695778558006,0.009795408976583327
7,XZt,210,98,0.015695113680807962,0.009782362102663308
7,XZt,211,97,0.016088565681764238,0.00991798687296572
7,XZt,212,97,0.01631920836552186,0.009867781592255891
7,XZt,213,97,0.016736738997227458,0.00983006659188839
7,XZt,214,97,0.017353475189939252,0.009793782932706543
7,XZt,215,97,0.01816679041772632,0.009778910596589922
7,XZt,216,96,0.019621531645878338,0.009945542315285846
7,XZt,217,96,0.020836398768143086,0.009847743960420671
7,XZt,218,95,0.02226181043199137,0.00986265668729332
7,XZt,219,94,0.02398056154598054,0.0098292972216568
7,XZt,220,92,0.026105088995673972,0.009911169385401283
7,XZt,221,90,0.02790513233521481,0.00997432869322819
7,XZt,222,89,0.02878954014383285,0.009825407724178043
7,XZt,223,87,0.029900277146243985,0.00990735188004514
7,XZt,224,85,0.030822491183513753,0.009973030462181048
7,XZt,225,84,0.03145679810103935,0.009756542495316793
7,XZt,226,83,0.031381800321319965,0.009844441143479833
7,XZt,227,82,0.031099104866729364,0.009864263994843667
7,XZt,228,81,0.03104086224641827,0.009899030199108951
7,XZt,229,81,0.030586027750507196,0.009822486078224708
7,XZt,230,80,0.03051072082067356,0.009984288474982153
7,XZt,231,79,0.03137626786461265,0.009981634912942784
7,XZt,232,80,0.0299559718351052,0.009831862074780859
7,XZt,233,80,0.02930896407091216,0.00978880685280365
7,XZt,182,111,0.011457666129389643,0.009938671994466386
7,XZt,183,111,0.01141802027771287,0.00988641978230366
7,XZt,184,111,0.011488007472359634,0.009933432014793898
7,XZt,185,112,0.011373830866625802,0.009788380806948434
7,XZt,186,112,0.011503172278439775,0.009869864208308737
7,XZt,187,113,0.011583320323394245,0.009788118043320148
7,XZt,188,113,0.011799734098045715,0.009864842188435575
7,XZt,189,113,0.0121831378482213,0.00994219333780992
7,XZt,190,113,0.01256063098529423,0.00993611773867461
7,XZt,191,112,0.01303144972050166,0.009962283397306695
7,XZt,192,111,0.013483752032124915,0.009855110965449047
7,XZt,193,109,0.013836412096568601,0.009780149547978574
7,XZt,194,106,0.014579858194830536,0.009946439501673027
7,XZt,195,104,0.014624388654479775,0.009772127877740157
7,XZt,196,101,0.0151339855389037,0.009934724231448042
7,XZt,197,99,0.015292682569294822,0.009945568137502867
7,XZt,198,98,0.015323804134918795,0.009931606650802099
7,XZt,199,98,0.015288742010902192,0.009843330223014281
7,XZt,200,98,0.015212746810880088,0.009772621310855514
7,XZt,201,98,0.01523192374203385,0.009781913832329982
7,XZt,202,98,0.015340274204404702,0.009818660639036528
7,XZt,203,98,0.015328519350947215,0.00979103232771136
7,XZt,204,98,0.015348227658012923,0.009787539233575412
7,XZt,205,97,0.015722352744041445,0.009994155872250849
7,XZt,206,98,0.01547913738194333,0.009816502732161933
7,XZt,207,98,0.015453260409911651,0.009806053581063687
7,XZt,234,78,0.03048269734205193,0.009996217911250355
7,XZt,235,79,0.029265272337317898,0.00981477161288667
7,XZt,236,78,0.028818310023129522,0.009974909345199746
7,XZt,237,77,0.029246771724764857,0.00992831358662073
7,XZt,238,78,0.028026422233044832,0.009768981165269636
7,XZt,239,77,0.02812607601350953,0.009829916856025517
7,XZt,240,77,0.02751689759755882,0.009927373448203488
7,XZt,241,76,0.027464808716297133,0.009858264790563778
7,XZt,242,76,0.026932427801411512,0.009741712460230307
7,XZt,243,74,0.02741863282853098,0.009941984374805559
7,XZt,244,73,0.026713751138524477,0.009934206438925397
7,XZt,245,74,0.025246884519125785,0.009800637099241795
7,XZt,246,73,0.025029016640411007,0.009774119892565554
7,XZt,247,71,0.02522009568026714,0.009782396975980132
7,XZt,248,71,0.024641175723119055,0.009877593466616985
7,XZt,249,71,0.02345689651220804,0.00978165050311571
7,XZt,250,70,0.02389150131215585,0.009927066484347954
7,XZt,251,70,0.023367609979792713,0.009986088087900625
7,XZt,252,69,0.022367314599962843,0.009867760227822046
7,XZt,253,68,0.020503941662708282,0.009978199708371169
7,XZt,254,68,0.019054357249025627,0.009868077582016101
7,XZt,255,68,0.018814368001180005,0.00982065843719543
7,XZt,256,68,0.01931784141940719,0.00984480324608721
7,XZt,257,68,0.02091128040258497,0.009777175173618842
7,XZt,258,68,0.02595091577947489,0.009946108847035137
7,XZt,259,11,0.14992547635574732,0.009577373530595094
8,XYt,0,152,0.0014469553386249159,0.009929778017517892
8,XYt,1,153,0.001458715920452117,0.009881967075858549
8,XYt,2,153,0.0015123969079025917,0.00988589248056801
8,XYt,3,152,0.0015795641634315223,0.009918214273726656
8,XYt,4,152,0.0016314858322334013,0.009887255420408306
8,XYt,5,153,0.0016475001209243282,0.009921966870063347
8,XYt,6,152,0.0016572856262740483,0.009971094638794907
8,XYt,7,152,0.0016188402658943888,0.009811622090651192
8,XYt,8,151,0.0016523774551995421,0.009930462713682725
8,XYt,9,151,0.001670798698397125,0.009950192701818798
8,XYt,10,151,0.001708921139095286,0.0099857220495694
8,XYt,11,152,0.001718821460038159,0.009814751148473333
8,XYt,12,152,0.0017298019381952003,0.009811563021593393
8,XYt,13,152,0.0017358731842566867,0.009818583185921615
8,XYt,14,152,0.0017527603672339428,0.00982501775342038
8,XYt,15,152,0.0017624970373916239,0.009844580768708063
8,XYt,16,152,0.0017419191734343547,0.009846110753919078
8,XYt,17,153,0.0017405716853508032,0.00988819162028225
8,XYt,18,153,0.0017535763362590616,0.00989525124062027
8,XYt,19,153,0.0018142200584804757,0.009821090966695301
8,XYt,20,152,0.0018768680590077456,0.009919445100007793
8,XYt,21,152,0.0018805874920409921,0.00985531889231701
8,XYt,22,152,0.001873703247351195,0.009820220502159522
8,XYt,23,151,0.0019019799130439731,0.009995321281434273
8,XYt,24,151,0.001889101028399208,0.009981742896851463
8,XYt,25,151,0.0018785390185991962,0.009981472474066111
8,XYt,26,151,0.0018694624919712963,0.009990324880321888
8,XYt,27,152,0.0018332819948599175,0.009817502057792098
8,XYt,28,152,0.001844166963715498,0.009833580440561132
8,XYt,29,152,0.001861445297165524,0.009849708307433468
8,XYt,30,152,0.0018801315230454637,0.009851034308170794
8,XYt,31,152,0.0019136131116144067,0.009864779552433246
8,XYt,32,152,0.0019560069761881947,0.00984174418917459
8,XYt,33,151,0.002068127480218013,0.009985424863865687
8,XYt,34,151,0.002173327658893644,0.009897829054630335
8,XYt,35,150,0.0023787181012416645,0.009964319795881069
8,XYt,36,149,0.0026891942854084627,0.009997492197443914
8,XYt,37,148,0.0031792058161491765,0.009994005296441646
8,XYt,38,147,0.003924177369463847,0.009921614769503928
8,XYt,39,146,0.005070539633760302,0.009806199928828849
8,XYt,40,144,0.006751064296826412,0.00984198628168241
8,XYt,41,142,0.008572469890863903,0.009868817284535949
8,XYt,42,140,0.010390338041263502,0.009891058282891458
8,XYt,43,138,0.012447939351472866,0.009914825601470412
8,XYt,44,136,0.014706919897991081,0.009911838042104434
8,XYt,45,134,0.01714672606210922,0.009976127029009917
8,XYt,46,133,0.019310265790712003,0.009975593940795967
8,XYt,47,133,0.020015966424851404,0.009883741030641371
8,XYt,48,132,0.020299978019347218,0.009909672188794568
8,XYt,49,131,0.020574901368557056,0.009845839331069757
8,XYt,50,129,0.021384249083645706,0.009894288048177352
8,XYt,51,127,0.022173133307533056,0.009814432382388837
8,XYt,52,124,0.023134553970400137,0.00978540149200031
8,XYt,53,120,0.02405873396140087,0.009807203509200065
8,XYt,54,115,0.024860536009905766,0.009977076404177946
8,XYt,55,111,0.02451265987225458,0.009967433220671439
8,XYt,56,108,0.0232588860244902,0.009882140847358712
8,XYt,57,106,0.02165230711814321,0.009784324375868968
8,XYt,58,104,0.020583922208715723,0.009869672044986438
8,XYt,59,103,0.01974485490454877,0.00986970684282585
8,XYt,60,103,0.019202563904119868,0.009818969586561942
8,XYt,61,103,0.019151377001401834,0.009906790870219284
8,XYt,62,104,0.018918288382633253,0.009786996108161868
8,XYt,63,104,0.019335886208131047,0.009950861972002546
8,XYt,64,105,0.019325226774197377,0.009888522118372345
8,XYt,65,106,0.019158305562544393,0.009820087166188407
8,XYt,66,106,0.019326317505972194,0.009986256209231577
8,XYt,67,107,0.018893312816723445,0.009891219416429835
8,XYt,68,107,0.01876394196579836,0.009964401116993484
8,XYt,69,107,0.018474903664403925,0.009967443988353399
8,XYt,70,107,0.018199632439594556,0.00994182545203058
8,XYt,71,107,0.017886119678199103,0.009909444746735148
8,XYt,72,107,0.01771876879270403,0.009946304543496985
8,XYt,73,108,0.01713759448250495,0.009752257670844408
8,XYt,74,108,0.017038812524132425,0.009823370857453021
8,XYt,75,108,0.016932121661654042,0.00987988592470181
8,XYt,76,108,0.01670981984858738,0.009861841585896921
8,XYt,77,108,0.016420970352923264,0.009825131359944748
8,XYt,78,108,0.016279822545603,0.00990871093973871
8,XYt,79,109,0.015793364898559818,0.009793477730772712
8,XYt,80,109,0.015526286928193116,0.009822847507329502
8,XYt,81,109,0.015289369592883188,0.009820391541143928
8,XYt,82,109,0.015168391729117249,0.009854746052135972
8,XYt,83,109,0.015052945497732766,0.00990723937110399
8,XYt,84,109,0.0148565797466515,0.009912193738261481
8,XYt,85,109,0.014662497386497695,0.009908908612653597
8,XYt,86,109,0.014488535706300116,0.009918392820636177
8,XYt,87,109,0.014197601901232336,0.009902941485986475
8,XYt,88,109,0.01398329312517254,0.009966050015201155
8,XYt,89,110,0.013541822955182059,0.009828704379450045
8,XYt,90,110,0.013449518486680022,0.009897985198488595
8,XYt,91,110,0.013426002623263619,0.009968465788445185
8,XYt,92,110,0.013374404068382598,0.009962235917924408
8,XYt,93,110,0.013343035255060542,0.009952468899528588
8,XYt,94,110,0.013271410308812225,0.00991331271736141
8,XYt,95,110,0.013204843697041568,0.009928864655532669
8,XYt,96,110,0.013070307603652733,0.0098774294719567
8,XYt,97,110,0.012877971807781424,0.009777090805473551
8,XYt,98,109,0.013010092185729651,0.009974132239984617
8,XYt,99,110,0.012626142653066446,0.009772278263731405
8,XYt,100,110,0.012599679407950488,0.009844105427422286
8,XYt,101,110,0.01256002375989123,0.009870931757345778
8,XYt,102,110,0.012464658318277975,0.009873072953839828
8,XYt,103,110,0.012371727396059191,0.009875485931769285
8,XYt,104,110,0.012254252314218504,0.009822029102286536
8,XYt,105,109,0.012441740800153171,0.00998463483354329
8,XYt,106,109,0.012357167884057734,0.009885429982775513
8,XYt,107,109,0.012343032428264056,0.009854480857240453
8,XYt,108,109,0.012356256129937546,0.00984390427265007
8,XYt,109,109,0.012349118749050463,0.009805547601234107
8,XYt,110,109,0.012354546307649745,0.009777376760356357
8,XYt,111,109,0.012424186418722028,0.009795775552508991
8,XYt,112,109,0.01247657270535577,0.009813511019114991
8,XYt,113,109,0.01257153585027422,0.009847166397756017
8,XYt,114,109,0.012752289111226446,0.009970342763637978
8,XYt,115,110,0.012652167222685251,0.009855763746180387
8,XYt,116,110,0.01287785680104465,0.009917690517582128
8,XYt,117,110,0.013144728770025194,0.009983881290596621
8,XYt,118,111,0.013126566857483347,0.009796734188579459
8,XYt,119,111,0.013384258953743473,0.009838623716173299
8,XYt,120,111,0.013547553896705623,0.009885511952858623
8,XYt,121,111,0.013528910496177207,0.009883122055958572
8,XYt,122,111,0.01342430425738466,0.009802098628144455
8,XYt,123,110,0.013659185446722398,0.00994815225549549
8,XYt,124,110,0.013623915794288248,0.00988483445785746
8,XYt,125,110,0.013680183834410276,0.009880359544598195
8,XYt,126,110,0.01377071173020832,0.009892333173454861
8,XYt,127,110,0.013958210010018606,0.009946353100904292
8,XYt,128,111,0.0139112194324924,0.009762106814276963
8,XYt,129,110,0.014495657845421851,0.009992938314009804
8,XYt,130,110,0.01465387055164195,0.009932340927396685
8,XYt,131,110,0.014749409009611195,0.009825366761590694
8,XYt,132,110,0.014934077578986703,0.009775127315466009
8,XYt,133,109,0.015500673155384724,0.009963760762589029
8,XYt,134,109,0.015674622611533892,0.009872296762619108
8,XYt,135,109,0.01583951258565357,0.009772964110610592
8,XYt,136,108,0.016473273262790317,0.009955246438882537
8,XYt,137,108,0.01656143531717587,0.009833833648027463
8,XYt,138,108,0.016657575084409324,0.00976214364465879
8,XYt,139,107,0.01725737025647427,0.009987377636607283
8,XYt,140,107,0.017327706282882535,0.009933399292405044
8,XYt,141,107,0.017259055036390993,0.00987030382415127
8,XYt,142,107,0.017208461538576292,0.009845809899226796
8,XYt,143,107,0.017219710386862618,0.009862781830407445
8,XYt,144,107,0.017208884369686598,0.00987737405620282
8,XYt,145,107,0.017162353868645387,0.009896994076916561
8,XYt,146,107,0.01713761901885623,0.009932014048641082
8,XYt,147,107,0.017077569657358592,0.009928439832514986
8,XYt,148,107,0.017012623347520076,0.009890615559049574
8,XYt,149,107,0.016933124180603484,0.00983387020977379
8,XYt,150,106,0.017246612124913227,0.00998483530293796
8,XYt,151,106,0.017169044475237077,0.009894302149643914
8,XYt,152,106,0.01707858142975811,0.009836863991815306
8,XYt,153,106,0.017045768971357733,0.009820545637614073
8,XYt,154,106,0.01708426708092598,0.009830527249326742
8,XYt,155,106,0.017090959392192726,0.00979635293655479
8,XYt,156,106,0.017134172091176042,0.009802910485801852
8,XYt,157,106,0.01704822080207973,0.009809805007398179
8,XYt,158,106,0.016812824960743666,0.009822177163257824
8,XYt,159,106,0.01669074643977491,0.0099312138256546
8,XYt,160,107,0.016096929579090032,0.009783280600835257
8,XYt,161,107,0.01586217537615481,0.009816544903151129
8,XYt,162,107,0.015567204565762837,0.009812608163236224
8,XYt,163,107,0.015275165354246582,0.009786690146250759
8,XYt,164,107,0.015022983729162828,0.009776844910517859
8,XYt,165,107,0.014816290657762616,0.009769066937506494
8,XYt,166,106,0.0148654984358435,0.00993918994000428
8,XYt,167,106,0.014443274620026394,0.009836093672428242
8,XYt,168,105,0.014345114081934415,0.009950609046015793
8,XYt,169,105,0.013996293769961594,0.009806850571431953
8,XYt,170,104,0.014095540816690056,0.009988392562222167
8,XYt,171,105,0.013701336973467561,0.009798225639795788
8,XYt,172,105,0.013664466558135758,0.009866215029311932
8,XYt,173,105,0.013621010702091613,0.009927908507915462
8,XYt,174,105,0.013575991235999871,0.009962032300373685
8,XYt,175,105,0.013518826445086514,0.009948179766278107
8,XYt,176,105,0.013375204854673922,0.009848781526330983
8,XYt,177,105,0.013304554245621391,0.009828798288163855
8,XYt,178,105,0.013247346603944542,0.009859780134334304
8,XYt,179,105,0.013205844492655754,0.009885775772485476
8,XYt,180,105,0.01305761095418057,0.009847642681157188
8,XYt,181,105,0.012902980266685786,0.009778325675465447
8,XYt,182,105,0.012828965843387281,0.009766795798763472
8,XYt,183,104,0.013057489722668706,0.009990595600628854
8,XYt,184,104,0.012986984961255011,0.009954592557696668
8,XYt,185,104,0.012956580065794318,0.009927817698831477
8,XYt,186,104,0.012928103561517102,0.009884117826072186
8,XYt,187,104,0.012913057396475369,0.00988007711344767
8,XYt,188,104,0.012937360367558257,0.009941189581294608
8,XYt,189,105,0.012740512218128427,0.009780008689347938
8,XYt,190,105,0.012826484030170634,0.009820230884802609
8,XYt,191,105,0.012930234039161466,0.009859527048936062
8,XYt,192,105,0.013019584375372737,0.009873229489212655
8,XYt,193,105,0.013088635861655014,0.009865702654942878
8,XYt,194,105,0.01318878703775892,0.009873901802159732
8,XYt,195,105,0.013337288597673722,0.009900614876532295
8,XYt,196,105,0.0135236951692174,0.009924970845279647
8,XYt,197,106,0.013436733300268726,0.009769854076454303
8,XYt,198,106,0.013709373792654585,0.009857725872948248
8,XYt,199,106,0.013994349692208252,0.009968482476618471
8,XYt,200,107,0.013818537830393893,0.00978569817169632
8,XYt,201,107,0.013766015188111406,0.009773825606662486
8,XYt,202,106,0.013956294277854992,0.00995649155140142
8,XYt,203,106,0.013874839726030945,0.009890859168125432
8,XYt,204,106,0.013815804893593311,0.009780183723723367
8,XYt,205,106,0.01390848964511727,0.009787837179970517
8,XYt,206,106,0.014105216394341268,0.009842401750890845
8,XYt,207,106,0.014429516300732123,0.009915157376672125
8,XYt,208,106,0.014775642796333817,0.009969170973995856
8,XYt,209,107,0.014776757590948522,0.00980875628451119
8,XYt,210,107,0.01494078541395255,0.00980229680863785
8,XYt,211,107,0.015091577229219394,0.009793335811373559
8,XYt,212,107,0.015265345650879525,0.00979373307092211
8,XYt,213,107,0.015529916733515746,0.009811120539286167
8,XYt,214,107,0.015770332350596956,0.009815225724423601
8,XYt,215,107,0.01607513291633316,0.00981153184611396
8,XYt,216,107,0.016430712086111472,0.009809726233986703
8,XYt,217,107,0.01672639778503172,0.009780021309486065
8,XYt,218,107,0.017096230086658337,0.00977794096158421
8,XYt,219,107,0.017504252996887758,0.009783961288619135
8,XYt,220,107,0.01789479134546085,0.009847679191634344
8,XYt,221,107,0.01813183420062795,0.009888850977428844
8,XYt,222,107,0.01837740675883855,0.00996592670730165
8,XYt,223,108,0.01814923182210288,0.009754308837083385
8,XYt,224,108,0.018292566662175685,0.009770428598411459
8,XYt,225,107,0.01875709927677065,0.009992222990735657
8,XYt,226,107,0.018791644987817418,0.009924921642569801
8,XYt,227,107,0.018788488071916753,0.009818280941158346
8,XYt,228,106,0.019320280267971494,0.009973292889117412
8,XYt,229,106,0.01938823110169419,0.009862919485999018
8,XYt,230,106,0.019492055632560772,0.009799267275325993
8,XYt,231,105,0.020007985709277868,0.009977143099093751
8,XYt,232,105,0.02005646059374048,0.009888314269466769
8,XYt,233,104,0.02043123253637036,0.009978546278275364
8,XYt,234,104,0.02035782203210274,0.009786918247794343
8,XYt,235,103,0.020667235494563483,0.009792940179642313
8,XYt,236,102,0.020919261051273577,0.009776867963432672
8,XYt,237,101,0.021068366524718374,0.00977901878082073
8,XYt,238,100,0.021381762693906244,0.009904441867268578
8,XYt,239,100,0.02131253814643588,0.00987176404705625
8,XYt,240,100,0.021319815068080925,0.009859101959701536
8,XYt,241,100,0.021297650839910757,0.009846364184162215
8,XYt,242,100,0.021286394278301854,0.009849927867133878
8,XYt,243,100,0.0212626360760992,0.00985045577104827
8,XYt,244,100,0.021236655808051615,0.009821248330579924
8,XYt,245,100,0.021236658186180788,0.009801664478419448
8,XYt,246,100,0.021192135146286307,0.009797914551560902
8,XYt,247,100,0.021230488394926913,0.009823009759775885
8,XYt,248,100,0.02137240931737885,0.009897546579794577
8,XYt,249,100,0.021482218116025877,0.009962813350352998
8,XYt,250,100,0.021518666585386963,0.009984537553378518
8,XYt,251,101,0.021095511115727432,0.009780554632611679
8,XYt,252,101,0.021100638233755395,0.009814968209675973
8,XYt,253,101,0.021032047750147442,0.009827865166979052
8,XYt,254,101,0.02090138448575118,0.009814656011823573
8,XYt,255,100,0.021034731801238767,0.00999655388704752
8,XYt,256,100,0.02023069341051973,0.009909973270729877
8,XYt,257,100,0.01882770337101948,0.009847451952583419
8,XYt,258,100,0.016322645096072078,0.009854609916017389
8,XYt,259,99,0.013827061898964965,0.009960363880240906
8,XYt,260,98,0.012570553140378794,0.009996561402469215
8,XYt,261,99,0.01186508354251023,0.009781216856552664
8,XYt,262,99,0.011745720826559471,0.009807809219299987
8,XYt,263,99,0.011750412101646832,0.009856576627993363
8,XYt,264,99,0.01173492436334916,0.009872862605524347
8,XYt,265,99,0.011733832429781125,0.009887988106110778
8,XYt,266,99,0.011692639888182978,0.009865423611849262
8,XYt,267,99,0.011716615738492128,0.009863999988461922
8,XYt,268,99,0.011736471068215664,0.00988207459733469
8,XYt,269,100,0.011547392787984185,0.009821854267269519
8,XYt,270,100,0.01155936407717173,0.009842302519681972
8,XYt,271,100,0.011585026039906302,0.009840041739888544
8,XYt,272,100,0.011576840378667751,0.009781075307895428
8,XYt,273,100,0.01160728534393471,0.009780569995398353
8,XYt,274,100,0.011643054293204022,0.00979336923659094
8,XYt,275,100,0.011711816082447592,0.009826031972877411
8,XYt,276,100,0.011727205656480937,0.009818598489206463
8,XYt,277,100,0.011721915575916854,0.009837418235304004
8,XYt,278,100,0.011704969938924104,0.009811993451859586
8,XYt,279,100,0.011695172218493545,0.009787527954669351
8,XYt,280,99,0.01189984048257329,0.00993427064357724
8,XYt,281,99,0.011871287182287122,0.009892335343341281
8,XYt,282,99,0.011851514121855405,0.009843791427929337
8,XYt,283,99,0.0119224583093067,0.009878094980008188
8,XYt,284,99,0.011965586964647845,0.009905490752917601
8,XYt,285,99,0.01199230863389069,0.009935255345873802
8,XYt,286,99,0.011996169236725487,0.009924917317045184
8,XYt,287,99,0.011995763298928534,0.009912764882708749
8,XYt,288,99,0.012001686515501885,0.00989504027912331
8,XYt,289,99,0.01201192144148951,0.009860858803978866
8,XYt,290,99,0.011981792484810202,0.009813033079106472
8,XYt,291,99,0.011976899685117245,0.009791938425617012
8,XYt,292,99,0.011965523082565665,0.00978649219805453
8,XYt,293,98,0.012211538489051375,0.009979960014348248
8,XYt,294,98,0.01219813863142165,0.00997629216761187
8,XYt,295,99,0.011971130674776774,0.009783152246663259
8,XYt,296,99,0.011955234853375761,0.009799025770323528
8,XYt,297,98,0.01224944381582055,0.00999549952474746
8,XYt,298,98,0.01222139796657542,0.009959593953147034
8,XYt,299,98,0.012265277196817933,0.009980769770666123
8,XYt,300,99,0.01202550792457467,0.009791518622944913
8,XYt,301,99,0.012083165028695508,0.009836743974348314
8,XYt,302,99,0.012082178833416226,0.009888710426794092
8,XYt,303,99,0.012097978228182645,0.009882775630401115
8,XYt,304,99,0.012088617178543107,0.009876253178673718
8,XYt,305,99,0.01208072549209734,0.009814391920773142
8,XYt,306,99,0.012074389823868005,0.009783233428130159
8,XYt,307,98,0.01231163689302367,0.009946721050442302
8,XYt,308,98,0.012334069898593323,0.009958728050800501
8,XYt,309,98,0.012324296402805397,0.009950734700881012
8,XYt,310,99,0.012112043372642716,0.00977895622225929
8,XYt,311,99,0.01209975719533711,0.009774211580579452
8,XYt,312,99,0.012105289752529285,0.009802598451366832
8,XYt,313,99,0.012117719250879644,0.009812981674561237
8,XYt,314,99,0.012186286984032237,0.009845335162345745
8,XYt,315,98,0.012450039780149264,0.00999782498661087
8,XYt,316,98,0.012479704988577813,0.009982761620685017
8,XYt,317,98,0.012476782775918264,0.009955992447073687
8,XYt,318,98,0.01251663723997192,0.009969402436241705
8,XYt,319,98,0.012485978311922526,0.009906509734312122
8,XYt,320,98,0.012543542824013635,0.009887420415110428
8,XYt,321,98,0.012590383437780572,0.009886984584319518
8,XYt,322,98,0.01270408486913377,0.009927134441944103
8,XYt,323,98,0.01278388145529919,0.009873592011258554
8,XYt,324,99,0.013185970775030805,0.009782842873276318
8,XYt,325,101,0.015918225707310024,0.009872263604632208
8,XYt,326,100,0.020077553465699123,0.00985903011182306
8,XYt,327,100,0.021664491116050642,0.009872445700399784
8,XYt,328,100,0.0224273140599382,0.009936678481451739
8,XYt,329,100,0.022897483019457793,0.009974392101606394
8,XYt,330,100,0.023133984589673702,0.009964249783795683
8,XYt,331,100,0.023314104623588003,0.009960498570956624
8,XYt,332,100,0.023325659458135504,0.009918407428877438
8,XYt,333,100,0.023344466215851484,0.009892705302017375
8,XYt,334,100,0.023285443205913588,0.009852710893345148
8,XYt,335,100,0.023384546391289392,0.009872011382856842
8,XYt,336,100,0.0233565555283629,0.009890114215478796
8,XYt,337,100,0.02338600887946307,0.009914874313043649
8,XYt,338,100,0.02337812355960766,0.009933452234706711
8,XYt,339,101,0.023122628711526,0.0098264874364051
8,XYt,340,102,0.022970802875029752,0.009867495304999339
8,XYt,341,103,0.02279548617321415,0.009902732855925746
8,XYt,342,104,0.02254278240413688,0.00988280115119351
8,XYt,343,105,0.02241686702579777,0.009976406203096463
8,XYt,344,106,0.022025918873756573,0.009966321394898772
8,XYt,345,107,0.02161715860694684,0.009896393283140119
8,XYt,346,107,0.021455830122578567,0.009963581412893356
8,XYt,347,108,0.02100508911056361,0.009838629170502185
8,XYt,348,108,0.020965983296830717,0.009936056863620868
8,XYt,349,109,0.02060669246358453,0.009822654658343487
8,XYt,350,109,0.020587156702272527,0.009887295041097845
8,XYt,351,109,0.02073587313138583,0.009988447362047084
8,XYt,352,110,0.02046518289853268,0.00995105988614837
8,XYt,353,111,0.020134991081511493,0.009903058533654297
8,XYt,354,111,0.020030465084488278,0.00998595742726776
8,XYt,355,112,0.01970293350931974,0.009847982713793774
8,XYt,356,112,0.019544246816968057,0.009872457115246477
8,XYt,357,112,0.01927522576904887,0.009884134656656869
8,XYt,358,111,0.018955307917744593,0.00999767415934486
8,XYt,359,111,0.018460730075814787,0.00993905334075627
8,XYt,360,111,0.018053479266016546,0.009992298714316493
8,XYt,361,112,0.01742028439729317,0.009804594205498066
8,XYt,362,111,0.017221879235314305,0.009956736782482028
8,XYt,363,111,0.01700967584583342,0.0099423743841239
8,XYt,364,111,0.016509192476340865,0.009886161718144717
8,XYt,365,111,0.016367261464152877,0.009903203757541314
8,XYt,366,111,0.016083976893613704,0.009845641481988814
8,XYt,367,111,0.01594802884445058,0.009794783950212018
8,XYt,368,111,0.015910055959219155,0.009853870391765177
8,XYt,369,111,0.015908712093279605,0.009932281495695834
8,XYt,370,112,0.0155717279237402,0.009791845259476097
8,XYt,371,112,0.015571399360343706,0.009851136719865603
8,XYt,372,112,0.015469710854931724,0.00987434418845594
8,XYt,373,112,0.01543329083841808,0.009926151096524926
8,XYt,374,113,0.015110832052446987,0.009795110477854673
8,XYt,375,113,0.014976188267429587,0.00981749768493912
8,XYt,376,112,0.0148762949580381,0.009887922980691244
8,XYt,377,111,0.014681545693829779,0.009936083867809874
8,XYt,378,111,0.014287102443893385,0.00979765603410485
8,XYt,379,110,0.01435986812067324,0.009957216986730737
8,XYt,380,110,0.014232470628306116,0.00991077250142525
8,XYt,381,110,0.014175833554865225,0.009940248655493375
8,XYt,382,110,0.014189926003047734,0.009999267660575928
8,XYt,383,111,0.01386666685406628,0.009787805928921084
8,XYt,384,111,0.01384271465719999,0.009796595602993815
8,XYt,385,110,0.01382510831625728,0.009940934789756078
8,XYt,386,110,0.013598352669497082,0.009876795431966078
8,XYt,387,110,0.013537804158736785,0.009884733481068752
8,XYt,388,110,0.013569904063887701,0.009914917070782927
8,XYt,389,110,0.013557888700810861,0.009909820564848338
8,XYt,390,110,0.013566322187962727,0.009880984123281974
8,XYt,391,110,0.013544532121667665,0.009859390434548157
8,XYt,392,110,0.013503549557242846,0.009819152670664862
8,XYt,393,110,0.013448459466124763,0.009782148393127799
8,XYt,394,110,0.013478742134902352,0.009783873531370701
8,XYt,395,109,0.01380040540656189,0.009958017814579077
8,XYt,396,109,0.013915972746208588,0.00994263129768093
8,XYt,397,109,0.01399594848112792,0.009943738756608625
8,XYt,398,110,0.013780957599757688,0.009791923080666544
8,XYt,399,110,0.013753196751585033,0.009807564094515483
8,XYt,400,110,0.013779584661869232,0.00984553410768276
8,XYt,401,110,0.01375675837177316,0.009855119599985413
8,XYt,402,110,0.013747743969756343,0.009877435991436716
8,XYt,403,110,0.01372102064803293,0.009856052318732522
8,XYt,404,110,0.013713632553548466,0.009825066910250806
8,XYt,405,110,0.01371840921535209,0.00981814812541745
8,XYt,406,110,0.0138203201629979,0.009860304789606991
8,XYt,407,110,0.013971760979882732,0.009932420349205391
8,XYt,408,111,0.01384823937939858,0.009783395240530991
8,XYt,409,111,0.014067874980372744,0.00985142215960864
8,XYt,410,111,0.014263494428137487,0.009923355679459817
8,XYt,411,111,0.014230185373580333,0.009892341852997685
8,XYt,412,111,0.014295077936343426,0.009921417349744716
8,XYt,413,111,0.01439303760635719,0.009970293784835412
8,XYt,414,112,0.014259574925354776,0.009821089327474901
8,XYt,415,112,0.014424650731373749,0.00988065228682751
8,XYt,416,112,0.014647661355849355,0.009922031231180435
8,XYt,417,113,0.014730433848989918,0.009840269695403612
8,XYt,418,113,0.014987509194511892,0.009930466496403332
8,XYt,419,113,0.015094033225621502,0.009832505327628506
8,XYt,420,112,0.015368932680667793,0.009820006289389395
8,XYt,421,111,0.015700832630846494,0.00991469191403417
8,XYt,422,111,0.015830290555155894,0.009883219791380444
8,XYt,423,111,0.015896208856909552,0.009834748742204923
8,XYt,424,110,0.01624322703954255,0.009977960613448989
8,XYt,425,110,0.01629679362265141,0.00992709227739945
8,XYt,426,110,0.016262755577596905,0.009833938967316602
8,XYt,427,110,0.016330083069035918,0.009836140046052523
8,XYt,428,110,0.016535920955191876,0.009894178489944802
8,XYt,429,110,0.016713296397615162,0.009899632149314844
8,XYt,430,110,0.016809487395973655,0.009847369120738008
8,XYt,431,110,0.01709826564608855,0.009902562697245263
8,XYt,432,110,0.017538525936498812,0.00999322668436078
8,XYt,433,111,0.01757755285236041,0.009831492321793285
8,XYt,434,111,0.01799399954395664,0.009813866998206543
8,XYt,435,110,0.01864482308589651,0.00991460206640426
8,XYt,436,110,0.019077152446394026,0.009906887288789436
8,XYt,437,110,0.019483379031134555,0.009930516752411798
8,XYt,438,110,0.019661505350242955,0.00989807899205257
8,XYt,439,110,0.019773326454357015,0.00984370529437342
8,XYt,440,110,0.019859732848297024,0.00977158138521571
8,XYt,441,109,0.02046926914831782,0.009937564125176625
8,XYt,442,109,0.020478387352976798,0.00979201624606703
8,XYt,443,108,0.020862625131884943,0.009852311109791071
8,XYt,444,107,0.021300156778056842,0.009983775940546332
8,XYt,445,107,0.021311764873873,0.009886803299105136
8,XYt,446,107,0.02128826212986564,0.009781354562776678
8,XYt,447,106,0.021874395672818275,0.009925375271498452
8,XYt,448,106,0.02191344320205908,0.009797706971346585
8,XYt,449,105,0.022474214809876245,0.00985978285564737
8,XYt,450,104,0.02295079377864947,0.009884310561697874
8,XYt,451,103,0.0233609669226117,0.009853266423940079
8,XYt,452,101,0.024077585210193,0.009971040281790822
8,XYt,453,100,0.024342754306483028,0.009923067982572555
8,XYt,454,99,0.0244329052846241,0.009815168317262516
8,XYt,455,98,0.02461743079859859,0.009805589193886069
8,XYt,456,97,0.02505758326866802,0.00995427934794959
8,XYt,457,97,0.025126729261509183,0.00996352001315665
8,XYt,458,98,0.024673773362349168,0.009791343791197137
8,XYt,459,98,0.024728611883216248,0.009821237949012443
8,XYt,460,98,0.024706689458888893,0.00983234159453268
8,XYt,461,98,0.024565414175389714,0.00979633431179416
8,XYt,462,97,0.024893682993528413,0.009959548154348557
8,XYt,463,97,0.024752165870893152,0.009923192363829299
8,XYt,464,97,0.024470794939690097,0.009884033672718884
8,XYt,465,97,0.023699562939947013,0.009813770212542724
8,XYt,466,96,0.02261106698437546,0.009949410661091678
8,XYt,467,96,0.019530903031021753,0.009989565320295329
8,XYt,468,96,0.015921849296694168,0.00993625129214363
8,XYt,469,95,0.014036479531748301,0.009909901791674012
8,XYt,470,95,0.013304058183681544,0.00979154547770169
8,XYt,471,94,0.013233109415562388,0.009912499074552758
8,XYt,472,94,0.013209594795146157,0.009961468290348668
8,XYt,473,95,0.012962179675894168,0.009822485297754468
8,XYt,474,95,0.013013663171139382,0.009880842917642216
8,XYt,475,95,0.013013613740293632,0.009875766864075448
8,XYt,476,95,0.013074682928777828,0.009903260112506003
8,XYt,477,95,0.01300123837730261,0.009868808584303444
8,XYt,478,95,0.012979444333216959,0.009868124504511888
8,XYt,479,95,0.012936259490969621,0.009820946714252675
8,XYt,480,95,0.012935531834978241,0.00979969386485845
8,XYt,481,94,0.013159107518732383,0.009958856836313708
8,XYt,482,94,0.013127174343992326,0.009939986281644846
8,XYt,483,94,0.013078257099462311,0.009924206824040924
8,XYt,484,94,0.01308338068770046,0.009948260140481701
8,XYt,485,94,0.013063480472304382,0.00994006078356515
8,XYt,486,94,0.01308461449803383,0.009983729177667771
8,XYt,487,95,0.01281463691313689,0.00979667941190244
8,XYt,488,95,0.012822328568678614,0.009822911971585304
8,XYt,489,95,0.012798352937028686,0.009809164955119213
8,XYt,490,95,0.012780855010672816,0.009791480806938039
8,XYt,491,94,0.013027011868718791,0.009970216279425447
8,XYt,492,94,0.013008999222584874,0.009971334128996902
8,XYt,493,94,0.01302617103348373,0.009981989657970541
8,XYt,494,94,0.013022125760256822,0.009988571466421504
8,XYt,495,94,0.013034402882268242,0.009976818763984862
8,XYt,496,94,0.013004182940596758,0.009954551587618734
8,XYt,497,94,0.012999445459564355,0.009946963285449957
8,XYt,498,94,0.012990405550532056,0.009928021477580777
8,XYt,499,94,0.0129811645922648,0.009903368486536761
8,XYt,500,94,0.012935156517831817,0.009851436867157606
8,XYt,501,94,0.012902528602876396,0.009794669443813098
8,XYt,502,93,0.01312539791045153,0.009952992982193046
8,XYt,503,93,0.013140958713242926,0.00995056050937693
8,XYt,504,93,0.013101300703073098,0.009923865077173364
8,XYt,505,93,0.013101642443511414,0.009916669438220093
8,XYt,506,93,0.013106685356766033,0.009907850339640345
8,XYt,507,93,0.013145635160236572,0.009951392610323304
8,XYt,508,93,0.013157663444668594,0.009975495496566737
8,XYt,509,94,0.01292444660983135,0.009841210910346667
8,XYt,510,94,0.01295318652180216,0.009888186735991192
8,XYt,511,94,0.012969588448688162,0.009932706694671821
8,XYt,512,94,0.012943139838220093,0.009926570611487624
8,XYt,513,94,0.01295411975479921,0.009968461481815285
8,XYt,514,94,0.012937764926167192,0.009970167838238259
8,XYt,515,94,0.012945311317920575,0.009989602386446028
8,XYt,516,94,0.012899615574769489,0.009933624565346834
8,XYt,517,94,0.01287221930305224,0.009905625648021252
8,XYt,518,94,0.012848919423735488,0.009868673729718794
8,XYt,519,94,0.01283917347965905,0.009871918428810264
8,XYt,520,94,0.012808753166643953,0.009849029984141689
8,XYt,521,94,0.012788999970333375,0.009843791427929337
8,XYt,522,93,0.0130247230726667,0.009989417054317176
8,XYt,523,93,0.012999804061084821,0.009946084953150589
8,XYt,524,93,0.012944981373242447,0.009898291515221168
8,XYt,525,93,0.012887927677277599,0.009888832526880276
8,XYt,526,93,0.01282856846933959,0.00985809168690513
8,XYt,527,93,0.012726540464150992,0.009814260692763603
8,XYt,528,92,0.012867805910951357,0.009944160227821738
8,XYt,529,92,0.01282521774765154,0.009892342937940004
8,XYt,530,92,0.012895158206241236,0.009882839160762139
8,XYt,531,92,0.0130892790035045,0.009930278979804242
8,XYt,532,93,0.013284077885103971,0.009828054637605924
8,XYt,533,94,0.014108999445337545,0.00988655090547177
8,XYt,534,96,0.015904808325497167,0.009826425180046219
8,XYt,535,96,0.019373902976686164,0.009901727576745865
8,XYt,536,95,0.02230315518756694,0.009853352473916922
8,XYt,537,95,0.02401714921183828,0.009899628354812206
8,XYt,538,96,0.02454456273717352,0.009824865365683071
8,XYt,539,96,0.02533570112661523,0.009991379251593638
8,XYt,540,98,0.025135676377655274,0.009883290920440926
8,XYt,541,100,0.02457335820553381,0.009842625835269922
8,XYt,542,100,0.024450722205844953,0.009973566223950665
8,XYt,543,100,0.02419379105065515,0.009996779884044536
8,XYt,544,101,0.023539562550714686,0.00982894024149312
8,XYt,545,101,0.023604999718911824,0.009972859196824477
8,XYt,546,103,0.023113660396321577,0.009957023506547596
8,XYt,547,106,0.022250088397010828,0.00990884200002966
8,XYt,548,108,0.02132222852775149,0.009866078507531677
8,XYt,549,109,0.020655884043325932,0.009834603053124462
8,XYt,550,109,0.020397867715356066,0.009948400928629083
8,XYt,551,110,0.019789611700483455,0.009816117952565116
8,XYt,552,110,0.019679162364585716,0.009893067652822043
8,XYt,553,110,0.019550653827463085,0.009949013145104015
8,XYt,554,110,0.019450858939973885,0.009991574751918638
8,XYt,555,111,0.018945387313063267,0.009801467927642872
8,XYt,556,111,0.018832210442158458,0.009810556058228786
8,XYt,557,111,0.018674250632177265,0.009790341325705453
8,XYt,558,110,0.018804157785484797,0.009951399620599545
8,XYt,559,110,0.018359553862901234,0.009809175896534662
8,XYt,560,108,0.01829223732206619,0.009974012798210362
8,XYt,561,106,0.018000257591350374,0.00999122671571637
8,XYt,562,106,0.017543373346004774,0.009799869095229159
8,XYt,563,107,0.0173600585615184,0.009802637866790916
8,XYt,564,108,0.017304843164204255,0.00997126739522658
8,XYt,565,110,0.016742969420187385,0.009916727340073594
8,XYt,566,111,0.01620309234891065,0.009908488891487679
8,XYt,567,111,0.015887139497459193,0.009961014150186511
8,XYt,568,111,0.015516901971967274,0.009933637530540529
8,XYt,569,111,0.015096025551937321,0.009831629869657592
8,XYt,570,110,0.014876886262806874,0.009872949028242865
8,XYt,571,109,0.014566341439634398,0.009804597489454198
8,XYt,572,107,0.014654752085373491,0.00994596463500807
8,XYt,573,106,0.014703281744942072,0.009995591329551145
8,XYt,574,106,0.01467315639744194,0.009932057813197398
8,XYt,575,106,0.014750224216931973,0.00991405971582887
8,XYt,576,106,0.01496733063664054,0.009986898345250832
8,XYt,577,107,0.014859207655673804,0.009878037394961063
8,XYt,578,107,0.014998809394150181,0.00995661713202803
8,XYt,579,107,0.015118157577038339,0.00999959448747591
8,XYt,580,107,0.015152053876034107,0.009983014269610041
8,XYt,581,107,0.015071851552769881,0.00995029301431936
8,XYt,582,108,0.014766461006095372,0.009787644189439134
8,XYt,583,108,0.01471578082456485,0.009835063576029998
8,XYt,584,108,0.014617690741317356,0.009868274592851186
8,XYt,585,108,0.014487819241077851,0.009906365100592878
8,XYt,586,108,0.01429058366545213,0.009949677640525992
8,XYt,587,109,0.013927418411799054,0.009923597403290955
8,XYt,588,110,0.013480376796613252,0.00993368182815797
8,XYt,589,110,0.013143393608031448,0.00999012666973107
8,XYt,590,110,0.012758686836505806,0.009993529007841956
8,XYt,591,110,0.012500441279519894,0.009987733866290694
8,XYt,592,110,0.012344801426523612,0.009970982695334522
8,XYt,593,110,0.012212237444804111,0.009912734566863689
8,XYt,594,109,0.012260450945066026,0.009944187210005447
8,XYt,595,109,0.012129005402837659,0.009846370179207269
8,XYt,596,108,0.012337413257828325,0.009983002981177514
8,XYt,597,108,0.012317757406500918,0.009893145762633912
8,XYt,598,108,0.012318967605250523,0.009791308166790441
8,XYt,599,107,0.012587038590194149,0.009905136983136486
8,XYt,600,107,0.012649386185116561,0.009817062576329057
8,XYt,601,106,0.013006048765292245,0.00998115311843946
8,XYt,602,106,0.013084081148840503,0.009956070063212481
8,XYt,603,106,0.01314134382566512,0.009945872372128042
8,XYt,604,106,0.01321308132185885,0.009960370345436877
8,XYt,605,106,0.013235563180365454,0.009974540590922084
8,XYt,606,106,0.01325191147830992,0.009978634474591614
8,XYt,607,106,0.01323653359329744,0.009976176517086276
8,XYt,608,106,0.013226275425133112,0.009974033781328325
8,XYt,609,106,0.013186050168311113,0.009967471445889746
8,XYt,610,106,0.013120769824671252,0.009964724779214573
8,XYt,611,106,0.013003231944148553,0.009984424148233044
8,XYt,612,107,0.012624106508441726,0.009809843846833508
8,XYt,613,107,0.012501893092311757,0.009854944807491951
8,XYt,614,107,0.012409056598151178,0.009904643417966742
8,XYt,615,107,0.012317106024723192,0.009940487269317788
8,XYt,616,107,0.012261350350363024,0.009976781112459993
8,XYt,617,108,0.012006118886366785,0.009804022233025657
8,XYt,618,108,0.012194970695157719,0.009958323901346901
8,XYt,619,109,0.012071137859619078,0.009868152238398693
8,XYt,620,109,0.012114034370133878,0.00988615140474357
8,XYt,621,109,0.012190508457804,0.009877882022310047
8,XYt,622,109,0.012357249409711345,0.009847207269660855
8,XYt,623,108,0.012890662429618739,0.009967852613287078
8,XYt,624,108,0.0131627346578057,0.009857393797929218
8,XYt,625,108,0.013576600438396392,0.009810046247035978
8,XYt,626,108,0.013913219229911778,0.009788484109107883
8,XYt,627,108,0.014083118873265781,0.009786999398022913
8,XYt,628,108,0.014303287058138029,0.009848006690010925
8,XYt,629,108,0.014477771082946933,0.009822296266035577
8,XYt,630,107,0.014830242977076516,0.00996427940435338
8,XYt,631,107,0.014934948373787109,0.00997977826718263
8,XYt,632,108,0.014614378133201622,0.009791299397685837
8,XYt,633,107,0.01482073712397896,0.009961394487247293
8,XYt,634,107,0.014684860050529448,0.009891510752224547
8,XYt,635,106,0.014793766881288702,0.009992170896875232
8,XYt,636,106,0.0145615815240925,0.00991620296422605
8,XYt,637,106,0.014402630615857927,0.009905173281689597
8,XYt,638,106,0.014341029906212822,0.009927145793906295
8,XYt,639,106,0.014302515958141394,0.009954518703618406
8,XYt,640,107,0.01407771352089089,0.009814979144622146
8,XYt,641,108,0.014096893964715657,0.009790817084837415
8,XYt,642,109,0.014335294099405283,0.009841597513114106
8,XYt,643,110,0.014576019625641323,0.009837970811160618
8,XYt,644,110,0.015002464353454379,0.009934648763517516
8,XYt,645,110,0.01534121732671193,0.0099540777240689
8,XYt,646,110,0.015609787309245376,0.009907444114757727
8,XYt,647,109,0.01612119881150945,0.009944306470380502
8,XYt,648,108,0.016396204283069454,0.009799975327115842
8,XYt,649,106,0.016942382116142404,0.009862028227210135
8,XYt,650,104,0.01745252210179777,0.009983069098957895
8,XYt,651,104,0.017364099872785876,0.009878626267720049
8,XYt,652,106,0.01741803894624877,0.009805614368300231
8,XYt,653,107,0.01808607699021273,0.009988062682414027
8,XYt,654,108,0.018264998358910694,0.009969685566472373
8,XYt,655,109,0.018173450478671867,0.00984095516617829
8,XYt,656,109,0.01834040151278454,0.009864657154630663
8,YZt,0,11,0.1875469092160039,0.00882411097709897
8,YZt,1,69,0.02554542648042199,0.009952513036302178
8,YZt,2,69,0.021357631160757323,0.009889241144203724
8,YZt,3,69,0.019617608013414247,0.009726883852926109
8,YZt,4,68,0.019354684384307465,0.009841411419097813
8,YZt,5,68,0.019455679611426815,0.009736876684914148
8,YZt,6,67,0.019945979114662962,0.009998362716754973
8,YZt,7,67,0.022019460658451197,0.009968742562418219
8,YZt,8,69,0.02209360885327388,0.00985017209333726
8,YZt,9,69,0.022980155499971944,0.009866054031315593
8,YZt,10,70,0.02333663478379791,0.009963422988490563
8,YZt,11,71,0.023910731668619574,0.009848003965443735
8,YZt,12,71,0.02487278134624888,0.009869224943973878
8,YZt,13,72,0.024992916398551192,0.009976454767677962
8,YZt,14,74,0.02466383119700879,0.009804045378424239
8,YZt,15,73,0.026205029173136475,0.009912578191312795
8,YZt,16,74,0.02663743300433014,0.009864604775678437
8,YZt,17,75,0.026802810667988584,0.009879360912549949
8,YZt,18,76,0.026829687829715832,0.00975780942741489
8,YZt,19,77,0.026696195387590493,0.009831718214294752
8,YZt,20,76,0.028010447130034963,0.009938443287659787
8,YZt,21,77,0.027734389214762085,0.00992507967740874
8,YZt,22,77,0.028479930643503893,0.009888813611156087
8,YZt,23,78,0.02810428712506741,0.009912269995875987
8,YZt,24,78,0.02897045347515379,0.009946840665793606
8,YZt,25,78,0.029527864916966014,0.009892892445931473
8,XYt,657,109,0.01848267101494473,0.009869702493102633
8,XYt,658,109,0.018585261979869407,0.00986066560996738
8,XYt,659,109,0.018693126169135817,0.009840051556263548
8,XYt,660,109,0.01882051322805953,0.009803446942841647
8,XYt,661,108,0.019373964827006058,0.009968800623224068
8,XYt,662,108,0.01955680388680947,0.009896334720063044
8,XYt,663,108,0.019806129629313676,0.00980195792851122
8,XYt,664,107,0.020471662602908315,0.009861995034698378
8,XYt,665,106,0.021118471471406927,0.009817916923360261
8,XYt,666,103,0.022289389662267546,0.009976139401052022
8,XYt,667,101,0.022692954735732417,0.009824183142140284
8,XYt,668,99,0.023196506629398612,0.009846832331693919
8,XYt,669,98,0.023571238327730802,0.009894175235721323
8,XYt,670,97,0.023952441425807554,0.00995799464213434
8,XYt,671,96,0.024106790019185947,0.009915611452305812
8,XYt,672,94,0.024350695318172216,0.00994483422084436
8,XYt,673,93,0.02412773931934895,0.009959837491455521
8,XYt,674,92,0.023554217879402733,0.009965373149111802
8,XYt,675,92,0.021954742310969454,0.009884458775552343
8,XYt,676,93,0.019748755256002098,0.009791372838694358
8,XYt,677,92,0.017824991858439023,0.00996479586501649
8,XYt,678,92,0.015551293800238907,0.009837596066656747
8,XYt,679,91,0.014264213749322349,0.009936981445291248
8,XYt,680,90,0.013478606919524119,0.009982747106616388
8,XYt,681,90,0.01281996563622056,0.009835370761191987
8,XYt,682,89,0.012688866081619956,0.00994296052593815
8,XYt,683,89,0.0124295690832058,0.009859926539910501
8,XYt,684,89,0.012284668017896148,0.009802654289837507
8,XYt,685,88,0.012443248692749535,0.009979520696743245
8,XYt,686,88,0.012383568770428809,0.009954343500146106
8,XYt,687,88,0.01234415807473999,0.00995523080661005
8,XYt,688,88,0.012354723762654448,0.009985856398250365
8,XYt,689,89,0.012129799568311811,0.009803382897983107
8,XYt,690,89,0.012187536139473348,0.009854382292226049
8,XYt,691,89,0.012283604420465619,0.009896856895269203
8,XYt,692,89,0.012358299989693254,0.009935463833127047
8,XYt,693,89,0.012431444830121735,0.00996515882552437
8,XYt,694,89,0.012505732795705549,0.00998933647405823
8,XYt,695,89,0.012526597041887154,0.009991734264459842
8,XYt,696,89,0.01254771797836425,0.009996369757451018
8,XYt,697,89,0.0125340571672062,0.00998802131235329
8,XYt,698,89,0.012539619851776568,0.00998933217642616
8,XYt,699,89,0.012520234239596178,0.009984918069288926
8,XYt,700,89,0.012505437079025784,0.009987904723078384
8,XYt,701,89,0.01247574144982422,0.00997738405765512
8,XYt,702,89,0.012460988925478369,0.009979590063966605
8,XYt,703,89,0.012460737044051576,0.009969190890725997
8,XYt,704,89,0.01244665508914156,0.009983312064601008
8,XYt,705,90,0.012224688275751268,0.009787659541097986
8,XYt,706,90,0.012335026464732246,0.009840589260512672
8,XYt,707,90,0.01262327426774026,0.00993320264709982
8,XYt,708,91,0.01294400454299769,0.009963538863993258
8,XYt,709,97,0.013345633623159913,0.00991548210510748
8,XYt,710,94,0.013394173076970557,0.009857111253162059
8,XYt,711,92,0.012577195012438487,0.00979171756561934
8,XYt,712,92,0.01268605758540174,0.00984260838849411
8,XYt,713,91,0.012576038737138636,0.009995087198038193
8,XYt,714,91,0.012096704672289547,0.009981266023111477
8,XYt,715,91,0.011575587257556079,0.00991504804903924
8,XYt,716,89,0.011210632077797156,0.009867333784046283
8,XYt,717,88,0.011113352783993032,0.009816318036713923
8,XYt,718,87,0.011254892028426337,0.00978826920179817
8,XYt,719,85,0.011951377439084122,0.00996561169984515
8,XYt,720,84,0.012429744401920101,0.009937954539385726
8,XYt,721,85,0.012212245097755554,0.009780695091477309
8,XYt,722,87,0.011845681914073137,0.009752618086710015
8,XYt,723,89,0.011583119683883496,0.009819549978751993
8,XYt,724,92,0.011062680242605443,0.009746650525672284
8,XYt,725,95,0.010737481444270466,0.009771817527710735
8,XYt,726,97,0.0106708694734736,0.009944716585641047
8,XYt,727,96,0.010499101435342172,0.009900563926718993
8,YZt,26,79,0.029046948873783184,0.009959451167962442
8,YZt,27,80,0.029030143020577413,0.00975438656478258
8,YZt,28,79,0.03027404974005013,0.009930250338628682
8,YZt,29,80,0.02960671284003329,0.009965014042947442
8,YZt,30,80,0.030192620670001648,0.009996472520742756
8,YZt,31,81,0.02992602456318476,0.009821531516774791
8,YZt,32,81,0.03065620456180859,0.009938960088130368
8,YZt,33,82,0.030806142826923247,0.009845224124961508
8,YZt,34,82,0.03154466406899918,0.009886621002537236
8,YZt,35,83,0.031077927872313005,0.009996991305859711
8,YZt,36,85,0.030445303915727345,0.009758408462057416
8,YZt,37,86,0.03040761406946742,0.009828947807080048
8,YZt,38,87,0.030062125675290215,0.009894376298233575
8,YZt,39,88,0.02949805664691881,0.00994877920503071
8,YZt,40,89,0.028664702093614325,0.009993504230087982
8,YZt,41,91,0.02704661893778284,0.009779309618000324
8,YZt,42,92,0.026433974586450925,0.00978905119426532
8,YZt,43,92,0.025755462701455303,0.00987823451758455
8,YZt,44,93,0.024601386370364502,0.009832038681117272
8,YZt,45,93,0.023872807347130258,0.009959156354339097
8,YZt,46,94,0.022676924409878806,0.009802459088417988
8,YZt,47,94,0.022071878494127242,0.009896690353729084
8,YZt,48,94,0.021552898430046735,0.009965527157687726
8,YZt,49,95,0.020922331903487263,0.009864539495882797
8,YZt,50,95,0.020546549356165036,0.009838164528757081
8,YZt,51,95,0.02036551282685247,0.009895127050463493
8,YZt,52,95,0.020246527175696506,0.009893554201814822
8,YZt,53,95,0.020473488839726425,0.009967991586555133
8,YZt,54,95,0.020429127467152745,0.009951736570251965
8,YZt,55,95,0.020467091213644373,0.009947653349279563
8,YZt,56,95,0.020613616229966776,0.00992253776100623
8,YZt,57,95,0.021058437898037793,0.009959289137011997
8,YZt,58,95,0.021245154835875187,0.009915043796525629
8,YZt,59,95,0.021423505581596843,0.00988222501683061
8,YZt,60,95,0.02188641562662329,0.009938068397665239
8,YZt,61,95,0.021879720797205442,0.009953293292846192
8,YZt,62,96,0.021351695038615528,0.009819170471410475
8,YZt,63,97,0.02085264417796388,0.009959205233963713
8,YZt,64,100,0.018514882537394663,0.009791892390693469
8,YZt,65,102,0.016379633259273756,0.009812901129815864
8,YZt,66,102,0.01444801823845516,0.009858353440856246
8,YZt,67,102,0.012545954006865027,0.009778095648646744
8,YZt,68,101,0.01131089924235813,0.009834222801472402
8,YZt,69,101,0.010304371319294126,0.009820964043391852
8,YZt,70,101,0.009488866871757425,0.009790227785300056
8,YZt,71,101,0.008885702395249356,0.009837525542337515
8,YZt,72,101,0.00846600182205218,0.009983366277998913
8,YZt,73,102,0.00792039139896304,0.00982686003012834
8,YZt,74,102,0.007671735732167548,0.009985929176095327
8,YZt,75,103,0.007325908431606035,0.009892681279146751
8,YZt,76,103,0.007119256187103935,0.009978653373700823
8,YZt,77,104,0.006879706579085525,0.009935577256997273
8,YZt,78,105,0.006646392527347916,0.009831332236736684
8,YZt,79,106,0.006482695585770451,0.009799244666266657
8,YZt,80,106,0.006467936760732869,0.009966126783790323
8,YZt,81,107,0.006328910318545134,0.009938240031156544
8,YZt,82,108,0.006211817603536642,0.009868640015784698
8,YZt,83,108,0.0061898210241857895,0.009949443407872405
8,YZt,84,109,0.006113990423777447,0.00987289878979146
8,YZt,85,109,0.006174515070318029,0.009944771471964113
8,YZt,86,110,0.006152707100788143,0.009868866067840421
8,YZt,87,111,0.0061861044491004005,0.009840190698430694
8,YZt,88,112,0.00617528719289742,0.00981967988696759
8,YZt,89,113,0.006216961554582894,0.009844355872218649
8,YZt,90,114,0.006247835447129727,0.00983930719795089
8,YZt,91,115,0.00622290259993127,0.009833166859541598
8,YZt,92,116,0.006208116054253979,0.009785208375086287
8,YZt,93,116,0.006354885759164792,0.009970104402994368
8,YZt,94,117,0.006320113713582251,0.009988887438254662
8,YZt,95,118,0.0063158006882411966,0.009941217882494134
8,YZt,96,119,0.006328610276320699,0.009882382493272024
8,YZt,97,120,0.006315998961725355,0.009811250246568181
8,YZt,98,120,0.006403617966124368,0.009999017875743269
8,YZt,99,121,0.006381618291427968,0.00989584482170024
8,YZt,100,121,0.006499304038556205,0.009995864744877835
8,YZt,101,122,0.006473122246303644,0.009891817966949143
8,YZt,102,123,0.006445990361668779,0.009943109715950195
8,YZt,103,124,0.006435915320081598,0.009853333334475304
8,YZt,104,124,0.006602060774882957,0.009977429083067531
8,YZt,105,125,0.006629847134344622,0.009896949072870287
8,YZt,106,126,0.006676876967938309,0.009843903416000749
8,YZt,107,128,0.006588659820043426,0.009882848701916618
8,YZt,108,129,0.006677364996645885,0.009863558304052838
8,YZt,109,130,0.006784786853411933,0.009810331319466094
8,YZt,110,130,0.007006315009809069,0.009921040348222488
8,YZt,111,130,0.007183532850539147,0.009954022658013336
8,YZt,112,130,0.007306855458983621,0.009902789755469123
8,YZt,113,130,0.007353354188316404,0.009791154471435672
8,YZt,114,134,0.0066735742430124,0.009972529648790735
8,YZt,115,134,0.006573523566231181,0.009897539686285423
8,YZt,116,134,0.006491501574805347,0.009838053488364869
8,YZt,117,134,0.00642860774486076,0.00982522358625328
8,YZt,118,134,0.0063793286821514595,0.009843853185069262
8,YZt,119,134,0.0063488497445842425,0.009876813051205788
8,YZt,120,134,0.00632873529071196,0.009930483480029116
8,YZt,121,134,0.0062927790337041975,0.00998980413747168
8,YZt,122,135,0.006091202988183903,0.00982678045727836
8,YZt,123,135,0.006011859667437953,0.009838664779403615
8,YZt,124,135,0.005927529457875425,0.009844397534525295
8,YZt,125,135,0.005858903040286546,0.009843417839592392
8,YZt,126,135,0.005815215743277417,0.00984423010549451
8,YZt,127,135,0.005798762371008552,0.00984250152631744
8,YZt,128,135,0.005789635103585807,0.009825133076516774
8,YZt,129,135,0.0057952505254742605,0.009809799146303035
8,YZt,130,134,0.005942507830140453,0.00999054925334165
8,YZt,131,134,0.00595496138017439,0.009969249333411019
8,YZt,132,134,0.0059679122197152604,0.009941658969795522
8,YZt,133,134,0.0059775199816757526,0.00991509096066546
8,YZt,134,134,0.006001815060658972,0.009865886969806385
8,YZt,135,134,0.0060221600885902215,0.009825347255536694
8,YZt,136,133,0.006194579970738082,0.00999411905310817
8,YZt,137,133,0.0062376810613377675,0.009989702456691887
8,YZt,138,134,0.006168125702947275,0.009806612145596076
8,YZt,139,134,0.006271753572226718,0.0098475185912315
8,YZt,140,134,0.0063932897218037165,0.00992223064754914
8,YZt,141,135,0.006346917715162208,0.009804399199083444
8,YZt,142,135,0.006373412738460815,0.009831981372124
8,YZt,143,135,0.006334492167218056,0.009818792589004678
8,YZt,144,134,0.006389307819352932,0.009952393643182254
8,YZt,145,134,0.006288367986970611,0.009818108225687553
8,YZt,146,127,0.007196258130528352,0.00987599647896405
8,YZt,147,126,0.00720189465099764,0.00991365158016326
8,YZt,148,125,0.007207102194687628,0.009949818639760653
8,YZt,149,124,0.007205304724743958,0.009963661124267775
8,YZt,150,123,0.007185004723732723,0.009958439297311498
8,YZt,151,122,0.007148939893929873,0.0099494819333588
8,YZt,152,121,0.007127388349540354,0.009907642045076376
8,YZt,153,118,0.007457750940862146,0.009916867184410918
8,YZt,154,117,0.007476909292976057,0.009888350784827696
8,YZt,155,116,0.007504474122353936,0.009883098475204124
8,YZt,156,115,0.007485393145674446,0.009860760691436798
8,YZt,157,114,0.007459291629421145,0.009794977739263175
8,YZt,158,111,0.00771257901311641,0.009904023272683339
8,YZt,159,110,0.0075451924131256535,0.009806222834558093
8,YZt,160,108,0.007506523240838343,0.009989282293061513
8,YZt,161,108,0.007181504312537957,0.009804870679476847
8,YZt,162,106,0.00726306112411913,0.009970263182572903
8,YZt,163,106,0.007039622234072541,0.009846701925296512
8,YZt,164,105,0.006954446158477873,0.009957351489043947
8,YZt,165,105,0.006761386396110521,0.009849071938021885
8,YZt,166,104,0.006733006833398083,0.009846520132003852
8,YZt,167,103,0.006668646188697561,0.009956290511306797
8,YZt,168,103,0.0064970693439168215,0.009897601262966758
8,YZt,169,103,0.006375633485815473,0.009846584752702217
8,YZt,170,103,0.006251558579929046,0.00985785341166846
8,YZt,171,103,0.006219671450075092,0.009864786624259875
8,YZt,172,103,0.006292552642971424,0.009941148478864082
8,YZt,173,103,0.006317479055936172,0.009953051828082283
8,YZt,174,103,0.00639149919327639,0.00994645491653949
8,YZt,175,103,0.0065025878202645375,0.009995927249715705
8,YZt,176,103,0.006556655882460693,0.009923040324913522
8,YZt,177,103,0.006686058062046325,0.009907273340581939
8,YZt,178,103,0.006796721463698969,0.009781580359168048
8,YZt,179,102,0.0071212438077047574,0.009846286559677822
8,YZt,180,101,0.007516831251097408,0.009938499597075256
8,YZt,181,100,0.007970724946521523,0.009994617634147255
8,YZt,182,100,0.008446858980247043,0.009939289052343255
8,YZt,183,100,0.008940921226992067,0.009791608582175544
8,YZt,184,99,0.009940301895095822,0.009985255884014917
8,YZt,185,99,0.01085186693347269,0.009932727765049887
8,YZt,186,99,0.012243930414643079,0.009939010995379504
8,YZt,187,100,0.014220013156077778,0.00987866406054259
8,YZt,188,100,0.0168898647466647,0.009787099033290652
8,YZt,189,98,0.020477959220697305,0.009786118694075193
8,YZt,190,94,0.025103055358040922,0.009970747579222197
8,YZt,191,91,0.02828379425762578,0.00993190691342833
8,YZt,192,90,0.029450895167999938,0.009812751913264259
8,YZt,193,89,0.030272731135884932,0.009790478355475654
8,YZt,194,89,0.03073241613720955,0.009770604275177055
8,YZt,195,88,0.030854567275234047,0.009818497846247819
8,YZt,196,88,0.03097188250488539,0.009758281587625582
8,YZt,197,87,0.031123150322133187,0.009886051837219783
8,YZt,198,87,0.031322063757207814,0.00986522957472557
8,YZt,199,87,0.031431684452458857,0.009850225405135424
8,YZt,200,86,0.03146776774247879,0.009986014006141799
8,YZt,201,86,0.03172457984490497,0.009995651918725786
8,YZt,202,86,0.03189644436456436,0.009999861583676857
8,YZt,203,86,0.03143798839197605,0.009894410001954273
8,YZt,204,86,0.03156444402705507,0.009879282150560912
8,YZt,205,86,0.03174348251047301,0.009804477780723502
8,YZt,206,86,0.03200269547029206,0.009775600207652028
8,YZt,207,85,0.032126172322505454,0.009902616733394199
8,YZt,208,85,0.03217196968246914,0.009884707887709602
8,YZt,209,85,0.03212907343046625,0.009787060260252774
8,YZt,210,85,0.032184129645922085,0.009853826202150267
8,YZt,211,84,0.03231383856515571,0.009957558204855792
8,YZt,212,84,0.03232471682818443,0.009916610531047568
8,YZt,213,84,0.032380502250915516,0.009863124216961632
8,YZt,214,84,0.03240595479040157,0.009842083646681151
8,YZt,215,84,0.03233699075130975,0.0097930745114801
8,YZt,216,83,0.032768074624671614,0.009940536163621906
8,YZt,217,84,0.0319375669807098,0.009754935906697714
8,YZt,218,83,0.03171650445466157,0.009879997581241029
8,YZt,219,83,0.03144822397279057,0.009775479045913499
8,YZt,220,82,0.03184426251716019,0.009928175756701334
8,YZt,221,82,0.0315024945344992,0.009856245058712066
8,YZt,222,82,0.03111729684389467,0.009751703068178555
8,YZt,223,81,0.03128224117342009,0.009905734537909562
8,YZt,224,81,0.030941613085051133,0.009853642595289995
8,YZt,225,80,0.03182235177299118,0.009861628665899803
8,YZt,226,80,0.031421666568249323,0.009910037322952328
8,YZt,227,80,0.03077458864951028,0.009829416940088919
8,YZt,228,80,0.030198750944679435,0.009767113686373348
8,YZt,229,79,0.030477503870206875,0.009964792479989801
8,YZt,230,79,0.029890929683030032,0.009925784855970291
8,YZt,231,78,0.030616757504228063,0.009900313742296009
8,YZt,232,78,0.029986040401027373,0.009992921973541267
8,YZt,233,78,0.029372873019290178,0.009956760573810192
8,YZt,234,77,0.029813684295097675,0.009861998299540554
8,YZt,235,77,0.029123955818466416,0.009951101024678706
8,YZt,236,77,0.028368126677180215,0.009968261529092824
8,YZt,237,76,0.02892247803577032,0.009971492965874821
8,YZt,238,77,0.027494997088641462,0.009748852911294443
8,YZt,239,76,0.027783996887066814,0.009772800164401844
8,YZt,240,76,0.027216682671213584,0.009941975892819638
8,YZt,241,75,0.027185452873038182,0.009864241845624832
8,YZt,242,74,0.02733146881045125,0.009980690195930926
8,YZt,243,74,0.026650511444907758,0.009746435718467089
8,YZt,244,73,0.026060670190391107,0.009804155240128364
8,YZt,245,73,0.02529144980078564,0.009967630113588958
8,YZt,246,72,0.024940282662771512,0.00987036168732249
8,YZt,247,71,0.024758504095699563,0.00973807217566123
8,YZt,248,70,0.024412688515008715,0.009972550404411609
8,YZt,249,70,0.023273948750959998,0.009830575832727928
8,YZt,250,68,0.023491773150589007,0.009975300910735774
8,YZt,251,68,0.02253341558401961,0.00997959021760333
8,YZt,252,67,0.022214444923318175,0.009911761858510674
8,YZt,253,67,0.020146859556883258,0.009937733607403845
8,YZt,254,67,0.01997093163160416,0.00993511236522479
8,YZt,255,68,0.019497826193745637,0.009741218248434894
8,YZt,256,68,0.020152610929757675,0.009877335016626517
8,YZt,257,69,0.021528904121229216,0.009823646568873553
8,YZt,258,69,0.02565830304854797,0.009866275869086989
8,YZt,259,11,0.19061867327081547,0.00890995872464389
8,XZt,0,10,0.2174592464181073,0.009975201771945268
8,XZt,1,67,0.025012441872398306,0.009969872957045496
8,XZt,2,67,0.020594490495220927,0.009885698224824883
8,XZt,3,67,0.019122555773368466,0.00995843698786568
8,XZt,4,67,0.018673639431277374,0.009901256062940681
8,XZt,5,67,0.01881133309617995,0.009929666689133088
8,XZt,6,67,0.019393223601009337,0.009885190272605811
8,XZt,7,68,0.021225220289145662,0.00982140467722024
8,XZt,8,69,0.021879758985420873,0.009897741067720348
8,XZt,9,69,0.022428369751534647,0.009812633163392372
8,XZt,10,70,0.022572596785165884,0.009743501800860263
8,XZt,11,70,0.0237017655042236,0.009833636570857502
8,XZt,12,70,0.024647202128669637,0.009822426762309629
8,XZt,13,72,0.02446862733132781,0.009769275832521157
8,XZt,14,73,0.02480058341914297,0.009843445487328498
8,XZt,15,72,0.026373241840452748,0.009989598088928358
8,XZt,16,74,0.026514491257016656,0.00975217041440097
8,XZt,17,75,0.0268147796696574,0.009809662386422202
8,XZt,18,75,0.027433574834027967,0.00989825031210628
8,XZt,19,77,0.02694837826770274,0.009753860770797783
8,XZt,20,76,0.028343343885899416,0.009937379905440072
8,XZt,21,77,0.028067518127861353,0.009885336844703852
8,XZt,22,77,0.02883814064651843,0.009773346902534008
8,XZt,23,78,0.028354195623551667,0.009834729488608583
8,XZt,24,78,0.029424899988038756,0.009922854908448872
8,XZt,25,78,0.030072401042791883,0.009836108714653017
8,XZt,26,79,0.029529562285891472,0.009902201390660876
8,XZt,27,79,0.03016559857925506,0.009938152093468369
8,XZt,28,79,0.030639284726137733,0.009780405471239553
8,XZt,29,80,0.030132290065481106,0.009846682461506988
8,XZt,30,80,0.03056389888849221,0.009898915969252763
8,XZt,31,80,0.03089755915523799,0.009936764657744138
8,XZt,32,81,0.030776559414953893,0.009830942345030964
8,XZt,33,81,0.03135992116935817,0.00992004619783111
8,XZt,34,81,0.03179919200155901,0.009859486772381023
8,XZt,35,82,0.03077710723664504,0.009837359165282777
8,XZt,36,82,0.031116653628890236,0.00994358001606608
8,XZt,37,82,0.031470494610137414,0.009988159083968615
8,XZt,38,83,0.03124090889680405,0.009820741182085296
8,XZt,39,83,0.0316434295653861,0.009912037586203987
8,XZt,40,84,0.03142205202152435,0.009860020928757669
8,XZt,41,84,0.031940959874371753,0.009990947879023973
8,XZt,42,85,0.032280948534994795,0.009951076372396303
8,XZt,43,86,0.03186333800615535,0.00984129613095996
8,XZt,44,87,0.03151189060242215,0.009771371990302789
8,XZt,45,87,0.031682583102012114,0.009898408695322804
8,XZt,46,88,0.031233829576468308,0.009848302106467447
8,XZt,47,89,0.030694520750767514,0.00978565101064536
8,XZt,48,89,0.03084777542419619,0.009955655641461628
8,XZt,49,90,0.03093684792861047,0.009945286016511588
8,XZt,50,91,0.030493718776420868,0.009870211397711031
8,XZt,51,92,0.030006327741781105,0.009819919166532477
8,XZt,52,92,0.030142780276027552,0.009985946833087464
8,XZt,53,93,0.030218202439481236,0.009968580297975609
8,XZt,54,94,0.029648177004282385,0.009860940278628463
8,XZt,55,95,0.028987860193348574,0.009818137896735026
8,XZt,56,96,0.028552497206603553,0.009772041583220767
8,XZt,57,97,0.028520892809460477,0.009766881354718033
8,XZt,58,97,0.02849891321489748,0.00992685295546453
8,XZt,59,98,0.02780740415045472,0.009868632247580791
8,XZt,60,99,0.027724276506592746,0.009875002839929023
8,XZt,61,100,0.02690011257754855,0.009814051817895943
8,XZt,62,100,0.026665658941566295,0.009975329729966778
8,XZt,63,101,0.026216001270923203,0.009933613375136291
8,XZt,64,102,0.025248442029014984,0.009818444362176621
8,XZt,65,103,0.024870159333857503,0.009796901725057821
8,XZt,66,103,0.024522115975343088,0.009955547451598629
8,XZt,67,104,0.023864798043245778,0.009989946488824694
8,XZt,68,106,0.022176582149049103,0.009778628763209002
8,XZt,69,107,0.02114399026790348,0.009928883803797459
8,XZt,70,109,0.019317855802134905,0.009801398551238622
8,XZt,71,110,0.018011464493072508,0.009942616647926688
8,XZt,72,112,0.016646967735854716,0.009876614735922726
8,XZt,73,113,0.015502585076507827,0.009944367140752863
8,XZt,74,114,0.014566050264341521,0.009985342639134205
8,XZt,75,115,0.013718672762971682,0.009963977732165693
8,XZt,76,116,0.012807622894608265,0.009865364787221291
8,XZt,77,116,0.01233556410268051,0.009993617762326502
8,XZt,78,117,0.011540581069276988,0.009821070593508032
8,XZt,79,117,0.011122249733931378,0.009881760718233165
8,XZt,80,117,0.010706632278149374,0.00989740142781272
8,XZt,81,117,0.010337880437977263,0.009917369262672228
8,XZt,82,117,0.010049454873890327,0.00993709639477647
8,XZt,83,117,0.009709712547602842,0.009918845975266188
8,XZt,84,117,0.009496048825747089,0.009951875999669856
8,XZt,85,117,0.009247851506617992,0.009965017889483063
8,XZt,86,117,0.009075719955838748,0.00999007310692202
8,XZt,87,118,0.008767336238042886,0.009814243586125941
8,XZt,88,118,0.008596699573113271,0.00986819255727158
8,XZt,89,118,0.008518213922711862,0.009952047395034592
8,XZt,90,119,0.008325931798755126,0.009853146217244136
8,XZt,91,120,0.008196450870977581,0.009927063009231104
8,XZt,92,122,0.007951051280260217,0.00984500453822846
8,XZt,93,123,0.00786956174776093,0.009942023314738965
8,XZt,94,125,0.007546452381189257,0.00983515118830513
8,XZt,95,126,0.007389627615563289,0.00984422076053447
8,XZt,96,127,0.0072405967917185485,0.009802525172667113
8,XZt,97,127,0.007213406970805332,0.009941413752347845
8,XZt,98,128,0.007001348721208281,0.00991014949070209
8,XZt,99,128,0.006952862332961524,0.009983665751804312
8,XZt,100,129,0.006761486915818342,0.009829396272190115
8,XZt,101,129,0.006690716454843273,0.009870062659227493
8,XZt,102,130,0.006460747514666829,0.009817841963064542
8,XZt,103,130,0.006392589315463041,0.009849233057941569
8,XZt,104,130,0.006342168164342262,0.009867401686875842
8,XZt,105,130,0.006274483629875203,0.009878245382496658
8,XZt,106,130,0.0062046944600902135,0.009896982767829519
8,XZt,107,131,0.006004034422779033,0.009968433796292937
8,XZt,108,131,0.0059587982197494786,0.009998879487046367
8,XZt,109,132,0.005807758952239431,0.009806060226175145
8,XZt,110,132,0.0057654865806078745,0.009802841119606836
8,XZt,111,131,0.005840883252497005,0.009993259517701214
8,XZt,112,131,0.005795941887099118,0.009981282766688788
8,XZt,113,131,0.005762102161298322,0.009987179290763992
8,XZt,114,137,0.005071717985622714,0.00988610922049455
8,XZt,115,137,0.00505831883225314,0.009938611829273622
8,XZt,116,137,0.005044283402780305,0.009954205953633057
8,XZt,117,137,0.0050246246353335714,0.00995544465088858
8,XZt,118,137,0.0050000896218629805,0.009949738894537338
8,XZt,119,137,0.004975802878368734,0.00993831871158641
8,XZt,120,137,0.004956145586812808,0.0099280614761015
8,XZt,121,137,0.004942101393897668,0.009926974586404158
8,XZt,122,137,0.004934336894380436,0.009928702357063446
8,XZt,123,137,0.0049242077031391536,0.009921075893146563
8,XZt,124,137,0.004908759007836589,0.009919055039287287
8,XZt,125,137,0.00489520106190923,0.009924097132612737
8,XZt,126,137,0.004883847910939173,0.009942165964677412
8,XZt,127,137,0.004880133967951775,0.009958539372782509
8,XZt,128,137,0.004882502629293111,0.009979918226620093
8,XZt,129,138,0.004794958193702526,0.009810944728485841
8,XZt,130,138,0.0048091836411433405,0.00982071112859743
8,XZt,131,138,0.00482080531284767,0.009827493859480065
8,XZt,132,138,0.0048380310630713064,0.00983458839835164
8,XZt,133,138,0.0048627498552443246,0.009815834610189275
8,XZt,134,137,0.004992456565016305,0.00998834520694923
8,XZt,135,137,0.0050325784234610425,0.00998787663092323
8,XZt,136,137,0.005072141882661078,0.009981875686272757
8,XZt,137,137,0.0051070041545279304,0.009983060267920812
8,XZt,138,137,0.005144765356866081,0.009981617632336875
8,XZt,139,137,0.005176749373136468,0.009964291252551806
8,XZt,140,137,0.005207404110479211,0.009939627646574944
8,XZt,141,137,0.005239488564106698,0.009919397415579194
8,XZt,142,137,0.0052626237103522615,0.009888760119773002
8,XZt,143,137,0.00529260607725199,0.009861177390906216
8,XZt,144,137,0.005327974245980387,0.009836558801669575
8,XZt,145,136,0.005493038019363233,0.009976191194403338
8,XZt,146,131,0.006184510083426645,0.009864636638278948
8,XZt,147,131,0.0062921417034657555,0.009882376287351387
8,XZt,148,131,0.006416985462349152,0.009915566068872488
8,XZt,149,131,0.006557644463206097,0.009943773141064411
8,XZt,150,131,0.0066945726430802325,0.009961367628631526
8,XZt,151,131,0.006820031097986267,0.009955146638336784
8,XZt,152,131,0.006949643561626878,0.00991519920538397
8,XZt,153,130,0.007264340319301885,0.009831853497791915
8,XZt,154,129,0.00755769505250489,0.00999129623185267
8,XZt,155,129,0.007700812204351299,0.009951997709940543
8,XZt,156,129,0.007816042559875995,0.009903054508228374
8,XZt,157,129,0.007952947930260197,0.009853915670355182
8,XZt,158,128,0.008302488486818,0.009890421706115187
8,XZt,159,128,0.008482877701411993,0.009875714311167972
8,XZt,160,128,0.008659388159058581,0.009877984233265105
8,XZt,161,128,0.008855466283376709,0.00989774377859633
8,XZt,162,128,0.009131887028503705,0.009879614265822671
8,XZt,163,128,0.009374461688272146,0.009933249107605577
8,XZt,164,129,0.009410756986936988,0.009788903963602049
8,XZt,165,129,0.00965570830389803,0.009833098252525435
8,XZt,166,129,0.00991516464210526,0.009819762249759733
8,XZt,167,129,0.010088745057027509,0.009825812659424565
8,XZt,168,129,0.010241473651125859,0.009797148212099233
8,XZt,169,128,0.010644286739644621,0.009890553473817225
8,XZt,170,127,0.010920041216953676,0.00993001140161341
8,XZt,171,126,0.011129850587002017,0.009887045916588625
8,XZt,172,124,0.01155480800717978,0.009999521195766926
8,XZt,173,123,0.011517324153982397,0.00984351830564213
8,XZt,174,121,0.011663611972981078,0.009914213748264579
8,XZt,175,120,0.011562546942488544,0.009768303122178267
8,XZt,176,118,0.011581711256636288,0.009839373424282155
8,XZt,177,116,0.011721858580222202,0.009981099584281278
8,XZt,178,115,0.011499458249950061,0.00986121820473953
8,XZt,179,114,0.011346868392310258,0.00976698849483357
8,XZt,180,113,0.011315990827828479,0.009779609853238998
8,XZt,181,112,0.011311096601376105,0.009806253714210783
8,XZt,182,111,0.011490506996194229,0.009953138478791071
8,XZt,183,111,0.011417027193789333,0.009893673530132397
8,XZt,184,111,0.01150569667415264,0.009936584897934995
8,XZt,185,112,0.011355162708640815,0.009782609347877452
8,XZt,186,112,0.01151445791249428,0.009862164649592324
8,XZt,187,112,0.011807242855990814,0.009986249684027235
8,XZt,188,113,0.01180108995718582,0.009841613170089358
8,XZt,189,113,0.012148421780325424,0.009905041089304048
8,XZt,190,113,0.012541710157994488,0.00989810354397828
8,XZt,191,112,0.013025938224611006,0.009920225098159482
8,XZt,192,111,0.0134280779964748,0.009805490293776144
8,XZt,193,108,0.014129250180397391,0.009962718165567989
8,XZt,194,106,0.014499981036672339,0.009900212691084768
8,XZt,195,103,0.014907838381671281,0.009975662489989939
8,XZt,196,101,0.015093575282558096,0.009930518219173203
8,XZt,197,99,0.015202157564599713,0.009953925232707236
8,XZt,198,98,0.01527649925635187,0.009952093613504034
8,XZt,199,98,0.015261957786854723,0.009871772045767798
8,XZt,200,98,0.015138398386072597,0.009795457890688473
8,XZt,201,98,0.015214540820902272,0.00981270386661419
8,XZt,202,98,0.01534330729182253,0.009854073988188126
8,XZt,203,98,0.015267062342795576,0.009810250440383157
8,XZt,204,98,0.015279056783927037,0.009810996299980468
8,XZt,205,98,0.01536486579522291,0.00979433515260707
8,XZt,206,98,0.01545855440386727,0.009842963393139401
8,XZt,207,98,0.015401302435635042,0.00982370743816987
8,XZt,208,98,0.015466281581784315,0.009832622668003346
8,XZt,209,98,0.015551647563996567,0.009815996275667004
8,XZt,210,98,0.01564908005890469,0.009800126693830962
8,XZt,211,97,0.01605398059111616,0.00993548505197674
8,XZt,212,97,0.016281003984507002,0.009884745889946306
8,XZt,213,97,0.01670568997329794,0.00984941635783365
8,XZt,214,97,0.01730181089501281,0.009805931232030357
8,XZt,215,97,0.01812007602481491,0.009793182147840881
8,XZt,216,96,0.01955724983211633,0.009954133945042123
8,XZt,217,96,0.02078860319647007,0.009854667560169167
8,XZt,218,95,0.022239553031647007,0.009870756235206252
8,XZt,219,94,0.023985126650758436,0.00984745125194103
8,XZt,220,92,0.026179457973224213,0.009944607274617693
8,XZt,221,91,0.027387468760661993,0.00978530160441717
8,XZt,222,89,0.028930957739368393,0.009874889884788272
8,XZt,223,87,0.03003825048929807,0.009965866398952434
8,XZt,224,86,0.030152596777446097,0.009771089154905818
8,XZt,225,84,0.03139035055349229,0.009790292777555323
8,XZt,226,83,0.03142712014709359,0.009888176347173617
8,XZt,227,82,0.03126006812071051,0.009920548887958205
8,XZt,228,81,0.03104088509152685,0.009944482004865928
8,XZt,229,81,0.03056137135188423,0.00985898874462521
8,XZt,230,81,0.029889085491026732,0.009768092008876385
8,XZt,231,79,0.03117881753207899,0.009975550674638454
8,XZt,232,80,0.029983223878852903,0.009871859409913713
8,XZt,233,80,0.029169765599808765,0.009817590529559883
8,XZt,234,79,0.02974380583846211,0.009750975472837653
8,XZt,235,79,0.02906809027004486,0.00983891372643827
8,XZt,236,79,0.02807090057973474,0.009758129179006382
8,XZt,237,77,0.029172713056913525,0.009954360366021093
8,XZt,238,78,0.027790843094241433,0.009796936155366386
8,XZt,239,77,0.027927332943228373,0.009853039235941583
8,XZt,240,77,0.027238764081495944,0.009950827920203378
8,XZt,241,76,0.027208991514763598,0.009870390036269145
8,XZt,242,76,0.026653114517949415,0.009749877884331353
8,XZt,243,74,0.02712148227834987,0.009954735797621262
8,XZt,244,73,0.02649859730685163,0.009984397889038044
8,XZt,245,74,0.024995338882131197,0.009846049088799495
8,XZt,246,73,0.024721637264509096,0.009801020765808625
8,XZt,247,71,0.02495493231453638,0.009837246167552093
8,XZt,248,71,0.02414536740898417,0.009891957078450104
8,XZt,249,71,0.022918262977765586,0.009797291406485
8,XZt,250,70,0.022821215153438244,0.009856945051149523
8,XZt,251,70,0.021980159575649545,0.009832572769277532
8,XZt,252,69,0.02145825577587393,0.00980682399310126
8,XZt,253,68,0.019601971384596434,0.009892517767090417
8,XZt,254,68,0.018869537136678913,0.009942941250579504
8,XZt,255,68,0.018800953763969067,0.009966255627538232
8,XZt,256,69,0.018801811306329415,0.009773647713125564
8,XZt,257,68,0.020734373261557654,0.009981635680969018
8,XZt,258,69,0.024454106924125522,0.009770888693793162
8,XZt,259,11,0.19328352216472722,0.009138399574585732
9,XYt,0,153,0.00139005595704412,0.00982698328876115
9,XYt,1,153,0.0014271341530356385,0.009957067161179193
9,XYt,2,153,0.0014759452392359483,0.009918814286804481
9,XYt,3,152,0.0015370228480754184,0.009887841030595524
9,XYt,4,151,0.0016075671437032338,0.009944669639093455
9,XYt,5,152,0.0016204832499930127,0.009900711897260267
9,XYt,6,152,0.0016097913378489393,0.009844960153080997
9,XYt,7,151,0.0016146112415367766,0.009897091675349926
9,XYt,8,151,0.0016256921061800077,0.009872865323231419
9,XYt,9,151,0.0016565107422137765,0.009928377674951151
9,XYt,10,151,0.0017031424685150615,0.009983036308893902
9,XYt,11,152,0.001715310064987718,0.009816767937814537
9,XYt,12,152,0.0017260842341371176,0.009816933570572414
9,XYt,13,152,0.001732543060915511,0.009828861621440978
9,XYt,14,152,0.0017528404626748542,0.009845635486500054
9,XYt,15,152,0.0017669283078847488,0.009872778356234067
9,XYt,16,152,0.0017445525735131193,0.009875938571182503
9,XYt,17,153,0.0017446933223629363,0.009937577625232398
9,XYt,18,153,0.0017547680682894608,0.009939113811801207
9,XYt,19,153,0.0018117867474241101,0.009865041206642309
9,XYt,20,152,0.0018704997837413438,0.009955280937603925
9,XYt,21,152,0.0018686894439526186,0.009883161150243304
9,XYt,22,152,0.0018544317113942887,0.00983996702604676
9,XYt,23,152,0.0018321513764485253,0.009809001379503128
9,XYt,24,151,0.0018542572088942493,0.00998074718871115
9,XYt,25,151,0.001836306846120927,0.00996509635848563
9,XYt,26,151,0.0018214657510967796,0.009958469397039683
9,XYt,27,151,0.0018232463662519603,0.00996964681147852
9,XYt,28,151,0.001832983679127075,0.009976720331841443
9,XYt,29,151,0.001850269620890037,0.009987368502345762
9,XYt,30,151,0.0018693888648654824,0.009989208081502686
9,XYt,31,152,0.0018609613702441636,0.009803407530670522
9,XYt,32,151,0.0019446021173553732,0.009984702552877455
9,XYt,33,151,0.002012259182474655,0.009932636459755454
9,XYt,34,151,0.0021181680929893516,0.00984729664230172
9,XYt,35,150,0.0023257055543724364,0.009914049972732883
9,XYt,36,149,0.0026442834412844407,0.009947588537414238
9,XYt,37,148,0.0031570447471537576,0.009946166962888924
9,XYt,38,147,0.003941933392852534,0.009868517665862886
9,XYt,39,145,0.005267557968103853,0.009956657554639531
9,XYt,40,143,0.006997672924888634,0.009983217996745996
9,XYt,41,142,0.008613708360150163,0.009793860190574438
9,XYt,42,140,0.010391727937052099,0.009807106110588819
9,XYt,43,138,0.012406541657604549,0.00981671545952609
9,XYt,44,136,0.014605594713494962,0.009805085144730774
9,XYt,45,134,0.016997147288851495,0.009863035920454134
9,XYt,46,133,0.019153729185703915,0.009869927588761871
9,XYt,47,133,0.01985213866920447,0.009782526358817673
9,XYt,48,132,0.020143027835025647,0.009812293702707909
9,XYt,49,130,0.020902669350925586,0.009978020310886201
9,XYt,50,129,0.021299746923228745,0.009809658947863483
9,XYt,51,126,0.02260936050139227,0.00996877478428468
9,XYt,52,123,0.023618762294455437,0.009954687435124504
9,XYt,53,119,0.02458339555558857,0.009998891447585537
9,XYt,54,115,0.024835982251937734,0.009949837285411498
9,XYt,55,111,0.024513033214506864,0.009971214115524802
9,XYt,56,108,0.023291874810466358,0.009909568757457587
9,XYt,57,106,0.021729449555939483,0.009826501635168555
9,XYt,58,104,0.020704438550622463,0.009926114874685045
9,XYt,59,103,0.019902000203852927,0.009936418173591501
9,XYt,60,103,0.01936012735763569,0.009885580351215714
9,XYt,61,103,0.01928088324506441,0.009964061825841078
9,XYt,62,104,0.019001147741822648,0.009835044478944718
9,XYt,63,104,0.019376630786364923,0.009994009592064175
9,XYt,64,105,0.019328996503751816,0.00992991852728972
9,XYt,65,106,0.0191404909373669,0.009860721119620188
9,XYt,66,107,0.018840133307004927,0.009781863126332967
9,XYt,67,107,0.018849692643280246,0.009929562925631184
9,XYt,68,108,0.01827486306680779,0.009756623033881463
9,XYt,69,108,0.017984041835531067,0.009754585007312576
9,XYt,70,107,0.018139030926068077,0.009976787029137596
9,XYt,71,107,0.017822977870559017,0.009943052815837577
9,XYt,72,107,0.01764824605466421,0.009978721594577716
9,XYt,73,108,0.01706664549288946,0.009784900241911155
9,XYt,74,108,0.016962100186833633,0.009855915656180839
9,XYt,75,108,0.016854838304352762,0.009913564429654503
9,XYt,76,108,0.016632796156990582,0.009896393825389213
9,XYt,77,108,0.01634825273182347,0.009862678451427232
9,XYt,78,108,0.016212825283138423,0.009949843757447422
9,XYt,79,109,0.01572624398793796,0.009832637949437477
9,XYt,80,109,0.015458150075220426,0.009860004912262414
9,XYt,81,109,0.015223467888844135,0.009857059534071509
9,XYt,82,109,0.01510695859099571,0.009895825532036943
9,XYt,83,109,0.014997344497323246,0.009953094344790992
9,XYt,84,109,0.0148079132044756,0.009963667587324237
9,XYt,85,109,0.014613642044852345,0.009959161280800322
9,XYt,86,109,0.014438352980165206,0.009966352086185168
9,XYt,87,109,0.014146168875516433,0.009946008877722953
9,XYt,88,110,0.01360603904284552,0.009766046877446243
9,XYt,89,110,0.013491513501362492,0.009870952415940978
9,XYt,90,110,0.013403331987605108,0.009945452592195658
9,XYt,91,111,0.01307433698027384,0.009776197760085233
9,XYt,92,111,0.01302434444092574,0.009766312825267572
9,XYt,93,110,0.01330435880836643,0.009999458713394175
9,XYt,94,110,0.013237054946719147,0.009959076145049423
9,XYt,95,110,0.013174085584613372,0.009975073197457173
9,XYt,96,110,0.013043905756853866,0.009927085249957932
9,XYt,97,110,0.01285581207227881,0.009827769065207242
9,XYt,98,110,0.01268715991987892,0.009781391869308391
9,XYt,99,110,0.012597978621024658,0.009819444505132531
9,XYt,100,110,0.012570140832893808,0.00989309423192447
9,XYt,101,110,0.01253117373848156,0.00992123885726593
9,XYt,102,110,0.012434331491519514,0.009922051783381984
9,XYt,103,110,0.012340075564663417,0.009925991611314303
9,XYt,104,110,0.012223235090902502,0.009873896910799972
9,XYt,105,110,0.01211840908441189,0.009785912587097165
9,XYt,106,109,0.012322447988150168,0.009931165194225369
9,XYt,107,109,0.012309523375385548,0.009904085350882247
9,XYt,108,109,0.012325259197307295,0.009899351894278255
9,XYt,109,109,0.012316605957540932,0.009862737758448387
9,XYt,110,109,0.012324600797329485,0.00983703746902054
9,XYt,111,109,0.012393216180008944,0.00985369557711229
9,XYt,112,109,0.012443050842127773,0.009864903036677346
9,XYt,113,109,0.01253437792723136,0.009890415892793783
9,XYt,114,110,0.012421597729750407,0.009770574695165679
9,XYt,115,110,0.01261790995948047,0.009901044687394073
9,XYt,116,110,0.012842986757438609,0.009961539399388973
9,XYt,117,111,0.012806732562377373,0.009782607545478534
9,XYt,118,111,0.013086364627610557,0.00983612968020254
9,XYt,119,111,0.013345766649732128,0.009880815762480144
9,XYt,120,111,0.013503822163452741,0.009926941997181095
9,XYt,121,111,0.013484752454865962,0.009926118118437289
9,XYt,122,111,0.013377943347194299,0.009844271145338996
9,XYt,123,110,0.013605803130993684,0.00998959379140884
9,XYt,124,110,0.013567890867669555,0.00992560937700634
9,XYt,125,110,0.013626042069400044,0.009922631013450084
9,XYt,126,110,0.01372136807543221,0.009937244978516653
9,XYt,127,110,0.013906293141013163,0.009990856645406075
9,XYt,128,111,0.013855750599533702,0.009804917122587443
9,XYt,129,111,0.014107006830653131,0.009793856355091828
9,XYt,130,110,0.014591167221479807,0.009971990679376819
9,XYt,131,110,0.014680658090763138,0.009862329131277199
9,XYt,132,110,0.014857944011525867,0.009812564412809699
9,XYt,133,110,0.015070767803344643,0.009766100726970013
9,XYt,134,109,0.015580788331484598,0.009906093161815118
9,XYt,135,109,0.015741173499331865,0.00980312178769118
9,XYt,136,108,0.016375825815559984,0.009988293169615685
9,XYt,137,108,0.01646646764923456,0.009867332696354135
9,XYt,138,108,0.016553540539701823,0.009793376359983175
9,XYt,139,108,0.01674679728133627,0.00976977333308919
9,XYt,140,107,0.01719829780387776,0.009952980042212622
9,XYt,141,107,0.01712164878674512,0.009885536923742251
9,XYt,142,107,0.017068881236637003,0.009859232590866443
9,XYt,143,107,0.017080222840389982,0.009878156367471766
9,XYt,144,107,0.017070303108411573,0.009895519138969628
9,XYt,145,107,0.017025560339405884,0.009915735927095968
9,XYt,146,107,0.01699965353711629,0.009951237843735987
9,XYt,147,107,0.016940733080220406,0.009948975927733037
9,XYt,148,107,0.01687461372882425,0.009909930491659903
9,XYt,149,107,0.01679181627276218,0.009852357951754933
9,XYt,150,107,0.016718395482491575,0.00976363983015561
9,XYt,151,106,0.017019906700781105,0.009910210989032935
9,XYt,152,106,0.016927196708868213,0.009847498817661015
9,XYt,153,106,0.01688585307664296,0.009823867413368412
9,XYt,154,106,0.016921357170007072,0.009831521250670583
9,XYt,155,106,0.016929219947985394,0.009796293775428035
9,XYt,156,106,0.016974787267620056,0.009799219084326925
9,XYt,157,106,0.01689422328350749,0.009808616227480369
9,XYt,158,106,0.016666150095658798,0.00982378547517753
9,XYt,159,106,0.01655021296264091,0.009935584818542582
9,XYt,160,107,0.01596374430487498,0.009788297710182125
9,XYt,161,107,0.01573371631804549,0.009823456076754014
9,XYt,162,107,0.015441050768350464,0.009816660247690612
9,XYt,163,107,0.015153082739339168,0.00979023882618348
9,XYt,164,107,0.01490607591308834,0.009782480828165682
9,XYt,165,107,0.014704844528652799,0.009777554037206976
9,XYt,166,106,0.01475479878614793,0.009947347936047096
9,XYt,167,106,0.01433550733152823,0.009844076535526224
9,XYt,168,105,0.014243790994824057,0.009962518713174285
9,XYt,169,105,0.013895880347677608,0.009816145833387782
9,XYt,170,104,0.013991803084846635,0.009995496840383786
9,XYt,171,105,0.013596430800906237,0.009803213751857817
9,XYt,172,105,0.013561964662790374,0.009874331688869543
9,XYt,173,105,0.013520602565717004,0.009938525283319092
9,XYt,174,105,0.013475759186414683,0.009972887177541547
9,XYt,175,105,0.01342362495143242,0.009961648216786096
9,XYt,176,105,0.013281907712860965,0.00986231389584889
9,XYt,177,105,0.013208997611928593,0.009838547900688631
9,XYt,178,105,0.01315310640384862,0.009872316874786407
9,XYt,179,105,0.01310808843635109,0.00989884990894452
9,XYt,180,105,0.012959328466285799,0.00986073962276835
9,XYt,181,105,0.01280275485643598,0.009788809750478513
9,XYt,182,105,0.012728284897191503,0.009778198902663125
9,XYt,183,105,0.012668010939036786,0.009765807298414792
9,XYt,184,104,0.012889598102816034,0.009966620227088429
9,XYt,185,104,0.012857148813377458,0.009938472368041585
9,XYt,186,104,0.012828596142299153,0.009896449134640769
9,XYt,187,104,0.01281034215985007,0.009891587789305593
9,XYt,188,104,0.012833808427149089,0.009952582129601827
9,XYt,189,105,0.012642532758916315,0.00979616613955806
9,XYt,190,105,0.012730495958216572,0.009838429540094933
9,XYt,191,105,0.01283496159587422,0.00987902444315213
9,XYt,192,105,0.012921870213830766,0.009889252539663973
9,XYt,193,105,0.012987403704538178,0.009876350438719818
9,XYt,194,105,0.0130822791659684,0.009880677813104286
9,XYt,195,105,0.013220321961732168,0.009898527887671238
9,XYt,196,105,0.013406945663261605,0.009922976588394583
9,XYt,197,106,0.01333027964230164,0.009774214325716308
9,XYt,198,106,0.013607944371549422,0.009867507269409203
9,XYt,199,106,0.013898157222047708,0.009983727027645101
9,XYt,200,107,0.013725472483678294,0.009799454560822127
9,XYt,201,107,0.013668245736866078,0.009785654300958617
9,XYt,202,106,0.013855038397805027,0.009969790527157536
9,XYt,203,106,0.013771463960618466,0.009903628037519046
9,XYt,204,106,0.013712254300074516,0.009791614532452343
9,XYt,205,106,0.013805793467899135,0.009799616652981869
9,XYt,206,106,0.013999398341669541,0.009854546203667864
9,XYt,207,106,0.014321573587529668,0.00992664467349925
9,XYt,208,106,0.014665394076634123,0.009978913040763844
9,XYt,209,107,0.014662455607999638,0.0098167701244038
9,XYt,210,107,0.014824335378046005,0.009809027639317609
9,XYt,211,107,0.014971139936613547,0.009799473179652449
9,XYt,212,107,0.015145030331659343,0.009801997893982051
9,XYt,213,107,0.01541368463195767,0.009822836581142523
9,XYt,214,107,0.015649182349386226,0.009826785606129325
9,XYt,215,107,0.015953055281532385,0.009825687357545564
9,XYt,216,107,0.016302989881724246,0.009824751756082932
9,XYt,217,107,0.016589128885401615,0.009792504527874838
9,XYt,218,107,0.016954033646863077,0.009788991754067273
9,XYt,219,107,0.017353870718131627,0.009789539389034665
9,XYt,220,107,0.01773758799608645,0.009848998927258119
9,XYt,221,107,0.01797100088475077,0.009890874902135633
9,XYt,222,107,0.01821292909333069,0.009970033278150043
9,XYt,223,108,0.017990966606014715,0.009764179543961192
9,XYt,224,108,0.01813007620908418,0.009781600892979098
9,XYt,225,108,0.018168581357497444,0.009757902290013203
9,XYt,226,107,0.01862267718103611,0.009939809202375941
9,XYt,227,107,0.01861928436570783,0.009833104567509425
9,XYt,228,106,0.019154504788205497,0.009994021405016611
9,XYt,229,106,0.019231140732413936,0.009886965044755641
9,XYt,230,106,0.01933402305687783,0.009823855395809851
9,XYt,231,106,0.019408372611937817,0.009765777625373406
9,XYt,232,105,0.019890120946538508,0.00991583334105919
9,XYt,233,105,0.019826851917295503,0.009779013842001482
9,XYt,234,104,0.020187325019632104,0.009822094664615581
9,XYt,235,103,0.02049021931505434,0.009829673998323256
9,XYt,236,102,0.02073516412772917,0.009812999174011123
9,XYt,237,101,0.020873094328514506,0.009811699208052561
9,XYt,238,100,0.021172769999005376,0.009933803915690903
9,XYt,239,100,0.021095241317901012,0.009899964433691191
9,XYt,240,100,0.021095978212300807,0.009886467315622318
9,XYt,241,100,0.021066361904824225,0.009873549074559704
9,XYt,242,100,0.0210508104247999,0.009879685498436392
9,XYt,243,100,0.021019351351758857,0.009877706546062712
9,XYt,244,100,0.02098577891684237,0.009843302964364255
9,XYt,245,100,0.020982266635147254,0.009820781695602602
9,XYt,246,100,0.02093285011187618,0.009814434022721091
9,XYt,247,100,0.02096882803328498,0.00984041748192314
9,XYt,248,100,0.02111135521140143,0.009920350133277014
9,XYt,249,100,0.02122554937526829,0.009989902670915414
9,XYt,250,101,0.020828483085387803,0.009793396634225024
9,XYt,251,101,0.02085673163894605,0.009811816797249606
9,XYt,252,101,0.02087026225565605,0.009847370210635234
9,XYt,253,101,0.02080759955016595,0.009858566353828521
9,XYt,254,101,0.020689456274679354,0.00984553846808348
9,XYt,255,101,0.02039914217476796,0.00980374033957987
9,XYt,256,100,0.020049036390225355,0.009945939276290078
9,XYt,257,100,0.01867214200795629,0.009883831158809354
9,XYt,258,100,0.016182534047420864,0.009878098782782504
9,XYt,259,99,0.01368909310063791,0.009973719029923635
9,XYt,260,99,0.012197792134882191,0.009786855739727084
9,XYt,261,99,0.011775236917049965,0.009816341543600301
9,XYt,262,99,0.01165987838055655,0.009843565189447765
9,XYt,263,99,0.011663677337375956,0.00988648142824389
9,XYt,264,99,0.01164380303312465,0.009896981605936283
9,XYt,265,99,0.011642121407214713,0.00990986226136868
9,XYt,266,99,0.011601189123830399,0.009887076311200465
9,XYt,267,99,0.011622730743749712,0.009882565488605053
9,XYt,268,99,0.011646234212358888,0.009904699764740168
9,XYt,269,100,0.011457559352280135,0.009845038099496578
9,XYt,270,100,0.011471663707931576,0.009866194904706064
9,XYt,271,100,0.01149080906892018,0.009855553028432303
9,XYt,272,100,0.011481845710836708,0.009794659581955365
9,XYt,273,100,0.011507481973485981,0.009793810329183339
9,XYt,274,100,0.011548177917993918,0.009814250850592152
9,XYt,275,100,0.011613001533085076,0.009844913821003077
9,XYt,276,100,0.011628064737264876,0.009835612464974528
9,XYt,277,100,0.01161783418526255,0.009850559278302237
9,XYt,278,100,0.011605431070144534,0.009829998275183877
9,XYt,279,100,0.011591348512278677,0.009803786318869866
9,XYt,280,99,0.01179770981062467,0.009951261031914564
9,XYt,281,99,0.01176674801086313,0.009908253298268556
9,XYt,282,99,0.011751040613839029,0.009860592140828758
9,XYt,283,99,0.011820586230571306,0.009896302727124563
9,XYt,284,99,0.011867232410494291,0.009923627685950967
9,XYt,285,99,0.01189466449828878,0.00995382865363654
9,XYt,286,99,0.011898739250995018,0.009942462901309124
9,XYt,287,99,0.011896993013812978,0.009932012968032313
9,XYt,288,99,0.011902266052419971,0.009911453637690098
9,XYt,289,99,0.011910981542526953,0.009876885623513765
9,XYt,290,99,0.011877788108718463,0.009824837509604605
9,XYt,291,99,0.011875455326333396,0.009807578867834467
9,XYt,292,99,0.011859447401736788,0.009799198274504062
9,XYt,293,98,0.012101808605027924,0.009992653157491016
9,XYt,294,98,0.012087062682201203,0.009989740980399668
9,XYt,295,99,0.011866805075034544,0.009801246734868697
9,XYt,296,99,0.011851468718256491,0.009817135824605826
9,XYt,297,99,0.011887193393901284,0.00978274029518865
9,XYt,298,98,0.0121085435247088,0.009967946826145739
9,XYt,299,98,0.012157308464164858,0.009994610960996029
9,XYt,300,99,0.011916805538257962,0.009808562064264241
9,XYt,301,99,0.011978594697483013,0.009859252729683715
9,XYt,302,99,0.011975095042186369,0.009910965801608987
9,XYt,303,99,0.01199373882312383,0.009902182810150144
9,XYt,304,99,0.011974775377303779,0.009888847178789305
9,XYt,305,99,0.011974251544076145,0.009831456297034632
9,XYt,306,99,0.011964383262444438,0.009798343938363398
9,XYt,307,98,0.012205785067100254,0.009965690856501652
9,XYt,308,98,0.012226163744020798,0.009976974747359896
9,XYt,309,98,0.012223900888789859,0.009973514570697962
9,XYt,310,99,0.01201022372119135,0.009799385561318938
9,XYt,311,99,0.012003865237212552,0.00979640716727379
9,XYt,312,99,0.012005611374398503,0.009821245052191379
9,XYt,313,99,0.012021971144702272,0.00983318097069807
9,XYt,314,99,0.012088793372981561,0.009863235596903957
9,XYt,315,99,0.01209677183921115,0.00978896982610334
9,XYt,316,98,0.012383966841611424,0.009997801906429363
9,XYt,317,98,0.012379827095913934,0.009971061271164153
9,XYt,318,98,0.01241934469214664,0.009983326040320983
9,XYt,319,98,0.01238348780976524,0.009917982157938958
9,XYt,320,98,0.01243869354432586,0.009897604051335714
9,XYt,321,98,0.012481037526818308,0.00990350124310823
9,XYt,322,98,0.012589608734881581,0.009945420757262062
9,XYt,323,98,0.012652928831108069,0.009889802761978003
9,XYt,324,99,0.0130438680381979,0.00979170934492773
9,XYt,325,101,0.015748707770450683,0.009878255781758485
9,XYt,326,100,0.01988645499187992,0.009883439692545938
9,XYt,327,100,0.021471464237505185,0.009900309715754065
9,XYt,328,100,0.022216598902787443,0.009964603609065127
9,XYt,329,100,0.02265383772644811,0.009999064260445783
9,XYt,330,100,0.02288376864153654,0.009988617669387788
9,XYt,331,100,0.02304351197315465,0.00998117623711914
9,XYt,332,100,0.023065076788148547,0.009940077519426964
9,XYt,333,100,0.023079365426513954,0.009912193196876725
9,XYt,334,100,0.02303350610850186,0.009873954519994461
9,XYt,335,100,0.023127250284089167,0.009891216703765728
9,XYt,336,100,0.023109878704968275,0.009912345324829937
9,XYt,337,100,0.023142663246653948,0.009937416163363341
9,XYt,338,100,0.02314944293223518,0.009959536300507584
9,XYt,339,101,0.022898012054799802,0.009850431256013023
9,XYt,340,102,0.02275402590830966,0.009890982869323588
9,XYt,341,103,0.02258299998673712,0.00992277541007846
9,XYt,342,104,0.0223350727797013,0.009895613498199504
9,XYt,343,105,0.022216570570493716,0.009985737634109069
9,XYt,344,106,0.021832464344980974,0.00997398858686555
9,XYt,345,107,0.021426121623874368,0.009900969349890515
9,XYt,346,107,0.021262825885613963,0.009967808467526925
9,XYt,347,108,0.020817117231314172,0.009844363815326228
9,XYt,348,108,0.0207773882853442,0.009942840709703025
9,XYt,349,109,0.02042658871898014,0.009828127803959709
9,XYt,350,109,0.0204063260170942,0.009892169345655595
9,XYt,351,109,0.020542843987582167,0.00998809599324749
9,XYt,352,110,0.02026866554629828,0.0099523567465671
9,XYt,353,111,0.019940230495907214,0.009902868330491553
9,XYt,354,111,0.019829332956403222,0.009985114233549636
9,XYt,355,112,0.01951894785534136,0.009846195776405168
9,XYt,356,112,0.01936978167874766,0.009871455276304992
9,XYt,357,112,0.019125056225852227,0.009884374625101812
9,XYt,358,111,0.018818940951504267,0.009998578552105456
9,XYt,359,111,0.018341329485751838,0.009935901318063323
9,XYt,360,111,0.01794787305340173,0.009989766227928366
9,XYt,361,112,0.01733206606867928,0.009800022419233303
9,XYt,362,111,0.017146175603577004,0.009954513312788316
9,XYt,363,111,0.01692373175559889,0.009938222906509857
9,XYt,364,111,0.01639017734292245,0.00988141858951732
9,XYt,365,111,0.016253425510439345,0.009900461484279515
9,XYt,366,111,0.01597154424373571,0.009840565811548607
9,XYt,367,111,0.015836707133240233,0.009786345242233437
9,XYt,368,111,0.01580062587699298,0.00984500266938418
9,XYt,369,111,0.01580285812938108,0.009922428205648533
9,XYt,370,112,0.015480482862319648,0.009786903443288177
9,XYt,371,112,0.015487324290888694,0.009844669074996884
9,XYt,372,112,0.01539043772887048,0.009869121244094139
9,XYt,373,112,0.015352662443617607,0.009922675901016566
9,XYt,374,113,0.015032976383238274,0.00979258124783109
9,XYt,375,113,0.014895715657477058,0.009812967456235226
9,XYt,376,112,0.014797994193734546,0.009881427821717543
9,XYt,377,111,0.014595453823644728,0.009926038646202165
9,XYt,378,111,0.014199605606165115,0.009787204463845223
9,XYt,379,110,0.01426381017772015,0.009944213652474452
9,XYt,380,110,0.014140572505625676,0.00989683791742123
9,XYt,381,110,0.01408271043971147,0.00992864251751981
9,XYt,382,110,0.014109518945425439,0.009992936165968518
9,XYt,383,111,0.01378407717716992,0.009781982171372253
9,XYt,384,111,0.01376414651831984,0.009789259271272211
9,XYt,385,110,0.013736497162141186,0.00993017684391344
9,XYt,386,110,0.013509163190358747,0.009863810120216625
9,XYt,387,110,0.013441081264033082,0.009872270127523676
9,XYt,388,110,0.01348322680202257,0.009903755372152594
9,XYt,389,110,0.013470942044297768,0.009901476105510678
9,XYt,390,110,0.013486810845258476,0.009874977298982752
9,XYt,391,110,0.013458550960120842,0.009849714845261993
9,XYt,392,110,0.013416679339094514,0.009805603970180477
9,XYt,393,109,0.013649746698390277,0.00999224017627952
9,XYt,394,109,0.013683127254215575,0.009995245580752285
9,XYt,395,109,0.013709224199479748,0.009944216890322967
9,XYt,396,109,0.013825099464654232,0.009926140824673312
9,XYt,397,109,0.013908122001034607,0.009928140391629234
9,XYt,398,110,0.013698935811978607,0.009779275595984538
9,XYt,399,110,0.013670469252891875,0.009796205580862806
9,XYt,400,110,0.013695483174546687,0.009833754521394603
9,XYt,401,110,0.013674202233918508,0.009843709655584239
9,XYt,402,110,0.01366542555004474,0.009864542371311463
9,XYt,403,110,0.01364089819754113,0.009842450820899174
9,XYt,404,110,0.013629381598593834,0.009809096570996143
9,XYt,405,110,0.01363919272543504,0.00980514042174458
9,XYt,406,110,0.013736405865090711,0.009847686820672174
9,XYt,407,110,0.01389730864615997,0.009927849049680543
9,XYt,408,111,0.013769816100870679,0.009781290921894179
9,XYt,409,111,0.013993887916245768,0.009847902611008645
9,XYt,410,111,0.014180301746340548,0.009916605583447593
9,XYt,411,111,0.01415296654444697,0.009883471184164189
9,XYt,412,111,0.014211442841969006,0.009911220280695956
9,XYt,413,111,0.01431394389978077,0.009961829217348337
9,XYt,414,112,0.014176412069488541,0.009812554568936848
9,XYt,415,112,0.014351498751810979,0.009876123859363655
9,XYt,416,112,0.014572993729836881,0.009916822579770139
9,XYt,417,113,0.014663226335817034,0.009837950628778108
9,XYt,418,113,0.014918183918401294,0.009930353554553035
9,XYt,419,113,0.015033918122022339,0.009834956086238394
9,XYt,420,112,0.015298733927977285,0.009818781033693696
9,XYt,421,111,0.015630724073229706,0.009913795566281813
9,XYt,422,111,0.015757744530303458,0.009882918980380432
9,XYt,423,111,0.01582902498979681,0.009837476058121086
9,XYt,424,110,0.0161740031939283,0.00997914965457058
9,XYt,425,110,0.016233285441730656,0.009929085167184685
9,XYt,426,110,0.016202867072012968,0.00983897878667516
9,XYt,427,110,0.016276029705151306,0.009840976978306909
9,XYt,428,110,0.01648802514459514,0.009899750320240455
9,XYt,429,110,0.01665755977736107,0.009900764472341358
9,XYt,430,110,0.016746102487484593,0.009845776652039106
9,XYt,431,110,0.017035927441346955,0.00990123600955693
9,XYt,432,110,0.017480176683678936,0.009992048985439348
9,XYt,433,111,0.01752598350664278,0.009832321946377955
9,XYt,434,111,0.017951294238293586,0.009819300228502224
9,XYt,435,110,0.01860214478289168,0.00991751574568917
9,XYt,436,110,0.01904444906659587,0.009909379220792276
9,XYt,437,110,0.01945134696322441,0.009932745593796416
9,XYt,438,110,0.019634251282642377,0.009901125444225332
9,XYt,439,110,0.01974926631381133,0.009845796818379462
9,XYt,440,110,0.019837954105617873,0.009773874471912868
9,XYt,441,109,0.020445279916822524,0.009940080218756874
9,XYt,442,109,0.020458340614034325,0.009795810612852287
9,XYt,443,108,0.020834539157488976,0.009855969559166575
9,XYt,444,107,0.021275294403679746,0.00998896687094222
9,XYt,445,107,0.021279935315915335,0.009890807082947577
9,XYt,446,107,0.021254077152864252,0.009786026647595581
9,XYt,447,106,0.0218342540740581,0.009930677786080621
9,XYt,448,106,0.02187474014114474,0.009802435861067216
9,XYt,449,105,0.022430180156754614,0.009862116377272823
9,XYt,450,104,0.022902550495044884,0.009886189944240203
9,XYt,451,103,0.023307434503686407,0.009856344694003349
9,XYt,452,101,0.024010753520026382,0.009974293107501161
9,XYt,453,100,0.02426064146541397,0.00992398133731777
9,XYt,454,99,0.02432973593970513,0.009812197448427417
9,XYt,455,98,0.024493322819341513,0.009797109400582801
9,XYt,456,97,0.02492512339876812,0.009943128374181815
9,XYt,457,97,0.02499096154268376,0.009953721368131604
9,XYt,458,97,0.025041219997710126,0.009994020868064531
9,XYt,459,98,0.02460926369051736,0.009819457074587057
9,XYt,460,98,0.024592266445320116,0.00983441971098995
9,XYt,461,98,0.02445416270513243,0.009799820907189564
9,XYt,462,97,0.02478693772191553,0.009964689774656076
9,XYt,463,97,0.02465479142591839,0.009927071735633333
9,XYt,464,97,0.02436595593468132,0.009887158810390166
9,XYt,465,97,0.02360770968156426,0.009824182049670678
9,XYt,466,96,0.022557913044025248,0.009969408895576138
9,XYt,467,96,0.019485215874587354,0.009999199503209604
9,XYt,468,96,0.015831984097348862,0.009935650711765276
9,XYt,469,95,0.013965845586144809,0.00991561036990948
9,XYt,470,95,0.013248332214787013,0.009801877997080698
9,XYt,471,94,0.013171576601795725,0.00992507465679029
9,XYt,472,94,0.013143739872461912,0.009971705461981369
9,XYt,473,95,0.012896270605086062,0.009830077432052423
9,XYt,474,95,0.012950346620517217,0.009886137291650884
9,XYt,475,95,0.012961469859998315,0.009882010519020061
9,XYt,476,95,0.013027128736485075,0.009906819037539052
9,XYt,477,95,0.012955827009822994,0.009872390256670971
9,XYt,478,95,0.012931025901749433,0.009868178340809188
9,XYt,479,95,0.01288342164203201,0.009819774584601829
9,XYt,480,95,0.012881505098019394,0.009797991229155738
9,XYt,481,94,0.013095203695905337,0.009953092727310832
9,XYt,482,94,0.01306174203409209,0.009932553798025356
9,XYt,483,94,0.01301069995828023,0.009919315261803922
9,XYt,484,94,0.01301640553993896,0.00994608872992971
9,XYt,485,94,0.012994962981436585,0.00993877959669142
9,XYt,486,94,0.013017454559868687,0.009984364489084966
9,XYt,487,95,0.012746990180805752,0.009798775496954716
9,XYt,488,95,0.012752938666065881,0.009824152006708919
9,XYt,489,95,0.012725248100758953,0.009812729569648123
9,XYt,490,95,0.012708307429068208,0.009796893586967207
9,XYt,491,94,0.012952959958166945,0.00997622170163725
9,XYt,492,94,0.012937291737617564,0.009980848269445435
9,XYt,493,94,0.01295487460394803,0.009995938676938283
9,XYt,494,95,0.012688582193828325,0.009786954436492912
9,XYt,495,94,0.012963154871431294,0.009990421566987944
9,XYt,496,94,0.012931126431771774,0.009967030501012957
9,XYt,497,94,0.012926187032932294,0.00995624415832304
9,XYt,498,94,0.012915957299947847,0.009935663674315021
9,XYt,499,94,0.01290432189070139,0.00990688187204071
9,XYt,500,94,0.012853205718323801,0.009850074419148244
9,XYt,501,94,0.012822345587656478,0.009790900943209446
9,XYt,502,93,0.013046200075449963,0.009950140387909218
9,XYt,503,93,0.01306140501050974,0.009945178484683003
9,XYt,504,93,0.013022588689226764,0.009918486962257965
9,XYt,505,93,0.013019628433832826,0.009909473989578085
9,XYt,506,93,0.01302684453073554,0.009903665967155563
9,XYt,507,93,0.013064484621288291,0.009945401872083807
9,XYt,508,93,0.013078470651325082,0.009973405344709745
9,XYt,509,94,0.012850997315381084,0.009841435567117782
9,XYt,510,94,0.012878014076175021,0.00989028730125056
9,XYt,511,94,0.012894901348259382,0.009933042734860698
9,XYt,512,94,0.012872173717908749,0.009932550016099679
9,XYt,513,94,0.012886658755517486,0.009977636842748213
9,XYt,514,94,0.012873679421541035,0.009985319530100858
9,XYt,515,95,0.012621126768087106,0.009786825582183445
9,XYt,516,94,0.01284115752474391,0.009949878814235527
9,XYt,517,94,0.012818125206105965,0.009920513495697517
9,XYt,518,94,0.01279833766175337,0.009883261057157266
9,XYt,519,94,0.012792934163662293,0.009884217723316336
9,XYt,520,94,0.012764986742431832,0.009862792168245867
9,XYt,521,94,0.012743859227210918,0.009852231586877327
9,XYt,522,93,0.012978386697249988,0.009993506454718557
9,XYt,523,93,0.012956452926008033,0.009945818416830832
9,XYt,524,93,0.012899996109235657,0.009899362736013273
9,XYt,525,93,0.01283868107969285,0.00988754361659575
9,XYt,526,93,0.012776735017746399,0.009858593025947625
9,XYt,527,93,0.01266926198087595,0.009815953399430173
9,XYt,528,92,0.012805329598305768,0.009949683033976094
9,XYt,529,92,0.012761971368148979,0.009897283073927572
9,XYt,530,92,0.012833647463197628,0.00988492620469044
9,XYt,531,92,0.013024911584045184,0.009927823644689771
9,XYt,532,93,0.013201658526853045,0.009820884422770158
9,XYt,533,94,0.01398433010183976,0.009865925122242157
9,XYt,534,96,0.015786967901215296,0.009811253450160073
9,XYt,535,96,0.019325873387815447,0.00989871546362615
9,XYt,536,95,0.022247045995463958,0.009857040479601321
9,XYt,537,95,0.023848380125962534,0.009904725770835175
9,XYt,538,96,0.02430759929067057,0.00981912425186375
9,XYt,539,96,0.02507735396933391,0.009980415443150625
9,XYt,540,98,0.024913886768686163,0.00987759952031949
9,XYt,541,100,0.02438902983254867,0.009839501824181578
9,XYt,542,100,0.024290761343834573,0.009970682379266056
9,XYt,543,100,0.02403939536687598,0.009994322630586163
9,XYt,544,101,0.02338418829185416,0.009825816248371408
9,XYt,545,101,0.02344035521832468,0.009966896975395257
9,XYt,546,103,0.022955211196780068,0.009946896388175542
9,XYt,547,106,0.022109632148003714,0.009898006884940762
9,XYt,548,108,0.021198649526198605,0.009854114364663264
9,XYt,549,109,0.02054050150443007,0.009822604943118525
9,XYt,550,109,0.02029642223376976,0.009936641757934411
9,XYt,551,110,0.019697765152255253,0.00980466481031251
9,XYt,552,110,0.019590755659845697,0.009878932641508782
9,XYt,553,110,0.019466402104658744,0.009934047005867959
9,XYt,554,110,0.019370816317009872,0.00997484132881456
9,XYt,555,110,0.019266492774655697,0.009997194288067064
9,XYt,556,111,0.018766331514054206,0.009794098535475523
9,XYt,557,110,0.019000888459142763,0.009986302960276802
9,XYt,558,110,0.01874790615576839,0.009934825934766566
9,XYt,559,110,0.01830497972286918,0.009794031689904613
9,XYt,560,108,0.018230318593464266,0.009954490132185663
9,XYt,561,106,0.017930644159162974,0.009972848434989318
9,XYt,562,106,0.01747097327344523,0.00978775329534913
9,XYt,563,107,0.01729504172370146,0.00979329197484998
9,XYt,564,108,0.017244714000885605,0.009962811734450735
9,XYt,565,110,0.016691428096679135,0.009909292574252115
9,XYt,566,111,0.016154748010697027,0.009900995907780933
9,XYt,567,111,0.01583856131157343,0.009953566098619368
9,XYt,568,111,0.015467106367066523,0.009925027076649363
9,XYt,569,111,0.015044087500024042,0.009820176239189526
9,XYt,570,110,0.014815768395338312,0.009856213480103538
9,XYt,571,109,0.014503640999877354,0.009787355793087127
9,XYt,572,107,0.014586984680213275,0.009930373549136853
9,XYt,573,106,0.01463030230430426,0.009980902035376384
9,XYt,574,106,0.014593844511535812,0.009917892881189506
9,XYt,575,106,0.014666097619110446,0.009899528613078452
9,XYt,576,106,0.014881124597451181,0.009972553556187296
9,XYt,577,107,0.014773051395923519,0.009863949393556037
9,XYt,578,107,0.014912162920162179,0.009941867014321362
9,XYt,579,107,0.015031601969495557,0.009983961914884192
9,XYt,580,107,0.015066975515163507,0.00996633970199326
9,XYt,581,107,0.014984200531191426,0.009929625075775574
9,XYt,582,107,0.014986512611055944,0.009979402932678537
9,XYt,583,108,0.014627400498802961,0.00981167787776814
9,XYt,584,108,0.01453004357717384,0.009844054185133363
9,XYt,585,108,0.014396037676992615,0.009879867457411097
9,XYt,586,108,0.014193997623046406,0.009923265910273718
9,XYt,587,109,0.013833360737897248,0.009893741872066097
9,XYt,588,110,0.013395428810333697,0.009904182337613678
9,XYt,589,110,0.013063134025509394,0.009960401055060422
9,XYt,590,110,0.012680389553749517,0.009963864708532503
9,XYt,591,110,0.012422649591762168,0.009957576451073296
9,XYt,592,110,0.012267092773397506,0.009943216344959198
9,XYt,593,110,0.012135407638998312,0.009886987840909743
9,XYt,594,109,0.012184108686870808,0.009917211646075485
9,XYt,595,109,0.012048233345116736,0.009817269200661406
9,XYt,596,108,0.012250901417417203,0.009951138619291785
9,XYt,597,108,0.012230546075001802,0.009862346543166449
9,XYt,598,107,0.01248776636685002,0.009976273878780789
9,XYt,599,107,0.012489310272539566,0.00987010700916129
9,XYt,600,106,0.012816434117143097,0.00999949198626458
9,XYt,601,106,0.01290137822991543,0.009943431141501207
9,XYt,602,106,0.012980069981016158,0.009920098052210818
9,XYt,603,106,0.0130343419657817,0.009907860630454391
9,XYt,604,106,0.013103522866781035,0.00992150172688961
9,XYt,605,106,0.01312579867910247,0.009935195391475487
9,XYt,606,106,0.013142292090554912,0.009938532842621452
9,XYt,607,106,0.013130989787721595,0.009937439383793645
9,XYt,608,106,0.013121777138185494,0.00993524346304883
9,XYt,609,106,0.013081927320545916,0.00992971803004815
9,XYt,610,106,0.0130138862731295,0.009927334450806034
9,XYt,611,106,0.01289514406666313,0.009946089809009193
9,XYt,612,106,0.012790400153475696,0.009992963553460339
9,XYt,613,107,0.012403536215479936,0.009821664130655886
9,XYt,614,107,0.012313823344889306,0.009872393518075404
9,XYt,615,107,0.012225448289737007,0.009909979227294592
9,XYt,616,107,0.0121714647320714,0.009945986216844793
9,XYt,617,107,0.012176625451029268,0.00999435001427866
9,XYt,618,108,0.012113122410146605,0.009933084333900374
9,XYt,619,109,0.011990699153351488,0.009843848668166736
9,XYt,620,109,0.012028340614663223,0.009859389345979696
9,XYt,621,109,0.012103474772530527,0.009851362784465493
9,XYt,622,109,0.012267042082176504,0.009819927597810477
9,XYt,623,108,0.012792101183542513,0.009937693184959425
9,XYt,624,108,0.013060131610069664,0.009827653851048973
9,XYt,625,108,0.013472097529860828,0.009783421569075254
9,XYt,626,107,0.014103110392540814,0.009980102506113071
9,XYt,627,107,0.014269298870549455,0.009979844406327164
9,XYt,628,108,0.014182481457543587,0.009826379306687283
9,XYt,629,108,0.014345247691384812,0.009800342749143681
9,XYt,630,107,0.014691784928350514,0.009942339840618326
9,XYt,631,107,0.014802347399359381,0.009961712860221569
9,XYt,632,107,0.014791339234676763,0.009987198711022454
9,XYt,633,107,0.014701213660531285,0.00994775900481585
9,XYt,634,107,0.014570973155532557,0.009876563972779652
9,XYt,635,106,0.014683796434780702,0.009977620169886159
9,XYt,636,106,0.014453910246809006,0.009900536825647645
9,XYt,637,106,0.014294720495138075,0.009889660597015243
9,XYt,638,106,0.01423249996999206,0.009911516984232224
9,XYt,639,106,0.014195084696220873,0.009938151630636372
9,XYt,640,107,0.013974500849387853,0.00979729508412745
9,XYt,641,107,0.014290738954966044,0.00998521634492732
9,XYt,642,109,0.014234414523455634,0.009819905738926644
9,XYt,643,110,0.014478118721176846,0.009818558044759014
9,XYt,644,110,0.01490451586396987,0.009918225094842971
9,XYt,645,110,0.01524097810924198,0.009940549351161173
9,XYt,646,110,0.015505008050929688,0.009894435027861116
9,XYt,647,109,0.016003615498335438,0.009929847191807879
9,XYt,648,107,0.016605963098141642,0.009997694556047688
9,XYt,649,106,0.01679629806296995,0.009847788722253637
9,XYt,650,104,0.01728667502355432,0.0099655314655857
9,XYt,651,104,0.017183089969839863,0.009856710559220185
9,XYt,652,105,0.017594941641238565,0.009996061077778208
9,XYt,653,107,0.017888808553376014,0.009962391052312594
9,XYt,654,108,0.0180689091099982,0.009948930080055655
9,XYt,655,109,0.01797987074826146,0.009821195876231875
9,XYt,656,109,0.018141665367118358,0.009845177093321627
9,YZt,0,10,0.3494592435194255,0.009830763769466844
9,YZt,1,69,0.02553837465689497,0.009901124050536803
9,YZt,2,69,0.021431267022795845,0.009995530740009235
9,YZt,3,69,0.01972596062208746,0.009843859415276237
9,YZt,4,68,0.019407463773085963,0.009931817761848
9,YZt,5,68,0.019157580929261994,0.009746465214427446
9,YZt,6,67,0.019515933147309747,0.009994226825424491
9,YZt,7,67,0.02136548292033063,0.009918590532468055
9,YZt,8,69,0.02103673177025843,0.009766345636509894
9,YZt,9,69,0.022205456353869755,0.009811494029108707
9,YZt,10,70,0.022838306318317344,0.009980770461949654
9,YZt,11,71,0.023430185440546807,0.009849858053750608
9,YZt,12,71,0.024476537429154642,0.009920555842754412
9,YZt,13,72,0.024537590394911022,0.00997950533295192
9,YZt,14,74,0.02424667358027886,0.009837018999221028
9,YZt,15,73,0.025708408176842414,0.009926612005964737
9,YZt,16,74,0.026053952782778875,0.009872478702471486
9,YZt,17,75,0.026154615549741116,0.009883192332478592
9,YZt,18,76,0.026145806943438342,0.009759442250437145
9,YZt,19,77,0.026001333498362946,0.009860834936754602
9,YZt,20,76,0.0272929902437489,0.009960497185575677
9,YZt,21,77,0.02701820785617431,0.009951778553348533
9,YZt,22,77,0.02771616431137711,0.009910171924099695
9,YZt,23,78,0.02733978679813867,0.009943332918532645
9,YZt,24,78,0.028177714368590588,0.009966564076549804
9,YZt,25,78,0.028756658063786387,0.009902211842182842
9,XYt,657,109,0.018277679497841655,0.009850651344366822
9,XYt,658,109,0.01837342287221692,0.009841420844622336
9,XYt,659,109,0.018473328457902557,0.009822507150897782
9,XYt,660,109,0.01859106103384187,0.009786557998453205
9,XYt,661,108,0.019121378743447062,0.009951126755433323
9,XYt,662,108,0.019286006504068032,0.009879361222940782
9,XYt,663,107,0.01991512978938329,0.009997700460348636
9,XYt,664,107,0.020118742185049436,0.009838512992643147
9,XYt,665,106,0.020704348351590258,0.009792285324687757
9,XYt,666,103,0.021804335212523996,0.009950843636432857
9,XYt,667,101,0.022178461215946764,0.009802970154413426
9,XYt,668,99,0.02266419022569657,0.009823305849925064
9,XYt,669,98,0.023029994521995178,0.009866563124106949
9,XYt,670,97,0.023411447656411344,0.009928703592456676
9,XYt,671,96,0.02357454223806251,0.00988720657276431
9,XYt,672,94,0.023825146981518452,0.009910213155004925
9,XYt,673,93,0.0236137876691126,0.009915975130784311
9,XYt,674,92,0.023159210965583765,0.009946574303871221
9,XYt,675,92,0.021624787625613234,0.00985730723883215
9,XYt,676,92,0.019868749356453143,0.009977502383389606
9,XYt,677,92,0.017496233456232704,0.009929643450526366
9,XYt,678,92,0.015200201390947861,0.00979430235685896
9,XYt,679,91,0.01390754658541911,0.009887273331150638
9,XYt,680,90,0.013149895981063206,0.009936973344774015
9,XYt,681,90,0.012524418346731007,0.00979673857070039
9,XYt,682,89,0.012419799482708823,0.009913464828134922
9,XYt,683,89,0.012198595203861844,0.009839953937432139
9,XYt,684,89,0.012080799188141984,0.009789941187799339
9,XYt,685,88,0.012247885876370115,0.009965883629946593
9,XYt,686,88,0.012209755238058246,0.00994680359443713
9,XYt,687,88,0.012186654959443615,0.009951937779373022
9,XYt,688,88,0.012193893972091724,0.009980257900473322
9,XYt,689,89,0.011967774241339428,0.009797372862029575
9,XYt,690,89,0.01199887763699732,0.009841494456879325
9,XYt,691,89,0.01207060158247492,0.009879598591474895
9,XYt,692,89,0.012116994558099383,0.009912140141027188
9,XYt,693,89,0.012186310818854476,0.00994014230314252
9,XYt,694,89,0.01225471078601067,0.009961919716396216
9,XYt,695,89,0.012295290251196784,0.009966314933563277
9,XYt,696,89,0.012339558231347435,0.009972219923671718
9,XYt,697,89,0.012339669618471405,0.00996480125028385
9,XYt,698,89,0.012349393734616517,0.009966008553763277
9,XYt,699,89,0.012330526050364785,0.009959961952318266
9,XYt,700,89,0.012318249736403133,0.009963604033753607
9,XYt,701,89,0.012279584084158503,0.009952677565377384
9,XYt,702,89,0.012252020355624737,0.009951320350265016
9,XYt,703,89,0.01221950663989846,0.009938820091850745
9,XYt,704,89,0.012182595080359859,0.009949196533014786
9,XYt,705,89,0.012191874539074244,0.009970126932163566
9,XYt,706,90,0.012015685468275984,0.009796739666230316
9,XYt,707,90,0.012283301009362115,0.00988030686093842
9,XYt,708,91,0.012640491278760095,0.00990865786524345
9,XYt,709,96,0.013067409346247474,0.009900071759703855
9,XYt,710,94,0.013159344201686969,0.009833813457154065
9,XYt,711,91,0.012475294127409085,0.009965740396402169
9,XYt,712,91,0.012411061055978705,0.009977108675967072
9,XYt,713,91,0.012098137594029607,0.009938289862167785
9,XYt,714,91,0.011695193054026692,0.009944033410577605
9,XYt,715,91,0.01126288703152376,0.009913193625447087
9,XYt,716,89,0.01094870647160471,0.009872893043800818
9,XYt,717,87,0.011104299944086406,0.00999703003153286
9,XYt,718,86,0.011256613472668361,0.009986599582498626
9,XYt,719,85,0.01169038623414152,0.009944509911248777
9,XYt,720,84,0.012173750765117248,0.009877231712351222
9,XYt,721,84,0.012272084983237482,0.009998384262162704
9,XYt,722,86,0.011842866583228704,0.00997997184393069
9,XYt,723,89,0.01129109523786058,0.009806993936832382
9,XYt,724,92,0.010759386435761168,0.009736045541436734
9,XYt,725,95,0.01040317736930527,0.009780828415800136
9,XYt,726,97,0.010313440394979239,0.00993762946527614
9,XYt,727,96,0.010220316139983034,0.009956718996694713
9,YZt,26,79,0.028223869332999918,0.009980942129210656
9,YZt,27,80,0.02834238254084413,0.0097856984067176
9,YZt,28,79,0.029402276990656916,0.009949735042094907
9,YZt,29,80,0.028901196923836733,0.00999721867326084
9,YZt,30,81,0.028723196309501133,0.009758787504326892
9,YZt,31,81,0.029157984286635456,0.009845697154210093
9,YZt,32,81,0.029986119689455453,0.009967006349622455
9,YZt,33,82,0.030054082896083002,0.009863838099393549
9,YZt,34,82,0.030737084327296913,0.00989960829813125
9,YZt,35,84,0.029682056713509687,0.009767831446391368
9,YZt,36,85,0.029836202730171464,0.00977815954552807
9,YZt,37,86,0.029846533807020018,0.009848455454862683
9,YZt,38,87,0.02951167707626082,0.009913314032004428
9,YZt,39,88,0.028962374507114773,0.009960202018074108
9,YZt,40,90,0.02752923832776039,0.009759694396491584
9,YZt,41,91,0.026577234045032847,0.009782353874109749
9,YZt,42,92,0.02599876662576628,0.009798600403501515
9,YZt,43,92,0.02535952169462258,0.009885439211229419
9,YZt,44,93,0.02426053772454242,0.00984831689651824
9,YZt,45,93,0.023553578261764158,0.00997279562495846
9,YZt,46,94,0.02240128445628262,0.009815512442782864
9,YZt,47,94,0.021814988378165,0.009912339988403376
9,YZt,48,94,0.021313653368995055,0.009986126088175057
9,YZt,49,95,0.02069002846686666,0.009882892916902485
9,YZt,50,95,0.02031583819590827,0.009860990033808591
9,YZt,51,95,0.02013173510475425,0.009917502604820846
9,YZt,52,95,0.020028796917958065,0.009916210076689006
9,YZt,53,95,0.02025906610673964,0.009989911188947855
9,YZt,54,95,0.02021489744399737,0.009981462873576954
9,YZt,55,95,0.020220042404566804,0.009978062183392877
9,YZt,56,95,0.020338669172199772,0.009947301541392234
9,YZt,57,95,0.020789986585155143,0.009989829461580385
9,YZt,58,95,0.02094755230041876,0.009943758878468259
9,YZt,59,95,0.021067410953687908,0.009904585213270799
9,YZt,60,95,0.021562734269067203,0.009964791710665393
9,YZt,61,95,0.02159432085683902,0.009976488578322965
9,YZt,62,96,0.021067568273463434,0.009836141059255319
9,YZt,63,97,0.020675113860909033,0.009996884330200856
9,YZt,64,100,0.01843435974206878,0.009853377681905254
9,YZt,65,102,0.016319863324665364,0.00988028583395012
9,YZt,66,102,0.014412797167190693,0.009916430019356895
9,YZt,67,102,0.012502643897934247,0.009829650523320464
9,YZt,68,101,0.011272865049565548,0.009885576473770483
9,YZt,69,101,0.010260235038807661,0.00986779246867717
9,YZt,70,101,0.009448799308381677,0.009832544311297075
9,YZt,71,101,0.008860316934820986,0.009882571771979378
9,YZt,72,102,0.008255997071677946,0.00979774562400768
9,YZt,73,102,0.007905178005223154,0.009870103436319362
9,YZt,74,103,0.007485396584505183,0.009793925784922095
9,YZt,75,103,0.007315554525570611,0.009933470602378095
9,YZt,76,104,0.006952714091490862,0.009791326331339282
9,YZt,77,104,0.00688254286735395,0.00998456795833058
9,YZt,78,105,0.006647737626050701,0.009878000531041722
9,YZt,79,106,0.006488842869491748,0.009848549253084858
9,YZt,80,107,0.006334757462392009,0.00978667017144622
9,YZt,81,107,0.006335215159213293,0.00998146133749783
9,YZt,82,108,0.0062239926200333235,0.009915832413311673
9,YZt,83,108,0.006196533561753681,0.009994682831367337
9,YZt,84,109,0.006122629594385544,0.009919565121550115
9,YZt,85,109,0.006176433008235769,0.009990156367038695
9,YZt,86,110,0.006154830323856779,0.00991071920591364
9,YZt,87,111,0.006191652259610575,0.009881525263573767
9,YZt,88,112,0.006174601158449011,0.009850084147696557
9,YZt,89,113,0.0062205895631608,0.009872902672215675
9,YZt,90,114,0.006251601469183359,0.009862903862846712
9,YZt,91,115,0.0062169720880827966,0.009844097717733247
9,YZt,92,116,0.006209535353179327,0.009799141008146843
9,YZt,93,116,0.006354773758870973,0.009984606348289309
9,YZt,94,118,0.006176080183481312,0.009783518341538353
9,YZt,95,118,0.006311126303285163,0.00995476390628928
9,YZt,96,119,0.006325284504224824,0.009895722808136468
9,YZt,97,120,0.006309069086778434,0.009826773436113602
9,YZt,98,121,0.006254070092611025,0.009795732196464508
9,YZt,99,121,0.006377962659426108,0.009910158773493464
9,YZt,100,122,0.006355615118620429,0.009795605022844402
9,YZt,101,122,0.0064682980943809405,0.009907132122739543
9,YZt,102,123,0.006438715152880128,0.009955247902000381
9,YZt,103,124,0.006432851183478659,0.009867423052085983
9,YZt,104,124,0.00659955495926105,0.009990977804083047
9,YZt,105,125,0.006627856419575956,0.009909112857628874
9,YZt,106,126,0.006674357612303052,0.009856595061144773
9,YZt,107,128,0.006584410351355934,0.009895078629050527
9,YZt,108,129,0.006674510868358094,0.009875605245526631
9,YZt,109,130,0.006783635093149705,0.009823782353709126
9,YZt,110,130,0.007003317802980068,0.009933022591292796
9,YZt,111,130,0.007181323234980955,0.009966124091515137
9,YZt,112,130,0.007307137252285037,0.009918798442535664
9,YZt,113,130,0.007354799533183904,0.009813121044314534
9,YZt,114,135,0.006532935521893021,0.00982053861199175
9,YZt,115,134,0.006581074088595019,0.009954544425538923
9,YZt,116,134,0.006497376024991566,0.009900558816236929
9,YZt,117,134,0.0064362629712537344,0.009889561684963176
9,YZt,118,134,0.006392408763304499,0.009911354633736495
9,YZt,119,134,0.006364632268246367,0.009949827115060823
9,YZt,120,135,0.006202338845308165,0.009806644587484946
9,YZt,121,135,0.006164222872517944,0.009861062722565773
9,YZt,122,135,0.006102247430024964,0.00989574682362349
9,YZt,123,135,0.006020497365361628,0.00990992515393297
9,YZt,124,135,0.005935096339082534,0.009918498169534374
9,YZt,125,135,0.00586524651894702,0.009916967679400172
9,YZt,126,135,0.005819900549358564,0.009916845925724997
9,YZt,127,135,0.005802317811874152,0.009910449243113984
9,YZt,128,135,0.005793737220240366,0.009898784312868114
9,YZt,129,135,0.005796903866426211,0.0098800297821628
9,YZt,130,135,0.00581427096729446,0.009864762921963826
9,YZt,131,135,0.005827296662373006,0.00984359618559532
9,YZt,132,135,0.005839622718379538,0.009818700068058933
9,YZt,133,134,0.00598015900961297,0.00998452572920549
9,YZt,134,134,0.006001497220579315,0.009934671373090592
9,YZt,135,134,0.00602601980506894,0.009896506767481592
9,YZt,136,134,0.006060415966213847,0.0098658508375265
9,YZt,137,134,0.006103162604102211,0.009860193143312842
9,YZt,138,134,0.006168783617197648,0.009871491310411573
9,YZt,139,134,0.006272395111680622,0.009911631146208933
9,YZt,140,134,0.006394134602559624,0.009984810196497364
9,YZt,141,135,0.006343701237939755,0.009858376380933672
9,YZt,142,135,0.006371525541566542,0.009888351172463502
9,YZt,143,135,0.006330905320758653,0.009871746418805002
9,YZt,144,135,0.006250674802159657,0.00980916612741431
9,YZt,145,134,0.006285850340919954,0.009862630259351862
9,YZt,146,127,0.007194241458688066,0.009901471305197147
9,YZt,147,126,0.007198499992590864,0.009935761664471321
9,YZt,148,125,0.007205660638416508,0.009973841780309842
9,YZt,149,124,0.007204118979185413,0.009988198611407144
9,YZt,150,123,0.0071856152398748555,0.00998436410517681
9,YZt,151,122,0.007145516697685842,0.009969752233936697
9,YZt,152,121,0.007122271191124352,0.009927504339338328
9,YZt,153,118,0.007452695214972516,0.009936531277963104
9,YZt,154,117,0.007472754612609186,0.009906813311222288
9,YZt,155,116,0.007498690658445045,0.009897829364442017
9,YZt,156,115,0.007474020024502661,0.009871278132588136
9,YZt,157,114,0.007436894119049782,0.009799829042849238
9,YZt,158,111,0.007696469110890498,0.009916794131644896
9,YZt,159,110,0.007537363218873508,0.009822585587672466
9,YZt,160,109,0.007331919434737177,0.009792798565587358
9,YZt,161,108,0.007158114447790829,0.009819091226615173
9,YZt,162,106,0.007251173195488251,0.009998955006877384
9,YZt,163,106,0.007032832694910865,0.00986850912073231
9,YZt,164,105,0.006939834767138405,0.009972122214893315
9,YZt,165,105,0.006743598726172575,0.009862878212841495
9,YZt,166,104,0.006727502782007551,0.009864059598409749
9,YZt,167,103,0.006657010130495577,0.009972467766035071
9,YZt,168,103,0.006476584208350913,0.009910892086537464
9,YZt,169,103,0.006368946648784661,0.009880921667190196
9,YZt,170,103,0.006245915178485036,0.009898000533913261
9,YZt,171,103,0.0062099719650970464,0.00990397141154554
9,YZt,172,103,0.006292576562640131,0.009990274541496768
9,YZt,173,103,0.006316866229540914,0.009996618611514461
9,YZt,174,103,0.006392787263473377,0.009991715543543132
9,YZt,175,104,0.006375434046629364,0.009823298123911747
9,YZt,176,103,0.006554330747284775,0.009964516288710598
9,YZt,177,103,0.006693436228140928,0.00995677058308984
9,YZt,178,103,0.006799456983268035,0.009831068671636975
9,YZt,179,102,0.007120112202211873,0.009898281679154816
9,YZt,180,101,0.00750902433972401,0.009990023610947755
9,YZt,181,101,0.007791288100027989,0.009817367591672137
9,YZt,182,100,0.0084309420819449,0.009990651309169665
9,YZt,183,100,0.008910275055662206,0.009836830402658793
9,YZt,184,100,0.00970607324661152,0.009811595994047814
9,YZt,185,99,0.01081904770029084,0.009987369269931086
9,YZt,186,100,0.011964910269163841,0.009772491875326455
9,YZt,187,100,0.014191914122848039,0.009945883394388465
9,YZt,188,100,0.016895316478590716,0.009877808836443418
9,YZt,189,98,0.02046903773462688,0.009879864896817645
9,YZt,190,95,0.024426817583297213,0.009784649763934916
9,YZt,191,91,0.02801698950717752,0.009976085916834333
9,YZt,192,90,0.02901132122929929,0.009848959074672583
9,YZt,193,89,0.029772274566569293,0.009822510663005567
9,YZt,194,89,0.030086512469652854,0.009806655531712404
9,YZt,195,88,0.030264856596451648,0.00985981177927126
9,YZt,196,88,0.030431472712121814,0.009801287876476859
9,YZt,197,87,0.030544818186368446,0.00991949440716616
9,YZt,198,87,0.030929740934226468,0.009904701312723925
9,YZt,199,87,0.031114731874875026,0.009900042334217308
9,YZt,200,87,0.03042187772251281,0.009777348455351543
9,YZt,201,87,0.030819585915998978,0.009794372722780206
9,YZt,202,87,0.031029312851923237,0.009802192009665393
9,YZt,203,86,0.031208697909618673,0.009937956930731566
9,YZt,204,86,0.0313501788449757,0.009933861872016024
9,YZt,205,86,0.0315666500705174,0.009864944379074482
9,YZt,206,86,0.031813749468410195,0.009832859683492918
9,YZt,207,85,0.03181929304584326,0.009950245477722811
9,YZt,208,85,0.03180483239128531,0.009929022395984043
9,YZt,209,85,0.031783000217320834,0.009833615132240455
9,YZt,210,85,0.03184289452271576,0.009900904542144614
9,YZt,211,85,0.0312733856905394,0.009761840123613577
9,YZt,212,84,0.03194440713088566,0.009960707299484617
9,YZt,213,84,0.03197419117577467,0.009906044871393927
9,YZt,214,84,0.03197663092024768,0.009892331391047804
9,YZt,215,84,0.031881321474296995,0.009844916157079452
9,YZt,216,83,0.032252081337065516,0.009979410076917753
9,YZt,217,84,0.0314330165887148,0.009799698010970376
9,YZt,218,83,0.031184501858577345,0.009915340694912735
9,YZt,219,83,0.030921285981467206,0.009815435121031862
9,YZt,220,82,0.03132978342005338,0.009971227339373449
9,YZt,221,82,0.030988807845936214,0.009906778875869247
9,YZt,222,82,0.0306056247979512,0.00980088388343575
9,YZt,223,81,0.03073060041594069,0.009950780540243703
9,YZt,224,81,0.03033147699886225,0.00989723257170808
9,YZt,225,80,0.031107640180861457,0.009895761155418618
9,YZt,226,80,0.0307966987772552,0.009949513524146329
9,YZt,227,80,0.030195927670244548,0.009873127461974506
9,YZt,228,80,0.02954061708292195,0.009811860863535854
9,YZt,229,80,0.029128458028271072,0.009745779311932145
9,YZt,230,79,0.029260345369577685,0.00997355853747167
9,YZt,231,78,0.02984537002349286,0.009930126045777641
9,YZt,232,79,0.02868230168230241,0.009775496690920302
9,YZt,233,78,0.02862049265541486,0.009987604532052712
9,YZt,234,77,0.029104474890874987,0.0098866388368883
9,YZt,235,77,0.028416330450167532,0.009985329971398296
9,YZt,236,78,0.027057004818751357,0.009746762528723172
9,YZt,237,76,0.028273813172212663,0.009997700613707056
9,YZt,238,77,0.02686282217051723,0.009787091592012466
9,YZt,239,76,0.027181609230859907,0.009799503611193914
9,YZt,240,76,0.026610774902011254,0.009976346419157256
9,YZt,241,75,0.026615595694541697,0.009878193386023313
9,YZt,242,74,0.02679066917083472,0.009991420147386191
9,YZt,243,74,0.026169206139052287,0.009763640301260099
9,YZt,244,73,0.025680054536985523,0.009821892122436726
9,YZt,245,73,0.024951153470561503,0.009995555282652745
9,YZt,246,72,0.024588250652169758,0.009882059004465872
9,YZt,247,71,0.024477204313002748,0.009784850726598245
9,YZt,248,70,0.024034608630092037,0.009970488468386336
9,YZt,249,70,0.022899403388472718,0.009837898029710206
9,YZt,250,68,0.022831504767484804,0.009909138001132148
9,YZt,251,68,0.021643748852714025,0.009899574224912144
9,YZt,252,67,0.02159379152163382,0.009853925006121063
9,YZt,253,67,0.019702813643372508,0.009913974038116998
9,YZt,254,67,0.019625332681195536,0.00992065398213664
9,YZt,255,68,0.019468052417895947,0.009809054758754605
9,YZt,256,68,0.02019757917771387,0.009984746854279523
9,YZt,257,69,0.021528837914850527,0.009898127166436064
9,YZt,258,69,0.025595757984518692,0.009772172201447072
9,YZt,259,10,0.3577013408497851,0.009892343790394598
9,XZt,0,10,0.3434454308290689,0.009357173621430803
9,XZt,1,67,0.024700795539515572,0.009965339839251602
9,XZt,2,67,0.020524111578852998,0.009978170513282862
9,XZt,3,68,0.018635967121687667,0.009773675166043161
9,XZt,4,67,0.01865661329491357,0.009965302913641349
9,XZt,5,67,0.018671084939373635,0.009971271931291936
9,XZt,6,67,0.018925685217544536,0.009834654266706922
9,XZt,7,68,0.02066649547404579,0.009772283990434416
9,XZt,8,69,0.02087288581174408,0.0097846505474231
9,XZt,9,69,0.021709406752264106,0.009764020318143374
9,XZt,10,70,0.022160447722671943,0.009751805265228822
9,XZt,11,70,0.023263468907774615,0.009833788588801283
9,XZt,12,70,0.024336654940105982,0.009868502129256338
9,XZt,13,72,0.024078509139029793,0.009780001399447064
9,XZt,14,73,0.024451758896470912,0.009879999521058563
9,XZt,15,73,0.025376854908265942,0.009761663032590061
9,XZt,16,74,0.0260719833596686,0.009779385265606637
9,XZt,17,75,0.02631600563766989,0.009829077669081813
9,XZt,18,75,0.02688665809396126,0.00992145722035316
9,XZt,19,77,0.026381689159506626,0.009782033738819746
9,XZt,20,76,0.027730225373814064,0.009965724088263352
9,XZt,21,77,0.02749442508541395,0.00992756302742839
9,XZt,22,77,0.028241460193705905,0.00980311482778291
9,XZt,23,78,0.027774407004366838,0.009878663672526667
9,XZt,24,78,0.02869274628757493,0.00995911979068352
9,XZt,25,78,0.0294623234764041,0.009869143382362191
9,XZt,26,79,0.028803123538015625,0.009939639215650144
9,XZt,27,79,0.029522657375136558,0.009987845545249615
9,XZt,28,79,0.029864534246800616,0.009816247359523793
9,XZt,29,80,0.029503310137418096,0.009887997642296921
9,XZt,30,80,0.029866760357675534,0.009943477862604126
9,XZt,31,80,0.03016734455971672,0.009980892203913506
9,XZt,32,81,0.030149689805359876,0.009883556505778393
9,XZt,33,81,0.030661882138271764,0.009969833356951173
9,XZt,34,81,0.03099209858978158,0.009903715585093408
9,XZt,35,82,0.030081382278611082,0.009882569056941579
9,XZt,36,82,0.030469815640130113,0.009995159525177343
9,XZt,37,83,0.03015418738758032,0.009793706222163807
9,XZt,38,83,0.030631919052160186,0.00988325593772815
9,XZt,39,83,0.030981174894067615,0.009964363187739815
9,XZt,40,84,0.030746159204309887,0.009902528866440323
9,XZt,41,85,0.030555878152397607,0.009781315061588008
9,XZt,42,85,0.03160580182309154,0.009994124039041681
9,XZt,43,86,0.031199201962349172,0.009881016320988737
9,XZt,44,87,0.030888379900349518,0.00981872778539575
9,XZt,45,87,0.03107526861707247,0.009945404724133435
9,XZt,46,88,0.030681167172822862,0.009899878169371493
9,XZt,47,89,0.03014347689515695,0.009833526648726464
9,XZt,48,90,0.02964063414648741,0.009765395400279629
9,XZt,49,90,0.03037565776849168,0.009990927928934796
9,XZt,50,91,0.029919770147167908,0.009915046889262983
9,XZt,51,92,0.02942404613870029,0.009860233961220188
9,XZt,52,93,0.028963873618692983,0.009787341459206456
9,XZt,53,94,0.029082457532420617,0.009779462872387403
9,XZt,54,94,0.029167336503495917,0.009908816546307141
9,XZt,55,95,0.028492998934148837,0.009871161640029009
9,XZt,56,96,0.028084381622164017,0.00981859778650513
9,XZt,57,97,0.028118378167905623,0.009815970893582208
9,XZt,58,97,0.028085077107963864,0.00997430486694552
9,XZt,59,98,0.02733875303776797,0.009913421522814278
9,XZt,60,99,0.02731569521306784,0.009920032673917023
9,XZt,61,100,0.02650691001995885,0.009860441935552869
9,XZt,62,101,0.02564889469259263,0.009781692432497853
9,XZt,63,101,0.025857292285350074,0.00998338240374035
9,XZt,64,102,0.02490926968067518,0.009867148020027526
9,XZt,65,103,0.024518576145253473,0.009840112791524644
9,XZt,66,104,0.023708025052224923,0.009756410489207085
9,XZt,67,105,0.02306471714232152,0.009789359744961569
9,XZt,68,106,0.022012146184726505,0.009828833542698522
9,XZt,69,107,0.021009364125047534,0.009975042302443803
9,XZt,70,109,0.019216236078626374,0.009844431798720124
9,XZt,71,110,0.01794991318020811,0.009980697492868396
9,XZt,72,112,0.016588785622439598,0.009908985205012676
9,XZt,73,113,0.01547011538246774,0.009973897889876824
9,XZt,74,115,0.01421914917294442,0.009783188057489902
9,XZt,75,115,0.013701982748517002,0.009990831247169077
9,XZt,76,116,0.012792868014466377,0.009887693332634062
9,XZt,77,117,0.012065025406089048,0.009792501866151283
9,XZt,78,117,0.011538063825392228,0.009843911593104871
9,XZt,79,117,0.011127119604398009,0.009907416877750737
9,XZt,80,117,0.010713852968017443,0.009922880403418204
9,XZt,81,117,0.010343630972714625,0.009940757881620271
9,XZt,82,117,0.010055682808068967,0.009961858999013525
9,XZt,83,117,0.009709174461034094,0.009944359046251901
9,XZt,84,117,0.009502282828212982,0.009979680862859242
9,XZt,85,117,0.009244978868713446,0.009990201641833923
9,XZt,86,118,0.008885414297031755,0.009801384081464458
9,XZt,87,118,0.008771006940611923,0.00984070370000396
9,XZt,88,118,0.00858981207447549,0.009887547958470314
9,XZt,89,118,0.008515233909728371,0.00996754628075187
9,XZt,90,119,0.008317131649011749,0.009860740089233822
9,XZt,91,120,0.008174740486538181,0.009915222787112309
9,XZt,92,122,0.007936615873084876,0.009825088601599356
9,XZt,93,123,0.007858738269413213,0.009927449898102486
9,XZt,94,125,0.0075280794586353224,0.009817536650113966
9,XZt,95,126,0.007375967523552171,0.00982890490934511
9,XZt,96,126,0.007382184054959718,0.009998693943516499
9,XZt,97,127,0.007201412529922065,0.00993492331587581
9,XZt,98,128,0.0069848202420200334,0.009897954837375737
9,XZt,99,128,0.00694086349237096,0.009973706116833382
9,XZt,100,129,0.006750472759475022,0.009822413103988972
9,XZt,101,129,0.006679646689919732,0.009865177898196058
9,XZt,102,130,0.006447069492011571,0.009813286660506019
9,XZt,103,130,0.006380866708639375,0.00984590387837497
9,XZt,104,130,0.006330298503344866,0.009865421902287744
9,XZt,105,130,0.006263633308244008,0.009878765720189586
9,XZt,106,130,0.006192772877068292,0.009898304526695498
9,XZt,107,131,0.005990600424836075,0.00996908938419561
9,XZt,108,132,0.005826095120094688,0.009801963246822021
9,XZt,109,132,0.005796351937196248,0.009811685456665718
9,XZt,110,132,0.005754260762642927,0.009810200427862965
9,XZt,111,132,0.005712318549245179,0.009802166982879371
9,XZt,112,131,0.005786290348590972,0.009992755882286293
9,XZt,113,132,0.00563409951364551,0.009800833432021873
9,XZt,114,137,0.00506321862142386,0.009922313704327487
9,XZt,115,137,0.005050374957933771,0.00998197437477934
9,XZt,116,138,0.004934114266818793,0.009811463556622393
9,XZt,117,138,0.004916002021396282,0.0098130929205327
9,XZt,118,137,0.004992750597165091,0.009997164995082693
9,XZt,119,137,0.0049687176674228515,0.00998900754637343
9,XZt,120,137,0.0049477583173273745,0.009979366673665169
9,XZt,121,137,0.0049358247915429945,0.009979815676950051
9,XZt,122,137,0.004926928777745655,0.009980871465639739
9,XZt,123,137,0.004916739123521993,0.009975361238897399
9,XZt,124,137,0.004901331093952922,0.009975208304376515
9,XZt,125,137,0.004888524882344784,0.009981120322081071
9,XZt,126,137,0.004878230851051892,0.009997945217392366
9,XZt,127,138,0.0047757748295797105,0.009822892304569057
9,XZt,128,138,0.0047783967138277685,0.0098432640233047
9,XZt,129,138,0.004789505027362594,0.009864652180973559
9,XZt,130,138,0.004802210761508802,0.009875344414624145
9,XZt,131,138,0.004814158055343733,0.009883270287636397
9,XZt,132,138,0.004832467850745945,0.009883468469373465
9,XZt,133,138,0.0048574695494995514,0.009866998069941636
9,XZt,134,138,0.004885028393287217,0.009854214410476497
9,XZt,135,138,0.0049252006140393665,0.009854239694055448
9,XZt,136,138,0.004963302261110776,0.009845808887018992
9,XZt,137,138,0.004997495020011595,0.009846620955679205
9,XZt,138,138,0.0050339650210551035,0.00984459805624495
9,XZt,139,138,0.005063543688156218,0.009825143219890798
9,XZt,140,137,0.005199961236985997,0.009989439232960088
9,XZt,141,137,0.005231900326547442,0.009966739449785895
9,XZt,142,137,0.00525641448503941,0.009937361776428828
9,XZt,143,137,0.00528500628138901,0.00990763778938399
9,XZt,144,137,0.005321218193398487,0.009880104270639895
9,XZt,145,137,0.005372997405226229,0.00982082158447081
9,XZt,146,131,0.006173868682562087,0.009878005963627952
9,XZt,147,131,0.006283748551751619,0.009895487298336808
9,XZt,148,131,0.006407415556712095,0.009928098154140062
9,XZt,149,131,0.006546054961815362,0.009951469260877737
9,XZt,150,131,0.006681751785392792,0.009964476667328196
9,XZt,151,131,0.006808426335310771,0.009957496614001277
9,XZt,152,131,0.0069333682541811385,0.009912667129243184
9,XZt,153,130,0.007249432749419904,0.009830107924823835
9,XZt,154,129,0.00754535376542469,0.00999039655132122
9,XZt,155,129,0.007687698141491338,0.009949159470436458
9,XZt,156,129,0.007803294870501946,0.009901641250363786
9,XZt,157,129,0.00793822579574146,0.009852741238262
9,XZt,158,128,0.008291064550739104,0.00989205976395763
9,XZt,159,128,0.008472670039314383,0.00987475208553023
9,XZt,160,128,0.008651823741795427,0.00988181773853419
9,XZt,161,128,0.008843783385768904,0.009897809613927928
9,XZt,162,128,0.00912433726835665,0.009880583000886692
9,XZt,163,128,0.009370857412767724,0.009934765514787091
9,XZt,164,128,0.00960785927920968,0.009995559500913529
9,XZt,165,129,0.009643846927095443,0.009825856740963437
9,XZt,166,129,0.00990688907686671,0.00980906882644455
9,XZt,167,129,0.01007547952497933,0.009810638419476507
9,XZt,168,128,0.010448812472908174,0.009995365075589324
9,XZt,169,128,0.010627543346079278,0.0098699826579673
9,XZt,170,127,0.010901384930620074,0.009910414433621775
9,XZt,171,126,0.011106610481139083,0.009868515723788406
9,XZt,172,124,0.011536298217339227,0.009987066836746265
9,XZt,173,123,0.011496048268792443,0.009838117385445412
9,XZt,174,121,0.011641934043064978,0.009915469038859124
9,XZt,175,120,0.011543234433615017,0.009773787330019641
9,XZt,176,118,0.011568147296021009,0.0098533714577166
9,XZt,177,116,0.011721167843153711,0.009999100678036641
9,XZt,178,115,0.011497556614521696,0.009881200582954932
9,XZt,179,114,0.011342207825514983,0.009786220140043432
9,XZt,180,113,0.01130555800511496,0.009796566023207822
9,XZt,181,112,0.011292475531328958,0.009819336766290867
9,XZt,182,111,0.011465858632350773,0.009963481465008304
9,XZt,183,111,0.011377470528422634,0.009896653171979299
9,XZt,184,111,0.011463110672691153,0.009938526208948261
9,XZt,185,111,0.011545291687768902,0.009993170529893007
9,XZt,186,112,0.011456987735317547,0.009850129288035001
9,XZt,187,112,0.01173127383276626,0.009965721011253035
9,XZt,188,113,0.011722787726820649,0.009814209607099686
9,XZt,189,113,0.012056254408194125,0.009870570613264799
9,XZt,190,113,0.012444757927770759,0.009863579288978701
9,XZt,191,112,0.012923452726058335,0.009881212608353285
9,XZt,192,110,0.013588706163588125,0.009984263520731316
9,XZt,193,108,0.014003601158740265,0.009922394056270002
9,XZt,194,106,0.01434305783739193,0.009863657010537449
9,XZt,195,103,0.014752024681802115,0.009952690197647131
9,XZt,196,101,0.01494567270981919,0.009928098540223959
9,XZt,197,99,0.015026085119716813,0.009960347101498457
9,XZt,198,98,0.015127487353905802,0.009969950234446504
9,XZt,199,98,0.01512391105932084,0.009896272438315099
9,XZt,200,98,0.014973282681375228,0.009817806434807803
9,XZt,201,98,0.015071670146690705,0.009839247593871628
9,XZt,202,98,0.015209565433839157,0.009880918175844222
9,XZt,203,98,0.015104389997470246,0.009829696147443924
9,XZt,204,98,0.015115449874823782,0.00983469363160805
9,XZt,205,98,0.01521961637861683,0.009822287056304807
9,XZt,206,98,0.015315017008516483,0.009867788195798812
9,XZt,207,98,0.0152399741548204,0.009840970902075937
9,XZt,208,98,0.015284952458965873,0.009848629817649649
9,XZt,209,98,0.01537737850750969,0.009836837416645266
9,XZt,210,98,0.015483511175566666,0.009818180451107116
9,XZt,211,97,0.0158844124261147,0.009954697677520021
9,XZt,212,97,0.016099736945099155,0.00990055107307726
9,XZt,213,97,0.01652279075485712,0.0098651021313664
9,XZt,214,97,0.017103622750199395,0.009821558055305137
9,XZt,215,97,0.017909393973847595,0.009809388860940522
9,XZt,216,96,0.019322744035276788,0.00996837381073073
9,XZt,217,96,0.020532028340219107,0.009871195034703188
9,XZt,218,95,0.021946723595745954,0.00988190578964523
9,XZt,219,94,0.023670909326056293,0.009869025311025391
9,XZt,220,92,0.025839502453979167,0.009978052963773465
9,XZt,221,91,0.02704087658868672,0.009836092737159621
9,XZt,222,89,0.02854960630583658,0.009926115029149462
9,XZt,223,88,0.028914982081419065,0.009763423198199533
9,XZt,224,86,0.029641192585089023,0.009823376944570467
9,XZt,225,84,0.03074024485141322,0.009835305910923995
9,XZt,226,83,0.03082972056573087,0.009935962657004036
9,XZt,227,82,0.030737605748328043,0.009975823486524808
9,XZt,228,81,0.030444181981679953,0.009999460246708608
9,XZt,229,81,0.029947821978199025,0.009905076304661113
9,XZt,230,81,0.029366510860925638,0.009814862608711727
9,XZt,231,80,0.02973032142382368,0.009744158754189686
9,XZt,232,80,0.029456784968504228,0.009917353416094794
9,XZt,233,80,0.0285496177724445,0.00985356790677471
9,XZt,234,79,0.029190192967001004,0.009788654919460538
9,XZt,235,79,0.028452568371500297,0.009878353254904281
9,XZt,236,79,0.02758200833383504,0.009808190729456977
9,XZt,237,77,0.028643877763936846,0.009993368449973913
9,XZt,238,78,0.02722561060494815,0.00983568121033789
9,XZt,239,77,0.027388142930189183,0.009885055719057562
9,XZt,240,77,0.026703582876568693,0.009976956152425486
9,XZt,241,76,0.026714046390712672,0.009883035644629768
9,XZt,242,76,0.026220574155672728,0.009769892211572578
9,XZt,243,74,0.026707883401238506,0.009978974499434835
9,XZt,244,74,0.025542933135533574,0.00975735610069011
9,XZt,245,74,0.024718043002467365,0.009888309307708806
9,XZt,246,73,0.02445125379754219,0.009824220129968099
9,XZt,247,71,0.024727698699955968,0.009893378693589751
9,XZt,248,71,0.023849613121372345,0.009910157613145018
9,XZt,249,71,0.02261493213995296,0.009819401956238476
9,XZt,250,70,0.02226217646038018,0.009820268121710465
9,XZt,251,70,0.021200793083397916,0.009761597064380869
9,XZt,252,69,0.021076124191515354,0.009787692359104264
9,XZt,253,68,0.019384839073983147,0.00989285989941811
9,XZt,254,69,0.01828482992525624,0.009732859674093939
9,XZt,255,69,0.01838227838144766,0.009777275536263619
9,XZt,256,69,0.018919485040039243,0.009905548023581876
9,XZt,257,69,0.02030663878671073,0.009826693862562415
9,XZt,258,69,0.024426865517709645,0.00981251870903081
9,XZt,259,11,0.31087113900054714,0.008589096936971699
10,XYt,73,108,0.01704923641388552,0.009801355141852045
10,XYt,74,108,0.016937577613292246,0.0098719744187794
10,XYt,75,108,0.016825453501226658,0.009929776936665786
10,XYt,76,108,0.016597895479966925,0.009912086543503082
10,XYt,77,108,0.016315630623467324,0.009881785698596015
10,XYt,78,108,0.01618056782600995,0.009971055889277767
10,XYt,79,109,0.01569107492267067,0.009852112845989454
10,XYt,80,109,0.015420172685593316,0.009877395244616014
10,XYt,81,109,0.015185125684138821,0.009873496898066755
10,XYt,82,109,0.015069568093931007,0.009914379067563584
10,XYt,83,109,0.014964506396261266,0.009975366925864516
10,XYt,84,109,0.014780309658347238,0.009990579486530201
10,XYt,85,109,0.014585810923713055,0.009985622630381781
10,XYt,86,109,0.0144046477838244,0.009989531477168053
10,XYt,87,109,0.014106813478999955,0.009964428044367887
10,XYt,88,110,0.013563589075069325,0.009782772659514272
10,XYt,89,110,0.013449197622724698,0.009888881366492621
10,XYt,90,110,0.013361817852390826,0.009967243707564948
10,XYt,91,111,0.013031608869412233,0.00979943320388496
10,XYt,92,111,0.01297940393753093,0.009787724237110019
10,XYt,93,111,0.012951574259139573,0.009776866316797703
10,XYt,94,110,0.013191178645490407,0.00998024768430941
10,XYt,95,110,0.013128759597283386,0.00999648249025962
10,XYt,96,110,0.013000851922947273,0.00995107552497301
10,XYt,97,110,0.012816424270481646,0.009853087241513379
10,XYt,98,110,0.01264615810356803,0.009804792335549317
10,XYt,99,110,0.012551601773186115,0.009838619352708012
10,XYt,100,110,0.012524259501579094,0.00991383886996857
10,XYt,101,110,0.012487058814656572,0.009943783009227073
10,XYt,102,110,0.012388978177953086,0.00994275705336757
10,XYt,103,110,0.01229427477337348,0.009947710454271131
10,XYt,104,110,0.01217589059545833,0.009895493650977328
10,XYt,105,110,0.012071372426224154,0.009804657695121687
10,XYt,106,109,0.012274033168117303,0.009949947309449703
10,XYt,107,109,0.012260928939494247,0.00992394727053281
10,XYt,108,109,0.012278211163827362,0.009923946189045659
10,XYt,109,109,0.012268553835875447,0.009888239920363931
10,XYt,110,109,0.0122792788272299,0.009865385535181632
10,XYt,111,109,0.012348179968835643,0.009880710399744766
10,XYt,112,109,0.01239821235600082,0.009887393278013079
10,XYt,113,109,0.012486586186659356,0.009905903558648775
10,XYt,114,110,0.012374278925105123,0.00978421139245884
10,XYt,115,110,0.012573226743923577,0.009918542148310483
10,XYt,116,110,0.012798005948674982,0.009978060108979253
10,XYt,117,111,0.012760328707701461,0.009796789512712368
10,XYt,118,111,0.013037859829287622,0.009849966548360628
10,XYt,119,111,0.013297077688128505,0.009896225184488603
10,XYt,120,111,0.013453029718824588,0.009943691265774626
10,XYt,121,111,0.013434679861358084,0.009944526099998517
10,XYt,122,111,0.01332759915071839,0.009861628277213604
10,XYt,123,111,0.013241711618690614,0.009764959383210257
10,XYt,124,110,0.013513047720874607,0.009941427092949475
10,XYt,125,110,0.013573615617653174,0.009939030664019567
10,XYt,126,110,0.013673254558140576,0.009955790857886546
10,XYt,127,111,0.013536944153287272,0.009765269323163862
10,XYt,128,111,0.013803252693362017,0.009821648285771934
10,XYt,129,111,0.014053217707044615,0.009809739362932543
10,XYt,130,110,0.014536429617833713,0.009986615165668867
10,XYt,131,110,0.014623600148482631,0.009876008665947213
10,XYt,132,110,0.01479753996739785,0.009826079486246087
10,XYt,133,110,0.015007596567714077,0.00978014750997167
10,XYt,134,109,0.015512736555251785,0.009918169907026327
10,XYt,135,109,0.015674064878015145,0.009813982374219665
10,XYt,136,109,0.015940654468423472,0.009761525205645702
10,XYt,137,108,0.01640235504235926,0.009880054301348513
10,XYt,138,108,0.016483759239647906,0.009804619929791663
10,XYt,139,108,0.016672410387799423,0.009779506065389524
10,XYt,140,107,0.01711473037734663,0.009957745130766625
10,XYt,141,107,0.01703332120798134,0.009886673575010186
10,XYt,142,107,0.01698016239409548,0.009858994731993536
10,XYt,143,107,0.01699493366581083,0.009879740901225325
10,XYt,144,107,0.016985866526257356,0.009899724843141822
10,XYt,145,107,0.016941432133061762,0.009919776720706527
10,XYt,0,153,0.0013694483024076004,0.00990275832528558
10,XYt,1,154,0.0013689649432048572,0.009804454089011774
10,XYt,2,153,0.0014460741760111877,0.009938766098268314
10,XYt,3,152,0.0015061187456858812,0.009876099408043251
10,XYt,4,151,0.0015713081278531703,0.009903085627824664
10,XYt,5,151,0.0016108216293728738,0.009971398709639718
10,XYt,6,151,0.0016062296058933442,0.009938157030341654
10,XYt,7,151,0.0015871066008274744,0.009833808545854267
10,XYt,8,151,0.0016078839798140422,0.009833562977736918
10,XYt,9,151,0.0016448451916533057,0.009898952368061896
10,XYt,10,151,0.0016967499330243563,0.00995844622564574
10,XYt,11,151,0.001750491046785611,0.009986997214409177
10,XYt,12,151,0.0017628438881791822,0.009987638765491741
10,XYt,13,152,0.0017295320819139721,0.009807470529645142
10,XYt,14,152,0.001750679939119309,0.009830861323594044
10,XYt,15,152,0.001765474465845039,0.009861996122979224
10,XYt,16,152,0.0017410164288035525,0.009866373305186572
10,XYt,17,153,0.00173881587428373,0.009938571718942765
10,XYt,18,153,0.0017485934071923513,0.009934238232626971
10,XYt,19,153,0.0018027316446999758,0.009865156528123534
10,XYt,20,152,0.0018585686211685852,0.009952995138854814
10,XYt,21,152,0.0018531658015430354,0.009877117075162667
10,XYt,22,152,0.0018341691830332317,0.00983029688431342
10,XYt,23,151,0.0018478244675534734,0.009990343143430492
10,XYt,24,151,0.0018251044737491108,0.009963228628545782
10,XYt,25,151,0.0018034030033635068,0.009942697144204501
10,XYt,26,151,0.0017858081811903894,0.009931110618671208
10,XYt,27,151,0.0017860249632993268,0.009937312480779954
10,XYt,28,151,0.001795146321063289,0.009939853472488918
10,XYt,29,151,0.001812259622430347,0.009947631693994603
10,XYt,30,151,0.0018317018866011578,0.009948362090718465
10,XYt,31,151,0.0018635427962958484,0.009958598724759841
10,XYt,32,151,0.0019046710286435608,0.00994154422728994
10,XYt,33,151,0.0019718796489531978,0.009890942178310736
10,XYt,34,151,0.002078626827728042,0.009805201171370619
10,XYt,35,150,0.0022892176423797237,0.00987151887952068
10,XYt,36,149,0.0026172239821034005,0.009904368181043267
10,XYt,37,148,0.003153657799031042,0.009903664883453678
10,XYt,38,147,0.0039790690179339816,0.009820871855142453
10,XYt,39,145,0.005366268788277989,0.009903925510341808
10,XYt,40,143,0.0071095716051592945,0.00992056867047685
10,XYt,41,141,0.008903205911466094,0.009933753676312575
10,XYt,42,139,0.010734832137119857,0.009939891803768934
10,XYt,43,137,0.01279967912753446,0.009939572731847672
10,XYt,44,135,0.01505225512478762,0.009924269007727582
10,XYt,45,133,0.017534299896973114,0.00998147301169323
10,XYt,46,132,0.019808303649325013,0.009996406798371223
10,XYt,47,132,0.02053724671405608,0.009909045085899229
10,XYt,48,131,0.02084142423851949,0.009941814116830209
10,XYt,49,130,0.021183087810514034,0.009883059070396783
10,XYt,50,128,0.02208559764768152,0.009947059854109043
10,XYt,51,126,0.022944237721459367,0.00987720726377334
10,XYt,52,123,0.023967507684786275,0.009866279754117352
10,XYt,53,119,0.024925646412515563,0.009916530364162708
10,XYt,54,115,0.025148961407664476,0.009884593957679502
10,XYt,55,111,0.024799167816789702,0.009930635636580675
10,XYt,56,108,0.02355299524000138,0.009892942350377335
10,XYt,57,106,0.02196129550375285,0.00982360630128563
10,XYt,58,104,0.02093734677028866,0.009940168216510522
10,XYt,59,103,0.02012995868030479,0.009962551032120282
10,XYt,60,103,0.01957404325286004,0.009918906260352859
10,XYt,61,103,0.019463407071286264,0.009992003335399978
10,XYt,62,104,0.019141255956200393,0.0098568134563656
10,XYt,63,105,0.01902642067366955,0.009772100891172348
10,XYt,64,105,0.019412795663593958,0.009952788636370643
10,XYt,65,106,0.019202016539567497,0.009883083504498581
10,XYt,66,107,0.01888149005334835,0.00980408517899876
10,XYt,67,107,0.01887558842749791,0.009951863366366616
10,XYt,68,108,0.01828973744548855,0.009778606655212178
10,XYt,69,108,0.017991690531701143,0.009774331816851079
10,XYt,70,107,0.018134494085143237,0.009994493911665014
10,XYt,71,107,0.017816674636207747,0.009960377888160203
10,XYt,72,107,0.017634872788265133,0.009995540863856985
10,XYt,146,107,0.016914030593885517,0.009955198463899386
10,XYt,147,107,0.016855094258183972,0.009954219508133095
10,XYt,148,107,0.01678714737252198,0.009913695425781709
10,XYt,149,107,0.01670337884923264,0.009856632705110613
10,XYt,150,107,0.016627317101673086,0.00976847640433405
10,XYt,151,106,0.01692223526608878,0.009913110260255781
10,XYt,152,106,0.01682635164816401,0.009846921162764378
10,XYt,153,106,0.016780152500947706,0.009819016587582715
10,XYt,154,106,0.01681109440903604,0.009825344368637412
10,XYt,155,106,0.01681902794025779,0.00978983539518102
10,XYt,156,106,0.016862188593439253,0.00978890404191682
10,XYt,157,106,0.016783407267168433,0.00979939925173519
10,XYt,158,106,0.01656168073693135,0.00981704508412242
10,XYt,159,106,0.016446319138437845,0.009929060846286879
10,XYt,160,107,0.01586442643875317,0.009782757848734478
10,XYt,161,107,0.015634825805961674,0.009818437256971516
10,XYt,162,107,0.015342665130428805,0.009809282574695724
10,XYt,163,107,0.015057169399923702,0.009783981033891555
10,XYt,164,107,0.014811606317074715,0.009776853692587054
10,XYt,165,107,0.014611838452113219,0.009773839332881088
10,XYt,166,106,0.014660776350347128,0.009943852625752616
10,XYt,167,106,0.01424322895153334,0.00984108658352138
10,XYt,168,105,0.014155710325137707,0.00996290007005663
10,XYt,169,105,0.013808456613891937,0.009814435116275774
10,XYt,170,104,0.013899845820458653,0.009990139561596384
10,XYt,171,105,0.013502963583404573,0.009796986705100178
10,XYt,172,105,0.013468337161346567,0.0098689113553101
10,XYt,173,105,0.013429281702872846,0.009934780561942778
10,XYt,174,105,0.013385306257725535,0.009970774950774832
10,XYt,175,105,0.013336322480021602,0.009959771758251041
10,XYt,176,105,0.013197654378597308,0.009861948238508422
10,XYt,177,105,0.013122834929796587,0.009835897264066166
10,XYt,178,105,0.013065967379342352,0.009870807261211959
10,XYt,179,105,0.013017202668028877,0.009897585074920355
10,XYt,180,105,0.012868988340235284,0.009859783399909894
10,XYt,181,105,0.012711202601951008,0.009784719259092767
10,XYt,182,105,0.012636987243785388,0.009773347373170588
10,XYt,183,104,0.012870277170734471,0.00999969054786682
10,XYt,184,104,0.01280177644419021,0.009963323962341631
10,XYt,185,104,0.012768726965273525,0.009934287929374147
10,XYt,186,104,0.012740816938201335,0.00989262827363876
10,XYt,187,104,0.012719624531966359,0.009887697209249171
10,XYt,188,104,0.012743919364438286,0.009948763408483626
10,XYt,189,105,0.012554318095175728,0.00979450453033126
10,XYt,190,105,0.012646987123510625,0.009840023197820149
10,XYt,191,105,0.012751503705624216,0.009880987381849839
10,XYt,192,105,0.012837826753146153,0.00988974415987452
10,XYt,193,105,0.01290004246354946,0.009873289276373693
10,XYt,194,105,0.012989818729980247,0.00987404962877815
10,XYt,195,105,0.01312094290663288,0.00988660681257406
10,XYt,196,105,0.013305739070212569,0.0099107497599793
10,XYt,197,106,0.013234431289681398,0.009764681857705303
10,XYt,198,106,0.013516734786571524,0.009862878135114104
10,XYt,199,106,0.013813185668657132,0.009984154335552655
10,XYt,200,107,0.013642579285980286,0.009799459489339479
10,XYt,201,107,0.013583223738608628,0.009784568437520253
10,XYt,202,106,0.013768449858463549,0.009969703329127541
10,XYt,203,106,0.01368265123281815,0.009902200693892353
10,XYt,204,106,0.013623342657359518,0.009788238500368748
10,XYt,205,106,0.013713521559109878,0.009795366871125992
10,XYt,206,106,0.013907763894705733,0.009851983209808051
10,XYt,207,106,0.014226833699537578,0.009923400563748339
10,XYt,208,106,0.014570427680621263,0.00997618297203466
10,XYt,209,107,0.014563751946550487,0.009811668033005845
10,XYt,210,107,0.014724577094714027,0.009802889683815189
10,XYt,211,107,0.014869451768461328,0.009792914424668031
10,XYt,212,107,0.015044634138895738,0.009796607106219803
10,XYt,213,107,0.015315796750124414,0.009819651079344521
10,XYt,214,107,0.015551536384628048,0.009826124814877919
10,XYt,215,107,0.015852277458118354,0.009825762179968126
10,XYt,216,107,0.0161954920494622,0.009824268354395222
10,XYt,217,107,0.016474051791147696,0.009790776525628533
10,XYt,218,107,0.016834882971072614,0.009787757133223319
10,XYt,219,107,0.017230100745050502,0.009786725787467391
10,XYt,220,107,0.01760988165310966,0.009844097250479173
10,XYt,221,107,0.01783955089184848,0.009884288302282357
10,XYt,222,107,0.018083635909830614,0.009966429621645602
10,XYt,223,108,0.017868362930050428,0.009764328482131785
10,XYt,224,108,0.01800473666343848,0.009782511547664978
10,XYt,225,108,0.018044262088696878,0.00975924241417036
10,XYt,226,107,0.018490489572302024,0.009942005733956233
10,XYt,227,107,0.018483899978818066,0.009834199259373896
10,XYt,228,106,0.01902031541220244,0.00999938304403476
10,XYt,229,106,0.01910081617182073,0.009894226218432865
10,XYt,230,106,0.019201108814178757,0.009831380972112707
10,XYt,231,106,0.01927430223895848,0.009774644753637431
10,XYt,232,105,0.019750094469292927,0.009923931048213156
10,XYt,233,105,0.019688218909496537,0.009790099600515089
10,XYt,234,104,0.02004423626255939,0.009833860932925651
10,XYt,235,103,0.020343426881801477,0.00984228888894326
10,XYt,236,102,0.020582965775107008,0.009825421924501797
10,XYt,237,101,0.0207139856412664,0.00982289066564926
10,XYt,238,100,0.021001472811166332,0.00994124734033286
10,XYt,239,100,0.02091998461197868,0.009905913851485247
10,XYt,240,100,0.020917646485768805,0.009891153227213225
10,XYt,241,100,0.020887657568732197,0.009879015751908846
10,XYt,242,100,0.02087247057959738,0.009887947402773836
10,XYt,243,100,0.020837993622247468,0.009884400684672745
10,XYt,244,100,0.02080049257242633,0.009845069168874825
10,XYt,245,100,0.020797139278169684,0.009820465857473952
10,XYt,246,100,0.020747895294488505,0.009811832111087833
10,XYt,247,100,0.020781414699576457,0.009838860431264983
10,XYt,248,100,0.020926948433661833,0.009922520145698875
10,XYt,249,100,0.02104389611876937,0.00999547966043921
10,XYt,250,101,0.020652119985154312,0.009801087954799592
10,XYt,251,101,0.02067693435758184,0.009818549299991715
10,XYt,252,101,0.020692557317798496,0.009855995693841423
10,XYt,253,101,0.020627844252637223,0.009867104822205375
10,XYt,254,101,0.020510318995225787,0.009852799126767254
10,XYt,255,101,0.020223618387661835,0.009811011146269578
10,XYt,256,100,0.01986940105769041,0.00995240365685379
10,XYt,257,100,0.01850063863251033,0.009888718024176773
10,XYt,258,100,0.016049650629583995,0.009878747949227513
10,XYt,259,99,0.01357065382592214,0.009969972456394215
10,XYt,260,99,0.012104739747038639,0.009789137573778013
10,XYt,261,99,0.011684372387485892,0.009823243573402377
10,XYt,262,99,0.011569102391998274,0.009849051778387472
10,XYt,263,99,0.011570957944067877,0.009889283470132747
10,XYt,264,99,0.011543933251922893,0.009895984961137241
10,XYt,265,99,0.011539064658344901,0.009906777328210119
10,XYt,266,99,0.011498089669353602,0.009883597149633792
10,XYt,267,99,0.01151845254429957,0.009875189775907636
10,XYt,268,99,0.011543870729688073,0.009901376924366476
10,XYt,269,100,0.011356419147680694,0.009841080039960749
10,XYt,270,100,0.01137220114652297,0.009863438533676957
10,XYt,271,100,0.011389123566498315,0.009848114582265742
10,XYt,272,100,0.01138095794434659,0.009785744235759232
10,XYt,273,100,0.011405148212940123,0.009784715420027028
10,XYt,274,100,0.011450032884662972,0.00981013869330675
10,XYt,275,100,0.011513701491914182,0.009841693479854446
10,XYt,276,100,0.011529001923645194,0.00983006214663781
10,XYt,277,100,0.011515818768083472,0.00984200154857789
10,XYt,278,100,0.011505439591564429,0.009824239404160736
10,XYt,279,100,0.011489406419632567,0.00979692042699044
10,XYt,280,99,0.011696637780948031,0.009945082976944188
10,XYt,281,99,0.011665013257492876,0.009901280994117898
10,XYt,282,99,0.011651587722397319,0.009853196167389073
10,XYt,283,99,0.011719556337080831,0.009889095715272179
10,XYt,284,99,0.011771711119838756,0.00991894467258236
10,XYt,285,99,0.011798289644889532,0.009947484421393397
10,XYt,286,99,0.011803495031320043,0.00993649486250786
10,XYt,287,99,0.01180009993480116,0.009927459859712637
10,XYt,288,99,0.011804369152259252,0.009905423575554271
10,XYt,289,99,0.011811210828508476,0.009869404532498977
10,XYt,290,99,0.011773936682502322,0.009813734122728842
10,XYt,291,99,0.011772522469687345,0.00979694617143343
10,XYt,292,99,0.011752989186062686,0.009786598026812638
10,XYt,293,98,0.011993472995183815,0.009980317584169273
10,XYt,294,98,0.011977476184222912,0.009978710839065031
10,XYt,295,99,0.011763208928789763,0.009794757104334317
10,XYt,296,99,0.01174704080144267,0.009808886491988193
10,XYt,297,98,0.012032297651027249,0.009997324188382355
10,XYt,298,98,0.01199586384498122,0.009951987926954812
10,XYt,299,98,0.012051106632426483,0.00998495891476774
10,XYt,300,99,0.011813206643851062,0.009803549851652594
10,XYt,301,99,0.011876640395684064,0.009858095497395743
10,XYt,302,99,0.011870821368033064,0.009908165017067766
10,XYt,303,99,0.011890866907844121,0.009895851019174442
10,XYt,304,99,0.011864369844407167,0.00987822536000649
10,XYt,305,99,0.011868560081267073,0.00982332988637208
10,XYt,306,99,0.011853469788356564,0.009788650768671164
10,XYt,307,98,0.0120992131141389,0.009960120893582997
10,XYt,308,98,0.012114796776594444,0.009969130602123491
10,XYt,309,98,0.01211973477444541,0.00996987557141512
10,XYt,310,99,0.011904694528663428,0.009794461794823161
10,XYt,311,99,0.011902177021283138,0.009792019534241442
10,XYt,312,99,0.011899661342726945,0.009813780602009995
10,XYt,313,99,0.01191911501101734,0.009827480208201707
10,XYt,314,99,0.011984326689382587,0.009856706203761762
10,XYt,315,99,0.011992743019282536,0.00978158498319796
10,XYt,316,98,0.012276651517911092,0.00998731853241429
10,XYt,317,98,0.012270276696947047,0.009959855271673992
10,XYt,318,98,0.012311419724890126,0.009971996060758699
10,XYt,319,98,0.01227085040043259,0.009903471982629045
10,XYt,320,98,0.012327749382404763,0.009882587751901014
10,XYt,321,98,0.01236623583887784,0.009893666478953641
10,XYt,322,98,0.01247470228548464,0.009937986938215931
10,XYt,323,98,0.012526179155419268,0.009880263953420319
10,XYt,324,99,0.01291905679247234,0.009779945039707458
10,XYt,325,101,0.015599132560277493,0.009867859125340009
10,XYt,326,100,0.019687724105522005,0.009878397024379768
10,XYt,327,100,0.0212705607613178,0.009902320459939568
10,XYt,328,100,0.02200508666388481,0.009967870379208552
10,XYt,329,101,0.021967776748674565,0.009781967359395589
10,XYt,330,100,0.022653753636615027,0.009992086579432818
10,XYt,331,100,0.022800189323624057,0.009981272474768446
10,XYt,332,100,0.02282653151545124,0.009939856171879674
10,XYt,333,100,0.02283871564078206,0.00991137946216464
10,XYt,334,100,0.022803364933258876,0.009874926760319914
10,XYt,335,100,0.022895902137912295,0.0098923706039289
10,XYt,336,100,0.022888353832272824,0.0099160563071952
10,XYt,337,100,0.02292422702430978,0.009941448684636724
10,XYt,338,100,0.022936743995069564,0.009964631074428139
10,XYt,339,101,0.02268956795414945,0.009854330558812924
10,XYt,340,102,0.02255066142363733,0.009895173147428476
10,XYt,341,103,0.022379870706347837,0.00992366662066377
10,XYt,342,104,0.022134265310346873,0.009891716363942572
10,XYt,343,105,0.022021041028672254,0.009979601893987576
10,XYt,344,106,0.02164240458456482,0.009966789292142486
10,XYt,345,107,0.021239450526790847,0.009891344198174591
10,XYt,346,107,0.021076380705245708,0.00995878031959871
10,XYt,347,108,0.020631017443694694,0.009835246906162007
10,XYt,348,108,0.02058945123465281,0.009935031190189928
10,XYt,349,109,0.02024134023393518,0.009819552164721761
10,XYt,350,109,0.020218875590996197,0.009882744136566464
10,XYt,351,109,0.020350646675701273,0.009975844081598144
10,XYt,352,110,0.020075052134062472,0.009940619530169429
10,XYt,353,111,0.019748135306914508,0.009890515183854165
10,XYt,354,111,0.019627818467933617,0.009970774950774832
10,XYt,355,112,0.01932144300725162,0.009830793636260885
10,XYt,356,112,0.019170399094255785,0.009856004405384306
10,XYt,357,112,0.01893163223513473,0.009871117683146122
10,XYt,358,111,0.018622155511530444,0.00998540336726923
10,XYt,359,111,0.018150963933341722,0.009921091733778227
10,XYt,360,111,0.017760443349489032,0.00997479667599764
10,XYt,361,112,0.017152630529324867,0.009784011748680559
10,XYt,362,111,0.016974190486035663,0.009940467295077042
10,XYt,363,111,0.01674381543306848,0.00992160178859932
10,XYt,364,111,0.016208394570107826,0.009866329793171693
10,XYt,365,111,0.016073102128629484,0.009886475457521839
10,XYt,366,111,0.0157905992500931,0.009826217656001219
10,XYt,367,110,0.015990204951369928,0.009994974986393013
10,XYt,368,111,0.01561519006416465,0.009826606486940453
10,XYt,369,111,0.015617125367814556,0.009902683000819014
10,XYt,370,111,0.015635154836556534,0.009993885018261187
10,XYt,371,112,0.015315538152635902,0.009827285265877872
10,XYt,372,112,0.015221491525029078,0.009852855225383995
10,XYt,373,112,0.015180738425512944,0.009906910039101742
10,XYt,374,113,0.01486713823710795,0.009778021637504004
10,XYt,375,113,0.014728764553953121,0.009796557258809636
10,XYt,376,112,0.014637315430686469,0.009864273631681249
10,XYt,377,111,0.014430398265705328,0.009906491316652468
10,XYt,378,110,0.01434191480307532,0.009991555953976688
10,XYt,379,110,0.014091694512778172,0.00992210424538764
10,XYt,380,110,0.013970240435357486,0.009874207235602795
10,XYt,381,110,0.013910471969906689,0.009907047623210442
10,XYt,382,110,0.013945089957178403,0.0099748058217716
10,XYt,383,110,0.013918443269768122,0.009989199486126223
10,XYt,384,110,0.013902395692117441,0.009995231084811606
10,XYt,385,110,0.013571302645509965,0.009909528684293416
10,XYt,386,110,0.013345172419251103,0.00984193230211208
10,XYt,387,110,0.013271706712262646,0.009850705820922904
10,XYt,388,110,0.013323553001346355,0.009885094495484104
10,XYt,389,110,0.01330801234946553,0.009883842560506983
10,XYt,390,110,0.013327208640703466,0.009858782994667852
10,XYt,391,110,0.013293105444614041,0.0098293753702709
10,XYt,392,110,0.013253363801083039,0.00978362835538639
10,XYt,393,109,0.013479930162285648,0.009968605214582996
10,XYt,394,109,0.013514667141334872,0.009972961433679303
10,XYt,395,109,0.013539915740287822,0.009922413062499705
10,XYt,396,109,0.01365648287893919,0.009904759361940163
10,XYt,397,109,0.013741280301303454,0.009907691101471173
10,XYt,398,109,0.013833665524891028,0.009985803733782826
10,XYt,399,110,0.013510744278928611,0.00977767039054447
10,XYt,400,110,0.013536310632979786,0.009815282584518841
10,XYt,401,110,0.013515416406032165,0.009824137258312254
10,XYt,402,110,0.013504066508525417,0.009843182480226939
10,XYt,403,110,0.013481667315772461,0.009820145091054005
10,XYt,404,110,0.013466929061914278,0.009785423427960451
10,XYt,405,110,0.0134818602704506,0.009783570214318839
10,XYt,406,110,0.01357682816733051,0.009827499319986098
10,XYt,407,110,0.013746430167467481,0.009914094357870388
10,XYt,408,110,0.013910796183903593,0.009993352877334431
10,XYt,409,111,0.01383990353707915,0.009833508951928123
10,XYt,410,111,0.014013853585921707,0.00989760242478725
10,XYt,411,111,0.013989158830434315,0.009863365629257837
10,XYt,412,111,0.014040463428048794,0.009889773460969668
10,XYt,413,111,0.014147339482652703,0.009942358191870606
10,XYt,414,112,0.014007653145546257,0.009793711153573912
10,XYt,415,112,0.014185368040384595,0.009859114478596493
10,XYt,416,112,0.01440545551239825,0.009899632149314844
10,XYt,417,113,0.014503797727535161,0.00982497296587187
10,XYt,418,113,0.014756570510855136,0.009918915998678638
10,XYt,419,113,0.014876794028397774,0.00982574852628388
10,XYt,420,112,0.015130656814361364,0.009807451925997286
10,XYt,421,111,0.015456431895192373,0.009901722157174515
10,XYt,422,111,0.015581071027669844,0.009870713208506344
10,XYt,423,111,0.01565397325712726,0.009825521872353781
10,XYt,424,110,0.015992671188075007,0.009965105513162348
10,XYt,425,110,0.016053338904218326,0.00991472709511321
10,XYt,426,110,0.016024075313230628,0.009827964543959308
10,XYt,427,110,0.016098581086197716,0.009829801199107667
10,XYt,428,110,0.016310533718106743,0.009888885707779823
10,XYt,429,110,0.016474799126637397,0.00988823503609673
10,XYt,430,110,0.016559218619331864,0.009831160998203779
10,XYt,431,110,0.016844341246269486,0.009886919995058445
10,XYt,432,110,0.017286863395299203,0.00997895229753361
10,XYt,433,111,0.017332122044719907,0.009820541812553653
10,XYt,434,111,0.017756144063417554,0.009809814854030137
10,XYt,435,110,0.018400065214863724,0.009907608773250818
10,XYt,436,110,0.01884290839327926,0.009900701057002645
10,XYt,437,110,0.019244779162231287,0.009923047973268284
10,XYt,438,110,0.019426380906127253,0.009890998603137014
10,XYt,439,110,0.019544566317469283,0.009837371867705141
10,XYt,440,109,0.020073162594216053,0.009998210900822056
10,XYt,441,109,0.020236838478057604,0.009932202613070913
10,XYt,442,109,0.02024994281139423,0.009788967633304245
10,XYt,443,108,0.02061865979950509,0.00985020734920106
10,XYt,444,107,0.02105609024870817,0.009983338403441575
10,XYt,445,107,0.0210562032095898,0.009884142800477877
10,XYt,446,107,0.021031030866904766,0.009779538989146859
10,XYt,447,106,0.021603747659255018,0.00992365796851857
10,XYt,448,106,0.02164537361765755,0.009795113764990366
10,XYt,449,105,0.02218984322036294,0.00985282635914537
10,XYt,450,104,0.022648979288864623,0.009875401704859194
10,XYt,451,103,0.023041721797976044,0.009844798262399783
10,XYt,452,101,0.023732428062157564,0.00996442050471039
10,XYt,453,100,0.023967046120450152,0.009912288480138429
10,XYt,454,99,0.024018920118819974,0.009796476187754697
10,XYt,455,97,0.024660275522924942,0.009988059996051648
10,XYt,456,97,0.024581165391354146,0.009921192881410388
10,XYt,457,97,0.024643753872338883,0.00993138727581284
10,XYt,458,97,0.024690399042192963,0.009972648262738422
10,XYt,459,98,0.02427145757602337,0.00980269753706191
10,XYt,460,98,0.02425249477952725,0.009820377333546213
10,XYt,461,98,0.024114514433387437,0.009788822359269964
10,XYt,462,97,0.02443502426879112,0.009954265331448258
10,XYt,463,97,0.024298975774734166,0.009914342261447443
10,XYt,464,97,0.024005704168250572,0.009874592003076237
10,XYt,465,97,0.023259825977306563,0.009815119110857199
10,XYt,466,96,0.022237536725457856,0.009963664894384553
10,XYt,467,96,0.019247150433454582,0.00999241310416956
10,XYt,468,96,0.015622987383786325,0.009923843447228785
10,XYt,469,95,0.013792516507253513,0.00990779021940781
10,XYt,470,95,0.013082502123212107,0.009792986209640406
10,XYt,471,94,0.012999665306776367,0.009916794440864086
10,XYt,472,94,0.01296305176137042,0.009959739969086685
10,XYt,473,95,0.012711184014290751,0.009815573987337194
10,XYt,474,95,0.012761454873535388,0.009870395162371357
10,XYt,475,95,0.012778713174056527,0.009868071755531681
10,XYt,476,95,0.012846399142602634,0.009889662224869894
10,XYt,477,95,0.012774590022713965,0.009853641661687047
10,XYt,478,95,0.012748419732956233,0.00984665303218416
10,XYt,479,95,0.01269759645631403,0.009797715187005934
10,XYt,480,94,0.012958274436683471,0.009989518047323866
10,XYt,481,94,0.01290119252801396,0.009926700354793741
10,XYt,482,94,0.012867961588258923,0.009904760987313322
10,XYt,483,94,0.012818789181907276,0.009894923678936712
10,XYt,484,94,0.012825983941119496,0.009923706095980518
10,XYt,485,94,0.01280577119054143,0.009917817130590055
10,XYt,486,94,0.012828674013642653,0.009964225010170715
10,XYt,487,94,0.01282009225133657,0.009994287729692856
10,XYt,488,95,0.01256762587672426,0.009804908365654126
10,XYt,489,95,0.012538780030153901,0.009796208867631034
10,XYt,490,95,0.012525654051743447,0.009783360684209118
10,XYt,491,94,0.012767167602407384,0.00996245353631427
10,XYt,492,94,0.012752559475896586,0.009969160208179211
10,XYt,493,94,0.012770079992275146,0.009988072890584475
10,XYt,494,95,0.01251009469775132,0.009783354650553099
10,XYt,495,94,0.012781212029498883,0.00998347439675764
10,XYt,496,94,0.012745593764715913,0.009957304833038074
10,XYt,497,94,0.012740856584021782,0.009942835312541334
10,XYt,498,94,0.012729707231906237,0.009921577449357406
10,XYt,499,94,0.012715643493049563,0.009888265969748252
10,XYt,500,94,0.012663427208018722,0.00982957081707869
10,XYt,501,93,0.012895227096124518,0.009981681608830435
10,XYt,502,93,0.012853695881660299,0.00992781986096218
10,XYt,503,93,0.012869224290472573,0.009920217602184563
10,XYt,504,93,0.01282957861485878,0.009892691198274595
10,XYt,505,93,0.012825046413154814,0.009882488381192359
10,XYt,506,93,0.012829380023028743,0.009877389811693888
10,XYt,507,93,0.012867232648576315,0.009919022037607162
10,XYt,508,93,0.012879218055916925,0.009948765566062268
10,XYt,509,94,0.012659187046349812,0.009819522107594805
10,XYt,510,94,0.012685353886723776,0.00987086978130076
10,XYt,584,108,0.014334091101376834,0.009814841910164704
10,XYt,585,108,0.01419866542165046,0.009849110077757893
10,XYt,586,108,0.0139996956790407,0.009892511102560656
10,XYt,587,109,0.013649307608390232,0.009861477543550653
10,XYt,588,110,0.0132268914677494,0.009874272994947916
10,XYt,589,110,0.012903147951639007,0.009930165495416282
10,XYt,590,110,0.012527027228775233,0.009934606090701844
10,XYt,591,110,0.01227191456323665,0.009928067421813796
10,XYt,592,110,0.01211789131991168,0.009915315412505751
10,XYt,593,110,0.011985770175831122,0.009859625018247964
10,XYt,594,109,0.012033840794829678,0.00988945765570311
10,XYt,595,109,0.01189614381045673,0.009789008748205536
10,XYt,596,108,0.012092123770029755,0.009920444256324577
10,XYt,597,108,0.012068641867635824,0.009830115645484966
10,XYt,598,107,0.012318629326998651,0.009942467758936722
10,XYt,599,107,0.012316091137319773,0.009836256797503181
10,XYt,600,106,0.01263235117983591,0.009963204929607507
10,XYt,601,106,0.012714704112331573,0.009908024198800453
10,XYt,602,106,0.012791316117205027,0.00988529535493895
10,XYt,603,106,0.012842739876322376,0.00987266312378257
10,XYt,604,106,0.012906776557127457,0.009885062466166711
10,XYt,605,106,0.012929404878969025,0.009899129093994418
10,XYt,606,106,0.012945606922648564,0.00990227060275654
10,XYt,607,106,0.012935800084756392,0.009901856561668634
10,XYt,608,106,0.012926542681633986,0.00989984409708123
10,XYt,609,106,0.01288587507431021,0.009893777670033441
10,XYt,610,106,0.012818152124231125,0.009892225221004596
10,XYt,611,106,0.012703299329457641,0.009911381086452163
10,XYt,612,106,0.012603583419038443,0.00995785452852903
10,XYt,613,107,0.012226521523255995,0.009788927614634482
10,XYt,614,107,0.012140677915408732,0.009839575450795226
10,XYt,615,107,0.01205883217746509,0.009879080392847728
10,XYt,616,107,0.012007678150232888,0.009915557332344446
10,XYt,617,107,0.01201515004733284,0.009965214830122745
10,XYt,618,108,0.011956582070542517,0.009906549819688302
10,XYt,619,109,0.011835393258786171,0.009816419170592647
10,XYt,620,109,0.011870231656177153,0.009830400603826391
10,XYt,621,109,0.011945703122327685,0.009823732488116885
10,XYt,622,109,0.012104507114989473,0.009791639194745268
10,XYt,623,108,0.012616932653251351,0.009906882955390692
10,XYt,624,108,0.012877667599229575,0.009797238119638405
10,XYt,625,107,0.013566708314636942,0.009971126929944162
10,XYt,626,107,0.01390321542345764,0.00995105611125598
10,XYt,627,107,0.014063905782409986,0.00995188331773452
10,XYt,628,108,0.013972838804568647,0.00979939760888625
10,XYt,629,107,0.014422313395362407,0.009987854218546059
10,XYt,630,107,0.01446342402991164,0.009915611452305812
10,XYt,631,107,0.014574774206748485,0.009936453817809342
10,XYt,632,107,0.014566692110318262,0.009962792882238308
10,XYt,633,107,0.014481264379292936,0.009925222802586519
10,XYt,634,107,0.014355639113352667,0.009853354652387595
10,XYt,635,106,0.014469046413366531,0.009954839452754386
10,XYt,636,106,0.014244568401661573,0.009878022727018057
10,XYt,637,106,0.014087234137395075,0.009867158664066174
10,XYt,638,106,0.014023814396183913,0.009887726516410213
10,XYt,639,106,0.013988591450498243,0.009914387186541397
10,XYt,640,106,0.014062024951755264,0.009985334577849577
10,XYt,641,107,0.014086977558139775,0.009957882012507038
10,XYt,642,109,0.014036810396967676,0.009794059633600407
10,XYt,643,110,0.01428266401876237,0.009794604793676033
10,XYt,644,110,0.014706681866725517,0.009895545169191876
10,XYt,645,110,0.015039165854035178,0.009920169998747732
10,XYt,646,110,0.015296890205525649,0.009873916476224471
10,XYt,647,109,0.015784450337483293,0.009908607498367698
10,XYt,648,107,0.016368971287795433,0.009973835785022376
10,XYt,649,106,0.01655258615457145,0.00982541154734415
10,XYt,650,104,0.01702944241929331,0.009941661360250306
10,XYt,651,104,0.01692110688875306,0.009830297430208457
10,XYt,652,105,0.01732595792186067,0.009967656109316322
10,XYt,653,107,0.01762333141388654,0.009935750630982319
10,XYt,654,108,0.01780841195687162,0.00992422791246528
10,XYt,655,109,0.01773098673040937,0.00979896333949075
10,XYt,656,109,0.01789785395182794,0.00982313650056323
10,XYt,511,94,0.01270306335848576,0.009913570384061474
10,XYt,512,94,0.012678007491443512,0.009915414995435991
10,XYt,513,94,0.01269488058006214,0.009963969730534717
10,XYt,514,94,0.012681929027597152,0.00997510170993436
10,XYt,515,94,0.012693051226339604,0.009997265142993737
10,XYt,516,94,0.012650363784466028,0.009941742866703384
10,XYt,517,94,0.012629027472320817,0.009911536475394504
10,XYt,518,94,0.01260916142497882,0.009874486030479997
10,XYt,519,94,0.012605279755580604,0.00987507022423618
10,XYt,520,94,0.012576508014891687,0.009852703812851103
10,XYt,521,94,0.01255389753131806,0.00983960544666506
10,XYt,522,93,0.012784599152926816,0.00997791597459138
10,XYt,523,93,0.012760979109956407,0.009925886187480155
10,XYt,524,93,0.01270432965743302,0.009879790328941457
10,XYt,525,93,0.012643022213429028,0.009867209786369163
10,XYt,526,93,0.012582131447561021,0.00983842135843446
10,XYt,527,93,0.012475379274910683,0.009796833881345684
10,XYt,528,92,0.012609065827088038,0.009931354855452707
10,XYt,529,92,0.012567652793503144,0.009879642045051203
10,XYt,530,92,0.012642555093053238,0.009865295782455027
10,XYt,531,92,0.012836655927425203,0.009907648854180393
10,XYt,532,93,0.013012563997740536,0.009800872228791115
10,XYt,533,94,0.013756904932371968,0.009835366941897189
10,XYt,534,95,0.015870414894762694,0.009999996432349438
10,XYt,535,96,0.01909240784635396,0.009881459319747507
10,XYt,536,95,0.021946060490133576,0.009841075132287422
10,XYt,537,95,0.023465688134948707,0.009888644220783666
10,XYt,538,96,0.023901400299484465,0.009796523844469619
10,XYt,539,96,0.024660508032092136,0.009958324979100588
10,XYt,540,98,0.02453114982761488,0.009861378504294048
10,XYt,541,100,0.02404501955800764,0.009826410435061345
10,XYt,542,100,0.023983082441379432,0.009958938740878307
10,XYt,543,100,0.02375310814065274,0.009981756337156639
10,XYt,544,101,0.02311953092774414,0.009811833204932506
10,XYt,545,101,0.023177269887147564,0.00995058693490967
10,XYt,546,103,0.022708383320423114,0.009928039314778845
10,XYt,547,106,0.02188483972312522,0.009879194464061039
10,XYt,548,108,0.02099048616779482,0.009835229991917927
10,XYt,549,109,0.020341042995584948,0.009805229630525426
10,XYt,550,109,0.02009794599311111,0.009919042055032797
10,XYt,551,110,0.01950091193939129,0.009787252714002524
10,XYt,552,110,0.019391559774148977,0.009859787209746715
10,XYt,553,110,0.01926367329661557,0.009913791235902733
10,XYt,554,110,0.019165926844078786,0.009954224360023509
10,XYt,555,110,0.019060682346673834,0.00997533626231423
10,XYt,556,110,0.018950547497985287,0.009986187963059969
10,XYt,557,110,0.018793744072214052,0.009964894953470036
10,XYt,558,110,0.018538105577915475,0.00991369217796477
10,XYt,559,109,0.01847366675924104,0.009987524858258214
10,XYt,560,108,0.01801502030961564,0.0099313256770381
10,XYt,561,106,0.017708910706227984,0.009948927922512691
10,XYt,562,105,0.01761455367302183,0.009980881604356742
10,XYt,563,106,0.017442132138436647,0.00998835280529826
10,XYt,564,108,0.017043515587973554,0.009945371116145322
10,XYt,565,110,0.016506183194555518,0.009892207319228111
10,XYt,566,111,0.01597880445441835,0.009885587951003957
10,XYt,567,111,0.015666642579981165,0.009937957239292278
10,XYt,568,111,0.015298226956122443,0.009908505139089412
10,XYt,569,111,0.014879193924369389,0.009802560130663697
10,XYt,570,110,0.01464830619958294,0.009834987733101092
10,XYt,571,108,0.014636007667353075,0.00997831986830902
10,XYt,572,107,0.01441461889280048,0.00990770843364092
10,XYt,573,106,0.01445164982523136,0.009957114588216355
10,XYt,574,106,0.014410337481840396,0.00989430811564295
10,XYt,575,106,0.014478695105796894,0.009875786969175843
10,XYt,576,106,0.014688385418500073,0.009948059473471585
10,XYt,577,107,0.014582116856237854,0.009840005201073292
10,XYt,578,107,0.014719177302713313,0.009917959974094432
10,XYt,579,107,0.014833947316931828,0.009959354180631852
10,XYt,580,107,0.014868123206005755,0.009941708321003537
10,XYt,581,107,0.014784104178764808,0.0099026824589143
10,XYt,582,107,0.01478506647000438,0.00995039008996994
10,XYt,583,107,0.014733139145103885,0.009997703680874956
10,XYt,657,109,0.018040050610610606,0.009828997022250789
10,XYt,658,109,0.01814075815478877,0.009819905192453925
10,XYt,659,109,0.018243487337807444,0.00980191248812039
10,XYt,660,108,0.018746017678760343,0.009979896564530388
10,XYt,661,108,0.018882437108782433,0.00992987907666992
10,XYt,662,108,0.019039609670338808,0.00985717984858984
10,XYt,663,107,0.019651129430405936,0.00997421132902099
10,XYt,664,107,0.019838402001649387,0.009814774659112489
10,XYt,665,105,0.020820882985569812,0.009979864839470182
10,XYt,666,103,0.02144379927026402,0.009924253867387585
10,XYt,667,100,0.022249483699625268,0.009990995759075466
10,XYt,668,99,0.02225097884196965,0.009796131080487196
10,XYt,669,98,0.022597362960978522,0.00983517379276903
10,XYt,670,97,0.022964387840769894,0.009894608038049176
10,XYt,671,96,0.023128303337686448,0.009854561995656144
10,XYt,672,94,0.023369522982087786,0.00987315991824224
10,XYt,673,93,0.023141456562539596,0.009867657367136727
10,XYt,674,92,0.02274957596829444,0.00992055136077519
10,XYt,675,92,0.02127643485820496,0.009827865713009162
10,XYt,676,92,0.0195386424240991,0.00994497775549209
10,XYt,677,92,0.017162363935217386,0.00989810013614365
10,XYt,678,91,0.015161826208845142,0.0099657377040226
10,XYt,679,91,0.01355327068223132,0.009838368450199123
10,XYt,680,90,0.012820993957353503,0.009892749782920584
10,XYt,681,89,0.012482762836802193,0.00997481281559309
10,XYt,682,89,0.012136248668406532,0.00988337779493487
10,XYt,683,89,0.011932643366523521,0.009813829815126577
10,XYt,684,88,0.012075717317138907,0.009984920756496613
10,XYt,685,88,0.011988189274958422,0.009943021512926755
10,XYt,686,88,0.011957110991087358,0.009926078112085533
10,XYt,687,88,0.011937575165599288,0.009932195048950675
10,XYt,688,88,0.011941924011279541,0.009959301376021433
10,XYt,689,88,0.011959238138551091,0.00999325031210263
10,XYt,690,89,0.011721955985127338,0.009813129325190493
10,XYt,691,89,0.011776663406603528,0.009846849226008293
10,XYt,692,89,0.011809823896077393,0.009875168039347751
10,XYt,693,89,0.011872233013244261,0.009903044986541315
10,XYt,694,89,0.011935969075636928,0.009923587669559183
10,XYt,695,89,0.011982074412265793,0.0099280787727092
10,XYt,696,89,0.012031635677989604,0.009934096703571774
10,XYt,697,89,0.012034887371156534,0.009927369587081859
10,XYt,698,89,0.012045525728912347,0.009928026882795697
10,XYt,699,89,0.012026919083344443,0.009921635322568156
10,XYt,700,89,0.012010935493271459,0.009924444201410422
10,XYt,701,89,0.011966744287327412,0.009913986101088726
10,XYt,702,89,0.011930804985969915,0.009910554831159107
10,XYt,703,89,0.011885688790361143,0.009897673992666728
10,XYt,704,89,0.011840609764039823,0.009904679176533197
10,XYt,705,89,0.011839652682357798,0.009920529723605645
10,XYt,706,89,0.011936875515966193,0.009963990196231915
10,XYt,707,90,0.011949529239700158,0.009824556759620186
10,XYt,708,91,0.012347956071104992,0.00985293038613685
10,XYt,709,95,0.012885382026986043,0.00993918238120168
10,XYt,710,93,0.013148770706855733,0.009997419197048383
10,XYt,711,91,0.01210408842435403,0.009898921467804852
10,XYt,712,91,0.01193546588994902,0.009886731652535098
10,XYt,713,91,0.011683253306284148,0.009874886003145351
10,XYt,714,91,0.011329238397267878,0.00989050758785197
10,XYt,715,91,0.010956015314348356,0.00987488165570347
10,XYt,716,89,0.010687487671803369,0.009851765874735689
10,XYt,717,87,0.010825165624387324,0.009927187417656604
10,XYt,718,86,0.010979746770734248,0.009943894719229294
10,XYt,719,85,0.011411571126014848,0.009925147107930415
10,XYt,720,84,0.011882133642319964,0.009819104577260953
10,XYt,721,84,0.011997042023395592,0.00996462138077925
10,XYt,722,86,0.011547960423078122,0.009957760759091982
10,XYt,723,89,0.011028010098880062,0.009798889407726991
10,XYt,724,91,0.010769420133460444,0.009991235309348824
10,XYt,725,95,0.010122171116331504,0.009779980156801708
10,XYt,726,97,0.01000711790786811,0.009922018791669344
10,XYt,727,97,0.00972090172454533,0.009761925958594521
10,YZt,0,10,0.5976339584250321,0.009135997502482633
10,YZt,1,69,0.025725585534605074,0.009860280998789574
10,YZt,2,70,0.020943928779952492,0.009775006147865955
10,YZt,3,69,0.01976215069401842,0.009919938778805138
10,YZt,4,69,0.018828831291274748,0.009718607607993217
10,YZt,5,68,0.018723156312098786,0.009757431918498078
10,YZt,6,68,0.01863368369355842,0.00973324561850894
10,YZt,7,67,0.020777791954041322,0.00990683381761162
10,YZt,8,69,0.020316522007715217,0.009751704640448979
10,YZt,9,69,0.02153816859086603,0.009799673368958628
10,YZt,10,71,0.02168839559812101,0.009726470858177001
10,YZt,11,71,0.022831252667801255,0.009863628642239478
10,YZt,12,71,0.02387909133378306,0.009970588807357577
10,YZt,13,72,0.023880180463295136,0.009998573951755817
10,YZt,14,74,0.023614386967609542,0.009865140597675716
10,YZt,15,73,0.02501990215821258,0.009949617541884209
10,YZt,16,74,0.025324835206374293,0.009896311945439478
10,YZt,17,75,0.02542270644751335,0.009909099318792991
10,YZt,18,76,0.025392777194934706,0.009773696343955477
10,YZt,19,77,0.025246552636029075,0.009888939198483576
10,YZt,20,76,0.02651388533473628,0.009988742769369957
10,YZt,21,77,0.026235073024362263,0.009974240689417149
10,YZt,22,77,0.02691116880735244,0.009933168457585526
10,YZt,23,78,0.026532842548117472,0.009969046320506832
10,YZt,24,78,0.027341851324183764,0.009986089623268052
10,YZt,25,78,0.02790987286747996,0.00991378999865122
10,YZt,26,79,0.02737084167937205,0.009999179646251709
10,YZt,27,80,0.027530891828765273,0.009808985201546713
10,YZt,28,79,0.028496095208748656,0.009962213755671745
10,YZt,29,81,0.027404648355495834,0.009762765578096591
10,YZt,30,81,0.027864668005446392,0.009776717255978482
10,YZt,31,81,0.02829590932304322,0.009864064650083685
10,YZt,32,81,0.02912120378455336,0.009990333628201604
10,YZt,33,82,0.029174968114201873,0.009881779337143147
10,YZt,34,82,0.029830849383591682,0.009919286511686097
10,YZt,35,84,0.02883952414169539,0.009787413911666858
10,YZt,36,85,0.029015949847281182,0.00979533501799248
10,YZt,37,86,0.02904164093151544,0.009861059224188663
10,YZt,38,87,0.0287322983904489,0.00992539519887315
10,YZt,39,88,0.028209017140068064,0.009969575375787538
10,YZt,40,90,0.02682915248272877,0.009766574448687662
10,YZt,41,91,0.025930119828914636,0.009789814722026592
10,YZt,42,92,0.02538841579317598,0.009805798327197275
10,YZt,43,92,0.024783076009300284,0.009893668493576655
10,YZt,44,93,0.023734647666212826,0.00985827645512149
10,YZt,45,93,0.023063117412163464,0.009983603554137695
10,YZt,46,94,0.021957474678084146,0.009827352665341965
10,YZt,47,94,0.02139219496099555,0.009925462009352978
10,YZt,48,95,0.0204574788525009,0.009767399383940526
10,YZt,49,95,0.020311827398913105,0.009898777342775415
10,YZt,50,95,0.019944326102402765,0.009877009034021653
10,YZt,51,95,0.019771902108975663,0.00993548659516404
10,YZt,52,95,0.019678844184024047,0.009935635125819976
10,YZt,53,96,0.01948832359293204,0.009779352733288072
10,YZt,54,96,0.01943508436309026,0.00977142612429971
10,YZt,55,96,0.01944043857165242,0.009772475401590685
10,YZt,56,95,0.019981124489039572,0.009969954463540714
10,YZt,57,96,0.019989270793173412,0.009782533333373875
10,YZt,58,95,0.020572736691692704,0.009971272700116367
10,YZt,59,95,0.020684879850364747,0.009929743507396173
10,YZt,60,95,0.021189267575459914,0.009991068346023611
10,YZt,61,95,0.021228539872331417,0.00999592916703584
10,YZt,62,96,0.02074041357583427,0.009856505228372656
10,YZt,63,98,0.0199720553082013,0.009787953567712913
10,YZt,64,100,0.018276969935929303,0.009903791056519125
10,YZt,65,102,0.01621077748623424,0.009941800468306493
10,YZt,66,102,0.014333169878690922,0.009969066314385471
10,YZt,67,102,0.012431619913048891,0.009870455277371324
10,YZt,68,101,0.01120685862074417,0.009921557668850155
10,YZt,69,101,0.010198740803162418,0.009904707891652193
10,YZt,70,101,0.009393246440934781,0.009865170904359238
10,YZt,71,101,0.008811518891616953,0.009910398962697102
10,YZt,72,102,0.00821801981288077,0.009830913102529681
10,YZt,73,102,0.007869221923337999,0.009897799157757455
10,YZt,74,103,0.007454711452102111,0.009822776799075738
10,YZt,75,103,0.007288966353729044,0.009963127907668795
10,YZt,76,104,0.006930751586653637,0.009820830171094436
10,YZt,77,105,0.006717987586608478,0.009788114910477258
10,YZt,78,105,0.006634320038519913,0.00990640820460275
10,YZt,79,106,0.00648134719369119,0.009882803323172798
10,YZt,80,107,0.006330197358435543,0.009820023776321298
10,YZt,81,108,0.006192931874831282,0.009781745725658748
10,YZt,82,108,0.006221733684910484,0.009945234370545477
10,YZt,83,109,0.006058051384113272,0.009794649407012376
10,YZt,84,109,0.006120075989942663,0.009949019232404033
10,YZt,85,110,0.006039868383502109,0.009792303017698473
10,YZt,86,110,0.006154582184432508,0.009937520307726383
10,YZt,87,111,0.006191124047569458,0.009908207262157697
10,YZt,88,112,0.006174219674418199,0.009872422793014564
10,YZt,89,113,0.006219815037718934,0.009892137261748065
10,YZt,90,114,0.0062486739599577614,0.009878205415082527
10,YZt,91,115,0.0062108833619157,0.009850023441398
10,YZt,92,116,0.006205490993477367,0.00980559349386822
10,YZt,93,116,0.006351393584978898,0.009988763875040706
10,YZt,94,118,0.006168625711775904,0.00978379180672526
10,YZt,95,118,0.006304879071058965,0.00995527292898283
10,YZt,96,119,0.006317426489446654,0.009895003091173157
10,YZt,97,120,0.006299898452612374,0.009829303071125476
10,YZt,98,121,0.006243728800668123,0.009798843718400459
10,YZt,99,121,0.006370037483559077,0.009913958959381698
10,YZt,100,122,0.006346000003432362,0.00979783130092136
10,YZt,101,122,0.006458363655836288,0.009911984993575361
10,YZt,102,123,0.0064264920188995284,0.009955135857353754
10,YZt,103,124,0.006420791801963953,0.009866885411642178
10,YZt,104,124,0.006586235071383868,0.009989090431645153
10,YZt,105,125,0.006615488024946814,0.00990838173401848
10,YZt,106,126,0.006661701424033614,0.009856239614131606
10,YZt,107,128,0.006569775838352764,0.009891659865709378
10,YZt,108,129,0.006660804530616759,0.009871513443364415
10,YZt,109,130,0.006768277759742994,0.00981958698403173
10,YZt,110,130,0.006988025923182002,0.009928211276079261
10,YZt,111,130,0.007166495440673193,0.009960343637993054
10,YZt,112,130,0.0072912285703348395,0.009913578503701578
10,YZt,113,130,0.0073416362608447125,0.009811952667663236
10,YZt,114,135,0.006521288745239454,0.009832349781252228
10,YZt,115,134,0.006568061134302162,0.009969494250673838
10,YZt,116,134,0.006484742229964188,0.009917255244050757
10,YZt,117,134,0.006426421065031821,0.009906772685231288
10,YZt,118,134,0.006383937489582633,0.009927555691436106
10,YZt,119,134,0.006358839156337096,0.009969621897474348
10,YZt,120,135,0.006197382057954898,0.00982671375601062
10,YZt,121,135,0.006159235680308686,0.009880100391045575
10,YZt,122,135,0.006094659340595572,0.009912766893450296
10,YZt,123,135,0.006011425947301566,0.009929301118702478
10,YZt,124,135,0.0059252163042176915,0.009937154640484546
10,YZt,125,135,0.005855927230502142,0.009938167906881958
10,YZt,126,135,0.005808086609975461,0.009934644365062167
10,YZt,127,135,0.005788867826091172,0.00992418056000654
10,YZt,128,135,0.005781811910281203,0.009917878658672094
10,YZt,129,135,0.0057850678327663625,0.009901075271314659
10,YZt,156,115,0.007452171167949925,0.00986854912741623
10,YZt,157,114,0.007412234430636267,0.00979544654263784
10,YZt,158,111,0.007673690017685818,0.009918969250148145
10,YZt,159,110,0.007515796491733867,0.00982324544638626
10,YZt,160,109,0.007309644679197017,0.009794923344096696
10,YZt,161,108,0.007136428145244187,0.009821723529229777
10,YZt,162,107,0.007078066408183566,0.009795991234239567
10,YZt,163,106,0.007015527078110932,0.009870515858008655
10,YZt,164,105,0.006924362646490996,0.009975687849998385
10,YZt,165,105,0.006726446309868461,0.009863687321779366
10,YZt,166,104,0.006714259172597516,0.009872675547831247
10,YZt,167,103,0.006642201250921705,0.00998328372915266
10,YZt,168,103,0.006461389479203649,0.009923463293257224
10,YZt,169,103,0.006357223717620482,0.00990590054044658
10,YZt,170,103,0.006231552661965709,0.00991923820820913
10,YZt,171,103,0.006200367899893342,0.009930063126753735
10,YZt,172,104,0.006153322393038959,0.00979898414981254
10,YZt,173,104,0.006177372349834188,0.009806094624327176
10,YZt,174,104,0.006251241104311597,0.009800685987253978
10,YZt,175,104,0.006364665582393042,0.009849621058139786
10,YZt,176,103,0.0065423095065975725,0.009990388494114613
10,YZt,177,103,0.0066788052573466625,0.009983107878636956
10,YZt,178,103,0.006780915590436381,0.009859438175932465
10,YZt,179,102,0.0070986352559779045,0.00992910925639617
10,YZt,180,102,0.0073255499492242615,0.009799208288258927
10,YZt,181,101,0.007755163192546744,0.00984682999607214
10,YZt,130,135,0.005801929116959043,0.009885761813951463
10,YZt,131,135,0.005814510384085407,0.009861027738738825
10,YZt,132,135,0.005825879667234744,0.009830592209101187
10,YZt,133,134,0.005965954671739106,0.00999765537287123
10,YZt,134,134,0.005988162230153029,0.009951739651586177
10,YZt,135,134,0.006012720014952325,0.009912654368632638
10,YZt,136,134,0.006046879769948976,0.009883273778151468
10,YZt,137,134,0.006088619739644694,0.00987364845759303
10,YZt,138,134,0.006154788576288672,0.009885554372303623
10,YZt,139,134,0.0062570885765302516,0.009925979485699524
10,YZt,140,134,0.006377223702971023,0.009996927657397747
10,YZt,141,135,0.006326712987819812,0.009868062821582224
10,YZt,142,135,0.006353487399262022,0.009898912097031148
10,YZt,143,135,0.006313955998452486,0.00988388808960381
10,YZt,144,135,0.006234090816998648,0.009820868810807857
10,YZt,145,134,0.0062704640149399745,0.00987288326007933
10,YZt,146,127,0.007175448878981142,0.009899188957058994
10,YZt,147,126,0.0071808123579964,0.009934042452805023
10,YZt,148,125,0.007188658114773664,0.009972004594086868
10,YZt,149,124,0.0071866098216693645,0.009988047792282035
10,YZt,150,123,0.0071673948299420965,0.009984432056690522
10,YZt,151,122,0.007128779906776125,0.009968018504230326
10,YZt,152,121,0.007103361146151732,0.009926205776578679
10,YZt,153,118,0.007434104157300599,0.009936257387262008
10,YZt,154,117,0.00745435515496961,0.009904904096504377
10,YZt,155,116,0.007478643298514281,0.009896096590965815
10,YZt,182,101,0.008210181861667755,0.009795244623400872
10,YZt,183,100,0.008856616457764971,0.009864441963954683
10,YZt,184,100,0.009643176808756329,0.009843457948254596
10,YZt,185,100,0.010523197829628383,0.009792381304972843
10,YZt,186,100,0.011896951737413298,0.00981686313208904
10,YZt,187,100,0.014112908206229081,0.009999633893047179
10,YZt,188,100,0.01681212650714548,0.00994834498349545
10,YZt,189,98,0.020333891083608963,0.009951779323678927
10,YZt,190,95,0.024145989631765397,0.009837002243887675
10,YZt,191,92,0.026911886909035534,0.009765551620599678
10,YZt,192,90,0.028375140781999257,0.009884177780051812
10,YZt,193,89,0.029035478262967866,0.009856059552383362
10,YZt,194,89,0.02923462577803545,0.009843586061236248
10,YZt,195,88,0.02937867000246386,0.009898484207211133
10,YZt,196,88,0.029533109250057102,0.009844725765036427
10,YZt,197,87,0.029616980016583423,0.009959579713207045
10,YZt,198,87,0.029998878806198698,0.009945875686515327
10,YZt,199,87,0.030191900483292355,0.00994868673708171
10,YZt,200,87,0.02951607386996048,0.009823849465061247
10,YZt,201,87,0.029938973652897303,0.009839968272580577
10,YZt,202,87,0.030159126609211138,0.00985173202512534
10,YZt,203,86,0.030298364048829705,0.00998021050660209
10,YZt,204,86,0.030433749583888878,0.009984177140150645
10,YZt,205,86,0.03065661237626835,0.009915485275023126
10,YZt,206,86,0.03088495676700046,0.009877971427850326
10,YZt,207,85,0.030876117713311866,0.009992279457411643
10,YZt,208,85,0.03084354991407952,0.009970738352839206
10,YZt,209,85,0.030825971791471923,0.00987386779551317
10,YZt,210,85,0.030902248936411175,0.00993818410596247
10,YZt,211,85,0.03036589495564188,0.009803891726360307
10,YZt,212,84,0.03101459314255134,0.009995651918725786
10,YZt,213,84,0.031056998724194467,0.009941158503862806
10,YZt,214,84,0.0310547940192778,0.00993341040568127
10,YZt,215,84,0.030964818802123994,0.009885481863635548
10,YZt,216,84,0.030636046113264946,0.009759818503372188
10,YZt,217,84,0.03053027849898725,0.009831538873071635
10,YZt,218,83,0.03029754848836102,0.009941530963957938
10,YZt,219,83,0.030053963522950398,0.009843551794097512
10,YZt,220,83,0.0298040355671209,0.009752184564147535
10,YZt,221,82,0.030162324497256372,0.00994090286323727
10,YZt,222,82,0.029800857236662887,0.009834468742873493
10,YZt,223,81,0.029920964905849574,0.009982162533041683
10,YZt,224,81,0.029519474732688313,0.00992554156344181
10,YZt,225,80,0.030263503420797342,0.009926667610214561
10,YZt,226,80,0.029986932270615017,0.009974420154881466
10,YZt,227,80,0.029433857067531093,0.00990550661847262
10,YZt,228,80,0.028756000883477625,0.009836760652187825
10,YZt,229,80,0.02837979194288818,0.009770525028791319
10,YZt,230,80,0.027863487944180733,0.009748949633722947
10,YZt,231,78,0.029041634595241086,0.009958996627908664
10,YZt,232,79,0.02797273143086621,0.009808162200733031
10,YZt,233,79,0.027228262122145915,0.009752415673768687
10,YZt,234,77,0.028353888691633997,0.009908326027150674
10,YZt,235,78,0.027043574437537306,0.009751331612186392
10,YZt,236,78,0.026386570780958563,0.009783467800573802
10,YZt,237,77,0.026934043634120414,0.009766773428504965
10,YZt,238,77,0.026192745835817315,0.009816436742009736
10,YZt,239,76,0.026498963751895074,0.009829278893299074
10,YZt,240,77,0.025324063900795175,0.009741108857403223
10,YZt,241,75,0.025928669756743242,0.009895707314242944
10,YZt,242,75,0.02549269577343102,0.009752949799029288
10,YZt,243,74,0.02551505574058922,0.009788026407251366
10,YZt,244,73,0.025061091493322828,0.009845963052854761
10,YZt,245,74,0.023776262080587855,0.009755862409024324
10,YZt,246,72,0.023985022793217504,0.009894798942332224
10,YZt,247,71,0.02394976441680778,0.009826922439755897
10,YZt,248,70,0.02347647017650187,0.009975947978484005
10,YZt,249,70,0.02239418586001564,0.009848538744614777
10,YZt,250,68,0.022201848759997738,0.009891189034549335
10,YZt,251,68,0.02097652653494659,0.00987315541474735
10,YZt,252,67,0.021014603543731452,0.009827179095182602
10,YZt,253,67,0.019295274070607812,0.009911211540337191
10,YZt,254,67,0.019148579352949942,0.009911500045452923
10,YZt,255,68,0.01925107717506574,0.009850293503727996
10,YZt,256,69,0.01963582975867953,0.009767025385297315
10,YZt,257,69,0.021491794493529264,0.00994233444318474
10,YZt,258,68,0.02633988780441595,0.009995472067507867
10,YZt,259,10,0.632524066525516,0.009173585977120476
10,XZt,0,10,0.5933422399683603,0.008811481259593251
10,XZt,1,67,0.02467644708180484,0.009961385713953832
10,XZt,2,68,0.01988134024670976,0.009754395209887795
10,XZt,3,68,0.018476670061235274,0.009832968833441784
10,XZt,4,68,0.01794667263581976,0.009729044302057377
10,XZt,5,68,0.017829344757542644,0.00972918613493411
10,XZt,6,67,0.018519296841971795,0.00982402855648348
10,XZt,7,68,0.020130380639255117,0.009739660687681449
10,XZt,8,69,0.020146065753991957,0.00973043929615084
10,XZt,9,69,0.02109064936557959,0.00973521015342571
10,XZt,10,70,0.021633000686553674,0.009755337873348325
10,XZt,11,70,0.022688127629403726,0.009835607554573045
10,XZt,12,70,0.023772645793620584,0.00990265698935934
10,XZt,13,72,0.023450091820548396,0.009787437409646943
10,XZt,14,73,0.02381174231300457,0.00990441067453213
10,XZt,15,73,0.02472875110175905,0.009798469355192444
10,XZt,16,74,0.025377556280999632,0.009804677555091951
10,XZt,17,75,0.02560088098847366,0.009851637868126227
10,XZt,18,75,0.02612753814651535,0.009934985818303535
10,XZt,19,77,0.025631765096503983,0.009806963528533805
10,XZt,20,76,0.026962412179576508,0.009995826781626015
10,XZt,21,77,0.026734622610437936,0.009957685619726826
10,XZt,22,77,0.02747947673936938,0.009829646233862068
10,XZt,23,78,0.027019200652456485,0.009914632840469007
10,XZt,24,78,0.027883399441542944,0.009994970844585694
10,XZt,25,78,0.028673734751625712,0.009899757367085947
10,XZt,26,79,0.02801415339721311,0.009974324465988643
10,XZt,27,80,0.02810672050334534,0.009774218717933674
10,XZt,28,79,0.02902785764767823,0.009850958121272554
10,XZt,29,80,0.02873626688432152,0.009929070265816273
10,XZt,30,80,0.02907445305645573,0.009982626385608819
10,XZt,31,81,0.028704618861727593,0.00977224947326953
10,XZt,32,81,0.029381622584872494,0.00992865409939511
10,XZt,33,82,0.029211300619465974,0.009765726678592056
10,XZt,34,81,0.03017628784178976,0.009951332907221128
10,XZt,35,82,0.02931028583470452,0.009927130966851041
10,XZt,36,83,0.02904781306404164,0.009791442599312786
10,XZt,37,83,0.0294392236932407,0.009849426087031946
10,XZt,38,83,0.0299027505222499,0.009939258586009636
10,XZt,39,84,0.029541844077735437,0.009766470443816861
10,XZt,40,84,0.0299902108283805,0.009948947571547415
10,XZt,41,85,0.029794114734312004,0.009825764676639764
10,XZt,42,86,0.030135581123887804,0.00979101471070231
10,XZt,43,86,0.0304490718392251,0.009923817877483494
10,XZt,44,87,0.03014710637309028,0.009865112622192907
10,XZt,45,87,0.030345126817517516,0.00999221347729688
10,XZt,46,88,0.02998086393777415,0.00994871486284048
10,XZt,47,89,0.02945851210464755,0.009878957396220196
10,XZt,48,90,0.028973314788463024,0.009812983940116775
10,XZt,49,91,0.02904877028648497,0.009793673737416147
10,XZt,50,91,0.029242721463081652,0.009959088615250113
10,XZt,51,92,0.028765793054465492,0.009901814676592818
10,XZt,52,93,0.028339209547211107,0.009830990692442294
10,XZt,53,94,0.02847623586601513,0.009822447054636677
10,XZt,54,94,0.028555426024540403,0.009955620990032063
10,XZt,55,95,0.027894347561843058,0.00991759188508351
10,XZt,56,96,0.02750113977120198,0.009863051154767134
10,XZt,57,97,0.02754127482699911,0.009858353829671563
10,XZt,58,98,0.026894481193245997,0.009779535383216936
10,XZt,59,98,0.02676114484050511,0.00995176122089894
10,XZt,60,99,0.026748174224481225,0.009958198727160878
10,XZt,61,100,0.02596439295298301,0.009897223664081281
10,XZt,62,101,0.02512071503329241,0.009818183183950398
10,XZt,63,102,0.024782634360687415,0.009780266732661243
10,XZt,64,102,0.024438750253635788,0.00990500664778977
10,XZt,65,103,0.024057217935047018,0.009875435240452323
10,XZt,66,104,0.023304006332093768,0.009792395396615762
10,XZt,67,105,0.02269192990316068,0.009825350766629272
10,XZt,68,106,0.021693977087641224,0.009864078639321082
10,XZt,69,108,0.020274353610175693,0.009766081495031324
10,XZt,70,109,0.01899363367572236,0.009870907293163965
10,XZt,71,111,0.017371767469388757,0.009767637589671887
10,XZt,72,112,0.016431881813853393,0.009928955223410963
10,XZt,73,113,0.01533959788712143,0.009993630036004763
10,XZt,74,115,0.014108806783174815,0.00979845840182157
10,XZt,75,116,0.013309154142258727,0.009777445679956162
10,XZt,76,116,0.012707994604003472,0.009901241739099289
10,XZt,77,117,0.01199606300329218,0.009804796401317444
10,XZt,78,117,0.011475221494237723,0.009854801750714366
10,XZt,79,117,0.011073241345051988,0.009918207162700934
10,XZt,80,117,0.010664953734046387,0.009932198290717197
10,XZt,81,117,0.010299221390895999,0.00995170229034452
10,XZt,82,117,0.010016544237246803,0.009972351686786845
10,XZt,83,117,0.009674218915938466,0.00995582466170583
10,XZt,84,117,0.009470165575836008,0.009992125631002793
10,XZt,85,118,0.009020196835976432,0.009786968222628598
10,XZt,86,118,0.008856504273528123,0.009812538631217012
10,XZt,87,118,0.00874387647671145,0.009852170893810686
10,XZt,88,118,0.008561460164887085,0.009896293353871181
10,XZt,89,118,0.008486074776315097,0.009973194575910022
10,XZt,90,119,0.008285990268709787,0.009861935334536585
10,XZt,91,120,0.008140814818358457,0.009902404225635323
10,XZt,92,122,0.007905216221618539,0.00980586634342513
10,XZt,93,123,0.007828084512275452,0.009905508166330285
10,XZt,94,125,0.007498313714702696,0.009796144227653474
10,XZt,95,126,0.007348450078969833,0.00980609657876401
10,XZt,96,126,0.007355013507982788,0.009976205026410122
10,XZt,97,127,0.007175295794097571,0.009918429766305276
10,XZt,98,128,0.006957936327880318,0.00988239529297103
10,XZt,99,128,0.006917237944052465,0.009960854684435165
10,XZt,100,129,0.006725063312227963,0.009808563158473588
10,XZt,101,129,0.006656150300721592,0.009853608363124097
10,XZt,102,130,0.0064230247688932506,0.009798840588986736
10,XZt,103,130,0.006357026144989271,0.009832958308320927
10,XZt,104,130,0.006307280500851709,0.009852951704920962
10,XZt,105,130,0.006241709977955923,0.009865611894925255
10,XZt,106,130,0.006171068188809561,0.009886370930530854
10,XZt,107,131,0.005969962860739966,0.009956876064886695
10,XZt,108,131,0.005926813223637392,0.009988475682847166
10,XZt,109,131,0.005896380869549593,0.00999994476229411
10,XZt,110,131,0.005854265132523333,0.009998396453315907
10,XZt,111,131,0.005810633459321604,0.009989043233171955
10,XZt,112,131,0.005767948429569918,0.009981710563243155
10,XZt,113,131,0.00573263898533066,0.009990226197569244
10,XZt,114,137,0.005049350910842,0.009927083473790605
10,XZt,115,137,0.005035424471182591,0.009987996751197206
10,XZt,116,138,0.004919183968766477,0.009816275864750104
10,XZt,117,138,0.004901233863823229,0.009817318005849507
10,XZt,118,138,0.004877369902807416,0.009811543253694368
10,XZt,119,137,0.004953619434276067,0.009993477381059214
10,XZt,120,137,0.004935072757149093,0.009986464629691934
10,XZt,121,137,0.004921304490244473,0.00998522018368055
10,XZt,122,137,0.0049138233387470785,0.00998786089621164
10,XZt,123,137,0.00490360559277469,0.009983080617690175
10,XZt,124,137,0.004888697533279735,0.009983057964170724
10,XZt,125,137,0.00487465011572332,0.009991041490448868
10,XZt,126,138,0.004766571481150201,0.009814008464477377
10,XZt,127,138,0.004762528703280608,0.009828866691205373
10,XZt,128,138,0.0047648195263254095,0.009849483683689016
10,XZt,129,138,0.004775424724596374,0.009871481214662218
10,XZt,130,138,0.004789932028983003,0.009882318494528322
10,XZt,131,138,0.00480021839572208,0.009884539978118953
10,XZt,132,138,0.004820085929833101,0.009883848920631919
10,XZt,133,138,0.004844511077594708,0.009870775263199646
10,XZt,134,138,0.004871969226657559,0.009862359757526164
10,XZt,135,138,0.004911887892398522,0.009859609623134846
10,XZt,136,138,0.004949051848964526,0.00985176159490632
10,XZt,137,138,0.00498401036384234,0.009851759260453154
10,XZt,138,138,0.0050196755827782175,0.009848994490552472
10,XZt,139,138,0.0050491834773874035,0.00982978856489124
10,XZt,140,137,0.005185479970270659,0.009994580433189935
10,XZt,141,137,0.005214734225262372,0.009968302289011712
10,XZt,142,137,0.005240494436134092,0.009940819961773643
10,XZt,143,137,0.005269023329479007,0.009912519801194146
10,XZt,144,137,0.005304710538236547,0.009884382148258809
10,XZt,145,137,0.005355255089706374,0.00982151122255614
10,XZt,146,131,0.006152169857715963,0.00986565851832627
10,XZt,147,131,0.006262690408826176,0.009884087810165698
10,XZt,148,131,0.006387716797365338,0.009918195955095696
10,XZt,149,131,0.006524350894986637,0.009938989398396565
10,XZt,150,131,0.006658195172764316,0.009950528228528882
10,XZt,151,131,0.00678259341381559,0.009941593039283807
10,XZt,152,131,0.00690595033110628,0.009896020673523338
10,XZt,153,130,0.00722132362034675,0.009815374981471081
10,XZt,154,129,0.007516321599972269,0.009975038459773758
10,XZt,155,129,0.007659553192496648,0.009936093049217417
10,XZt,156,129,0.0077722794755372545,0.009887478565782518
10,XZt,157,129,0.0079056848693977,0.009837284353137316
10,XZt,158,128,0.008262062815485116,0.009883106232037456
10,XZt,159,128,0.00844376526632358,0.009864849182505445
10,XZt,160,128,0.00862225565972431,0.00987306340323824
10,XZt,161,128,0.00881390880986629,0.00988929269499067
10,XZt,162,128,0.009093902531394332,0.009871435395362298
10,XZt,163,128,0.009339272061277389,0.009920881939947215
10,XZt,164,128,0.009574631573577184,0.009981013944392427
10,XZt,165,129,0.009611170979798193,0.009811211178290206
10,XZt,166,129,0.00987157866181524,0.009795851933810072
10,XZt,167,129,0.010037428763885211,0.009792184019842715
10,XZt,168,128,0.010404907813614883,0.009972653413150075
10,XZt,169,128,0.01058423452455229,0.009851874037078838
10,XZt,170,127,0.010855333220071345,0.00988844497988141
10,XZt,171,126,0.011058919577980171,0.009850909482750504
10,XZt,172,124,0.01148780998931346,0.00997656004135467
10,XZt,173,123,0.011447459265812494,0.009829353376412392
10,XZt,174,121,0.011594310605829806,0.00991333645824083
10,XZt,175,120,0.011496656975297047,0.009775486888142677
10,XZt,176,118,0.011525073887156165,0.009861051061303914
10,XZt,177,117,0.011403360720755474,0.0097652870651229
10,XZt,178,115,0.011449750044483956,0.009890490303049724
10,XZt,179,114,0.011294648990826541,0.009797837951609352
10,XZt,180,113,0.01125185220606572,0.009805790118310283
10,XZt,181,112,0.011231336187297877,0.009824989117502623
10,XZt,182,111,0.011396293907287134,0.009964458587615917
10,XZt,183,111,0.011302308831071282,0.00989500890179958
10,XZt,184,111,0.011380805966602861,0.009932658688002482
10,XZt,185,111,0.011454889903294694,0.009980819235722294
10,XZt,186,112,0.011361237038128833,0.009834075857319716
10,XZt,187,112,0.011630825576530349,0.009950096394703135
10,XZt,188,113,0.011614139525882245,0.009791892782147812
10,XZt,189,113,0.011946575198325095,0.00984847374753215
10,XZt,190,113,0.012322838278227256,0.00983881905718141
10,XZt,191,112,0.012794770616241565,0.009854477356526755
10,XZt,192,110,0.013446985660393165,0.00995625894202236
10,XZt,193,108,0.01384910665020424,0.00989361464101269
10,XZt,194,106,0.014176879633288137,0.009842763616979925
10,XZt,195,103,0.014580484633639718,0.00994062562260941
10,XZt,196,101,0.014769961194719452,0.009932672580631614
10,XZt,197,99,0.014841183497643878,0.009972492749802523
10,XZt,198,98,0.01494884865059038,0.009986613553617902
10,XZt,199,98,0.014947746970329053,0.009917436900218046
10,XZt,200,98,0.014802454982069916,0.00984197693459186
10,XZt,201,98,0.014906141960535284,0.009865607232573036
10,XZt,202,98,0.015044580964374775,0.00990621705971961
10,XZt,203,98,0.014935002739849735,0.009854007082682078
10,XZt,204,98,0.014943925243010109,0.009860753694467029
10,XZt,205,98,0.015053127677438011,0.009846051424606516
10,XZt,206,98,0.015147134183798044,0.00988925277222425
10,XZt,207,98,0.015067923944553441,0.009860874974573552
10,XZt,208,98,0.015113361546092682,0.009868264027701162
10,XZt,209,98,0.01520516525963838,0.009859541200119044
10,XZt,210,98,0.015305449710169294,0.009836962108903355
10,XZt,211,97,0.01569624474217854,0.00997152756214868
10,XZt,212,97,0.0159116643321825,0.009920854894379142
10,XZt,213,97,0.01632860039154233,0.009883869086854654
10,XZt,214,97,0.01689021328736788,0.009838779319197227
10,XZt,215,97,0.017681496197764674,0.009827218099979844
10,XZt,216,96,0.019064641859242247,0.00998379436920678
10,XZt,217,96,0.020251580156586887,0.009889024472920244
10,XZt,218,95,0.02162795353523547,0.009900133320636243
10,XZt,219,94,0.023312925529901267,0.009895679425173469
10,XZt,220,93,0.024870181024515655,0.00976932213096177
10,XZt,221,91,0.02660862854967888,0.00988823681924218
10,XZt,222,89,0.02806527539728889,0.009977228157515767
10,XZt,223,88,0.028389457494617507,0.0098179544032935
10,XZt,224,86,0.02905058292184578,0.009875129379205162
10,XZt,225,84,0.030059023641065483,0.009885433007227742
10,XZt,226,83,0.03016667279734591,0.009990982024276474
10,XZt,227,83,0.029376148257889142,0.009771861539019938
10,XZt,228,82,0.02906649658478419,0.00979008957744344
10,XZt,229,81,0.029270495126173753,0.009955449271167994
10,XZt,230,81,0.02871880645857635,0.009861089154708267
10,XZt,231,80,0.029019763419215493,0.009784700690536342
10,XZt,232,80,0.028806209967344665,0.009965099435688827
10,XZt,233,80,0.027895588639234765,0.009898428831882683
10,XZt,234,79,0.02852543146369635,0.00982859643011902
10,XZt,235,79,0.027783741677469925,0.009921874461294845
10,XZt,236,79,0.026955720520160893,0.009852114480048082
10,XZt,237,78,0.027336708725252786,0.009768941927947744
10,XZt,238,78,0.02657416383509879,0.009872868895073862
10,XZt,239,77,0.02675274906250556,0.009926166388434705
10,XZt,240,78,0.02543154760507228,0.00974209687356642
10,XZt,241,76,0.026088658223599053,0.009906811763568541
10,XZt,242,76,0.025611377754402188,0.009801727439533878
10,XZt,243,75,0.025455349506398627,0.009740101851317226
10,XZt,244,74,0.02499296575005062,0.009799337762058515
10,XZt,245,74,0.02418608551806428,0.009920310876438266
10,XZt,246,73,0.023923819566400176,0.009843621107050206
10,XZt,247,71,0.024269031287005097,0.009937070550544993
10,XZt,248,71,0.023370453892135278,0.009918067259962374
10,XZt,249,71,0.022186129068220147,0.00983317153727527
10,XZt,250,70,0.02174621738665526,0.009801829115013833
10,XZt,251,70,0.020612504836031574,0.009731755315933647
10,XZt,252,69,0.02067799915505764,0.009771313148661628
10,XZt,253,68,0.01914656206907536,0.009902310937546677
10,XZt,254,69,0.018017904710674593,0.00978558912121371
10,XZt,255,69,0.018296005013911744,0.009836103258926483
10,XZt,256,69,0.01891197338208808,0.00998052466923211
10,XZt,257,69,0.020364699629588322,0.009910158773493464
10,XZt,258,69,0.024588670344441413,0.00982517325982167
10,XZt,259,10,0.6244032871534035,0.009674261156627218
