iteration,orientation,plane,iterations,percent_change_last,gradient_last
1,XYt,0,15,0.44379508082899716,
1,XYt,1,15,0.43134524431181426,
1,XYt,2,15,0.40806094208986593,
1,XYt,3,15,0.38100788581419753,
1,XYt,4,15,0.35133727150395966,
1,XYt,5,15,0.32259447574364625,
1,XYt,6,15,0.30886368034744743,
1,XYt,7,15,0.2985478723235305,
1,XYt,8,15,0.2896985350570952,
1,XYt,9,15,0.28327261521143476,
1,XYt,10,15,0.2774505649660535,
1,XYt,11,15,0.2729288256618359,
1,XYt,12,15,0.27142949135776456,
1,XYt,13,15,0.2691326079945577,
1,XYt,14,15,0.2663446396881179,
1,XYt,15,15,0.2588190295819959,
1,XYt,16,15,0.2405366514745197,
1,XYt,17,15,0.2390294186739046,
1,XYt,18,15,0.23966710964669308,
1,XYt,19,15,0.240120422547404,
1,XYt,20,15,0.24102737016405018,
1,XYt,21,15,0.24219454507823068,
1,XYt,22,15,0.24326102071661662,
1,XYt,23,15,0.24527410540033526,
1,XYt,24,15,0.247040882945183,
1,XYt,25,15,0.2495814023548056,
1,XYt,26,15,0.2523216662930801,
1,XYt,27,15,0.25667763694608153,
1,XYt,28,15,0.2613593486810088,
1,XYt,29,15,0.266792028555216,
1,XYt,30,15,0.2729557174606791,
1,XYt,31,15,0.27992193565234275,
1,XYt,32,15,0.28801084577469344,
1,XYt,33,15,0.29728775631452503,
1,XYt,34,15,0.3063082696529747,
1,XYt,35,15,0.3169887952035081,
1,XYt,36,15,0.32859284015509144,
1,XYt,37,15,0.34239435958400416,
1,XYt,38,15,0.3567891450808397,
1,XYt,39,15,0.37309026529007994,
1,XYt,40,15,0.3903161878718876,
1,XYt,41,15,0.40885193153219307,
1,XYt,42,15,0.428944157213387,
1,XYt,43,15,0.4518135148745704,
1,XYt,44,15,0.47850521241745125,
1,XYt,45,15,0.508734507013693,
1,XYt,46,15,0.5460263213541775,
1,XYt,47,15,0.5878437822253257,
1,XYt,48,15,0.6283546704195775,
1,XYt,49,15,0.6716653695363817,
1,XYt,50,15,0.7143802274564965,
1,XYt,51,15,0.7529962398084471,
1,XYt,52,15,0.7868703485789126,
1,XYt,53,15,0.8214235070198019,
1,XYt,54,15,0.8567245952665271,
1,XYt,55,15,0.8912913328377131,
1,XYt,56,15,0.9200024843478818,
1,XYt,57,15,0.9400156129345573,
1,XYt,58,15,0.9505245255072549,
1,XYt,59,15,0.957189575180176,
1,XYt,60,15,0.9636001357427567,
1,XYt,61,15,0.9681176038509124,
1,XYt,62,15,0.9707297248032413,
1,XYt,63,15,0.9729249479913549,
1,XYt,64,15,0.9751493695027483,
1,XYt,65,15,0.9759245762560025,
1,XYt,66,15,0.9736472839593214,
1,XYt,67,15,0.9711182540510904,
1,XYt,68,15,0.9690344074434356,
1,XYt,69,15,0.9645278359019268,
1,XYt,70,15,0.9627366105644554,
1,XYt,71,15,0.9581237574229271,
1,XYt,72,15,0.9571060009996208,
1,XYt,73,15,0.9526415200922758,
1,XYt,74,15,0.9477945976221693,
1,XYt,75,15,0.9399001578290939,
1,XYt,76,15,0.9282684406783309,
1,XYt,77,15,0.9158630715018523,
1,XYt,78,15,0.8962438250186407,
1,XYt,79,15,0.875298757495409,
1,XYt,80,15,0.8568497900192505,
1,XYt,81,15,0.8416291507819884,
1,XYt,82,15,0.8275313537486726,
1,XYt,83,15,0.8137113928823039,
1,XYt,84,15,0.8039797294967723,
1,XYt,85,15,0.7928148213404269,
1,XYt,86,15,0.7808278627553549,
1,XYt,87,15,0.7715453498117973,
1,XYt,88,15,0.7596117791319478,
1,XYt,89,15,0.7492444114486753,
1,XYt,90,15,0.7418712848415839,
1,XYt,91,15,0.7346777740402365,
1,XYt,92,15,0.729604492626378,
1,XYt,93,15,0.7239854223101169,
1,XYt,94,15,0.718584566158052,
1,XYt,95,15,0.7145171903969965,
1,XYt,96,15,0.7134282670124564,
1,XYt,97,15,0.7100003261448106,
1,XYt,98,15,0.705735119157576,
1,XYt,99,15,0.699747585397032,
1,XYt,100,15,0.6937553533458937,
1,XYt,101,15,0.6873136480336103,
1,XYt,102,15,0.6849502041034307,
1,XYt,103,15,0.6807738581768777,
1,XYt,104,15,0.6759038447171162,
1,XYt,105,15,0.673826511740566,
1,XYt,106,15,0.6740840996620099,
1,XYt,107,15,0.6734982813432004,
1,XYt,108,15,0.6718237863994643,
1,XYt,109,15,0.6728798011000705,
1,XYt,110,15,0.673695214604242,
1,XYt,111,15,0.6746820178520755,
1,XYt,112,15,0.6764113296020479,
1,XYt,113,15,0.6810774794221928,
1,XYt,114,15,0.6855250366771635,
1,XYt,115,15,0.6918360099455357,
1,XYt,116,15,0.7002694792326984,
1,XYt,117,15,0.707622568710198,
1,XYt,118,15,0.7125600471885537,
1,XYt,119,15,0.7162751675316762,
1,XYt,120,15,0.7221796333226058,
1,XYt,121,15,0.7273684024164808,
1,XYt,122,15,0.7299402045854598,
1,XYt,123,15,0.7330052246929922,
1,XYt,124,15,0.7358252401955705,
1,XYt,125,15,0.7380323666943308,
1,XYt,126,15,0.7431118180229217,
1,XYt,127,15,0.7527926267745694,
1,XYt,128,15,0.7615638856242674,
1,XYt,129,15,0.7716104784049429,
1,XYt,130,15,0.7800110003467501,
1,XYt,131,15,0.7914085326670692,
1,XYt,132,15,0.8013490959256901,
1,XYt,133,15,0.8136591989131633,
1,XYt,134,15,0.8237269347370652,
1,XYt,135,15,0.8369624679664506,
1,XYt,136,15,0.8516870562795298,
1,XYt,137,15,0.8665531268057367,
1,XYt,138,15,0.8855540311208712,
1,XYt,139,15,0.9014756440923138,
1,XYt,140,15,0.9111536074355528,
1,XYt,141,15,0.9181144723962833,
1,XYt,142,15,0.9188107665715886,
1,XYt,143,15,0.9182430270271247,
1,XYt,144,15,0.9177656792991399,
1,XYt,145,15,0.917706369000754,
1,XYt,219,15,0.9222243080989317,
1,XYt,220,15,0.9365442515907074,
1,XYt,221,15,0.9465028447212006,
1,XYt,222,15,0.954175190480359,
1,XYt,223,15,0.9586228326812367,
1,XYt,224,15,0.9621398095319604,
1,XYt,225,15,0.9626068806435971,
1,XYt,226,15,0.9621216134660807,
1,XYt,227,15,0.9650958664379677,
1,XYt,228,15,0.964456637945592,
1,XYt,229,15,0.9664192301116801,
1,XYt,230,15,0.9674207999861082,
1,XYt,231,15,0.9682158927419082,
1,XYt,232,15,0.9644628289445197,
1,XYt,233,15,0.9591705432279212,
1,XYt,234,15,0.9566120298590167,
1,XYt,235,15,0.9520901010968755,
1,XYt,236,15,0.9456774088976895,
1,XYt,237,15,0.9353251101856419,
1,XYt,238,15,0.9297012064243328,
1,XYt,239,15,0.9263794671212818,
1,XYt,240,15,0.9280153645837147,
1,XYt,241,15,0.9253872656139855,
1,XYt,242,15,0.9260512856060853,
1,XYt,243,15,0.9247431886262478,
1,XYt,244,15,0.9269875899313402,
1,XYt,245,15,0.9258268562441996,
1,XYt,246,15,0.922296010651894,
1,XYt,247,15,0.9229710264893208,
1,XYt,248,15,0.9252828307188311,
1,XYt,249,15,0.9253489604946609,
1,XYt,250,15,0.9253800777906079,
1,XYt,251,15,0.9240129767800592,
1,XYt,252,15,0.9210869435081065,
1,XYt,253,15,0.9156668644429936,
1,XYt,254,15,0.9061699855362091,
1,XYt,255,15,0.8858845796362114,
1,XYt,256,15,0.8492913208991448,
1,XYt,257,15,0.8068416037037668,
1,XYt,258,15,0.753721521135805,
1,XYt,259,15,0.687429510325732,
1,XYt,260,15,0.6318346118466792,
1,XYt,261,15,0.6033073381457976,
1,XYt,262,15,0.5960837253672138,
1,XYt,263,15,0.6011905381249577,
1,XYt,264,15,0.6050222826557616,
1,XYt,265,15,0.6053383909307145,
1,XYt,266,15,0.605457233749263,
1,XYt,267,15,0.6058196033278834,
1,XYt,268,15,0.6068009815499135,
1,XYt,269,15,0.6063606559263918,
1,XYt,270,15,0.6074619233121793,
1,XYt,271,15,0.6067398375185559,
1,XYt,272,15,0.6070208903051514,
1,XYt,273,15,0.6075996068420928,
1,XYt,274,15,0.6092618036250266,
1,XYt,275,15,0.6116458516870311,
1,XYt,276,15,0.612456905373288,
1,XYt,277,15,0.6123502457029116,
1,XYt,278,15,0.6136120363375658,
1,XYt,279,15,0.6138119406820154,
1,XYt,280,15,0.6137731122013115,
1,XYt,281,15,0.6129935655636548,
1,XYt,282,15,0.6141964089497935,
1,XYt,283,15,0.6162960724432719,
1,XYt,284,15,0.6179533247686411,
1,XYt,285,15,0.6196819127705218,
1,XYt,286,15,0.6195075830232935,
1,XYt,287,15,0.6184113068096125,
1,XYt,288,15,0.618139768987429,
1,XYt,289,15,0.61837891728259,
1,XYt,290,15,0.6185196636963123,
1,XYt,291,15,0.6194742743023901,
1,XYt,292,15,0.6186444419184023,
1,XYt,293,15,0.6205358758583646,
1,XYt,294,15,0.6195433950876656,
1,XYt,295,15,0.6206219865834669,
1,XYt,296,15,0.6196998045398204,
1,XYt,297,15,0.6207157774831367,
1,XYt,298,15,0.6213002441970223,
1,XYt,299,15,0.6204580993458396,
1,XYt,300,15,0.6195166848311146,
1,XYt,301,15,0.6208282063418924,
1,XYt,302,15,0.6209316935456347,
1,XYt,303,15,0.6214592636978608,
1,XYt,304,15,0.6218111795069494,
1,XYt,305,15,0.6222425738531476,
1,XYt,306,15,0.6226036604488602,
1,XYt,307,15,0.6233760194530764,
1,XYt,308,15,0.6254029639439563,
1,XYt,309,15,0.6253333224564326,
1,XYt,310,15,0.6269696558693302,
1,XYt,311,15,0.625870339467638,
1,XYt,312,15,0.6252539886258288,
1,XYt,313,15,0.6272407103972035,
1,XYt,314,15,0.6268842307245324,
1,XYt,315,15,0.6266357489974377,
1,XYt,316,15,0.627753161968174,
1,XYt,317,15,0.6286897957880951,
1,XYt,318,15,0.6272464706459073,
1,XYt,319,15,0.6280238259980965,
1,XYt,320,15,0.630922646284488,
1,XYt,321,15,0.6352028722348512,
1,XYt,322,15,0.637365323566218,
1,XYt,323,15,0.6409283922210979,
1,XYt,324,15,0.6620881672392318,
1,XYt,325,15,0.7510615586418818,
1,XYt,326,15,0.8755537997092034,
1,XYt,327,15,0.9537339966321174,
1,XYt,328,15,0.9850496815536468,
1,XYt,329,15,1.0015981580314819,
1,XYt,330,15,1.004235517948676,
1,XYt,331,15,1.0076631668334934,
1,XYt,332,15,1.0104803192696232,
1,XYt,333,15,1.0099876503812686,
1,XYt,334,15,1.007918117267292,
1,XYt,335,15,1.0124369911846653,
1,XYt,336,15,1.0087199213929008,
1,XYt,337,15,1.0108669198109053,
1,XYt,338,15,1.0093662553530225,
1,XYt,339,15,1.0120962460125442,
1,XYt,340,15,1.021999794024413,
1,XYt,341,15,1.0223244335803652,
1,XYt,342,15,1.0223542516433342,
1,XYt,343,15,1.0261380415124197,
1,XYt,344,15,1.026587898473145,
1,XYt,345,15,1.028451605794293,
1,XYt,346,15,1.0273591735751317,
1,XYt,347,15,1.0304548957126676,
1,XYt,348,15,1.0343661129858701,
1,XYt,349,15,1.0423169906077274,
1,XYt,350,15,1.0373245765107526,
1,XYt,351,15,1.0446184999330739,
1,XYt,352,15,1.0512973917055601,
1,XYt,353,15,1.0565580281648552,
1,XYt,354,15,1.0570592183638732,
1,XYt,355,15,1.0600165364144032,
1,XYt,356,15,1.0547823203858666,
1,XYt,357,15,1.033059492332544,
1,XYt,358,15,0.9926538575164204,
1,XYt,359,15,0.9592705798995155,
1,XYt,360,15,0.9344693991868485,
1,XYt,361,15,0.9208079960186686,
1,XYt,362,15,0.8885069227557427,
1,XYt,363,15,0.8914433185722727,
1,XYt,364,15,0.8995409530670042,
1,XYt,146,15,0.9154472694222836,
1,XYt,147,15,0.9158090507227197,
1,XYt,148,15,0.9112169410028242,
1,XYt,149,15,0.910392394662548,
1,XYt,150,15,0.9122737055028072,
1,XYt,151,15,0.913676879351364,
1,XYt,152,15,0.9133878746340091,
1,XYt,153,15,0.9120700492098639,
1,XYt,154,15,0.9106189246106869,
1,XYt,155,15,0.9080177101963735,
1,XYt,156,15,0.9034099833644673,
1,XYt,157,15,0.8931197001051553,
1,XYt,158,15,0.8767917842322765,
1,XYt,159,15,0.8596808902123743,
1,XYt,160,15,0.8442465412038068,
1,XYt,161,15,0.8262982419055813,
1,XYt,162,15,0.8111309730568959,
1,XYt,163,15,0.7957771466838173,
1,XYt,164,15,0.7836899196113782,
1,XYt,165,15,0.7696165666804292,
1,XYt,166,15,0.7578884344759399,
1,XYt,167,15,0.7431186594397025,
1,XYt,168,15,0.7309610989217731,
1,XYt,169,15,0.7205437465401278,
1,XYt,170,15,0.7141713988720577,
1,XYt,171,15,0.7087102272625242,
1,XYt,172,15,0.7041485421391109,
1,XYt,173,15,0.6993285405020896,
1,XYt,174,15,0.6942961510467811,
1,XYt,175,15,0.6904627176494097,
1,XYt,176,15,0.6894963836836846,
1,XYt,177,15,0.6867211588087334,
1,XYt,178,15,0.6816810611414967,
1,XYt,179,15,0.6794635979007663,
1,XYt,180,15,0.6755968478113634,
1,XYt,181,15,0.6716043991836464,
1,XYt,182,15,0.6693886077583294,
1,XYt,183,15,0.666799060618223,
1,XYt,184,15,0.6648599651120608,
1,XYt,185,15,0.6630562813336899,
1,XYt,186,15,0.6628382693214752,
1,XYt,187,15,0.6638577568215229,
1,XYt,188,15,0.6622607481591714,
1,XYt,189,15,0.6636328776420467,
1,XYt,190,15,0.66566499459232,
1,XYt,191,15,0.6677428621760645,
1,XYt,192,15,0.6679213686993204,
1,XYt,193,15,0.6683404356845238,
1,XYt,194,15,0.673093522864005,
1,XYt,195,15,0.6792480273542508,
1,XYt,196,15,0.6892681540892055,
1,XYt,197,15,0.6975706524216436,
1,XYt,198,15,0.7036038326231054,
1,XYt,199,15,0.7041375066943503,
1,XYt,200,15,0.7101754104360618,
1,XYt,201,15,0.7125136051827625,
1,XYt,202,15,0.7152087315902724,
1,XYt,203,15,0.7174180172005586,
1,XYt,204,15,0.7206176942934751,
1,XYt,205,15,0.7221930239993047,
1,XYt,206,15,0.7307820452849468,
1,XYt,207,15,0.7406609777129284,
1,XYt,208,15,0.7522929418169751,
1,XYt,209,15,0.7647592961542258,
1,XYt,210,15,0.7774046345381398,
1,XYt,211,15,0.7877298242426161,
1,XYt,212,15,0.7943807052940411,
1,XYt,213,15,0.8043551292136549,
1,XYt,214,15,0.8186637565103408,
1,XYt,215,15,0.8364988386516747,
1,XYt,216,15,0.8554035737253431,
1,XYt,217,15,0.8763289179585227,
1,XYt,218,15,0.9013492990356414,
1,XYt,365,15,0.8917857073981955,
1,XYt,366,15,0.8794952374773775,
1,XYt,367,15,0.8725625060685592,
1,XYt,368,15,0.861992744961738,
1,XYt,369,15,0.8543437481793428,
1,XYt,370,15,0.8469570268129102,
1,XYt,371,15,0.841186859617701,
1,XYt,372,15,0.8354730311159094,
1,XYt,373,15,0.830042552018352,
1,XYt,374,15,0.8231024237023479,
1,XYt,375,15,0.8151379190979966,
1,XYt,376,15,0.8060486844712226,
1,XYt,377,15,0.7965800577547508,
1,XYt,378,15,0.7864480384441902,
1,XYt,379,15,0.7798415134419924,
1,XYt,380,15,0.7767724469282654,
1,XYt,381,15,0.7759823476631982,
1,XYt,382,15,0.7725068141980862,
1,XYt,383,15,0.7695945043253295,
1,XYt,384,15,0.766081463382863,
1,XYt,385,15,0.7589373705525616,
1,XYt,386,15,0.7531822843463947,
1,XYt,387,15,0.7531114879635544,
1,XYt,388,15,0.755408567960807,
1,XYt,389,15,0.7545016446237549,
1,XYt,390,15,0.7536829151744802,
1,XYt,391,15,0.7541546457677701,
1,XYt,392,15,0.7527626639296957,
1,XYt,393,15,0.7540809276287858,
1,XYt,394,15,0.7540075406782252,
1,XYt,395,15,0.7547456258213769,
1,XYt,396,15,0.7575289757677941,
1,XYt,397,15,0.7592441021857834,
1,XYt,398,15,0.7607720068760623,
1,XYt,399,15,0.7595906465225113,
1,XYt,400,15,0.7591007688503161,
1,XYt,401,15,0.7578905481817328,
1,XYt,402,15,0.7582269880419926,
1,XYt,403,15,0.7580405353316995,
1,XYt,404,15,0.7600676414923967,
1,XYt,405,15,0.7616206944346791,
1,XYt,406,15,0.7651306738634449,
1,XYt,407,15,0.7680713825800242,
1,XYt,408,15,0.7725737706829302,
1,XYt,409,15,0.7765137339593337,
1,XYt,410,15,0.7828272187275445,
1,XYt,411,15,0.7830084392370383,
1,XYt,412,15,0.7874761945819231,
1,XYt,413,15,0.7920080608805842,
1,XYt,414,15,0.7955019109152264,
1,XYt,415,15,0.7983068928071687,
1,XYt,416,15,0.8092858931612694,
1,XYt,417,15,0.81744210186783,
1,XYt,418,15,0.8265263082988765,
1,XYt,419,15,0.8320748927286394,
1,XYt,420,15,0.8386117962085595,
1,XYt,421,15,0.8449290863832615,
1,XYt,422,15,0.8525173020243191,
1,XYt,423,15,0.8571659910381776,
1,XYt,424,15,0.863934333444367,
1,XYt,425,15,0.8698556897890034,
1,XYt,426,15,0.8769669363707514,
1,XYt,427,15,0.8833532724942047,
1,XYt,428,15,0.8881975730303259,
1,XYt,429,15,0.8951139729614435,
1,XYt,430,15,0.9044131995168073,
1,XYt,431,15,0.9145838044709472,
1,XYt,432,15,0.9286077585215349,
1,XYt,433,15,0.942273387433504,
1,XYt,434,15,0.9607979292772462,
1,XYt,435,15,0.9815907127006095,
1,XYt,436,15,1.009325148199235,
1,XYt,437,15,1.0261467754237743,
1,XYt,438,15,1.0346206093807295,
1,XYt,439,15,1.0393379525333868,
1,XYt,440,15,1.0446122734847476,
1,XYt,441,15,1.0493099744266563,
1,XYt,442,15,1.0531971007942236,
1,XYt,443,15,1.0555433015685374,
1,XYt,444,15,1.0621460879946758,
1,XYt,445,15,1.0654959912766353,
1,XYt,446,15,1.067850294511492,
1,XYt,447,15,1.0740289501642932,
1,XYt,448,15,1.0782227717281923,
1,XYt,449,15,1.0803839390467278,
1,XYt,450,15,1.085222034737815,
1,XYt,451,15,1.0860049139611483,
1,XYt,452,15,1.0892311351183837,
1,XYt,453,15,1.091316434121761,
1,XYt,454,15,1.0885267541029098,
1,XYt,455,15,1.0840178748243119,
1,XYt,456,15,1.0839939205089462,
1,XYt,457,15,1.085631275758701,
1,XYt,458,15,1.0871694248769923,
1,XYt,459,15,1.0849385704197212,
1,XYt,460,15,1.0840173793748709,
1,XYt,461,15,1.0807841207706201,
1,XYt,462,15,1.076591985120962,
1,XYt,463,15,1.0619987966174897,
1,XYt,464,15,1.0348335434865104,
1,XYt,465,15,0.9927983751505316,
1,XYt,466,15,0.9481696274411349,
1,XYt,467,15,0.8992743115543756,
1,XYt,468,15,0.8287807950654034,
1,XYt,469,15,0.752800153953806,
1,XYt,470,15,0.707494805113291,
1,XYt,471,15,0.6920223931141899,
1,XYt,472,15,0.6954384065519652,
1,XYt,473,15,0.700111229928674,
1,XYt,474,15,0.7014882903076942,
1,XYt,475,15,0.700524549856704,
1,XYt,476,15,0.7008038597483305,
1,XYt,477,15,0.699539578022706,
1,XYt,478,15,0.6991065375694802,
1,XYt,479,15,0.6988718213212065,
1,XYt,480,15,0.6974572835491658,
1,XYt,481,15,0.6962983495299726,
1,XYt,482,15,0.6947366197071158,
1,XYt,483,15,0.6950531991338813,
1,XYt,484,15,0.6947758153916693,
1,XYt,485,15,0.6953440400319375,
1,XYt,486,15,0.6942017469673563,
1,XYt,487,15,0.6953249638988381,
1,XYt,488,15,0.6949129810955615,
1,XYt,489,15,0.6952208442341522,
1,XYt,490,15,0.6941506997364044,
1,XYt,491,15,0.6932914263471245,
1,XYt,492,15,0.6955270548646089,
1,XYt,493,15,0.6948778909056847,
1,XYt,494,15,0.6942592711398257,
1,XYt,495,15,0.6937375654909695,
1,XYt,496,15,0.6945962631697552,
1,XYt,497,15,0.6923320528731094,
1,XYt,498,15,0.6912144996218629,
1,XYt,499,15,0.6903643265516181,
1,XYt,500,15,0.6912634201063788,
1,XYt,501,15,0.6910673982456297,
1,XYt,502,15,0.6909088448162458,
1,XYt,503,15,0.690644089867468,
1,XYt,504,15,0.6921690298730229,
1,XYt,505,15,0.6913081097931256,
1,XYt,506,15,0.691583160320509,
1,XYt,507,15,0.6916432621824985,
1,XYt,508,15,0.6911329016493188,
1,XYt,509,15,0.6909381315065605,
1,XYt,510,15,0.690643084505463,
1,XYt,511,15,0.6907267209681812,
1,XYt,512,15,0.690858294155708,
1,XYt,513,15,0.6920343630856153,
1,XYt,514,15,0.6928557173690583,
1,XYt,515,15,0.6935727568286374,
1,XYt,516,15,0.6923528829327791,
1,XYt,517,15,0.69211619809725,
1,XYt,518,15,0.6920077878729585,
1,XYt,519,15,0.6933037181514289,
1,XYt,520,15,0.692763414066217,
1,XYt,521,15,0.6912443800955124,
1,XYt,522,15,0.692006087204147,
1,XYt,523,15,0.6904555661186008,
1,XYt,524,15,0.6911019240887357,
1,XYt,525,15,0.6899552325158826,
1,XYt,526,15,0.6886325031435623,
1,XYt,527,15,0.6813496185070675,
1,XYt,528,15,0.6727305321518187,
1,XYt,529,15,0.6646709567504587,
1,XYt,530,15,0.6666038641946677,
1,XYt,531,15,0.6848085544561436,
1,XYt,532,15,0.718952126527399,
1,XYt,533,15,0.7664840778676408,
1,XYt,534,15,0.828069733730551,
1,XYt,535,15,0.8811493437562841,
1,XYt,536,15,0.9088982270334236,
1,XYt,537,15,0.9314241793022559,
1,XYt,538,15,0.9532330860174543,
1,XYt,539,15,0.9792627086843207,
1,XYt,540,15,1.0061532760202951,
1,XYt,541,15,1.0247505072350231,
1,XYt,542,15,1.0367616325054292,
1,XYt,543,15,1.040424268254071,
1,XYt,544,15,1.0369275991942963,
1,XYt,545,15,1.0273935806365067,
1,XYt,546,15,1.0210701406366975,
1,XYt,547,15,1.0143875902213353,
1,XYt,548,15,0.9989786912777237,
1,XYt,549,15,0.9845678132748155,
1,XYt,550,15,0.9729994600482559,
1,XYt,551,15,0.9602261323311915,
1,XYt,552,15,0.952960413014037,
1,XYt,553,15,0.9457225982093352,
1,XYt,554,15,0.94160461816695,
1,XYt,555,15,0.9348459845026053,
1,XYt,556,15,0.9282727220267158,
1,XYt,557,15,0.9218100353051107,
1,XYt,558,15,0.9140464604462604,
1,XYt,559,15,0.9024413410845694,
1,XYt,560,15,0.8923760938380605,
1,XYt,561,15,0.8772937514263912,
1,XYt,562,15,0.8612558038690661,
1,XYt,563,15,0.8547723490104026,
1,XYt,564,15,0.8466605025828544,
1,XYt,565,15,0.8311737304222367,
1,XYt,566,15,0.8171986810187992,
1,XYt,567,15,0.8037890270251636,
1,XYt,568,15,0.7937718639163784,
1,XYt,569,15,0.7842625062241815,
1,XYt,570,15,0.7745547906985852,
1,XYt,571,15,0.7640491121086734,
1,XYt,572,15,0.75550707829274,
1,XYt,573,15,0.7501193796256478,
1,XYt,574,15,0.7512040876026898,
1,XYt,575,15,0.7516295278816186,
1,XYt,576,15,0.7535824001163177,
1,XYt,577,15,0.7568154096918093,
1,XYt,578,15,0.7572728236688181,
1,XYt,579,15,0.7559478379226546,
1,XYt,580,15,0.7524679651691266,
1,XYt,581,15,0.7508503134018011,
1,XYt,582,15,0.7470405451639471,
1,XYt,583,15,0.740706161070999,
1,XYt,584,15,0.7360875419385697,
1,XYt,585,15,0.7290043767212825,
1,XYt,586,15,0.7234746168726486,
1,XYt,587,15,0.7178239634818905,
1,XYt,588,15,0.7103879635156847,
1,XYt,589,15,0.6980578918816384,
1,XYt,590,15,0.6853189010457335,
1,XYt,591,15,0.6696920912060293,
1,XYt,592,15,0.6600267005730981,
1,XYt,593,15,0.6549409039777301,
1,XYt,594,15,0.6568550312200591,
1,XYt,595,15,0.658851962355394,
1,XYt,596,15,0.6608015619629779,
1,XYt,597,15,0.6651595148445901,
1,XYt,598,15,0.66759776720669,
1,XYt,599,15,0.668806411877736,
1,XYt,600,15,0.6725605260111714,
1,XYt,601,15,0.6754865475056812,
1,XYt,602,15,0.6787670847285683,
1,XYt,603,15,0.6795599426507138,
1,XYt,604,15,0.6800368801088984,
1,XYt,605,15,0.6792545182618711,
1,XYt,606,15,0.6801523633228728,
1,XYt,607,15,0.6792498111796534,
1,XYt,608,15,0.6795316155415808,
1,XYt,609,15,0.679100402522482,
1,XYt,610,15,0.6770175364751668,
1,XYt,611,15,0.6754100344433036,
1,XYt,612,15,0.671704999661461,
1,XYt,613,15,0.6687598978932037,
1,XYt,614,15,0.6638478043498367,
1,XYt,615,15,0.6592329774292999,
1,XYt,616,15,0.6550108797221258,
1,XYt,617,15,0.6518392276070782,
1,XYt,618,15,0.6500481939617848,
1,XYt,619,15,0.6524922051967756,
1,XYt,620,15,0.6561275196045734,
1,XYt,621,15,0.6612038476072433,
1,XYt,622,15,0.670561999596002,
1,XYt,623,15,0.6833574048416214,
1,XYt,624,15,0.6955970677436387,
1,XYt,625,15,0.7073084516082969,
1,XYt,626,15,0.7138784935014163,
1,XYt,627,15,0.7198747878735466,
1,XYt,628,15,0.7247971842140885,
1,XYt,629,15,0.7297213549009403,
1,XYt,630,15,0.735880780354397,
1,XYt,631,15,0.7386392057278474,
1,XYt,632,15,0.7417481604869042,
1,XYt,633,15,0.7456860059047968,
1,XYt,634,15,0.7479224549291879,
1,XYt,635,15,0.7496446532727046,
1,XYt,636,15,0.7505007006183413,
1,XYt,637,15,0.7491089328160907,
1,XYt,638,15,0.7471732822131362,
1,XYt,639,15,0.7470618297034827,
1,XYt,640,15,0.7506332637374291,
1,XYt,641,15,0.7560298409512803,
1,XYt,642,15,0.7620762615750792,
1,XYt,643,15,0.7688832966388058,
1,XYt,644,15,0.7786712997421632,
1,XYt,645,15,0.7889277343199439,
1,XYt,646,15,0.7999272673714775,
1,XYt,647,15,0.8145080710125171,
1,XYt,648,15,0.8267948617137696,
1,XYt,649,15,0.8376833423165962,
1,XYt,650,15,0.8449966635079613,
1,XYt,651,15,0.8527644216567987,
1,XYt,652,15,0.8687839717807785,
1,XYt,653,15,0.8800026726642377,
1,XYt,654,15,0.8860893100682382,
1,XYt,655,15,0.8946858780140412,
1,XYt,656,15,0.9027392578233713,
1,XYt,657,15,0.9128719103247853,
1,XYt,658,15,0.9220788398648924,
1,XYt,659,15,0.9300051325617857,
1,XYt,660,15,0.9375442504769991,
1,XYt,661,15,0.9439305375319779,
1,XYt,662,15,0.9463388626048054,
1,XYt,663,15,0.9489976089239636,
1,XYt,664,15,0.9511179655849628,
1,XYt,665,15,0.9520659169401455,
1,XYt,666,15,0.9454878678000872,
1,XYt,667,15,0.9324904459668458,
1,XYt,668,15,0.9211343223953241,
1,XYt,669,15,0.9116876309211177,
1,XYt,670,15,0.9027057841569658,
1,XYt,671,15,0.8944959916103667,
1,XYt,672,15,0.8851367722090023,
1,XYt,673,15,0.8790919365481832,
1,XYt,674,15,0.8736057714193141,
1,XYt,675,15,0.8710032903896674,
1,XYt,676,15,0.8644123894808158,
1,XYt,677,15,0.8506876900571616,
1,XYt,678,15,0.8222514484470667,
1,XYt,679,15,0.7840188044548875,
1,XYt,680,15,0.7515834138374987,
1,XYt,681,15,0.7210860357436142,
1,XYt,682,15,0.6956856354082206,
1,XYt,683,15,0.6771136144469911,
1,XYt,684,15,0.6650213166102487,
1,XYt,685,15,0.6553883267223624,
1,XYt,686,15,0.6510053188983161,
1,XYt,687,15,0.6497608201430382,
1,XYt,688,15,0.652105196334516,
1,XYt,689,15,0.6559669043993659,
1,XYt,690,15,0.6596288953719994,
1,XYt,691,15,0.6643124804884177,
1,XYt,692,15,0.6689361532316852,
1,XYt,693,15,0.669966419597297,
1,XYt,694,15,0.6706287826134276,
1,XYt,695,15,0.6711483465406726,
1,XYt,696,15,0.6718264176085317,
1,XYt,697,15,0.6711875737588511,
1,XYt,698,15,0.6708153576403424,
1,XYt,699,15,0.6705193778351891,
1,XYt,700,15,0.6707887266394313,
1,XYt,701,15,0.6694854547067641,
1,XYt,702,15,0.6693973504378626,
1,XYt,703,15,0.6712197513020662,
1,XYt,704,15,0.6706521134118155,
1,XYt,705,15,0.6695619261569651,
1,XYt,706,15,0.6706331292045574,
1,XYt,707,15,0.6714233253396507,
1,XYt,708,15,0.6703897706905826,
1,XYt,709,15,0.6705465597569922,
1,XYt,710,15,0.6768563924920987,
1,XYt,711,15,0.7032613155451619,
1,XYt,712,15,0.6897489037604541,
1,XYt,713,15,0.6590537403907725,
1,XYt,714,15,0.6317126056552504,
1,XYt,715,15,0.6028472606691171,
1,XYt,716,15,0.5744601875334497,
1,XYt,717,15,0.5468623197584772,
1,XYt,718,15,0.5259068496394778,
1,XYt,719,15,0.5271007349624868,
1,XYt,720,15,0.5441897395668004,
1,XYt,721,15,0.5736335619825642,
1,XYt,722,15,0.614784391902875,
1,XYt,723,15,0.6743087615001879,
1,XYt,724,15,0.7623001132129029,
1,XYt,725,15,0.8581061352786048,
1,XYt,726,15,0.9699637673792876,
1,XYt,727,15,1.012337347288811,
1,YZt,0,15,nan,
1,YZt,1,15,0.9774383211060444,
1,YZt,2,15,0.8283456916249704,
1,YZt,3,15,0.7570761212297267,
1,YZt,4,15,0.7044075260503574,
1,YZt,5,15,0.5993733395316508,
1,YZt,6,15,0.6442111563919855,
1,YZt,7,15,0.6942115754022762,
1,YZt,8,15,0.7766143171351123,
1,YZt,9,15,0.8396444735029231,
1,YZt,10,15,0.8937659994974475,
1,YZt,11,15,0.9495367344312843,
1,YZt,12,15,0.9955978527884287,
1,YZt,13,15,1.0333407383465312,
1,YZt,14,15,1.078534342284075,
1,YZt,15,15,1.117401352394422,
1,YZt,16,15,1.164937569235303,
1,YZt,17,15,1.1949944725208415,
1,YZt,18,15,1.2211718557580562,
1,YZt,19,15,1.2510819255709273,
1,YZt,20,15,1.296211993638726,
1,YZt,21,15,1.3070490278155689,
1,YZt,22,15,1.3507743275018955,
1,YZt,23,15,1.3749668662152297,
1,YZt,24,15,1.4022823640165019,
1,YZt,25,15,1.4283301447959296,
1,YZt,104,15,0.516081758637074,
1,YZt,105,15,0.5197195601512508,
1,YZt,106,15,0.5252612009912908,
1,YZt,107,15,0.5357760249833613,
1,YZt,108,15,0.5446388309645983,
1,YZt,109,15,0.55763129794299,
1,YZt,110,15,0.5737885673651266,
1,YZt,111,15,0.5913190983520661,
1,YZt,112,15,0.607569234807435,
1,YZt,113,15,0.6234110695789015,
1,YZt,114,15,0.6335780980127957,
1,YZt,115,15,0.6432227907989159,
1,YZt,116,15,0.6505979429716202,
1,YZt,117,15,0.6495325085103679,
1,YZt,118,15,0.642720389389998,
1,YZt,119,15,0.6306163297710002,
1,YZt,120,15,0.6179443788644585,
1,YZt,121,15,0.6041984724223769,
1,YZt,122,15,0.5882902214895076,
1,YZt,123,15,0.5745032112692218,
1,YZt,124,15,0.5604724229406822,
1,YZt,125,15,0.5508457999271843,
1,YZt,126,15,0.5420149293525226,
1,YZt,127,15,0.540286556793902,
1,YZt,128,15,0.5420198455359864,
1,YZt,129,15,0.5456298326731126,
1,YZt,26,15,1.4497768758799339,
1,YZt,27,15,1.49886618061104,
1,YZt,28,15,1.5203676437094942,
1,YZt,29,15,1.524135549844684,
1,YZt,30,15,1.5730733700808304,
1,YZt,31,15,1.5839722735831538,
1,YZt,32,15,1.6084332862841029,
1,YZt,33,15,1.6497355789228858,
1,YZt,34,15,1.6745172633572891,
1,YZt,35,15,1.6465234317936606,
1,YZt,36,15,1.6573329578011282,
1,YZt,37,15,1.6652307107334439,
1,YZt,38,15,1.6486484041981477,
1,YZt,39,15,1.6186506874875186,
1,YZt,40,15,1.5768765182725994,
1,YZt,41,15,1.5359121845270458,
1,YZt,42,15,1.5015481167863254,
1,YZt,43,15,1.4556738623878047,
1,YZt,44,15,1.40137411733806,
1,YZt,45,15,1.3437277910083036,
1,YZt,46,15,1.2975272974958267,
1,YZt,47,15,1.2564152442413257,
1,YZt,48,15,1.2299838703834696,
1,YZt,49,15,1.2138856251493684,
1,YZt,50,15,1.1918808892118078,
1,YZt,51,15,1.1901071830553773,
1,YZt,130,15,0.5505478908417876,
1,YZt,131,15,0.5535231332889541,
1,YZt,132,15,0.5565187222031934,
1,YZt,133,15,0.5606780869037786,
1,YZt,134,15,0.5686132977025623,
1,YZt,135,15,0.5743891213460491,
1,YZt,136,15,0.5815134012877363,
1,YZt,137,15,0.5858706188983663,
1,YZt,138,15,0.5894117824116523,
1,YZt,139,15,0.5892207847774653,
1,YZt,140,15,0.5901622962420133,
1,YZt,141,15,0.59074544673363,
1,YZt,142,15,0.5896147381108696,
1,YZt,143,15,0.5864264166243898,
1,YZt,144,15,0.5802985942955164,
1,YZt,145,15,0.5732731550512558,
1,YZt,146,15,0.5687720629436926,
1,YZt,147,15,0.5628371255785676,
1,YZt,148,15,0.5600819436335643,
1,YZt,149,15,0.5595680752617892,
1,YZt,150,15,0.560380553627818,
1,YZt,151,15,0.5624853559792106,
1,YZt,152,15,0.5676608878455798,
1,YZt,153,15,0.5733112165890978,
1,YZt,154,15,0.5830048653014271,
1,YZt,155,15,0.5939687606088072,
1,YZt,52,15,1.182978428456426,
1,YZt,53,15,1.1959923377634174,
1,YZt,54,15,1.1989624946164226,
1,YZt,55,15,1.225916153551445,
1,YZt,56,15,1.2498808559795227,
1,YZt,57,15,1.2780657277918184,
1,YZt,58,15,1.3010107381078635,
1,YZt,59,15,1.3557469199571586,
1,YZt,60,15,1.417429891522806,
1,YZt,61,15,1.45759508438957,
1,YZt,62,15,1.4801311555071452,
1,YZt,63,15,1.4803537353293388,
1,YZt,64,15,1.337540615483605,
1,YZt,65,15,1.1814731033548276,
1,YZt,66,15,1.0112593403802823,
1,YZt,67,15,0.837630599600333,
1,YZt,68,15,0.7191194096764749,
1,YZt,69,15,0.6463538240764777,
1,YZt,70,15,0.5997384061842663,
1,YZt,71,15,0.5708264664248536,
1,YZt,72,15,0.5438233856356769,
1,YZt,73,15,0.5197868330221257,
1,YZt,74,15,0.500178854810226,
1,YZt,75,15,0.4890704152065702,
1,YZt,76,15,0.4755537245429081,
1,YZt,77,15,0.4655093100269307,
1,YZt,156,15,0.6007179206708662,
1,YZt,157,15,0.6050004563032565,
1,YZt,158,15,0.6002368898006352,
1,YZt,159,15,0.5944834547867757,
1,YZt,160,15,0.5840400963233482,
1,YZt,161,15,0.5712260492256952,
1,YZt,162,15,0.5556052954668083,
1,YZt,163,15,0.5450848218954354,
1,YZt,164,15,0.5315958796031438,
1,YZt,165,15,0.5184840846854858,
1,YZt,166,15,0.5073855758367859,
1,YZt,167,15,0.4972988896265811,
1,YZt,168,15,0.4854484044210481,
1,YZt,169,15,0.4739070249478479,
1,YZt,170,15,0.46656846257276446,
1,YZt,171,15,0.4604616744070529,
1,YZt,172,15,0.454039440640284,
1,YZt,173,15,0.4530003943772407,
1,YZt,174,15,0.45342975757408194,
1,YZt,175,15,0.45946825328376345,
1,YZt,176,15,0.4651297139724578,
1,YZt,177,15,0.46990005956740616,
1,YZt,178,15,0.4815215187509203,
1,YZt,179,15,0.49228936959649544,
1,YZt,180,15,0.505355846637447,
1,YZt,181,15,0.5232256168552366,
1,YZt,182,15,0.5450821496423496,
1,YZt,183,15,0.5739207559478661,
1,YZt,184,15,0.6160318370305791,
1,YZt,185,15,0.674658106993848,
1,YZt,186,15,0.7715789968294926,
1,YZt,187,15,0.9599347746504083,
1,YZt,188,15,1.1912683419925878,
1,YZt,189,15,1.4392347901662492,
1,YZt,190,15,1.77574785644267,
1,YZt,191,15,2.0029647114758946,
1,YZt,192,15,2.032986361236665,
1,YZt,193,15,2.0514983198252446,
1,YZt,194,15,2.100331749784099,
1,YZt,195,15,2.028976462264949,
1,YZt,196,15,2.02050136610853,
1,YZt,197,15,1.9973217518334752,
1,YZt,198,15,1.9950989578808518,
1,YZt,199,15,2.010405605708512,
1,YZt,200,15,1.9779392584770905,
1,YZt,201,15,1.9604002885855245,
1,YZt,202,15,1.9631553626723535,
1,YZt,203,15,1.9386358596183002,
1,YZt,204,15,1.922443956575538,
1,YZt,205,15,1.9074757862082226,
1,YZt,206,15,1.9268547924744777,
1,YZt,207,15,1.888065942347434,
1,YZt,208,15,1.8838840731066977,
1,YZt,209,15,1.856220746866212,
1,YZt,210,15,1.851287647669739,
1,YZt,211,15,1.8163364949763359,
1,YZt,212,15,1.8081900912342603,
1,YZt,213,15,1.8187332334651414,
1,YZt,214,15,1.794143601119375,
1,YZt,215,15,1.7874907315761832,
1,YZt,216,15,1.7868760388069531,
1,YZt,217,15,1.7714816193590537,
1,YZt,218,15,1.7290495812375228,
1,YZt,219,15,1.7001972863816093,
1,YZt,220,15,1.694257396387689,
1,YZt,221,15,1.6751797197978087,
1,YZt,222,15,1.6490141132382132,
1,YZt,223,15,1.6277189025875185,
1,YZt,224,15,1.609116809954485,
1,YZt,225,15,1.6225378285464342,
1,YZt,226,15,1.6000220885768686,
1,YZt,227,15,1.5745308425606601,
1,YZt,228,15,1.5497288208686384,
1,YZt,229,15,1.5354690354497953,
1,YZt,230,15,1.4969112793873238,
1,YZt,231,15,1.4949041821356484,
1,YZt,232,15,1.4684475759147144,
1,YZt,233,15,1.4303699791148121,
1,YZt,234,15,1.4140174812040225,
1,YZt,235,15,1.3858329852183104,
1,YZt,236,15,1.3571416662910258,
1,YZt,237,15,1.3343009256036589,
1,YZt,238,15,1.2978961170725172,
1,YZt,239,15,1.2861514352056793,
1,YZt,240,15,1.2450212955081414,
1,YZt,241,15,1.217923481926428,
1,YZt,242,15,1.1947657109784322,
1,YZt,243,15,1.1684660126996826,
1,YZt,244,15,1.123792419418991,
1,YZt,245,15,1.0843303806932751,
1,YZt,246,15,1.0438828940951272,
1,YZt,247,15,1.0131610123919372,
1,YZt,248,15,0.9674837905598536,
1,YZt,249,15,0.9123732621459922,
1,YZt,250,15,0.8622585231800163,
1,YZt,251,15,0.7985930217172356,
1,YZt,252,15,0.7146246454253901,
1,YZt,253,15,0.6614547194285514,
1,YZt,254,15,0.6142366988257907,
1,YZt,255,15,0.7174912910101338,
1,YZt,256,15,0.7647574096557058,
1,YZt,257,15,0.8369660878368242,
1,YZt,258,15,0.9897693039743043,
1,YZt,259,15,nan,
1,YZt,78,15,0.4565010123036822,
1,YZt,79,15,0.4499548089521353,
1,YZt,80,15,0.44331629312437715,
1,YZt,81,15,0.4409774423906198,
1,YZt,82,15,0.43748768510565395,
1,YZt,83,15,0.4411159772890954,
1,YZt,84,15,0.4424413557432178,
1,YZt,85,15,0.44339953861375536,
1,YZt,86,15,0.4483508205313594,
1,YZt,87,15,0.45258663699257573,
1,YZt,88,15,0.45700105964541227,
1,YZt,89,15,0.4604610442497964,
1,YZt,90,15,0.4631212352109078,
1,YZt,91,15,0.4664703997718375,
1,YZt,92,15,0.4688456186887274,
1,YZt,93,15,0.47020757926363377,
1,YZt,94,15,0.47258881876392783,
1,YZt,95,15,0.476747253182743,
1,YZt,96,15,0.4794340795085489,
1,YZt,97,15,0.48032852609494225,
1,YZt,98,15,0.486835752282459,
1,YZt,99,15,0.4903423527739051,
1,YZt,100,15,0.4951298453324456,
1,YZt,101,15,0.4974549655134071,
1,YZt,102,15,0.5048975556482627,
1,YZt,103,15,0.5099763684188288,
1,XZt,0,15,nan,
1,XZt,1,15,0.9730063181462802,
1,XZt,2,15,0.8227532956723725,
1,XZt,3,15,0.7268663644735729,
1,XZt,4,15,0.6849537876260997,
1,XZt,5,15,0.5904469451636369,
1,XZt,6,15,0.6309621060902993,
1,XZt,7,15,0.7029875835579303,
1,XZt,8,15,0.8142293402831806,
1,XZt,9,15,0.8791107225138319,
1,XZt,10,15,0.9297886318913108,
1,XZt,11,15,0.9902514549509793,
1,XZt,12,15,1.0345199268221985,
1,XZt,13,15,1.0732804613110265,
1,XZt,14,15,1.1159212918633306,
1,XZt,15,15,1.149450160309625,
1,XZt,16,15,1.200168123425246,
1,XZt,17,15,1.2238335896656458,
1,XZt,18,15,1.2465075251131412,
1,XZt,19,15,1.2810536208261079,
1,XZt,20,15,1.310346621046239,
1,XZt,21,15,1.3233643519967486,
1,XZt,22,15,1.3711081413945,
1,XZt,23,15,1.3911228534769065,
1,XZt,24,15,1.411962764352079,
1,XZt,25,15,1.4261631028258468,
1,XZt,26,15,1.4481267643437505,
1,XZt,27,15,1.4871814857055612,
1,XZt,28,15,1.5053118808392254,
1,XZt,29,15,1.5024778885290655,
1,XZt,30,15,1.5410851050216678,
1,XZt,31,15,1.5540908413586638,
1,XZt,32,15,1.5757685906266208,
1,XZt,33,15,1.5965765807350558,
1,XZt,34,15,1.6094527074570493,
1,XZt,35,15,1.5991346522527112,
1,XZt,36,15,1.6176331942622553,
1,XZt,37,15,1.6340209346988406,
1,XZt,38,15,1.653554952393108,
1,XZt,39,15,1.675094755166932,
1,XZt,40,15,1.6812519793100538,
1,XZt,41,15,1.7020782162555266,
1,XZt,42,15,1.7323795471018335,
1,XZt,43,15,1.7492089224010952,
1,XZt,44,15,1.7399750595596837,
1,XZt,45,15,1.732518291335284,
1,XZt,46,15,1.7448301523961203,
1,XZt,47,15,1.7291930083533924,
1,XZt,48,15,1.72439314600407,
1,XZt,49,15,1.7441065969339735,
1,XZt,50,15,1.742260588023576,
1,XZt,51,15,1.759799627813096,
1,XZt,52,15,1.7523974914339042,
1,XZt,53,15,1.7705562622421285,
1,XZt,54,15,1.7546643591986328,
1,XZt,55,15,1.7552932763388989,
1,XZt,56,15,1.7548873762567487,
1,XZt,57,15,1.751085207974648,
1,XZt,58,15,1.7257663126574438,
1,XZt,59,15,1.7337123918283526,
1,XZt,60,15,1.735032089827551,
1,XZt,61,15,1.7048997955330047,
1,XZt,62,15,1.6945588334535058,
1,XZt,63,15,1.698329943705295,
1,XZt,64,15,1.6746016566529034,
1,XZt,65,15,1.6863280680810162,
1,XZt,66,15,1.6528438544178032,
1,XZt,67,15,1.6241859886655825,
1,XZt,68,15,1.566987679633716,
1,XZt,69,15,1.494732690576929,
1,XZt,70,15,1.3947184444134368,
1,XZt,71,15,1.2872088977222869,
1,XZt,72,15,1.2073289436441397,
1,XZt,73,15,1.1190520335262573,
1,XZt,74,15,1.050216076401897,
1,XZt,75,15,0.9871568240585591,
1,XZt,76,15,0.9315384207561916,
1,XZt,77,15,0.8824328235367009,
1,XZt,78,15,0.8409175818737122,
1,XZt,79,15,0.800871143497857,
1,XZt,80,15,0.7651645750939512,
1,XZt,81,15,0.7361094618150843,
1,XZt,82,15,0.7077722938063408,
1,XZt,83,15,0.6861427667929998,
1,XZt,84,15,0.6659147433602761,
1,XZt,85,15,0.6433450053883821,
1,XZt,86,15,0.6299373732134931,
1,XZt,87,15,0.61763716044856,
1,XZt,88,15,0.6076062446717618,
1,XZt,89,15,0.5980977553565942,
1,XZt,90,15,0.5881012137238919,
1,XZt,91,15,0.5799564475603479,
1,XZt,92,15,0.5710806353653402,
1,XZt,93,15,0.5619526427722952,
1,XZt,94,15,0.5534834516923403,
1,XZt,95,15,0.5450994974479256,
1,XZt,96,15,0.5355930675661807,
1,XZt,97,15,0.5252676169449599,
1,XZt,98,15,0.5196227400200356,
1,XZt,99,15,0.510079539649311,
1,XZt,100,15,0.5012468986562989,
1,XZt,101,15,0.4903643212699855,
1,XZt,102,15,0.4843117012533109,
1,XZt,103,15,0.4760062044110604,
1,XZt,104,15,0.46895122999039507,
1,XZt,105,15,0.4610941043472901,
1,XZt,106,15,0.4534950848120707,
1,XZt,107,15,0.4497152063928359,
1,XZt,108,15,0.443941248258853,
1,XZt,109,15,0.4408588544450149,
1,XZt,110,15,0.43689988293331117,
1,XZt,111,15,0.43227871119215994,
1,XZt,112,15,0.4284620475826579,
1,XZt,113,15,0.4287093664970302,
1,XZt,114,15,0.42692195938078453,
1,XZt,115,15,0.4253249383298059,
1,XZt,116,15,0.4239578500582241,
1,XZt,117,15,0.42369740036312264,
1,XZt,118,15,0.4212766316539245,
1,XZt,119,15,0.4189806157538551,
1,XZt,120,15,0.4181471328410108,
1,XZt,121,15,0.41736690775276775,
1,XZt,122,15,0.4165857401538859,
1,XZt,123,15,0.4163427587916116,
1,XZt,124,15,0.4165382837252477,
1,XZt,125,15,0.4158019366221638,
1,XZt,126,15,0.41321863854407986,
1,XZt,127,15,0.4123199438620162,
1,XZt,128,15,0.4137519333301126,
1,XZt,129,15,0.41562270644271904,
1,XZt,130,15,0.4164459661053334,
1,XZt,131,15,0.4172727633301846,
1,XZt,132,15,0.4177671723555092,
1,XZt,133,15,0.4207311226518368,
1,XZt,134,15,0.4255598401829372,
1,XZt,135,15,0.42782232831426364,
1,XZt,136,15,0.4302766471938348,
1,XZt,137,15,0.4327705051414849,
1,XZt,138,15,0.4356111322966876,
1,XZt,139,15,0.43887543761274667,
1,XZt,140,15,0.441568557731816,
1,XZt,141,15,0.44458928055293817,
1,XZt,142,15,0.4488912408978296,
1,XZt,143,15,0.452869482693605,
1,XZt,144,15,0.45684157277246557,
1,XZt,145,15,0.4601318944346895,
1,XZt,146,15,0.46565275230052533,
1,XZt,147,15,0.4703120283950613,
1,XZt,148,15,0.4790547626517062,
1,XZt,149,15,0.49045652233919573,
1,XZt,150,15,0.5012481464395572,
1,XZt,151,15,0.511352088927888,
1,XZt,152,15,0.5243394447599455,
1,XZt,153,15,0.537118350306978,
1,XZt,154,15,0.5527052356567277,
1,XZt,155,15,0.5699202099507267,
1,XZt,156,15,0.5845066557712678,
1,XZt,157,15,0.6006144090612331,
1,XZt,158,15,0.6144637001942973,
1,XZt,159,15,0.6334614111770279,
1,XZt,160,15,0.6494233960241542,
1,XZt,161,15,0.6649791661550915,
1,XZt,162,15,0.6773436582414659,
1,XZt,163,15,0.6942179183076138,
1,XZt,164,15,0.7081649377841988,
1,XZt,165,15,0.7200357481316803,
1,XZt,166,15,0.7322641330960558,
1,XZt,167,15,0.7450243761950294,
1,XZt,168,15,0.7570250850121242,
1,XZt,169,15,0.7696188924360691,
1,XZt,170,15,0.7837009739299317,
1,XZt,171,15,0.7979046207396275,
1,XZt,172,15,0.8085518017708719,
1,XZt,173,15,0.818193451855234,
1,XZt,174,15,0.8257303320329236,
1,XZt,175,15,0.8331513018532171,
1,XZt,176,15,0.8322532064134015,
1,XZt,177,15,0.8246455399559247,
1,XZt,178,15,0.8177930239343187,
1,XZt,179,15,0.8071193183872495,
1,XZt,180,15,0.7981854912313057,
1,XZt,181,15,0.7893245551082123,
1,XZt,182,15,0.7794311276279994,
1,XZt,183,15,0.774221645248728,
1,XZt,184,15,0.7744259134435791,
1,XZt,185,15,0.7739786089800773,
1,XZt,186,15,0.782601453362417,
1,XZt,187,15,0.795198540397809,
1,XZt,188,15,0.8051458383388626,
1,XZt,189,15,0.8262590832876769,
1,XZt,190,15,0.8538548790586294,
1,XZt,191,15,0.8844483025845059,
1,XZt,192,15,0.9132033838605117,
1,XZt,193,15,0.9404886415994967,
1,XZt,194,15,0.9706228500165694,
1,XZt,195,15,0.9824301617922951,
1,XZt,196,15,0.9921254626523256,
1,XZt,197,15,0.9896067122992936,
1,XZt,198,15,0.9839521508674077,
1,XZt,199,15,0.9811848979863367,
1,XZt,200,15,0.9703004262630998,
1,XZt,201,15,0.9594363433633478,
1,XZt,202,15,0.9567683533275618,
1,XZt,203,15,0.9496494476243277,
1,XZt,204,15,0.9438969470745214,
1,XZt,205,15,0.937352775749941,
1,XZt,206,15,0.9366424591968474,
1,XZt,207,15,0.9295797801358913,
1,XZt,208,15,0.9290499918342233,
1,XZt,209,15,0.925633613983645,
1,XZt,210,15,0.9279863901946515,
1,XZt,211,15,0.939457401883601,
1,XZt,212,15,0.9529207724683754,
1,XZt,213,15,0.983877603619249,
1,XZt,214,15,1.0260681095076165,
1,XZt,215,15,1.094286199084887,
1,XZt,216,15,1.1827366981060685,
1,XZt,217,15,1.2748871446441865,
1,XZt,218,15,1.3683919610734336,
1,XZt,219,15,1.4778996481726747,
1,XZt,220,15,1.5925901500380442,
1,XZt,221,15,1.6695067946131625,
1,XZt,222,15,1.7134332991858021,
1,XZt,223,15,1.7282763837229012,
1,XZt,224,15,1.7148542818582893,
1,XZt,225,15,1.7229455961749285,
1,XZt,226,15,1.6920860354193343,
1,XZt,227,15,1.6518501246393018,
1,XZt,228,15,1.6157566994027066,
1,XZt,229,15,1.5961352366879615,
1,XZt,230,15,1.5576116320094935,
1,XZt,231,15,1.5474359649302158,
1,XZt,232,15,1.5211964931062572,
1,XZt,233,15,1.4834435362951808,
1,XZt,234,15,1.4603970438876834,
1,XZt,235,15,1.4406932168457742,
1,XZt,236,15,1.413063242212802,
1,XZt,237,15,1.384380980322918,
1,XZt,238,15,1.3447781118760498,
1,XZt,239,15,1.3370188826036034,
1,XZt,240,15,1.3027696857632665,
1,XZt,241,15,1.2691610608239354,
1,XZt,242,15,1.2375360918427212,
1,XZt,243,15,1.206968110971993,
1,XZt,244,15,1.1541760438410085,
1,XZt,245,15,1.1193757855960729,
1,XZt,246,15,1.075373490337964,
1,XZt,247,15,1.0389748935342078,
1,XZt,248,15,0.9898111930757729,
1,XZt,249,15,0.9301298411201928,
1,XZt,250,15,0.8815583000453687,
1,XZt,251,15,0.816132047294003,
1,XZt,252,15,0.7047867589846746,
1,XZt,253,15,0.6341058189089479,
1,XZt,254,15,0.5885519690453497,
1,XZt,255,15,0.6823160448112837,
1,XZt,256,15,0.720972110421083,
1,XZt,257,15,0.81341022248116,
1,XZt,258,15,0.9746014768074533,
1,XZt,259,15,nan,
2,XYt,0,15,1.4091168946364556,
2,XYt,1,15,1.2122678753622722,
2,XYt,2,15,1.0565585574910563,
2,XYt,3,15,0.9283121722186072,
2,XYt,4,15,0.8217726964256669,
2,XYt,5,15,0.7309996522544078,
2,XYt,6,15,0.652870366948656,
2,XYt,7,15,0.5989651414088712,
2,XYt,8,15,0.5560828303691162,
2,XYt,9,15,0.5178406196881654,
2,XYt,10,15,0.4829918860935295,
2,XYt,11,15,0.4500365889946322,
2,XYt,12,15,0.41924550398319244,
2,XYt,13,15,0.386749583190273,
2,XYt,14,15,0.35776214654000676,
2,XYt,15,15,0.35282206582247677,
2,XYt,16,15,0.3240243992459919,
2,XYt,17,15,0.28040813975130197,
2,XYt,18,15,0.2629376980211344,
2,XYt,19,15,0.2500310473670385,
2,XYt,20,15,0.24616887161669673,
2,XYt,21,15,0.24477772568587144,
2,XYt,22,15,0.2476185131665708,
2,XYt,23,15,0.25333535959429904,
2,XYt,24,15,0.26243364122402996,
2,XYt,25,15,0.271473166461692,
2,XYt,26,15,0.2809403201738282,
2,XYt,27,15,0.2881794821256574,
2,XYt,28,15,0.2942310756891278,
2,XYt,29,15,0.2960969728713485,
2,XYt,30,15,0.29473144818808444,
2,XYt,31,15,0.2882100730031209,
2,XYt,32,15,0.27956084144882376,
2,XYt,33,15,0.268024844666364,
2,XYt,34,15,0.2537416143740866,
2,XYt,35,15,0.2374455826967328,
2,XYt,36,15,0.2243284380963131,
2,XYt,37,15,0.22066290233426672,
2,XYt,38,15,0.2385755730957206,
2,XYt,39,15,0.29556053012791655,
2,XYt,40,15,0.385347613094432,
2,XYt,41,15,0.48270181682521757,
2,XYt,42,15,0.5763682678070586,
2,XYt,43,15,0.6621766267565251,
2,XYt,44,15,0.733739849227864,
2,XYt,45,15,0.7814781345315399,
2,XYt,46,15,0.7870495835672701,
2,XYt,47,15,0.751210861567863,
2,XYt,48,15,0.7128649863494154,
2,XYt,49,15,0.6801363822278642,
2,XYt,50,15,0.6533962723865502,
2,XYt,51,15,0.6363090498426109,
2,XYt,52,15,0.6289204322563642,
2,XYt,53,15,0.6294103851574645,
2,XYt,54,15,0.632546359156436,
2,XYt,55,15,0.6324708193302737,
2,XYt,56,15,0.6297747895649337,
2,XYt,57,15,0.629572738680076,
2,XYt,58,15,0.6395195984425274,
2,XYt,59,15,0.6621135928267051,
2,XYt,60,15,0.6874457797911045,
2,XYt,61,15,0.7093786086023919,
2,XYt,62,15,0.7242697739516958,
2,XYt,63,15,0.7327872855646489,
2,XYt,64,15,0.7350584156295947,
2,XYt,65,15,0.7341627288361274,
2,XYt,66,15,0.7302263317408326,
2,XYt,67,15,0.7250278432926445,
2,XYt,68,15,0.7203317533450566,
2,XYt,69,15,0.7114429791906084,
2,XYt,70,15,0.7044833713081191,
2,XYt,71,15,0.6967366551915962,
2,XYt,72,15,0.6886869318726814,
2,XYt,73,15,0.680174227652507,
2,XYt,74,15,0.6733812061520554,
2,XYt,75,15,0.6662743109953095,
2,XYt,76,15,0.6570074298411845,
2,XYt,77,15,0.6460539790025278,
2,XYt,78,15,0.6354320242461126,
2,XYt,79,15,0.6314733761265429,
2,XYt,80,15,0.6305611492264435,
2,XYt,81,15,0.6288608390367254,
2,XYt,82,15,0.6261928660878013,
2,XYt,83,15,0.6219962057113696,
2,XYt,84,15,0.6170617208552904,
2,XYt,85,15,0.6114844867048281,
2,XYt,86,15,0.6075548125360282,
2,XYt,87,15,0.6021005408546031,
2,XYt,88,15,0.5946090264158472,
2,XYt,89,15,0.5870923360631933,
2,XYt,90,15,0.5806589476857806,
2,XYt,91,15,0.5749213326539797,
2,XYt,92,15,0.5683213058372226,
2,XYt,93,15,0.5621578437634348,
2,XYt,94,15,0.5570575574455748,
2,XYt,95,15,0.552835953764258,
2,XYt,96,15,0.5486431461614442,
2,XYt,97,15,0.5446871444892052,
2,XYt,98,15,0.541015840149153,
2,XYt,99,15,0.5378112589142722,
2,XYt,100,15,0.535219171613431,
2,XYt,101,15,0.533912649587579,
2,XYt,102,15,0.5332353187781332,
2,XYt,103,15,0.5323928452469444,
2,XYt,104,15,0.530589581649662,
2,XYt,105,15,0.5307736196340074,
2,XYt,106,15,0.5298595039201085,
2,XYt,107,15,0.5290155690817719,
2,XYt,108,15,0.5280132202568265,
2,XYt,109,15,0.5263631395047571,
2,XYt,110,15,0.5257039495837217,
2,XYt,111,15,0.5250895680025839,
2,XYt,112,15,0.5239795247067479,
2,XYt,113,15,0.5249916528728876,
2,XYt,114,15,0.525143552057876,
2,XYt,115,15,0.5276843038266261,
2,XYt,116,15,0.5329177173882514,
2,XYt,117,15,0.5411565500489012,
2,XYt,118,15,0.5488451652911687,
2,XYt,119,15,0.5587164985105306,
2,XYt,120,15,0.5566183504929985,
2,XYt,121,15,0.5518153911833666,
2,XYt,122,15,0.5533929958781914,
2,XYt,123,15,0.5637157081145223,
2,XYt,124,15,0.5740120756756674,
2,XYt,125,15,0.5816731115755086,
2,XYt,126,15,0.5876338456896131,
2,XYt,127,15,0.5972534640677025,
2,XYt,128,15,0.6051331039682187,
2,XYt,129,15,0.6126921160115792,
2,XYt,130,15,0.6171511579862069,
2,XYt,131,15,0.6191104488007816,
2,XYt,132,15,0.6207323097195664,
2,XYt,133,15,0.6242110687977219,
2,XYt,134,15,0.6260182084423499,
2,XYt,135,15,0.6245848033419166,
2,XYt,136,15,0.6209809863840038,
2,XYt,137,15,0.6218510456029896,
2,XYt,138,15,0.6293874617792701,
2,XYt,139,15,0.6369795099635477,
2,XYt,140,15,0.64401859627649,
2,XYt,141,15,0.6472574888692969,
2,XYt,142,15,0.6482826887271174,
2,XYt,143,15,0.6522547008933203,
2,XYt,144,15,0.6569897898633024,
2,XYt,145,15,0.6607550956645264,
2,XYt,146,15,0.6614796503741605,
2,XYt,147,15,0.6647097992088429,
2,XYt,148,15,0.6652566479136603,
2,XYt,149,15,0.6623246775240677,
2,XYt,150,15,0.656011320800655,
2,XYt,151,15,0.648525429786299,
2,XYt,152,15,0.6426351680178278,
2,XYt,153,15,0.6377304245701839,
2,XYt,154,15,0.6325989366397569,
2,XYt,155,15,0.6265899263928131,
2,XYt,156,15,0.6197023538188625,
2,XYt,157,15,0.610153936411388,
2,XYt,158,15,0.600917845589982,
2,XYt,159,15,0.5981346964639123,
2,XYt,160,15,0.5954365276536984,
2,XYt,161,15,0.5935910659928507,
2,XYt,162,15,0.5906382248360578,
2,XYt,163,15,0.5890906963559414,
2,XYt,164,15,0.5870021987616232,
2,XYt,165,15,0.5820572914905917,
2,XYt,166,15,0.5740148710276598,
2,XYt,167,15,0.5628694940254944,
2,XYt,168,15,0.5524905226934826,
2,XYt,169,15,0.5444850235815495,
2,XYt,170,15,0.5387019658270774,
2,XYt,171,15,0.5323408111029357,
2,XYt,172,15,0.5275043985173972,
2,XYt,173,15,0.5222088782894566,
2,XYt,174,15,0.5169966453298813,
2,XYt,175,15,0.5129961900176581,
2,XYt,176,15,0.5052732246129896,
2,XYt,177,15,0.49995313298716526,
2,XYt,178,15,0.49574792264277473,
2,XYt,179,15,0.49327141911386385,
2,XYt,180,15,0.4907237604136836,
2,XYt,181,15,0.4879264773587377,
2,XYt,182,15,0.4880446442351074,
2,XYt,183,15,0.48761797541055907,
2,XYt,184,15,0.4880874368181792,
2,XYt,185,15,0.48757354805664765,
2,XYt,186,15,0.4858136719807119,
2,XYt,187,15,0.4830709730216496,
2,XYt,188,15,0.4832513691853699,
2,XYt,189,15,0.48543996672101725,
2,XYt,190,15,0.4893453426460376,
2,XYt,191,15,0.49344043254044384,
2,XYt,192,15,0.4975393397561265,
2,XYt,193,15,0.49836996029577874,
2,XYt,194,15,0.49624497374697724,
2,XYt,195,15,0.49277069191315837,
2,XYt,196,15,0.49233720661243763,
2,XYt,197,15,0.4966494627568389,
2,XYt,198,15,0.5065925965664744,
2,XYt,199,15,0.5172519844447737,
2,XYt,200,15,0.5217065479950357,
2,XYt,201,15,0.5145987652152391,
2,XYt,202,15,0.5172611138909173,
2,XYt,203,15,0.5265963371149623,
2,XYt,204,15,0.5364972270402155,
2,XYt,205,15,0.5440264827215623,
2,XYt,206,15,0.55082562610883,
2,XYt,207,15,0.5550076742971748,
2,XYt,208,15,0.5607667416119599,
2,XYt,209,15,0.5704843266092946,
2,XYt,210,15,0.5776400601595056,
2,XYt,211,15,0.5855678222956949,
2,XYt,212,15,0.5921239270882,
2,XYt,213,15,0.6018177610537234,
2,XYt,214,15,0.6112629673533585,
2,XYt,215,15,0.6200428878011993,
2,XYt,216,15,0.626724375276016,
2,XYt,217,15,0.6348083036181316,
2,XYt,218,15,0.6458515635320965,
2,XYt,219,15,0.6607900129455151,
2,XYt,220,15,0.6720078208321345,
2,XYt,221,15,0.679917338424003,
2,XYt,222,15,0.6853413723784936,
2,XYt,223,15,0.6932465476863483,
2,XYt,224,15,0.7015721556919275,
2,XYt,225,15,0.7113265784695977,
2,XYt,226,15,0.7158400239815258,
2,XYt,227,15,0.7207504880970923,
2,XYt,228,15,0.7218559912888742,
2,XYt,229,15,0.726449913935624,
2,XYt,230,15,0.7288079010488939,
2,XYt,231,15,0.7308850480176834,
2,XYt,232,15,0.7298118949532761,
2,XYt,233,15,0.7276259899847617,
2,XYt,234,15,0.723056454033407,
2,XYt,235,15,0.7202338324239144,
2,XYt,236,15,0.714936151662981,
2,XYt,237,15,0.7116700574770595,
2,XYt,238,15,0.7124817839089065,
2,XYt,239,15,0.7165318176540446,
2,XYt,240,15,0.7183598771519994,
2,XYt,241,15,0.7210837116443474,
2,XYt,242,15,0.7226821474205645,
2,XYt,243,15,0.72644753349104,
2,XYt,244,15,0.7274855960170593,
2,XYt,245,15,0.7291069090726936,
2,XYt,246,15,0.7269464564166702,
2,XYt,247,15,0.7270268713115697,
2,XYt,248,15,0.7246603851378098,
2,XYt,249,15,0.7242354574937543,
2,XYt,250,15,0.7223528510327353,
2,XYt,251,15,0.7188500925711122,
2,XYt,252,15,0.70706489042161,
2,XYt,253,15,0.6790377594908649,
2,XYt,254,15,0.6322606889744881,
2,XYt,255,15,0.5892249714045696,
2,XYt,256,15,0.5611985963839652,
2,XYt,257,15,0.5465345023790487,
2,XYt,258,15,0.5410653876080899,
2,XYt,259,15,0.5378207459358287,
2,XYt,260,15,0.5477880172804545,
2,XYt,261,15,0.5551928459215354,
2,XYt,262,15,0.5376192954206616,
2,XYt,263,15,0.5003586964757541,
2,XYt,264,15,0.4671498682919643,
2,XYt,265,15,0.45315202268573973,
2,XYt,266,15,0.45125913193912115,
2,XYt,267,15,0.4516040228789452,
2,XYt,268,15,0.4516573194308997,
2,XYt,269,15,0.4524602996525593,
2,XYt,270,15,0.45321200213983626,
2,XYt,271,15,0.4527907771861116,
2,XYt,272,15,0.4542283124429982,
2,XYt,273,15,0.4536702077016659,
2,XYt,274,15,0.45477401141230694,
2,XYt,275,15,0.454356398424844,
2,XYt,276,15,0.45383199502213145,
2,XYt,277,15,0.4532209808705877,
2,XYt,278,15,0.45493214258359405,
2,XYt,279,15,0.45351891125802746,
2,XYt,280,15,0.4549741478451591,
2,XYt,281,15,0.4549697937269841,
2,XYt,282,15,0.4565021616195282,
2,XYt,283,15,0.45579442329364134,
2,XYt,284,15,0.4570007398573908,
2,XYt,285,15,0.4557078871063545,
2,XYt,286,15,0.45817468775526193,
2,XYt,287,15,0.4574700222742441,
2,XYt,288,15,0.4593164533506632,
2,XYt,289,15,0.4578449179567489,
2,XYt,290,15,0.4581702839464648,
2,XYt,291,15,0.4573706460240898,
2,XYt,292,15,0.45864851276449126,
2,XYt,293,15,0.458020992606175,
2,XYt,294,15,0.45915241988457683,
2,XYt,295,15,0.4601982906090732,
2,XYt,296,15,0.4596137483557096,
2,XYt,297,15,0.4609795962975943,
2,XYt,298,15,0.4593579644236674,
2,XYt,299,15,0.4587306296643353,
2,XYt,300,15,0.4586814368163937,
2,XYt,301,15,0.46226089288464356,
2,XYt,302,15,0.46096986957676395,
2,XYt,303,15,0.4617198124891546,
2,XYt,304,15,0.460305294930286,
2,XYt,305,15,0.46118761128014973,
2,XYt,306,15,0.4613483994207909,
2,XYt,307,15,0.4624235712279114,
2,XYt,308,15,0.4609705485400855,
2,XYt,309,15,0.46278321260265315,
2,XYt,310,15,0.4617442002282487,
2,XYt,311,15,0.4633844615373061,
2,XYt,312,15,0.461891244649883,
2,XYt,313,15,0.4652117086992643,
2,XYt,314,15,0.4641242093442125,
2,XYt,315,15,0.46786455475494027,
2,XYt,316,15,0.46590812886068256,
2,XYt,317,15,0.468649161483508,
2,XYt,318,15,0.46734924096478464,
2,XYt,319,15,0.47175419295466103,
2,XYt,320,15,0.47128683637589597,
2,XYt,321,15,0.4784469596135884,
2,XYt,322,15,0.4870667982083348,
2,XYt,323,15,0.5178468223424817,
2,XYt,324,15,0.543086968999148,
2,XYt,325,15,0.5623917225676174,
2,XYt,326,15,0.6057663819991663,
2,XYt,327,15,0.7120346316102418,
2,XYt,328,15,0.7656641104642223,
2,XYt,329,15,0.7752119639076251,
2,XYt,330,15,0.7809680790518175,
2,XYt,331,15,0.7801276742067651,
2,XYt,332,15,0.7828324163199337,
2,XYt,333,15,0.7842596425818426,
2,XYt,334,15,0.7878793899962483,
2,XYt,335,15,0.7863926996432244,
2,XYt,336,15,0.7876451046469394,
2,XYt,337,15,0.7900651890261002,
2,XYt,338,15,0.7910083185896797,
2,XYt,339,15,0.7871620111696829,
2,XYt,340,15,0.7912606613578214,
2,XYt,341,15,0.7906820482899483,
2,XYt,342,15,0.7901660846539565,
2,XYt,343,15,0.785776593908321,
2,XYt,344,15,0.7870976738112252,
2,XYt,345,15,0.7829437399105968,
2,XYt,346,15,0.7818732846883869,
2,XYt,347,15,0.7802259568664826,
2,XYt,348,15,0.7815883890542434,
2,XYt,349,15,0.7818432569356049,
2,XYt,350,15,0.7834113849067631,
2,XYt,351,15,0.7803199129188804,
2,XYt,352,15,0.7835663651975321,
2,XYt,353,15,0.7877288340598461,
2,XYt,354,15,0.7859921312562144,
2,XYt,355,15,0.7862463174401058,
2,XYt,356,15,0.785257200437673,
2,XYt,357,15,0.7674961703023498,
2,XYt,358,15,0.744132824937702,
2,XYt,359,15,0.7215810672113837,
2,XYt,360,15,0.7064197104773027,
2,XYt,361,15,0.6928253018876853,
2,XYt,362,15,0.6737479416789897,
2,XYt,363,15,0.6638813245930875,
2,XYt,364,15,0.8937771798386738,
2,XYt,365,15,0.8651416589973504,
2,XYt,366,15,0.8451734657914354,
2,XYt,367,15,0.8284291051102424,
2,XYt,368,15,0.821035460114724,
2,XYt,369,15,0.8144541476080958,
2,XYt,370,15,0.8107945483630091,
2,XYt,371,15,0.8042773292173884,
2,XYt,372,15,0.8001635300329814,
2,XYt,373,15,0.7933465572846622,
2,XYt,374,15,0.7882477674710491,
2,XYt,375,15,0.7777461734380983,
2,XYt,376,15,0.764665306180907,
2,XYt,377,15,0.7518016366129974,
2,XYt,378,15,0.7435150601391555,
2,XYt,379,15,0.7353545893456074,
2,XYt,380,15,0.7309059009365059,
2,XYt,381,15,0.7277646737498725,
2,XYt,382,15,0.72541212654446,
2,XYt,383,15,0.7188992408023077,
2,XYt,384,15,0.7100076588881563,
2,XYt,385,15,0.7041203249295444,
2,XYt,386,15,0.701791110708129,
2,XYt,387,15,0.6995127316003029,
2,XYt,388,15,0.6947069522923419,
2,XYt,389,15,0.6945382566289311,
2,XYt,390,15,0.691508284964904,
2,XYt,391,15,0.6915573143552728,
2,XYt,392,15,0.6910313573513998,
2,XYt,393,15,0.6934140148150311,
2,XYt,394,15,0.6934445152563535,
2,XYt,395,15,0.6956484963061661,
2,XYt,396,15,0.6944080550164659,
2,XYt,397,15,0.6960872761881703,
2,XYt,398,15,0.6954172813469527,
2,XYt,399,15,0.6990717490055691,
2,XYt,400,15,0.6991911344219482,
2,XYt,401,15,0.7007302534926354,
2,XYt,402,15,0.6991015928824807,
2,XYt,403,15,0.7001243711578043,
2,XYt,404,15,0.7022726606669989,
2,XYt,405,15,0.7072231698247089,
2,XYt,406,15,0.7111476481027071,
2,XYt,407,15,0.7168862630762062,
2,XYt,408,15,0.7164924657283769,
2,XYt,409,15,0.7247340822138777,
2,XYt,410,15,0.7285213078466165,
2,XYt,411,15,0.7351888113564388,
2,XYt,412,15,0.741784589800191,
2,XYt,413,15,0.7454930876374162,
2,XYt,414,15,0.7519383327227973,
2,XYt,415,15,0.7593507174274675,
2,XYt,416,15,0.767486119807661,
2,XYt,417,15,0.7773696403285265,
2,XYt,418,15,0.7873965941687209,
2,XYt,419,15,0.7942466184088125,
2,XYt,420,15,0.8011591563476886,
2,XYt,421,15,0.8054474380211866,
2,XYt,422,15,0.8139004295319637,
2,XYt,423,15,0.8209336652973249,
2,XYt,424,15,0.8284508208933838,
2,XYt,425,15,0.8315387812503269,
2,XYt,426,15,0.8360608924630721,
2,XYt,427,15,0.8417854668474424,
2,XYt,428,15,0.8530620067268107,
2,XYt,429,15,0.8637019757998231,
2,XYt,430,15,0.8743709470065433,
2,XYt,431,15,0.8827063819423997,
2,XYt,432,15,0.8973545841702466,
2,XYt,433,15,0.9109614877497291,
2,XYt,434,15,0.922456103865463,
2,XYt,435,15,0.9272658220469521,
2,XYt,436,15,0.9448873373270742,
2,XYt,437,15,0.9613071986246927,
2,XYt,511,15,0.6475122844912741,
2,XYt,512,15,0.6469753985731719,
2,XYt,513,15,0.647258540679358,
2,XYt,514,15,0.6486359872993205,
2,XYt,515,15,0.64930713308874,
2,XYt,516,15,0.6490511201048559,
2,XYt,517,15,0.6476923450619595,
2,XYt,518,15,0.6489989736835835,
2,XYt,519,15,0.6481592744393887,
2,XYt,520,15,0.6483693520467676,
2,XYt,521,15,0.64816859555693,
2,XYt,522,15,0.6497838914702818,
2,XYt,523,15,0.6490489682138169,
2,XYt,524,15,0.6528361320802467,
2,XYt,525,15,0.6617539076392069,
2,XYt,526,15,0.6828579802196114,
2,XYt,527,15,0.7114307594509285,
2,XYt,528,15,0.7413332101317648,
2,XYt,529,15,0.7617482243299535,
2,XYt,530,15,0.7690116348366092,
2,XYt,531,15,0.7643574615357861,
2,XYt,532,15,0.7615396544088575,
2,XYt,533,15,0.7694583798180062,
2,XYt,534,15,0.7911860958680189,
2,XYt,535,15,0.8080906228110436,
2,XYt,536,15,0.8255467560920019,
2,XYt,537,15,0.8351118994327226,
2,XYt,538,15,0.8349762291232234,
2,XYt,539,15,0.8355545684320214,
2,XYt,540,15,0.8545283360007329,
2,XYt,541,15,0.8953867308878984,
2,XYt,542,15,0.9395660957805718,
2,XYt,543,15,0.9749035715915566,
2,XYt,544,15,0.9973430715521293,
2,XYt,545,15,1.0040919320909667,
2,XYt,546,15,1.0067487799575146,
2,XYt,547,15,1.0190526624168799,
2,XYt,548,15,1.0237210352168038,
2,XYt,549,15,1.018544867858026,
2,XYt,550,15,1.0091754249308482,
2,XYt,551,15,1.0001960514669677,
2,XYt,552,15,0.9876386975911389,
2,XYt,553,15,0.9754693966140029,
2,XYt,554,15,0.9613586162460911,
2,XYt,555,15,0.9440973364811909,
2,XYt,556,15,0.9290281389877291,
2,XYt,557,15,0.9162427266522525,
2,XYt,558,15,0.9042428724486425,
2,XYt,559,15,0.891322797111253,
2,XYt,560,15,0.8750052332517988,
2,XYt,561,15,0.85930249136598,
2,XYt,562,15,0.8458469907825091,
2,XYt,563,15,0.8394932116355638,
2,XYt,564,15,0.8393250591775682,
2,XYt,565,15,0.8437683615539978,
2,XYt,566,15,0.8461074834365093,
2,XYt,567,15,0.8428823078323625,
2,XYt,568,15,0.8336038488725853,
2,XYt,569,15,0.8237393684584409,
2,XYt,570,15,0.8105408502320216,
2,XYt,571,15,0.7979265157782146,
2,XYt,572,15,0.7892427798663858,
2,XYt,573,15,0.7831571926340095,
2,XYt,574,15,0.7747509274170833,
2,XYt,575,15,0.7639375189680024,
2,XYt,576,15,0.7542285592315656,
2,XYt,577,15,0.7455329309803497,
2,XYt,578,15,0.7356340732941175,
2,XYt,579,15,0.7248272237088305,
2,XYt,580,15,0.7121460911617836,
2,XYt,581,15,0.7027059714136854,
2,XYt,582,15,0.6971402508071213,
2,XYt,583,15,0.6933634113786992,
2,XYt,438,15,0.9753310235206557,
2,XYt,439,15,0.9876088258890722,
2,XYt,440,15,0.9991969649897001,
2,XYt,441,15,1.0067033829978183,
2,XYt,442,15,1.0119527146051979,
2,XYt,443,15,1.0140862295471058,
2,XYt,444,15,1.02100570651848,
2,XYt,445,15,1.0289886121537937,
2,XYt,446,15,1.0383140476116588,
2,XYt,447,15,1.0492047773426847,
2,XYt,448,15,1.055201870485882,
2,XYt,449,15,1.0577039398952486,
2,XYt,450,15,1.0609673931973411,
2,XYt,451,15,1.063315760150226,
2,XYt,452,15,1.0628139421893095,
2,XYt,453,15,1.0667075503989507,
2,XYt,454,15,1.0654032791605472,
2,XYt,455,15,1.0678435448873533,
2,XYt,456,15,1.072364046758778,
2,XYt,457,15,1.0778728282276895,
2,XYt,458,15,1.0824166140871823,
2,XYt,459,15,1.085141532393179,
2,XYt,460,15,1.0818881015026272,
2,XYt,461,15,1.0650924270813944,
2,XYt,462,15,1.0215420531903556,
2,XYt,463,15,0.9504582536230155,
2,XYt,464,15,0.8869508035627326,
2,XYt,465,15,0.8546920029300492,
2,XYt,466,15,0.8340383980962401,
2,XYt,467,15,0.8140030658309899,
2,XYt,468,15,0.7896519560701396,
2,XYt,469,15,0.7754391310403836,
2,XYt,470,15,0.7743494527851631,
2,XYt,471,15,0.7616386817923643,
2,XYt,472,15,0.7293221958743601,
2,XYt,473,15,0.6916511688901306,
2,XYt,474,15,0.6646892924432337,
2,XYt,475,15,0.6552772413582746,
2,XYt,476,15,0.6524244669740662,
2,XYt,477,15,0.6519231071761741,
2,XYt,478,15,0.6506425483693402,
2,XYt,479,15,0.6507603426723632,
2,XYt,480,15,0.6505871473520101,
2,XYt,481,15,0.6502745134602277,
2,XYt,482,15,0.6476044128867797,
2,XYt,483,15,0.6480276913291307,
2,XYt,484,15,0.6489244449211607,
2,XYt,485,15,0.6490858308830204,
2,XYt,486,15,0.647542290975457,
2,XYt,487,15,0.6468370321822294,
2,XYt,488,15,0.6463893385647101,
2,XYt,489,15,0.645510292980622,
2,XYt,490,15,0.6451943016349612,
2,XYt,491,15,0.6458830009664727,
2,XYt,492,15,0.6467176626939602,
2,XYt,493,15,0.6460435023188944,
2,XYt,494,15,0.6456493767045485,
2,XYt,495,15,0.6466334970421282,
2,XYt,496,15,0.6464683334525683,
2,XYt,497,15,0.6465975130003555,
2,XYt,498,15,0.6465073723120771,
2,XYt,499,15,0.6473358255255441,
2,XYt,500,15,0.6466816780554357,
2,XYt,501,15,0.6457470855563445,
2,XYt,502,15,0.6452227435153088,
2,XYt,503,15,0.6459499460158181,
2,XYt,504,15,0.646189417164054,
2,XYt,505,15,0.6460384177854805,
2,XYt,506,15,0.6452404301625432,
2,XYt,507,15,0.6452867730907322,
2,XYt,508,15,0.646358976375356,
2,XYt,509,15,0.6465586101591166,
2,XYt,510,15,0.6474680167619254,
2,XYt,584,15,0.6932226662131961,
2,XYt,585,15,0.691491651538792,
2,XYt,586,15,0.6855905773887562,
2,XYt,587,15,0.6811974771005391,
2,XYt,588,15,0.68300072164806,
2,XYt,589,15,0.6871207968864965,
2,XYt,590,15,0.6914312558224076,
2,XYt,591,15,0.6934223003827835,
2,XYt,592,15,0.6925257325604549,
2,XYt,593,15,0.6866679191668902,
2,XYt,594,15,0.6794348799111747,
2,XYt,595,15,0.672646221770757,
2,XYt,596,15,0.6677426955459377,
2,XYt,597,15,0.6624954216326043,
2,XYt,598,15,0.657078421898698,
2,XYt,599,15,0.6512800084658487,
2,XYt,600,15,0.642052953064193,
2,XYt,601,15,0.632699064371234,
2,XYt,602,15,0.6262632998240398,
2,XYt,603,15,0.6235059709192808,
2,XYt,604,15,0.6249411795207253,
2,XYt,605,15,0.6246797786305648,
2,XYt,606,15,0.626093476652773,
2,XYt,607,15,0.6276175212512639,
2,XYt,608,15,0.6294692552308399,
2,XYt,609,15,0.6311954830396163,
2,XYt,610,15,0.6321922358326687,
2,XYt,611,15,0.6357699178527654,
2,XYt,612,15,0.6423667827186784,
2,XYt,613,15,0.6512828081880697,
2,XYt,614,15,0.6596514891125457,
2,XYt,615,15,0.6647142446705809,
2,XYt,616,15,0.6681115378323628,
2,XYt,617,15,0.671580038232586,
2,XYt,618,15,0.6808578411371651,
2,XYt,619,15,0.6865648077133403,
2,XYt,620,15,0.6879375378876597,
2,XYt,621,15,0.6890029638688748,
2,XYt,622,15,0.6868489546663235,
2,XYt,623,15,0.6821894726953146,
2,XYt,624,15,0.6784215520908096,
2,XYt,625,15,0.6775064252732264,
2,XYt,626,15,0.6762958091494767,
2,XYt,627,15,0.6773800100183678,
2,XYt,628,15,0.6834970793833189,
2,XYt,629,15,0.6922576332614186,
2,XYt,630,15,0.6993407244721617,
2,XYt,631,15,0.7066874757019153,
2,XYt,632,15,0.7158613442656977,
2,XYt,633,15,0.7251206750271095,
2,XYt,634,15,0.7298950177016961,
2,XYt,635,15,0.7364621752572648,
2,XYt,636,15,0.7473273075303188,
2,XYt,637,15,0.7584446453049624,
2,XYt,638,15,0.7684007095980886,
2,XYt,639,15,0.7751700233124201,
2,XYt,640,15,0.7819849477067761,
2,XYt,641,15,0.7908568923627606,
2,XYt,642,15,0.8026391839248964,
2,XYt,643,15,0.8160157867917482,
2,XYt,644,15,0.8285379091039944,
2,XYt,645,15,0.8403581452237439,
2,XYt,646,15,0.8463924166962147,
2,XYt,647,15,0.8430648642193372,
2,XYt,648,15,0.8356086915203633,
2,XYt,649,15,0.8310655720544057,
2,XYt,650,15,0.8320277827174951,
2,XYt,651,15,0.8336644751134542,
2,XYt,652,15,0.844948534447198,
2,XYt,653,15,0.8655811026757705,
2,XYt,654,15,0.8807424377934242,
2,XYt,655,15,0.8928043114830354,
2,XYt,656,15,0.9027894048486844,
2,YZt,0,15,6.012009022288532,
2,YZt,1,15,1.2816414396055786,
2,YZt,2,15,1.1536203134480787,
2,YZt,3,15,1.1591473704900963,
2,YZt,4,15,1.2304042250797758,
2,YZt,5,15,1.636827313864531,
2,YZt,6,15,1.5548191545167143,
2,YZt,7,15,1.3967603939911242,
2,YZt,8,15,1.285655763525015,
2,YZt,9,15,1.3136134699147408,
2,YZt,10,15,1.2657910300362851,
2,YZt,11,15,1.2930858573390995,
2,YZt,12,15,1.258889773083973,
2,YZt,13,15,1.271464478754777,
2,YZt,14,15,1.2721255661170296,
2,YZt,15,15,1.2961086169733662,
2,YZt,16,15,1.3071182144123932,
2,YZt,17,15,1.2989647489878136,
2,YZt,18,15,1.3283801615252877,
2,YZt,19,15,1.3504685547197761,
2,YZt,20,15,1.3452764882541783,
2,YZt,21,15,1.3811175378560374,
2,YZt,22,15,1.401591968952558,
2,YZt,23,15,1.4002172123914292,
2,YZt,24,15,1.4371517465593098,
2,YZt,25,15,1.4531170089827312,
2,XYt,657,15,0.9149842489566028,
2,XYt,658,15,0.9222124365295576,
2,XYt,659,15,0.9266562870171986,
2,XYt,660,15,0.9277779773242145,
2,XYt,661,15,0.9257567959130776,
2,XYt,662,15,0.9204220092441037,
2,XYt,663,15,0.9096181182807134,
2,XYt,664,15,0.891842214196325,
2,XYt,665,15,0.8658513592019236,
2,XYt,666,15,0.831183059185471,
2,XYt,667,15,0.8065757462138208,
2,XYt,668,15,0.7969222541359853,
2,XYt,669,15,0.7958349911040605,
2,XYt,670,15,0.7959953201012409,
2,XYt,671,15,0.7909408858432576,
2,XYt,672,15,0.7803468735338845,
2,XYt,673,15,0.77320739688702,
2,XYt,674,15,0.771544275335136,
2,XYt,675,15,0.7675406681710676,
2,XYt,676,15,0.7555248597342473,
2,XYt,677,15,0.7470737471324631,
2,XYt,678,15,0.7443065577339917,
2,XYt,679,15,0.7388231552573111,
2,XYt,680,15,0.731467062374085,
2,XYt,681,15,0.7259579266094451,
2,XYt,682,15,0.7268578374468605,
2,XYt,683,15,0.7289831864742355,
2,XYt,684,15,0.7322368989277517,
2,XYt,685,15,0.7330099266372386,
2,XYt,686,15,0.7333124277158742,
2,XYt,687,15,0.7298423237393525,
2,XYt,688,15,0.7225507636257997,
2,XYt,689,15,0.7105501227172848,
2,XYt,690,15,0.697123792708139,
2,XYt,691,15,0.684426508227145,
2,XYt,692,15,0.6714225020807219,
2,XYt,693,15,0.658963381340668,
2,XYt,694,15,0.6479946615456941,
2,XYt,695,15,0.6399954504820893,
2,XYt,696,15,0.6348253850808436,
2,XYt,697,15,0.6305863900487,
2,XYt,698,15,0.6290349776853181,
2,XYt,699,15,0.6267839288805589,
2,XYt,700,15,0.6247077897711953,
2,XYt,701,15,0.6227537588757001,
2,XYt,702,15,0.6217334246355385,
2,XYt,703,15,0.6207877425342216,
2,XYt,704,15,0.6207294095880774,
2,XYt,705,15,0.6196904953606055,
2,XYt,706,15,0.6189284626118687,
2,XYt,707,15,0.6196165705470162,
2,XYt,708,15,0.6237567447695374,
2,XYt,709,15,0.6568718843034611,
2,XYt,710,15,0.6941342863478875,
2,XYt,711,15,0.7786592859753744,
2,XYt,712,15,0.8422312756851486,
2,XYt,713,15,0.8589801681292639,
2,XYt,714,15,0.8677256615422013,
2,XYt,715,15,0.8721807213000162,
2,XYt,716,15,0.8638329855573087,
2,XYt,717,15,0.8480941164411042,
2,XYt,718,15,0.8351843746115344,
2,XYt,719,15,0.8760706611977672,
2,XYt,720,15,0.9346527695423037,
2,XYt,721,15,0.9938241409333602,
2,XYt,722,15,1.077968493620014,
2,XYt,723,15,1.1532447918220157,
2,XYt,724,15,1.2292477857428592,
2,XYt,725,15,1.3362401766036422,
2,XYt,726,15,1.4858858078114967,
2,XYt,727,15,1.5316558330996923,
2,YZt,26,15,1.467234897926284,
2,YZt,27,15,1.4708155337622117,
2,YZt,28,15,1.540491777167995,
2,YZt,29,15,1.5238065469618154,
2,YZt,30,15,1.5236343071725693,
2,YZt,31,15,1.6000576576403187,
2,YZt,32,15,1.5970454482455734,
2,YZt,33,15,1.5903634585908526,
2,YZt,34,15,1.6401742945953324,
2,YZt,35,15,1.6547046117656474,
2,YZt,36,15,1.6254158049485463,
2,YZt,37,15,1.5860883362002154,
2,YZt,38,15,1.5601467830698612,
2,YZt,39,15,1.5147676951308835,
2,YZt,40,15,1.481298216847547,
2,YZt,41,15,1.422908589561008,
2,YZt,42,15,1.3862567691550947,
2,YZt,43,15,1.3278511975630716,
2,YZt,44,15,1.29361221006894,
2,YZt,45,15,1.257743766829459,
2,YZt,46,15,1.2113192294221435,
2,YZt,47,15,1.1907351868340192,
2,YZt,48,15,1.1686885810837655,
2,YZt,49,15,1.139441772458319,
2,YZt,50,15,1.128363057242594,
2,YZt,51,15,1.1290186909093702,
2,YZt,52,15,1.1228319296037121,
2,YZt,53,15,1.120862350451321,
2,YZt,54,15,1.137863104337911,
2,YZt,55,15,1.1636827519284778,
2,YZt,56,15,1.1844483980939293,
2,YZt,57,15,1.225776973103502,
2,YZt,58,15,1.260139731335149,
2,YZt,59,15,1.2846427820451494,
2,YZt,60,15,1.3328370904461346,
2,YZt,61,15,1.4217432939810801,
2,YZt,62,15,1.4601961579810752,
2,YZt,63,15,1.352249557082353,
2,YZt,64,15,1.2030812107291458,
2,YZt,65,15,1.0040937711914983,
2,YZt,66,15,0.8291905114122853,
2,YZt,67,15,0.7328692408444533,
2,YZt,68,15,0.6543149434503347,
2,YZt,69,15,0.5985598855455931,
2,YZt,70,15,0.5515264697584242,
2,YZt,71,15,0.5287709509055124,
2,YZt,72,15,0.5074651649964342,
2,YZt,73,15,0.4958428721298872,
2,YZt,74,15,0.4669484144372919,
2,YZt,75,15,0.4600899829165472,
2,YZt,76,15,0.4457315878355137,
2,YZt,77,15,0.4407247176457125,
2,YZt,78,15,0.4310215651361309,
2,YZt,79,15,0.4267226834100638,
2,YZt,80,15,0.41676834210380836,
2,YZt,81,15,0.41525994771747105,
2,YZt,82,15,0.4108228297682306,
2,YZt,83,15,0.4142265201323035,
2,YZt,84,15,0.4101522627871125,
2,YZt,85,15,0.4080522461647797,
2,YZt,86,15,0.41219543184615365,
2,YZt,87,15,0.4108210098592769,
2,YZt,88,15,0.41267677600109415,
2,YZt,89,15,0.4194797658832597,
2,YZt,90,15,0.4169519799113039,
2,YZt,91,15,0.41754061332468645,
2,YZt,92,15,0.4221204768665704,
2,YZt,93,15,0.41891468631501855,
2,YZt,94,15,0.41762718115444686,
2,YZt,95,15,0.42107087285228667,
2,YZt,96,15,0.42051463864598504,
2,YZt,97,15,0.41831195146859484,
2,YZt,98,15,0.4258601394789823,
2,YZt,99,15,0.4287961605414138,
2,YZt,100,15,0.42943462339616906,
2,YZt,101,15,0.42551494071748985,
2,YZt,102,15,0.4297483563138938,
2,YZt,103,15,0.434704588633375,
2,YZt,104,15,0.4387551059017509,
2,YZt,105,15,0.43839607591487023,
2,YZt,106,15,0.43871704115167576,
2,YZt,107,15,0.4495837590065323,
2,YZt,108,15,0.4548921117999321,
2,YZt,109,15,0.4629991919657279,
2,YZt,110,15,0.46849343052070586,
2,YZt,111,15,0.47230904694019765,
2,YZt,112,15,0.4825365962565687,
2,YZt,113,15,0.5050234310289576,
2,YZt,114,15,0.5215291481969253,
2,YZt,115,15,0.5299859074648984,
2,YZt,116,15,0.5318432095202957,
2,YZt,117,15,0.5294061236066125,
2,YZt,118,15,0.5244653902668731,
2,YZt,119,15,0.5143195684656512,
2,YZt,120,15,0.5040364970353227,
2,YZt,121,15,0.48730617629537365,
2,YZt,122,15,0.4703400979455871,
2,YZt,123,15,0.45860198341017416,
2,YZt,124,15,0.4550891438792933,
2,YZt,125,15,0.455098979423052,
2,YZt,126,15,0.45105517817893187,
2,YZt,127,15,0.4481438523756125,
2,YZt,128,15,0.4506041521406852,
2,YZt,129,15,0.4556946350276177,
2,YZt,130,15,0.45915360787442094,
2,YZt,131,15,0.4599343930543904,
2,YZt,132,15,0.46180236305263955,
2,YZt,133,15,0.46367201174688466,
2,YZt,134,15,0.47167008047838976,
2,YZt,135,15,0.47651721809914394,
2,YZt,136,15,0.4761303954835566,
2,YZt,137,15,0.4794169950030686,
2,YZt,138,15,0.48552794439998054,
2,YZt,139,15,0.4888403817392607,
2,YZt,140,15,0.4868629000918139,
2,YZt,141,15,0.48992623310634453,
2,YZt,142,15,0.4901743050780409,
2,YZt,143,15,0.49095594908902834,
2,YZt,144,15,0.4890968997850406,
2,YZt,145,15,0.4881126928383809,
2,YZt,146,15,0.4880774648088146,
2,YZt,147,15,0.48487490126740973,
2,YZt,148,15,0.48697933866140625,
2,YZt,149,15,0.4900616800005148,
2,YZt,150,15,0.49097785515168507,
2,YZt,151,15,0.4932384846280776,
2,YZt,152,15,0.497816868467624,
2,YZt,153,15,0.5005919818858307,
2,YZt,154,15,0.5112483005060996,
2,YZt,155,15,0.517648775474836,
2,YZt,156,15,0.5192687603153923,
2,YZt,157,15,0.5188727265772461,
2,YZt,158,15,0.5148502107748139,
2,YZt,159,15,0.5185750963920133,
2,YZt,160,15,0.5153373028265028,
2,YZt,161,15,0.5035367516162191,
2,YZt,162,15,0.48916077370702293,
2,YZt,163,15,0.4851158102654939,
2,YZt,164,15,0.4764367488786253,
2,YZt,165,15,0.4610736123320463,
2,YZt,166,15,0.45483245775193626,
2,YZt,167,15,0.4498951322097099,
2,YZt,168,15,0.4417137947389697,
2,YZt,169,15,0.4337222448642491,
2,YZt,170,15,0.43544347993705507,
2,YZt,171,15,0.4305318023471601,
2,YZt,172,15,0.435357672831404,
2,YZt,173,15,0.43187342585466126,
2,YZt,174,15,0.42738786733054124,
2,YZt,175,15,0.4379137584599524,
2,YZt,176,15,0.4455712737174911,
2,YZt,177,15,0.447135307975777,
2,YZt,178,15,0.4569876794063922,
2,YZt,179,15,0.459970731746582,
2,YZt,180,15,0.47672041239248814,
2,YZt,181,15,0.48702845622175,
2,YZt,182,15,0.5114893935040025,
2,YZt,183,15,0.5311396729188743,
2,YZt,184,15,0.5644270207181432,
2,YZt,185,15,0.6021298409660165,
2,YZt,186,15,0.6952076600185845,
2,YZt,187,15,0.7743963434481139,
2,YZt,188,15,0.96147480184024,
2,YZt,189,15,1.2291803116759437,
2,YZt,190,15,1.5454836122557964,
2,YZt,191,15,1.8362216764574228,
2,YZt,192,15,1.9955922686233012,
2,YZt,193,15,1.9888467197902784,
2,YZt,194,15,1.9717507862289576,
2,YZt,195,15,1.9568259161767905,
2,YZt,196,15,1.9533396183772163,
2,YZt,197,15,1.9732732247393783,
2,YZt,198,15,1.9531007924608668,
2,YZt,199,15,1.9109192813184956,
2,YZt,200,15,1.903687078917247,
2,YZt,201,15,1.9029986190593329,
2,YZt,202,15,1.8809239751185272,
2,YZt,203,15,1.843647571925889,
2,YZt,204,15,1.860443018300609,
2,YZt,205,15,1.8443376774077105,
2,YZt,206,15,1.8124519067233285,
2,YZt,207,15,1.778649865973745,
2,YZt,208,15,1.7967474073114085,
2,YZt,209,15,1.7716473642279074,
2,YZt,210,15,1.7610388181584309,
2,YZt,211,15,1.7402638576202425,
2,YZt,212,15,1.723187402922034,
2,YZt,213,15,1.6962649691657241,
2,YZt,214,15,1.6911040780114346,
2,YZt,215,15,1.6739217027786135,
2,YZt,216,15,1.6495894763193777,
2,YZt,217,15,1.6421526882059765,
2,YZt,218,15,1.608574607755241,
2,YZt,219,15,1.6120862295656853,
2,YZt,220,15,1.582090926271921,
2,YZt,221,15,1.5828832690225367,
2,YZt,222,15,1.5743352971644948,
2,YZt,223,15,1.5760394648696279,
2,YZt,224,15,1.568710763818869,
2,YZt,225,15,1.5448538814750592,
2,YZt,226,15,1.4978359885272057,
2,YZt,227,15,1.5045039432079024,
2,YZt,228,15,1.511655018570888,
2,YZt,229,15,1.4493458706262052,
2,YZt,230,15,1.4535592928731644,
2,YZt,231,15,1.4566006470539952,
2,YZt,232,15,1.4074303238028782,
2,YZt,233,15,1.4151690339951821,
2,YZt,234,15,1.3922911317154847,
2,YZt,235,15,1.3907380661873459,
2,YZt,236,15,1.339845179507114,
2,YZt,237,15,1.3441793778674553,
2,YZt,238,15,1.330500017409215,
2,YZt,239,15,1.299826333710006,
2,YZt,240,15,1.310956186972987,
2,YZt,241,15,1.2844420281174798,
2,YZt,242,15,1.2578674847368787,
2,YZt,243,15,1.2716778481602051,
2,YZt,244,15,1.2737777469836593,
2,YZt,245,15,1.2511351445178887,
2,YZt,246,15,1.2551728152054353,
2,YZt,247,15,1.2410247380353367,
2,YZt,248,15,1.2800460342427,
2,YZt,249,15,1.2528282914043167,
2,YZt,250,15,1.3038029913510878,
2,YZt,251,15,1.2769894055589348,
2,YZt,252,15,1.3898240575576326,
2,YZt,253,15,1.5478287098963013,
2,YZt,254,15,1.6308134227987885,
2,YZt,255,15,1.2359257863552109,
2,YZt,256,15,1.1699599472700282,
2,YZt,257,15,1.1753222210564886,
2,YZt,258,15,1.3071522629360983,
2,YZt,259,15,6.004967399578748,
2,XZt,0,15,6.0035293476028455,
2,XZt,1,15,1.2525500423993263,
2,XZt,2,15,1.1282150101577646,
2,XZt,3,15,1.1234809585153536,
2,XZt,4,15,1.1970336243040745,
2,XZt,5,15,1.6134822704027187,
2,XZt,6,15,1.5197630049762167,
2,XZt,7,15,1.4167177011643428,
2,XZt,8,15,1.2880707622739003,
2,XZt,9,15,1.3131174688360934,
2,XZt,10,15,1.2703535630605916,
2,XZt,11,15,1.3061545381095296,
2,XZt,12,15,1.278302126711927,
2,XZt,13,15,1.3022892983131775,
2,XZt,14,15,1.2971599608038367,
2,XZt,15,15,1.3273970637416048,
2,XZt,16,15,1.3280159881868605,
2,XZt,17,15,1.3238918344814805,
2,XZt,18,15,1.3439023154057574,
2,XZt,19,15,1.3643634730685705,
2,XZt,20,15,1.3625089216395774,
2,XZt,21,15,1.3797327084442323,
2,XZt,22,15,1.3840745117464197,
2,XZt,23,15,1.3893711408070968,
2,XZt,24,15,1.4459318262576355,
2,XZt,25,15,1.4278949560872687,
2,XZt,26,15,1.4359010997784436,
2,XZt,27,15,1.4404419450516415,
2,XZt,28,15,1.4749291610589677,
2,XZt,29,15,1.4507734549821132,
2,XZt,30,15,1.4488637422215598,
2,XZt,31,15,1.509527794179737,
2,XZt,32,15,1.489341888280377,
2,XZt,33,15,1.4804432290511318,
2,XZt,34,15,1.5242551435459901,
2,XZt,35,15,1.5359073792383116,
2,XZt,36,15,1.5257250702386438,
2,XZt,37,15,1.5279115470198774,
2,XZt,38,15,1.5380118681671902,
2,XZt,39,15,1.522574254964268,
2,XZt,40,15,1.5445825237182986,
2,XZt,41,15,1.5420890766728161,
2,XZt,42,15,1.5585136731687461,
2,XZt,43,15,1.5596282171463982,
2,XZt,44,15,1.5811315895394658,
2,XZt,45,15,1.5805121268428308,
2,XZt,46,15,1.5706950269332811,
2,XZt,47,15,1.585842438379386,
2,XZt,48,15,1.5915610923081234,
2,XZt,49,15,1.5919622462901417,
2,XZt,50,15,1.5978580906981885,
2,XZt,51,15,1.5995445128137684,
2,XZt,52,15,1.5741900019597335,
2,XZt,53,15,1.5875062419536272,
2,XZt,54,15,1.6020700492214563,
2,XZt,55,15,1.5989683679463744,
2,XZt,56,15,1.566821378553033,
2,XZt,57,15,1.57512972867352,
2,XZt,58,15,1.5815255649848314,
2,XZt,59,15,1.5577015846549034,
2,XZt,60,15,1.5371839739470035,
2,XZt,61,15,1.5430046764396128,
2,XZt,62,15,1.5345112988262795,
2,XZt,63,15,1.5122599353274504,
2,XZt,64,15,1.518802356542347,
2,XZt,65,15,1.4972912011678656,
2,XZt,66,15,1.484981514323107,
2,XZt,67,15,1.4494258938522067,
2,XZt,68,15,1.3722171879478373,
2,XZt,69,15,1.3040646332079142,
2,XZt,70,15,1.2029167334367903,
2,XZt,71,15,1.136356101502749,
2,XZt,72,15,1.051198839490317,
2,XZt,73,15,0.9919034526242761,
2,XZt,74,15,0.9234234197817672,
2,XZt,75,15,0.8840673738543059,
2,XZt,76,15,0.8256424468895187,
2,XZt,77,15,0.7938221437822055,
2,XZt,78,15,0.749663311284927,
2,XZt,79,15,0.7245209065288933,
2,XZt,80,15,0.6896665355048116,
2,XZt,81,15,0.6668013925119387,
2,XZt,82,15,0.639703472685597,
2,XZt,83,15,0.624863672489753,
2,XZt,84,15,0.605076688916262,
2,XZt,85,15,0.5832104071836693,
2,XZt,86,15,0.5748812230193303,
2,XZt,87,15,0.5627992183180428,
2,XZt,88,15,0.5502243430500725,
2,XZt,89,15,0.5433493926796463,
2,XZt,90,15,0.5312152395507359,
2,XZt,91,15,0.5226078247394129,
2,XZt,92,15,0.5204145387838788,
2,XZt,93,15,0.5094207133655867,
2,XZt,94,15,0.49787783656876594,
2,XZt,95,15,0.49421800681279954,
2,XZt,96,15,0.4866897369568669,
2,XZt,97,15,0.4743366498450227,
2,XZt,98,15,0.47105044642755484,
2,XZt,99,15,0.46625838417389015,
2,XZt,100,15,0.45531124845269416,
2,XZt,101,15,0.4446817739117457,
2,XZt,102,15,0.43979758910275957,
2,XZt,103,15,0.433609959941881,
2,XZt,104,15,0.42842399661363023,
2,XZt,105,15,0.4163466620878725,
2,XZt,106,15,0.40768626517476114,
2,XZt,107,15,0.40612602787885266,
2,XZt,108,15,0.4028321357431395,
2,XZt,109,15,0.3994220866545763,
2,XZt,110,15,0.39465639100017097,
2,XZt,111,15,0.38712582215528285,
2,XZt,112,15,0.3829502866108615,
2,XZt,113,15,0.38147738726382163,
2,XZt,114,15,0.3813783731784663,
2,XZt,115,15,0.3800115059404687,
2,XZt,116,15,0.37953984137428914,
2,XZt,117,15,0.3777201524081715,
2,XZt,118,15,0.37622247390872793,
2,XZt,119,15,0.3744559221953105,
2,XZt,120,15,0.3728730974379786,
2,XZt,121,15,0.3701506843693938,
2,XZt,122,15,0.37183743603805913,
2,XZt,123,15,0.3690924874189387,
2,XZt,124,15,0.3714629919352271,
2,XZt,125,15,0.37240204541767014,
2,XZt,126,15,0.371694034030753,
2,XZt,127,15,0.37055151801808167,
2,XZt,128,15,0.3690683858871118,
2,XZt,129,15,0.3720868925769591,
2,XZt,130,15,0.3715929321173232,
2,XZt,131,15,0.371651644913317,
2,XZt,132,15,0.3740445378211708,
2,XZt,133,15,0.3748777470417283,
2,XZt,134,15,0.37912002758601665,
2,XZt,135,15,0.37907195567379853,
2,XZt,136,15,0.37685923111429465,
2,XZt,137,15,0.3801348644980891,
2,XZt,138,15,0.3836306317243054,
2,XZt,139,15,0.38708617293957964,
2,XZt,140,15,0.3883295617903477,
2,XZt,141,15,0.3931630798748465,
2,XZt,142,15,0.39660723263700387,
2,XZt,143,15,0.4008181789154283,
2,XZt,144,15,0.4030824929429061,
2,XZt,145,15,0.4036816389520678,
2,XZt,146,15,0.40791865809851335,
2,XZt,147,15,0.4100574420868086,
2,XZt,148,15,0.4193279216916007,
2,XZt,149,15,0.4318511971705476,
2,XZt,150,15,0.44071077569375444,
2,XZt,151,15,0.4493332463156652,
2,XZt,152,15,0.45811406888441364,
2,XZt,153,15,0.4681811225367333,
2,XZt,154,15,0.4849393272829538,
2,XZt,155,15,0.504033816691979,
2,XZt,156,15,0.5155092896385736,
2,XZt,157,15,0.5265918429705634,
2,XZt,158,15,0.5372588570823209,
2,XZt,159,15,0.5542960097457601,
2,XZt,160,15,0.57153380774722,
2,XZt,161,15,0.5812470245055392,
2,XZt,162,15,0.5870213543648981,
2,XZt,163,15,0.6044288401860731,
2,XZt,164,15,0.6140864887418336,
2,XZt,165,15,0.6203986895210376,
2,XZt,166,15,0.6325894025435523,
2,XZt,167,15,0.6441597803971081,
2,XZt,168,15,0.649132369644843,
2,XZt,169,15,0.6559797336978175,
2,XZt,170,15,0.6667911743803412,
2,XZt,171,15,0.6693943896257043,
2,XZt,172,15,0.678304545510794,
2,XZt,173,15,0.6845509665191566,
2,XZt,174,15,0.6833578478332634,
2,XZt,175,15,0.6930488133332748,
2,XZt,176,15,0.6916833505147089,
2,XZt,177,15,0.682339814279961,
2,XZt,178,15,0.6791914701479382,
2,XZt,179,15,0.6676216242346759,
2,XZt,180,15,0.6679397887676132,
2,XZt,181,15,0.6560615109902136,
2,XZt,182,15,0.6608279851432819,
2,XZt,183,15,0.654809460032128,
2,XZt,184,15,0.6660484143728607,
2,XZt,185,15,0.6619330256749753,
2,XZt,186,15,0.6823425747527619,
2,XZt,187,15,0.6849995057189241,
2,XZt,188,15,0.7101226971724651,
2,XZt,189,15,0.7167147484968546,
2,XZt,190,15,0.75037010952601,
2,XZt,191,15,0.7614135003481095,
2,XZt,192,15,0.7882683291036061,
2,XZt,193,15,0.8157816794356352,
2,XZt,194,15,0.8257430788123785,
2,XZt,195,15,0.8524704450781992,
2,XZt,196,15,0.8446713754384678,
2,XZt,197,15,0.8598956093117399,
2,XZt,198,15,0.8576567760543776,
2,XZt,199,15,0.835573595172263,
2,XZt,200,15,0.8374734064447801,
2,XZt,201,15,0.8396063869001271,
2,XZt,202,15,0.8228492121322046,
2,XZt,203,15,0.8145160376628867,
2,XZt,204,15,0.8220510857211852,
2,XZt,205,15,0.8186355077599146,
2,XZt,206,15,0.8047455540931104,
2,XZt,207,15,0.8050058179500121,
2,XZt,208,15,0.812314647744258,
2,XZt,209,15,0.8195200144950269,
2,XZt,210,15,0.8192543310397548,
2,XZt,211,15,0.8389620280584853,
2,XZt,212,15,0.8510002068213219,
2,XZt,213,15,0.8635572761048779,
2,XZt,214,15,0.9014431866469852,
2,XZt,215,15,0.9451070013725233,
2,XZt,216,15,0.9962095198729851,
2,XZt,217,15,1.068819353364295,
2,XZt,218,15,1.1505535450151474,
2,XZt,219,15,1.254701117132476,
2,XZt,220,15,1.336632672164276,
2,XZt,221,15,1.4290668149435675,
2,XZt,222,15,1.5003215796222067,
2,XZt,223,15,1.5597738115950535,
2,XZt,224,15,1.5889172646130993,
2,XZt,225,15,1.5854766630112604,
2,XZt,226,15,1.5493208003119465,
2,XZt,227,15,1.5464643445149988,
2,XZt,228,15,1.55711486300045,
2,XZt,229,15,1.5068457465631273,
2,XZt,230,15,1.50693211820058,
2,XZt,231,15,1.5280418729123908,
2,XZt,232,15,1.4827082558312372,
2,XZt,233,15,1.4800632023113545,
2,XZt,234,15,1.4655336572054598,
2,XZt,235,15,1.475672970310598,
2,XZt,236,15,1.4119352963373495,
2,XZt,237,15,1.416291445692801,
2,XZt,238,15,1.4155381006162813,
2,XZt,239,15,1.3840912215232906,
2,XZt,240,15,1.3924632820994602,
2,XZt,241,15,1.3702937023377888,
2,XZt,242,15,1.3451109438050914,
2,XZt,243,15,1.343256705298524,
2,XZt,244,15,1.341887286065242,
2,XZt,245,15,1.3086043666789162,
2,XZt,246,15,1.3149759859628436,
2,XZt,247,15,1.2851749918470035,
2,XZt,248,15,1.315731446416439,
2,XZt,249,15,1.2814475250057944,
2,XZt,250,15,1.3185979015490532,
2,XZt,251,15,1.2963672645092292,
2,XZt,252,15,1.411223449577019,
2,XZt,253,15,1.5027848565020505,
2,XZt,254,15,1.5946521138491325,
2,XZt,255,15,1.1881696912316726,
2,XZt,256,15,1.1160831880431805,
2,XZt,257,15,1.1206347250868078,
2,XZt,258,15,1.2658919306420056,
2,XZt,259,15,6.00780722741526,
3,XYt,0,15,1.419002749320402,
3,XYt,1,15,1.2243991814914006,
3,XYt,2,15,1.0837115531639614,
3,XYt,3,15,0.9695849744152774,
3,XYt,4,15,0.8675624255142792,
3,XYt,5,15,0.7754679259869119,
3,XYt,6,15,0.6954529466471993,
3,XYt,7,15,0.6385643672969836,
3,XYt,8,15,0.5915369169020286,
3,XYt,9,15,0.549065320665797,
3,XYt,10,15,0.5113193441143984,
3,XYt,11,15,0.4743144506709442,
3,XYt,12,15,0.43675949567140576,
3,XYt,13,15,0.398432231028617,
3,XYt,14,15,0.36203781692150133,
3,XYt,15,15,0.3344928543529373,
3,XYt,16,15,0.32352580410858095,
3,XYt,17,15,0.2866646117837489,
3,XYt,18,15,0.23025085917647614,
3,XYt,19,15,0.2044426764041522,
3,XYt,20,15,0.19125052482014074,
3,XYt,21,15,0.18507722613527292,
3,XYt,22,15,0.18456707429307273,
3,XYt,23,15,0.18849018414382232,
3,XYt,24,15,0.19715884246521023,
3,XYt,25,15,0.20741763527012472,
3,XYt,26,15,0.2189624873460219,
3,XYt,27,15,0.2288994357115532,
3,XYt,28,15,0.23824116009406462,
3,XYt,29,15,0.24417943101868295,
3,XYt,30,15,0.24776957552245446,
3,XYt,31,15,0.24599021050299089,
3,XYt,32,15,0.24008692962511877,
3,XYt,33,15,0.22788560960835783,
3,XYt,34,15,0.20835272264238985,
3,XYt,35,15,0.17903183198876577,
3,XYt,36,15,0.1425947857706686,
3,XYt,37,15,0.12062040157389403,
3,XYt,38,15,0.16381676658147398,
3,XYt,39,15,0.29018109486911925,
3,XYt,40,15,0.4523802972617356,
3,XYt,41,15,0.622906584730067,
3,XYt,42,15,0.7905379720900287,
3,XYt,43,15,0.9525278671683987,
3,XYt,44,15,1.1051216443173184,
3,XYt,45,15,1.2275782449364434,
3,XYt,46,15,1.2679819304441804,
3,XYt,47,15,1.2026582477958865,
3,XYt,48,15,1.0913525386442322,
3,XYt,49,15,0.985571703062838,
3,XYt,50,15,0.8961803996107175,
3,XYt,51,15,0.8253515462074719,
3,XYt,52,15,0.7618642366808214,
3,XYt,53,15,0.6951825713676385,
3,XYt,54,15,0.6174356295682294,
3,XYt,55,15,0.525119128900468,
3,XYt,56,15,0.42595800272219875,
3,XYt,57,15,0.35150452326659826,
3,XYt,58,15,0.3175418037397889,
3,XYt,59,15,0.32066084074751217,
3,XYt,60,15,0.3358638869797392,
3,XYt,61,15,0.3463908197760722,
3,XYt,62,15,0.3481135537924908,
3,XYt,63,15,0.34558268533180775,
3,XYt,64,15,0.34144562101479764,
3,XYt,65,15,0.3400755537811905,
3,XYt,66,15,0.33806695730686676,
3,XYt,67,15,0.3340651144505475,
3,XYt,68,15,0.3285297875188312,
3,XYt,69,15,0.31927292791867795,
3,XYt,70,15,0.3100563458307021,
3,XYt,71,15,0.30284559103027897,
3,XYt,72,15,0.29570398713404095,
3,XYt,73,15,0.2904032627619785,
3,XYt,74,15,0.28673741545676545,
3,XYt,75,15,0.28448523888063953,
3,XYt,76,15,0.28026157593700385,
3,XYt,77,15,0.27370498652916087,
3,XYt,78,15,0.26750164846119,
3,XYt,79,15,0.26174452795060793,
3,XYt,80,15,0.2611550354107868,
3,XYt,81,15,0.26087143724612544,
3,XYt,82,15,0.26022931548805256,
3,XYt,83,15,0.2575105113931711,
3,XYt,84,15,0.25678154998999336,
3,XYt,85,15,0.25688898435142515,
3,XYt,86,15,0.2567057975378798,
3,XYt,87,15,0.25436591521416607,
3,XYt,88,15,0.2510405273821388,
3,XYt,89,15,0.2482534431097448,
3,XYt,90,15,0.2456044572854801,
3,XYt,91,15,0.24285630033753586,
3,XYt,92,15,0.2407136584440306,
3,XYt,93,15,0.2403230404608777,
3,XYt,94,15,0.2410032436510804,
3,XYt,95,15,0.24299019530826751,
3,XYt,96,15,0.241261175920695,
3,XYt,97,15,0.23620155507279184,
3,XYt,98,15,0.2332716366796745,
3,XYt,99,15,0.2316576392912384,
3,XYt,100,15,0.22935509797795883,
3,XYt,101,15,0.22847761302067796,
3,XYt,102,15,0.2281949648696996,
3,XYt,103,15,0.2288237805248937,
3,XYt,104,15,0.22921177894029854,
3,XYt,105,15,0.2300529206763552,
3,XYt,106,15,0.2289345257763651,
3,XYt,107,15,0.22820497593132819,
3,XYt,108,15,0.22709656436046718,
3,XYt,109,15,0.2239919223157905,
3,XYt,110,15,0.22173825347276002,
3,XYt,111,15,0.22060914113377944,
3,XYt,112,15,0.21831159269411338,
3,XYt,113,15,0.21775122708042857,
3,XYt,114,15,0.2177780237444023,
3,XYt,115,15,0.22136699314063146,
3,XYt,116,15,0.22778469393077225,
3,XYt,117,15,0.23560717650048207,
3,XYt,118,15,0.24517013170025284,
3,XYt,119,15,0.25687499570593403,
3,XYt,120,15,0.2480639949138132,
3,XYt,121,15,0.2339242354059935,
3,XYt,122,15,0.23054495632699018,
3,XYt,123,15,0.23528371023376943,
3,XYt,124,15,0.2429294837244707,
3,XYt,125,15,0.24758356773189114,
3,XYt,126,15,0.25153579455069197,
3,XYt,127,15,0.25605187970816234,
3,XYt,128,15,0.2593559385674412,
3,XYt,129,15,0.26292799813165546,
3,XYt,130,15,0.26244437932695164,
3,XYt,131,15,0.25908777207073225,
3,XYt,132,15,0.25604986109777383,
3,XYt,133,15,0.2561882997602732,
3,XYt,134,15,0.25625228283731843,
3,XYt,135,15,0.2543103460198042,
3,XYt,136,15,0.2529899968891954,
3,XYt,137,15,0.255534779785147,
3,XYt,138,15,0.25803454295309847,
3,XYt,139,15,0.26202735610229677,
3,XYt,140,15,0.2658662406435421,
3,XYt,141,15,0.2655205014555201,
3,XYt,142,15,0.26231103589247956,
3,XYt,143,15,0.26170473577008424,
3,XYt,144,15,0.26330278008940583,
3,XYt,145,15,0.26679361872097723,
3,XYt,146,15,0.2695556482848153,
3,XYt,147,15,0.27444806738577066,
3,XYt,148,15,0.2757014161085835,
3,XYt,149,15,0.2729410921967489,
3,XYt,150,15,0.2667721972443983,
3,XYt,151,15,0.26056718661752304,
3,XYt,152,15,0.2569211349605536,
3,XYt,153,15,0.25575186355293966,
3,XYt,154,15,0.2545334704803911,
3,XYt,155,15,0.25355891801498376,
3,XYt,156,15,0.2524263312414788,
3,XYt,157,15,0.24802409010261536,
3,XYt,158,15,0.24103321162975763,
3,XYt,159,15,0.23741225699601015,
3,XYt,160,15,0.2359395402265842,
3,XYt,161,15,0.23685929503729883,
3,XYt,162,15,0.23684656063563567,
3,XYt,163,15,0.23960881705484796,
3,XYt,164,15,0.2432393469662115,
3,XYt,165,15,0.24537059135486067,
3,XYt,166,15,0.24317799028852724,
3,XYt,167,15,0.23693461306593627,
3,XYt,168,15,0.23144105769258955,
3,XYt,169,15,0.22777597805896094,
3,XYt,170,15,0.2254305365779112,
3,XYt,171,15,0.22153638183214586,
3,XYt,172,15,0.22011607804396147,
3,XYt,173,15,0.21764258419909202,
3,XYt,174,15,0.21626898952411258,
3,XYt,175,15,0.21716572965926367,
3,XYt,176,15,0.21061112057838335,
3,XYt,177,15,0.20419887488637195,
3,XYt,178,15,0.19999744381703652,
3,XYt,179,15,0.19718099689885055,
3,XYt,180,15,0.195376752326445,
3,XYt,181,15,0.1932944371994756,
3,XYt,182,15,0.1939529486307564,
3,XYt,183,15,0.19453466636283873,
3,XYt,184,15,0.19539229160961508,
3,XYt,185,15,0.19524700030807712,
3,XYt,186,15,0.1939911268699088,
3,XYt,187,15,0.19196442966203153,
3,XYt,188,15,0.19222823558499844,
3,XYt,189,15,0.1941861705269637,
3,XYt,190,15,0.19683187574489508,
3,XYt,191,15,0.19916630918223693,
3,XYt,192,15,0.2028240150326302,
3,XYt,193,15,0.20443731487707562,
3,XYt,194,15,0.20060784812256657,
3,XYt,195,15,0.19560564718073997,
3,XYt,196,15,0.1940751324908587,
3,XYt,197,15,0.19935026155551983,
3,XYt,198,15,0.20980886476961147,
3,XYt,199,15,0.2222132676354189,
3,XYt,200,15,0.2211827256041082,
3,XYt,201,15,0.20607762744067562,
3,XYt,202,15,0.20500108719188762,
3,XYt,203,15,0.21239308153389921,
3,XYt,204,15,0.22133665860660065,
3,XYt,205,15,0.22745859284179884,
3,XYt,206,15,0.23063055310269714,
3,XYt,207,15,0.22935238634333396,
3,XYt,208,15,0.22875790793663686,
3,XYt,209,15,0.233302774919067,
3,XYt,210,15,0.23526242766323274,
3,XYt,211,15,0.23805890359394674,
3,XYt,212,15,0.24108304688712193,
3,XYt,213,15,0.24690778040313338,
3,XYt,214,15,0.2527400654205165,
3,XYt,215,15,0.2550503304918262,
3,XYt,216,15,0.25415118970577566,
3,XYt,217,15,0.2562737178158425,
3,XYt,218,15,0.2606251513699006,
3,XYt,219,15,0.2700758395057963,
3,XYt,220,15,0.2754874650822412,
3,XYt,221,15,0.2767592984731791,
3,XYt,222,15,0.27588068911029734,
3,XYt,223,15,0.27854563223601275,
3,XYt,224,15,0.2836482437947672,
3,XYt,225,15,0.2912042537647846,
3,XYt,226,15,0.29441495438169984,
3,XYt,227,15,0.29618321284157717,
3,XYt,228,15,0.2948934056627452,
3,XYt,229,15,0.29699484667853787,
3,XYt,230,15,0.2970942494553035,
3,XYt,231,15,0.296891598466342,
3,XYt,232,15,0.29352032104329456,
3,XYt,233,15,0.28830249155516624,
3,XYt,234,15,0.27992402289705287,
3,XYt,235,15,0.27462862984984693,
3,XYt,236,15,0.26796506062877506,
3,XYt,237,15,0.2631271437790935,
3,XYt,238,15,0.2622213967677685,
3,XYt,239,15,0.2650263084402226,
3,XYt,240,15,0.2648383985288133,
3,XYt,241,15,0.2677175719792086,
3,XYt,242,15,0.26839725375696144,
3,XYt,243,15,0.27261422785223,
3,XYt,244,15,0.2727360264521318,
3,XYt,245,15,0.2746853980461493,
3,XYt,246,15,0.27307367435939117,
3,XYt,247,15,0.27334160851804556,
3,XYt,248,15,0.27091933362904275,
3,XYt,249,15,0.2708834596197473,
3,XYt,250,15,0.2695030855526695,
3,XYt,251,15,0.2682548961426712,
3,XYt,252,15,0.2604774356620995,
3,XYt,253,15,0.24454344885995122,
3,XYt,254,15,0.22694824822338233,
3,XYt,255,15,0.24045395705489803,
3,XYt,256,15,0.26468967966947266,
3,XYt,257,15,0.25630932252875466,
3,XYt,258,15,0.2121314992528223,
3,XYt,259,15,0.23879006196803992,
3,XYt,260,15,0.29894700129179935,
3,XYt,261,15,0.3000033315874578,
3,XYt,262,15,0.26614856814414023,
3,XYt,263,15,0.2189165762783667,
3,XYt,264,15,0.18056516095381314,
3,XYt,265,15,0.16577616130876113,
3,XYt,266,15,0.16386675896976616,
3,XYt,267,15,0.1631894791769656,
3,XYt,268,15,0.16324204539757428,
3,XYt,269,15,0.16369633565458105,
3,XYt,270,15,0.16466366119709328,
3,XYt,271,15,0.16432801731760416,
3,XYt,272,15,0.1657566117525096,
3,XYt,273,15,0.16531664948298122,
3,XYt,274,15,0.16658193513266276,
3,XYt,275,15,0.16538287824577647,
3,XYt,276,15,0.16519940499230265,
3,XYt,277,15,0.163638275385575,
3,XYt,278,15,0.16521014307497314,
3,XYt,279,15,0.16335101513128564,
3,XYt,280,15,0.16506438927498593,
3,XYt,281,15,0.16479641435833395,
3,XYt,282,15,0.16614300664487242,
3,XYt,283,15,0.16461311012803562,
3,XYt,284,15,0.1655478328286442,
3,XYt,285,15,0.16417189456996384,
3,XYt,286,15,0.1661143075534026,
3,XYt,287,15,0.16583453337103526,
3,XYt,288,15,0.16744070984171874,
3,XYt,289,15,0.166069161580859,
3,XYt,290,15,0.16589745844618203,
3,XYt,291,15,0.16538620578815683,
3,XYt,292,15,0.16589835934993402,
3,XYt,293,15,0.16530083977581905,
3,XYt,294,15,0.16577869228890293,
3,XYt,295,15,0.16712516880286657,
3,XYt,296,15,0.1665645239812062,
3,XYt,297,15,0.16691377244619543,
3,XYt,298,15,0.16515739179343522,
3,XYt,299,15,0.16544709448421377,
3,XYt,300,15,0.16554591868780305,
3,XYt,301,15,0.16878739352066452,
3,XYt,302,15,0.16815495057157992,
3,XYt,303,15,0.16873777294940528,
3,XYt,304,15,0.16702547440988855,
3,XYt,305,15,0.16758708239255823,
3,XYt,306,15,0.16657959517069612,
3,XYt,307,15,0.1681696507004251,
3,XYt,308,15,0.1660829102518482,
3,XYt,309,15,0.1680859079666708,
3,XYt,310,15,0.16711294010784233,
3,XYt,311,15,0.16815840313917996,
3,XYt,312,15,0.16680252156681746,
3,XYt,313,15,0.1688540833402138,
3,XYt,314,15,0.16838695502248907,
3,XYt,315,15,0.1711927474321964,
3,XYt,316,15,0.16950940204207618,
3,XYt,317,15,0.171185171885606,
3,XYt,318,15,0.17050828885937722,
3,XYt,319,15,0.17443435343004685,
3,XYt,320,15,0.17435661330466887,
3,XYt,321,15,0.1815150500376042,
3,XYt,322,15,0.19081065413603218,
3,XYt,323,15,0.21886225339624865,
3,XYt,324,15,0.23915382726387496,
3,XYt,325,15,0.2255170337463188,
3,XYt,326,15,0.23261861881448015,
3,XYt,327,15,0.2779015258250092,
3,XYt,328,15,0.3039098284396237,
3,XYt,329,15,0.3033562635139848,
3,XYt,330,15,0.3052149581833025,
3,XYt,331,15,0.3006013847028478,
3,XYt,332,15,0.3014532243328523,
3,XYt,333,15,0.29983711740351726,
3,XYt,334,15,0.3036168237176333,
3,XYt,335,15,0.2993281686987904,
3,XYt,336,15,0.3024391625235908,
3,XYt,337,15,0.30523977094096255,
3,XYt,338,15,0.3082477016807017,
3,XYt,339,15,0.30479915785230377,
3,XYt,340,15,0.30885765719077335,
3,XYt,341,15,0.30904818328906164,
3,XYt,342,15,0.3105932467610136,
3,XYt,343,15,0.30765448069593665,
3,XYt,344,15,0.31124650809127136,
3,XYt,345,15,0.3087351926545444,
3,XYt,346,15,0.30941295899819304,
3,XYt,347,15,0.3064502300783558,
3,XYt,348,15,0.3076418626092334,
3,XYt,349,15,0.30666251154863944,
3,XYt,350,15,0.31053267329684847,
3,XYt,351,15,0.306558456577811,
3,XYt,352,15,0.3087251790737499,
3,XYt,353,15,0.31167419399278146,
3,XYt,354,15,0.3101785828470384,
3,XYt,355,15,0.3097181542258994,
3,XYt,356,15,0.3115974609680104,
3,XYt,357,15,0.3041152885518332,
3,XYt,358,15,0.29474253944587747,
3,XYt,359,15,0.28344217994468324,
3,XYt,360,15,0.2769981798127774,
3,XYt,361,15,0.2705942930132596,
3,XYt,362,15,0.268592444876879,
3,XYt,363,15,0.26129076840520626,
3,XYt,364,15,0.48914314161493416,
3,XYt,365,15,0.4768364993968189,
3,XYt,366,15,0.4642039223688949,
3,XYt,367,15,0.44809276868346437,
3,XYt,368,15,0.4410119533218213,
3,XYt,369,15,0.43340472284670123,
3,XYt,370,15,0.43091422953769487,
3,XYt,371,15,0.42508885059762985,
3,XYt,372,15,0.4210805385203808,
3,XYt,373,15,0.4147730085672917,
3,XYt,374,15,0.4130152505560561,
3,XYt,375,15,0.4074809831941537,
3,XYt,376,15,0.4025285285236896,
3,XYt,377,15,0.39549991674183915,
3,XYt,378,15,0.39160795778468693,
3,XYt,379,15,0.384004049257595,
3,XYt,380,15,0.38175212538853576,
3,XYt,381,15,0.3792041360652089,
3,XYt,382,15,0.38003181005181197,
3,XYt,383,15,0.3767082875265633,
3,XYt,384,15,0.37688712936374485,
3,XYt,385,15,0.3706983254853485,
3,XYt,386,15,0.3708316175621094,
3,XYt,387,15,0.36888159802411974,
3,XYt,388,15,0.3659263985884491,
3,XYt,389,15,0.364234705452568,
3,XYt,390,15,0.36173905687557056,
3,XYt,391,15,0.360372831025173,
3,XYt,392,15,0.3606647422316661,
3,XYt,393,15,0.36241011328643713,
3,XYt,394,15,0.36283297705853934,
3,XYt,395,15,0.3645877617036007,
3,XYt,396,15,0.363878657583959,
3,XYt,397,15,0.3650166412472722,
3,XYt,398,15,0.363335870604316,
3,XYt,399,15,0.36569484465381796,
3,XYt,400,15,0.366132630269028,
3,XYt,401,15,0.3671034407890435,
3,XYt,402,15,0.36618427133699016,
3,XYt,403,15,0.3683055876217764,
3,XYt,404,15,0.3710398834760442,
3,XYt,405,15,0.3757629210574299,
3,XYt,406,15,0.37873911648747827,
3,XYt,407,15,0.3854338005683979,
3,XYt,408,15,0.3847869181754465,
3,XYt,409,15,0.393468683280922,
3,XYt,410,15,0.3879880685142454,
3,XYt,411,15,0.39144498027831387,
3,XYt,412,15,0.3940704969632702,
3,XYt,413,15,0.39520288459724223,
3,XYt,414,15,0.39944493953005644,
3,XYt,415,15,0.4062146319320975,
3,XYt,416,15,0.4107580140886234,
3,XYt,417,15,0.4173436797797189,
3,XYt,418,15,0.4190046003480569,
3,XYt,419,15,0.42114879001423877,
3,XYt,420,15,0.42532666276369074,
3,XYt,421,15,0.4275257013482231,
3,XYt,422,15,0.4326579397984889,
3,XYt,423,15,0.43905323045036243,
3,XYt,424,15,0.44393841658471217,
3,XYt,425,15,0.44554765411086916,
3,XYt,426,15,0.4490219075789453,
3,XYt,427,15,0.45437854799152505,
3,XYt,428,15,0.46511683423114125,
3,XYt,429,15,0.47296864092974983,
3,XYt,430,15,0.4799969962828994,
3,XYt,431,15,0.4864372393550219,
3,XYt,432,15,0.4988525912523311,
3,XYt,433,15,0.5081042739780687,
3,XYt,434,15,0.5127125214706356,
3,XYt,435,15,0.5126763596250422,
3,XYt,436,15,0.5248597292787346,
3,XYt,437,15,0.5348192156961304,
3,XYt,438,15,0.5431982858482052,
3,XYt,439,15,0.552111703984134,
3,XYt,440,15,0.561234909550676,
3,XYt,441,15,0.5652294682455347,
3,XYt,442,15,0.5685493857681858,
3,XYt,443,15,0.5700944454172223,
3,XYt,444,15,0.5740236581499457,
3,XYt,445,15,0.5797166765178752,
3,XYt,446,15,0.588508817479458,
3,XYt,447,15,0.59670059841189,
3,XYt,448,15,0.6009797629744689,
3,XYt,449,15,0.6028496623738976,
3,XYt,450,15,0.605305798237862,
3,XYt,451,15,0.6051907982090093,
3,XYt,452,15,0.6048188451431203,
3,XYt,453,15,0.6061567154832568,
3,XYt,454,15,0.6038040253835991,
3,XYt,455,15,0.6059323861747141,
3,XYt,456,15,0.6092613679048186,
3,XYt,457,15,0.613725104084477,
3,XYt,458,15,0.6182020798316068,
3,XYt,459,15,0.6199615690688925,
3,XYt,460,15,0.6164126475953433,
3,XYt,461,15,0.6038267400104949,
3,XYt,462,15,0.5741333513557539,
3,XYt,463,15,0.550218510082377,
3,XYt,464,15,0.5793100293152542,
3,XYt,465,15,0.6154993292172823,
3,XYt,466,15,0.5817917074771954,
3,XYt,467,15,0.48210902921812193,
3,XYt,468,15,0.4663866783494463,
3,XYt,469,15,0.5274165370538623,
3,XYt,470,15,0.5302766691228968,
3,XYt,471,15,0.48863860805559883,
3,XYt,472,15,0.43751192962310875,
3,XYt,473,15,0.3871013067014365,
3,XYt,474,15,0.3558412889228244,
3,XYt,475,15,0.34666475778208977,
3,XYt,476,15,0.3439522154096271,
3,XYt,477,15,0.34468710062496644,
3,XYt,478,15,0.34280137236749525,
3,XYt,479,15,0.3432985224422681,
3,XYt,480,15,0.34300845972007377,
3,XYt,481,15,0.34357673743942474,
3,XYt,482,15,0.3414691975198494,
3,XYt,483,15,0.34225876513478926,
3,XYt,484,15,0.3432419593194538,
3,XYt,485,15,0.3439579538386045,
3,XYt,486,15,0.34214007868824264,
3,XYt,487,15,0.3417111768554316,
3,XYt,488,15,0.3414137881535652,
3,XYt,489,15,0.34118505426816137,
3,XYt,490,15,0.3406640857051,
3,XYt,491,15,0.34145925438481384,
3,XYt,492,15,0.3416686320885114,
3,XYt,493,15,0.340690903152355,
3,XYt,494,15,0.34048319216321166,
3,XYt,495,15,0.34148909739122,
3,XYt,496,15,0.3411411050921349,
3,XYt,497,15,0.3418025464890466,
3,XYt,498,15,0.3425724125912846,
3,XYt,499,15,0.34302867525574804,
3,XYt,500,15,0.3419075574309939,
3,XYt,501,15,0.3413334580107711,
3,XYt,502,15,0.34104354870793663,
3,XYt,503,15,0.3418265845624411,
3,XYt,504,15,0.3423644383277577,
3,XYt,505,15,0.3423712536952039,
3,XYt,506,15,0.3420275031203505,
3,XYt,507,15,0.34205905791802943,
3,XYt,508,15,0.34382808770903545,
3,XYt,509,15,0.34349416352737205,
3,XYt,510,15,0.34446716200951294,
3,XYt,511,15,0.34449707183901,
3,XYt,512,15,0.344338811465561,
3,XYt,513,15,0.3436442362594007,
3,XYt,514,15,0.34391252172191455,
3,XYt,515,15,0.34433985104015274,
3,XYt,516,15,0.34478917133588527,
3,XYt,517,15,0.34341312565419496,
3,XYt,518,15,0.34451447506735855,
3,XYt,519,15,0.3435908222480515,
3,XYt,520,15,0.3435308742933304,
3,XYt,521,15,0.3435283127450648,
3,XYt,522,15,0.34411137810312736,
3,XYt,523,15,0.34291980851999737,
3,XYt,524,15,0.34618430327483635,
3,XYt,525,15,0.3549588080676733,
3,XYt,526,15,0.3792797364811756,
3,XYt,527,15,0.41864768354605236,
3,XYt,528,15,0.4648038881497855,
3,XYt,529,15,0.5022159845796818,
3,XYt,530,15,0.5312213307111757,
3,XYt,531,15,0.5516183107031944,
3,XYt,532,15,0.552029944845259,
3,XYt,533,15,0.5233704321962186,
3,XYt,534,15,0.4675087630396048,
3,XYt,535,15,0.48595714554995667,
3,XYt,536,15,0.5775544260122939,
3,XYt,537,15,0.643821427132749,
3,XYt,538,15,0.6717049319868441,
3,XYt,539,15,0.6610789388929372,
3,XYt,540,15,0.6177554469566465,
3,XYt,541,15,0.5860209161522338,
3,XYt,542,15,0.56515042525606,
3,XYt,543,15,0.559708300776956,
3,XYt,544,15,0.5622103103401657,
3,XYt,545,15,0.5662292033690849,
3,XYt,546,15,0.5696539063998116,
3,XYt,547,15,0.5777897922713527,
3,XYt,548,15,0.58259269902839,
3,XYt,549,15,0.5790512204041922,
3,XYt,550,15,0.5736574453786007,
3,XYt,551,15,0.5656922532223713,
3,XYt,552,15,0.5538377963282498,
3,XYt,553,15,0.5401099726872904,
3,XYt,554,15,0.5264441677067206,
3,XYt,555,15,0.5142680191159297,
3,XYt,556,15,0.5057722320793326,
3,XYt,557,15,0.49993018005927736,
3,XYt,558,15,0.4935742116371259,
3,XYt,559,15,0.48613071402874203,
3,XYt,560,15,0.4721945372178831,
3,XYt,561,15,0.46264221479580364,
3,XYt,562,15,0.45861985639899505,
3,XYt,563,15,0.4560418979083404,
3,XYt,564,15,0.46076885368309567,
3,XYt,565,15,0.4666207498146252,
3,XYt,566,15,0.47206005299197557,
3,XYt,567,15,0.4716892800928822,
3,XYt,568,15,0.4643850305642325,
3,XYt,569,15,0.4580524908427709,
3,XYt,570,15,0.4489364113776931,
3,XYt,571,15,0.440649747285919,
3,XYt,572,15,0.43420714693120044,
3,XYt,573,15,0.4290718723805668,
3,XYt,574,15,0.41990270757775267,
3,XYt,575,15,0.40881924867247327,
3,XYt,576,15,0.399013738042523,
3,XYt,577,15,0.3902202530797074,
3,XYt,578,15,0.3843828664413499,
3,XYt,579,15,0.3797046934666187,
3,XYt,580,15,0.3748670337097359,
3,XYt,581,15,0.372187832478433,
3,XYt,582,15,0.3703144405275649,
3,XYt,583,15,0.3703765580303334,
3,XYt,584,15,0.37304235596018764,
3,XYt,585,15,0.3751934530741694,
3,XYt,586,15,0.37239952179591207,
3,XYt,587,15,0.3668498219849535,
3,XYt,588,15,0.3677499720648937,
3,XYt,589,15,0.37119000916095996,
3,XYt,590,15,0.38141738660259056,
3,XYt,591,15,0.39429962543125247,
3,XYt,592,15,0.4000762165031868,
3,XYt,593,15,0.3981523822312822,
3,XYt,594,15,0.39014800411469136,
3,XYt,595,15,0.37943101350664543,
3,XYt,596,15,0.3704992403622452,
3,XYt,597,15,0.36184695694577623,
3,XYt,598,15,0.3535641612449868,
3,XYt,599,15,0.3454782011150717,
3,XYt,600,15,0.3357022742539633,
3,XYt,601,15,0.32810591610846046,
3,XYt,602,15,0.3240055272464691,
3,XYt,603,15,0.32349830121930845,
3,XYt,604,15,0.3234970503434404,
3,XYt,605,15,0.3233158893424579,
3,XYt,606,15,0.3251331078938281,
3,XYt,607,15,0.326998711824765,
3,XYt,608,15,0.3286375577155178,
3,XYt,609,15,0.3297695394113972,
3,XYt,610,15,0.330525172018986,
3,XYt,611,15,0.33310508626751756,
3,XYt,612,15,0.33929669953705094,
3,XYt,613,15,0.34767701089035796,
3,XYt,614,15,0.35934644995778803,
3,XYt,615,15,0.37060936591318633,
3,XYt,616,15,0.3790671097230559,
3,XYt,617,15,0.3853454256764906,
3,XYt,618,15,0.3977363006896589,
3,XYt,619,15,0.4015361284248819,
3,XYt,620,15,0.40222075852430916,
3,XYt,621,15,0.4015709393231509,
3,XYt,622,15,0.3903814962465634,
3,XYt,623,15,0.3733038771258526,
3,XYt,624,15,0.3654762985110142,
3,XYt,625,15,0.36277385652367866,
3,XYt,626,15,0.36687173296231057,
3,XYt,627,15,0.3703332769313871,
3,XYt,628,15,0.374436192445693,
3,XYt,629,15,0.3790107439109386,
3,XYt,630,15,0.3801222629928284,
3,XYt,631,15,0.3838019726129784,
3,XYt,632,15,0.3865931172560478,
3,XYt,633,15,0.3863408643585192,
3,XYt,634,15,0.3857298554277461,
3,XYt,635,15,0.3895474033810745,
3,XYt,636,15,0.39595973454570643,
3,XYt,637,15,0.4051160761339335,
3,XYt,638,15,0.4162130036512639,
3,XYt,639,15,0.42527843945727895,
3,XYt,640,15,0.4324928852701785,
3,XYt,641,15,0.44179598222170485,
3,XYt,642,15,0.4521122903161452,
3,XYt,643,15,0.4621931615687936,
3,XYt,644,15,0.4697172580993845,
3,XYt,645,15,0.47631370444609566,
3,XYt,646,15,0.4786379725567493,
3,XYt,647,15,0.4712067920035876,
3,XYt,648,15,0.45926011140157524,
3,XYt,649,15,0.4499685024760578,
3,XYt,650,15,0.4537908823490522,
3,XYt,651,15,0.45287101018976667,
3,XYt,652,15,0.4542743255595756,
3,XYt,653,15,0.4703829321436885,
3,XYt,654,15,0.48448678706487797,
3,XYt,655,15,0.4912372700953679,
3,XYt,656,15,0.4959217379747123,
3,XYt,657,15,0.5014172239173617,
3,XYt,658,15,0.5028598966451931,
3,XYt,659,15,0.5035201617840089,
3,XYt,660,15,0.5064542613487787,
3,XYt,661,15,0.5124259027803928,
3,XYt,662,15,0.52127750732699,
3,XYt,663,15,0.5317561350016955,
3,XYt,664,15,0.5399768232297322,
3,XYt,665,15,0.5471534364299887,
3,XYt,666,15,0.5620208454620339,
3,XYt,667,15,0.5987890329664067,
3,XYt,668,15,0.646822929017112,
3,XYt,669,15,0.6796666620310648,
3,XYt,670,15,0.6959002651253644,
3,XYt,671,15,0.6996916847151711,
3,XYt,672,15,0.6928597215004112,
3,XYt,673,15,0.6610827691136232,
3,XYt,674,15,0.6069310542875919,
3,XYt,675,15,0.5506159205494213,
3,XYt,676,15,0.4910664880722277,
3,XYt,677,15,0.43376431312461816,
3,XYt,678,15,0.4231088533069875,
3,XYt,679,15,0.4493687012351675,
3,XYt,680,15,0.4730042138686441,
3,XYt,681,15,0.4907107757661279,
3,XYt,682,15,0.5034788739101845,
3,XYt,683,15,0.5087003151586231,
3,XYt,684,15,0.5045324466887966,
3,XYt,685,15,0.49460752129184454,
3,XYt,686,15,0.48108672708844674,
3,XYt,687,15,0.46816157725309293,
3,XYt,688,15,0.4511768061217688,
3,XYt,689,15,0.431072898443548,
3,XYt,690,15,0.4099780728343397,
3,XYt,691,15,0.39027238840439343,
3,XYt,692,15,0.3720133421707852,
3,XYt,693,15,0.357403161458612,
3,XYt,694,15,0.34646295623982976,
3,XYt,695,15,0.3401173476259998,
3,XYt,696,15,0.3365784562401463,
3,XYt,697,15,0.33353258418910914,
3,XYt,698,15,0.33245947806502785,
3,XYt,699,15,0.3304264363174142,
3,XYt,700,15,0.3288119193332393,
3,XYt,701,15,0.32790026054076504,
3,XYt,702,15,0.32758642284944756,
3,XYt,703,15,0.3264578038001132,
3,XYt,704,15,0.32673823150502546,
3,XYt,705,15,0.32701606394552385,
3,XYt,706,15,0.3282425461257085,
3,XYt,707,15,0.33129874446699514,
3,XYt,708,15,0.33890242268745957,
3,XYt,709,15,0.3640037400436287,
3,XYt,710,15,0.41756982530716497,
3,XYt,711,15,0.5032425533408543,
3,XYt,712,15,0.6059176742138421,
3,XYt,713,15,0.6739266225015502,
3,XYt,714,15,0.7230882190447948,
3,XYt,715,15,0.7723538176207457,
3,XYt,716,15,0.8276542317201392,
3,XYt,717,15,0.8915142083397234,
3,XYt,718,15,0.9475600139847632,
3,XYt,719,15,0.991650896821572,
3,XYt,720,15,1.022893621826812,
3,XYt,721,15,1.0659972676561638,
3,XYt,722,15,1.114028832743322,
3,XYt,723,15,1.1318855056172892,
3,XYt,724,15,1.1332806071912596,
3,XYt,725,15,1.1344197835567866,
3,XYt,726,15,1.1964950187684602,
3,XYt,727,15,1.221450612753014,
3,YZt,0,15,3.903303784770685,
3,YZt,1,15,1.3494156438511715,
3,YZt,2,15,1.2868076438557265,
3,YZt,3,15,1.332293107154574,
3,YZt,4,15,1.5302836776245803,
3,YZt,5,15,2.2506970434523934,
3,YZt,6,15,1.97813200820273,
3,YZt,7,15,1.8811336441532114,
3,YZt,8,15,1.5094784824229766,
3,YZt,9,15,1.5006860947000171,
3,YZt,10,15,1.3619346544599449,
3,YZt,11,15,1.3758954308512001,
3,YZt,12,15,1.282734709804553,
3,YZt,13,15,1.2885022948755498,
3,YZt,14,15,1.2648058270549352,
3,YZt,15,15,1.252076684120655,
3,YZt,16,15,1.2580444225119944,
3,YZt,17,15,1.2099440975708313,
3,YZt,18,15,1.2210857128916337,
3,YZt,19,15,1.2325447709287642,
3,YZt,20,15,1.1864427609710155,
3,YZt,21,15,1.2336061293677216,
3,YZt,22,15,1.229524437264992,
3,YZt,23,15,1.1862162140178218,
3,YZt,24,15,1.2123890158171622,
3,YZt,25,15,1.217423057758882,
3,YZt,26,15,1.1992095105484835,
3,YZt,27,15,1.18349589853761,
3,YZt,28,15,1.2166005075449646,
3,YZt,29,15,1.2146624257569885,
3,YZt,30,15,1.1743939345430878,
3,YZt,31,15,1.2272006986037847,
3,YZt,32,15,1.2211534199014824,
3,YZt,33,15,1.1862648786372627,
3,YZt,34,15,1.1906628659895224,
3,YZt,35,15,1.2326876412679384,
3,YZt,36,15,1.2047118846200735,
3,YZt,37,15,1.1521664639570453,
3,YZt,38,15,1.1181906516638764,
3,YZt,39,15,1.0841514095965072,
3,YZt,40,15,1.0572819225415848,
3,YZt,41,15,0.9998297492612903,
3,YZt,42,15,0.9645345386577847,
3,YZt,43,15,0.913254715429581,
3,YZt,44,15,0.8896262126487167,
3,YZt,45,15,0.8643107794193462,
3,YZt,46,15,0.8269447772063796,
3,YZt,47,15,0.811808631054934,
3,YZt,48,15,0.797011772978253,
3,YZt,49,15,0.7608873766426331,
3,YZt,50,15,0.7550239108853287,
3,YZt,51,15,0.7371180423038912,
3,YZt,52,15,0.7445048015651405,
3,YZt,53,15,0.7308494103922472,
3,YZt,54,15,0.7528687958315118,
3,YZt,55,15,0.7436008314716315,
3,YZt,56,15,0.7552083500141881,
3,YZt,57,15,0.7925287057849218,
3,YZt,58,15,0.8314755017014955,
3,YZt,59,15,0.8153110794546989,
3,YZt,60,15,0.8239982192149655,
3,YZt,61,15,0.9066584132070633,
3,YZt,62,15,0.9552553819694671,
3,YZt,63,15,0.8886480669954703,
3,YZt,64,15,0.8153119278995363,
3,YZt,65,15,0.6717239639625509,
3,YZt,66,15,0.5643621513857193,
3,YZt,67,15,0.5124789377661165,
3,YZt,68,15,0.4710982775987687,
3,YZt,69,15,0.4257895433539889,
3,YZt,70,15,0.38082945566749105,
3,YZt,71,15,0.3619065024275192,
3,YZt,72,15,0.33716275978884325,
3,YZt,73,15,0.3332282817416389,
3,YZt,74,15,0.30049288451813105,
3,YZt,75,15,0.2970822451944071,
3,YZt,76,15,0.2810174670041289,
3,YZt,77,15,0.27496742922468226,
3,YZt,78,15,0.26766784088138385,
3,YZt,79,15,0.2639596404969369,
3,YZt,80,15,0.25523938921131556,
3,YZt,81,15,0.2543187886442809,
3,YZt,82,15,0.24783778502149117,
3,YZt,83,15,0.24843456900001407,
3,YZt,84,15,0.24697724590968326,
3,YZt,85,15,0.24349582818515886,
3,YZt,86,15,0.24572595570917316,
3,YZt,87,15,0.24391092598542585,
3,YZt,88,15,0.24686133542163655,
3,YZt,89,15,0.2521503904636623,
3,YZt,90,15,0.2472402197289681,
3,YZt,91,15,0.2467982449272389,
3,YZt,92,15,0.2528448104517631,
3,YZt,93,15,0.2502204844807679,
3,YZt,94,15,0.24938070052117384,
3,YZt,95,15,0.2502392153277976,
3,YZt,96,15,0.25065900849837086,
3,YZt,97,15,0.2492333437050544,
3,YZt,98,15,0.2557605177379242,
3,YZt,99,15,0.26164526760856627,
3,YZt,100,15,0.2594429300153956,
3,YZt,101,15,0.2525432769328798,
3,YZt,102,15,0.2544352622570377,
3,YZt,103,15,0.26028788692569726,
3,YZt,104,15,0.26515199424526953,
3,YZt,105,15,0.2630275857090616,
3,YZt,106,15,0.26356063911253436,
3,YZt,107,15,0.2722144921418488,
3,YZt,108,15,0.2788328969718454,
3,YZt,109,15,0.28405414844120164,
3,YZt,110,15,0.28281750525072286,
3,YZt,111,15,0.2798745443117876,
3,YZt,112,15,0.2878481464722119,
3,YZt,113,15,0.3051040181596434,
3,YZt,114,15,0.32011320997977105,
3,YZt,115,15,0.322523692144696,
3,YZt,116,15,0.3192839897185582,
3,YZt,117,15,0.31459987096976516,
3,YZt,118,15,0.31160412337894966,
3,YZt,119,15,0.3137196937282459,
3,YZt,120,15,0.3126673032059576,
3,YZt,121,15,0.3008063765201194,
3,YZt,122,15,0.28793930288320846,
3,YZt,123,15,0.28057092614630785,
3,YZt,124,15,0.278686982279379,
3,YZt,125,15,0.28224579866920957,
3,YZt,126,15,0.28049102449489133,
3,YZt,127,15,0.2790174107349496,
3,YZt,128,15,0.2797832211335794,
3,YZt,129,15,0.2813808027853889,
3,YZt,156,15,0.31328164106654777,
3,YZt,157,15,0.30905434811129706,
3,YZt,158,15,0.30851999456755363,
3,YZt,159,15,0.31492002530723784,
3,YZt,160,15,0.3156244199778914,
3,YZt,161,15,0.30514026338415584,
3,YZt,162,15,0.2940841336382012,
3,YZt,163,15,0.29424032510505443,
3,YZt,164,15,0.28888786996294974,
3,YZt,165,15,0.27937224313300196,
3,YZt,166,15,0.27490700238188326,
3,YZt,167,15,0.274227749176258,
3,YZt,168,15,0.2635977363995782,
3,YZt,169,15,0.25867489282740835,
3,YZt,170,15,0.2622613176574632,
3,YZt,171,15,0.25735434419907555,
3,YZt,172,15,0.26066962239116587,
3,YZt,173,15,0.26089835506684217,
3,YZt,174,15,0.25888363805697645,
3,YZt,175,15,0.2668335994493986,
3,YZt,176,15,0.27056435154426517,
3,YZt,177,15,0.2723563858669474,
3,YZt,178,15,0.2785020319060432,
3,YZt,179,15,0.2823768408587956,
3,YZt,180,15,0.30224287971201613,
3,YZt,181,15,0.3139421252008424,
3,YZt,130,15,0.28064921808804144,
3,YZt,131,15,0.27748137017823543,
3,YZt,132,15,0.2780365372512462,
3,YZt,133,15,0.2802175916371391,
3,YZt,134,15,0.2866354586758484,
3,YZt,135,15,0.28547186494246923,
3,YZt,136,15,0.2826644603850052,
3,YZt,137,15,0.2824442707686869,
3,YZt,138,15,0.2886059800393261,
3,YZt,139,15,0.2911484175796111,
3,YZt,140,15,0.29069946742649644,
3,YZt,141,15,0.2914340341815414,
3,YZt,142,15,0.2933727533831544,
3,YZt,143,15,0.2928531603733608,
3,YZt,144,15,0.29091098299436363,
3,YZt,145,15,0.2893915362817835,
3,YZt,146,15,0.28712511526835843,
3,YZt,147,15,0.2856782096840818,
3,YZt,148,15,0.28766325860174013,
3,YZt,149,15,0.2923262977621666,
3,YZt,150,15,0.29321864262327213,
3,YZt,151,15,0.29410796034948034,
3,YZt,152,15,0.2981853860834891,
3,YZt,153,15,0.300000922568086,
3,YZt,154,15,0.30927084153303797,
3,YZt,155,15,0.31656590779584665,
3,YZt,182,15,0.34194013102373144,
3,YZt,183,15,0.3577513633010151,
3,YZt,184,15,0.39124053456975616,
3,YZt,185,15,0.42338483069672683,
3,YZt,186,15,0.5151655141057436,
3,YZt,187,15,0.5351570308413953,
3,YZt,188,15,0.6676345784034792,
3,YZt,189,15,0.8528924433134657,
3,YZt,190,15,1.017618735245173,
3,YZt,191,15,1.2041241408979815,
3,YZt,192,15,1.3078078389932155,
3,YZt,193,15,1.2759096295665069,
3,YZt,194,15,1.2098009534543843,
3,YZt,195,15,1.2640341361328342,
3,YZt,196,15,1.2745142430981902,
3,YZt,197,15,1.2862084364075295,
3,YZt,198,15,1.2814464581917835,
3,YZt,199,15,1.2351933115597176,
3,YZt,200,15,1.2474181187749396,
3,YZt,201,15,1.282769861602979,
3,YZt,202,15,1.2609298271316511,
3,YZt,203,15,1.2432454351748545,
3,YZt,204,15,1.2703046231555846,
3,YZt,205,15,1.2811657531279097,
3,YZt,206,15,1.2363907772321847,
3,YZt,207,15,1.241384137785838,
3,YZt,208,15,1.2410270505368712,
3,YZt,209,15,1.2593117619661043,
3,YZt,210,15,1.2560926823343543,
3,YZt,211,15,1.2695420279863245,
3,YZt,212,15,1.2489266742192071,
3,YZt,213,15,1.2228480652704887,
3,YZt,214,15,1.240554571195799,
3,YZt,215,15,1.2349874363344238,
3,YZt,216,15,1.212538043378918,
3,YZt,217,15,1.2132698539807023,
3,YZt,218,15,1.206822276273124,
3,YZt,219,15,1.2337636812929533,
3,YZt,220,15,1.209465655281208,
3,YZt,221,15,1.2159164035695476,
3,YZt,222,15,1.2266383015055722,
3,YZt,223,15,1.2494137986229519,
3,YZt,224,15,1.2453243621591665,
3,YZt,225,15,1.2025370770058212,
3,YZt,226,15,1.2013221995547492,
3,YZt,227,15,1.2238915458073378,
3,YZt,228,15,1.229969580510671,
3,YZt,229,15,1.183996565141877,
3,YZt,230,15,1.2221195789248143,
3,YZt,231,15,1.2157160843127186,
3,YZt,232,15,1.1974451211154415,
3,YZt,233,15,1.2094256510493593,
3,YZt,234,15,1.2200629704505,
3,YZt,235,15,1.2164695432001564,
3,YZt,236,15,1.1796115819804787,
3,YZt,237,15,1.2195602206700094,
3,YZt,238,15,1.2281953662644811,
3,YZt,239,15,1.1854645343440349,
3,YZt,240,15,1.2245677680216358,
3,YZt,241,15,1.207137846591049,
3,YZt,242,15,1.1975250364990033,
3,YZt,243,15,1.241079976658498,
3,YZt,244,15,1.241658779176956,
3,YZt,245,15,1.2599310211766732,
3,YZt,246,15,1.2795528512573202,
3,YZt,247,15,1.2695137797530551,
3,YZt,248,15,1.362362453297861,
3,YZt,249,15,1.348199513693733,
3,YZt,250,15,1.4852443695847366,
3,YZt,251,15,1.4963030296939883,
3,YZt,252,15,1.8690010520049225,
3,YZt,253,15,1.9558202844071342,
3,YZt,254,15,2.225964814053106,
3,YZt,255,15,1.5254625348561832,
3,YZt,256,15,1.3322317155945036,
3,YZt,257,15,1.2821453026714686,
3,YZt,258,15,1.3425069000900602,
3,YZt,259,15,3.898593551011878,
3,XZt,0,15,3.8321316454752794,
3,XZt,1,15,1.3778807401150375,
3,XZt,2,15,1.310269886549086,
3,XZt,3,15,1.3468417286691676,
3,XZt,4,15,1.530437598092949,
3,XZt,5,15,2.2306134403680447,
3,XZt,6,15,1.9528840353638566,
3,XZt,7,15,1.8987725187538367,
3,XZt,8,15,1.4991012960717454,
3,XZt,9,15,1.4807651121502927,
3,XZt,10,15,1.353524041059302,
3,XZt,11,15,1.359355995940073,
3,XZt,12,15,1.2778135777693993,
3,XZt,13,15,1.287772529741949,
3,XZt,14,15,1.2632703398173326,
3,XZt,15,15,1.2525395026634163,
3,XZt,16,15,1.2528079392938745,
3,XZt,17,15,1.210460652909431,
3,XZt,18,15,1.2136732630525664,
3,XZt,19,15,1.2370902365182788,
3,XZt,20,15,1.2002782817878261,
3,XZt,21,15,1.2336128281496614,
3,XZt,22,15,1.221040020133388,
3,XZt,23,15,1.1978415300185166,
3,XZt,24,15,1.2368668764648925,
3,XZt,25,15,1.235174441606207,
3,XZt,26,15,1.2200646101002532,
3,XZt,27,15,1.2108167774981362,
3,XZt,28,15,1.2263314187095224,
3,XZt,29,15,1.2305232462341542,
3,XZt,30,15,1.1962976932701688,
3,XZt,31,15,1.246924527099689,
3,XZt,32,15,1.236827393524159,
3,XZt,33,15,1.217498245699183,
3,XZt,34,15,1.2291413367369406,
3,XZt,35,15,1.2652392079761157,
3,XZt,36,15,1.262886916561954,
3,XZt,37,15,1.2526133429881303,
3,XZt,38,15,1.2448645931162172,
3,XZt,39,15,1.2230098905146547,
3,XZt,40,15,1.2454894410274757,
3,XZt,41,15,1.2252716111619626,
3,XZt,42,15,1.2290640861839879,
3,XZt,43,15,1.2214099201847088,
3,XZt,44,15,1.2397009928367035,
3,XZt,45,15,1.2397000454595435,
3,XZt,46,15,1.2134362688754625,
3,XZt,47,15,1.2277027527972602,
3,XZt,48,15,1.2436534210532393,
3,XZt,49,15,1.2255653225817205,
3,XZt,50,15,1.215983247440212,
3,XZt,51,15,1.1914902032394254,
3,XZt,52,15,1.1882693208157282,
3,XZt,53,15,1.1854643716429287,
3,XZt,54,15,1.2006530700891174,
3,XZt,55,15,1.1757907824558702,
3,XZt,56,15,1.143080359349033,
3,XZt,57,15,1.155866441281282,
3,XZt,58,15,1.1630871653252626,
3,XZt,59,15,1.1044565955355319,
3,XZt,60,15,1.0808043544700177,
3,XZt,61,15,1.0969906165476784,
3,XZt,62,15,1.0680023325351875,
3,XZt,63,15,1.0391041539604646,
3,XZt,64,15,1.0426393329803543,
3,XZt,65,15,0.9936503299912868,
3,XZt,66,15,0.9910741651460424,
3,XZt,67,15,0.9396474730871844,
3,XZt,68,15,0.8771749570607723,
3,XZt,69,15,0.8174054451281084,
3,XZt,70,15,0.7365817219874498,
3,XZt,71,15,0.7085075861614183,
3,XZt,72,15,0.639795843967058,
3,XZt,73,15,0.6099974789026238,
3,XZt,74,15,0.5514025525700619,
3,XZt,75,15,0.5359316007996634,
3,XZt,76,15,0.4912514408494154,
3,XZt,77,15,0.4744727180114947,
3,XZt,78,15,0.44281393074371816,
3,XZt,79,15,0.42865360359445787,
3,XZt,80,15,0.4047597126323699,
3,XZt,81,15,0.39098660915467714,
3,XZt,82,15,0.37309865758042626,
3,XZt,83,15,0.36452866242701026,
3,XZt,84,15,0.35443265768823645,
3,XZt,85,15,0.3398610791285437,
3,XZt,86,15,0.3348081414263831,
3,XZt,87,15,0.32824528275344256,
3,XZt,88,15,0.3213868575842022,
3,XZt,89,15,0.31836870932514516,
3,XZt,90,15,0.30888380508460866,
3,XZt,91,15,0.3014056358717978,
3,XZt,92,15,0.3036408227993999,
3,XZt,93,15,0.29520002946792445,
3,XZt,94,15,0.2885580412131654,
3,XZt,95,15,0.28588695738365255,
3,XZt,96,15,0.281213242019105,
3,XZt,97,15,0.27193407991424967,
3,XZt,98,15,0.2705826146208193,
3,XZt,99,15,0.26966581463792233,
3,XZt,100,15,0.26344886954823576,
3,XZt,101,15,0.2540492382686268,
3,XZt,102,15,0.2510991406204039,
3,XZt,103,15,0.25062747554288906,
3,XZt,104,15,0.24784222125535954,
3,XZt,105,15,0.23841337034968121,
3,XZt,106,15,0.23193393676106,
3,XZt,107,15,0.2322959617009238,
3,XZt,108,15,0.23132867671407645,
3,XZt,109,15,0.23122106787522123,
3,XZt,110,15,0.2277408342591829,
3,XZt,111,15,0.22066347529246783,
3,XZt,112,15,0.2175981970887718,
3,XZt,113,15,0.21697337099229083,
3,XZt,114,15,0.2184755597389642,
3,XZt,115,15,0.2198722181529664,
3,XZt,116,15,0.21971127169901564,
3,XZt,117,15,0.21756933881773988,
3,XZt,118,15,0.21331042122662647,
3,XZt,119,15,0.21106901280341447,
3,XZt,120,15,0.21103981546840375,
3,XZt,121,15,0.21021542680840216,
3,XZt,122,15,0.21040792958050167,
3,XZt,123,15,0.2089604803772501,
3,XZt,124,15,0.207540004116598,
3,XZt,125,15,0.20938723931689587,
3,XZt,126,15,0.207988537900916,
3,XZt,127,15,0.20776577464742008,
3,XZt,128,15,0.20688088425540951,
3,XZt,129,15,0.2085681598979529,
3,XZt,130,15,0.208977041663678,
3,XZt,131,15,0.2078242982514452,
3,XZt,132,15,0.20796919000446676,
3,XZt,133,15,0.20891766662941044,
3,XZt,134,15,0.21125728688874434,
3,XZt,135,15,0.20971201523933194,
3,XZt,136,15,0.20897189559989293,
3,XZt,137,15,0.2108170542520244,
3,XZt,138,15,0.21317528653958845,
3,XZt,139,15,0.21496558558364862,
3,XZt,140,15,0.21673997684394328,
3,XZt,141,15,0.21872026584605941,
3,XZt,142,15,0.22335484087367433,
3,XZt,143,15,0.2265737899094083,
3,XZt,144,15,0.22807592580538338,
3,XZt,145,15,0.22643900283034218,
3,XZt,146,15,0.22488939204564298,
3,XZt,147,15,0.22700529733414462,
3,XZt,148,15,0.23341893059550264,
3,XZt,149,15,0.24344076050951743,
3,XZt,150,15,0.24933036775656084,
3,XZt,151,15,0.2522644872108486,
3,XZt,152,15,0.25611559784288357,
3,XZt,153,15,0.2601754496905234,
3,XZt,154,15,0.2717756842543734,
3,XZt,155,15,0.28546924194929296,
3,XZt,156,15,0.2904968214291827,
3,XZt,157,15,0.29473141998730384,
3,XZt,158,15,0.30058328073426804,
3,XZt,159,15,0.3148543744725883,
3,XZt,160,15,0.3256475171173103,
3,XZt,161,15,0.3275923083117144,
3,XZt,162,15,0.3302920640591443,
3,XZt,163,15,0.3442547630752636,
3,XZt,164,15,0.3488528913026818,
3,XZt,165,15,0.3536013319734852,
3,XZt,166,15,0.36184494282412055,
3,XZt,167,15,0.371348772182668,
3,XZt,168,15,0.3707722280577724,
3,XZt,169,15,0.37889777812170217,
3,XZt,170,15,0.3904572057560137,
3,XZt,171,15,0.3911537661761209,
3,XZt,172,15,0.39597484680887585,
3,XZt,173,15,0.40129024221268966,
3,XZt,174,15,0.4013460360627736,
3,XZt,175,15,0.4111910596864875,
3,XZt,176,15,0.411134284921331,
3,XZt,177,15,0.4062401806271018,
3,XZt,178,15,0.40762415819819386,
3,XZt,179,15,0.39942695139717477,
3,XZt,180,15,0.4036957683576129,
3,XZt,181,15,0.39796646575335165,
3,XZt,182,15,0.404160924343,
3,XZt,183,15,0.396937909143461,
3,XZt,184,15,0.40920599789308804,
3,XZt,185,15,0.4021593113707188,
3,XZt,186,15,0.4250445600191573,
3,XZt,187,15,0.42139943366263055,
3,XZt,188,15,0.4456916243741242,
3,XZt,189,15,0.4430193976679687,
3,XZt,190,15,0.4679224807972225,
3,XZt,191,15,0.473854319127055,
3,XZt,192,15,0.49062405109917223,
3,XZt,193,15,0.520030107110718,
3,XZt,194,15,0.5209461502582318,
3,XZt,195,15,0.5507263919058986,
3,XZt,196,15,0.5482643781315222,
3,XZt,197,15,0.5645287561385646,
3,XZt,198,15,0.5739847868845283,
3,XZt,199,15,0.5499973814955826,
3,XZt,200,15,0.5547532972339846,
3,XZt,201,15,0.5716026143138863,
3,XZt,202,15,0.5533837209083035,
3,XZt,203,15,0.5467295425785035,
3,XZt,204,15,0.5543330916510026,
3,XZt,205,15,0.5621494271650855,
3,XZt,206,15,0.5457181130373311,
3,XZt,207,15,0.5521038063708962,
3,XZt,208,15,0.5497313720084869,
3,XZt,209,15,0.5651869162031722,
3,XZt,210,15,0.5717257271598705,
3,XZt,211,15,0.5962510508820407,
3,XZt,212,15,0.5995158461092853,
3,XZt,213,15,0.6075162995326697,
3,XZt,214,15,0.6437923565185468,
3,XZt,215,15,0.6751907353087309,
3,XZt,216,15,0.7073263010272143,
3,XZt,217,15,0.7703777894962982,
3,XZt,218,15,0.8432652803725545,
3,XZt,219,15,0.9357229711817824,
3,XZt,220,15,0.9932718938936982,
3,XZt,221,15,1.074374648664117,
3,XZt,222,15,1.1500779193473671,
3,XZt,223,15,1.222057186796868,
3,XZt,224,15,1.254570990507494,
3,XZt,225,15,1.2316099922038537,
3,XZt,226,15,1.2345214400832218,
3,XZt,227,15,1.2511775389722366,
3,XZt,228,15,1.2667027170297231,
3,XZt,229,15,1.225137610096632,
3,XZt,230,15,1.2532008159368084,
3,XZt,231,15,1.2528187066488135,
3,XZt,232,15,1.2288350977744251,
3,XZt,233,15,1.2393584739346506,
3,XZt,234,15,1.2447486315114562,
3,XZt,235,15,1.2362271994161864,
3,XZt,236,15,1.20050072730545,
3,XZt,237,15,1.2347479895746185,
3,XZt,238,15,1.2471674860570885,
3,XZt,239,15,1.20349861319183,
3,XZt,240,15,1.250790057649975,
3,XZt,241,15,1.2301644833220913,
3,XZt,242,15,1.230811980244563,
3,XZt,243,15,1.256841673947744,
3,XZt,244,15,1.2670561208223636,
3,XZt,245,15,1.2787219164551171,
3,XZt,246,15,1.301848038405093,
3,XZt,247,15,1.2883369149196084,
3,XZt,248,15,1.3743861745972061,
3,XZt,249,15,1.3612111184290563,
3,XZt,250,15,1.4892507352524504,
3,XZt,251,15,1.496913607801381,
3,XZt,252,15,1.882241847018269,
3,XZt,253,15,1.938610126401389,
3,XZt,254,15,2.2053674486358568,
3,XZt,255,15,1.5001502700601257,
3,XZt,256,15,1.3166120448070202,
3,XZt,257,15,1.2780314248701845,
3,XZt,258,15,1.3407547614966537,
3,XZt,259,15,3.8509886559386217,
4,XYt,0,15,1.095994733600629,
4,XYt,1,15,0.9814148867300942,
4,XYt,2,15,0.8925836370607115,
4,XYt,3,15,0.8158997282243178,
4,XYt,4,15,0.7470341682724287,
4,XYt,5,15,0.6797382250719415,
4,XYt,6,15,0.6200494038047878,
4,XYt,7,15,0.5765789256942245,
4,XYt,8,15,0.5397535345781415,
4,XYt,9,15,0.5057287666512769,
4,XYt,10,15,0.4748106883892401,
4,XYt,11,15,0.44262567266887004,
4,XYt,12,15,0.40871866122882616,
4,XYt,13,15,0.37744470625004445,
4,XYt,14,15,0.3475104302112175,
4,XYt,15,15,0.3233578294518027,
4,XYt,16,15,0.30479746679419356,
4,XYt,17,15,0.263206156118449,
4,XYt,18,15,0.2323017400428418,
4,XYt,19,15,0.20730215741684338,
4,XYt,20,15,0.19138017572268612,
4,XYt,21,15,0.18234268856292213,
4,XYt,22,15,0.17857597802772265,
4,XYt,23,15,0.17905254153236386,
4,XYt,24,15,0.18334945741401013,
4,XYt,25,15,0.19007359316156924,
4,XYt,26,15,0.1983466423194885,
4,XYt,27,15,0.20708257965710536,
4,XYt,28,15,0.21537725990185544,
4,XYt,29,15,0.2224035557379045,
4,XYt,30,15,0.22744418929742397,
4,XYt,31,15,0.22890629347266125,
4,XYt,32,15,0.22561246118633907,
4,XYt,33,15,0.21589148882452786,
4,XYt,34,15,0.19788478843645002,
4,XYt,35,15,0.1683388972739704,
4,XYt,36,15,0.1249023393558328,
4,XYt,37,15,0.08521531010814286,
4,XYt,38,15,0.12415383855084068,
4,XYt,39,15,0.2643016706283333,
4,XYt,40,15,0.4553184633634224,
4,XYt,41,15,0.6744315419897884,
4,XYt,42,15,0.9096672631944562,
4,XYt,43,15,1.1569731819379407,
4,XYt,44,15,1.4144557390295045,
4,XYt,45,15,1.6423474852155462,
4,XYt,46,15,1.740659178445132,
4,XYt,47,15,1.650389342988026,
4,XYt,48,15,1.4688172063716434,
4,XYt,49,15,1.2869322786862678,
4,XYt,50,15,1.1294211746382983,
4,XYt,51,15,1.0038523680116982,
4,XYt,52,15,0.8901206779218157,
4,XYt,53,15,0.7725872674194169,
4,XYt,54,15,0.6446465952365934,
4,XYt,55,15,0.5048077014674905,
4,XYt,56,15,0.3641963235789117,
4,XYt,57,15,0.25744657780088903,
4,XYt,58,15,0.2118349152273204,
4,XYt,59,15,0.21556333287754106,
4,XYt,60,15,0.23430483847704128,
4,XYt,61,15,0.2451932594167457,
4,XYt,62,15,0.24160645587309434,
4,XYt,63,15,0.23099581169752004,
4,XYt,64,15,0.21929561764987643,
4,XYt,65,15,0.21262791377856996,
4,XYt,66,15,0.20824924020532648,
4,XYt,67,15,0.20333351604786887,
4,XYt,68,15,0.19729074535489535,
4,XYt,69,15,0.18910238538961197,
4,XYt,70,15,0.18062891459150296,
4,XYt,71,15,0.17387280995664117,
4,XYt,72,15,0.16851803474468702,
4,XYt,73,15,0.16518781063762292,
4,XYt,74,15,0.16339576440091544,
4,XYt,75,15,0.1624127791474129,
4,XYt,76,15,0.16111487200299157,
4,XYt,77,15,0.15803805279961258,
4,XYt,78,15,0.1527183314167079,
4,XYt,79,15,0.14474634434124076,
4,XYt,80,15,0.1423077039646054,
4,XYt,81,15,0.14311622432080223,
4,XYt,82,15,0.14340996874917125,
4,XYt,83,15,0.14181572257461272,
4,XYt,84,15,0.14258261954144835,
4,XYt,85,15,0.14499697498855285,
4,XYt,86,15,0.1467287887317774,
4,XYt,87,15,0.14521979891487907,
4,XYt,88,15,0.14395356831580017,
4,XYt,89,15,0.14395036115126583,
4,XYt,90,15,0.1430733599262308,
4,XYt,91,15,0.1403506653566689,
4,XYt,92,15,0.138731322373696,
4,XYt,93,15,0.13954827764679495,
4,XYt,94,15,0.14215073537201045,
4,XYt,95,15,0.1478838264444416,
4,XYt,96,15,0.1478292377005552,
4,XYt,97,15,0.14200177397483021,
4,XYt,98,15,0.13973856584339725,
4,XYt,99,15,0.13860826220761277,
4,XYt,100,15,0.1365693296438225,
4,XYt,101,15,0.13571055337113488,
4,XYt,102,15,0.13580622429423658,
4,XYt,103,15,0.13806545246514346,
4,XYt,104,15,0.1403374865128511,
4,XYt,105,15,0.14282501994653227,
4,XYt,106,15,0.14311025004400404,
4,XYt,107,15,0.142784582528456,
4,XYt,108,15,0.14228507202477744,
4,XYt,109,15,0.13973653387953985,
4,XYt,110,15,0.1369471013337307,
4,XYt,111,15,0.13440624462656886,
4,XYt,112,15,0.13150815269948338,
4,XYt,113,15,0.12833415422349917,
4,XYt,114,15,0.1267532266616856,
4,XYt,115,15,0.1289238517518413,
4,XYt,116,15,0.1333739820032177,
4,XYt,117,15,0.1392100288896458,
4,XYt,118,15,0.1498174954070246,
4,XYt,119,15,0.16101195981786184,
4,XYt,120,15,0.15075278145218549,
4,XYt,121,15,0.13446358296309244,
4,XYt,122,15,0.13254328458475162,
4,XYt,123,15,0.13425476952310067,
4,XYt,124,15,0.1400301313601569,
4,XYt,125,15,0.14497614598442046,
4,XYt,126,15,0.14917835764091938,
4,XYt,127,15,0.150673895085336,
4,XYt,128,15,0.1508226509369399,
4,XYt,129,15,0.15270373136916046,
4,XYt,130,15,0.15158768130209896,
4,XYt,131,15,0.1469357820189018,
4,XYt,132,15,0.14255683220823154,
4,XYt,133,15,0.13977267940413746,
4,XYt,134,15,0.1383012878503563,
4,XYt,135,15,0.1361653400285754,
4,XYt,136,15,0.13727412018053625,
4,XYt,137,15,0.14118302402155314,
4,XYt,138,15,0.14184966744484184,
4,XYt,139,15,0.14426939647940312,
4,XYt,140,15,0.14743294813350566,
4,XYt,141,15,0.14614030365700761,
4,XYt,142,15,0.14089229240012893,
4,XYt,143,15,0.13734390298058968,
4,XYt,144,15,0.13837694733720082,
4,XYt,145,15,0.14256528348799796,
4,XYt,146,15,0.14845942766265177,
4,XYt,147,15,0.1536362451430288,
4,XYt,148,15,0.15503837389454478,
4,XYt,149,15,0.151834072128754,
4,XYt,150,15,0.14594549613383576,
4,XYt,151,15,0.13888493790035278,
4,XYt,152,15,0.1355888930576486,
4,XYt,153,15,0.1356341224684876,
4,XYt,154,15,0.13648436958857602,
4,XYt,155,15,0.1377341726406119,
4,XYt,156,15,0.1396578674217431,
4,XYt,157,15,0.13774433527179805,
4,XYt,158,15,0.1326784354645887,
4,XYt,159,15,0.12690512933666304,
4,XYt,160,15,0.12563358833899876,
4,XYt,161,15,0.1282479263276426,
4,XYt,162,15,0.12862055141728806,
4,XYt,163,15,0.1322108450061827,
4,XYt,164,15,0.13685051852367236,
4,XYt,165,15,0.1414637182437351,
4,XYt,166,15,0.1421303963044685,
4,XYt,167,15,0.13933344590017976,
4,XYt,168,15,0.13851771072297162,
4,XYt,169,15,0.1374977118700839,
4,XYt,170,15,0.13557417964043325,
4,XYt,171,15,0.13217329852379692,
4,XYt,172,15,0.13016203924466543,
4,XYt,173,15,0.12788750843626304,
4,XYt,174,15,0.1265577770645412,
4,XYt,175,15,0.12898612359626666,
4,XYt,176,15,0.12286640613828287,
4,XYt,177,15,0.11578431953525115,
4,XYt,178,15,0.1133243146652135,
4,XYt,179,15,0.11249408078996813,
4,XYt,180,15,0.11101030277134222,
4,XYt,181,15,0.11024887573344178,
4,XYt,182,15,0.1111563356642439,
4,XYt,183,15,0.11246984094142431,
4,XYt,184,15,0.11273434226989425,
4,XYt,185,15,0.11261399249062566,
4,XYt,186,15,0.11152862134277326,
4,XYt,187,15,0.11090395107805136,
4,XYt,188,15,0.11075001470991583,
4,XYt,189,15,0.1121989068753436,
4,XYt,190,15,0.11379116598564717,
4,XYt,191,15,0.11536171954154996,
4,XYt,192,15,0.11845123209575101,
4,XYt,193,15,0.12042961004476603,
4,XYt,194,15,0.11711010291130426,
4,XYt,195,15,0.11216353650311894,
4,XYt,196,15,0.1090778295748685,
4,XYt,197,15,0.11299484095659146,
4,XYt,198,15,0.1208360399425928,
4,XYt,199,15,0.13377518371488378,
4,XYt,200,15,0.1297580620433556,
4,XYt,201,15,0.1139700188519489,
4,XYt,202,15,0.11451372110293256,
4,XYt,203,15,0.12231436866098125,
4,XYt,204,15,0.13200270084928004,
4,XYt,205,15,0.13737566561203907,
4,XYt,206,15,0.1390373341687509,
4,XYt,207,15,0.13377504766684156,
4,XYt,208,15,0.12932359557344292,
4,XYt,209,15,0.1300876557606991,
4,XYt,210,15,0.13026232525842346,
4,XYt,211,15,0.1318960669514417,
4,XYt,212,15,0.13513909753651726,
4,XYt,213,15,0.14056815604724893,
4,XYt,214,15,0.14589442930519103,
4,XYt,215,15,0.14517676805739613,
4,XYt,216,15,0.140293295107177,
4,XYt,217,15,0.13792219791297824,
4,XYt,218,15,0.13880559677182405,
4,XYt,219,15,0.14367934656983097,
4,XYt,220,15,0.1469768856565704,
4,XYt,221,15,0.14618283664706816,
4,XYt,222,15,0.14539404516408383,
4,XYt,223,15,0.14716654709436297,
4,XYt,224,15,0.1537169486764499,
4,XYt,225,15,0.16019763142082258,
4,XYt,226,15,0.16507282240886406,
4,XYt,227,15,0.1663763997674197,
4,XYt,228,15,0.16594063782331722,
4,XYt,229,15,0.1664546641753481,
4,XYt,230,15,0.1668146790941242,
4,XYt,231,15,0.16565340741949455,
4,XYt,232,15,0.16275473225678133,
4,XYt,233,15,0.1580244894449772,
4,XYt,234,15,0.1523749661187461,
4,XYt,235,15,0.14767940861704082,
4,XYt,236,15,0.14268399066251128,
4,XYt,237,15,0.1378631659186108,
4,XYt,238,15,0.13852559797320252,
4,XYt,239,15,0.14064222050718755,
4,XYt,240,15,0.14229243957903845,
4,XYt,241,15,0.1451704304419162,
4,XYt,242,15,0.14731779776294335,
4,XYt,243,15,0.1508627562129347,
4,XYt,244,15,0.15162869348177593,
4,XYt,245,15,0.1528338616222047,
4,XYt,246,15,0.151880374921497,
4,XYt,247,15,0.15128363974349596,
4,XYt,248,15,0.14975025924207708,
4,XYt,249,15,0.14805791400982485,
4,XYt,250,15,0.14586676806427315,
4,XYt,251,15,0.14295462206506498,
4,XYt,252,15,0.13591303480540842,
4,XYt,253,15,0.12616985798489486,
4,XYt,254,15,0.12984586353177366,
4,XYt,255,15,0.17718820842468694,
4,XYt,256,15,0.22373096049373464,
4,XYt,257,15,0.2006124072656173,
4,XYt,258,15,0.11865382236841626,
4,XYt,259,15,0.1825624324948963,
4,XYt,260,15,0.24942937990747777,
4,XYt,261,15,0.24251885128971826,
4,XYt,262,15,0.19741467655218448,
4,XYt,263,15,0.14439062636339045,
4,XYt,264,15,0.10679390331434374,
4,XYt,265,15,0.09219365521132643,
4,XYt,266,15,0.0894852099631335,
4,XYt,267,15,0.08824407245335042,
4,XYt,268,15,0.08779467940134071,
4,XYt,269,15,0.08819542325241563,
4,XYt,270,15,0.08879646068510724,
4,XYt,271,15,0.08940842044025607,
4,XYt,272,15,0.09035106945938062,
4,XYt,273,15,0.0904662423691729,
4,XYt,274,15,0.09075086005446116,
4,XYt,275,15,0.09014540410163355,
4,XYt,276,15,0.0892788654351392,
4,XYt,277,15,0.08876754276952692,
4,XYt,278,15,0.08950698073207733,
4,XYt,279,15,0.08904575373322676,
4,XYt,280,15,0.08966690819648673,
4,XYt,281,15,0.08999569967696677,
4,XYt,282,15,0.09018351391383123,
4,XYt,283,15,0.08993564983472915,
4,XYt,284,15,0.08961101393911383,
4,XYt,285,15,0.08959203124314655,
4,XYt,286,15,0.09042172298432694,
4,XYt,287,15,0.09158259770185881,
4,XYt,288,15,0.09139401985872525,
4,XYt,289,15,0.0916622675602662,
4,XYt,290,15,0.09017561124808146,
4,XYt,291,15,0.09056348770604898,
4,XYt,292,15,0.08991210801621505,
4,XYt,293,15,0.09070617330086199,
4,XYt,294,15,0.08967187567439176,
4,XYt,295,15,0.09211978670246924,
4,XYt,296,15,0.09175607066871547,
4,XYt,297,15,0.09204318646959266,
4,XYt,298,15,0.08974506109159244,
4,XYt,299,15,0.09098190805524899,
4,XYt,300,15,0.08997656483086441,
4,XYt,301,15,0.09227821831807556,
4,XYt,302,15,0.09187329521393056,
4,XYt,303,15,0.09340577506573085,
4,XYt,304,15,0.09146250931216597,
4,XYt,305,15,0.0924851213848314,
4,XYt,306,15,0.09080311385634013,
4,XYt,307,15,0.09260565275322427,
4,XYt,308,15,0.09087906776816755,
4,XYt,309,15,0.0923652298768589,
4,XYt,310,15,0.09191564898850217,
4,XYt,311,15,0.09217964017261858,
4,XYt,312,15,0.09157622361519846,
4,XYt,313,15,0.09228041091382835,
4,XYt,314,15,0.09259609456997682,
4,XYt,315,15,0.09358280749175693,
4,XYt,316,15,0.0933849975743534,
4,XYt,317,15,0.09415478833696005,
4,XYt,318,15,0.09471441749105808,
4,XYt,319,15,0.09637940480888063,
4,XYt,320,15,0.09758939088199374,
4,XYt,321,15,0.10278782721385213,
4,XYt,322,15,0.11188594550753919,
4,XYt,323,15,0.13750583330360353,
4,XYt,324,15,0.1689233024197498,
4,XYt,325,15,0.13251851370692538,
4,XYt,326,15,0.12815050071781872,
4,XYt,327,15,0.14650447146650758,
4,XYt,328,15,0.1682466340570837,
4,XYt,329,15,0.17014193451889212,
4,XYt,330,15,0.17398683805801496,
4,XYt,331,15,0.17101961064652313,
4,XYt,332,15,0.1720637752553584,
4,XYt,333,15,0.17054621508179485,
4,XYt,334,15,0.17430117379192417,
4,XYt,335,15,0.1703747425727717,
4,XYt,336,15,0.17360698753811163,
4,XYt,337,15,0.17545901617697285,
4,XYt,338,15,0.17819063359137322,
4,XYt,339,15,0.17489300531384191,
4,XYt,340,15,0.17604359086590332,
4,XYt,341,15,0.17742876897886242,
4,XYt,342,15,0.1759811698590323,
4,XYt,343,15,0.17411249197258621,
4,XYt,344,15,0.1757044099915543,
4,XYt,345,15,0.1745585679870019,
4,XYt,346,15,0.17412522763056423,
4,XYt,347,15,0.17187523711090597,
4,XYt,348,15,0.1713175582238143,
4,XYt,349,15,0.17173248831267893,
4,XYt,350,15,0.17282234143654177,
4,XYt,351,15,0.17161427123297107,
4,XYt,352,15,0.17013431526413217,
4,XYt,353,15,0.17333420855650677,
4,XYt,354,15,0.1686867447599859,
4,XYt,355,15,0.16994732892955505,
4,XYt,356,15,0.16829969097927933,
4,XYt,357,15,0.1679251290754506,
4,XYt,358,15,0.161225147774227,
4,XYt,359,15,0.1586251952022342,
4,XYt,360,15,0.1538202575680696,
4,XYt,361,15,0.15234970126521205,
4,XYt,362,15,0.15500302424011456,
4,XYt,363,15,0.15029295879594418,
4,XYt,364,15,0.33693754226152633,
4,XYt,365,15,0.3367224756978887,
4,XYt,366,15,0.3313300543854868,
4,XYt,367,15,0.32306999762037214,
4,XYt,368,15,0.31777931626779204,
4,XYt,369,15,0.3136072732734497,
4,XYt,370,15,0.3089991192216682,
4,XYt,371,15,0.30379745352709414,
4,XYt,372,15,0.2994440188024985,
4,XYt,373,15,0.29281893232163553,
4,XYt,374,15,0.28925633405380896,
4,XYt,375,15,0.2851982919018619,
4,XYt,376,15,0.2825955685279351,
4,XYt,377,15,0.2792463530270439,
4,XYt,378,15,0.2764359568248334,
4,XYt,379,15,0.2700954782146379,
4,XYt,380,15,0.26787945127505064,
4,XYt,381,15,0.26517777269977416,
4,XYt,382,15,0.26646662580487124,
4,XYt,383,15,0.26301431322517654,
4,XYt,384,15,0.2653681112573051,
4,XYt,385,15,0.2623463850562747,
4,XYt,386,15,0.26280157155470973,
4,XYt,387,15,0.26006323312391555,
4,XYt,388,15,0.258873714346598,
4,XYt,389,15,0.2567277720808233,
4,XYt,390,15,0.25559862588101234,
4,XYt,391,15,0.2531293884209107,
4,XYt,392,15,0.254302152804524,
4,XYt,393,15,0.25570477521916324,
4,XYt,394,15,0.25724691440938996,
4,XYt,395,15,0.2579666783354483,
4,XYt,396,15,0.2568965042844669,
4,XYt,397,15,0.2569439348887821,
4,XYt,398,15,0.25574293444979335,
4,XYt,399,15,0.25795734452050423,
4,XYt,400,15,0.2581919956275555,
4,XYt,401,15,0.25827637204102216,
4,XYt,402,15,0.2577407806299727,
4,XYt,403,15,0.26005559976924236,
4,XYt,404,15,0.26174146823784444,
4,XYt,405,15,0.2659099224602056,
4,XYt,406,15,0.26772850789081504,
4,XYt,407,15,0.2732241695704396,
4,XYt,408,15,0.2728238350435195,
4,XYt,409,15,0.2802356113108569,
4,XYt,410,15,0.2725526595899089,
4,XYt,411,15,0.27636523747701675,
4,XYt,412,15,0.2772216108578568,
4,XYt,413,15,0.2801299339965556,
4,XYt,414,15,0.2834182202294403,
4,XYt,415,15,0.29018414573672646,
4,XYt,416,15,0.29166031573923396,
4,XYt,417,15,0.29619703230623373,
4,XYt,418,15,0.2953230869724936,
4,XYt,419,15,0.2963747522890977,
4,XYt,420,15,0.29781288382912136,
4,XYt,421,15,0.300625501454708,
4,XYt,422,15,0.304786391232301,
4,XYt,423,15,0.31133996575719514,
4,XYt,424,15,0.315293660068841,
4,XYt,425,15,0.31766930224922546,
4,XYt,426,15,0.31895208766484395,
4,XYt,427,15,0.3237083250564036,
4,XYt,428,15,0.33179628030095054,
4,XYt,429,15,0.33903171004872906,
4,XYt,430,15,0.3448614944975926,
4,XYt,431,15,0.35071783565899584,
4,XYt,432,15,0.35868428648626693,
4,XYt,433,15,0.36488272759703533,
4,XYt,434,15,0.36550456105778556,
4,XYt,435,15,0.36533287493474886,
4,XYt,436,15,0.3706137338258012,
4,XYt,437,15,0.37750977532191193,
4,XYt,438,15,0.38428701699529616,
4,XYt,439,15,0.39521851358275395,
4,XYt,440,15,0.403712743806872,
4,XYt,441,15,0.407144024477255,
4,XYt,442,15,0.40715957356528304,
4,XYt,443,15,0.4094266759710477,
4,XYt,444,15,0.4126719489213049,
4,XYt,445,15,0.41912630070519696,
4,XYt,446,15,0.426846505275871,
4,XYt,447,15,0.43396544792826525,
4,XYt,448,15,0.4380997409263009,
4,XYt,449,15,0.4396230931296268,
4,XYt,450,15,0.4416957966990703,
4,XYt,451,15,0.4413170387353313,
4,XYt,452,15,0.4415243935674705,
4,XYt,453,15,0.44164884606738,
4,XYt,454,15,0.4401820239918697,
4,XYt,455,15,0.4441295010954855,
4,XYt,456,15,0.4480911816314838,
4,XYt,457,15,0.451676630782971,
4,XYt,458,15,0.45505971321144106,
4,XYt,459,15,0.45490226538711326,
4,XYt,460,15,0.4497343695571687,
4,XYt,461,15,0.43657056396098487,
4,XYt,462,15,0.4149785710825386,
4,XYt,463,15,0.4213558204902239,
4,XYt,464,15,0.5037354653371592,
4,XYt,465,15,0.5701558959330454,
4,XYt,466,15,0.5208188971369562,
4,XYt,467,15,0.3671884866865027,
4,XYt,468,15,0.3766307032802776,
4,XYt,469,15,0.4573778156368955,
4,XYt,470,15,0.4579540470356295,
4,XYt,471,15,0.41263846083425243,
4,XYt,472,15,0.3506056518924697,
4,XYt,473,15,0.29491508388479293,
4,XYt,474,15,0.26176467557751926,
4,XYt,475,15,0.25022659687028714,
4,XYt,476,15,0.24773220844700058,
4,XYt,477,15,0.2470413117217219,
4,XYt,478,15,0.24639008310806923,
4,XYt,479,15,0.2467604326324051,
4,XYt,480,15,0.2473528075700121,
4,XYt,481,15,0.2475767877183942,
4,XYt,482,15,0.24717652008884808,
4,XYt,483,15,0.24623770439854373,
4,XYt,484,15,0.24640418787143836,
4,XYt,485,15,0.24702373397063943,
4,XYt,486,15,0.24678802541817493,
4,XYt,487,15,0.24562968258177992,
4,XYt,488,15,0.24612072385219166,
4,XYt,489,15,0.24588749670808394,
4,XYt,490,15,0.2455566629995949,
4,XYt,491,15,0.2456017426830668,
4,XYt,492,15,0.24571163564385945,
4,XYt,493,15,0.24530356351050825,
4,XYt,494,15,0.24554071763034957,
4,XYt,495,15,0.24568945401151698,
4,XYt,496,15,0.24539589151594382,
4,XYt,497,15,0.24582677512031587,
4,XYt,498,15,0.24652654093166534,
4,XYt,499,15,0.24653894938341075,
4,XYt,500,15,0.24647661795902046,
4,XYt,501,15,0.24569456761265085,
4,XYt,502,15,0.2456378855183977,
4,XYt,503,15,0.24572981752440137,
4,XYt,504,15,0.24611707431020824,
4,XYt,505,15,0.24673900758781148,
4,XYt,506,15,0.24724722514718828,
4,XYt,507,15,0.246728233632584,
4,XYt,508,15,0.24774685544930206,
4,XYt,509,15,0.24752185372325336,
4,XYt,510,15,0.24783805296584166,
4,XYt,511,15,0.24775891383571105,
4,XYt,512,15,0.24804062804167026,
4,XYt,513,15,0.24774262258455748,
4,XYt,514,15,0.24773777565818061,
4,XYt,515,15,0.2479696384747528,
4,XYt,516,15,0.24859561223599036,
4,XYt,517,15,0.2478498880437809,
4,XYt,518,15,0.24800026660693406,
4,XYt,519,15,0.24776645247677134,
4,XYt,520,15,0.2473395314278141,
4,XYt,521,15,0.24743145429041621,
4,XYt,522,15,0.2469503336353538,
4,XYt,523,15,0.24701322649638252,
4,XYt,524,15,0.2507657120561673,
4,XYt,525,15,0.2621162978722802,
4,XYt,526,15,0.28915217778845104,
4,XYt,527,15,0.3319324678849042,
4,XYt,528,15,0.38387772736059633,
4,XYt,529,15,0.436139241849601,
4,XYt,530,15,0.47846781619215617,
4,XYt,531,15,0.5020240109358579,
4,XYt,532,15,0.4998272522309257,
4,XYt,533,15,0.4613949418068715,
4,XYt,534,15,0.37155613995741954,
4,XYt,535,15,0.37422829543356667,
4,XYt,536,15,0.5143515717746023,
4,XYt,537,15,0.6276047107845567,
4,XYt,538,15,0.6741224799615025,
4,XYt,539,15,0.6610655786231153,
4,XYt,540,15,0.5893061409067603,
4,XYt,541,15,0.5100146493060126,
4,XYt,542,15,0.44860631302779624,
4,XYt,543,15,0.41496129046463087,
4,XYt,544,15,0.4062853369696427,
4,XYt,545,15,0.41531659079419947,
4,XYt,546,15,0.420391946035285,
4,XYt,547,15,0.42161049341429824,
4,XYt,548,15,0.4276189249559562,
4,XYt,549,15,0.4308011672093535,
4,XYt,550,15,0.42867527324598703,
4,XYt,551,15,0.4207720027042282,
4,XYt,552,15,0.4094152751474149,
4,XYt,553,15,0.3941096717426382,
4,XYt,554,15,0.3786164724857951,
4,XYt,555,15,0.3662869818341662,
4,XYt,556,15,0.360113602594111,
4,XYt,557,15,0.3572980553705034,
4,XYt,558,15,0.35405053610157694,
4,XYt,559,15,0.3461410392703257,
4,XYt,560,15,0.3327599037047564,
4,XYt,561,15,0.33106982066707985,
4,XYt,562,15,0.33191798790765203,
4,XYt,563,15,0.33160017053346685,
4,XYt,564,15,0.3346510061361848,
4,XYt,565,15,0.34096436468338964,
4,XYt,566,15,0.34635503974890774,
4,XYt,567,15,0.34782192380707583,
4,XYt,568,15,0.3478230609898314,
4,XYt,569,15,0.34761053241668205,
4,XYt,570,15,0.3461703513523326,
4,XYt,571,15,0.34314963989794534,
4,XYt,572,15,0.33792015951579063,
4,XYt,573,15,0.32803538153667094,
4,XYt,574,15,0.31261372573145785,
4,XYt,575,15,0.2959904075449799,
4,XYt,576,15,0.28252579309363046,
4,XYt,577,15,0.2702676687254099,
4,XYt,578,15,0.2655704819544458,
4,XYt,579,15,0.266115145113863,
4,XYt,580,15,0.26919618029308223,
4,XYt,581,15,0.2721969802044415,
4,XYt,582,15,0.2736175776676122,
4,XYt,583,15,0.27380402070179016,
4,XYt,657,15,0.3619044893231656,
4,XYt,658,15,0.3596294112650739,
4,XYt,659,15,0.36050976933728596,
4,XYt,660,15,0.3663567402257901,
4,XYt,661,15,0.37484279314419083,
4,XYt,662,15,0.387656905038803,
4,XYt,663,15,0.4054643389774268,
4,XYt,664,15,0.42380297811564804,
4,XYt,665,15,0.451696463752601,
4,XYt,666,15,0.5074933911326949,
4,XYt,667,15,0.583712035246394,
4,XYt,668,15,0.6504031869275657,
4,XYt,669,15,0.6928325232128109,
4,XYt,670,15,0.7160995984747484,
4,XYt,671,15,0.7268726861477525,
4,XYt,672,15,0.7226124848234224,
4,XYt,673,15,0.6793417747902153,
4,XYt,674,15,0.6039602241121134,
4,XYt,675,15,0.5181868216440898,
4,XYt,676,15,0.42283503856310956,
4,XYt,677,15,0.3296057024290065,
4,XYt,678,15,0.31712982971020415,
4,XYt,679,15,0.3700285015794529,
4,XYt,680,15,0.41554550743124474,
4,XYt,681,15,0.44536024793462536,
4,XYt,682,15,0.46237053998274513,
4,XYt,683,15,0.46903801244037835,
4,XYt,684,15,0.4656944809953679,
4,XYt,685,15,0.45528085202856483,
4,XYt,686,15,0.435808322057539,
4,XYt,687,15,0.4115144762694368,
4,XYt,688,15,0.38308685614587923,
4,XYt,689,15,0.3542055255278467,
4,XYt,690,15,0.32585413060904334,
4,XYt,691,15,0.3021587030595062,
4,XYt,692,15,0.28165710763334567,
4,XYt,693,15,0.26485468797402933,
4,XYt,694,15,0.2520038496685006,
4,XYt,695,15,0.24438979638069142,
4,XYt,696,15,0.23969616088475873,
4,XYt,697,15,0.23635317561169952,
4,XYt,698,15,0.2345667721315903,
4,XYt,699,15,0.23290800482864507,
4,XYt,700,15,0.2320173839525384,
4,XYt,701,15,0.2316178120128712,
4,XYt,702,15,0.2312260259376522,
4,XYt,703,15,0.23120257450151677,
4,XYt,704,15,0.23167097739318246,
4,XYt,705,15,0.23311255151056498,
4,XYt,706,15,0.2361813584845215,
4,XYt,707,15,0.24163408978592435,
4,XYt,708,15,0.250349354180007,
4,XYt,709,15,0.268678850672969,
4,XYt,710,15,0.3338130622973747,
4,XYt,711,15,0.40875201016465107,
4,XYt,712,15,0.5155305476294889,
4,XYt,713,15,0.6136106735726276,
4,XYt,714,15,0.69875112974252,
4,XYt,715,15,0.7826199533641174,
4,XYt,716,15,0.8573183223534748,
4,XYt,717,15,0.9198303550364278,
4,XYt,718,15,0.9660617198054644,
4,XYt,719,15,1.0024779766233993,
4,XYt,720,15,1.011370736070264,
4,XYt,721,15,1.0178997248504569,
4,XYt,722,15,1.022162319977632,
4,XYt,723,15,0.9997751909466961,
4,XYt,724,15,0.9685425821372483,
4,XYt,725,15,0.9402288573808444,
4,XYt,726,15,0.9689948930611468,
4,XYt,727,15,0.9888943013114209,
4,XYt,584,15,0.2748880661210864,
4,XYt,585,15,0.2768975940120844,
4,XYt,586,15,0.2744762642578023,
4,XYt,587,15,0.26887771524372855,
4,XYt,588,15,0.26925472340723183,
4,XYt,589,15,0.27777575453255887,
4,XYt,590,15,0.29809097110817656,
4,XYt,591,15,0.3165738306787365,
4,XYt,592,15,0.3230305556759772,
4,XYt,593,15,0.3215381448929856,
4,XYt,594,15,0.31399153443068567,
4,XYt,595,15,0.3012929892838723,
4,XYt,596,15,0.28781919999626276,
4,XYt,597,15,0.27440885159110795,
4,XYt,598,15,0.26124518355812754,
4,XYt,599,15,0.24827741302834114,
4,XYt,600,15,0.23752324106742964,
4,XYt,601,15,0.23062906644817713,
4,XYt,602,15,0.22976552162188046,
4,XYt,603,15,0.2318614067673816,
4,XYt,604,15,0.23095603330277018,
4,XYt,605,15,0.23052349460779817,
4,XYt,606,15,0.2325461905242745,
4,XYt,607,15,0.23485011188052746,
4,XYt,608,15,0.23649453219500502,
4,XYt,609,15,0.2369325977049079,
4,XYt,610,15,0.23711080051463718,
4,XYt,611,15,0.23714132672207067,
4,XYt,612,15,0.2415646353048051,
4,XYt,613,15,0.2517155878113941,
4,XYt,614,15,0.2704875190750401,
4,XYt,615,15,0.2884663741087786,
4,XYt,616,15,0.3025763619357609,
4,XYt,617,15,0.3125784386994658,
4,XYt,618,15,0.3249839188235975,
4,XYt,619,15,0.32743058971819283,
4,XYt,620,15,0.32788298187000975,
4,XYt,621,15,0.32464700320229556,
4,XYt,622,15,0.3085737271785485,
4,XYt,623,15,0.2847008137826886,
4,XYt,624,15,0.2741790368952825,
4,XYt,625,15,0.26078877090829583,
4,XYt,626,15,0.26780913384689714,
4,XYt,627,15,0.27731442045275057,
4,XYt,628,15,0.2853300311033384,
4,XYt,629,15,0.2913639366074792,
4,XYt,630,15,0.29281644590751765,
4,XYt,631,15,0.2943587041237633,
4,XYt,632,15,0.2908670560861876,
4,XYt,633,15,0.2810630318598209,
4,XYt,634,15,0.2740809928922595,
4,XYt,635,15,0.27624752470089325,
4,XYt,636,15,0.28237273150925213,
4,XYt,637,15,0.2940641858794295,
4,XYt,638,15,0.31195724108864864,
4,XYt,639,15,0.32986400786309034,
4,XYt,640,15,0.3436837578915117,
4,XYt,641,15,0.35337775099710445,
4,XYt,642,15,0.3599767081141852,
4,XYt,643,15,0.3619847383981039,
4,XYt,644,15,0.35985995642649077,
4,XYt,645,15,0.3565810513734599,
4,XYt,646,15,0.35451552960215577,
4,XYt,647,15,0.34643360010005864,
4,XYt,648,15,0.33835960499994994,
4,XYt,649,15,0.3280753608651329,
4,XYt,650,15,0.33218676614134623,
4,XYt,651,15,0.33313391885943044,
4,XYt,652,15,0.32753080475270513,
4,XYt,653,15,0.33845438218512497,
4,XYt,654,15,0.3523897883178751,
4,XYt,655,15,0.3587511324808014,
4,XYt,656,15,0.3621240506453071,
4,YZt,0,15,2.4625409001730136,
4,YZt,1,15,1.389204776648689,
4,YZt,2,15,1.4819387556934438,
4,YZt,3,15,1.6521204908822424,
4,YZt,4,15,2.0039524056021185,
4,YZt,5,15,2.736261171477731,
4,YZt,6,15,2.238289833394206,
4,YZt,7,15,2.2461328069421627,
4,YZt,8,15,1.6082458426874575,
4,YZt,9,15,1.560614878728728,
4,YZt,10,15,1.331010131687001,
4,YZt,11,15,1.3427597587508422,
4,YZt,12,15,1.2045445911914783,
4,YZt,13,15,1.210663569818304,
4,YZt,14,15,1.1466104914313613,
4,YZt,15,15,1.1147586012792234,
4,YZt,16,15,1.1067220895620717,
4,YZt,17,15,1.0461967164067585,
4,YZt,18,15,1.0595924268312698,
4,YZt,19,15,1.0748073874566169,
4,YZt,20,15,1.0013100919048734,
4,YZt,21,15,1.034886878215247,
4,YZt,22,15,1.019910438315881,
4,YZt,23,15,0.9705319879439513,
4,YZt,24,15,1.0001862273066244,
4,YZt,25,15,0.9910165501820143,
4,YZt,26,15,0.9734408321399872,
4,YZt,27,15,0.9460090298786136,
4,YZt,28,15,0.9713499211910961,
4,YZt,29,15,0.9720667055319092,
4,YZt,30,15,0.9409313757562962,
4,YZt,31,15,0.9513197783732493,
4,YZt,32,15,0.9497018996250115,
4,YZt,33,15,0.9300933950925034,
4,YZt,34,15,0.9307414239107819,
4,YZt,35,15,0.9451822702707182,
4,YZt,36,15,0.9307364942329508,
4,YZt,37,15,0.8862685689563079,
4,YZt,38,15,0.8557469354981426,
4,YZt,39,15,0.8395023385329637,
4,YZt,40,15,0.8235003515286763,
4,YZt,41,15,0.77340690486079,
4,YZt,42,15,0.7403695277476762,
4,YZt,43,15,0.7003101606441033,
4,YZt,44,15,0.680506002916047,
4,YZt,45,15,0.6569269757353283,
4,YZt,46,15,0.6253129435174907,
4,YZt,47,15,0.6133720807157081,
4,YZt,48,15,0.6013391336233502,
4,YZt,49,15,0.5658859913557591,
4,YZt,50,15,0.5650727137725741,
4,YZt,51,15,0.5549981218574359,
4,YZt,52,15,0.5644128717975576,
4,YZt,53,15,0.5489963630023704,
4,YZt,54,15,0.5659428414695846,
4,YZt,55,15,0.5511081453661864,
4,YZt,56,15,0.56871863698715,
4,YZt,57,15,0.5939286395389534,
4,YZt,58,15,0.6234455800187579,
4,YZt,59,15,0.6142040986200872,
4,YZt,60,15,0.6113995017340764,
4,YZt,61,15,0.6525754412534821,
4,YZt,62,15,0.69522531975478,
4,YZt,63,15,0.659273014748524,
4,YZt,64,15,0.6234024389792074,
4,YZt,65,15,0.5244040349763517,
4,YZt,66,15,0.4338388934012203,
4,YZt,67,15,0.3940913907653497,
4,YZt,68,15,0.37222593584929636,
4,YZt,69,15,0.3290931401804397,
4,YZt,70,15,0.2959820675695417,
4,YZt,71,15,0.2759846155089469,
4,YZt,72,15,0.254814324934344,
4,YZt,73,15,0.25059486306139617,
4,YZt,74,15,0.22663912379039552,
4,YZt,75,15,0.22137004738074362,
4,YZt,76,15,0.21021565524296354,
4,YZt,77,15,0.20369067637014607,
4,YZt,78,15,0.2008206167107564,
4,YZt,79,15,0.19681946428148966,
4,YZt,80,15,0.1932892867343766,
4,YZt,81,15,0.1897566975731166,
4,YZt,82,15,0.18490418962644967,
4,YZt,83,15,0.18543988621914953,
4,YZt,84,15,0.18386392554926037,
4,YZt,85,15,0.1827087370027243,
4,YZt,86,15,0.1828106467172518,
4,YZt,87,15,0.18325251639600912,
4,YZt,88,15,0.18791899116711552,
4,YZt,89,15,0.18931552697486462,
4,YZt,90,15,0.1855965063708219,
4,YZt,91,15,0.18585783346766044,
4,YZt,92,15,0.1898125605656528,
4,YZt,93,15,0.18878438020677213,
4,YZt,94,15,0.1891136751103212,
4,YZt,95,15,0.18720084765009526,
4,YZt,96,15,0.18727494476653697,
4,YZt,97,15,0.1881720777140109,
4,YZt,98,15,0.1934341671208517,
4,YZt,99,15,0.19746854177765055,
4,YZt,100,15,0.19672193356442902,
4,YZt,101,15,0.19156440934854976,
4,YZt,102,15,0.1918364216739825,
4,YZt,103,15,0.19504938300844835,
4,YZt,104,15,0.19925316752087502,
4,YZt,105,15,0.1993344289460503,
4,YZt,106,15,0.2001422900130503,
4,YZt,107,15,0.2062265228526715,
4,YZt,108,15,0.21274067006167696,
4,YZt,109,15,0.21799384128441038,
4,YZt,110,15,0.21571823122803108,
4,YZt,111,15,0.21078633832182272,
4,YZt,112,15,0.21768451018472432,
4,YZt,113,15,0.23167315363712598,
4,YZt,114,15,0.24355344533701778,
4,YZt,115,15,0.24393618229557268,
4,YZt,116,15,0.24015904316751113,
4,YZt,117,15,0.23420900195230263,
4,YZt,118,15,0.2303199726973053,
4,YZt,119,15,0.23373770385069467,
4,YZt,120,15,0.23615095510960865,
4,YZt,121,15,0.22876924361186415,
4,YZt,122,15,0.21831475107215426,
4,YZt,123,15,0.21197940281405073,
4,YZt,124,15,0.20858842847074635,
4,YZt,125,15,0.21195420762329972,
4,YZt,126,15,0.21159388751289762,
4,YZt,127,15,0.21101868584531736,
4,YZt,128,15,0.2109652481667652,
4,YZt,129,15,0.2116136075278904,
4,YZt,130,15,0.2103234842677256,
4,YZt,131,15,0.2081768373987302,
4,YZt,132,15,0.20958819697568404,
4,YZt,133,15,0.21245062944847032,
4,YZt,134,15,0.21859830730434432,
4,YZt,135,15,0.21510378607372205,
4,YZt,136,15,0.2140885466724694,
4,YZt,137,15,0.21527520082074564,
4,YZt,138,15,0.2209303392880251,
4,YZt,139,15,0.22237332305683422,
4,YZt,140,15,0.221288554766071,
4,YZt,141,15,0.22102284865619584,
4,YZt,142,15,0.2216718663935555,
4,YZt,143,15,0.22102169386550033,
4,YZt,144,15,0.21992366736638527,
4,YZt,145,15,0.21841051340672735,
4,YZt,146,15,0.2164052324842829,
4,YZt,147,15,0.21470928955248295,
4,YZt,148,15,0.21431723741063433,
4,YZt,149,15,0.21689454224366897,
4,YZt,150,15,0.21653667631835283,
4,YZt,151,15,0.21674197831343875,
4,YZt,152,15,0.22039294315907162,
4,YZt,153,15,0.22208312153075607,
4,YZt,154,15,0.2298172066062076,
4,YZt,155,15,0.2359050199611037,
4,YZt,156,15,0.23317508922789829,
4,YZt,157,15,0.23051284350416065,
4,YZt,158,15,0.2308106812770687,
4,YZt,159,15,0.23532866927752663,
4,YZt,160,15,0.2370076183137925,
4,YZt,161,15,0.23027373651254962,
4,YZt,162,15,0.22206513175347325,
4,YZt,163,15,0.21897008356963998,
4,YZt,164,15,0.2138655187477897,
4,YZt,165,15,0.2109776702087019,
4,YZt,166,15,0.20646178997118797,
4,YZt,167,15,0.20583902853496464,
4,YZt,168,15,0.19786521772813562,
4,YZt,169,15,0.19385621693698557,
4,YZt,170,15,0.19428722664207523,
4,YZt,171,15,0.19072948140547732,
4,YZt,172,15,0.1909058186321213,
4,YZt,173,15,0.19361338398173183,
4,YZt,174,15,0.1972586962239979,
4,YZt,175,15,0.20062716888778878,
4,YZt,176,15,0.202018350600712,
4,YZt,177,15,0.2003595941284601,
4,YZt,178,15,0.20350364833231685,
4,YZt,179,15,0.20859467381314734,
4,YZt,180,15,0.22521150791883468,
4,YZt,181,15,0.23792968306473508,
4,YZt,182,15,0.25833454212854307,
4,YZt,183,15,0.2755290656394894,
4,YZt,184,15,0.3023032449304968,
4,YZt,185,15,0.33718339603402525,
4,YZt,186,15,0.41537835208686497,
4,YZt,187,15,0.41836302534725656,
4,YZt,188,15,0.5144817675019113,
4,YZt,189,15,0.6755147586640864,
4,YZt,190,15,0.7588588244988487,
4,YZt,191,15,0.8899357344518274,
4,YZt,192,15,0.9432831788378853,
4,YZt,193,15,0.9295471351295169,
4,YZt,194,15,0.8935868861886711,
4,YZt,195,15,0.9380650302296737,
4,YZt,196,15,0.95709764342817,
4,YZt,197,15,0.9587576041663467,
4,YZt,198,15,0.9450128281480669,
4,YZt,199,15,0.9270544491690245,
4,YZt,200,15,0.9369546435739802,
4,YZt,201,15,0.9589942853454645,
4,YZt,202,15,0.9489616853520446,
4,YZt,203,15,0.9481595648955439,
4,YZt,204,15,0.9457385510748295,
4,YZt,205,15,0.9584491874307339,
4,YZt,206,15,0.9330627882667296,
4,YZt,207,15,0.9556788259532893,
4,YZt,208,15,0.946120441254362,
4,YZt,209,15,0.9543126581106578,
4,YZt,210,15,0.9492738370252416,
4,YZt,211,15,0.9754180057432812,
4,YZt,212,15,0.9553113787094722,
4,YZt,213,15,0.9362640113899746,
4,YZt,214,15,0.9585810016231966,
4,YZt,215,15,0.9607154648679478,
4,YZt,216,15,0.9427520918763523,
4,YZt,217,15,0.9468924153582149,
4,YZt,218,15,0.9507872639793249,
4,YZt,219,15,0.9773321855552594,
4,YZt,220,15,0.9547518067456277,
4,YZt,221,15,0.949160336309186,
4,YZt,222,15,0.9577910822603444,
4,YZt,223,15,0.9819985040043527,
4,YZt,224,15,0.9767610547372922,
4,YZt,225,15,0.9586845099735583,
4,YZt,226,15,0.957336116720338,
4,YZt,227,15,0.9703622445019371,
4,YZt,228,15,0.969153204606611,
4,YZt,229,15,0.9585774110483442,
4,YZt,230,15,0.9890199289384562,
4,YZt,231,15,0.9851927006198852,
4,YZt,232,15,0.965809707051853,
4,YZt,233,15,0.9914186221669612,
4,YZt,234,15,0.9990852287110203,
4,YZt,235,15,1.0095330895170067,
4,YZt,236,15,0.9772839937931985,
4,YZt,237,15,1.0216254950455868,
4,YZt,238,15,1.0374444421097357,
4,YZt,239,15,1.0107241823427588,
4,YZt,240,15,1.0730021623500738,
4,YZt,241,15,1.0524576698763821,
4,YZt,242,15,1.0428232455973383,
4,YZt,243,15,1.0978324420093364,
4,YZt,244,15,1.1075832334678455,
4,YZt,245,15,1.1438412318350981,
4,YZt,246,15,1.2003658209470747,
4,YZt,247,15,1.1865569149904351,
4,YZt,248,15,1.3245228596125007,
4,YZt,249,15,1.3129472704585934,
4,YZt,250,15,1.537423569884414,
4,YZt,251,15,1.5812286045824524,
4,YZt,252,15,2.211300291746972,
4,YZt,253,15,2.1953948107299532,
4,YZt,254,15,2.686674826788239,
4,YZt,255,15,1.974128429898136,
4,YZt,256,15,1.6279195549946477,
4,YZt,257,15,1.4543809694698329,
4,YZt,258,15,1.3610049210746975,
4,YZt,259,15,2.4548552877473764,
4,XZt,0,15,2.357917899383517,
4,XZt,1,15,1.4389292341306703,
4,XZt,2,15,1.5288913483348023,
4,XZt,3,15,1.694222938031521,
4,XZt,4,15,2.0402197941309286,
4,XZt,5,15,2.7283096038803674,
4,XZt,6,15,2.2262518467989625,
4,XZt,7,15,2.220236407060783,
4,XZt,8,15,1.5806577495908296,
4,XZt,9,15,1.5334890459677102,
4,XZt,10,15,1.310498083912654,
4,XZt,11,15,1.3185550832621689,
4,XZt,12,15,1.1920756992882668,
4,XZt,13,15,1.1975384327119623,
4,XZt,14,15,1.1417447375505758,
4,XZt,15,15,1.107895775998616,
4,XZt,16,15,1.0969045903642958,
4,XZt,17,15,1.0445208014777023,
4,XZt,18,15,1.0552619172271125,
4,XZt,19,15,1.0802443347862976,
4,XZt,20,15,1.0243699172185416,
4,XZt,21,15,1.0380176071105407,
4,XZt,22,15,1.016419347318862,
4,XZt,23,15,0.9850972448035766,
4,XZt,24,15,1.027297831667347,
4,XZt,25,15,1.0115834167741267,
4,XZt,26,15,0.9964189113805915,
4,XZt,27,15,0.9777837011562922,
4,XZt,28,15,0.9964763846712247,
4,XZt,29,15,1.001332463210492,
4,XZt,30,15,0.9789573091041486,
4,XZt,31,15,0.9892015642433838,
4,XZt,32,15,0.9928705720819886,
4,XZt,33,15,0.9858096513493845,
4,XZt,34,15,0.993756931725466,
4,XZt,35,15,1.0056633163007933,
4,XZt,36,15,1.01292916156191,
4,XZt,37,15,0.9988111642423916,
4,XZt,38,15,0.9904020463422379,
4,XZt,39,15,0.9850118491444954,
4,XZt,40,15,1.007335794896831,
4,XZt,41,15,0.9845944511237412,
4,XZt,42,15,0.9799140214043751,
4,XZt,43,15,0.9702584461713768,
4,XZt,44,15,0.9844105036856239,
4,XZt,45,15,0.9798874075094731,
4,XZt,46,15,0.9508587252148919,
4,XZt,47,15,0.9608821081512836,
4,XZt,48,15,0.9767973507597515,
4,XZt,49,15,0.9524938397201662,
4,XZt,50,15,0.9463960491279393,
4,XZt,51,15,0.9344534150103199,
4,XZt,52,15,0.9403070664765438,
4,XZt,53,15,0.9209403527902492,
4,XZt,54,15,0.9288060109989369,
4,XZt,55,15,0.9035445950591808,
4,XZt,56,15,0.8959739691290665,
4,XZt,57,15,0.8976191519754423,
4,XZt,58,15,0.8961736705890556,
4,XZt,59,15,0.8541237995794297,
4,XZt,60,15,0.8344516176894653,
4,XZt,61,15,0.8361499525230326,
4,XZt,62,15,0.8213464957965046,
4,XZt,63,15,0.7958588362016014,
4,XZt,64,15,0.7826598070260349,
4,XZt,65,15,0.7539423737703067,
4,XZt,66,15,0.7429036396836518,
4,XZt,67,15,0.6992554766320696,
4,XZt,68,15,0.6569038106052706,
4,XZt,69,15,0.5985408819126631,
4,XZt,70,15,0.5451287021107128,
4,XZt,71,15,0.522525748733887,
4,XZt,72,15,0.4757090798847145,
4,XZt,73,15,0.44888480294721156,
4,XZt,74,15,0.40701555113467547,
4,XZt,75,15,0.3900531620867372,
4,XZt,76,15,0.36012471773590093,
4,XZt,77,15,0.34330305173789266,
4,XZt,78,15,0.3242263018016809,
4,XZt,79,15,0.3091582367532355,
4,XZt,80,15,0.29399878057785245,
4,XZt,81,15,0.2823770383599555,
4,XZt,82,15,0.27036556076854334,
4,XZt,83,15,0.2648401583825222,
4,XZt,84,15,0.2562596676368407,
4,XZt,85,15,0.24816544648758762,
4,XZt,86,15,0.24182275264840858,
4,XZt,87,15,0.23920967183976663,
4,XZt,88,15,0.23616791846454815,
4,XZt,89,15,0.23215713397061297,
4,XZt,90,15,0.22580895507940302,
4,XZt,91,15,0.22066166605992274,
4,XZt,92,15,0.22077713632148396,
4,XZt,93,15,0.21539447334495482,
4,XZt,94,15,0.21205648826192222,
4,XZt,95,15,0.2073312261181245,
4,XZt,96,15,0.2043509546166665,
4,XZt,97,15,0.19900991257558975,
4,XZt,98,15,0.1981139070856077,
4,XZt,99,15,0.19650761044477388,
4,XZt,100,15,0.19274066652504848,
4,XZt,101,15,0.18656365088176657,
4,XZt,102,15,0.18460526062005087,
4,XZt,103,15,0.1840745047150047,
4,XZt,104,15,0.1826053513143124,
4,XZt,105,15,0.17636586229910733,
4,XZt,106,15,0.17176979170341816,
4,XZt,107,15,0.17192844971420218,
4,XZt,108,15,0.17123694757251282,
4,XZt,109,15,0.17249667808585015,
4,XZt,110,15,0.1705652605176376,
4,XZt,111,15,0.16555911999002415,
4,XZt,112,15,0.16405537594832129,
4,XZt,113,15,0.16357788051981104,
4,XZt,114,15,0.16500300399083173,
4,XZt,115,15,0.16647960406429757,
4,XZt,116,15,0.16720469868466273,
4,XZt,117,15,0.16544411085982563,
4,XZt,118,15,0.16126694794300886,
4,XZt,119,15,0.1596398931702185,
4,XZt,120,15,0.16013959019380095,
4,XZt,121,15,0.1598111461675883,
4,XZt,122,15,0.15981236161995938,
4,XZt,123,15,0.15899767925523062,
4,XZt,124,15,0.15684329353395815,
4,XZt,125,15,0.15931864321114805,
4,XZt,126,15,0.15682074428210685,
4,XZt,127,15,0.15758616959315078,
4,XZt,128,15,0.15728454603005015,
4,XZt,129,15,0.1590210255032111,
4,XZt,130,15,0.15897592172628877,
4,XZt,131,15,0.15759095484196653,
4,XZt,132,15,0.1574224303081879,
4,XZt,133,15,0.15767433144081225,
4,XZt,134,15,0.15988535903982887,
4,XZt,135,15,0.15813980917249545,
4,XZt,136,15,0.15904740139812287,
4,XZt,137,15,0.16031760072926926,
4,XZt,138,15,0.16167113669825617,
4,XZt,139,15,0.16274906579172654,
4,XZt,140,15,0.16311307701365993,
4,XZt,141,15,0.16469579954494215,
4,XZt,142,15,0.1688873523384539,
4,XZt,143,15,0.17163273285558314,
4,XZt,144,15,0.17182830828967166,
4,XZt,145,15,0.16988776019345855,
4,XZt,146,15,0.1679323541184046,
4,XZt,147,15,0.1694873796428992,
4,XZt,148,15,0.17352015227525083,
4,XZt,149,15,0.1801984965382815,
4,XZt,150,15,0.18427196301109458,
4,XZt,151,15,0.18497645017149078,
4,XZt,152,15,0.1873460106905664,
4,XZt,153,15,0.18988901236968883,
4,XZt,154,15,0.19725865484317082,
4,XZt,155,15,0.2063003340103255,
4,XZt,156,15,0.20913198728277455,
4,XZt,157,15,0.21186286475914248,
4,XZt,158,15,0.2152167554482468,
4,XZt,159,15,0.22466593585910483,
4,XZt,160,15,0.231023069185271,
4,XZt,161,15,0.23221079832213987,
4,XZt,162,15,0.23302821004411978,
4,XZt,163,15,0.24050459057014567,
4,XZt,164,15,0.24350911299810757,
4,XZt,165,15,0.24964041393498354,
4,XZt,166,15,0.25334666396036964,
4,XZt,167,15,0.2585214841913166,
4,XZt,168,15,0.25843609437880766,
4,XZt,169,15,0.2647432605389026,
4,XZt,170,15,0.27229200646732,
4,XZt,171,15,0.2759229064142455,
4,XZt,172,15,0.2772233504572659,
4,XZt,173,15,0.28083551742595286,
4,XZt,174,15,0.28411234931584384,
4,XZt,175,15,0.28959577272561127,
4,XZt,176,15,0.293803230920026,
4,XZt,177,15,0.29045426538679725,
4,XZt,178,15,0.29209559423963927,
4,XZt,179,15,0.2896595321020033,
4,XZt,180,15,0.2910415377481914,
4,XZt,181,15,0.29312879024520394,
4,XZt,182,15,0.29458752538574917,
4,XZt,183,15,0.29297207512854057,
4,XZt,184,15,0.29900181668825454,
4,XZt,185,15,0.2993391119189247,
4,XZt,186,15,0.3152486663500208,
4,XZt,187,15,0.3160262889067897,
4,XZt,188,15,0.33368395804478995,
4,XZt,189,15,0.33347016647867633,
4,XZt,190,15,0.3482641535481661,
4,XZt,191,15,0.35841488325022514,
4,XZt,192,15,0.369291514747411,
4,XZt,193,15,0.3927654570783582,
4,XZt,194,15,0.3968386376020716,
4,XZt,195,15,0.4155103405133741,
4,XZt,196,15,0.4224632841740094,
4,XZt,197,15,0.4358590094823646,
4,XZt,198,15,0.4375239602922664,
4,XZt,199,15,0.4249108366992316,
4,XZt,200,15,0.42821899130844643,
4,XZt,201,15,0.43947794197458134,
4,XZt,202,15,0.4274345433233889,
4,XZt,203,15,0.42509573075993856,
4,XZt,204,15,0.4231883458714851,
4,XZt,205,15,0.43119665172198524,
4,XZt,206,15,0.4222741680467614,
4,XZt,207,15,0.4313301082234526,
4,XZt,208,15,0.42534636081743205,
4,XZt,209,15,0.43310187544299367,
4,XZt,210,15,0.4388177041418752,
4,XZt,211,15,0.46246230714845393,
4,XZt,212,15,0.4623362682007253,
4,XZt,213,15,0.4711427299782061,
4,XZt,214,15,0.5049269202498875,
4,XZt,215,15,0.5319551491453515,
4,XZt,216,15,0.55581662417564,
4,XZt,217,15,0.6078063339753829,
4,XZt,218,15,0.670408169677044,
4,XZt,219,15,0.7440996529129972,
4,XZt,220,15,0.7839588769917046,
4,XZt,221,15,0.8392512995078457,
4,XZt,222,15,0.8982003298842866,
4,XZt,223,15,0.9600787909746364,
4,XZt,224,15,0.985180962876,
4,XZt,225,15,0.9852974128992076,
4,XZt,226,15,0.9876297816560086,
4,XZt,227,15,0.9977169217754291,
4,XZt,228,15,1.0038009350951091,
4,XZt,229,15,0.9985156900051165,
4,XZt,230,15,1.0174199213870037,
4,XZt,231,15,1.0144218281473756,
4,XZt,232,15,0.9898602625998386,
4,XZt,233,15,1.0126060313028027,
4,XZt,234,15,1.020231595271247,
4,XZt,235,15,1.0261630145747147,
4,XZt,236,15,0.9836564996632204,
4,XZt,237,15,1.0288541257665098,
4,XZt,238,15,1.0488509074971182,
4,XZt,239,15,1.0252053970092467,
4,XZt,240,15,1.0931650836930145,
4,XZt,241,15,1.063295934166419,
4,XZt,242,15,1.06244956820073,
4,XZt,243,15,1.0988321578537839,
4,XZt,244,15,1.1227147731001672,
4,XZt,245,15,1.155645735616256,
4,XZt,246,15,1.214096524018621,
4,XZt,247,15,1.2040545484040073,
4,XZt,248,15,1.3356445087727424,
4,XZt,249,15,1.3228128280078033,
4,XZt,250,15,1.5429462535632346,
4,XZt,251,15,1.5872047392202822,
4,XZt,252,15,2.220117900279335,
4,XZt,253,15,2.212414958005812,
4,XZt,254,15,2.7029245971529345,
4,XZt,255,15,2.004740177192854,
4,XZt,256,15,1.6746578988533096,
4,XZt,257,15,1.5093305302514757,
4,XZt,258,15,1.4174855441853227,
4,XZt,259,15,2.3871570131627884,
5,XYt,0,15,0.7641821273294315,
5,XYt,1,15,0.7223071241521981,
5,XYt,2,15,0.6749656072659618,
5,XYt,3,15,0.624659635143467,
5,XYt,4,15,0.5821694272659584,
5,XYt,5,15,0.5369454708574323,
5,XYt,6,15,0.4950054382018346,
5,XYt,7,15,0.4639066669803984,
5,XYt,8,15,0.4384003284258855,
5,XYt,9,15,0.4143704312910617,
5,XYt,10,15,0.3912694555005513,
5,XYt,11,15,0.3659923776660517,
5,XYt,12,15,0.3393808854852825,
5,XYt,13,15,0.3171786539716705,
5,XYt,14,15,0.29629771622178924,
5,XYt,15,15,0.2796198420921307,
5,XYt,16,15,0.25360822258105775,
5,XYt,17,15,0.22685501556918847,
5,XYt,18,15,0.2159334031608427,
5,XYt,19,15,0.19459048427108633,
5,XYt,20,15,0.1786035912014982,
5,XYt,21,15,0.16850043448776797,
5,XYt,22,15,0.16320069828578634,
5,XYt,23,15,0.16177827874374492,
5,XYt,24,15,0.16321996803101962,
5,XYt,25,15,0.16685111739470807,
5,XYt,26,15,0.17202228663762617,
5,XYt,27,15,0.17844993323244773,
5,XYt,28,15,0.18504118444682152,
5,XYt,29,15,0.1915452847213179,
5,XYt,30,15,0.19668017676624092,
5,XYt,31,15,0.19949972637641677,
5,XYt,32,15,0.1984628472113897,
5,XYt,33,15,0.19196740423135294,
5,XYt,34,15,0.17817879670314252,
5,XYt,35,15,0.15443600886428155,
5,XYt,36,15,0.11655178643557869,
5,XYt,37,15,0.07379282331261074,
5,XYt,38,15,0.09594036122919558,
5,XYt,39,15,0.22323056059210863,
5,XYt,40,15,0.41475706467445744,
5,XYt,41,15,0.6578815443121387,
5,XYt,42,15,0.9475560609263679,
5,XYt,43,15,1.2823027420356026,
5,XYt,44,15,1.6683324753237072,
5,XYt,45,15,2.037166119826337,
5,XYt,46,15,2.2082672274347517,
5,XYt,47,15,2.0845989299184353,
5,XYt,48,15,1.8209687588611752,
5,XYt,49,15,1.5581263422266904,
5,XYt,50,15,1.3290864946835597,
5,XYt,51,15,1.1415266660866386,
5,XYt,52,15,0.973837749231218,
5,XYt,53,15,0.8089514921496616,
5,XYt,54,15,0.6434296252242294,
5,XYt,55,15,0.4783738796813011,
5,XYt,56,15,0.3242498909115211,
5,XYt,57,15,0.2063231130696363,
5,XYt,58,15,0.15256118934232418,
5,XYt,59,15,0.15732990559290264,
5,XYt,60,15,0.17783196998268133,
5,XYt,61,15,0.18912965516272867,
5,XYt,62,15,0.18656220375907817,
5,XYt,63,15,0.17604184954353932,
5,XYt,64,15,0.16205812918167606,
5,XYt,65,15,0.151878067089436,
5,XYt,66,15,0.1452759139020553,
5,XYt,67,15,0.14014065450000962,
5,XYt,68,15,0.1350825304678521,
5,XYt,69,15,0.12940203157437072,
5,XYt,70,15,0.12392489344065008,
5,XYt,71,15,0.11945887131092621,
5,XYt,72,15,0.11689660374050084,
5,XYt,73,15,0.1158452741826329,
5,XYt,74,15,0.11640994223424575,
5,XYt,75,15,0.11732215021442664,
5,XYt,76,15,0.11849022495913508,
5,XYt,77,15,0.11742628096805478,
5,XYt,78,15,0.11350411463442941,
5,XYt,79,15,0.10610507229920244,
5,XYt,80,15,0.10092491533923284,
5,XYt,81,15,0.10008812833056399,
5,XYt,82,15,0.09928477775011951,
5,XYt,83,15,0.09687627472855476,
5,XYt,84,15,0.09643184378925392,
5,XYt,85,15,0.09762998716692158,
5,XYt,86,15,0.09882958010042384,
5,XYt,87,15,0.09816520352936164,
5,XYt,88,15,0.09890906823570636,
5,XYt,89,15,0.09980513997874156,
5,XYt,90,15,0.09954515577451739,
5,XYt,91,15,0.09722458500527037,
5,XYt,92,15,0.09579868211499093,
5,XYt,93,15,0.0962575671924645,
5,XYt,94,15,0.09769210302106714,
5,XYt,95,15,0.10245565468993847,
5,XYt,96,15,0.10395320889587814,
5,XYt,97,15,0.09988192089786553,
5,XYt,98,15,0.09880769623066418,
5,XYt,99,15,0.09822776487213981,
5,XYt,100,15,0.09640917947594255,
5,XYt,101,15,0.09564251081066849,
5,XYt,102,15,0.09613703060340001,
5,XYt,103,15,0.09808396737552609,
5,XYt,104,15,0.10049043752743896,
5,XYt,105,15,0.10296024751508598,
5,XYt,106,15,0.1041147660056768,
5,XYt,107,15,0.1039787607530847,
5,XYt,108,15,0.10424972044730622,
5,XYt,109,15,0.10234356816724,
5,XYt,110,15,0.0998833598885689,
5,XYt,111,15,0.09723546171264276,
5,XYt,112,15,0.09433916396193406,
5,XYt,113,15,0.09116897741784867,
5,XYt,114,15,0.08940227263566804,
5,XYt,115,15,0.09047267002856728,
5,XYt,116,15,0.09316753489855038,
5,XYt,117,15,0.09558583963440448,
5,XYt,118,15,0.10319323125646937,
5,XYt,119,15,0.1119987549323941,
5,XYt,120,15,0.10322914677457964,
5,XYt,121,15,0.09228961767262107,
5,XYt,122,15,0.09341434628202167,
5,XYt,123,15,0.09376098950956008,
5,XYt,124,15,0.09700650023000974,
5,XYt,125,15,0.10158476957426482,
5,XYt,126,15,0.10470909041731102,
5,XYt,127,15,0.1048250244749304,
5,XYt,128,15,0.10299040744706528,
5,XYt,129,15,0.10305175567270233,
5,XYt,130,15,0.10164312234807121,
5,XYt,131,15,0.09873338086606707,
5,XYt,132,15,0.09554186098802046,
5,XYt,133,15,0.09390286129954176,
5,XYt,134,15,0.09431673696079564,
5,XYt,135,15,0.09475423864587419,
5,XYt,136,15,0.09745437870461461,
5,XYt,137,15,0.10117641110002701,
5,XYt,138,15,0.10226369045266892,
5,XYt,139,15,0.10365356448785992,
5,XYt,140,15,0.10452505617427393,
5,XYt,141,15,0.1027000607681007,
5,XYt,142,15,0.0979816048826977,
5,XYt,143,15,0.09472115722903311,
5,XYt,144,15,0.0947484202797839,
5,XYt,145,15,0.09748195376179437,
5,XYt,146,15,0.10226341918270598,
5,XYt,147,15,0.10585933013173215,
5,XYt,148,15,0.10635097394986925,
5,XYt,149,15,0.10397479124495135,
5,XYt,150,15,0.09949930655304765,
5,XYt,151,15,0.094015326128281,
5,XYt,152,15,0.09188716320428149,
5,XYt,153,15,0.09242676919771652,
5,XYt,154,15,0.09439301157838453,
5,XYt,155,15,0.09739687730337533,
5,XYt,156,15,0.1006528118704034,
5,XYt,157,15,0.10056777330989751,
5,XYt,158,15,0.09718734833157687,
5,XYt,159,15,0.0909826129563732,
5,XYt,160,15,0.08744433123318619,
5,XYt,161,15,0.08724799380282944,
5,XYt,162,15,0.08569283707343793,
5,XYt,163,15,0.08705046698332983,
5,XYt,164,15,0.08958832060875598,
5,XYt,165,15,0.09230109565064418,
5,XYt,166,15,0.09381887699984968,
5,XYt,167,15,0.09419011334714664,
5,XYt,168,15,0.09608505205692033,
5,XYt,169,15,0.09657620552953294,
5,XYt,170,15,0.09537104785883227,
5,XYt,171,15,0.09187775677863902,
5,XYt,172,15,0.08951720357835016,
5,XYt,173,15,0.08751506595281114,
5,XYt,174,15,0.08621063892755187,
5,XYt,175,15,0.08776762027938097,
5,XYt,176,15,0.08353845917772068,
5,XYt,177,15,0.07896591344505706,
5,XYt,178,15,0.07870487824488946,
5,XYt,179,15,0.07850289312080626,
5,XYt,180,15,0.07758213166227468,
5,XYt,181,15,0.07711725071587552,
5,XYt,182,15,0.07762476190263962,
5,XYt,183,15,0.0784075149041537,
5,XYt,184,15,0.07874036905604691,
5,XYt,185,15,0.07858576624999739,
5,XYt,186,15,0.07818674458192841,
5,XYt,187,15,0.07821551938794992,
5,XYt,188,15,0.07806557657754859,
5,XYt,189,15,0.07866877687296077,
5,XYt,190,15,0.07953344352276172,
5,XYt,191,15,0.08006858249335905,
5,XYt,192,15,0.08219711750209846,
5,XYt,193,15,0.0836449053142576,
5,XYt,194,15,0.08196572873646055,
5,XYt,195,15,0.07911808425661154,
5,XYt,196,15,0.07742237131464137,
5,XYt,197,15,0.0796120983661953,
5,XYt,198,15,0.08227939251980895,
5,XYt,199,15,0.09265430744643377,
5,XYt,200,15,0.08826263792918536,
5,XYt,201,15,0.07780754756885266,
5,XYt,202,15,0.07934829320544252,
5,XYt,203,15,0.08380935096244345,
5,XYt,204,15,0.09035137628171669,
5,XYt,205,15,0.09456118998529087,
5,XYt,206,15,0.09568622756834434,
5,XYt,207,15,0.09121869346667247,
5,XYt,208,15,0.08576283521993847,
5,XYt,209,15,0.08438733114257815,
5,XYt,210,15,0.08514222627795043,
5,XYt,211,15,0.08666417294501724,
5,XYt,212,15,0.08941626151355002,
5,XYt,213,15,0.09320697681078426,
5,XYt,214,15,0.09731092250376086,
5,XYt,215,15,0.09676149210451503,
5,XYt,216,15,0.09247465363522225,
5,XYt,217,15,0.09057343098234857,
5,XYt,218,15,0.09061042417577998,
5,XYt,219,15,0.092975959462657,
5,XYt,220,15,0.09525469682310553,
5,XYt,221,15,0.09501769046737057,
5,XYt,222,15,0.09543595920664784,
5,XYt,223,15,0.09764022894846087,
5,XYt,224,15,0.10320709942993542,
5,XYt,225,15,0.10792376202791777,
5,XYt,226,15,0.11193566808918325,
5,XYt,227,15,0.11336717489998129,
5,XYt,228,15,0.11341332851966227,
5,XYt,229,15,0.11405778934106778,
5,XYt,230,15,0.11430160547200982,
5,XYt,231,15,0.1131359474319377,
5,XYt,232,15,0.11175034999316578,
5,XYt,233,15,0.10927933063313497,
5,XYt,234,15,0.10566748481609634,
5,XYt,235,15,0.10333671406117721,
5,XYt,236,15,0.10002891835753486,
5,XYt,237,15,0.0963688543752459,
5,XYt,238,15,0.0969915205764156,
5,XYt,239,15,0.0993081134632306,
5,XYt,240,15,0.10105803629960709,
5,XYt,241,15,0.1029273810950328,
5,XYt,242,15,0.10543055545456921,
5,XYt,243,15,0.10764528741723538,
5,XYt,244,15,0.10836732320603014,
5,XYt,245,15,0.10889554569022074,
5,XYt,246,15,0.108276441443481,
5,XYt,247,15,0.10754465405035982,
5,XYt,248,15,0.10584584556961184,
5,XYt,249,15,0.10343889670871831,
5,XYt,250,15,0.10022532223170925,
5,XYt,251,15,0.09702648774500737,
5,XYt,252,15,0.09371019789172107,
5,XYt,253,15,0.0945050706044793,
5,XYt,254,15,0.11685462256209816,
5,XYt,255,15,0.16416267939335794,
5,XYt,256,15,0.20327494825836448,
5,XYt,257,15,0.16866781223992233,
5,XYt,258,15,0.07918222044656699,
5,XYt,259,15,0.13869983117465165,
5,XYt,260,15,0.186548610923609,
5,XYt,261,15,0.1760291763136185,
5,XYt,262,15,0.14119541275026826,
5,XYt,263,15,0.10149298962918735,
5,XYt,264,15,0.07388767356127854,
5,XYt,265,15,0.06342366472814441,
5,XYt,266,15,0.061708871704964696,
5,XYt,267,15,0.060115563706589874,
5,XYt,268,15,0.060056598707945684,
5,XYt,269,15,0.05981126665262506,
5,XYt,270,15,0.060387562144255606,
5,XYt,271,15,0.060509148025839295,
5,XYt,272,15,0.06161734025956592,
5,XYt,273,15,0.06117069914565525,
5,XYt,274,15,0.06140323606510503,
5,XYt,275,15,0.060707344756328926,
5,XYt,276,15,0.06073102025171409,
5,XYt,277,15,0.06014251623778397,
5,XYt,278,15,0.06068092000020255,
5,XYt,279,15,0.06068975570018528,
5,XYt,280,15,0.06135412910799804,
5,XYt,281,15,0.06146941078472391,
5,XYt,282,15,0.061631337647191836,
5,XYt,283,15,0.06157799103040263,
5,XYt,284,15,0.06122828373037009,
5,XYt,285,15,0.0614082058149671,
5,XYt,286,15,0.06168987616563549,
5,XYt,287,15,0.06293913140451503,
5,XYt,288,15,0.06186531544858728,
5,XYt,289,15,0.06237924665197304,
5,XYt,290,15,0.061132145109988864,
5,XYt,291,15,0.062185799050020155,
5,XYt,292,15,0.06171718714546875,
5,XYt,293,15,0.06265408599182597,
5,XYt,294,15,0.06100965388089542,
5,XYt,295,15,0.06315931719594181,
5,XYt,296,15,0.06281488209541526,
5,XYt,297,15,0.06286444129954616,
5,XYt,298,15,0.06156826784376077,
5,XYt,299,15,0.0629609971456706,
5,XYt,300,15,0.061738600094772146,
5,XYt,301,15,0.06283603327491868,
5,XYt,302,15,0.0620232561194811,
5,XYt,303,15,0.06319721402178571,
5,XYt,304,15,0.061763720916246524,
5,XYt,305,15,0.0630472204897308,
5,XYt,306,15,0.061385555035278296,
5,XYt,307,15,0.0629810325011063,
5,XYt,308,15,0.06203423882845197,
5,XYt,309,15,0.06352431926849289,
5,XYt,310,15,0.06274583105576076,
5,XYt,311,15,0.06320007872519352,
5,XYt,312,15,0.0626091434872852,
5,XYt,313,15,0.06285702359935527,
5,XYt,314,15,0.06249801286256977,
5,XYt,315,15,0.06281302919832214,
5,XYt,316,15,0.06261829787331621,
5,XYt,317,15,0.06292354686524763,
5,XYt,318,15,0.06309222434142339,
5,XYt,319,15,0.0630233370773784,
5,XYt,320,15,0.06364871178856552,
5,XYt,321,15,0.06609908011402932,
5,XYt,322,15,0.07130633298723164,
5,XYt,323,15,0.08746194328896897,
5,XYt,324,15,0.11520602474229362,
5,XYt,325,15,0.09002803216706659,
5,XYt,326,15,0.09138654435515356,
5,XYt,327,15,0.0917834054422637,
5,XYt,328,15,0.10615613035083299,
5,XYt,329,15,0.11153373525393231,
5,XYt,330,15,0.11594489823853649,
5,XYt,331,15,0.1167442693870126,
5,XYt,332,15,0.11739018664277047,
5,XYt,333,15,0.1179597571872992,
5,XYt,334,15,0.11975369852377524,
5,XYt,335,15,0.1193641302295664,
5,XYt,336,15,0.12106463007709241,
5,XYt,337,15,0.12254902199469163,
5,XYt,338,15,0.12278246019065073,
5,XYt,339,15,0.12174454244135485,
5,XYt,340,15,0.12154185326128537,
5,XYt,341,15,0.12362247178172626,
5,XYt,342,15,0.12134306081753422,
5,XYt,343,15,0.12117980828824393,
5,XYt,344,15,0.12056476478290773,
5,XYt,345,15,0.1210648824756674,
5,XYt,346,15,0.11937355747981071,
5,XYt,347,15,0.11788960844327288,
5,XYt,348,15,0.11634324479015007,
5,XYt,349,15,0.11755652649088678,
5,XYt,350,15,0.1164681912552301,
5,XYt,351,15,0.11678182367579545,
5,XYt,352,15,0.11378346366072907,
5,XYt,353,15,0.11552938752455791,
5,XYt,354,15,0.1106669423236839,
5,XYt,355,15,0.11186960291877514,
5,XYt,356,15,0.10850391142904131,
5,XYt,357,15,0.1103023410271899,
5,XYt,358,15,0.10639052341209727,
5,XYt,359,15,0.10710398611479255,
5,XYt,360,15,0.10386696287419132,
5,XYt,361,15,0.10367730691105785,
5,XYt,362,15,0.10641056614454157,
5,XYt,363,15,0.10905402391354516,
5,XYt,364,15,0.23735849401840226,
5,XYt,365,15,0.24876031849048558,
5,XYt,366,15,0.2510045660740603,
5,XYt,367,15,0.25105080609254427,
5,XYt,368,15,0.2486315155327964,
5,XYt,369,15,0.24880881651756634,
5,XYt,370,15,0.24495510346359112,
5,XYt,371,15,0.2423246239802526,
5,XYt,372,15,0.23819792897088565,
5,XYt,373,15,0.23416507941122106,
5,XYt,374,15,0.22972929041346346,
5,XYt,375,15,0.2273218268475984,
5,XYt,376,15,0.2242515074032916,
5,XYt,377,15,0.2220006443199358,
5,XYt,378,15,0.21813378500848457,
5,XYt,379,15,0.21400056277017734,
5,XYt,380,15,0.2112410080836586,
5,XYt,381,15,0.2097217825997665,
5,XYt,382,15,0.2090242442276376,
5,XYt,383,15,0.20714966038181265,
5,XYt,384,15,0.20890059394117722,
5,XYt,385,15,0.20724697634630007,
5,XYt,386,15,0.20607822771614778,
5,XYt,387,15,0.20495064776004274,
5,XYt,388,15,0.20429080569396027,
5,XYt,389,15,0.20339976460911716,
5,XYt,390,15,0.2025196284100109,
5,XYt,391,15,0.20160318011407677,
5,XYt,392,15,0.20168045423818512,
5,XYt,393,15,0.2031052703710441,
5,XYt,394,15,0.20395218698283962,
5,XYt,395,15,0.2052473230135244,
5,XYt,396,15,0.20432535077351982,
5,XYt,397,15,0.2049080757357488,
5,XYt,398,15,0.20413830529604765,
5,XYt,399,15,0.20573695970523936,
5,XYt,400,15,0.2047091979560641,
5,XYt,401,15,0.20516111771737458,
5,XYt,402,15,0.20419353323328257,
5,XYt,403,15,0.206364799609673,
5,XYt,404,15,0.20714895978455877,
5,XYt,405,15,0.21053229690618758,
5,XYt,406,15,0.21142650925711995,
5,XYt,407,15,0.21495122354287421,
5,XYt,408,15,0.21569517848700018,
5,XYt,409,15,0.22077553134783154,
5,XYt,410,15,0.21514408350180725,
5,XYt,411,15,0.21735061755835478,
5,XYt,412,15,0.21803374225568142,
5,XYt,413,15,0.22154711513517736,
5,XYt,414,15,0.22396138371964333,
5,XYt,415,15,0.22838388929794284,
5,XYt,416,15,0.22977012355671553,
5,XYt,417,15,0.23301029182728025,
5,XYt,418,15,0.23334930033726722,
5,XYt,419,15,0.23512098048385235,
5,XYt,420,15,0.2360135987340364,
5,XYt,421,15,0.2387187020957194,
5,XYt,422,15,0.2414760726339068,
5,XYt,423,15,0.24627403392916616,
5,XYt,424,15,0.24903254516730147,
5,XYt,425,15,0.2517922217423814,
5,XYt,426,15,0.2531884419439386,
5,XYt,427,15,0.2561852144821251,
5,XYt,428,15,0.26117608042243373,
5,XYt,429,15,0.2664460691878571,
5,XYt,430,15,0.2714254221342047,
5,XYt,431,15,0.2757169759932071,
5,XYt,432,15,0.2808991824235963,
5,XYt,433,15,0.2849016843707429,
5,XYt,434,15,0.28616736296268114,
5,XYt,435,15,0.28784738804813004,
5,XYt,436,15,0.29140592524687214,
5,XYt,437,15,0.2962708622785644,
5,XYt,438,15,0.3014464127411063,
5,XYt,439,15,0.30915305785264285,
5,XYt,440,15,0.31577220514261517,
5,XYt,441,15,0.31928883488474047,
5,XYt,442,15,0.3206554987278297,
5,XYt,443,15,0.323623764531613,
5,XYt,444,15,0.3266623155721733,
5,XYt,445,15,0.33146396527194555,
5,XYt,446,15,0.33764573948162574,
5,XYt,447,15,0.3421522003602225,
5,XYt,448,15,0.3460719912798646,
5,XYt,449,15,0.34803028198933134,
5,XYt,450,15,0.3504885058193428,
5,XYt,451,15,0.35118767084495994,
5,XYt,452,15,0.3520265651889883,
5,XYt,453,15,0.3516360697251673,
5,XYt,454,15,0.3518287112797507,
5,XYt,455,15,0.3547612496544875,
5,XYt,456,15,0.35658501067530096,
5,XYt,457,15,0.35761868493811694,
5,XYt,458,15,0.35810672585088477,
5,XYt,459,15,0.3555339438588141,
5,XYt,460,15,0.34965464695217147,
5,XYt,461,15,0.33869397747519936,
5,XYt,462,15,0.33142344465102397,
5,XYt,463,15,0.3629531272936556,
5,XYt,464,15,0.44021097528308617,
5,XYt,465,15,0.5006389904609142,
5,XYt,466,15,0.4448614263148595,
5,XYt,467,15,0.2933088607026174,
5,XYt,468,15,0.3027978595821055,
5,XYt,469,15,0.3599630600561402,
5,XYt,470,15,0.3582231841971804,
5,XYt,471,15,0.32643055221478,
5,XYt,472,15,0.2831490555509555,
5,XYt,473,15,0.24152139594690805,
5,XYt,474,15,0.2144748627840662,
5,XYt,475,15,0.203709251846108,
5,XYt,476,15,0.1999404000467034,
5,XYt,477,15,0.19908785048723307,
5,XYt,478,15,0.19798521647526823,
5,XYt,479,15,0.1983426155020863,
5,XYt,480,15,0.19829134205232726,
5,XYt,481,15,0.19901377087466876,
5,XYt,482,15,0.19908812323976366,
5,XYt,483,15,0.19863798613908987,
5,XYt,484,15,0.19802927245489949,
5,XYt,485,15,0.19896076460887346,
5,XYt,486,15,0.1988344533732875,
5,XYt,487,15,0.19824770292406982,
5,XYt,488,15,0.19839434639962653,
5,XYt,489,15,0.19899573921539093,
5,XYt,490,15,0.19844170239950235,
5,XYt,491,15,0.1985616389224839,
5,XYt,492,15,0.19816962529574333,
5,XYt,493,15,0.19809137776615734,
5,XYt,494,15,0.1980857100557457,
5,XYt,495,15,0.19835347811160528,
5,XYt,496,15,0.1981215201151074,
5,XYt,497,15,0.19826490523681878,
5,XYt,498,15,0.19842121963805168,
5,XYt,499,15,0.19868114587133037,
5,XYt,500,15,0.19876172011660795,
5,XYt,501,15,0.19815854550644768,
5,XYt,502,15,0.19800739384290303,
5,XYt,503,15,0.19792290496306025,
5,XYt,504,15,0.1980432489406953,
5,XYt,505,15,0.19855469300832268,
5,XYt,506,15,0.19941008006815422,
5,XYt,507,15,0.19907937963320033,
5,XYt,508,15,0.19978705348189363,
5,XYt,509,15,0.19936519607590586,
5,XYt,510,15,0.1996109417914988,
5,XYt,511,15,0.19944011512780285,
5,XYt,512,15,0.2001250717759752,
5,XYt,513,15,0.19991183811882157,
5,XYt,514,15,0.20025696527200243,
5,XYt,515,15,0.19992021161560303,
5,XYt,516,15,0.20060673832547152,
5,XYt,517,15,0.1999654725277818,
5,XYt,518,15,0.20045981943768057,
5,XYt,519,15,0.20033214840397798,
5,XYt,520,15,0.20025561200403408,
5,XYt,521,15,0.20013562426223616,
5,XYt,522,15,0.20001159291271023,
5,XYt,523,15,0.20076405492799052,
5,XYt,524,15,0.20516792321708857,
5,XYt,525,15,0.2164666044658804,
5,XYt,526,15,0.24068950562235997,
5,XYt,527,15,0.27674148870499304,
5,XYt,528,15,0.31831413853881935,
5,XYt,529,15,0.3557263673974509,
5,XYt,530,15,0.38407199631799094,
5,XYt,531,15,0.4001872302779536,
5,XYt,532,15,0.4007656003095715,
5,XYt,533,15,0.3729309196223711,
5,XYt,534,15,0.3006913541094939,
5,XYt,535,15,0.30003787234967405,
5,XYt,536,15,0.4485641506820734,
5,XYt,537,15,0.5645922222246809,
5,XYt,538,15,0.614998581040708,
5,XYt,539,15,0.6080176182051333,
5,XYt,540,15,0.5461095724318185,
5,XYt,541,15,0.46578288894447495,
5,XYt,542,15,0.39890012379176465,
5,XYt,543,15,0.3540419257385359,
5,XYt,544,15,0.3327696878279533,
5,XYt,545,15,0.3353726568502581,
5,XYt,546,15,0.33919310201431857,
5,XYt,547,15,0.3368007888523394,
5,XYt,548,15,0.3396723917341885,
5,XYt,549,15,0.34213796822585046,
5,XYt,550,15,0.34062869860311523,
5,XYt,551,15,0.33539934093435003,
5,XYt,552,15,0.3274198750467903,
5,XYt,553,15,0.3166931941082768,
5,XYt,554,15,0.3057472824679139,
5,XYt,555,15,0.29734198628714037,
5,XYt,556,15,0.29247743009523025,
5,XYt,557,15,0.2890805886851439,
5,XYt,558,15,0.28542463705054055,
5,XYt,559,15,0.27936706557493196,
5,XYt,560,15,0.2727472486519853,
5,XYt,561,15,0.27420548639014847,
5,XYt,562,15,0.2753059650739852,
5,XYt,563,15,0.27304234243247827,
5,XYt,564,15,0.2704875319482602,
5,XYt,565,15,0.27173646928077894,
5,XYt,566,15,0.2747880309780088,
5,XYt,567,15,0.27956392556806414,
5,XYt,568,15,0.2821018899122368,
5,XYt,569,15,0.28251781264898435,
5,XYt,570,15,0.281912409618423,
5,XYt,571,15,0.280835628556511,
5,XYt,572,15,0.27593322469867504,
5,XYt,573,15,0.2662243665425431,
5,XYt,574,15,0.25277704236949694,
5,XYt,575,15,0.2399011539930555,
5,XYt,576,15,0.22895034779281576,
5,XYt,577,15,0.21939831948818578,
5,XYt,578,15,0.21741467953479243,
5,XYt,579,15,0.22068095487492276,
5,XYt,580,15,0.22722818642180337,
5,XYt,581,15,0.2323932874212464,
5,XYt,582,15,0.23501700597789907,
5,XYt,583,15,0.2330690669550773,
5,XYt,584,15,0.2284824535838603,
5,XYt,585,15,0.22565232078822997,
5,XYt,586,15,0.223424224723337,
5,XYt,587,15,0.22027752165443867,
5,XYt,588,15,0.2208144956318673,
5,XYt,589,15,0.22645768554008214,
5,XYt,590,15,0.24144036910808958,
5,XYt,591,15,0.255469321903429,
5,XYt,592,15,0.26024412896366994,
5,XYt,593,15,0.2601558182953644,
5,XYt,594,15,0.2557412929214784,
5,XYt,595,15,0.24639916925499705,
5,XYt,596,15,0.23578074902913682,
5,XYt,597,15,0.2243605066395852,
5,XYt,598,15,0.21269433848547306,
5,XYt,599,15,0.20074078370369797,
5,XYt,600,15,0.1915191516303521,
5,XYt,601,15,0.18760068036543412,
5,XYt,602,15,0.18949865016328016,
5,XYt,603,15,0.19344362252541608,
5,XYt,604,15,0.19448574878303057,
5,XYt,605,15,0.1941956766980602,
5,XYt,606,15,0.19448281543606794,
5,XYt,607,15,0.19434079457767037,
5,XYt,608,15,0.1937333592716686,
5,XYt,609,15,0.19339186821165033,
5,XYt,610,15,0.19366089160060046,
5,XYt,611,15,0.19312434098738984,
5,XYt,612,15,0.19765657636182965,
5,XYt,613,15,0.20582404878992347,
5,XYt,614,15,0.2203652471203959,
5,XYt,615,15,0.23467760172107685,
5,XYt,616,15,0.2466584086370263,
5,XYt,617,15,0.25515899789937485,
5,XYt,618,15,0.2635542837523679,
5,XYt,619,15,0.2643553033080252,
5,XYt,620,15,0.2644126947713263,
5,XYt,621,15,0.2615883283802631,
5,XYt,622,15,0.2493020332519611,
5,XYt,623,15,0.23238023159151341,
5,XYt,624,15,0.223390155460149,
5,XYt,625,15,0.2123251567873633,
5,XYt,626,15,0.2186445552699421,
5,XYt,627,15,0.23029509348164853,
5,XYt,628,15,0.24082309518192002,
5,XYt,629,15,0.24642625839656263,
5,XYt,630,15,0.24744980407943482,
5,XYt,631,15,0.2465456443958546,
5,XYt,632,15,0.24064476490935463,
5,XYt,633,15,0.23111085374686352,
5,XYt,634,15,0.22646028356135536,
5,XYt,635,15,0.22625917711056098,
5,XYt,636,15,0.2301309711849029,
5,XYt,637,15,0.2380327558575263,
5,XYt,638,15,0.2517743563967307,
5,XYt,639,15,0.2660243202688069,
5,XYt,640,15,0.2784967933543489,
5,XYt,641,15,0.288015539511666,
5,XYt,642,15,0.2942304349413156,
5,XYt,643,15,0.2945937502002227,
5,XYt,644,15,0.29116846450562583,
5,XYt,645,15,0.28511433774504774,
5,XYt,646,15,0.27979462716077186,
5,XYt,647,15,0.27493321869355436,
5,XYt,648,15,0.27209954120128355,
5,XYt,649,15,0.26895439595033105,
5,XYt,650,15,0.2760071923914564,
5,XYt,651,15,0.2799421832402051,
5,XYt,652,15,0.27574607662530193,
5,XYt,653,15,0.2771419612313332,
5,XYt,654,15,0.28431655645382625,
5,XYt,655,15,0.2865625215650526,
5,XYt,656,15,0.28898384428746776,
5,YZt,0,15,1.2290059172401615,
5,YZt,1,15,1.113543948435428,
5,YZt,2,15,1.2663524595447118,
5,YZt,3,15,1.4362604066222149,
5,YZt,4,15,1.6124512863183602,
5,YZt,5,15,1.8248226327914518,
5,YZt,6,15,1.5363795569681307,
5,YZt,7,15,1.6615809713396779,
5,YZt,8,15,1.2507449021670811,
5,YZt,9,15,1.1758214680178682,
5,YZt,10,15,1.024225688111887,
5,YZt,11,15,1.006031152266564,
5,YZt,12,15,0.9178893917540861,
5,YZt,13,15,0.9090013221690199,
5,YZt,14,15,0.8716755203996704,
5,YZt,15,15,0.8337971818358568,
5,YZt,16,15,0.8240797262384694,
5,YZt,17,15,0.7901507180397106,
5,YZt,18,15,0.791484161657241,
5,YZt,19,15,0.7942943887310644,
5,YZt,20,15,0.7498405649258694,
5,YZt,21,15,0.7647397276008496,
5,YZt,22,15,0.7534632089918942,
5,YZt,23,15,0.72076887660563,
5,YZt,24,15,0.73094505069261,
5,YZt,25,15,0.7289954772340513,
5,XYt,657,15,0.29003652769784394,
5,XYt,658,15,0.28929730049909264,
5,XYt,659,15,0.2898396952517905,
5,XYt,660,15,0.2948616076505536,
5,XYt,661,15,0.30379797447831935,
5,XYt,662,15,0.3179300150267649,
5,XYt,663,15,0.3388100990690841,
5,XYt,664,15,0.36250374926479917,
5,XYt,665,15,0.4014574779259132,
5,XYt,666,15,0.46417982478111464,
5,XYt,667,15,0.540309831094799,
5,XYt,668,15,0.6038849339950724,
5,XYt,669,15,0.647126301992094,
5,XYt,670,15,0.6720046756452553,
5,XYt,671,15,0.6818651801734249,
5,XYt,672,15,0.6735332513680227,
5,XYt,673,15,0.6313956777451544,
5,XYt,674,15,0.5643401067607995,
5,XYt,675,15,0.48012437022635124,
5,XYt,676,15,0.377195116697909,
5,XYt,677,15,0.26924127647188084,
5,XYt,678,15,0.25680513540910516,
5,XYt,679,15,0.3023948903324021,
5,XYt,680,15,0.33958857630099515,
5,XYt,681,15,0.36342184864593347,
5,XYt,682,15,0.37693126892023365,
5,XYt,683,15,0.38198331083878184,
5,XYt,684,15,0.3801083609398188,
5,XYt,685,15,0.3727598777274768,
5,XYt,686,15,0.35902663721852646,
5,XYt,687,15,0.34137211492410846,
5,XYt,688,15,0.3206354301872028,
5,XYt,689,15,0.29753651310635,
5,XYt,690,15,0.27273238561060387,
5,XYt,691,15,0.24989706705702283,
5,XYt,692,15,0.229572691735929,
5,XYt,693,15,0.21279268269292817,
5,XYt,694,15,0.2002358976892979,
5,XYt,695,15,0.19278866679242848,
5,XYt,696,15,0.18897417652796686,
5,XYt,697,15,0.18677113509944096,
5,XYt,698,15,0.18592983510344438,
5,XYt,699,15,0.1855665546962502,
5,XYt,700,15,0.1858670460687872,
5,XYt,701,15,0.1858950142668627,
5,XYt,702,15,0.18596592249694452,
5,XYt,703,15,0.1862329727642772,
5,XYt,704,15,0.18668005264616186,
5,XYt,705,15,0.18761679746156257,
5,XYt,706,15,0.19015006027210132,
5,XYt,707,15,0.19439795633708043,
5,XYt,708,15,0.20119009955723463,
5,XYt,709,15,0.2122495368215305,
5,XYt,710,15,0.2570270794868732,
5,XYt,711,15,0.3353955735767716,
5,XYt,712,15,0.43008187242694956,
5,XYt,713,15,0.5174676713117942,
5,XYt,714,15,0.5899089108991721,
5,XYt,715,15,0.65326683699648,
5,XYt,716,15,0.7036459319842291,
5,XYt,717,15,0.7355144135892094,
5,XYt,718,15,0.7551229308636157,
5,XYt,719,15,0.7756064784892049,
5,XYt,720,15,0.7781485293652057,
5,XYt,721,15,0.7744157575274647,
5,XYt,722,15,0.769165629778835,
5,XYt,723,15,0.7531397687559399,
5,XYt,724,15,0.7378992228127027,
5,XYt,725,15,0.725952299145309,
5,XYt,726,15,0.7390465911503158,
5,XYt,727,15,0.7409602406060519,
5,YZt,26,15,0.7144610651364612,
5,YZt,27,15,0.6930185446110891,
5,YZt,28,15,0.7032933589423528,
5,YZt,29,15,0.7094601570316603,
5,YZt,30,15,0.6835844209952502,
5,YZt,31,15,0.6852782297336395,
5,YZt,32,15,0.6858676285988096,
5,YZt,33,15,0.6729910066377082,
5,YZt,34,15,0.6720533594433857,
5,YZt,35,15,0.6790596797967109,
5,YZt,36,15,0.671265460605742,
5,YZt,37,15,0.6450783326974906,
5,YZt,38,15,0.6227068986562149,
5,YZt,39,15,0.6096862141953107,
5,YZt,40,15,0.5983366088382411,
5,YZt,41,15,0.5650748225868896,
5,YZt,42,15,0.5398017011970907,
5,YZt,43,15,0.514513341903152,
5,YZt,44,15,0.5017248944066357,
5,YZt,45,15,0.48418426899880934,
5,YZt,46,15,0.4630500610787446,
5,YZt,47,15,0.45399017974321504,
5,YZt,48,15,0.4446008467542023,
5,YZt,49,15,0.4195920720007084,
5,YZt,50,15,0.418038161093267,
5,YZt,51,15,0.4101791402106516,
5,YZt,52,15,0.4179143165514649,
5,YZt,53,15,0.4084845717858039,
5,YZt,54,15,0.42108665820976815,
5,YZt,55,15,0.4090543931659992,
5,YZt,56,15,0.4206996046860597,
5,YZt,57,15,0.43765395693039344,
5,YZt,58,15,0.46034234702623106,
5,YZt,59,15,0.4549563773054303,
5,YZt,60,15,0.45043557666072065,
5,YZt,61,15,0.46948318780229453,
5,YZt,62,15,0.5000666823745359,
5,YZt,63,15,0.49239387449331884,
5,YZt,64,15,0.4673905234921792,
5,YZt,65,15,0.4008275339652489,
5,YZt,66,15,0.334459430384317,
5,YZt,67,15,0.3011004019372979,
5,YZt,68,15,0.28834178659317833,
5,YZt,69,15,0.2537015549083368,
5,YZt,70,15,0.22958196842222442,
5,YZt,71,15,0.21248535430522567,
5,YZt,72,15,0.19467049660047941,
5,YZt,73,15,0.19120465708126938,
5,YZt,74,15,0.1757129298811134,
5,YZt,75,15,0.171501216442065,
5,YZt,76,15,0.16402048859332102,
5,YZt,77,15,0.15946102328649434,
5,YZt,78,15,0.15886264832192024,
5,YZt,79,15,0.1565205811506094,
5,YZt,80,15,0.15529960172102564,
5,YZt,81,15,0.15160279346518069,
5,YZt,82,15,0.1476325967854939,
5,YZt,83,15,0.14838264110926955,
5,YZt,84,15,0.1464679634600411,
5,YZt,85,15,0.14664818234148114,
5,YZt,86,15,0.14685514601093974,
5,YZt,87,15,0.14802520414414552,
5,YZt,88,15,0.15172602843023741,
5,YZt,89,15,0.15222349246058955,
5,YZt,90,15,0.15027433125382794,
5,YZt,91,15,0.15081362312846497,
5,YZt,92,15,0.1529162178573173,
5,YZt,93,15,0.15203254050667414,
5,YZt,94,15,0.15321580953146938,
5,YZt,95,15,0.15080996565501603,
5,YZt,96,15,0.1498188795150491,
5,YZt,97,15,0.1508914435621984,
5,YZt,98,15,0.1552233731512715,
5,YZt,99,15,0.15764416859042768,
5,YZt,100,15,0.15809519407996855,
5,YZt,101,15,0.1548124311964075,
5,YZt,102,15,0.15383763731989208,
5,YZt,103,15,0.1546319067708498,
5,YZt,104,15,0.1575520996061361,
5,YZt,105,15,0.1591275398456118,
5,YZt,106,15,0.16028862122190202,
5,YZt,107,15,0.1643974880727292,
5,YZt,108,15,0.17003398219057048,
5,YZt,109,15,0.17536205387550557,
5,YZt,110,15,0.17380375748619847,
5,YZt,111,15,0.16873027872793145,
5,YZt,112,15,0.17292212197884999,
5,YZt,113,15,0.18322939871346267,
5,YZt,114,15,0.19187099471455116,
5,YZt,115,15,0.1923355786892009,
5,YZt,116,15,0.19042704879407216,
5,YZt,117,15,0.1851932723686,
5,YZt,118,15,0.18000524279544183,
5,YZt,119,15,0.18117460542834155,
5,YZt,120,15,0.18388781202056304,
5,YZt,121,15,0.17943318356958263,
5,YZt,122,15,0.17180667449456355,
5,YZt,123,15,0.16701190901914953,
5,YZt,124,15,0.16406834288226935,
5,YZt,125,15,0.16485601868501115,
5,YZt,126,15,0.16527085682956463,
5,YZt,127,15,0.1648985821292442,
5,YZt,128,15,0.16449185562552535,
5,YZt,129,15,0.1648328664951671,
5,YZt,130,15,0.1643982916490206,
5,YZt,131,15,0.16395027217931735,
5,YZt,132,15,0.16607702743018615,
5,YZt,133,15,0.16821670530017943,
5,YZt,134,15,0.17219060666003502,
5,YZt,135,15,0.16968492346849337,
5,YZt,136,15,0.16992945648152258,
5,YZt,137,15,0.1730950023954548,
5,YZt,138,15,0.17724490252888372,
5,YZt,139,15,0.17849333439668633,
5,YZt,140,15,0.17690136857553976,
5,YZt,141,15,0.17687494974775073,
5,YZt,142,15,0.17639109151310903,
5,YZt,143,15,0.17635628846712012,
5,YZt,144,15,0.1762566922792342,
5,YZt,145,15,0.17579599107887997,
5,YZt,146,15,0.17317421887195053,
5,YZt,147,15,0.1700666856556441,
5,YZt,148,15,0.16825444466962142,
5,YZt,149,15,0.1695601626667881,
5,YZt,150,15,0.16886482975653713,
5,YZt,151,15,0.16888962700479537,
5,YZt,152,15,0.17166602730474018,
5,YZt,153,15,0.17349328311617992,
5,YZt,154,15,0.17927849639786642,
5,YZt,155,15,0.18421467137310224,
5,YZt,156,15,0.18396460251463442,
5,YZt,157,15,0.18361077546732335,
5,YZt,158,15,0.18389729188931345,
5,YZt,159,15,0.1870104780743428,
5,YZt,160,15,0.18815045143617987,
5,YZt,161,15,0.18415860230602413,
5,YZt,162,15,0.17852401698782255,
5,YZt,163,15,0.17431934951351744,
5,YZt,164,15,0.170148980103934,
5,YZt,165,15,0.1704184537559941,
5,YZt,166,15,0.16646094488575433,
5,YZt,167,15,0.16538970592124017,
5,YZt,168,15,0.1601224950696727,
5,YZt,169,15,0.15634319829209353,
5,YZt,170,15,0.1556695296830267,
5,YZt,171,15,0.15254762923318696,
5,YZt,172,15,0.15243423302949544,
5,YZt,173,15,0.15646528484304204,
5,YZt,174,15,0.1621906125731474,
5,YZt,175,15,0.1635237746293687,
5,YZt,176,15,0.16205598106546887,
5,YZt,177,15,0.15788954255492108,
5,YZt,178,15,0.15941018211154429,
5,YZt,179,15,0.1638605844108405,
5,YZt,180,15,0.17523477525219772,
5,YZt,181,15,0.1853917767589158,
5,YZt,182,15,0.1988233333293656,
5,YZt,183,15,0.21283455732517986,
5,YZt,184,15,0.2342798456369093,
5,YZt,185,15,0.2649494561964423,
5,YZt,186,15,0.3230780799720108,
5,YZt,187,15,0.31945009426458265,
5,YZt,188,15,0.3895744840363003,
5,YZt,189,15,0.5084128887914837,
5,YZt,190,15,0.5614340333334236,
5,YZt,191,15,0.6440399609218246,
5,YZt,192,15,0.6599176044395557,
5,YZt,193,15,0.6541173444423566,
5,YZt,194,15,0.6390340894052332,
5,YZt,195,15,0.6711507026033607,
5,YZt,196,15,0.6830330690177204,
5,YZt,197,15,0.676042233218166,
5,YZt,198,15,0.6701838209116611,
5,YZt,199,15,0.6652615845343802,
5,YZt,200,15,0.6677045724690186,
5,YZt,201,15,0.6811720790958721,
5,YZt,202,15,0.6778657795190489,
5,YZt,203,15,0.6775387888974098,
5,YZt,204,15,0.6722660253851565,
5,YZt,205,15,0.6823742513035596,
5,YZt,206,15,0.6715929927625666,
5,YZt,207,15,0.6864745890426557,
5,YZt,208,15,0.6761690745668655,
5,YZt,209,15,0.6846299364692956,
5,YZt,210,15,0.6840611443632969,
5,YZt,211,15,0.7013716257888325,
5,YZt,212,15,0.6901661292662922,
5,YZt,213,15,0.6790294160366324,
5,YZt,214,15,0.6936573265383351,
5,YZt,215,15,0.695450048466033,
5,YZt,216,15,0.6834532360915179,
5,YZt,217,15,0.6863593515579031,
5,YZt,218,15,0.6924521014690411,
5,YZt,219,15,0.7079554914300359,
5,YZt,220,15,0.6967677120880773,
5,YZt,221,15,0.6949256006550645,
5,YZt,222,15,0.7007721534025658,
5,YZt,223,15,0.7145599467200989,
5,YZt,224,15,0.7109019109625773,
5,YZt,225,15,0.6988486740650318,
5,YZt,226,15,0.7016135791259804,
5,YZt,227,15,0.7114400690193905,
5,YZt,228,15,0.7070734695245648,
5,YZt,229,15,0.7016354010060672,
5,YZt,230,15,0.7265275450450523,
5,YZt,231,15,0.7204959723428159,
5,YZt,232,15,0.7138270195925442,
5,YZt,233,15,0.7307663467556471,
5,YZt,234,15,0.7382022201157652,
5,YZt,235,15,0.7412378058825934,
5,YZt,236,15,0.733403710483099,
5,YZt,237,15,0.7599733919153258,
5,YZt,238,15,0.769813470828956,
5,YZt,239,15,0.7603210753737202,
5,YZt,240,15,0.7976092969719883,
5,YZt,241,15,0.7902697834054055,
5,YZt,242,15,0.7918805446333981,
5,YZt,243,15,0.8230622085759094,
5,YZt,244,15,0.8310599699833409,
5,YZt,245,15,0.8703030791951822,
5,YZt,246,15,0.9038267778210011,
5,YZt,247,15,0.9077806266318154,
5,YZt,248,15,0.9956598677031967,
5,YZt,249,15,1.0104851994540287,
5,YZt,250,15,1.1590293916320713,
5,YZt,251,15,1.2280378954270759,
5,YZt,252,15,1.6312815374923104,
5,YZt,253,15,1.509721696772629,
5,YZt,254,15,1.795713258798014,
5,YZt,255,15,1.5830145551259753,
5,YZt,256,15,1.405648493452525,
5,YZt,257,15,1.233930299107113,
5,YZt,258,15,1.0846635924101897,
5,YZt,259,15,1.2219265363826333,
5,XZt,0,15,1.0912485607373572,
5,XZt,1,15,1.1542509966709635,
5,XZt,2,15,1.2989565781631967,
5,XZt,3,15,1.4616254743580397,
5,XZt,4,15,1.6348174898160404,
5,XZt,5,15,1.8293296367568865,
5,XZt,6,15,1.5344974281734072,
5,XZt,7,15,1.6162820316619266,
5,XZt,8,15,1.2308152075432466,
5,XZt,9,15,1.1660657511164185,
5,XZt,10,15,1.0180170681835898,
5,XZt,11,15,0.9970171732792455,
5,XZt,12,15,0.9125614407368865,
5,XZt,13,15,0.8995610457050249,
5,XZt,14,15,0.8713388270294936,
5,XZt,15,15,0.8297055086120161,
5,XZt,16,15,0.8214395987111491,
5,XZt,17,15,0.7906919859735672,
5,XZt,18,15,0.7916828565404134,
5,XZt,19,15,0.803093264802863,
5,XZt,20,15,0.7684707741663299,
5,XZt,21,15,0.7705573478110987,
5,XZt,22,15,0.7593972078976741,
5,XZt,23,15,0.7397960646069359,
5,XZt,24,15,0.7536256013182782,
5,XZt,25,15,0.7517800763881947,
5,XZt,26,15,0.7422415743438492,
5,XZt,27,15,0.7259926181402839,
5,XZt,28,15,0.7353272104875338,
5,XZt,29,15,0.7422953074228348,
5,XZt,30,15,0.7249057497341899,
5,XZt,31,15,0.729378232318615,
5,XZt,32,15,0.7343436787988525,
5,XZt,33,15,0.7297584738101354,
5,XZt,34,15,0.7330901567800573,
5,XZt,35,15,0.7405713797732772,
5,XZt,36,15,0.7473056821824103,
5,XZt,37,15,0.7394741191534165,
5,XZt,38,15,0.731166686281366,
5,XZt,39,15,0.7276984932891986,
5,XZt,40,15,0.7402600894403437,
5,XZt,41,15,0.7255481731444215,
5,XZt,42,15,0.7209908996480588,
5,XZt,43,15,0.7144948903465695,
5,XZt,44,15,0.7218160674271941,
5,XZt,45,15,0.720511680954548,
5,XZt,46,15,0.7025030956992824,
5,XZt,47,15,0.7081031825135381,
5,XZt,48,15,0.7166558014214718,
5,XZt,49,15,0.7018517286778105,
5,XZt,50,15,0.6946789311475781,
5,XZt,51,15,0.6852460182991034,
5,XZt,52,15,0.6913413798472535,
5,XZt,53,15,0.6789595871095973,
5,XZt,54,15,0.682934022445654,
5,XZt,55,15,0.6631632450997238,
5,XZt,56,15,0.6599363584615454,
5,XZt,57,15,0.6611226863451286,
5,XZt,58,15,0.6592332962755071,
5,XZt,59,15,0.6300946219243772,
5,XZt,60,15,0.6170588461658262,
5,XZt,61,15,0.6159504629881473,
5,XZt,62,15,0.6045018332620614,
5,XZt,63,15,0.5886326697332602,
5,XZt,64,15,0.5745831859449069,
5,XZt,65,15,0.5562793090553522,
5,XZt,66,15,0.5462442279018677,
5,XZt,67,15,0.5126276887429083,
5,XZt,68,15,0.4855566180323419,
5,XZt,69,15,0.44150281093503824,
5,XZt,70,15,0.4059830222583995,
5,XZt,71,15,0.38835300524407146,
5,XZt,72,15,0.35712265159244716,
5,XZt,73,15,0.3360358831904766,
5,XZt,74,15,0.3064560798650714,
5,XZt,75,15,0.2921758129172655,
5,XZt,76,15,0.27158836229274486,
5,XZt,77,15,0.2575055414110845,
5,XZt,78,15,0.24470780444334184,
5,XZt,79,15,0.23196963666105233,
5,XZt,80,15,0.22159283037941768,
5,XZt,81,15,0.21307179690748515,
5,XZt,82,15,0.20395431431642552,
5,XZt,83,15,0.2004764489753925,
5,XZt,84,15,0.19400704775765415,
5,XZt,85,15,0.18934757046692705,
5,XZt,86,15,0.1841832462205305,
5,XZt,87,15,0.1826232435115601,
5,XZt,88,15,0.18195991582877538,
5,XZt,89,15,0.17833419143877272,
5,XZt,90,15,0.1734965935971526,
5,XZt,91,15,0.17150630834811895,
5,XZt,92,15,0.17107143414981002,
5,XZt,93,15,0.16746159084073994,
5,XZt,94,15,0.16538018545585167,
5,XZt,95,15,0.16116024416981226,
5,XZt,96,15,0.15971878362237665,
5,XZt,97,15,0.15660313784717686,
5,XZt,98,15,0.15618355434824566,
5,XZt,99,15,0.1545117681685379,
5,XZt,100,15,0.1515067970504392,
5,XZt,101,15,0.14768406570362091,
5,XZt,102,15,0.14611706402352384,
5,XZt,103,15,0.14512836731842257,
5,XZt,104,15,0.14448967470782112,
5,XZt,105,15,0.14021048079471396,
5,XZt,106,15,0.13733111873310772,
5,XZt,107,15,0.1369002441482551,
5,XZt,108,15,0.13600241328083804,
5,XZt,109,15,0.1368738113193406,
5,XZt,110,15,0.13616580842108122,
5,XZt,111,15,0.13326715798083105,
5,XZt,112,15,0.13277797077587564,
5,XZt,113,15,0.1315173727781062,
5,XZt,114,15,0.13326155770427872,
5,XZt,115,15,0.1337622606107995,
5,XZt,116,15,0.1349688840996222,
5,XZt,117,15,0.13340307907233645,
5,XZt,118,15,0.13075367630392462,
5,XZt,119,15,0.13001575015600422,
5,XZt,120,15,0.13033496818455687,
5,XZt,121,15,0.1298508615840043,
5,XZt,122,15,0.13049629298998877,
5,XZt,123,15,0.1296703542352654,
5,XZt,124,15,0.127604630414866,
5,XZt,125,15,0.12928058014346316,
5,XZt,126,15,0.12777279465650315,
5,XZt,127,15,0.12875794457119222,
5,XZt,128,15,0.12826888873557957,
5,XZt,129,15,0.13016003155615405,
5,XZt,130,15,0.12940045700457448,
5,XZt,131,15,0.12835829126254322,
5,XZt,132,15,0.12878003705352553,
5,XZt,133,15,0.12813170350983927,
5,XZt,134,15,0.12982159640363897,
5,XZt,135,15,0.12914874327229403,
5,XZt,136,15,0.13049946618748812,
5,XZt,137,15,0.13199994318257632,
5,XZt,138,15,0.1325134481638086,
5,XZt,139,15,0.1328137254447492,
5,XZt,140,15,0.13254155067266685,
5,XZt,141,15,0.1336690595190107,
5,XZt,142,15,0.13666958816970157,
5,XZt,143,15,0.13905972824677562,
5,XZt,144,15,0.1386283171679689,
5,XZt,145,15,0.137322707255512,
5,XZt,146,15,0.13601384936191738,
5,XZt,147,15,0.13665079475378544,
5,XZt,148,15,0.13947833020543787,
5,XZt,149,15,0.14363195071700416,
5,XZt,150,15,0.1462925261824806,
5,XZt,151,15,0.14691269984130476,
5,XZt,152,15,0.14863766729381128,
5,XZt,153,15,0.15107392978418466,
5,XZt,154,15,0.15578209444782143,
5,XZt,155,15,0.16189810414298508,
5,XZt,156,15,0.16423544738404192,
5,XZt,157,15,0.16635744968454097,
5,XZt,158,15,0.1685851368983834,
5,XZt,159,15,0.17450573322121113,
5,XZt,160,15,0.1788724532620995,
5,XZt,161,15,0.18005420415595977,
5,XZt,162,15,0.18039862199672554,
5,XZt,163,15,0.18461331696501282,
5,XZt,164,15,0.18830503750692235,
5,XZt,165,15,0.19381986044420513,
5,XZt,166,15,0.19534892326885625,
5,XZt,167,15,0.19823011496914,
5,XZt,168,15,0.19941254877632125,
5,XZt,169,15,0.2036983896124717,
5,XZt,170,15,0.2085143590305828,
5,XZt,171,15,0.2121280483642592,
5,XZt,172,15,0.21201341851408753,
5,XZt,173,15,0.21398378184533398,
5,XZt,174,15,0.2175770584260276,
5,XZt,175,15,0.22008471168459068,
5,XZt,176,15,0.22385788289217673,
5,XZt,177,15,0.22122558338649895,
5,XZt,178,15,0.22219544201293084,
5,XZt,179,15,0.22196392032811682,
5,XZt,180,15,0.22145661962044458,
5,XZt,181,15,0.2247756574562665,
5,XZt,182,15,0.22434646969845187,
5,XZt,183,15,0.22437773889920695,
5,XZt,184,15,0.22808791304829074,
5,XZt,185,15,0.23029407045272238,
5,XZt,186,15,0.24225554582688894,
5,XZt,187,15,0.24459053317307505,
5,XZt,188,15,0.25871632188721516,
5,XZt,189,15,0.2593371319250773,
5,XZt,190,15,0.2698839072766948,
5,XZt,191,15,0.27948728818905433,
5,XZt,192,15,0.28645770334307236,
5,XZt,193,15,0.304362544456488,
5,XZt,194,15,0.3078008572298659,
5,XZt,195,15,0.32123440094163985,
5,XZt,196,15,0.3278658624537235,
5,XZt,197,15,0.33669136998269156,
5,XZt,198,15,0.3371951708666326,
5,XZt,199,15,0.3302468250704103,
5,XZt,200,15,0.3314791577213106,
5,XZt,201,15,0.33943057773147023,
5,XZt,202,15,0.33182199240456495,
5,XZt,203,15,0.329955394138912,
5,XZt,204,15,0.32622565002606724,
5,XZt,205,15,0.33276750922258186,
5,XZt,206,15,0.32817057763280044,
5,XZt,207,15,0.333548991936299,
5,XZt,208,15,0.3267899208850321,
5,XZt,209,15,0.3318530252604317,
5,XZt,210,15,0.3371861417303304,
5,XZt,211,15,0.3550515930911062,
5,XZt,212,15,0.35534362517699364,
5,XZt,213,15,0.36230130109312053,
5,XZt,214,15,0.38760372406085347,
5,XZt,215,15,0.407013070124257,
5,XZt,216,15,0.4241946280705568,
5,XZt,217,15,0.46096051294502854,
5,XZt,218,15,0.5053977535260853,
5,XZt,219,15,0.5556707267240525,
5,XZt,220,15,0.5838672250190442,
5,XZt,221,15,0.6228794367278212,
5,XZt,222,15,0.6628413504794531,
5,XZt,223,15,0.7030303421623812,
5,XZt,224,15,0.7202127064151889,
5,XZt,225,15,0.7209256177939174,
5,XZt,226,15,0.72435363052838,
5,XZt,227,15,0.7344161297009455,
5,XZt,228,15,0.7373112895602372,
5,XZt,229,15,0.7351679702052009,
5,XZt,230,15,0.7506265033331249,
5,XZt,231,15,0.7456619444342789,
5,XZt,232,15,0.7327581682258504,
5,XZt,233,15,0.7496605339328913,
5,XZt,234,15,0.7574898819006932,
5,XZt,235,15,0.7536237279353647,
5,XZt,236,15,0.7397515043758028,
5,XZt,237,15,0.7671826685467489,
5,XZt,238,15,0.7762971584182856,
5,XZt,239,15,0.7680554881760348,
5,XZt,240,15,0.8097961513010614,
5,XZt,241,15,0.7938725176099686,
5,XZt,242,15,0.8006210562564368,
5,XZt,243,15,0.821780526451699,
5,XZt,244,15,0.8358610276984301,
5,XZt,245,15,0.8760920174254114,
5,XZt,246,15,0.9072985665596321,
5,XZt,247,15,0.9179551771336109,
5,XZt,248,15,1.0017843104236657,
5,XZt,249,15,1.0200002904319143,
5,XZt,250,15,1.1665323570233679,
5,XZt,251,15,1.2315860210955611,
5,XZt,252,15,1.6159045893703046,
5,XZt,253,15,1.5333980688069746,
5,XZt,254,15,1.8223441021646234,
5,XZt,255,15,1.62238752288091,
5,XZt,256,15,1.4667379187564054,
5,XZt,257,15,1.3017319537982852,
5,XZt,258,15,1.1499252284410861,
5,XZt,259,15,1.1353354341013495,
6,XYt,0,15,0.5021954697527357,
6,XYt,1,15,0.50653879352988,
6,XYt,2,15,0.4839372248339137,
6,XYt,3,15,0.44929051391247216,
6,XYt,4,15,0.42351301016547777,
6,XYt,5,15,0.3936649469000913,
6,XYt,6,15,0.363645390427638,
6,XYt,7,15,0.3403865656155238,
6,XYt,8,15,0.3219786995060305,
6,XYt,9,15,0.3046693638351643,
6,XYt,10,15,0.28637038822196625,
6,XYt,11,15,0.2663918025853772,
6,XYt,12,15,0.24650219098767476,
6,XYt,13,15,0.23116887023242366,
6,XYt,14,15,0.2174015726305514,
6,XYt,15,15,0.20683925707586318,
6,XYt,16,15,0.18055366980276671,
6,XYt,17,15,0.1744888173889498,
6,XYt,18,15,0.17069077573436928,
6,XYt,19,15,0.1534928163930285,
6,XYt,20,15,0.1396264104597495,
6,XYt,21,15,0.13081437285849115,
6,XYt,22,15,0.1264049958225349,
6,XYt,23,15,0.12536776699250865,
6,XYt,24,15,0.12642745609419262,
6,XYt,25,15,0.12929389344348027,
6,XYt,26,15,0.13353637002319615,
6,XYt,27,15,0.13939912757382078,
6,XYt,28,15,0.14586584649387657,
6,XYt,29,15,0.15308596261926904,
6,XYt,30,15,0.15945233718146215,
6,XYt,31,15,0.16450824526149305,
6,XYt,32,15,0.16631887196551695,
6,XYt,33,15,0.16351044746543109,
6,XYt,34,15,0.15448206191604208,
6,XYt,35,15,0.1372347649392457,
6,XYt,36,15,0.10810327909206872,
6,XYt,37,15,0.0693832294406125,
6,XYt,38,15,0.07646208707715675,
6,XYt,39,15,0.17640631167965504,
6,XYt,40,15,0.3479536732520617,
6,XYt,41,15,0.585782399782291,
6,XYt,42,15,0.8945056619553992,
6,XYt,43,15,1.280079122957866,
6,XYt,44,15,1.70212335885428,
6,XYt,45,15,2.024430718790311,
6,XYt,46,15,2.1281285900189264,
6,XYt,47,15,1.9810103477105618,
6,XYt,48,15,1.7406187420305166,
6,XYt,49,15,1.499935596853669,
6,XYt,50,15,1.2828751465993522,
6,XYt,51,15,1.0949763394701633,
6,XYt,52,15,0.9262316162887706,
6,XYt,53,15,0.7600880353957369,
6,XYt,54,15,0.5940218602478253,
6,XYt,55,15,0.4333740694892338,
6,XYt,56,15,0.28890419206808055,
6,XYt,57,15,0.17744236692387513,
6,XYt,58,15,0.11730048366415849,
6,XYt,59,15,0.11261437583747448,
6,XYt,60,15,0.1230083907654414,
6,XYt,61,15,0.12972040982684055,
6,XYt,62,15,0.12882412207759017,
6,XYt,63,15,0.12443772371794969,
6,XYt,64,15,0.1190569251460032,
6,XYt,65,15,0.11533372213901562,
6,XYt,66,15,0.11220354112577231,
6,XYt,67,15,0.10953581926383003,
6,XYt,68,15,0.10655378632192891,
6,XYt,69,15,0.10363059334445837,
6,XYt,70,15,0.10114625972028744,
6,XYt,71,15,0.0993196935307811,
6,XYt,72,15,0.09924116738445729,
6,XYt,73,15,0.09989976015514389,
6,XYt,74,15,0.10191424631922966,
6,XYt,75,15,0.10391710199967659,
6,XYt,76,15,0.105903158478997,
6,XYt,77,15,0.10588271523369261,
6,XYt,78,15,0.10297805626837743,
6,XYt,79,15,0.09693835538263836,
6,XYt,80,15,0.09026851115578445,
6,XYt,81,15,0.08600889108018767,
6,XYt,82,15,0.08233750359363434,
6,XYt,83,15,0.07786665030144208,
6,XYt,84,15,0.07487000449281934,
6,XYt,85,15,0.07278031747647831,
6,XYt,86,15,0.0714065986151338,
6,XYt,87,15,0.0707377963278788,
6,XYt,88,15,0.07199155186142425,
6,XYt,89,15,0.07303869026882367,
6,XYt,90,15,0.07286589910398522,
6,XYt,91,15,0.0717751978295631,
6,XYt,92,15,0.07102104494152224,
6,XYt,93,15,0.07106396912009594,
6,XYt,94,15,0.07135598353526423,
6,XYt,95,15,0.07304015580764914,
6,XYt,96,15,0.07450894372172967,
6,XYt,97,15,0.0734053734065325,
6,XYt,98,15,0.07348969731327429,
6,XYt,99,15,0.07301421571176417,
6,XYt,100,15,0.07202506162908412,
6,XYt,101,15,0.07152006198038345,
6,XYt,102,15,0.07200255212278736,
6,XYt,103,15,0.07267408886918061,
6,XYt,104,15,0.07359453878991934,
6,XYt,105,15,0.07426374558063209,
6,XYt,106,15,0.07506915625179297,
6,XYt,107,15,0.07514669952548934,
6,XYt,108,15,0.07557687113178488,
6,XYt,109,15,0.0746685330779692,
6,XYt,110,15,0.073294790125941,
6,XYt,111,15,0.07155693100676104,
6,XYt,112,15,0.07014812205387971,
6,XYt,113,15,0.0693265387651362,
6,XYt,114,15,0.0692597763370646,
6,XYt,115,15,0.07010779915904002,
6,XYt,116,15,0.07146331760512066,
6,XYt,117,15,0.07191187483293014,
6,XYt,118,15,0.07484951826091209,
6,XYt,119,15,0.08031697699635683,
6,XYt,120,15,0.07480503992579775,
6,XYt,121,15,0.07193384589214497,
6,XYt,122,15,0.07327831104883693,
6,XYt,123,15,0.07228845413969776,
6,XYt,124,15,0.07288463830939322,
6,XYt,125,15,0.07519260630177392,
6,XYt,126,15,0.07610986479716671,
6,XYt,127,15,0.07551706107747554,
6,XYt,128,15,0.0732562569189085,
6,XYt,129,15,0.07290944560378725,
6,XYt,130,15,0.0726738352282761,
6,XYt,131,15,0.07252302909623688,
6,XYt,132,15,0.0723185858096217,
6,XYt,133,15,0.07427213838193243,
6,XYt,134,15,0.07839698469852781,
6,XYt,135,15,0.08293876544446947,
6,XYt,136,15,0.08812982577120965,
6,XYt,137,15,0.09297474039629666,
6,XYt,138,15,0.09518608479994746,
6,XYt,139,15,0.09613137834493778,
6,XYt,140,15,0.09607258105262005,
6,XYt,141,15,0.09464820310451885,
6,XYt,142,15,0.09168588832136607,
6,XYt,143,15,0.08818791026984521,
6,XYt,144,15,0.08529528696593473,
6,XYt,145,15,0.0832060607356244,
6,XYt,146,15,0.0830434872782464,
6,XYt,147,15,0.08320734056070474,
6,XYt,148,15,0.08259147650207266,
6,XYt,149,15,0.08173350623336399,
6,XYt,150,15,0.08095720971914341,
6,XYt,151,15,0.08063005899329245,
6,XYt,152,15,0.08307077695218998,
6,XYt,153,15,0.08677932994645751,
6,XYt,154,15,0.09036498997341877,
6,XYt,155,15,0.0932171452015097,
6,XYt,156,15,0.09540809848896337,
6,XYt,157,15,0.09479081476822394,
6,XYt,158,15,0.09268074338182604,
6,XYt,159,15,0.08667998578900875,
6,XYt,160,15,0.07981399325713938,
6,XYt,161,15,0.07438976386338689,
6,XYt,162,15,0.06940213186538066,
6,XYt,163,15,0.06717571750627631,
6,XYt,164,15,0.06597336890600262,
6,XYt,165,15,0.06524998876708338,
6,XYt,166,15,0.0657022209047205,
6,XYt,167,15,0.06668849724698346,
6,XYt,168,15,0.06883038795179758,
6,XYt,169,15,0.06974987029421945,
6,XYt,170,15,0.06920379654475327,
6,XYt,171,15,0.06694002426618505,
6,XYt,172,15,0.06568540104221478,
6,XYt,173,15,0.06503404473198496,
6,XYt,174,15,0.06496490717701348,
6,XYt,175,15,0.06590136250112824,
6,XYt,176,15,0.06547395579759727,
6,XYt,177,15,0.06473862246231595,
6,XYt,178,15,0.06494818509155963,
6,XYt,179,15,0.06448873941549722,
6,XYt,180,15,0.06339440648045673,
6,XYt,181,15,0.06277037966071297,
6,XYt,182,15,0.06186434261677573,
6,XYt,183,15,0.06144678813536883,
6,XYt,184,15,0.06116333717658925,
6,XYt,185,15,0.06089974211434606,
6,XYt,186,15,0.0608831954727579,
6,XYt,187,15,0.06112055912784431,
6,XYt,188,15,0.0611882262369964,
6,XYt,189,15,0.06155141326816306,
6,XYt,190,15,0.06199743923538542,
6,XYt,191,15,0.06153213790278273,
6,XYt,192,15,0.06194710649998702,
6,XYt,193,15,0.06284365110669761,
6,XYt,194,15,0.06360298363570205,
6,XYt,195,15,0.06498007801885862,
6,XYt,196,15,0.06707283163635769,
6,XYt,197,15,0.06964935445504933,
6,XYt,198,15,0.06959063980543524,
6,XYt,199,15,0.07484274174256109,
6,XYt,200,15,0.07110539512398749,
6,XYt,201,15,0.06565560070538531,
6,XYt,202,15,0.06469388102795195,
6,XYt,203,15,0.06394884105801567,
6,XYt,204,15,0.06546981070618356,
6,XYt,205,15,0.06682075034934502,
6,XYt,206,15,0.06735748169120818,
6,XYt,207,15,0.06586204218921096,
6,XYt,208,15,0.063587995605441,
6,XYt,209,15,0.06288211610574852,
6,XYt,210,15,0.06450446864103414,
6,XYt,211,15,0.06566096956226178,
6,XYt,212,15,0.06681604036541967,
6,XYt,213,15,0.0680479403091452,
6,XYt,214,15,0.07006940582961356,
6,XYt,215,15,0.07092747105099322,
6,XYt,216,15,0.07153490408179887,
6,XYt,217,15,0.07473561472400929,
6,XYt,218,15,0.07703768604193068,
6,XYt,219,15,0.07890228415391679,
6,XYt,220,15,0.08049981378011954,
6,XYt,221,15,0.08208337403379656,
6,XYt,222,15,0.08219614870560976,
6,XYt,223,15,0.08264852257681889,
6,XYt,224,15,0.08282153505635016,
6,XYt,225,15,0.0829544172981954,
6,XYt,226,15,0.08314610462791443,
6,XYt,227,15,0.08402250057436005,
6,XYt,228,15,0.0835136476385957,
6,XYt,229,15,0.0847823853236419,
6,XYt,230,15,0.08453351841101803,
6,XYt,231,15,0.08469477532941194,
6,XYt,232,15,0.08475702978739,
6,XYt,233,15,0.08499862432638221,
6,XYt,234,15,0.08411026350519078,
6,XYt,235,15,0.0854481968146971,
6,XYt,236,15,0.08477399000460405,
6,XYt,237,15,0.08376318398075931,
6,XYt,238,15,0.08309751653391735,
6,XYt,239,15,0.08439866932031408,
6,XYt,240,15,0.08454205251004947,
6,XYt,241,15,0.0845335484239952,
6,XYt,242,15,0.08496367160671844,
6,XYt,243,15,0.0853135223670113,
6,XYt,244,15,0.08478401024143499,
6,XYt,245,15,0.08466135261216542,
6,XYt,246,15,0.08448739569844171,
6,XYt,247,15,0.08450403672664313,
6,XYt,248,15,0.08397269179220723,
6,XYt,249,15,0.08306707936286355,
6,XYt,250,15,0.08296300867848413,
6,XYt,251,15,0.08349709484939263,
6,XYt,252,15,0.08816492539564691,
6,XYt,253,15,0.10050755180125155,
6,XYt,254,15,0.12967159602482747,
6,XYt,255,15,0.1638926217106147,
6,XYt,256,15,0.1724445847743161,
6,XYt,257,15,0.14006322696962273,
6,XYt,258,15,0.06771503786199395,
6,XYt,259,15,0.09638149865572004,
6,XYt,260,15,0.11857444977951305,
6,XYt,261,15,0.10690107391755227,
6,XYt,262,15,0.08841151346456917,
6,XYt,263,15,0.06889400183570535,
6,XYt,264,15,0.05710427397505463,
6,XYt,265,15,0.052939670729039046,
6,XYt,266,15,0.053336414012700305,
6,XYt,267,15,0.05288829524262116,
6,XYt,268,15,0.0539387572620594,
6,XYt,269,15,0.05395471495928272,
6,XYt,270,15,0.05485316577648907,
6,XYt,271,15,0.05428104155553988,
6,XYt,272,15,0.05456361327824681,
6,XYt,273,15,0.054116167828087966,
6,XYt,274,15,0.05468414943469294,
6,XYt,275,15,0.0542571330970656,
6,XYt,276,15,0.054774765121338075,
6,XYt,277,15,0.054186930693305366,
6,XYt,278,15,0.05460118886606884,
6,XYt,279,15,0.054287253978739666,
6,XYt,280,15,0.0546039058115561,
6,XYt,281,15,0.05451086911546967,
6,XYt,282,15,0.054862717155006645,
6,XYt,283,15,0.054515943116937034,
6,XYt,284,15,0.0548935361223727,
6,XYt,285,15,0.05494530170463635,
6,XYt,286,15,0.05501869356292899,
6,XYt,287,15,0.05503649323946873,
6,XYt,288,15,0.054578626561200314,
6,XYt,289,15,0.05430731935956881,
6,XYt,290,15,0.054498026650107625,
6,XYt,291,15,0.05508266986781414,
6,XYt,292,15,0.05551721101431775,
6,XYt,293,15,0.05587490886742267,
6,XYt,294,15,0.05536928021297838,
6,XYt,295,15,0.05537850843413136,
6,XYt,296,15,0.054762508424612326,
6,XYt,297,15,0.05472557558298403,
6,XYt,298,15,0.05572454956483027,
6,XYt,299,15,0.05569505763624047,
6,XYt,300,15,0.05530749817725015,
6,XYt,301,15,0.055276942325000446,
6,XYt,302,15,0.05457103607893164,
6,XYt,303,15,0.05475000377551994,
6,XYt,304,15,0.054404621955862556,
6,XYt,305,15,0.055082926160373136,
6,XYt,306,15,0.054626407161531304,
6,XYt,307,15,0.05528594904587739,
6,XYt,308,15,0.05474828849636106,
6,XYt,309,15,0.05593656409793513,
6,XYt,310,15,0.055052737335814006,
6,XYt,311,15,0.05583411446393703,
6,XYt,312,15,0.0546307885470102,
6,XYt,313,15,0.05550098211198097,
6,XYt,314,15,0.053791412865496005,
6,XYt,315,15,0.05434923651532458,
6,XYt,316,15,0.05349811876976772,
6,XYt,317,15,0.05452206274142857,
6,XYt,318,15,0.05264214815041431,
6,XYt,319,15,0.05316305747487877,
6,XYt,320,15,0.05186590344667063,
6,XYt,321,15,0.0530253690157446,
6,XYt,322,15,0.052419325973499964,
6,XYt,323,15,0.056065191594961226,
6,XYt,324,15,0.07266502544195075,
6,XYt,325,15,0.06458080037217495,
6,XYt,326,15,0.08996339258650579,
6,XYt,327,15,0.08029308791808293,
6,XYt,328,15,0.07744718868870226,
6,XYt,329,15,0.0813695732660782,
6,XYt,330,15,0.08216906972174219,
6,XYt,331,15,0.08495972354790927,
6,XYt,332,15,0.08398737623871722,
6,XYt,333,15,0.08521835297111137,
6,XYt,334,15,0.08397857970890633,
6,XYt,335,15,0.08623248849356685,
6,XYt,336,15,0.08584368081273915,
6,XYt,337,15,0.08744303655952639,
6,XYt,338,15,0.0855949466744974,
6,XYt,339,15,0.08634071639226666,
6,XYt,340,15,0.08469299714272283,
6,XYt,341,15,0.08690158835718438,
6,XYt,342,15,0.08508573123627448,
6,XYt,343,15,0.08652386712838071,
6,XYt,344,15,0.08436480882233247,
6,XYt,345,15,0.08568021404852429,
6,XYt,346,15,0.0835951449894112,
6,XYt,347,15,0.08265241995133422,
6,XYt,348,15,0.08126276326028413,
6,XYt,349,15,0.08313778376813229,
6,XYt,350,15,0.08163394811242258,
6,XYt,351,15,0.08247802773066551,
6,XYt,352,15,0.08021087253261878,
6,XYt,353,15,0.08072344472854241,
6,XYt,354,15,0.07823254830919896,
6,XYt,355,15,0.07922091929791805,
6,XYt,356,15,0.07668604539149199,
6,XYt,357,15,0.07730892042151123,
6,XYt,358,15,0.07387343318831766,
6,XYt,359,15,0.07343675981250662,
6,XYt,360,15,0.07032819561648189,
6,XYt,361,15,0.06905565018142752,
6,XYt,362,15,0.07191809707589011,
6,XYt,363,15,0.08342989263310828,
6,XYt,364,15,0.14096387253773446,
6,XYt,365,15,0.15824314102448547,
6,XYt,366,15,0.16566261324458462,
6,XYt,367,15,0.1722518850903364,
6,XYt,368,15,0.17286275549732386,
6,XYt,369,15,0.176027011086173,
6,XYt,370,15,0.1748434449872973,
6,XYt,371,15,0.17590687186015413,
6,XYt,372,15,0.1735457261155483,
6,XYt,373,15,0.17352158484103825,
6,XYt,374,15,0.17047501508451612,
6,XYt,375,15,0.16989661965579508,
6,XYt,376,15,0.16733494338621635,
6,XYt,377,15,0.16645599880901216,
6,XYt,378,15,0.16225979746934277,
6,XYt,379,15,0.16075814367565752,
6,XYt,380,15,0.15793520748403883,
6,XYt,381,15,0.1586175391175743,
6,XYt,382,15,0.15676087656058085,
6,XYt,383,15,0.15758199307736592,
6,XYt,384,15,0.15905614350389716,
6,XYt,385,15,0.15683596747150408,
6,XYt,386,15,0.15318238165228035,
6,XYt,387,15,0.15475565180055884,
6,XYt,388,15,0.15459688532415272,
6,XYt,389,15,0.15522347560255043,
6,XYt,390,15,0.15371333189864797,
6,XYt,391,15,0.15458764750048684,
6,XYt,392,15,0.15316596119000706,
6,XYt,393,15,0.15450666798080762,
6,XYt,394,15,0.15387365145522594,
6,XYt,395,15,0.15567699930876241,
6,XYt,396,15,0.15546807857727082,
6,XYt,397,15,0.15774871684016734,
6,XYt,398,15,0.1571596365568875,
6,XYt,399,15,0.15714855876896502,
6,XYt,400,15,0.1552392810698595,
6,XYt,401,15,0.1558150547476271,
6,XYt,402,15,0.1550761834645104,
6,XYt,403,15,0.15640290869707105,
6,XYt,404,15,0.156492353588216,
6,XYt,405,15,0.15798589306461897,
6,XYt,406,15,0.15843277117867696,
6,XYt,407,15,0.15990766807530313,
6,XYt,408,15,0.1627011603304119,
6,XYt,409,15,0.16588254063086585,
6,XYt,410,15,0.16266350976564461,
6,XYt,411,15,0.16202766469166527,
6,XYt,412,15,0.16225960718468155,
6,XYt,413,15,0.16399078512049525,
6,XYt,414,15,0.16514095659363778,
6,XYt,415,15,0.16659971787899885,
6,XYt,416,15,0.1687340949841022,
6,XYt,417,15,0.17147347094350707,
6,XYt,418,15,0.17290154311808023,
6,XYt,419,15,0.17450449171859825,
6,XYt,420,15,0.17678814803779347,
6,XYt,421,15,0.1784428305507247,
6,XYt,422,15,0.17959506929479466,
6,XYt,423,15,0.1815709415643701,
6,XYt,424,15,0.18297370396613286,
6,XYt,425,15,0.18539129425091436,
6,XYt,426,15,0.188300891853728,
6,XYt,427,15,0.1892052137210671,
6,XYt,428,15,0.190965159962994,
6,XYt,429,15,0.19347069883434403,
6,XYt,430,15,0.19654591659421244,
6,XYt,431,15,0.19940723646223998,
6,XYt,432,15,0.2028896330600163,
6,XYt,433,15,0.2055253589583305,
6,XYt,434,15,0.2087089280072747,
6,XYt,435,15,0.2131035993891594,
6,XYt,436,15,0.21808414109342594,
6,XYt,437,15,0.22163155827181766,
6,XYt,438,15,0.22444487307713176,
6,XYt,439,15,0.22676214174196271,
6,XYt,440,15,0.23017058984456476,
6,XYt,441,15,0.2323934443862912,
6,XYt,442,15,0.23524336559409886,
6,XYt,443,15,0.2383067687124538,
6,XYt,444,15,0.2410233336390844,
6,XYt,445,15,0.24315773532398938,
6,XYt,446,15,0.2464949775177216,
6,XYt,447,15,0.24862172648843478,
6,XYt,448,15,0.2520231309200327,
6,XYt,449,15,0.2544410394522832,
6,XYt,450,15,0.25789260607995756,
6,XYt,451,15,0.2601741068259525,
6,XYt,452,15,0.2626323348042259,
6,XYt,453,15,0.26385717114242885,
6,XYt,454,15,0.2658970560239815,
6,XYt,455,15,0.2676180676217463,
6,XYt,456,15,0.26755616640197555,
6,XYt,457,15,0.26663877631483246,
6,XYt,458,15,0.2653453924306162,
6,XYt,459,15,0.26319761081313336,
6,XYt,460,15,0.26177553038803875,
6,XYt,461,15,0.2620790647830681,
6,XYt,462,15,0.2753835778302744,
6,XYt,463,15,0.31630569047745477,
6,XYt,464,15,0.37064960451927864,
6,XYt,465,15,0.392437120833233,
6,XYt,466,15,0.34520105334352785,
6,XYt,467,15,0.2289894742279777,
6,XYt,468,15,0.2192659236810512,
6,XYt,469,15,0.24622821309316553,
6,XYt,470,15,0.23940754055153357,
6,XYt,471,15,0.22314995186964315,
6,XYt,472,15,0.20290514283702335,
6,XYt,473,15,0.18148953610839522,
6,XYt,474,15,0.1655144835294017,
6,XYt,475,15,0.15976431058652157,
6,XYt,476,15,0.15677496450385361,
6,XYt,477,15,0.15676533170464482,
6,XYt,478,15,0.15546460171132825,
6,XYt,479,15,0.15566067172083686,
6,XYt,480,15,0.15507290853953204,
6,XYt,481,15,0.15589892008049847,
6,XYt,482,15,0.15582947852101933,
6,XYt,483,15,0.1563436405795589,
6,XYt,484,15,0.1557138724793049,
6,XYt,485,15,0.15687043198751963,
6,XYt,486,15,0.1563366718972514,
6,XYt,487,15,0.1563605219961813,
6,XYt,488,15,0.15629541931961663,
6,XYt,489,15,0.15783714011011374,
6,XYt,490,15,0.1572897962862833,
6,XYt,491,15,0.15727128377472702,
6,XYt,492,15,0.1563266871701483,
6,XYt,493,15,0.15594843262166305,
6,XYt,494,15,0.1554717552941056,
6,XYt,495,15,0.15579393126649252,
6,XYt,496,15,0.15595007647274825,
6,XYt,497,15,0.15623351444862016,
6,XYt,498,15,0.15599962066462464,
6,XYt,499,15,0.15619564687134707,
6,XYt,500,15,0.15630967085522593,
6,XYt,501,15,0.15627038733553614,
6,XYt,502,15,0.15606411538302942,
6,XYt,503,15,0.1558447151006639,
6,XYt,504,15,0.15617930581726952,
6,XYt,505,15,0.15663930918788155,
6,XYt,506,15,0.15741648020969515,
6,XYt,507,15,0.15755546353463087,
6,XYt,508,15,0.15786668779419144,
6,XYt,509,15,0.15759755241194878,
6,XYt,510,15,0.15781620371410351,
6,XYt,511,15,0.15757944173196398,
6,XYt,512,15,0.15819326994764396,
6,XYt,513,15,0.15800303543343405,
6,XYt,514,15,0.15840637065787064,
6,XYt,515,15,0.15776893708220543,
6,XYt,516,15,0.15840196160165787,
6,XYt,517,15,0.1580672494821935,
6,XYt,518,15,0.15869340940283144,
6,XYt,519,15,0.15872783807270877,
6,XYt,520,15,0.15927832430841726,
6,XYt,521,15,0.15892734210047746,
6,XYt,522,15,0.15908418733842983,
6,XYt,523,15,0.15979583623241012,
6,XYt,524,15,0.16326053757731426,
6,XYt,525,15,0.17005580389449543,
6,XYt,526,15,0.1850521574413042,
6,XYt,527,15,0.2066235480061342,
6,XYt,528,15,0.2305177426644574,
6,XYt,529,15,0.24939868907606857,
6,XYt,530,15,0.26392780891467116,
6,XYt,531,15,0.2743458736618824,
6,XYt,532,15,0.2798536902877639,
6,XYt,533,15,0.2672661747556511,
6,XYt,534,15,0.22349699658041744,
6,XYt,535,15,0.2375201767041881,
6,XYt,536,15,0.3654702495839611,
6,XYt,537,15,0.4549849345160107,
6,XYt,538,15,0.49396847559549945,
6,XYt,539,15,0.4945568680404593,
6,XYt,540,15,0.46319437296184945,
6,XYt,541,15,0.4088171567160183,
6,XYt,542,15,0.35324757986175276,
6,XYt,543,15,0.31134158899187586,
6,XYt,544,15,0.28512037712696836,
6,XYt,545,15,0.2728651989702022,
6,XYt,546,15,0.26495226170850533,
6,XYt,547,15,0.25558974022493575,
6,XYt,548,15,0.2504920368132663,
6,XYt,549,15,0.24921621704892338,
6,XYt,550,15,0.24731077168835153,
6,XYt,551,15,0.24443232244167296,
6,XYt,552,15,0.24002193463920551,
6,XYt,553,15,0.23520975347158024,
6,XYt,554,15,0.23145376283100105,
6,XYt,555,15,0.23051150265275994,
6,XYt,556,15,0.23070334268523043,
6,XYt,557,15,0.23032618836951244,
6,XYt,558,15,0.22893064447911285,
6,XYt,559,15,0.22702583607959723,
6,XYt,560,15,0.2247487656857123,
6,XYt,561,15,0.22490432994383447,
6,XYt,562,15,0.22283927568830034,
6,XYt,563,15,0.21828855639077818,
6,XYt,564,15,0.21036791868716156,
6,XYt,565,15,0.20317270236624863,
6,XYt,566,15,0.20094465056681118,
6,XYt,567,15,0.20240885853876106,
6,XYt,568,15,0.2034485018729226,
6,XYt,569,15,0.2036125036430286,
6,XYt,570,15,0.20358532657354986,
6,XYt,571,15,0.20307966266993627,
6,XYt,572,15,0.19933869576448984,
6,XYt,573,15,0.1925632285796669,
6,XYt,574,15,0.1850934919965481,
6,XYt,575,15,0.18070546824154182,
6,XYt,576,15,0.17786805561035518,
6,XYt,577,15,0.17711062101365302,
6,XYt,578,15,0.18076564632178657,
6,XYt,579,15,0.18654308241654777,
6,XYt,580,15,0.1928963147806104,
6,XYt,581,15,0.19775834407400136,
6,XYt,582,15,0.1988049618242173,
6,XYt,583,15,0.19570090383538172,
6,XYt,584,15,0.18995684244835584,
6,XYt,585,15,0.1846988070768171,
6,XYt,586,15,0.17978530307046317,
6,XYt,587,15,0.17321791530321418,
6,XYt,588,15,0.17000706236251864,
6,XYt,589,15,0.17075759821632255,
6,XYt,590,15,0.17532026169620596,
6,XYt,591,15,0.18218316827014588,
6,XYt,592,15,0.18398057111333252,
6,XYt,593,15,0.18411339022507475,
6,XYt,594,15,0.18231293168436682,
6,XYt,595,15,0.17757622019468963,
6,XYt,596,15,0.17180981752399815,
6,XYt,597,15,0.16525773271983693,
6,XYt,598,15,0.1586588971585266,
6,XYt,599,15,0.1525870655879864,
6,XYt,600,15,0.15043353569063778,
6,XYt,601,15,0.15401756945392447,
6,XYt,602,15,0.15869895940756018,
6,XYt,603,15,0.16283007211810133,
6,XYt,604,15,0.16541100104676512,
6,XYt,605,15,0.1660782716612583,
6,XYt,606,15,0.16535070397777782,
6,XYt,607,15,0.16365155590712266,
6,XYt,608,15,0.16193260182039895,
6,XYt,609,15,0.1607919562214496,
6,XYt,610,15,0.15924594771911207,
6,XYt,611,15,0.1562256967599657,
6,XYt,612,15,0.1561533196836062,
6,XYt,613,15,0.15764046811914414,
6,XYt,614,15,0.1631040677533531,
6,XYt,615,15,0.1705830815656772,
6,XYt,616,15,0.17833050731938016,
6,XYt,617,15,0.1838378704166138,
6,XYt,618,15,0.18823067179820555,
6,XYt,619,15,0.18831046003214674,
6,XYt,620,15,0.1883363806924859,
6,XYt,621,15,0.18704248769117568,
6,XYt,622,15,0.18042399694599107,
6,XYt,623,15,0.1715783096207596,
6,XYt,624,15,0.16968039081405786,
6,XYt,625,15,0.16764645433680422,
6,XYt,626,15,0.1777954104647062,
6,XYt,627,15,0.18865104817776676,
6,XYt,628,15,0.1975691873848268,
6,XYt,629,15,0.2017928981620298,
6,XYt,630,15,0.20228438364797985,
6,XYt,631,15,0.20007433960308496,
6,XYt,632,15,0.1932909447094495,
6,XYt,633,15,0.18766919263237675,
6,XYt,634,15,0.18518860183418143,
6,XYt,635,15,0.1816318968347438,
6,XYt,636,15,0.1788940536496111,
6,XYt,637,15,0.1796517247542147,
6,XYt,638,15,0.18448907463196662,
6,XYt,639,15,0.1926434672614598,
6,XYt,640,15,0.20137531359703656,
6,XYt,641,15,0.20884674945124043,
6,XYt,642,15,0.21324452632657942,
6,XYt,643,15,0.21286010671841957,
6,XYt,644,15,0.2092039461080259,
6,XYt,645,15,0.2040036499318879,
6,XYt,646,15,0.19981199469104488,
6,XYt,647,15,0.1995913800545509,
6,XYt,648,15,0.20398930312777291,
6,XYt,649,15,0.2117334835180286,
6,XYt,650,15,0.22226083674891264,
6,XYt,651,15,0.2295372740108233,
6,XYt,652,15,0.22994292380960787,
6,XYt,653,15,0.2280812088633703,
6,XYt,654,15,0.2277072977529529,
6,XYt,655,15,0.22475971937552666,
6,XYt,656,15,0.22389852559236884,
6,XYt,657,15,0.2244712054854855,
6,XYt,658,15,0.22465628056952872,
6,XYt,659,15,0.22723303833045022,
6,XYt,660,15,0.23326147232702554,
6,XYt,661,15,0.24369991766383758,
6,XYt,662,15,0.25834696416647895,
6,XYt,663,15,0.2790194496639594,
6,XYt,664,15,0.30681552906007165,
6,XYt,665,15,0.34938349625502224,
6,XYt,666,15,0.4052181427656392,
6,XYt,667,15,0.4611490470851331,
6,XYt,668,15,0.5087718009984411,
6,XYt,669,15,0.5452631483433947,
6,XYt,670,15,0.5662951324458574,
6,XYt,671,15,0.5738010977442471,
6,XYt,672,15,0.562789092556928,
6,XYt,673,15,0.5294303591005536,
6,XYt,674,15,0.48153684018802795,
6,XYt,675,15,0.41070427685011224,
6,XYt,676,15,0.31756965718491786,
6,XYt,677,15,0.22524180728745424,
6,XYt,678,15,0.20811348882178038,
6,XYt,679,15,0.23038296405117642,
6,XYt,680,15,0.25126345207168654,
6,XYt,681,15,0.26476893773138427,
6,XYt,682,15,0.27200372181519494,
6,XYt,683,15,0.27389483929295116,
6,XYt,684,15,0.27220780860013893,
6,XYt,685,15,0.2669127779592816,
6,XYt,686,15,0.2581900395200427,
6,XYt,687,15,0.2470560572016464,
6,XYt,688,15,0.2348882965210584,
6,XYt,689,15,0.22051267669940658,
6,XYt,690,15,0.2053416891488889,
6,XYt,691,15,0.19067289840950602,
6,XYt,692,15,0.17762753472949624,
6,XYt,693,15,0.16668685364239552,
6,XYt,694,15,0.1595521886810914,
6,XYt,695,15,0.1559684499953118,
6,XYt,696,15,0.15470629548549297,
6,XYt,697,15,0.1541628087338499,
6,XYt,698,15,0.15418616353407433,
6,XYt,699,15,0.15438259115240463,
6,XYt,700,15,0.15481802373500175,
6,XYt,701,15,0.15473697748024925,
6,XYt,702,15,0.15456376124020654,
6,XYt,703,15,0.15443248715178326,
6,XYt,704,15,0.15387325779117228,
6,XYt,705,15,0.15325703594541326,
6,XYt,706,15,0.15408543982519962,
6,XYt,707,15,0.15742849330123238,
6,XYt,708,15,0.16485640391251385,
6,XYt,709,15,0.18366661104227772,
6,XYt,710,15,0.19766714504754188,
6,XYt,711,15,0.25428424241699593,
6,XYt,712,15,0.3167913953767406,
6,XYt,713,15,0.3825757023858727,
6,XYt,714,15,0.43715480821671476,
6,XYt,715,15,0.48009042406035984,
6,XYt,716,15,0.5095977497201192,
6,XYt,717,15,0.5196613216897951,
6,XYt,718,15,0.5242880766639026,
6,XYt,719,15,0.5285858992541196,
6,XYt,720,15,0.5284654418318113,
6,XYt,721,15,0.5232426157082551,
6,XYt,722,15,0.5180480638206973,
6,XYt,723,15,0.5117392781298256,
6,XYt,724,15,0.5136655822185835,
6,XYt,725,15,0.5208659270455226,
6,XYt,726,15,0.5302939968934588,
6,XYt,727,15,0.5217150845204312,
6,YZt,0,15,1.188758083366671,
6,YZt,1,15,0.867511415920094,
6,YZt,2,15,0.9460260411342394,
6,YZt,3,15,1.0304455843954552,
6,YZt,4,15,1.0782043044413383,
6,YZt,5,15,1.054077825901077,
6,YZt,6,15,0.9072679707348295,
6,YZt,7,15,0.9837045485759702,
6,YZt,8,15,0.8072797722739192,
6,YZt,9,15,0.7610009415943473,
6,YZt,10,15,0.68454334559435,
6,YZt,11,15,0.6670902106752572,
6,YZt,12,15,0.623207496133331,
6,YZt,13,15,0.6133699864907403,
6,YZt,14,15,0.5892923290657525,
6,YZt,15,15,0.5672161645308313,
6,YZt,16,15,0.5594557611799503,
6,YZt,17,15,0.5407702216180669,
6,YZt,18,15,0.5403173322244095,
6,YZt,19,15,0.5370962371861807,
6,YZt,20,15,0.5163308609360575,
6,YZt,21,15,0.5170283463367891,
6,YZt,22,15,0.5118037016240955,
6,YZt,23,15,0.4953907033705772,
6,YZt,24,15,0.49650641619805513,
6,YZt,25,15,0.49695353813532794,
6,YZt,26,15,0.4907239060231672,
6,YZt,27,15,0.4777735328638185,
6,YZt,28,15,0.4795123157012135,
6,YZt,29,15,0.4851762465885466,
6,YZt,30,15,0.4697222453154236,
6,YZt,31,15,0.4649543737728702,
6,YZt,32,15,0.46736460031269295,
6,YZt,33,15,0.4621983862772216,
6,YZt,34,15,0.46231618223599696,
6,YZt,35,15,0.4609798320920409,
6,YZt,36,15,0.4589976767788094,
6,YZt,37,15,0.4447122811290054,
6,YZt,38,15,0.4317314345043444,
6,YZt,39,15,0.42244056414809755,
6,YZt,40,15,0.41257971798302884,
6,YZt,41,15,0.39467187130146203,
6,YZt,42,15,0.3778494085820491,
6,YZt,43,15,0.3621110804811172,
6,YZt,44,15,0.35225860494846917,
6,YZt,45,15,0.3401518303218383,
6,YZt,46,15,0.3279609658282373,
6,YZt,47,15,0.31863394730646877,
6,YZt,48,15,0.3123984950773799,
6,YZt,49,15,0.2999158174266865,
6,YZt,50,15,0.29747050814232784,
6,YZt,51,15,0.29365883146886185,
6,YZt,52,15,0.2978715875797294,
6,YZt,53,15,0.29559415536615596,
6,YZt,54,15,0.3029783933633993,
6,YZt,55,15,0.29825411918968897,
6,YZt,56,15,0.30470189950759835,
6,YZt,57,15,0.3141415579213653,
6,YZt,58,15,0.33025202605792986,
6,YZt,59,15,0.3296497017878102,
6,YZt,60,15,0.32323324845900725,
6,YZt,61,15,0.3239835408067047,
6,YZt,62,15,0.3406473089818827,
6,YZt,63,15,0.34739282421990714,
6,YZt,64,15,0.3190752108342834,
6,YZt,65,15,0.28000540566899823,
6,YZt,66,15,0.2396364164163812,
6,YZt,67,15,0.2110614718370497,
6,YZt,68,15,0.20243716199562223,
6,YZt,69,15,0.176876353223662,
6,YZt,70,15,0.1615175267894776,
6,YZt,71,15,0.14947225204077094,
6,YZt,72,15,0.1377079713806276,
6,YZt,73,15,0.13349151187753452,
6,YZt,74,15,0.12736177866729928,
6,YZt,75,15,0.12415682726928913,
6,YZt,76,15,0.1202037773322512,
6,YZt,77,15,0.11747741475886715,
6,YZt,78,15,0.11841536782436347,
6,YZt,79,15,0.11831592255950102,
6,YZt,80,15,0.11891300313380991,
6,YZt,81,15,0.11627377075990673,
6,YZt,82,15,0.11336137539138078,
6,YZt,83,15,0.11289759159379431,
6,YZt,84,15,0.11173678906142889,
6,YZt,85,15,0.11314200524191298,
6,YZt,86,15,0.1135310138593472,
6,YZt,87,15,0.11501642626643946,
6,YZt,88,15,0.11702475314682989,
6,YZt,89,15,0.1173175905739852,
6,YZt,90,15,0.1171750163060178,
6,YZt,91,15,0.11749878921086016,
6,YZt,92,15,0.11789205298847534,
6,YZt,93,15,0.11783096353435529,
6,YZt,94,15,0.11867139824275781,
6,YZt,95,15,0.11633242673367804,
6,YZt,96,15,0.1150948404708825,
6,YZt,97,15,0.11612262125002656,
6,YZt,98,15,0.11884726978679878,
6,YZt,99,15,0.12018733011102513,
6,YZt,100,15,0.12102952921408132,
6,YZt,101,15,0.11961854779620458,
6,YZt,102,15,0.1179486610511641,
6,YZt,103,15,0.1172372547567315,
6,YZt,104,15,0.11891986721613071,
6,YZt,105,15,0.12121922551134524,
6,YZt,106,15,0.12259421573521316,
6,YZt,107,15,0.1256319600536616,
6,YZt,108,15,0.12970874716987804,
6,YZt,109,15,0.13434710596306915,
6,YZt,110,15,0.13395857217777346,
6,YZt,111,15,0.13068083571586162,
6,YZt,112,15,0.1325636790424765,
6,YZt,113,15,0.13873473214229307,
6,YZt,114,15,0.14314605146289056,
6,YZt,115,15,0.14484962490255157,
6,YZt,116,15,0.14601543349643614,
6,YZt,117,15,0.14253885904283048,
6,YZt,118,15,0.13787267683349447,
6,YZt,119,15,0.13629764206979372,
6,YZt,120,15,0.13654371730072934,
6,YZt,121,15,0.13371763357565072,
6,YZt,122,15,0.12937275429621642,
6,YZt,123,15,0.12645822546424348,
6,YZt,124,15,0.12481396162421136,
6,YZt,125,15,0.12464493073352546,
6,YZt,126,15,0.12462896402824315,
6,YZt,127,15,0.1237607979925315,
6,YZt,128,15,0.1232997445472013,
6,YZt,129,15,0.12364582025718852,
6,YZt,130,15,0.12380853753165096,
6,YZt,131,15,0.12481708113038348,
6,YZt,132,15,0.1270527145152266,
6,YZt,133,15,0.1288355081777601,
6,YZt,134,15,0.1314304075230073,
6,YZt,135,15,0.129897986161588,
6,YZt,136,15,0.1307422912133083,
6,YZt,137,15,0.13355648584326482,
6,YZt,138,15,0.13589339628035602,
6,YZt,139,15,0.13711841802117847,
6,YZt,140,15,0.1364926872490567,
6,YZt,141,15,0.136594717665769,
6,YZt,142,15,0.1359603774674339,
6,YZt,143,15,0.13609701122192336,
6,YZt,144,15,0.13585392359875692,
6,YZt,145,15,0.13489347454807268,
6,YZt,146,15,0.1324878220017624,
6,YZt,147,15,0.1289159259147048,
6,YZt,148,15,0.12692979432439153,
6,YZt,149,15,0.1271983665950558,
6,YZt,150,15,0.12633910863213102,
6,YZt,151,15,0.1260603241824566,
6,YZt,152,15,0.12773057405699242,
6,YZt,153,15,0.1298796670194265,
6,YZt,154,15,0.13399123972745353,
6,YZt,155,15,0.13742384596469256,
6,YZt,156,15,0.13868601028100214,
6,YZt,157,15,0.14052234845885486,
6,YZt,158,15,0.14118036088785968,
6,YZt,159,15,0.14250740970406517,
6,YZt,160,15,0.1417676236794515,
6,YZt,161,15,0.13955521734002296,
6,YZt,162,15,0.13645216898821733,
6,YZt,163,15,0.13261400419189068,
6,YZt,164,15,0.1296447919426158,
6,YZt,165,15,0.13067039214461118,
6,YZt,166,15,0.128070783893874,
6,YZt,167,15,0.12609023863946434,
6,YZt,168,15,0.12342312454721653,
6,YZt,169,15,0.12050079444205991,
6,YZt,170,15,0.11838505166871967,
6,YZt,171,15,0.11632726406456873,
6,YZt,172,15,0.11631857328449303,
6,YZt,173,15,0.12075039042449522,
6,YZt,174,15,0.1263631586670746,
6,YZt,175,15,0.12567917825096744,
6,YZt,176,15,0.12189009756882097,
6,YZt,177,15,0.11752720513506734,
6,YZt,178,15,0.11738331150711523,
6,YZt,179,15,0.12038730431524042,
6,YZt,180,15,0.1257436284063165,
6,YZt,181,15,0.13235795481246232,
6,YZt,182,15,0.1399623037217942,
6,YZt,183,15,0.14939456961493613,
6,YZt,184,15,0.16417090743175494,
6,YZt,185,15,0.18794104031887024,
6,YZt,186,15,0.22232695933915825,
6,YZt,187,15,0.2250867183063463,
6,YZt,188,15,0.27116497834211445,
6,YZt,189,15,0.34342848870674403,
6,YZt,190,15,0.38514274752102273,
6,YZt,191,15,0.4395032681917113,
6,YZt,192,15,0.43696390007255403,
6,YZt,193,15,0.4455452182600135,
6,YZt,194,15,0.4560713289461198,
6,YZt,195,15,0.4748172706432676,
6,YZt,196,15,0.48514426940065025,
6,YZt,197,15,0.4739049036140305,
6,YZt,198,15,0.47227476981682637,
6,YZt,199,15,0.4744289182792149,
6,YZt,200,15,0.468491319295636,
6,YZt,201,15,0.47099986484353273,
6,YZt,202,15,0.4689561633842603,
6,YZt,203,15,0.466485826494026,
6,YZt,204,15,0.45849700949721334,
6,YZt,205,15,0.4621700466651782,
6,YZt,206,15,0.4599502969921998,
6,YZt,207,15,0.4659238479688683,
6,YZt,208,15,0.45935603094867095,
6,YZt,209,15,0.46347473735927625,
6,YZt,210,15,0.46268993371028233,
6,YZt,211,15,0.4705163309789929,
6,YZt,212,15,0.46633945614026756,
6,YZt,213,15,0.4625969720431029,
6,YZt,214,15,0.4687465923741366,
6,YZt,215,15,0.4711282725072032,
6,YZt,216,15,0.46488614281184926,
6,YZt,217,15,0.4663725584651176,
6,YZt,218,15,0.4706787712690352,
6,YZt,219,15,0.4779050079125489,
6,YZt,220,15,0.47622212008615095,
6,YZt,221,15,0.47321506083540155,
6,YZt,222,15,0.476549752910387,
6,YZt,223,15,0.4832696216499427,
6,YZt,224,15,0.47939335983931347,
6,YZt,225,15,0.4770757089096555,
6,YZt,226,15,0.4800866793155941,
6,YZt,227,15,0.4842216461762862,
6,YZt,228,15,0.478546193745126,
6,YZt,229,15,0.47785291178996364,
6,YZt,230,15,0.4910767487034123,
6,YZt,231,15,0.4881683236295781,
6,YZt,232,15,0.4872678722488706,
6,YZt,233,15,0.49517049192665125,
6,YZt,234,15,0.4993550351789131,
6,YZt,235,15,0.4987901367123526,
6,YZt,236,15,0.5022571292415335,
6,YZt,237,15,0.5144033388202798,
6,YZt,238,15,0.5165882293614645,
6,YZt,239,15,0.5198300369331393,
6,YZt,240,15,0.5386944608859067,
6,YZt,241,15,0.5381504548907196,
6,YZt,242,15,0.5418713717822753,
6,YZt,243,15,0.5582638757301892,
6,YZt,244,15,0.5639702322684298,
6,YZt,245,15,0.585368039929293,
6,YZt,246,15,0.6095572153472881,
6,YZt,247,15,0.6180666653857356,
6,YZt,248,15,0.6612453031092925,
6,YZt,249,15,0.6765783910874418,
6,YZt,250,15,0.7522748091072236,
6,YZt,251,15,0.7933588524069857,
6,YZt,252,15,0.964991916661165,
6,YZt,253,15,0.8942397167032138,
6,YZt,254,15,1.0404094383989053,
6,YZt,255,15,1.0586541154853133,
6,YZt,256,15,1.0074950914921048,
6,YZt,257,15,0.9231269647226105,
6,YZt,258,15,0.8466580828501593,
6,YZt,259,15,1.2074983773025658,
6,XZt,0,15,1.2750817495589915,
6,XZt,1,15,0.9008129445983523,
6,XZt,2,15,0.9655893904602659,
6,XZt,3,15,1.0412835223808363,
6,XZt,4,15,1.0891864512141487,
6,XZt,5,15,1.0621228861359349,
6,XZt,6,15,0.9144535939668498,
6,XZt,7,15,0.9554133999736999,
6,XZt,8,15,0.7972900626584533,
6,XZt,9,15,0.7634565879011845,
6,XZt,10,15,0.6888367965136021,
6,XZt,11,15,0.6719717063901295,
6,XZt,12,15,0.6282711621536679,
6,XZt,13,15,0.613853999422015,
6,XZt,14,15,0.5960245035204534,
6,XZt,15,15,0.570388599987707,
6,XZt,16,15,0.5640494702758925,
6,XZt,17,15,0.5468696586681308,
6,XZt,18,15,0.5467922808191678,
6,XZt,19,15,0.5482248944973396,
6,XZt,20,15,0.5323124273459313,
6,XZt,21,15,0.5267252773836996,
6,XZt,22,15,0.522225243832864,
6,XZt,23,15,0.5103721528120215,
6,XZt,24,15,0.5118312004407374,
6,XZt,25,15,0.5137316506491465,
6,XZt,52,15,0.4712879180941122,
6,XZt,53,15,0.46474650144334206,
6,XZt,54,15,0.4646020122863968,
6,XZt,55,15,0.4533108655838479,
6,XZt,56,15,0.45307429269106186,
6,XZt,57,15,0.4528295053803732,
6,XZt,58,15,0.45007901404788503,
6,XZt,59,15,0.4345012304830983,
6,XZt,60,15,0.42718119177076436,
6,XZt,61,15,0.4224784360674794,
6,XZt,62,15,0.4146070930911543,
6,XZt,63,15,0.4058076924193982,
6,XZt,64,15,0.3945446273589917,
6,XZt,65,15,0.3868006129486664,
6,XZt,66,15,0.3781526662393191,
6,XZt,67,15,0.357502337329895,
6,XZt,68,15,0.3408717377063117,
6,XZt,69,15,0.31452535655446306,
6,XZt,70,15,0.2943102337003407,
6,XZt,71,15,0.27849988560695643,
6,XZt,72,15,0.26105988013439113,
6,XZt,73,15,0.2440421951691844,
6,XZt,74,15,0.22521367964447045,
6,XZt,75,15,0.21313402190873493,
6,XZt,76,15,0.20034031592355545,
6,XZt,77,15,0.18921612969835033,
6,XZt,26,15,0.5083076609607736,
6,XZt,27,15,0.49917637968993667,
6,XZt,28,15,0.5021896147290407,
6,XZt,29,15,0.505796381108581,
6,XZt,30,15,0.4963156118252853,
6,XZt,31,15,0.49480943953204937,
6,XZt,32,15,0.50010331878234,
6,XZt,33,15,0.4991008128794395,
6,XZt,34,15,0.49988974185585694,
6,XZt,35,15,0.4991489911372397,
6,XZt,36,15,0.5059500930177047,
6,XZt,37,15,0.5016259108247033,
6,XZt,38,15,0.4965153382686594,
6,XZt,39,15,0.4975561380846322,
6,XZt,40,15,0.501205632525248,
6,XZt,41,15,0.4941983117447169,
6,XZt,42,15,0.4921449726563497,
6,XZt,43,15,0.4877961433942257,
6,XZt,44,15,0.4899987849893533,
6,XZt,45,15,0.4878972989294199,
6,XZt,46,15,0.48091410587959815,
6,XZt,47,15,0.4819228355118002,
6,XZt,48,15,0.4848807754559399,
6,XZt,49,15,0.47804067979510334,
6,XZt,50,15,0.4718321029920281,
6,XZt,51,15,0.4684536715954214,
6,XZt,78,15,0.1803202682878713,
6,XZt,79,15,0.17006529539342422,
6,XZt,80,15,0.1631205024065379,
6,XZt,81,15,0.1571827256160044,
6,XZt,82,15,0.1507329743285169,
6,XZt,83,15,0.1478087621661394,
6,XZt,84,15,0.14359548611062942,
6,XZt,85,15,0.1407710008207969,
6,XZt,86,15,0.13700579545826322,
6,XZt,87,15,0.13608951616607148,
6,XZt,88,15,0.13599693199166107,
6,XZt,89,15,0.13328636715517186,
6,XZt,90,15,0.13051078594955062,
6,XZt,91,15,0.12995091978448145,
6,XZt,92,15,0.12891244164818955,
6,XZt,93,15,0.1271657479685855,
6,XZt,94,15,0.12622900583724178,
6,XZt,95,15,0.12351806692787821,
6,XZt,96,15,0.1228808374735873,
6,XZt,97,15,0.12128699741087198,
6,XZt,98,15,0.12084445278783955,
6,XZt,99,15,0.11924535786457253,
6,XZt,100,15,0.11706885522621419,
6,XZt,101,15,0.11487645944625251,
6,XZt,102,15,0.11342243338531939,
6,XZt,103,15,0.11196072479823146,
6,XZt,104,15,0.11171761421834052,
6,XZt,105,15,0.1094705832172915,
6,XZt,106,15,0.10754909981404834,
6,XZt,107,15,0.10628433048298806,
6,XZt,108,15,0.105083243916831,
6,XZt,109,15,0.10566721821027908,
6,XZt,110,15,0.1055079988475163,
6,XZt,111,15,0.104387425902327,
6,XZt,112,15,0.10418474282997332,
6,XZt,113,15,0.10279888387432917,
6,XZt,114,15,0.10401677500665067,
6,XZt,115,15,0.1043013749480297,
6,XZt,116,15,0.10534434951911208,
6,XZt,117,15,0.10425107206911954,
6,XZt,118,15,0.10291129000896497,
6,XZt,119,15,0.10282954982706956,
6,XZt,120,15,0.10289601146906972,
6,XZt,121,15,0.10267592443144277,
6,XZt,122,15,0.10339365281756645,
6,XZt,123,15,0.10248048985664632,
6,XZt,124,15,0.10127468609473411,
6,XZt,125,15,0.10214037582320738,
6,XZt,126,15,0.1017316426746261,
6,XZt,127,15,0.10188298083299174,
6,XZt,128,15,0.10160512809386539,
6,XZt,129,15,0.1029283557112172,
6,XZt,130,15,0.10206916137129975,
6,XZt,131,15,0.10140815465792109,
6,XZt,132,15,0.1019195725624925,
6,XZt,133,15,0.10154547573086817,
6,XZt,134,15,0.10300561312900038,
6,XZt,135,15,0.10289599912618613,
6,XZt,136,15,0.10394162043845832,
6,XZt,137,15,0.1052043942961658,
6,XZt,138,15,0.10521909229561281,
6,XZt,139,15,0.10524451552105013,
6,XZt,140,15,0.10504338937609875,
6,XZt,141,15,0.10539504315896212,
6,XZt,142,15,0.10722416128123731,
6,XZt,143,15,0.10882522978438015,
6,XZt,144,15,0.10838292799392714,
6,XZt,145,15,0.10745550158014877,
6,XZt,146,15,0.10693532819338764,
6,XZt,147,15,0.10712044247631497,
6,XZt,148,15,0.10904511264039196,
6,XZt,149,15,0.11096459537910904,
6,XZt,150,15,0.11287278502273332,
6,XZt,151,15,0.11360474789227322,
6,XZt,152,15,0.11495390931180864,
6,XZt,153,15,0.11761537907609057,
6,XZt,154,15,0.12055672669165399,
6,XZt,155,15,0.12397172657683547,
6,XZt,156,15,0.12604680896411422,
6,XZt,157,15,0.1279020171809324,
6,XZt,158,15,0.12997620510256883,
6,XZt,159,15,0.1329920811379296,
6,XZt,160,15,0.13581567230242045,
6,XZt,161,15,0.13725093678580103,
6,XZt,162,15,0.13824006645629155,
6,XZt,163,15,0.14085564508651366,
6,XZt,164,15,0.1440621638364302,
6,XZt,165,15,0.14827377223976582,
6,XZt,166,15,0.14902955268628995,
6,XZt,167,15,0.15022321543607606,
6,XZt,168,15,0.1522164290763782,
6,XZt,169,15,0.15534029266946675,
6,XZt,170,15,0.15760710341855053,
6,XZt,171,15,0.16121262763431995,
6,XZt,172,15,0.16062110262138135,
6,XZt,173,15,0.16101712869815044,
6,XZt,174,15,0.16353113828512472,
6,XZt,175,15,0.16381348809039142,
6,XZt,176,15,0.16605392040911968,
6,XZt,177,15,0.16397439548966616,
6,XZt,178,15,0.16330113926923034,
6,XZt,179,15,0.16315729570432486,
6,XZt,180,15,0.16140059713542934,
6,XZt,181,15,0.16350891543527174,
6,XZt,182,15,0.1617470090486524,
6,XZt,183,15,0.1627185712062938,
6,XZt,184,15,0.16470705847060463,
6,XZt,185,15,0.16798756355590305,
6,XZt,186,15,0.17528017136152502,
6,XZt,187,15,0.1796363459533236,
6,XZt,188,15,0.1891193570855379,
6,XZt,189,15,0.19277303792097725,
6,XZt,190,15,0.1992755892385493,
6,XZt,191,15,0.20664082168422035,
6,XZt,192,15,0.21208760238601954,
6,XZt,193,15,0.22331765766045794,
6,XZt,194,15,0.22700945342110004,
6,XZt,195,15,0.23318933737840392,
6,XZt,196,15,0.2374717261672335,
6,XZt,197,15,0.24164441149395152,
6,XZt,198,15,0.24160872793134355,
6,XZt,199,15,0.2396603068364281,
6,XZt,200,15,0.24004716093430817,
6,XZt,201,15,0.24311696605338384,
6,XZt,202,15,0.2400470655081615,
6,XZt,203,15,0.23906143457505669,
6,XZt,204,15,0.23567220663871458,
6,XZt,205,15,0.2384853968381565,
6,XZt,206,15,0.23744066992674298,
6,XZt,207,15,0.23952754350752598,
6,XZt,208,15,0.23424874057740652,
6,XZt,209,15,0.23501290191795082,
6,XZt,210,15,0.2396665190083293,
6,XZt,211,15,0.2501231086994642,
6,XZt,212,15,0.25140640817869636,
6,XZt,213,15,0.2574788801875193,
6,XZt,214,15,0.2738920062092384,
6,XZt,215,15,0.287787828524561,
6,XZt,216,15,0.3011678835036372,
6,XZt,217,15,0.32516603192173354,
6,XZt,218,15,0.3530083548557168,
6,XZt,219,15,0.38396892516405695,
6,XZt,220,15,0.404200229952445,
6,XZt,221,15,0.4263446916468225,
6,XZt,222,15,0.4497009324291217,
6,XZt,223,15,0.47215478168159714,
6,XZt,224,15,0.4795723789575248,
6,XZt,225,15,0.48618798233592064,
6,XZt,226,15,0.490102705034437,
6,XZt,227,15,0.4958215661846871,
6,XZt,228,15,0.49561936867144946,
6,XZt,229,15,0.4988661441607045,
6,XZt,230,15,0.5077893014492231,
6,XZt,231,15,0.5043589343386632,
6,XZt,232,15,0.49932809689176033,
6,XZt,233,15,0.5099661153736349,
6,XZt,234,15,0.5160009727086942,
6,XZt,235,15,0.5130607594598886,
6,XZt,236,15,0.510896464415851,
6,XZt,237,15,0.5272372861151519,
6,XZt,238,15,0.5274197338097414,
6,XZt,239,15,0.5315602842366374,
6,XZt,240,15,0.5512934111862648,
6,XZt,241,15,0.5452390658634785,
6,XZt,242,15,0.5500150282568581,
6,XZt,243,15,0.5619949343023296,
6,XZt,244,15,0.5702554050317667,
6,XZt,245,15,0.5941815858925545,
6,XZt,246,15,0.6135357120890593,
6,XZt,247,15,0.6285148933503509,
6,XZt,248,15,0.6700529512736254,
6,XZt,249,15,0.6850391009264737,
6,XZt,250,15,0.7602679427724923,
6,XZt,251,15,0.7957809730238805,
6,XZt,252,15,0.9540250771166502,
6,XZt,253,15,0.9148716114694153,
6,XZt,254,15,1.0616123149244538,
6,XZt,255,15,1.0870856594651783,
6,XZt,256,15,1.0513187024965953,
6,XZt,257,15,0.9751974120658791,
6,XZt,258,15,0.9028006490462525,
6,XZt,259,15,1.2762560289696994,
7,XYt,0,15,0.3180314440722921,
7,XYt,1,15,0.34212123167719977,
7,XYt,2,15,0.3293494623643699,
7,XYt,3,15,0.30378958280540364,
7,XYt,4,15,0.287353835298503,
7,XYt,5,15,0.26751014394958816,
7,XYt,6,15,0.2447901171338946,
7,XYt,7,15,0.22567964637577206,
7,XYt,8,15,0.21019463087763382,
7,XYt,9,15,0.19590795548160644,
7,XYt,10,15,0.1792127558727483,
7,XYt,11,15,0.1624811351765272,
7,XYt,12,15,0.1476681850706748,
7,XYt,13,15,0.1363624621056891,
7,XYt,14,15,0.1272571620899301,
7,XYt,15,15,0.12042947687200012,
7,XYt,16,15,0.10917962530258517,
7,XYt,17,15,0.10747981965865724,
7,XYt,18,15,0.10574624530822205,
7,XYt,19,15,0.0930706790499073,
7,XYt,20,15,0.08271327138872446,
7,XYt,21,15,0.07697062158294071,
7,XYt,22,15,0.07547838589613434,
7,XYt,23,15,0.0770043347976901,
7,XYt,24,15,0.08024209625390019,
7,XYt,25,15,0.08483183777549937,
7,XYt,26,15,0.09051730792370657,
7,XYt,27,15,0.09765281416836738,
7,XYt,28,15,0.10551480956219432,
7,XYt,29,15,0.11449397357759554,
7,XYt,30,15,0.12293623313622729,
7,XYt,31,15,0.13075331701123644,
7,XYt,32,15,0.13570120933192154,
7,XYt,33,15,0.13665991779491232,
7,XYt,34,15,0.13228069867401102,
7,XYt,35,15,0.12101487736647068,
7,XYt,36,15,0.09998935261703787,
7,XYt,37,15,0.06891061097152962,
7,XYt,38,15,0.06638256157161071,
7,XYt,39,15,0.1369255417948427,
7,XYt,40,15,0.27501163069848694,
7,XYt,41,15,0.4777000169901932,
7,XYt,42,15,0.7520652846096806,
7,XYt,43,15,1.0708014963235373,
7,XYt,44,15,1.3188881528404175,
7,XYt,45,15,1.4655986715442448,
7,XYt,46,15,1.483203965026241,
7,XYt,47,15,1.3773304322981084,
7,XYt,48,15,1.236213217050985,
7,XYt,49,15,1.0918985453754044,
7,XYt,50,15,0.9550504163948011,
7,XYt,51,15,0.8283605823115329,
7,XYt,52,15,0.7112762100433745,
7,XYt,53,15,0.5998881135248855,
7,XYt,54,15,0.4860098364637466,
7,XYt,55,15,0.3685287367624748,
7,XYt,56,15,0.25639744214633836,
7,XYt,57,15,0.16939681985789046,
7,XYt,58,15,0.11710043707925519,
7,XYt,59,15,0.09323725839554807,
7,XYt,60,15,0.08617879051693596,
7,XYt,61,15,0.0849367017886164,
7,XYt,62,15,0.08497320632019809,
7,XYt,63,15,0.08675577346081112,
7,XYt,64,15,0.0896594932354202,
7,XYt,65,15,0.09255935947899427,
7,XYt,66,15,0.09419749378867756,
7,XYt,67,15,0.09513786326532328,
7,XYt,68,15,0.09514013906728247,
7,XYt,69,15,0.0953339136528893,
7,XYt,70,15,0.0959427462481092,
7,XYt,71,15,0.09656393025473076,
7,XYt,72,15,0.09815699024242938,
7,XYt,73,15,0.09970058053116147,
7,XYt,74,15,0.10185108945152237,
7,XYt,75,15,0.10341966404286332,
7,XYt,76,15,0.10432852089824712,
7,XYt,77,15,0.10375325047931865,
7,XYt,78,15,0.10156933049258572,
7,XYt,79,15,0.09785257284969123,
7,XYt,80,15,0.09294595184359591,
7,XYt,81,15,0.0880172224917962,
7,XYt,82,15,0.08330161465629514,
7,XYt,83,15,0.07806148969631287,
7,XYt,84,15,0.07352333897323862,
7,XYt,85,15,0.06955109653553053,
7,XYt,86,15,0.06663592066663165,
7,XYt,87,15,0.06534247241451098,
7,XYt,88,15,0.06582137033006867,
7,XYt,89,15,0.06647772163367209,
7,XYt,90,15,0.06665069881325579,
7,XYt,91,15,0.06633049910720581,
7,XYt,92,15,0.06519515972992246,
7,XYt,93,15,0.06443737522183093,
7,XYt,94,15,0.06376152196188997,
7,XYt,95,15,0.06370916307624354,
7,XYt,96,15,0.0646077531772687,
7,XYt,97,15,0.06493224901278931,
7,XYt,98,15,0.0654553494350083,
7,XYt,99,15,0.06525219780872657,
7,XYt,100,15,0.06473409502407627,
7,XYt,101,15,0.06408139133315435,
7,XYt,102,15,0.06399716203031013,
7,XYt,103,15,0.06349629179471772,
7,XYt,104,15,0.06287536170367225,
7,XYt,105,15,0.06225664867839988,
7,XYt,106,15,0.062098639645586824,
7,XYt,107,15,0.06187622028925771,
7,XYt,108,15,0.06216884175978021,
7,XYt,109,15,0.06246971531205541,
7,XYt,110,15,0.06294799758078788,
7,XYt,111,15,0.06328347715763455,
7,XYt,112,15,0.06395922958085898,
7,XYt,113,15,0.0652533618033154,
7,XYt,114,15,0.06651851617242406,
7,XYt,115,15,0.06774366788880323,
7,XYt,116,15,0.06801275887992712,
7,XYt,117,15,0.06735216887286818,
7,XYt,118,15,0.06734910573601251,
7,XYt,119,15,0.06912509998022529,
7,XYt,120,15,0.06736073840702195,
7,XYt,121,15,0.06841483909705634,
7,XYt,122,15,0.06942113873388966,
7,XYt,123,15,0.06896291132385364,
7,XYt,124,15,0.06827862979844164,
7,XYt,125,15,0.0683014558632814,
7,XYt,126,15,0.06758138433046945,
7,XYt,127,15,0.06680093214088398,
7,XYt,128,15,0.06528917072511564,
7,XYt,129,15,0.06581881106900848,
7,XYt,130,15,0.06702560440211859,
7,XYt,131,15,0.06960850509462271,
7,XYt,132,15,0.07287295558900855,
7,XYt,133,15,0.07733648237002007,
7,XYt,134,15,0.08243898157127016,
7,XYt,135,15,0.08763196514891335,
7,XYt,136,15,0.09290281185001863,
7,XYt,137,15,0.09644793554380034,
7,XYt,138,15,0.09903703629199279,
7,XYt,139,15,0.10055231908793116,
7,XYt,140,15,0.10067011292122634,
7,XYt,141,15,0.0999563831620573,
7,XYt,142,15,0.09854692547212013,
7,XYt,143,15,0.09642099239755046,
7,XYt,144,15,0.09360265331935909,
7,XYt,145,15,0.08989122155926138,
7,XYt,146,15,0.08690706084158367,
7,XYt,147,15,0.08534842129263927,
7,XYt,148,15,0.08457332399221817,
7,XYt,149,15,0.08514225268193705,
7,XYt,150,15,0.08719813451511786,
7,XYt,151,15,0.0896962627319315,
7,XYt,152,15,0.09320035853692207,
7,XYt,153,15,0.09643859962858822,
7,XYt,154,15,0.09893504560911463,
7,XYt,155,15,0.10032559138061282,
7,XYt,156,15,0.10108382347294234,
7,XYt,157,15,0.09994965104542407,
7,XYt,158,15,0.0978123898009525,
7,XYt,159,15,0.09274269643469847,
7,XYt,160,15,0.08672033755766696,
7,XYt,161,15,0.08096478489022375,
7,XYt,162,15,0.07542895030705109,
7,XYt,163,15,0.07124516764482197,
7,XYt,164,15,0.06814215318098577,
7,XYt,165,15,0.06493749567922608,
7,XYt,166,15,0.0633482896485112,
7,XYt,167,15,0.06327355967967892,
7,XYt,168,15,0.06440818371171854,
7,XYt,169,15,0.0646774746119134,
7,XYt,170,15,0.06467184217323635,
7,XYt,171,15,0.06378137714002068,
7,XYt,172,15,0.06349130144666738,
7,XYt,173,15,0.06371863040526875,
7,XYt,174,15,0.06438763956184851,
7,XYt,175,15,0.06552229253025733,
7,XYt,176,15,0.06717033579440512,
7,XYt,177,15,0.0680678676515671,
7,XYt,178,15,0.06816986520626969,
7,XYt,179,15,0.06807265392795474,
7,XYt,180,15,0.0673132817907655,
7,XYt,181,15,0.06671360361808826,
7,XYt,182,15,0.06547975873637761,
7,XYt,183,15,0.06472713634399727,
7,XYt,184,15,0.06415357456062389,
7,XYt,185,15,0.0639602334427035,
7,XYt,186,15,0.0636704576461088,
7,XYt,187,15,0.0635632147249287,
7,XYt,188,15,0.06359765920221608,
7,XYt,189,15,0.0639696850196482,
7,XYt,190,15,0.06405703480113611,
7,XYt,191,15,0.06386091342578712,
7,XYt,192,15,0.06367104436492821,
7,XYt,193,15,0.06448635444187012,
7,XYt,194,15,0.0661704334632391,
7,XYt,195,15,0.06900164355330815,
7,XYt,196,15,0.07155293853113247,
7,XYt,197,15,0.07356386500830939,
7,XYt,198,15,0.0736398714738732,
7,XYt,199,15,0.07519893214063747,
7,XYt,200,15,0.07258843873989114,
7,XYt,201,15,0.07081983095207237,
7,XYt,202,15,0.06919439307348375,
7,XYt,203,15,0.06687810665669315,
7,XYt,204,15,0.06552662890376586,
7,XYt,205,15,0.06445539555302059,
7,XYt,206,15,0.06447741887883668,
7,XYt,207,15,0.06494983309358145,
7,XYt,208,15,0.06506976702581956,
7,XYt,209,15,0.0657742159307227,
7,XYt,210,15,0.06759145588455784,
7,XYt,211,15,0.0687470278069013,
7,XYt,212,15,0.06928229974598567,
7,XYt,213,15,0.06980078126381717,
7,XYt,214,15,0.0707045346077571,
7,XYt,215,15,0.07288436644374223,
7,XYt,216,15,0.07602694718641098,
7,XYt,217,15,0.08057916573551271,
7,XYt,218,15,0.08405412418179228,
7,XYt,219,15,0.08640786375403665,
7,XYt,220,15,0.08774564237117916,
7,XYt,221,15,0.08991091276854288,
7,XYt,222,15,0.09036589804642627,
7,XYt,223,15,0.09012809502833233,
7,XYt,224,15,0.08814079431788575,
7,XYt,225,15,0.08636352235662867,
7,XYt,226,15,0.0843037580721636,
7,XYt,227,15,0.08394918472000129,
7,XYt,228,15,0.08315678049278218,
7,XYt,229,15,0.08390002214450581,
7,XYt,230,15,0.08362902273069439,
7,XYt,231,15,0.08503643321664843,
7,XYt,232,15,0.08631820715752564,
7,XYt,233,15,0.08784976561126649,
7,XYt,234,15,0.08889783509896873,
7,XYt,235,15,0.09166772616620739,
7,XYt,236,15,0.0930457896605,
7,XYt,237,15,0.09366900100151923,
7,XYt,238,15,0.09351107811762063,
7,XYt,239,15,0.0939824891646174,
7,XYt,240,15,0.0936060142665135,
7,XYt,241,15,0.09262756897464013,
7,XYt,242,15,0.09170759611666193,
7,XYt,243,15,0.09110614096409404,
7,XYt,244,15,0.09057945814811286,
7,XYt,245,15,0.09028724774513738,
7,XYt,246,15,0.09063395405426636,
7,XYt,247,15,0.09180237928456189,
7,XYt,248,15,0.09412911564610321,
7,XYt,249,15,0.09646993348371101,
7,XYt,250,15,0.09994687811899637,
7,XYt,251,15,0.10471980840231579,
7,XYt,252,15,0.11241907944991801,
7,XYt,253,15,0.12361948699409953,
7,XYt,254,15,0.14011294606407107,
7,XYt,255,15,0.15574504566951644,
7,XYt,256,15,0.15130856951959828,
7,XYt,257,15,0.12399027401412824,
7,XYt,258,15,0.07703482295691605,
7,XYt,259,15,0.08115597279442016,
7,XYt,260,15,0.07787785066067351,
7,XYt,261,15,0.06240122836189011,
7,XYt,262,15,0.058503754333894584,
7,XYt,263,15,0.059199935530013965,
7,XYt,264,15,0.060388014891301016,
7,XYt,265,15,0.059728716374965234,
7,XYt,266,15,0.06141262505480244,
7,XYt,267,15,0.0627102317903493,
7,XYt,268,15,0.06449726749482121,
7,XYt,269,15,0.06550210263037234,
7,XYt,270,15,0.06674137358288454,
7,XYt,271,15,0.06647937385612135,
7,XYt,272,15,0.06647036628802352,
7,XYt,273,15,0.06671764094743336,
7,XYt,274,15,0.06720304470187706,
7,XYt,275,15,0.06758450211824363,
7,XYt,276,15,0.06768355938017788,
7,XYt,277,15,0.06780755957272892,
7,XYt,278,15,0.06790527704841415,
7,XYt,279,15,0.06793587782104102,
7,XYt,280,15,0.06770611025253218,
7,XYt,281,15,0.0677838656713155,
7,XYt,282,15,0.0676725593150819,
7,XYt,283,15,0.06781757082906925,
7,XYt,284,15,0.06789271318376422,
7,XYt,285,15,0.06804704479649738,
7,XYt,286,15,0.06779984687704299,
7,XYt,287,15,0.06770164363221415,
7,XYt,288,15,0.06788738707179463,
7,XYt,289,15,0.06773204711110263,
7,XYt,290,15,0.06801928346832897,
7,XYt,291,15,0.06837870704241873,
7,XYt,292,15,0.06873843848947227,
7,XYt,293,15,0.06873797695161635,
7,XYt,294,15,0.06884685985922492,
7,XYt,295,15,0.06852056121119975,
7,XYt,296,15,0.06771590699121677,
7,XYt,297,15,0.06823798302256358,
7,XYt,298,15,0.06939600126029018,
7,XYt,299,15,0.06857920979890997,
7,XYt,300,15,0.06867884158600307,
7,XYt,301,15,0.06885353045376627,
7,XYt,302,15,0.06814131919213652,
7,XYt,303,15,0.06821381564127334,
7,XYt,304,15,0.0682379763888815,
7,XYt,305,15,0.06864007936546301,
7,XYt,306,15,0.06847103286609578,
7,XYt,307,15,0.06890667794368777,
7,XYt,308,15,0.06826427732421363,
7,XYt,309,15,0.06918044916293042,
7,XYt,310,15,0.06819537421417436,
7,XYt,311,15,0.06905105110339985,
7,XYt,312,15,0.06752292744108905,
7,XYt,313,15,0.06896241963182181,
7,XYt,314,15,0.06713172709969763,
7,XYt,315,15,0.06800609681332248,
7,XYt,316,15,0.06662221414163283,
7,XYt,317,15,0.0681784404622192,
7,XYt,318,15,0.06589437626008161,
7,XYt,319,15,0.06758776445047951,
7,XYt,320,15,0.06590086729999896,
7,XYt,321,15,0.06874897798053772,
7,XYt,322,15,0.06804461592873438,
7,XYt,323,15,0.07046675155401555,
7,XYt,324,15,0.07300016259178546,
7,XYt,325,15,0.07144304697586978,
7,XYt,326,15,0.10121286774631773,
7,XYt,327,15,0.104195277292761,
7,XYt,328,15,0.09887279813364587,
7,XYt,329,15,0.09668087903673932,
7,XYt,330,15,0.09255153186663573,
7,XYt,331,15,0.09317017854289167,
7,XYt,332,15,0.0904148599366571,
7,XYt,333,15,0.0918421082872766,
7,XYt,334,15,0.08867643795176201,
7,XYt,335,15,0.09102543671610908,
7,XYt,336,15,0.08862955255009301,
7,XYt,337,15,0.08994120798941534,
7,XYt,338,15,0.08747998064882924,
7,XYt,339,15,0.08860287330053372,
7,XYt,340,15,0.08672633759095828,
7,XYt,341,15,0.08745179494526754,
7,XYt,342,15,0.08561478505726354,
7,XYt,343,15,0.0869681290566275,
7,XYt,344,15,0.08518999519859846,
7,XYt,345,15,0.08647163191286483,
7,XYt,346,15,0.08435111921729105,
7,XYt,347,15,0.08545945769534398,
7,XYt,348,15,0.08470960005263843,
7,XYt,349,15,0.086048585083493,
7,XYt,350,15,0.0843291371344393,
7,XYt,351,15,0.08571061975212219,
7,XYt,352,15,0.08522166987933669,
7,XYt,353,15,0.08612172146637719,
7,XYt,354,15,0.08537816590015607,
7,XYt,355,15,0.08665567295296074,
7,XYt,356,15,0.08478602109096649,
7,XYt,357,15,0.08313138129267648,
7,XYt,358,15,0.0786265456034104,
7,XYt,359,15,0.07606401078083408,
7,XYt,360,15,0.07092486453641435,
7,XYt,361,15,0.06857208135002617,
7,XYt,362,15,0.07094454678133233,
7,XYt,363,15,0.08617105253437363,
7,XYt,364,15,0.08332701277768742,
7,XYt,365,15,0.09636422281109833,
7,XYt,366,15,0.10609887401821293,
7,XYt,367,15,0.11519134554549067,
7,XYt,368,15,0.11832561552511563,
7,XYt,369,15,0.12182464066528137,
7,XYt,370,15,0.1227505515946742,
7,XYt,371,15,0.12554616861536302,
7,XYt,372,15,0.12546931157054228,
7,XYt,373,15,0.1268291364223707,
7,XYt,374,15,0.12523896128116496,
7,XYt,375,15,0.12527535917958876,
7,XYt,376,15,0.12455689603350227,
7,XYt,377,15,0.12459982467945632,
7,XYt,378,15,0.1218619330338318,
7,XYt,379,15,0.12209936491420446,
7,XYt,380,15,0.12064646186665667,
7,XYt,381,15,0.12166296732874084,
7,XYt,382,15,0.11988815851873454,
7,XYt,383,15,0.1210454588969819,
7,XYt,384,15,0.12226507441253402,
7,XYt,385,15,0.12096060905950651,
7,XYt,386,15,0.11737930268489946,
7,XYt,387,15,0.11902764265035344,
7,XYt,388,15,0.11865818885332514,
7,XYt,389,15,0.11996685191180663,
7,XYt,390,15,0.1187035033729505,
7,XYt,391,15,0.12014271741530114,
7,XYt,392,15,0.11801893057484027,
7,XYt,393,15,0.11937125489998329,
7,XYt,394,15,0.11815154861925224,
7,XYt,395,15,0.1203410012163149,
7,XYt,396,15,0.12010153753199566,
7,XYt,397,15,0.12234318331510784,
7,XYt,398,15,0.12143398099713418,
7,XYt,399,15,0.12106944495792167,
7,XYt,400,15,0.1192434073514503,
7,XYt,401,15,0.1196884552201989,
7,XYt,402,15,0.11892836468319844,
7,XYt,403,15,0.11971579343116628,
7,XYt,404,15,0.11919716153670418,
7,XYt,405,15,0.11970789471540541,
7,XYt,406,15,0.11977870238354217,
7,XYt,407,15,0.12039240352215631,
7,XYt,408,15,0.1224496525966525,
7,XYt,409,15,0.12407574097762632,
7,XYt,410,15,0.12210680775838971,
7,XYt,411,15,0.12156788067082377,
7,XYt,412,15,0.12188068770910493,
7,XYt,413,15,0.12229250705740302,
7,XYt,414,15,0.12248841782976547,
7,XYt,415,15,0.12217288056000244,
7,XYt,416,15,0.1236741956491526,
7,XYt,417,15,0.12511788706398108,
7,XYt,418,15,0.1262895024845005,
7,XYt,419,15,0.12743319053792806,
7,XYt,420,15,0.1298442290581171,
7,XYt,421,15,0.13090517791036918,
7,XYt,422,15,0.13194757300955598,
7,XYt,423,15,0.13215653473052336,
7,XYt,424,15,0.13250907645914273,
7,XYt,425,15,0.13426271613656826,
7,XYt,426,15,0.1373935064040697,
7,XYt,427,15,0.13711691833555512,
7,XYt,428,15,0.1368028501708276,
7,XYt,429,15,0.13738427044306664,
7,XYt,430,15,0.13853658071716982,
7,XYt,431,15,0.14000077164139857,
7,XYt,432,15,0.1420082137576649,
7,XYt,433,15,0.1441915158498444,
7,XYt,434,15,0.148337381236367,
7,XYt,435,15,0.1533150505586437,
7,XYt,436,15,0.15807037023673115,
7,XYt,437,15,0.16056217489427255,
7,XYt,438,15,0.16247130034618373,
7,XYt,439,15,0.16229174533526175,
7,XYt,440,15,0.16312402473667872,
7,XYt,441,15,0.16476823451859146,
7,XYt,442,15,0.16699479095472267,
7,XYt,443,15,0.16866715129872525,
7,XYt,444,15,0.1704432115663347,
7,XYt,445,15,0.17119204697553994,
7,XYt,446,15,0.17201159530812143,
7,XYt,447,15,0.1727396798778404,
7,XYt,448,15,0.17523736024584471,
7,XYt,449,15,0.178009251005728,
7,XYt,450,15,0.18145747970906384,
7,XYt,451,15,0.18523948478189636,
7,XYt,452,15,0.188700574326374,
7,XYt,453,15,0.1918303136943148,
7,XYt,454,15,0.19533773401758228,
7,XYt,455,15,0.19725734300723094,
7,XYt,456,15,0.19865662230410258,
7,XYt,457,15,0.19981817737892035,
7,XYt,458,15,0.20108853060492876,
7,XYt,459,15,0.20315106757410575,
7,XYt,460,15,0.2079679823992443,
7,XYt,461,15,0.216691397702407,
7,XYt,462,15,0.23317986005983427,
7,XYt,463,15,0.25796116645713857,
7,XYt,464,15,0.28157892692124403,
7,XYt,465,15,0.28223204012033604,
7,XYt,466,15,0.24503638146901713,
7,XYt,467,15,0.17367604572227704,
7,XYt,468,15,0.15228606179250997,
7,XYt,469,15,0.1481412838023061,
7,XYt,470,15,0.13131435742101827,
7,XYt,471,15,0.12303682303009417,
7,XYt,472,15,0.1216402870474277,
7,XYt,473,15,0.12163101655962098,
7,XYt,474,15,0.12024091961063511,
7,XYt,475,15,0.12010919123294048,
7,XYt,476,15,0.12009899085560385,
7,XYt,477,15,0.12091299552276633,
7,XYt,478,15,0.12125369740711213,
7,XYt,479,15,0.12213192170589371,
7,XYt,480,15,0.12221941796817681,
7,XYt,481,15,0.12266643382200795,
7,XYt,482,15,0.12285072958669176,
7,XYt,483,15,0.12351703342398634,
7,XYt,484,15,0.12362772934037111,
7,XYt,485,15,0.12408131439844297,
7,XYt,486,15,0.12373889166291979,
7,XYt,487,15,0.1239731049715233,
7,XYt,488,15,0.12381209013463682,
7,XYt,489,15,0.12476001381239998,
7,XYt,490,15,0.12452595844252595,
7,XYt,491,15,0.12454987146912247,
7,XYt,492,15,0.12352627475931056,
7,XYt,493,15,0.12352601238870796,
7,XYt,494,15,0.12286593244582227,
7,XYt,495,15,0.1234424153673954,
7,XYt,496,15,0.12317330377702995,
7,XYt,497,15,0.12346328489388796,
7,XYt,498,15,0.12284828574572988,
7,XYt,499,15,0.12337569570882727,
7,XYt,500,15,0.12313141861899281,
7,XYt,501,15,0.1236702054193966,
7,XYt,502,15,0.12315490808781299,
7,XYt,503,15,0.12363649124829208,
7,XYt,504,15,0.12355444261748433,
7,XYt,505,15,0.12410517653610734,
7,XYt,506,15,0.12391928563809111,
7,XYt,507,15,0.12462895618457288,
7,XYt,508,15,0.12445761046203116,
7,XYt,509,15,0.1246376896274355,
7,XYt,510,15,0.12436437126689619,
7,XYt,511,15,0.12443821399494538,
7,XYt,512,15,0.12440765074603123,
7,XYt,513,15,0.12464799265204486,
7,XYt,514,15,0.12465938616636756,
7,XYt,515,15,0.12472642807852449,
7,XYt,516,15,0.12480819893234531,
7,XYt,517,15,0.12481080050019155,
7,XYt,518,15,0.12473464968185433,
7,XYt,519,15,0.12453985611083965,
7,XYt,520,15,0.12447596131043706,
7,XYt,521,15,0.12357920645839815,
7,XYt,522,15,0.12311587534572795,
7,XYt,523,15,0.12235127027770448,
7,XYt,524,15,0.12245510845389296,
7,XYt,525,15,0.1225577488967404,
7,XYt,526,15,0.12510623721819636,
7,XYt,527,15,0.1286563243645784,
7,XYt,528,15,0.13349430236465806,
7,XYt,529,15,0.13662773390053076,
7,XYt,530,15,0.14176073033133504,
7,XYt,531,15,0.15061940303226948,
7,XYt,532,15,0.1640355399828088,
7,XYt,533,15,0.17141647935018411,
7,XYt,534,15,0.16050468414815827,
7,XYt,535,15,0.18203836326792816,
7,XYt,536,15,0.27082002027055363,
7,XYt,537,15,0.3203493572677561,
7,XYt,538,15,0.34409293290023374,
7,XYt,539,15,0.3567107415707578,
7,XYt,540,15,0.34925127759041646,
7,XYt,541,15,0.32298021135636495,
7,XYt,542,15,0.2928330393772437,
7,XYt,543,15,0.2641583736415731,
7,XYt,544,15,0.24037314867396067,
7,XYt,545,15,0.22205901197467948,
7,XYt,546,15,0.2080371103355689,
7,XYt,547,15,0.1941597637664084,
7,XYt,548,15,0.18348558135132112,
7,XYt,549,15,0.17716342397773205,
7,XYt,550,15,0.1731554376048615,
7,XYt,551,15,0.17108900281671072,
7,XYt,552,15,0.1702904872937683,
7,XYt,553,15,0.17020516764496577,
7,XYt,554,15,0.17182594231220516,
7,XYt,555,15,0.17358241578742448,
7,XYt,556,15,0.17543973431673415,
7,XYt,557,15,0.1769424150862519,
7,XYt,558,15,0.17746626419436448,
7,XYt,559,15,0.17730907686502334,
7,XYt,560,15,0.17752528496238856,
7,XYt,561,15,0.17665911327146622,
7,XYt,562,15,0.1731197491613775,
7,XYt,563,15,0.16737587562993334,
7,XYt,564,15,0.15747568723954633,
7,XYt,565,15,0.14739862653757127,
7,XYt,566,15,0.13991671069414818,
7,XYt,567,15,0.1359466875275767,
7,XYt,568,15,0.133945539107555,
7,XYt,569,15,0.132498368080446,
7,XYt,570,15,0.13221970308787964,
7,XYt,571,15,0.1319096421394505,
7,XYt,572,15,0.13085904745722293,
7,XYt,573,15,0.12932042455119724,
7,XYt,574,15,0.12940686173434868,
7,XYt,575,15,0.131759396330441,
7,XYt,576,15,0.1354408712221362,
7,XYt,577,15,0.13976598721192215,
7,XYt,578,15,0.14409061944984852,
7,XYt,579,15,0.1487151292602383,
7,XYt,580,15,0.15248198984875208,
7,XYt,581,15,0.15563548537654662,
7,XYt,582,15,0.15585518010189114,
7,XYt,583,15,0.15392437590673264,
7,XYt,584,15,0.14971650701520756,
7,XYt,585,15,0.1452056405414138,
7,XYt,586,15,0.1399301000579786,
7,XYt,587,15,0.13189922163216167,
7,XYt,588,15,0.1255347396891126,
7,XYt,589,15,0.12104556211695108,
7,XYt,590,15,0.11735896792843706,
7,XYt,591,15,0.11531370973588877,
7,XYt,592,15,0.11228870894756324,
7,XYt,593,15,0.11110450239550612,
7,XYt,594,15,0.11124096744345804,
7,XYt,595,15,0.11174436200044918,
7,XYt,596,15,0.1118598888968329,
7,XYt,597,15,0.11219241214410647,
7,XYt,598,15,0.11273179799748231,
7,XYt,599,15,0.11418242450854627,
7,XYt,600,15,0.11808129195513786,
7,XYt,601,15,0.1229531381572952,
7,XYt,602,15,0.12717013312997372,
7,XYt,603,15,0.13044386524608179,
7,XYt,604,15,0.13311335459303675,
7,XYt,605,15,0.13423349533339168,
7,XYt,606,15,0.13371657974741244,
7,XYt,607,15,0.1321691044845913,
7,XYt,608,15,0.13013236860243985,
7,XYt,609,15,0.1278695980226497,
7,XYt,610,15,0.1250269046855748,
7,XYt,611,15,0.1212679193407035,
7,XYt,612,15,0.11801668090909243,
7,XYt,613,15,0.11482395514862703,
7,XYt,614,15,0.11281298834563017,
7,XYt,615,15,0.1118815115107263,
7,XYt,616,15,0.1124346315606195,
7,XYt,617,15,0.11343222755479739,
7,XYt,618,15,0.11459508391277887,
7,XYt,619,15,0.11456293190029866,
7,XYt,620,15,0.11537064054551532,
7,XYt,621,15,0.11681754845623885,
7,XYt,622,15,0.11708984727679432,
7,XYt,623,15,0.11762209404744209,
7,XYt,624,15,0.1236394344858153,
7,XYt,625,15,0.1279569550402697,
7,XYt,626,15,0.13760005881945495,
7,XYt,627,15,0.14565272499744325,
7,XYt,628,15,0.1513871813086876,
7,XYt,629,15,0.1537098241696468,
7,XYt,630,15,0.15416834469160492,
7,XYt,631,15,0.1528514803075078,
7,XYt,632,15,0.14903294822980012,
7,XYt,633,15,0.1462095636980134,
7,XYt,634,15,0.14307305668988637,
7,XYt,635,15,0.13944191348720045,
7,XYt,636,15,0.1347770707832571,
7,XYt,637,15,0.13051134072865364,
7,XYt,638,15,0.12845220851541958,
7,XYt,639,15,0.12833514840327348,
7,XYt,640,15,0.13072535297576104,
7,XYt,641,15,0.1334320807153647,
7,XYt,642,15,0.13503586162849124,
7,XYt,643,15,0.1340481443728476,
7,XYt,644,15,0.13219102280333184,
7,XYt,645,15,0.13074699048868263,
7,XYt,646,15,0.13160310875581846,
7,XYt,647,15,0.13710836555090208,
7,XYt,648,15,0.1471138743610593,
7,XYt,649,15,0.15710753986540388,
7,XYt,650,15,0.16715720338023524,
7,XYt,651,15,0.17444887007144316,
7,XYt,652,15,0.17753908433451573,
7,XYt,653,15,0.17700356988888274,
7,XYt,654,15,0.17648951377633454,
7,XYt,655,15,0.17347576876476742,
7,XYt,656,15,0.17139713736523365,
7,YZt,0,15,2.687517421238481,
7,YZt,1,15,0.7107233219301646,
7,YZt,2,15,0.6808629835385024,
7,YZt,3,15,0.6869127269773746,
7,YZt,4,15,0.6462285688088237,
7,YZt,5,15,0.4931543928282079,
7,YZt,6,15,0.4322054339508965,
7,YZt,7,15,0.4550400081778064,
7,YZt,8,15,0.4224748443189123,
7,YZt,9,15,0.40389079952907053,
7,YZt,10,15,0.3883545971142168,
7,YZt,11,15,0.37701017493765565,
7,YZt,12,15,0.37393441021273716,
7,YZt,13,15,0.36483661218593527,
7,YZt,14,15,0.3556202040360498,
7,YZt,15,15,0.35078761050286705,
7,YZt,16,15,0.3453413656487486,
7,YZt,17,15,0.34190924011641655,
7,YZt,18,15,0.3401176700504514,
7,YZt,19,15,0.33417374673315153,
7,YZt,20,15,0.33542728219090945,
7,YZt,21,15,0.3251352300396926,
7,YZt,22,15,0.32767838150187556,
7,YZt,23,15,0.3273843907432519,
7,YZt,24,15,0.32213683017031813,
7,YZt,25,15,0.3255666170890574,
7,XYt,657,15,0.1720398777668193,
7,XYt,658,15,0.1745016365797377,
7,XYt,659,15,0.1794909823115771,
7,XYt,660,15,0.18607598896006178,
7,XYt,661,15,0.19553428957601232,
7,XYt,662,15,0.20837988647892466,
7,XYt,663,15,0.22688706514123275,
7,XYt,664,15,0.2516189542975882,
7,XYt,665,15,0.28427478664107636,
7,XYt,666,15,0.31974688050487554,
7,XYt,667,15,0.35182763662501415,
7,XYt,668,15,0.3768918954875794,
7,XYt,669,15,0.39644456960148894,
7,XYt,670,15,0.40977547333645986,
7,XYt,671,15,0.41700320061057206,
7,XYt,672,15,0.4097023463160367,
7,XYt,673,15,0.39203624661562153,
7,XYt,674,15,0.36770940440089556,
7,XYt,675,15,0.31638507574106906,
7,XYt,676,15,0.2428054897215108,
7,XYt,677,15,0.1772445800639171,
7,XYt,678,15,0.16631261360095292,
7,XYt,679,15,0.16943797895529605,
7,XYt,680,15,0.1702024858596353,
7,XYt,681,15,0.16918873287158628,
7,XYt,682,15,0.1665651639897,
7,XYt,683,15,0.16288610794028807,
7,XYt,684,15,0.15876693498322805,
7,XYt,685,15,0.153706526107997,
7,XYt,686,15,0.14860982621643895,
7,XYt,687,15,0.14348689185361158,
7,XYt,688,15,0.13899891129355652,
7,XYt,689,15,0.13389620662865898,
7,XYt,690,15,0.12942386978727569,
7,XYt,691,15,0.12463312387425288,
7,XYt,692,15,0.12099536965225115,
7,XYt,693,15,0.11862571530434594,
7,XYt,694,15,0.11874370901036933,
7,XYt,695,15,0.12002012678396,
7,XYt,696,15,0.12139540173682442,
7,XYt,697,15,0.12258132898701313,
7,XYt,698,15,0.12353601201996728,
7,XYt,699,15,0.12446105673061078,
7,XYt,700,15,0.12470614837281419,
7,XYt,701,15,0.12478245516935897,
7,XYt,702,15,0.12421394192570671,
7,XYt,703,15,0.12403913307245985,
7,XYt,704,15,0.12263313746389327,
7,XYt,705,15,0.12094677258608774,
7,XYt,706,15,0.11974977565150192,
7,XYt,707,15,0.12192017790255359,
7,XYt,708,15,0.12998585704745738,
7,XYt,709,15,0.15389535901031343,
7,XYt,710,15,0.1327023340663543,
7,XYt,711,15,0.1574458894089166,
7,XYt,712,15,0.18697608293342363,
7,XYt,713,15,0.22857742720672536,
7,XYt,714,15,0.2634546294433089,
7,XYt,715,15,0.288488814817965,
7,XYt,716,15,0.30413648279975136,
7,XYt,717,15,0.3058104378130387,
7,XYt,718,15,0.30656684099108744,
7,XYt,719,15,0.2938912153260983,
7,XYt,720,15,0.2914364775509056,
7,XYt,721,15,0.2876470457682309,
7,XYt,722,15,0.28628583234808996,
7,XYt,723,15,0.29163448875468306,
7,XYt,724,15,0.3097707329878385,
7,XYt,725,15,0.33348103978363197,
7,XYt,726,15,0.3448585467556245,
7,XYt,727,15,0.3402406248645906,
7,YZt,26,15,0.3263579452897298,
7,YZt,27,15,0.32515426581605433,
7,YZt,28,15,0.3238104804939071,
7,YZt,29,15,0.32747095963684697,
7,YZt,30,15,0.3269549621079728,
7,YZt,31,15,0.3216683429801934,
7,YZt,32,15,0.32690609597793513,
7,YZt,33,15,0.3295478473989042,
7,YZt,34,15,0.33136199120783943,
7,YZt,35,15,0.3233028761978959,
7,YZt,36,15,0.3253692671379746,
7,YZt,37,15,0.32243767998239825,
7,YZt,38,15,0.3156501290317721,
7,YZt,39,15,0.3095909193646092,
7,YZt,40,15,0.2990336831420083,
7,YZt,41,15,0.29130519037569946,
7,YZt,42,15,0.28295801890010563,
7,YZt,43,15,0.27241364082906266,
7,YZt,44,15,0.26191954611904394,
7,YZt,45,15,0.25276471857004046,
7,YZt,46,15,0.24601398784627246,
7,YZt,47,15,0.235961524825575,
7,YZt,48,15,0.23059344314933033,
7,YZt,49,15,0.229106046282172,
7,YZt,50,15,0.22418143211972782,
7,YZt,51,15,0.2224463428224705,
7,YZt,52,15,0.22326201850683333,
7,YZt,53,15,0.22678809459034047,
7,YZt,54,15,0.2268288734445497,
7,YZt,55,15,0.22761981146572066,
7,YZt,56,15,0.23128751834870118,
7,YZt,57,15,0.2344958275241129,
7,YZt,58,15,0.24056243574921893,
7,YZt,59,15,0.24467501442637352,
7,YZt,60,15,0.24265218904649502,
7,YZt,61,15,0.2312671312652033,
7,YZt,62,15,0.22946165093976628,
7,YZt,63,15,0.23452253642244966,
7,YZt,64,15,0.20398843233231512,
7,YZt,65,15,0.18376316349502864,
7,YZt,66,15,0.16142852208558467,
7,YZt,67,15,0.1379973452973097,
7,YZt,68,15,0.12755858025424166,
7,YZt,69,15,0.11262160316927194,
7,YZt,70,15,0.10348923340109499,
7,YZt,71,15,0.09591681317226271,
7,YZt,72,15,0.09140993548815705,
7,YZt,73,15,0.0871301206523027,
7,YZt,74,15,0.08710917937456629,
7,YZt,75,15,0.08469667131801545,
7,YZt,76,15,0.08370497232869042,
7,YZt,77,15,0.08237352133131884,
7,YZt,78,15,0.08370049134989421,
7,YZt,79,15,0.08487539529196765,
7,YZt,80,15,0.08632119839427206,
7,YZt,81,15,0.08472953623250426,
7,YZt,82,15,0.08277355882191387,
7,YZt,83,15,0.08084917303143022,
7,YZt,84,15,0.08116428025710062,
7,YZt,85,15,0.08289910124309152,
7,YZt,86,15,0.08336679516763978,
7,YZt,87,15,0.08489707742644192,
7,YZt,88,15,0.08545947580917775,
7,YZt,89,15,0.08512510798613532,
7,YZt,90,15,0.08596648115330012,
7,YZt,91,15,0.08624409125971645,
7,YZt,92,15,0.08589427428078877,
7,YZt,93,15,0.08639880762134647,
7,YZt,94,15,0.08613469381526079,
7,YZt,95,15,0.08476989112450306,
7,YZt,96,15,0.08419575834259085,
7,YZt,97,15,0.08488553872976866,
7,YZt,98,15,0.08564216326965385,
7,YZt,99,15,0.08603249839155178,
7,YZt,100,15,0.08696442196410391,
7,YZt,101,15,0.08711245933467582,
7,YZt,102,15,0.08577937465359564,
7,YZt,103,15,0.08464598845578848,
7,YZt,104,15,0.08495092136080375,
7,YZt,105,15,0.08688737614989987,
7,YZt,106,15,0.0886678077660594,
7,YZt,107,15,0.0910742059921131,
7,YZt,108,15,0.09379751829805075,
7,YZt,109,15,0.09741809480570747,
7,YZt,110,15,0.09837074490446475,
7,YZt,111,15,0.09769442942258695,
7,YZt,112,15,0.0981804010552891,
7,YZt,113,15,0.10042836972717639,
7,YZt,114,15,0.10175886548054833,
7,YZt,115,15,0.10397178764864665,
7,YZt,116,15,0.10686773349073656,
7,YZt,117,15,0.10544521688898173,
7,YZt,118,15,0.10264191664806027,
7,YZt,119,15,0.09970877105789705,
7,YZt,120,15,0.09758423533473116,
7,YZt,121,15,0.09586721542533892,
7,YZt,122,15,0.09425651837876439,
7,YZt,123,15,0.09339481821611871,
7,YZt,124,15,0.09287177004179516,
7,YZt,125,15,0.09287800774013916,
7,YZt,126,15,0.09202572065832054,
7,YZt,127,15,0.09133962450775274,
7,YZt,128,15,0.09103464859118694,
7,YZt,129,15,0.09156677979117182,
7,YZt,130,15,0.09225025434691096,
7,YZt,131,15,0.09351411643374526,
7,YZt,132,15,0.0947797933316941,
7,YZt,133,15,0.09614253689528625,
7,YZt,134,15,0.09819884237122045,
7,YZt,135,15,0.0973674687554733,
7,YZt,136,15,0.09803833167384415,
7,YZt,137,15,0.09914455602594223,
7,YZt,138,15,0.09980261534624706,
7,YZt,139,15,0.10091410221073256,
7,YZt,140,15,0.10174002803411833,
7,YZt,141,15,0.10215160511371556,
7,YZt,142,15,0.10154278284527898,
7,YZt,143,15,0.10116134502599264,
7,YZt,144,15,0.10029808467475079,
7,YZt,145,15,0.09909436960703802,
7,YZt,146,15,0.09747925407570476,
7,YZt,147,15,0.09508504132126626,
7,YZt,148,15,0.09318330117264972,
7,YZt,149,15,0.09215859254348452,
7,YZt,150,15,0.09108271535547903,
7,YZt,151,15,0.09032778968369834,
7,YZt,152,15,0.09081311746683372,
7,YZt,153,15,0.09276772689507677,
7,YZt,154,15,0.09525460610277277,
7,YZt,155,15,0.09726803476269362,
7,YZt,156,15,0.099175372261884,
7,YZt,157,15,0.1015087505938896,
7,YZt,158,15,0.10214825129392033,
7,YZt,159,15,0.10121085254918873,
7,YZt,160,15,0.09898949804596248,
7,YZt,161,15,0.09791149572174397,
7,YZt,162,15,0.09720518346384485,
7,YZt,163,15,0.0947738656894122,
7,YZt,164,15,0.0926122589909667,
7,YZt,165,15,0.09313455196544776,
7,YZt,166,15,0.091524590811226,
7,YZt,167,15,0.08941271654111066,
7,YZt,168,15,0.08877558132275744,
7,YZt,169,15,0.08689099011147931,
7,YZt,170,15,0.08411047472560877,
7,YZt,171,15,0.08299966224129184,
7,YZt,172,15,0.08403342749781428,
7,YZt,173,15,0.08771640632115092,
7,YZt,174,15,0.09129135979934193,
7,YZt,175,15,0.08956391437475213,
7,YZt,176,15,0.08559675377404562,
7,YZt,177,15,0.08259280887504791,
7,YZt,178,15,0.08140384020806568,
7,YZt,179,15,0.08307438138246014,
7,YZt,180,15,0.08426586374074044,
7,YZt,181,15,0.08715255273865025,
7,YZt,182,15,0.08943267432399578,
7,YZt,183,15,0.09378520588286658,
7,YZt,184,15,0.10318952970268563,
7,YZt,185,15,0.11803369054778469,
7,YZt,186,15,0.1321742001338452,
7,YZt,187,15,0.14713470511798662,
7,YZt,188,15,0.17454784120976027,
7,YZt,189,15,0.2094239323848812,
7,YZt,190,15,0.24805976797512588,
7,YZt,191,15,0.2871172655017478,
7,YZt,192,15,0.28989910607440217,
7,YZt,193,15,0.3171908467867007,
7,YZt,194,15,0.34572362644318044,
7,YZt,195,15,0.35062954836720994,
7,YZt,196,15,0.36105402021969984,
7,YZt,197,15,0.35516375072876055,
7,YZt,198,15,0.35791953423522094,
7,YZt,199,15,0.363536049614674,
7,YZt,200,15,0.3555497298675695,
7,YZt,201,15,0.35230174427121297,
7,YZt,202,15,0.35212090432856497,
7,YZt,203,15,0.3482769597508893,
7,YZt,204,15,0.3423399878016131,
7,YZt,205,15,0.3411368134431604,
7,YZt,206,15,0.3432001832613565,
7,YZt,207,15,0.33741683821303897,
7,YZt,208,15,0.33558383866811536,
7,YZt,209,15,0.3355443351260266,
7,YZt,210,15,0.3355851213729639,
7,YZt,211,15,0.3308825106019054,
7,YZt,212,15,0.33148898898207557,
7,YZt,213,15,0.33281792367917457,
7,YZt,214,15,0.32949287031863583,
7,YZt,215,15,0.33069008839463876,
7,YZt,216,15,0.32978804487775043,
7,YZt,217,15,0.3295633995810034,
7,YZt,218,15,0.326109009919513,
7,YZt,219,15,0.32443078251924506,
7,YZt,220,15,0.32761002783335796,
7,YZt,221,15,0.3231666670506076,
7,YZt,222,15,0.3226746556982325,
7,YZt,223,15,0.3208304785098516,
7,YZt,224,15,0.31526416099429055,
7,YZt,225,15,0.32177283186827943,
7,YZt,226,15,0.3205785827031114,
7,YZt,227,15,0.3176761715663475,
7,YZt,228,15,0.3117165633602251,
7,YZt,229,15,0.31341956808026933,
7,YZt,230,15,0.31364154804046246,
7,YZt,231,15,0.31406658416664573,
7,YZt,232,15,0.31411497608429906,
7,YZt,233,15,0.3144989767095792,
7,YZt,234,15,0.3157556931947806,
7,YZt,235,15,0.31309928651114255,
7,YZt,236,15,0.32356263080265846,
7,YZt,237,15,0.3233753573792684,
7,YZt,238,15,0.31855746610682595,
7,YZt,239,15,0.3311554350563175,
7,YZt,240,15,0.3320973523629329,
7,YZt,241,15,0.3373178227347713,
7,YZt,242,15,0.34302336534967903,
7,YZt,243,15,0.3456357019360317,
7,YZt,244,15,0.3504211086448706,
7,YZt,245,15,0.3540713134094619,
7,YZt,246,15,0.3644374590364235,
7,YZt,247,15,0.37460099203052205,
7,YZt,248,15,0.37633455264639526,
7,YZt,249,15,0.38794897824034225,
7,YZt,250,15,0.4036700620312969,
7,YZt,251,15,0.4196112506720274,
7,YZt,252,15,0.4492830432014248,
7,YZt,253,15,0.4318658220592086,
7,YZt,254,15,0.49371750507204093,
7,YZt,255,15,0.6338568292226485,
7,YZt,256,15,0.6704773130084135,
7,YZt,257,15,0.6652030918056557,
7,YZt,258,15,0.6957087924452778,
7,YZt,259,15,2.68312741891493,
7,XZt,0,15,3.225122122031369,
7,XZt,1,15,0.7305956160090825,
7,XZt,2,15,0.6843834176936987,
7,XZt,3,15,0.6845519370992407,
7,XZt,4,15,0.6442982082932427,
7,XZt,5,15,0.49080125674201247,
7,XZt,6,15,0.4437484542292977,
7,XZt,7,15,0.44060919849142394,
7,XZt,8,15,0.41874685500064046,
7,XZt,9,15,0.41031766528925623,
7,XZt,10,15,0.3985152420999896,
7,XZt,11,15,0.3889185929889916,
7,XZt,12,15,0.38556866414669433,
7,XZt,13,15,0.3737032236617734,
7,XZt,14,15,0.3684299237765932,
7,XZt,15,15,0.3628796459122741,
7,XZt,16,15,0.3580982520121317,
7,XZt,17,15,0.3549551889718738,
7,XZt,18,15,0.3535775041366809,
7,XZt,19,15,0.3484762115188874,
7,XZt,20,15,0.3498038570341383,
7,XZt,21,15,0.33693047979423396,
7,XZt,22,15,0.34028382431160936,
7,XZt,23,15,0.33675910675379067,
7,XZt,24,15,0.3297197788527048,
7,XZt,25,15,0.3332744960838965,
7,XZt,26,15,0.3294948527206888,
7,XZt,27,15,0.3279574412456335,
7,XZt,28,15,0.32709087108571555,
7,XZt,29,15,0.3254103793189354,
7,XZt,30,15,0.3239592494720676,
7,XZt,31,15,0.3193302841133722,
7,XZt,32,15,0.32323599364493266,
7,XZt,33,15,0.3240757688874243,
7,XZt,34,15,0.3243813076838996,
7,XZt,35,15,0.31512109240583075,
7,XZt,36,15,0.31985812290992677,
7,XZt,37,15,0.31924154394313137,
7,XZt,38,15,0.3178166583609002,
7,XZt,39,15,0.3209170717707145,
7,XZt,40,15,0.31765871092039283,
7,XZt,41,15,0.3187377644013686,
7,XZt,42,15,0.3201148634290388,
7,XZt,43,15,0.3175633370613361,
7,XZt,44,15,0.31449037145763636,
7,XZt,45,15,0.3116821730303739,
7,XZt,46,15,0.3130907462609575,
7,XZt,47,15,0.30982462848535436,
7,XZt,48,15,0.308474674606298,
7,XZt,49,15,0.3094329397487368,
7,XZt,50,15,0.3051364700095782,
7,XZt,51,15,0.3050516511745547,
7,XZt,52,15,0.30421619643337694,
7,XZt,53,15,0.30620729188406326,
7,XZt,54,15,0.3015358157395238,
7,XZt,55,15,0.29698403167476983,
7,XZt,56,15,0.29756771041238256,
7,XZt,57,15,0.2987280270127557,
7,XZt,58,15,0.2941908927808216,
7,XZt,59,15,0.2901502522267731,
7,XZt,60,15,0.2887638039501381,
7,XZt,61,15,0.28196831517122367,
7,XZt,62,15,0.2770240488341313,
7,XZt,63,15,0.2742793459823674,
7,XZt,64,15,0.26596399517368147,
7,XZt,65,15,0.26661429890938737,
7,XZt,66,15,0.25959884475659534,
7,XZt,67,15,0.2505312412418821,
7,XZt,68,15,0.23920768550533614,
7,XZt,69,15,0.22874151456075903,
7,XZt,70,15,0.21720863736999912,
7,XZt,71,15,0.20325845836163506,
7,XZt,72,15,0.19428630682294568,
7,XZt,73,15,0.18142901592515126,
7,XZt,74,15,0.17132601954261978,
7,XZt,75,15,0.1609194429484273,
7,XZt,76,15,0.1525083823654993,
7,XZt,77,15,0.1447323082455587,
7,XZt,78,15,0.1382768973040101,
7,XZt,79,15,0.1312112668852425,
7,XZt,80,15,0.12588659980162037,
7,XZt,81,15,0.12081446725157857,
7,XZt,82,15,0.11702966553562551,
7,XZt,83,15,0.11361550666564228,
7,XZt,84,15,0.11120893454505464,
7,XZt,85,15,0.10889586270864024,
7,XZt,86,15,0.10620646425640683,
7,XZt,87,15,0.10527738612455964,
7,XZt,88,15,0.10462376265534577,
7,XZt,89,15,0.10267737044833555,
7,XZt,90,15,0.10195141728745118,
7,XZt,91,15,0.10143219233345123,
7,XZt,92,15,0.09979690542738182,
7,XZt,93,15,0.09959404427608734,
7,XZt,94,15,0.09884452364803237,
7,XZt,95,15,0.09710869277521852,
7,XZt,96,15,0.09662537258306263,
7,XZt,97,15,0.09579715262687204,
7,XZt,98,15,0.09424533223083237,
7,XZt,99,15,0.09279408179336751,
7,XZt,100,15,0.09145613772855098,
7,XZt,101,15,0.09036560978983942,
7,XZt,102,15,0.08861453706684594,
7,XZt,103,15,0.0868270579277903,
7,XZt,104,15,0.08627027297000811,
7,XZt,105,15,0.08511923183041235,
7,XZt,106,15,0.08381481268181397,
7,XZt,107,15,0.0817321877916494,
7,XZt,108,15,0.08058240870848209,
7,XZt,109,15,0.08030275894029971,
7,XZt,110,15,0.08011484876503819,
7,XZt,111,15,0.07984216994270575,
7,XZt,112,15,0.07944160116517875,
7,XZt,113,15,0.07842292265686003,
7,XZt,114,15,0.07845969450735107,
7,XZt,115,15,0.07850119485779795,
7,XZt,116,15,0.07895395529417461,
7,XZt,117,15,0.07847638855222047,
7,XZt,118,15,0.07804045471145683,
7,XZt,119,15,0.078118351959665,
7,XZt,120,15,0.07788073260652102,
7,XZt,121,15,0.07783131062133573,
7,XZt,122,15,0.0782501709596747,
7,XZt,123,15,0.07748885911045707,
7,XZt,124,15,0.07720431257610136,
7,XZt,125,15,0.0776880911212773,
7,XZt,126,15,0.0776855544132687,
7,XZt,127,15,0.07756200727144495,
7,XZt,128,15,0.0771425916857632,
7,XZt,129,15,0.07758463127078828,
7,XZt,130,15,0.07726722675497494,
7,XZt,131,15,0.07701492370018971,
7,XZt,132,15,0.07733566561691645,
7,XZt,133,15,0.0773836374075461,
7,XZt,134,15,0.07821851409097166,
7,XZt,135,15,0.07802543007301313,
7,XZt,136,15,0.07880502484585966,
7,XZt,137,15,0.07976719164647092,
7,XZt,138,15,0.07989267081592318,
7,XZt,139,15,0.07990845894896448,
7,XZt,140,15,0.07975161837570863,
7,XZt,141,15,0.07986663006419577,
7,XZt,142,15,0.08043820843530736,
7,XZt,143,15,0.08122898458784925,
7,XZt,144,15,0.08111273482845657,
7,XZt,145,15,0.08093758487824565,
7,XZt,146,15,0.0812790976494394,
7,XZt,147,15,0.0817383275010515,
7,XZt,148,15,0.08282957948357761,
7,XZt,149,15,0.08328646004778775,
7,XZt,150,15,0.08442465888864278,
7,XZt,151,15,0.08561592096720709,
7,XZt,152,15,0.08709342034363755,
7,XZt,153,15,0.0900504886955038,
7,XZt,154,15,0.0918176527854352,
7,XZt,155,15,0.09308665331705153,
7,XZt,156,15,0.09506841476945428,
7,XZt,157,15,0.09716694282722041,
7,XZt,158,15,0.09933001496320655,
7,XZt,159,15,0.10077431169128849,
7,XZt,160,15,0.10237551216538329,
7,XZt,161,15,0.1042491723576931,
7,XZt,162,15,0.1067081191589297,
7,XZt,163,15,0.10814791281863995,
7,XZt,164,15,0.11031178449505366,
7,XZt,165,15,0.11335694179176847,
7,XZt,166,15,0.11443303412914489,
7,XZt,167,15,0.11483449362014364,
7,XZt,168,15,0.11737234947575427,
7,XZt,169,15,0.12009297688253458,
7,XZt,170,15,0.1204663476353173,
7,XZt,171,15,0.12316310726679391,
7,XZt,172,15,0.12340658055988946,
7,XZt,173,15,0.12309644436153347,
7,XZt,174,15,0.12419156000347069,
7,XZt,175,15,0.123516701713198,
7,XZt,176,15,0.12377138672620988,
7,XZt,177,15,0.12315359785206863,
7,XZt,178,15,0.12125444247180675,
7,XZt,179,15,0.12103568292554942,
7,XZt,180,15,0.1192273411938847,
7,XZt,181,15,0.11914189989868043,
7,XZt,182,15,0.11781765994352097,
7,XZt,183,15,0.119080140055965,
7,XZt,184,15,0.11977340772945523,
7,XZt,185,15,0.12346312530339879,
7,XZt,186,15,0.126373499692926,
7,XZt,187,15,0.13163654391337473,
7,XZt,188,15,0.13631753457966045,
7,XZt,189,15,0.14178548266707566,
7,XZt,190,15,0.14604369000386053,
7,XZt,191,15,0.15111182872905998,
7,XZt,192,15,0.15546862220949398,
7,XZt,193,15,0.16023129316974802,
7,XZt,194,15,0.16463937439039533,
7,XZt,195,15,0.1654440202724661,
7,XZt,196,15,0.16816336997047587,
7,XZt,197,15,0.16776855714269956,
7,XZt,198,15,0.16871050389417225,
7,XZt,199,15,0.17002772126714455,
7,XZt,200,15,0.16894124450757586,
7,XZt,201,15,0.16828841463515118,
7,XZt,202,15,0.16848445846441884,
7,XZt,203,15,0.16711631413411143,
7,XZt,204,15,0.16475744203280973,
7,XZt,205,15,0.16435502434741497,
7,XZt,206,15,0.16544278676121812,
7,XZt,207,15,0.16346888724654074,
7,XZt,208,15,0.1610034372590345,
7,XZt,209,15,0.15938530033311366,
7,XZt,210,15,0.1627398888251557,
7,XZt,211,15,0.16524362197946943,
7,XZt,212,15,0.16775195890725791,
7,XZt,213,15,0.17396282201804114,
7,XZt,214,15,0.1820246623586223,
7,XZt,215,15,0.192224144230254,
7,XZt,216,15,0.20510073144175406,
7,XZt,217,15,0.22000077837844267,
7,XZt,218,15,0.23484625726623076,
7,XZt,219,15,0.25166532151171433,
7,XZt,220,15,0.26859952440872553,
7,XZt,221,15,0.27849341429753266,
7,XZt,222,15,0.2890909985360339,
7,XZt,223,15,0.2976268120227441,
7,XZt,224,15,0.29883665282606375,
7,XZt,225,15,0.31132478078574133,
7,XZt,226,15,0.31372558657442523,
7,XZt,227,15,0.31542171311928136,
7,XZt,228,15,0.3133011484126602,
7,XZt,229,15,0.3203091725011877,
7,XZt,230,15,0.32095955614753535,
7,XZt,231,15,0.32177955328137015,
7,XZt,232,15,0.32299342942799186,
7,XZt,233,15,0.3261725384555085,
7,XZt,234,15,0.3307044257942147,
7,XZt,235,15,0.32794623967757786,
7,XZt,236,15,0.3342328737424061,
7,XZt,237,15,0.3388585491772832,
7,XZt,238,15,0.33322140798269273,
7,XZt,239,15,0.34731261768520144,
7,XZt,240,15,0.3451366116997217,
7,XZt,241,15,0.34786827367246154,
7,XZt,242,15,0.3517471750867263,
7,XZt,243,15,0.3538047847635275,
7,XZt,244,15,0.3577663623231675,
7,XZt,245,15,0.3642128614572213,
7,XZt,246,15,0.3717342883261482,
7,XZt,247,15,0.3837267597052184,
7,XZt,248,15,0.3859917015707763,
7,XZt,249,15,0.3960571513309951,
7,XZt,250,15,0.4094024397461684,
7,XZt,251,15,0.4188151570006447,
7,XZt,252,15,0.44231629101577646,
7,XZt,253,15,0.44778957929768987,
7,XZt,254,15,0.49614703233645746,
7,XZt,255,15,0.6497906200733564,
7,XZt,256,15,0.6952411110897029,
7,XZt,257,15,0.697064880981391,
7,XZt,258,15,0.7359865694990537,
7,XZt,259,15,3.011559328710258,
8,XYt,0,15,0.19528201497245498,
8,XYt,1,15,0.22268243750913144,
8,XYt,2,15,0.21037711532697684,
8,XYt,3,15,0.18916496598285262,
8,XYt,4,15,0.17635416491635295,
8,XYt,5,15,0.1620582732812559,
8,XYt,6,15,0.14371068798627054,
8,XYt,7,15,0.1266416494429184,
8,XYt,8,15,0.11176788955670611,
8,XYt,9,15,0.09855178104318152,
8,XYt,10,15,0.08466155416490634,
8,XYt,11,15,0.0746270305230187,
8,XYt,12,15,0.06786809979023047,
8,XYt,13,15,0.061845244954113913,
8,XYt,14,15,0.056455767151289686,
8,XYt,15,15,0.05182474092113325,
8,XYt,16,15,0.05306783559256224,
8,XYt,17,13,0.048665822192210155,
8,XYt,18,12,0.04860152513686607,
8,XYt,19,7,0.04957060922346928,
8,XYt,20,5,0.04741234384668467,
8,XYt,21,3,0.049549491359604084,
8,XYt,22,3,0.048500729373783,
8,XYt,23,4,0.0479801916842653,
8,XYt,24,6,0.048725599215295276,
8,XYt,25,10,0.048508536777875214,
8,XYt,26,15,0.0491339745680653,
8,XYt,27,15,0.057985573090334946,
8,XYt,28,15,0.06759358712394202,
8,XYt,29,15,0.07831579790445768,
8,XYt,30,15,0.08879158868625345,
8,XYt,31,15,0.09909108814561857,
8,XYt,32,15,0.10693512147242419,
8,XYt,33,15,0.11129235282701305,
8,XYt,34,15,0.11106533677592305,
8,XYt,35,15,0.10496641137322107,
8,XYt,36,15,0.09093072589777909,
8,XYt,37,15,0.06793185844973613,
8,XYt,38,15,0.062032184158902805,
8,XYt,39,15,0.11086010686445148,
8,XYt,40,15,0.215476747807714,
8,XYt,41,15,0.3617000592161181,
8,XYt,42,15,0.5423798612855552,
8,XYt,43,15,0.6884132847548127,
8,XYt,44,15,0.7549821759833953,
8,XYt,45,15,0.7693350296569692,
8,XYt,46,15,0.7467553756392785,
8,XYt,47,15,0.6949764131761991,
8,XYt,48,15,0.6476552159491923,
8,XYt,49,15,0.5999665206732148,
8,XYt,50,15,0.5520436055751373,
8,XYt,51,15,0.5041796081423489,
8,XYt,52,15,0.4555374681027978,
8,XYt,53,15,0.40695283487506434,
8,XYt,54,15,0.35547348884533464,
8,XYt,55,15,0.2976617970190367,
8,XYt,56,15,0.23629667423355113,
8,XYt,57,15,0.18369709746723,
8,XYt,58,15,0.14506365894861178,
8,XYt,59,15,0.11737783354747904,
8,XYt,60,15,0.09815888054834782,
8,XYt,61,15,0.08738190285287717,
8,XYt,62,15,0.0841040599210054,
8,XYt,63,15,0.08515824095968004,
8,XYt,64,15,0.08835117839153325,
8,XYt,65,15,0.09173593505458431,
8,XYt,66,15,0.09495423086695648,
8,XYt,67,15,0.09741171984010988,
8,XYt,68,15,0.09957613150236168,
8,XYt,69,15,0.10071079586449203,
8,XYt,70,15,0.10204585879188045,
8,XYt,71,15,0.10285552845223206,
8,XYt,72,15,0.1041189061635539,
8,XYt,73,15,0.10453475002766012,
8,XYt,74,15,0.10532531000124222,
8,XYt,75,15,0.10551194700172083,
8,XYt,76,15,0.10509608856360377,
8,XYt,77,15,0.10351243004426777,
8,XYt,78,15,0.10181164673860557,
8,XYt,79,15,0.10023072768773611,
8,XYt,80,15,0.09828398818447531,
8,XYt,81,15,0.09586770354909463,
8,XYt,82,15,0.09307770712898136,
8,XYt,83,15,0.08886807256285603,
8,XYt,84,15,0.08471453846307363,
8,XYt,85,15,0.0812538391335296,
8,XYt,86,15,0.07892442902801193,
8,XYt,87,15,0.07767941136756495,
8,XYt,88,15,0.07751017293012862,
8,XYt,89,15,0.07764644248479734,
8,XYt,90,15,0.07739182967215039,
8,XYt,91,15,0.07675101016615335,
8,XYt,92,15,0.07486825653411397,
8,XYt,93,15,0.07343288350745848,
8,XYt,94,15,0.07237337071255807,
8,XYt,95,15,0.07205796698562986,
8,XYt,96,15,0.07250650737536524,
8,XYt,97,15,0.07293704283954708,
8,XYt,98,15,0.0733568368209374,
8,XYt,99,15,0.07312756474539271,
8,XYt,100,15,0.07229152705372831,
8,XYt,101,15,0.07138561111196959,
8,XYt,102,15,0.07072158126134045,
8,XYt,103,15,0.0699463243689876,
8,XYt,104,15,0.06922909605215014,
8,XYt,105,15,0.0689864783647911,
8,XYt,106,15,0.0688039022311447,
8,XYt,107,15,0.06865450982008424,
8,XYt,108,15,0.06924477848591311,
8,XYt,109,15,0.0700342869006176,
8,XYt,110,15,0.07100166128441862,
8,XYt,111,15,0.07196076414465832,
8,XYt,112,15,0.0726704203014834,
8,XYt,113,15,0.07404085819919741,
8,XYt,114,15,0.0753280954685395,
8,XYt,115,15,0.0762992617016944,
8,XYt,116,15,0.0761716385985991,
8,XYt,117,15,0.07543658384156463,
8,XYt,118,15,0.0753703987519959,
8,XYt,119,15,0.07546887250894432,
8,XYt,120,15,0.07575228301285053,
8,XYt,121,15,0.07717942325352924,
8,XYt,122,15,0.07804329705539496,
8,XYt,123,15,0.07919282197259811,
8,XYt,124,15,0.07983046124047591,
8,XYt,125,15,0.07996078949137672,
8,XYt,126,15,0.07911549427607553,
8,XYt,127,15,0.0789348277648484,
8,XYt,128,15,0.07819287014609483,
8,XYt,129,15,0.07935347619138146,
8,XYt,130,15,0.08098205922814432,
8,XYt,131,15,0.08386066544213214,
8,XYt,132,15,0.08732879554845636,
8,XYt,133,15,0.09122261172031536,
8,XYt,134,15,0.09495935774537889,
8,XYt,135,15,0.09789710647825113,
8,XYt,136,15,0.10051464167510418,
8,XYt,137,15,0.1015474336662262,
8,XYt,138,15,0.10351214826707753,
8,XYt,139,15,0.10568705203637184,
8,XYt,140,15,0.10662536816724141,
8,XYt,141,15,0.10671348826547192,
8,XYt,142,15,0.10670436658828186,
8,XYt,143,15,0.106622484828297,
8,XYt,144,15,0.10630567883254614,
8,XYt,145,15,0.10487311165689368,
8,XYt,146,15,0.1033747025611504,
8,XYt,147,15,0.1028824644255501,
8,XYt,148,15,0.10283180797219581,
8,XYt,149,15,0.10274860252066731,
8,XYt,150,15,0.10361368386673783,
8,XYt,151,15,0.10439207802595371,
8,XYt,152,15,0.10587451686099406,
8,XYt,153,15,0.10700435715230489,
8,XYt,154,15,0.10774364572472624,
8,XYt,155,15,0.10742061185409896,
8,XYt,156,15,0.1067350001748086,
8,XYt,157,15,0.10489945785228422,
8,XYt,158,15,0.10264252700351156,
8,XYt,159,15,0.0996373451630375,
8,XYt,160,15,0.09688726201580905,
8,XYt,161,15,0.09387773470772977,
8,XYt,162,15,0.09048488751525863,
8,XYt,163,15,0.0876747599883715,
8,XYt,164,15,0.08557904344459406,
8,XYt,165,15,0.08286964798915736,
8,XYt,166,15,0.08082312843671922,
8,XYt,167,15,0.0795928846582877,
8,XYt,168,15,0.07951784083571277,
8,XYt,169,15,0.07901061121160306,
8,XYt,170,15,0.07896593146641122,
8,XYt,171,15,0.07830443074108859,
8,XYt,172,15,0.07745937748597861,
8,XYt,173,15,0.07691887374627984,
8,XYt,174,15,0.07723028393212085,
8,XYt,175,15,0.07756116096718439,
8,XYt,176,15,0.07844564890644565,
8,XYt,177,15,0.0788925049332833,
8,XYt,178,15,0.07871036587804578,
8,XYt,179,15,0.0793171984980375,
8,XYt,180,15,0.07891662221632048,
8,XYt,181,15,0.0787484105547109,
8,XYt,182,15,0.07820599909677711,
8,XYt,183,15,0.07791370781690611,
8,XYt,184,15,0.07752383927485751,
8,XYt,185,15,0.07750878041081422,
8,XYt,186,15,0.07691267796590937,
8,XYt,187,15,0.07679280528030027,
8,XYt,188,15,0.07654914228639383,
8,XYt,189,15,0.07711698180365421,
8,XYt,190,15,0.07757223866224149,
8,XYt,191,15,0.07857179780742243,
8,XYt,192,15,0.0790657924799003,
8,XYt,193,15,0.07995111140237306,
8,XYt,194,15,0.08031162825183838,
8,XYt,195,15,0.08110306017065746,
8,XYt,196,15,0.08148259902872215,
8,XYt,197,15,0.08225004851626526,
8,XYt,198,15,0.08313405274255842,
8,XYt,199,15,0.08350791297343976,
8,XYt,200,15,0.08197683832233406,
8,XYt,201,15,0.08190708542685977,
8,XYt,202,15,0.08146079681009534,
8,XYt,203,15,0.08139487271184569,
8,XYt,204,15,0.08161270472374436,
8,XYt,205,15,0.08181923075345474,
8,XYt,206,15,0.08152507394253684,
8,XYt,207,15,0.08121443768539735,
8,XYt,208,15,0.08090213548924773,
8,XYt,209,15,0.08189317925552297,
8,XYt,210,15,0.0829224349383951,
8,XYt,211,15,0.08422712732959263,
8,XYt,212,15,0.08520083150606482,
8,XYt,213,15,0.08697357420476019,
8,XYt,214,15,0.08846564090228838,
8,XYt,215,15,0.09073085719829654,
8,XYt,216,15,0.09282443474636387,
8,XYt,217,15,0.09517902436363654,
8,XYt,218,15,0.09753922045375546,
8,XYt,219,15,0.09982388257590076,
8,XYt,220,15,0.10126248541401156,
8,XYt,221,15,0.10301054337267931,
8,XYt,222,15,0.10377664052728416,
8,XYt,223,15,0.10441578286917098,
8,XYt,224,15,0.10433328398386904,
8,XYt,225,15,0.10421337110790828,
8,XYt,226,15,0.10339191031724548,
8,XYt,227,15,0.1028178305383857,
8,XYt,228,15,0.1022297782513766,
8,XYt,229,15,0.1028131912973819,
8,XYt,230,15,0.10310546860904267,
8,XYt,231,15,0.10461205837784729,
8,XYt,232,15,0.1056553671732521,
8,XYt,233,15,0.10675664635141816,
8,XYt,234,15,0.1076376259064189,
8,XYt,235,15,0.10998251423603418,
8,XYt,236,15,0.11133599145036095,
8,XYt,237,15,0.1121764776218805,
8,XYt,238,15,0.11313573306742734,
8,XYt,239,15,0.11411969804210442,
8,XYt,240,15,0.11426264104899105,
8,XYt,241,15,0.11429118783206381,
8,XYt,242,15,0.11376597728125565,
8,XYt,243,15,0.11412371369081686,
8,XYt,244,15,0.11425744636873157,
8,XYt,245,15,0.1149418353798474,
8,XYt,246,15,0.1155557367685911,
8,XYt,247,15,0.11755141424113202,
8,XYt,248,15,0.12069204235932904,
8,XYt,249,15,0.12428268735654532,
8,XYt,250,15,0.12887204999007415,
8,XYt,251,15,0.1339934301083459,
8,XYt,252,15,0.1389517469581907,
8,XYt,253,15,0.1415603554220913,
8,XYt,254,15,0.13985309636659365,
8,XYt,255,15,0.13622341927265993,
8,XYt,256,15,0.12848393346555773,
8,XYt,257,15,0.11771863517887411,
8,XYt,258,15,0.09153350920475806,
8,XYt,259,15,0.10286244568472355,
8,XYt,260,15,0.1029931322309711,
8,XYt,261,15,0.09084063013376252,
8,XYt,262,15,0.08498065336268255,
8,XYt,263,15,0.0799158356636393,
8,XYt,264,15,0.07589519434639787,
8,XYt,265,15,0.07327468462720704,
8,XYt,266,15,0.07476843830074073,
8,XYt,267,15,0.07643902215217166,
8,XYt,268,15,0.07831520932590855,
8,XYt,269,15,0.07975382528971008,
8,XYt,270,15,0.08146159333336105,
8,XYt,271,15,0.08159939526589581,
8,XYt,272,15,0.08192097532501344,
8,XYt,273,15,0.08246033241000152,
8,XYt,274,15,0.08319132930124504,
8,XYt,275,15,0.08346039832385162,
8,XYt,276,15,0.0834164626336786,
8,XYt,277,15,0.08375032417264468,
8,XYt,278,15,0.08407167290296252,
8,XYt,279,15,0.0839834217490565,
8,XYt,280,15,0.08375060175059966,
8,XYt,281,15,0.0840542164980636,
8,XYt,282,15,0.0840069948616681,
8,XYt,283,15,0.08411894216863276,
8,XYt,284,15,0.08408035013999623,
8,XYt,285,15,0.08450155061038554,
8,XYt,286,15,0.08430659978778376,
8,XYt,287,15,0.0843595631510145,
8,XYt,288,15,0.08438419517973163,
8,XYt,289,15,0.08450088983738402,
8,XYt,290,15,0.08422800007120716,
8,XYt,291,15,0.08481012387585149,
8,XYt,292,15,0.08468754755341978,
8,XYt,293,15,0.08503272483517461,
8,XYt,294,15,0.08487759591151704,
8,XYt,295,15,0.0853249133029146,
8,XYt,296,15,0.08414699405774712,
8,XYt,297,15,0.08530099066311429,
8,XYt,298,15,0.0855561341158066,
8,XYt,299,15,0.0849153995603466,
8,XYt,300,15,0.08464122278345715,
8,XYt,301,15,0.08585939043014856,
8,XYt,302,15,0.08490685501500882,
8,XYt,303,15,0.08569693262721664,
8,XYt,304,15,0.08499259998772897,
8,XYt,305,15,0.08573791477170103,
8,XYt,306,15,0.08508454168357803,
8,XYt,307,15,0.08605092457952691,
8,XYt,308,15,0.0848576328433262,
8,XYt,309,15,0.08622149022222259,
8,XYt,310,15,0.08496175430138236,
8,XYt,311,15,0.08611869680899491,
8,XYt,312,15,0.08442259589509342,
8,XYt,313,15,0.08620550370971056,
8,XYt,314,15,0.08452515881093814,
8,XYt,315,15,0.08588874578133467,
8,XYt,316,15,0.08430154000335324,
8,XYt,317,15,0.08627132819225575,
8,XYt,318,15,0.08422068839470806,
8,XYt,319,15,0.08671615889818093,
8,XYt,320,15,0.08546928341393072,
8,XYt,321,15,0.08945901569400183,
8,XYt,322,15,0.09093635301624658,
8,XYt,323,15,0.09943910977812803,
8,XYt,324,15,0.10513548811771091,
8,XYt,325,15,0.09476369250469158,
8,XYt,326,15,0.11299054448371303,
8,XYt,327,15,0.13156863054783505,
8,XYt,328,15,0.1363629857468871,
8,XYt,329,15,0.13297358941156356,
8,XYt,330,15,0.12844934616995757,
8,XYt,331,15,0.12574321281635423,
8,XYt,332,15,0.12268964756406674,
8,XYt,333,15,0.12238890303583512,
8,XYt,334,15,0.1197976812664916,
8,XYt,335,15,0.1203025853725951,
8,XYt,336,15,0.11871781548264287,
8,XYt,337,15,0.11994322989862431,
8,XYt,338,15,0.11837564293454368,
8,XYt,339,15,0.11800222065390137,
8,XYt,340,15,0.11613277828346727,
8,XYt,341,15,0.11529687610081388,
8,XYt,342,15,0.11313932587856726,
8,XYt,343,15,0.11281991355631536,
8,XYt,344,15,0.11131752848062969,
8,XYt,345,15,0.11156537500396771,
8,XYt,346,15,0.11019605998579482,
8,XYt,347,15,0.11084622614258538,
8,XYt,348,15,0.11050102398602105,
8,XYt,349,15,0.11159969419262306,
8,XYt,350,15,0.1111402915356262,
8,XYt,351,15,0.11210707055289183,
8,XYt,352,15,0.11183815504087469,
8,XYt,353,15,0.11276292840485498,
8,XYt,354,15,0.11152279987894873,
8,XYt,355,15,0.11319916392712023,
8,XYt,356,15,0.11121089092432591,
8,XYt,357,15,0.10860903477282917,
8,XYt,358,15,0.10309905060386841,
8,XYt,359,15,0.0994308168074421,
8,XYt,360,15,0.09289460582199517,
8,XYt,361,15,0.08980376101907545,
8,XYt,362,15,0.09311795693924453,
8,XYt,363,15,0.10536977719808122,
8,XYt,364,15,0.12797964047491284,
8,XYt,365,15,0.11328047106410503,
8,XYt,366,15,0.10394209876979847,
8,XYt,367,15,0.09909479532701335,
8,XYt,368,15,0.09677050926369804,
8,XYt,369,15,0.09675683796923631,
8,XYt,370,15,0.0974361185593738,
8,XYt,371,15,0.09897048941790139,
8,XYt,372,15,0.09965748686358833,
8,XYt,373,15,0.10004990016079568,
8,XYt,374,15,0.0994376669882131,
8,XYt,375,15,0.09912734902389729,
8,XYt,376,15,0.09948743750539275,
8,XYt,377,15,0.10005285219243623,
8,XYt,378,15,0.09934053917343699,
8,XYt,379,15,0.09919255374295217,
8,XYt,380,15,0.09881305159110641,
8,XYt,381,15,0.09921676533203008,
8,XYt,382,15,0.09869628203373836,
8,XYt,383,15,0.09859099796450713,
8,XYt,384,15,0.09872083609217361,
8,XYt,385,15,0.09850691495465971,
8,XYt,386,15,0.09703746592325582,
8,XYt,387,15,0.09779326936876702,
8,XYt,388,15,0.09729382772139773,
8,XYt,389,15,0.09820328240118656,
8,XYt,390,15,0.09732308641063599,
8,XYt,391,15,0.09846966323778714,
8,XYt,392,15,0.09671890558412015,
8,XYt,393,15,0.09785953600660231,
8,XYt,394,15,0.09703162869687842,
8,XYt,395,15,0.09873021394462451,
8,XYt,396,15,0.09810070926609925,
8,XYt,397,15,0.09935690622868451,
8,XYt,398,15,0.09817980588885343,
8,XYt,399,15,0.09845317116548992,
8,XYt,400,15,0.09729546853103285,
8,XYt,401,15,0.0976277885117352,
8,XYt,402,15,0.09660488761680038,
8,XYt,403,15,0.09725038639616441,
8,XYt,404,15,0.09650667510637695,
8,XYt,405,15,0.09725925361252197,
8,XYt,406,15,0.09705196301117551,
8,XYt,407,15,0.0974652211631484,
8,XYt,408,15,0.09682479686604675,
8,XYt,409,15,0.09822236218492084,
8,XYt,410,15,0.09693596433012443,
8,XYt,411,15,0.09875701481090898,
8,XYt,412,15,0.09916828738629904,
8,XYt,413,15,0.09978085400582387,
8,XYt,414,15,0.09991693873894279,
8,XYt,415,15,0.10023853035370726,
8,XYt,416,15,0.10023671859222649,
8,XYt,417,15,0.10124531874051985,
8,XYt,418,15,0.10099991284358077,
8,XYt,419,15,0.101512510304312,
8,XYt,420,15,0.10264216669800827,
8,XYt,421,15,0.10372742639609939,
8,XYt,422,15,0.10495302208008309,
8,XYt,423,15,0.10563874276995039,
8,XYt,424,15,0.10607659579575734,
8,XYt,425,15,0.10734452947498441,
8,XYt,426,15,0.10898643227189853,
8,XYt,427,15,0.10897864042004775,
8,XYt,428,15,0.10895156412675099,
8,XYt,429,15,0.109720552080643,
8,XYt,430,15,0.11018863708013205,
8,XYt,431,15,0.11059752058834994,
8,XYt,432,15,0.11193873604738423,
8,XYt,433,15,0.11360150814596434,
8,XYt,434,15,0.11582774197258656,
8,XYt,435,15,0.11729809355538762,
8,XYt,436,15,0.12008688259111246,
8,XYt,437,15,0.12112490101873483,
8,XYt,438,15,0.1233857452731104,
8,XYt,439,15,0.12489937371028333,
8,XYt,440,15,0.12638901495431365,
8,XYt,441,15,0.1272694626620321,
8,XYt,442,15,0.12807816786252768,
8,XYt,443,15,0.12792504040754563,
8,XYt,444,15,0.12884364380522478,
8,XYt,445,15,0.1295040346585186,
8,XYt,446,15,0.13054574844729105,
8,XYt,447,15,0.13173342225287676,
8,XYt,448,15,0.13368293750192303,
8,XYt,449,15,0.13540204900241687,
8,XYt,450,15,0.13769742403359742,
8,XYt,451,15,0.14080538369437626,
8,XYt,452,15,0.14332966873391667,
8,XYt,453,15,0.14678380267040392,
8,XYt,454,15,0.15052899855751786,
8,XYt,455,15,0.15321199706755784,
8,XYt,456,15,0.15689160584751546,
8,XYt,457,15,0.16079166026536423,
8,XYt,458,15,0.1653577302825462,
8,XYt,459,15,0.17036233375710977,
8,XYt,460,15,0.17677397187167992,
8,XYt,461,15,0.18458910303012596,
8,XYt,462,15,0.19190191772773915,
8,XYt,463,15,0.1917887705961482,
8,XYt,464,15,0.18611463752333926,
8,XYt,465,15,0.17902047644663127,
8,XYt,466,15,0.1655296575956417,
8,XYt,467,15,0.12969906875091322,
8,XYt,468,15,0.12649568231200048,
8,XYt,469,15,0.1262899481186646,
8,XYt,470,15,0.11089922702930642,
8,XYt,471,15,0.10043392952665649,
8,XYt,472,15,0.09586161661163843,
8,XYt,473,15,0.09336619900291789,
8,XYt,474,15,0.0913588285706856,
8,XYt,475,15,0.09156724436474682,
8,XYt,476,15,0.09311792705876333,
8,XYt,477,15,0.09469776508823478,
8,XYt,478,15,0.0960065134603964,
8,XYt,479,15,0.09755350989752831,
8,XYt,480,15,0.09826104251259078,
8,XYt,481,15,0.0986720142244411,
8,XYt,482,15,0.09890075156856898,
8,XYt,483,15,0.0994907992399092,
8,XYt,484,15,0.09975057705437465,
8,XYt,485,15,0.10026491530903069,
8,XYt,486,15,0.10006398698928332,
8,XYt,487,15,0.10019502649990523,
8,XYt,488,15,0.09991236110089378,
8,XYt,489,15,0.10045909577645347,
8,XYt,490,15,0.10047211548141527,
8,XYt,491,15,0.10068861650118881,
8,XYt,492,15,0.09985046275479843,
8,XYt,493,15,0.10000752519256023,
8,XYt,494,15,0.09959535520054409,
8,XYt,495,15,0.10002729039089231,
8,XYt,496,15,0.09954891620595284,
8,XYt,497,15,0.09984988656875152,
8,XYt,498,15,0.09929946941862325,
8,XYt,499,15,0.09993436932864319,
8,XYt,500,15,0.09930029285318481,
8,XYt,501,15,0.09993852155208384,
8,XYt,502,15,0.09918251076296107,
8,XYt,503,15,0.09996329270275724,
8,XYt,504,15,0.09975999666818514,
8,XYt,505,15,0.10037636680959876,
8,XYt,506,15,0.09957247979968788,
8,XYt,507,15,0.1003075186744657,
8,XYt,508,15,0.09976106250152016,
8,XYt,509,15,0.1002900660174515,
8,XYt,510,15,0.09989175331083619,
8,XYt,511,15,0.10019211930716379,
8,XYt,512,15,0.09963096776391037,
8,XYt,513,15,0.10021468173815869,
8,XYt,514,15,0.09972734907231313,
8,XYt,515,15,0.10011437770142124,
8,XYt,516,15,0.09973009176550461,
8,XYt,517,15,0.09977100869080714,
8,XYt,518,15,0.09881340317269942,
8,XYt,519,15,0.09826770927985891,
8,XYt,520,15,0.09719866830348277,
8,XYt,521,15,0.09573344163978012,
8,XYt,522,15,0.09393154447989269,
8,XYt,523,15,0.09189518157118327,
8,XYt,524,15,0.08981755521677141,
8,XYt,525,15,0.0876954661740943,
8,XYt,526,15,0.08664110230641235,
8,XYt,527,15,0.08460797281259312,
8,XYt,528,15,0.083416057136643,
8,XYt,529,15,0.08435116410320441,
8,XYt,530,15,0.08922880915146827,
8,XYt,531,15,0.09969261090675198,
8,XYt,532,15,0.11821627446082497,
8,XYt,533,15,0.13503301200689796,
8,XYt,534,15,0.1302023927689544,
8,XYt,535,15,0.13880534300235767,
8,XYt,536,15,0.19058583387688025,
8,XYt,537,15,0.21112718507590683,
8,XYt,538,15,0.22284495749864522,
8,XYt,539,15,0.2273950762251884,
8,XYt,540,15,0.2276199886826172,
8,XYt,541,15,0.22481885059291434,
8,XYt,542,15,0.22012466011480575,
8,XYt,543,15,0.2097681032425447,
8,XYt,544,15,0.19554883830258532,
8,XYt,545,15,0.17947226675582179,
8,XYt,546,15,0.16613982227124666,
8,XYt,547,15,0.15501310612492644,
8,XYt,548,15,0.14675898883621127,
8,XYt,549,15,0.14043926999190687,
8,XYt,550,15,0.136160191122114,
8,XYt,551,15,0.13367535176746642,
8,XYt,552,15,0.13288458917087254,
8,XYt,553,15,0.13180910778802796,
8,XYt,554,15,0.13200563430649326,
8,XYt,555,15,0.13194957793390036,
8,XYt,556,15,0.13268062443538295,
8,XYt,557,15,0.13311588665234464,
8,XYt,558,15,0.1332291774739961,
8,XYt,559,15,0.13305155607394922,
8,XYt,560,15,0.13379198792684116,
8,XYt,561,15,0.1322796383732205,
8,XYt,562,15,0.12890384491682433,
8,XYt,563,15,0.12403066638033271,
8,XYt,564,15,0.11687819431575894,
8,XYt,565,15,0.1106335551354952,
8,XYt,566,15,0.10635478452161953,
8,XYt,567,15,0.10329335549572578,
8,XYt,568,15,0.10035800892362837,
8,XYt,569,15,0.09865380646095197,
8,XYt,570,15,0.09873436609087664,
8,XYt,571,15,0.09944547870316305,
8,XYt,572,15,0.10007145888074945,
8,XYt,573,15,0.10034860951444531,
8,XYt,574,15,0.10159508161780412,
8,XYt,575,15,0.10350923363350573,
8,XYt,576,15,0.10588426438440506,
8,XYt,577,15,0.10832590107786562,
8,XYt,578,15,0.11034061865342508,
8,XYt,579,15,0.11234024752587936,
8,XYt,580,15,0.11348308122109241,
8,XYt,581,15,0.11479021510258998,
8,XYt,582,15,0.11475333543274993,
8,XYt,583,15,0.11428240422447433,
8,XYt,657,15,0.13597768083028608,
8,XYt,658,15,0.139549396156788,
8,XYt,659,15,0.14452181138244286,
8,XYt,660,15,0.15072399160836888,
8,XYt,661,15,0.15871587414463761,
8,XYt,662,15,0.16931211732082133,
8,XYt,663,15,0.181845031941308,
8,XYt,664,15,0.19582365375782002,
8,XYt,665,15,0.21103654404019145,
8,XYt,666,15,0.22416905121439004,
8,XYt,667,15,0.2353960478820127,
8,XYt,668,15,0.246716890754495,
8,XYt,669,15,0.25891968443855107,
8,XYt,670,15,0.2659307562287066,
8,XYt,671,15,0.2673384473614045,
8,XYt,672,15,0.2598155241853579,
8,XYt,673,15,0.2539152367829654,
8,XYt,674,15,0.24898199038511318,
8,XYt,675,15,0.21967597000801964,
8,XYt,676,15,0.1707753388837236,
8,XYt,677,15,0.13289940537858883,
8,XYt,678,15,0.13412242071200467,
8,XYt,679,15,0.13630298579438413,
8,XYt,680,15,0.1286531286783698,
8,XYt,681,15,0.116286020668729,
8,XYt,682,15,0.10337118627358662,
8,XYt,683,15,0.0929621975887652,
8,XYt,684,15,0.08398219144971589,
8,XYt,685,15,0.07684847171831126,
8,XYt,686,15,0.07234235738100164,
8,XYt,687,15,0.07119216932755756,
8,XYt,688,15,0.07156956371268251,
8,XYt,689,15,0.07290590645281675,
8,XYt,690,15,0.07457044360134249,
8,XYt,691,15,0.07702558302401104,
8,XYt,692,15,0.07982984130016454,
8,XYt,693,15,0.08273257698930589,
8,XYt,694,15,0.08573824636823903,
8,XYt,695,15,0.0889347718409792,
8,XYt,696,15,0.09118803061090838,
8,XYt,697,15,0.09303360496256408,
8,XYt,698,15,0.09438393075952921,
8,XYt,699,15,0.0954728065301029,
8,XYt,700,15,0.0955960074854327,
8,XYt,701,15,0.09547124571853748,
8,XYt,702,15,0.09484764992238988,
8,XYt,703,15,0.09402873935540633,
8,XYt,704,15,0.09197197006200537,
8,XYt,705,15,0.08901300788547473,
8,XYt,706,15,0.08580805280436275,
8,XYt,707,15,0.08422063564727923,
8,XYt,708,15,0.08905394527670461,
8,XYt,709,15,0.11164447167127348,
8,XYt,710,15,0.07943610384086966,
8,XYt,711,15,0.07028102720044964,
8,XYt,712,15,0.06751046208994964,
8,XYt,713,15,0.07843791781577923,
8,XYt,714,15,0.09269405305425665,
8,XYt,715,15,0.10228822599767658,
8,XYt,716,15,0.10899733196754655,
8,XYt,717,15,0.114485055119045,
8,XYt,718,15,0.11059314746006764,
8,XYt,719,15,0.09681159327228914,
8,XYt,720,15,0.09962296351895553,
8,XYt,721,15,0.110822507980945,
8,XYt,722,15,0.12490723599096053,
8,XYt,723,15,0.13736930769571454,
8,XYt,724,15,0.1524827506672003,
8,XYt,725,15,0.17631042896068652,
8,XYt,726,15,0.19175911559981937,
8,XYt,727,15,0.20097498577799433,
8,XYt,584,15,0.1124326014462055,
8,XYt,585,15,0.10965453383524704,
8,XYt,586,15,0.1051821164463795,
8,XYt,587,15,0.09891159391982184,
8,XYt,588,15,0.09451024211245955,
8,XYt,589,15,0.09112496395214449,
8,XYt,590,15,0.08840112750787434,
8,XYt,591,15,0.086608109183794,
8,XYt,592,15,0.08251860038062443,
8,XYt,593,15,0.07941320607459666,
8,XYt,594,15,0.07824688344329377,
8,XYt,595,15,0.07921740975094002,
8,XYt,596,15,0.08110351933694578,
8,XYt,597,15,0.08369607364284469,
8,XYt,598,15,0.08630957890666739,
8,XYt,599,15,0.08908549323289913,
8,XYt,600,15,0.0918594541691338,
8,XYt,601,15,0.09459692681687543,
8,XYt,602,15,0.09686324017572728,
8,XYt,603,15,0.09900151119516169,
8,XYt,604,15,0.1013820624567359,
8,XYt,605,15,0.10286470132425597,
8,XYt,606,15,0.10296579720070059,
8,XYt,607,15,0.10195044805493302,
8,XYt,608,15,0.10040392884672737,
8,XYt,609,15,0.0983201265081959,
8,XYt,610,15,0.09549711077276947,
8,XYt,611,15,0.09237711874927405,
8,XYt,612,15,0.08920400387502946,
8,XYt,613,15,0.08616914655493615,
8,XYt,614,15,0.08383052547353431,
8,XYt,615,15,0.08145082932877024,
8,XYt,616,15,0.0789259098051577,
8,XYt,617,15,0.0772060322607897,
8,XYt,618,15,0.0772691875455258,
8,XYt,619,15,0.07791527662020542,
8,XYt,620,15,0.08011688927754175,
8,XYt,621,15,0.0839337331074158,
8,XYt,622,15,0.08729348545212635,
8,XYt,623,15,0.08970048755280564,
8,XYt,624,15,0.09411514915318694,
8,XYt,625,15,0.09490851030986765,
8,XYt,626,15,0.10044162714750278,
8,XYt,627,15,0.10497643491247875,
8,XYt,628,15,0.1089477274896639,
8,XYt,629,15,0.11160412908678599,
8,XYt,630,15,0.11269166137529314,
8,XYt,631,15,0.11267547810908486,
8,XYt,632,15,0.11220948411009772,
8,XYt,633,15,0.11100609618247424,
8,XYt,634,15,0.10870063880080091,
8,XYt,635,15,0.10632748520318956,
8,XYt,636,15,0.10341863754637921,
8,XYt,637,15,0.10076618751810411,
8,XYt,638,15,0.09901679750896493,
8,XYt,639,15,0.09699218566373977,
8,XYt,640,15,0.09612362496109671,
8,XYt,641,15,0.09549567103686424,
8,XYt,642,15,0.09515488444378543,
8,XYt,643,15,0.09440314075084225,
8,XYt,644,15,0.09414112091426609,
8,XYt,645,15,0.09498491242874971,
8,XYt,646,15,0.09740667682595365,
8,XYt,647,15,0.10244397850094654,
8,XYt,648,15,0.10859542517787704,
8,XYt,649,15,0.11326461145757782,
8,XYt,650,15,0.11940342759526824,
8,XYt,651,15,0.12386822056353278,
8,XYt,652,15,0.12798240459433965,
8,XYt,653,15,0.13032354319006095,
8,XYt,654,15,0.131822827149849,
8,XYt,655,15,0.13298706677153666,
8,XYt,656,15,0.13395144204503553,
8,YZt,0,15,4.406707059695517,
8,YZt,1,15,0.5599581979900548,
8,YZt,2,15,0.43460695502550223,
8,YZt,3,15,0.3791711563629974,
8,YZt,4,15,0.2840301912050037,
8,YZt,5,15,0.38543839016098996,
8,YZt,6,15,0.3640963569167299,
8,YZt,7,15,0.2878194441522173,
8,YZt,8,15,0.3174336061324655,
8,YZt,9,15,0.2799425608449692,
8,YZt,10,15,0.2959485255864548,
8,YZt,11,15,0.2688700931744055,
8,YZt,12,15,0.2848905466035716,
8,YZt,13,15,0.25878137683392105,
8,YZt,14,15,0.2600092929141889,
8,YZt,15,15,0.2637243820430882,
8,YZt,16,15,0.25212592248148596,
8,YZt,17,15,0.25807653792046814,
8,YZt,18,15,0.2485788102023043,
8,YZt,19,15,0.2355912576413546,
8,YZt,20,15,0.252191034827781,
8,YZt,21,15,0.24231745601944835,
8,YZt,22,15,0.239753737439405,
8,YZt,23,15,0.24369151372486555,
8,YZt,24,15,0.2455910777152887,
8,YZt,25,15,0.24735795090884594,
8,YZt,26,15,0.247280427788569,
8,YZt,27,15,0.24949543240513344,
8,YZt,28,15,0.25460858197412584,
8,YZt,29,15,0.24880458168466596,
8,YZt,30,15,0.2579615070942456,
8,YZt,31,15,0.26112109068646505,
8,YZt,32,15,0.25914441059463583,
8,YZt,33,15,0.26605751515513343,
8,YZt,34,15,0.2668291146538249,
8,YZt,35,15,0.26378645318815835,
8,YZt,36,15,0.2584814584589874,
8,YZt,37,15,0.26213607420108187,
8,YZt,38,15,0.25581957795165994,
8,YZt,39,15,0.24285474457862646,
8,YZt,40,15,0.2326725788094381,
8,YZt,41,15,0.22867774121266843,
8,YZt,42,15,0.2260656201851387,
8,YZt,43,15,0.2175477342658893,
8,YZt,44,15,0.20657100088887068,
8,YZt,45,15,0.20107471800697882,
8,YZt,46,15,0.1970947104416112,
8,YZt,47,15,0.18870188523226092,
8,YZt,48,15,0.18421083632331706,
8,YZt,49,15,0.18820207657601493,
8,YZt,50,15,0.1823775743295107,
8,YZt,51,15,0.17979028533050115,
8,YZt,52,15,0.17747109945305686,
8,YZt,53,15,0.1869941754466383,
8,YZt,54,15,0.18621685062334198,
8,YZt,55,15,0.18723485307005594,
8,YZt,56,15,0.18857639248933056,
8,YZt,57,15,0.19559096044397425,
8,YZt,58,15,0.19478883349403067,
8,YZt,59,15,0.1941438046028062,
8,YZt,60,15,0.20052002623970455,
8,YZt,61,15,0.19648305609580094,
8,YZt,62,15,0.17614390470633454,
8,YZt,63,15,0.16280872888617973,
8,YZt,64,15,0.15444693729407866,
8,YZt,65,15,0.13447196201844616,
8,YZt,66,15,0.1094896228962313,
8,YZt,67,15,0.09727200575917079,
8,YZt,68,15,0.08418234963078701,
8,YZt,69,15,0.07535348670222101,
8,YZt,70,15,0.06976605989269952,
8,YZt,71,15,0.06658642117658452,
8,YZt,72,15,0.06648995771930796,
8,YZt,73,15,0.06412229649345415,
8,YZt,74,15,0.06341961628840324,
8,YZt,75,15,0.06213267538347168,
8,YZt,76,15,0.061567943942542384,
8,YZt,77,15,0.061853296539715275,
8,YZt,78,15,0.06152304440247596,
8,YZt,79,15,0.06354075389314608,
8,YZt,80,15,0.06386087093701218,
8,YZt,81,15,0.06303316415510368,
8,YZt,82,15,0.06268205500670315,
8,YZt,83,15,0.05932230298813691,
8,YZt,84,15,0.06143088460129684,
8,YZt,85,15,0.06240988900994544,
8,YZt,86,15,0.06349656219437393,
8,YZt,87,15,0.06483088993160274,
8,YZt,88,15,0.06407822140465666,
8,YZt,89,15,0.06447330958283051,
8,YZt,90,15,0.06554210155493287,
8,YZt,91,15,0.06476361655393338,
8,YZt,92,15,0.06466833037570999,
8,YZt,93,15,0.06499124575400836,
8,YZt,94,15,0.0637538054296054,
8,YZt,95,15,0.06428094050224832,
8,YZt,96,15,0.06527066781427789,
8,YZt,97,15,0.06539550802447505,
8,YZt,98,15,0.06374420426465383,
8,YZt,99,15,0.0641047078313288,
8,YZt,100,15,0.06509237515694452,
8,YZt,101,15,0.06566765503572575,
8,YZt,102,15,0.06480618448972912,
8,YZt,103,15,0.06449465606332336,
8,YZt,104,15,0.06462611640836978,
8,YZt,105,15,0.06595734385722013,
8,YZt,106,15,0.0679163946166855,
8,YZt,107,15,0.06887919235800605,
8,YZt,108,15,0.07069931447843891,
8,YZt,109,15,0.07207502691354059,
8,YZt,110,15,0.07319953677879218,
8,YZt,111,15,0.074504937318146,
8,YZt,112,15,0.07615840670065188,
8,YZt,113,15,0.07826944289961302,
8,YZt,114,15,0.07840766498060105,
8,YZt,115,15,0.07847701181802472,
8,YZt,116,15,0.0793568672994053,
8,YZt,117,15,0.07922033602883756,
8,YZt,118,15,0.07850840650725632,
8,YZt,119,15,0.07734910741843803,
8,YZt,120,15,0.0761185328926378,
8,YZt,121,15,0.07511374805220544,
8,YZt,122,15,0.07407346865955099,
8,YZt,123,15,0.07308594707227431,
8,YZt,124,15,0.0718741872432562,
8,YZt,125,15,0.07209852191404158,
8,YZt,126,15,0.07152672674465718,
8,YZt,127,15,0.07180937180393752,
8,YZt,128,15,0.07234304076360884,
8,YZt,129,15,0.07313511376636406,
8,YZt,130,15,0.07414498840318383,
8,YZt,131,15,0.07484862489492741,
8,YZt,132,15,0.07479208302958608,
8,YZt,133,15,0.07511073443000832,
8,YZt,134,15,0.07638304722280699,
8,YZt,135,15,0.076290110736573,
8,YZt,136,15,0.07730693481508574,
8,YZt,137,15,0.07810869213433605,
8,YZt,138,15,0.07798477117630524,
8,YZt,139,15,0.07764619166418321,
8,YZt,140,15,0.07829973986796496,
8,YZt,141,15,0.07891624647772601,
8,YZt,142,15,0.07804248867533792,
8,YZt,143,15,0.07688467815816656,
8,YZt,144,15,0.07617241385783369,
8,YZt,145,15,0.07545515006797998,
8,YZt,146,15,0.07495661129998019,
8,YZt,147,15,0.07380098622193317,
8,YZt,148,15,0.07201414935545411,
8,YZt,149,15,0.07005803859367439,
8,YZt,150,15,0.06907088133693946,
8,YZt,151,15,0.06894067207251392,
8,YZt,152,15,0.06875676813848339,
8,YZt,153,15,0.07050527790394803,
8,YZt,154,15,0.07157993982086133,
8,YZt,155,15,0.07224517492745654,
8,YZt,156,15,0.0733545150793981,
8,YZt,157,15,0.07429527420102558,
8,YZt,158,15,0.07529128872987852,
8,YZt,159,15,0.07435354498327888,
8,YZt,160,15,0.072560394102375,
8,YZt,161,15,0.07163945821752513,
8,YZt,162,15,0.07268188560217033,
8,YZt,163,15,0.0715377081990394,
8,YZt,164,15,0.06903679176234262,
8,YZt,165,15,0.06786182397319125,
8,YZt,166,15,0.06848978077752249,
8,YZt,167,15,0.06718668492590968,
8,YZt,168,15,0.06631613617446896,
8,YZt,169,15,0.06572566594655027,
8,YZt,170,15,0.06358009300237662,
8,YZt,171,15,0.06245083976627234,
8,YZt,172,15,0.06470327555760359,
8,YZt,173,15,0.06560052619531409,
8,YZt,174,15,0.06623170418313493,
8,YZt,175,15,0.06606146885322137,
8,YZt,176,15,0.06274853151324995,
8,YZt,177,15,0.06266214392932126,
8,YZt,178,15,0.060658880629994034,
8,YZt,179,15,0.061370785170745915,
8,YZt,180,15,0.06232800525919073,
8,YZt,181,15,0.06202100666369867,
8,YZt,182,15,0.06376639354731127,
8,YZt,183,15,0.06417923288572812,
8,YZt,184,15,0.06831970124265481,
8,YZt,185,15,0.07513918089168371,
8,YZt,186,15,0.08649147369759673,
8,YZt,187,15,0.0965031766293208,
8,YZt,188,15,0.1151570310363628,
8,YZt,189,15,0.15775048344572934,
8,YZt,190,15,0.17631732465353672,
8,YZt,191,15,0.19967408392038377,
8,YZt,192,15,0.23995437469749858,
8,YZt,193,15,0.2671984380199681,
8,YZt,194,15,0.29302757495498866,
8,YZt,195,15,0.29638827529550044,
8,YZt,196,15,0.3037449722045359,
8,YZt,197,15,0.2978075489075971,
8,YZt,198,15,0.3073458579767968,
8,YZt,199,15,0.30932517713150215,
8,YZt,200,15,0.29967390732321775,
8,YZt,201,15,0.29795291794811596,
8,YZt,202,15,0.2979550938102537,
8,YZt,203,15,0.28773071364751795,
8,YZt,204,15,0.29036611300209186,
8,YZt,205,15,0.2913298786256313,
8,YZt,206,15,0.29092180103162124,
8,YZt,207,15,0.27275609620515995,
8,YZt,208,15,0.2763531576451548,
8,YZt,209,15,0.2759551117184165,
8,YZt,210,15,0.27846452684631656,
8,YZt,211,15,0.26370526730603405,
8,YZt,212,15,0.2652787476249947,
8,YZt,213,15,0.2669006811002394,
8,YZt,214,15,0.26109189903267904,
8,YZt,215,15,0.25637251828725915,
8,YZt,216,15,0.25939187596640306,
8,YZt,217,15,0.25725651431645874,
8,YZt,218,15,0.25007452734688645,
8,YZt,219,15,0.24384833735282713,
8,YZt,220,15,0.24572948776386302,
8,YZt,221,15,0.2498560812295396,
8,YZt,222,15,0.249942764447846,
8,YZt,223,15,0.23867782864191214,
8,YZt,224,15,0.241265782273135,
8,YZt,225,15,0.24309365037883723,
8,YZt,226,15,0.2396331440755056,
8,YZt,227,15,0.23173184325368268,
8,YZt,228,15,0.23495607274534605,
8,YZt,229,15,0.23303037372414595,
8,YZt,230,15,0.2220778417607522,
8,YZt,231,15,0.23068009620492982,
8,YZt,232,15,0.2280689648438818,
8,YZt,233,15,0.2242721958169062,
8,YZt,234,15,0.22637417788322023,
8,YZt,235,15,0.22792712762726577,
8,YZt,236,15,0.2257556696591603,
8,YZt,237,15,0.22436985046042127,
8,YZt,238,15,0.22840256232701905,
8,YZt,239,15,0.2367468836492665,
8,YZt,240,15,0.2260361860759776,
8,YZt,241,15,0.2370486901559906,
8,YZt,242,15,0.24856619897157994,
8,YZt,243,15,0.24486570966868446,
8,YZt,244,15,0.2580607850708279,
8,YZt,245,15,0.25370071164961794,
8,YZt,246,15,0.2528119345051134,
8,YZt,247,15,0.2805051464443534,
8,YZt,248,15,0.2660126420818525,
8,YZt,249,15,0.2931750206470293,
8,YZt,250,15,0.2764325497876863,
8,YZt,251,15,0.3121595691647165,
8,YZt,252,15,0.2826021567731385,
8,YZt,253,15,0.35652593125887033,
8,YZt,254,15,0.37900436163838336,
8,YZt,255,15,0.2801654071314749,
8,YZt,256,15,0.36972411986780496,
8,YZt,257,15,0.4257641545725706,
8,YZt,258,15,0.5510645057733016,
8,YZt,259,15,4.313220851884222,
8,XZt,0,15,4.610118860820759,
8,XZt,1,15,0.5578439766716802,
8,XZt,2,15,0.42319825803329064,
8,XZt,3,15,0.36695475112554765,
8,XZt,4,15,0.2716024825646922,
8,XZt,5,15,0.3895449385671602,
8,XZt,6,15,0.36931686299599836,
8,XZt,7,15,0.2986242282563252,
8,XZt,8,15,0.32209808705069715,
8,XZt,9,15,0.28526130948328365,
8,XZt,10,15,0.3048093142606536,
8,XZt,11,15,0.27952445077791754,
8,XZt,12,15,0.29414153756671824,
8,XZt,13,15,0.26815952502227464,
8,XZt,14,15,0.2698504112515417,
8,XZt,15,15,0.2750263717105898,
8,XZt,16,15,0.2640393864347221,
8,XZt,17,15,0.2685527799410906,
8,XZt,18,15,0.25790782629578135,
8,XZt,19,15,0.2467647818563178,
8,XZt,20,15,0.25800788235379746,
8,XZt,21,15,0.24991357252884336,
8,XZt,22,15,0.2464842148344791,
8,XZt,23,15,0.24730807876832675,
8,XZt,24,15,0.24734364037130008,
8,XZt,25,15,0.24432245311759465,
8,XZt,26,15,0.24188229472371608,
8,XZt,27,15,0.24285834576929397,
8,XZt,28,15,0.24124007788702434,
8,XZt,29,15,0.22941169388380125,
8,XZt,30,15,0.23673996404270037,
8,XZt,31,15,0.23807358862358335,
8,XZt,32,15,0.22920376020057212,
8,XZt,33,15,0.23290884598008577,
8,XZt,34,15,0.2352181996355218,
8,XZt,35,15,0.23089413097548603,
8,XZt,36,15,0.22332787487113426,
8,XZt,37,15,0.22896010686584561,
8,XZt,38,15,0.2289233718601459,
8,XZt,39,15,0.2210543458324406,
8,XZt,40,15,0.2164187983807246,
8,XZt,41,15,0.22133152965386932,
8,XZt,42,15,0.22569488740956473,
8,XZt,43,15,0.2252203891335842,
8,XZt,44,15,0.22015229331234656,
8,XZt,45,15,0.22136071770142599,
8,XZt,46,15,0.22449401239841585,
8,XZt,47,15,0.2201299003738272,
8,XZt,48,15,0.21675332328162886,
8,XZt,49,15,0.22694784638169796,
8,XZt,50,15,0.22134569640217802,
8,XZt,51,15,0.21837344720431506,
8,XZt,52,15,0.21413056701583646,
8,XZt,53,15,0.22600620996025655,
8,XZt,54,15,0.223928068701297,
8,XZt,55,15,0.2194366567418639,
8,XZt,56,15,0.21546778380927323,
8,XZt,57,15,0.22204774072235464,
8,XZt,58,15,0.21828209673606463,
8,XZt,59,15,0.21521435924806911,
8,XZt,60,15,0.2204041253078807,
8,XZt,61,15,0.21709732754935698,
8,XZt,62,15,0.20771566119898066,
8,XZt,63,15,0.21304556977726075,
8,XZt,64,15,0.21045093680769608,
8,XZt,65,15,0.21069000184184677,
8,XZt,66,15,0.2040088380652404,
8,XZt,67,15,0.20018284574780765,
8,XZt,68,15,0.1928403416161985,
8,XZt,69,15,0.1886431732822542,
8,XZt,70,15,0.1797388569368829,
8,XZt,71,15,0.1662098254665777,
8,XZt,72,15,0.15816139966456916,
8,XZt,73,15,0.1477648924582415,
8,XZt,74,15,0.14091057326772888,
8,XZt,75,15,0.13326513179437824,
8,XZt,76,15,0.12471805742417978,
8,XZt,77,15,0.12020169993839892,
8,XZt,78,15,0.1125984607449184,
8,XZt,79,15,0.10925746108363257,
8,XZt,80,15,0.10349753904649753,
8,XZt,81,15,0.09901165782668951,
8,XZt,82,15,0.09733094909624644,
8,XZt,83,15,0.09206940040020446,
8,XZt,84,15,0.09174289213557386,
8,XZt,85,15,0.08851489828817263,
8,XZt,86,15,0.0871113453967906,
8,XZt,87,15,0.08653314752798945,
8,XZt,88,15,0.08359825953371665,
8,XZt,89,15,0.0835913104748324,
8,XZt,90,15,0.08379954566939024,
8,XZt,91,15,0.08216681762937363,
8,XZt,92,15,0.08121552326751144,
8,XZt,93,15,0.08116354764901279,
8,XZt,94,15,0.07918752680283324,
8,XZt,95,15,0.07877409897523469,
8,XZt,96,15,0.0783376103512245,
8,XZt,97,15,0.0772048134463639,
8,XZt,98,15,0.07450846621407041,
8,XZt,99,15,0.07353044591246197,
8,XZt,100,15,0.0733161705927075,
8,XZt,101,15,0.07246276444904184,
8,XZt,102,15,0.0702851310896481,
8,XZt,103,15,0.0690270997468036,
8,XZt,104,15,0.06775499642864283,
8,XZt,105,15,0.06695539338303635,
8,XZt,106,15,0.06616044411378103,
8,XZt,107,15,0.06392880018784862,
8,XZt,108,15,0.06348882568155162,
8,XZt,109,15,0.06258931502921973,
8,XZt,110,15,0.06214921383635439,
8,XZt,111,15,0.062109627407136624,
8,XZt,112,15,0.061694966527558535,
8,XZt,113,15,0.0612720485534512,
8,XZt,114,15,0.06052229269514138,
8,XZt,115,15,0.06016659194504915,
8,XZt,116,15,0.0601445778806734,
8,XZt,117,15,0.060129398131521315,
8,XZt,118,15,0.0602938372256763,
8,XZt,119,15,0.06007230642602362,
8,XZt,120,15,0.05971589942027254,
8,XZt,121,15,0.059697885174914186,
8,XZt,122,15,0.059743716692814496,
8,XZt,123,15,0.05948036767796611,
8,XZt,124,15,0.05952953340857393,
8,XZt,125,15,0.06008560862951262,
8,XZt,126,15,0.06005462456713512,
8,XZt,127,15,0.059991094676289956,
8,XZt,128,15,0.05972348100635083,
8,XZt,129,15,0.059674612483745886,
8,XZt,130,15,0.05973400883675966,
8,XZt,131,15,0.05978598273585525,
8,XZt,132,15,0.059901328331570254,
8,XZt,133,15,0.06016709275740126,
8,XZt,134,15,0.060593937335069376,
8,XZt,135,15,0.06008602672220542,
8,XZt,136,15,0.060339963646305145,
8,XZt,137,15,0.060789624109738115,
8,XZt,138,15,0.061175389445940254,
8,XZt,139,15,0.06132893930618865,
8,XZt,140,15,0.06174835644387225,
8,XZt,141,15,0.06190983049595089,
8,XZt,142,15,0.061773175289031916,
8,XZt,143,15,0.061699395730890116,
8,XZt,144,15,0.061915433925394926,
8,XZt,145,15,0.062381038149955895,
8,XZt,146,15,0.06321623629229119,
8,XZt,147,15,0.06395560168073405,
8,XZt,148,15,0.06438751183729505,
8,XZt,149,15,0.06439459707199713,
8,XZt,150,15,0.06529484514657828,
8,XZt,151,15,0.06660034978942894,
8,XZt,152,15,0.0674253113272103,
8,XZt,153,15,0.07021924155472682,
8,XZt,154,15,0.07140627730050247,
8,XZt,155,15,0.07192051864191558,
8,XZt,156,15,0.07375128592170781,
8,XZt,157,15,0.07523385385067623,
8,XZt,158,15,0.07758376558723667,
8,XZt,159,15,0.07869727778231174,
8,XZt,160,15,0.07929249778738122,
8,XZt,161,15,0.08097850431504662,
8,XZt,162,15,0.08460663750309817,
8,XZt,163,15,0.08621463032661174,
8,XZt,164,15,0.08700226316616132,
8,XZt,165,15,0.08841905034715342,
8,XZt,166,15,0.09099225794579219,
8,XZt,167,15,0.09172877948992501,
8,XZt,168,15,0.09366524326793356,
8,XZt,169,15,0.09701494603151213,
8,XZt,170,15,0.09686373116179821,
8,XZt,171,15,0.09729383493561146,
8,XZt,172,15,0.100016017353703,
8,XZt,173,15,0.09974663118301567,
8,XZt,174,15,0.09935083827468164,
8,XZt,175,15,0.09980010695596368,
8,XZt,176,15,0.09741945316779008,
8,XZt,177,15,0.09967133666251007,
8,XZt,178,15,0.09666266250241937,
8,XZt,179,15,0.09619181726467248,
8,XZt,180,15,0.09543255838677066,
8,XZt,181,15,0.09273622943031501,
8,XZt,182,15,0.09367789276239595,
8,XZt,183,15,0.09330136210456369,
8,XZt,184,15,0.09443882167459125,
8,XZt,185,15,0.09684712027885375,
8,XZt,186,15,0.09761679295720058,
8,XZt,187,15,0.10094979291972667,
8,XZt,188,15,0.1038440676281574,
8,XZt,189,15,0.10931500649553733,
8,XZt,190,15,0.11322137201289062,
8,XZt,191,15,0.11580864805423007,
8,XZt,192,15,0.11959480601301647,
8,XZt,193,15,0.12122018983501827,
8,XZt,194,15,0.12464490960360947,
8,XZt,195,15,0.12573018607394143,
8,XZt,196,15,0.12781482125480723,
8,XZt,197,15,0.12384847796654927,
8,XZt,198,15,0.12773503525733482,
8,XZt,199,15,0.129201923189156,
8,XZt,200,15,0.12616164834274016,
8,XZt,201,15,0.12539412828663424,
8,XZt,202,15,0.1258449330054147,
8,XZt,203,15,0.12216863196963912,
8,XZt,204,15,0.123060917127662,
8,XZt,205,15,0.12335640685779876,
8,XZt,206,15,0.12295131574744682,
8,XZt,207,15,0.11715565009003295,
8,XZt,208,15,0.1182146367139238,
8,XZt,209,15,0.1186350009217824,
8,XZt,210,15,0.12121941640163367,
8,XZt,211,15,0.11797898265983552,
8,XZt,212,15,0.12118323913170613,
8,XZt,213,15,0.12623282044253195,
8,XZt,214,15,0.13042200510125496,
8,XZt,215,15,0.13606445784345306,
8,XZt,216,15,0.1484619067990651,
8,XZt,217,15,0.1593897962115947,
8,XZt,218,15,0.16855217994578192,
8,XZt,219,15,0.1773770020717571,
8,XZt,220,15,0.1904268792871276,
8,XZt,221,15,0.20497681360309417,
8,XZt,222,15,0.21492238925816431,
8,XZt,223,15,0.21293705090784468,
8,XZt,224,15,0.2228890612486174,
8,XZt,225,15,0.23041122691146965,
8,XZt,226,15,0.23005446523309422,
8,XZt,227,15,0.22481403692431595,
8,XZt,228,15,0.2332499105692909,
8,XZt,229,15,0.2327934576541746,
8,XZt,230,15,0.22396214639731574,
8,XZt,231,15,0.23807129873957056,
8,XZt,232,15,0.23714515302024544,
8,XZt,233,15,0.236214940086107,
8,XZt,234,15,0.24031568934767095,
8,XZt,235,15,0.24435729462585126,
8,XZt,236,15,0.2446943042709975,
8,XZt,237,15,0.24142872965694467,
8,XZt,238,15,0.2483431777966331,
8,XZt,239,15,0.255777893313285,
8,XZt,240,15,0.24256353157146243,
8,XZt,241,15,0.25431728057805825,
8,XZt,242,15,0.26525625539062947,
8,XZt,243,15,0.26200188457507795,
8,XZt,244,15,0.27158287682334514,
8,XZt,245,15,0.2675313181325277,
8,XZt,246,15,0.2672001489246266,
8,XZt,247,15,0.294146857482146,
8,XZt,248,15,0.28040059755394164,
8,XZt,249,15,0.3064472590796856,
8,XZt,250,15,0.28828655167112816,
8,XZt,251,15,0.32588120692915107,
8,XZt,252,15,0.30593057460274065,
8,XZt,253,15,0.37528423735063204,
8,XZt,254,15,0.3936236096029443,
8,XZt,255,15,0.28254086717285287,
8,XZt,256,15,0.37622668243415314,
8,XZt,257,15,0.4362947738300465,
8,XZt,258,15,0.5687261796030576,
8,XZt,259,15,4.380352867353399,
9,XYt,0,15,0.12017005612367877,
9,XYt,1,15,0.14043889823774458,
9,XYt,2,15,0.12811553905280937,
9,XYt,3,15,0.10737550440365641,
9,XYt,4,15,0.09290675222696634,
9,XYt,5,15,0.07977306904463179,
9,XYt,6,15,0.06440236063660668,
9,XYt,7,15,0.05121228361885336,
9,XYt,8,12,0.048653805756104104,
9,XYt,9,14,0.04880642979029683,
9,XYt,10,15,0.05196358654669115,
9,XYt,11,15,0.053538092329176404,
9,XYt,12,15,0.05599301912048124,
9,XYt,13,15,0.06491627157615357,
9,XYt,14,15,0.07288855416365415,
9,XYt,15,15,0.07982840145500125,
9,XYt,16,15,0.08594845660037598,
9,XYt,17,15,0.07854063095395486,
9,XYt,18,15,0.07447312484915053,
9,XYt,19,15,0.07637271817380561,
9,XYt,20,15,0.07526742827985297,
9,XYt,21,15,0.07206339169689839,
9,XYt,22,15,0.0637795858961302,
9,XYt,23,15,0.05186155105366957,
9,XYt,24,9,0.04850213507123213,
9,XYt,25,3,0.04782779076048598,
9,XYt,26,1,0.04345824602542025,
9,XYt,27,1,0.04683618936689361,
9,XYt,28,4,0.0495617300757451,
9,XYt,29,12,0.049687978129356984,
9,XYt,30,15,0.05752149704873473,
9,XYt,31,15,0.06936751334947858,
9,XYt,32,15,0.07929900182714578,
9,XYt,33,15,0.08622932747277409,
9,XYt,34,15,0.08923887701044363,
9,XYt,35,15,0.08729842008283738,
9,XYt,36,15,0.07897677209229988,
9,XYt,37,15,0.06321666156378832,
9,XYt,38,15,0.058462151975676696,
9,XYt,39,15,0.09407026859455365,
9,XYt,40,15,0.17075508828982255,
9,XYt,41,15,0.260547186701129,
9,XYt,42,15,0.3406952948600811,
9,XYt,43,15,0.35376199407201664,
9,XYt,44,15,0.31708333540781614,
9,XYt,45,15,0.2651575082021041,
9,XYt,46,15,0.22667492577796294,
9,XYt,47,15,0.21629228247175025,
9,XYt,48,15,0.23771867425956866,
9,XYt,49,15,0.2551713074212202,
9,XYt,50,15,0.26369164074503537,
9,XYt,51,15,0.26738215571442253,
9,XYt,52,15,0.2673408985708821,
9,XYt,53,15,0.2663560282244226,
9,XYt,54,15,0.26075245708427647,
9,XYt,55,15,0.2452164711244963,
9,XYt,56,15,0.22024606404014976,
9,XYt,57,15,0.19218418896700132,
9,XYt,58,15,0.16955267150418207,
9,XYt,59,15,0.1498795030230121,
9,XYt,60,15,0.1338454882564406,
9,XYt,61,15,0.1236687203073769,
9,XYt,62,15,0.11906765148978044,
9,XYt,63,15,0.11682654178068151,
9,XYt,64,15,0.11557397619413662,
9,XYt,65,15,0.11408934977098677,
9,XYt,66,15,0.11307306640972097,
9,XYt,67,15,0.11153035547439055,
9,XYt,68,15,0.1106587776897234,
9,XYt,69,15,0.10875080359582867,
9,XYt,70,15,0.10782558230483083,
9,XYt,71,15,0.10651276864603214,
9,XYt,72,15,0.10588808444500791,
9,XYt,73,15,0.1045562245561749,
9,XYt,74,15,0.10391400683253783,
9,XYt,75,15,0.10293096745454544,
9,XYt,76,15,0.10145571232573977,
9,XYt,77,15,0.09903339516830975,
9,XYt,78,15,0.09769284777674339,
9,XYt,79,15,0.0976685077911654,
9,XYt,80,15,0.09820017411778893,
9,XYt,81,15,0.09851762757601731,
9,XYt,82,15,0.0982932289626464,
9,XYt,83,15,0.09621381738621973,
9,XYt,84,15,0.09389392363641495,
9,XYt,85,15,0.0920874509946271,
9,XYt,86,15,0.09125547379058213,
9,XYt,87,15,0.0906971794183384,
9,XYt,88,15,0.09056486574004378,
9,XYt,89,15,0.09068757868913317,
9,XYt,90,15,0.0902939642045751,
9,XYt,91,15,0.08931673027751387,
9,XYt,92,15,0.08735166647814607,
9,XYt,93,15,0.08598162215396367,
9,XYt,94,15,0.08505030706649859,
9,XYt,95,15,0.08461770753262907,
9,XYt,96,15,0.0842553936116314,
9,XYt,97,15,0.08405596833116727,
9,XYt,98,15,0.08406349524828714,
9,XYt,99,15,0.08394404604164686,
9,XYt,100,15,0.08310780838478356,
9,XYt,101,15,0.08242739203527256,
9,XYt,102,15,0.08185968699997058,
9,XYt,103,15,0.08186618891837134,
9,XYt,104,15,0.08186406353291667,
9,XYt,105,15,0.08252837460988036,
9,XYt,106,15,0.08280059857254086,
9,XYt,107,15,0.08294486474127369,
9,XYt,108,15,0.08354813004635347,
9,XYt,109,15,0.08396301772143089,
9,XYt,110,15,0.08435412800449153,
9,XYt,111,15,0.08470324211526305,
9,XYt,112,15,0.08419710351760049,
9,XYt,113,15,0.08401183596732234,
9,XYt,114,15,0.08406179595772846,
9,XYt,115,15,0.08420310827373716,
9,XYt,116,15,0.08390193185008574,
9,XYt,117,15,0.08397966533773049,
9,XYt,118,15,0.08521478934026246,
9,XYt,119,15,0.08644252914937793,
9,XYt,120,15,0.08615592326304036,
9,XYt,121,15,0.08583816444220436,
9,XYt,122,15,0.08683843506645245,
9,XYt,123,15,0.08965636917395013,
9,XYt,124,15,0.09216512100756662,
9,XYt,125,15,0.09351557832451872,
9,XYt,126,15,0.0937486812524844,
9,XYt,127,15,0.09423370844937123,
9,XYt,128,15,0.09397571806160662,
9,XYt,129,15,0.0950019812701778,
9,XYt,130,15,0.09594863199755622,
9,XYt,131,15,0.09757793938816167,
9,XYt,132,15,0.09956599680172279,
9,XYt,133,15,0.10163726708661565,
9,XYt,134,15,0.10318441282658779,
9,XYt,135,15,0.10324926806696855,
9,XYt,136,15,0.10266737448761692,
9,XYt,137,15,0.10138612278433891,
9,XYt,138,15,0.10215885783238425,
9,XYt,139,15,0.10441264014026724,
9,XYt,140,15,0.1060334952567656,
9,XYt,141,15,0.10683702329453947,
9,XYt,142,15,0.10768967858991509,
9,XYt,143,15,0.10929777747657893,
9,XYt,144,15,0.11142293012976591,
9,XYt,145,15,0.11283113856601706,
9,XYt,146,15,0.1138383436350325,
9,XYt,147,15,0.11485065655267185,
9,XYt,148,15,0.11514077560230274,
9,XYt,149,15,0.1141233704902208,
9,XYt,150,15,0.11327177914024998,
9,XYt,151,15,0.11198084003380361,
9,XYt,152,15,0.11141331143202775,
9,XYt,153,15,0.11064252511632677,
9,XYt,154,15,0.10986778523960489,
9,XYt,155,15,0.1082167649343649,
9,XYt,156,15,0.10635192110888725,
9,XYt,157,15,0.10408870964537789,
9,XYt,158,15,0.10212560585399395,
9,XYt,159,15,0.10114056723949345,
9,XYt,160,15,0.10119401827322488,
9,XYt,161,15,0.10096087585259017,
9,XYt,162,15,0.10015927713937874,
9,XYt,163,15,0.09997042889393494,
9,XYt,164,15,0.09989413759251382,
9,XYt,165,15,0.09886703667488085,
9,XYt,166,15,0.09753782830286158,
9,XYt,167,15,0.09576869721973788,
9,XYt,168,15,0.09481106612254943,
9,XYt,169,15,0.09386161309949974,
9,XYt,170,15,0.09352198788943192,
9,XYt,171,15,0.09266021414101369,
9,XYt,172,15,0.09123283626220263,
9,XYt,173,15,0.08981151177089976,
9,XYt,174,15,0.08910547668971745,
9,XYt,175,15,0.0882805359699719,
9,XYt,176,15,0.08755302273383517,
9,XYt,177,15,0.08689324687865961,
9,XYt,178,15,0.08649274588770568,
9,XYt,179,15,0.08747215466710752,
9,XYt,180,15,0.08768175273640924,
9,XYt,181,15,0.08809616355509917,
9,XYt,182,15,0.088254177302431,
9,XYt,183,15,0.08852606625099456,
9,XYt,184,15,0.08832706801053508,
9,XYt,185,15,0.0884833598185952,
9,XYt,186,15,0.08779269110610742,
9,XYt,187,15,0.0876220960104677,
9,XYt,188,15,0.08722757199519361,
9,XYt,189,15,0.08800931029559074,
9,XYt,190,15,0.08894761578419173,
9,XYt,191,15,0.0907617935999305,
9,XYt,192,15,0.09177683971324391,
9,XYt,193,15,0.09249352186439443,
9,XYt,194,15,0.09118813420903274,
9,XYt,195,15,0.08955672130814586,
9,XYt,196,15,0.08772730739196606,
9,XYt,197,15,0.08722652846991084,
9,XYt,198,15,0.08886742357177957,
9,XYt,199,15,0.09029242779964217,
9,XYt,200,15,0.09006948067765898,
9,XYt,201,15,0.0890993526789012,
9,XYt,202,15,0.0900343821702184,
9,XYt,203,15,0.09274059535786146,
9,XYt,204,15,0.09547301647367674,
9,XYt,205,15,0.09734794100288334,
9,XYt,206,15,0.09743637698245661,
9,XYt,207,15,0.09616798514910403,
9,XYt,208,15,0.09524977133908873,
9,XYt,209,15,0.09570572156007201,
9,XYt,210,15,0.09571360839656723,
9,XYt,211,15,0.0967878602075123,
9,XYt,212,15,0.09822334259251891,
9,XYt,213,15,0.10108963951172133,
9,XYt,214,15,0.10313257270184785,
9,XYt,215,15,0.10478604172962777,
9,XYt,216,15,0.10506161768179681,
9,XYt,217,15,0.10489664122932543,
9,XYt,218,15,0.10541037632638244,
9,XYt,219,15,0.10711227445595212,
9,XYt,220,15,0.1084500728218624,
9,XYt,221,15,0.10956347180283994,
9,XYt,222,15,0.11056960423891771,
9,XYt,223,15,0.11248738873936578,
9,XYt,224,15,0.11472158767914735,
9,XYt,225,15,0.11697063557777657,
9,XYt,226,15,0.11795378969493996,
9,XYt,227,15,0.11802679277507985,
9,XYt,228,15,0.11773401668279154,
9,XYt,229,15,0.11853229071444601,
9,XYt,230,15,0.11939218697644215,
9,XYt,231,15,0.12092249425481556,
9,XYt,232,15,0.12165871910598074,
9,XYt,233,15,0.12229574373932249,
9,XYt,234,15,0.1226224769662493,
9,XYt,235,15,0.12412058803097513,
9,XYt,236,15,0.12492915150521818,
9,XYt,237,15,0.12562724909113016,
9,XYt,238,15,0.12716868489600755,
9,XYt,239,15,0.12874250913832347,
9,XYt,240,15,0.1298236997006198,
9,XYt,241,15,0.13113474862512944,
9,XYt,242,15,0.1313963162402527,
9,XYt,243,15,0.13283160935182448,
9,XYt,244,15,0.13341866135284067,
9,XYt,245,15,0.1347402029449652,
9,XYt,246,15,0.13547184455899383,
9,XYt,247,15,0.13732980548225235,
9,XYt,248,15,0.13990291011158107,
9,XYt,249,15,0.14314108644653067,
9,XYt,250,15,0.147213236985108,
9,XYt,251,15,0.15104222088464392,
9,XYt,252,15,0.15204704806533237,
9,XYt,253,15,0.14585303792533016,
9,XYt,254,15,0.12866372414738575,
9,XYt,255,15,0.11168220638560353,
9,XYt,256,15,0.10941706802558883,
9,XYt,257,15,0.1117068993956009,
9,XYt,258,15,0.10052700955745324,
9,XYt,259,15,0.12251073400492005,
9,XYt,260,15,0.13345311548908145,
9,XYt,261,15,0.1289159947300705,
9,XYt,262,15,0.11880513648375823,
9,XYt,263,15,0.10291540718165972,
9,XYt,264,15,0.09050305153431197,
9,XYt,265,15,0.08444011102326424,
9,XYt,266,15,0.08491710593760163,
9,XYt,267,15,0.08581296644632605,
9,XYt,268,15,0.08723997800684556,
9,XYt,269,15,0.08836181401200102,
9,XYt,270,15,0.09006960467822779,
9,XYt,271,15,0.09031945784621435,
9,XYt,272,15,0.09093193610790577,
9,XYt,273,15,0.09145607628731175,
9,XYt,274,15,0.09225106892489633,
9,XYt,275,15,0.0922814462354353,
9,XYt,276,15,0.09221650445972812,
9,XYt,277,15,0.09247876883940066,
9,XYt,278,15,0.09296262175959434,
9,XYt,279,15,0.09272819663415696,
9,XYt,280,15,0.09265498265526297,
9,XYt,281,15,0.09308868041858347,
9,XYt,282,15,0.09308763166994954,
9,XYt,283,15,0.09322316788421678,
9,XYt,284,15,0.09308809499556674,
9,XYt,285,15,0.09368756138190985,
9,XYt,286,15,0.09366094824799868,
9,XYt,287,15,0.0940220472769596,
9,XYt,288,15,0.09379836367191735,
9,XYt,289,15,0.09423197733765709,
9,XYt,290,15,0.09347148098563303,
9,XYt,291,15,0.09426158968061298,
9,XYt,292,15,0.09371500747766377,
9,XYt,293,15,0.09439738064623736,
9,XYt,294,15,0.09393228055840568,
9,XYt,295,15,0.09504063295007749,
9,XYt,296,15,0.0936999573503842,
9,XYt,297,15,0.09516420027581117,
9,XYt,298,15,0.09459119675605313,
9,XYt,299,15,0.09425348137358767,
9,XYt,300,15,0.09369727279204426,
9,XYt,301,15,0.09550375736703606,
9,XYt,302,15,0.0945262393980221,
9,XYt,303,15,0.09582907978563653,
9,XYt,304,15,0.09460715187273745,
9,XYt,305,15,0.09564969016911612,
9,XYt,306,15,0.09463805456320112,
9,XYt,307,15,0.09589530789553077,
9,XYt,308,15,0.09438798431746813,
9,XYt,309,15,0.09603501648109966,
9,XYt,310,15,0.09476140190774231,
9,XYt,311,15,0.09601668004843067,
9,XYt,312,15,0.09444393386665074,
9,XYt,313,15,0.09623190652400317,
9,XYt,314,15,0.09493493197730438,
9,XYt,315,15,0.0965723231885535,
9,XYt,316,15,0.09507766097109088,
9,XYt,317,15,0.09718568071673353,
9,XYt,318,15,0.09574894751984582,
9,XYt,319,15,0.0984761333341302,
9,XYt,320,15,0.09785886997704042,
9,XYt,321,15,0.1020811082193322,
9,XYt,322,15,0.10520672307976163,
9,XYt,323,15,0.11782599699842108,
9,XYt,324,15,0.12715502502858053,
9,XYt,325,15,0.11112311909312488,
9,XYt,326,15,0.1184083038230577,
9,XYt,327,15,0.14860487018028043,
9,XYt,328,15,0.16275129126606663,
9,XYt,329,15,0.1603116236218119,
9,XYt,330,15,0.1575012422958725,
9,XYt,331,15,0.15339538327554023,
9,XYt,332,15,0.15063870363967685,
9,XYt,333,15,0.14900893976853816,
9,XYt,334,15,0.14777229926407132,
9,XYt,335,15,0.14641238116899657,
9,XYt,336,15,0.1457638051088277,
9,XYt,337,15,0.1467443457518377,
9,XYt,338,15,0.14613420651104714,
9,XYt,339,15,0.14405248349796707,
9,XYt,340,15,0.14203804467499995,
9,XYt,341,15,0.14002091759086324,
9,XYt,342,15,0.1373157285987476,
9,XYt,343,15,0.13562717745320807,
9,XYt,344,15,0.134135009296278,
9,XYt,345,15,0.13339961789984436,
9,XYt,346,15,0.13247325779579358,
9,XYt,347,15,0.13227840300105642,
9,XYt,348,15,0.13173236609921252,
9,XYt,349,15,0.13243435693348632,
9,XYt,350,15,0.1325795399914922,
9,XYt,351,15,0.13301075644444985,
9,XYt,352,15,0.13228614453955934,
9,XYt,353,15,0.13298566764138062,
9,XYt,354,15,0.13068934082543787,
9,XYt,355,15,0.13252762248870523,
9,XYt,356,15,0.13036554896214525,
9,XYt,357,15,0.12767705459391526,
9,XYt,358,15,0.12177122437685559,
9,XYt,359,15,0.1174988705440486,
9,XYt,360,15,0.11060941360537122,
9,XYt,361,15,0.10727220381116019,
9,XYt,362,15,0.11018293024056187,
9,XYt,363,15,0.11712544781550167,
9,XYt,364,15,0.18158745429176876,
9,XYt,365,15,0.17064569916293917,
9,XYt,366,15,0.16147770985972648,
9,XYt,367,15,0.15314083046404542,
9,XYt,368,15,0.14658423755233776,
9,XYt,369,15,0.14054189791941468,
9,XYt,370,15,0.13574952510278943,
9,XYt,371,15,0.13170804365245636,
9,XYt,372,15,0.12856095463018025,
9,XYt,373,15,0.12420287592894835,
9,XYt,374,15,0.12072715662739511,
9,XYt,375,15,0.11737076981903195,
9,XYt,376,15,0.11645847636352057,
9,XYt,377,15,0.1150296739038706,
9,XYt,378,15,0.11402573182859611,
9,XYt,379,15,0.11214573029591521,
9,XYt,380,15,0.11177100881450346,
9,XYt,381,15,0.11047133063021745,
9,XYt,382,15,0.11021481902084038,
9,XYt,383,15,0.10831765574627313,
9,XYt,384,15,0.10703084262889914,
9,XYt,385,15,0.10739364054773179,
9,XYt,386,15,0.10776815009418117,
9,XYt,387,15,0.10743486002153027,
9,XYt,388,15,0.10655585914055962,
9,XYt,389,15,0.10686250034955404,
9,XYt,390,15,0.10614980755041717,
9,XYt,391,15,0.10655706660830011,
9,XYt,392,15,0.10567548546219677,
9,XYt,393,15,0.10714247692335178,
9,XYt,394,15,0.10680826770861408,
9,XYt,395,15,0.10770952151976253,
9,XYt,396,15,0.10624234251521467,
9,XYt,397,15,0.10681474636912991,
9,XYt,398,15,0.10539071984132327,
9,XYt,399,15,0.10686673002997527,
9,XYt,400,15,0.10620920182608218,
9,XYt,401,15,0.10663127066083665,
9,XYt,402,15,0.10509318469156591,
9,XYt,403,15,0.10566762685365855,
9,XYt,404,15,0.10499789777226329,
9,XYt,405,15,0.10617962855163016,
9,XYt,406,15,0.10584808775920729,
9,XYt,407,15,0.10577907281319963,
9,XYt,408,15,0.10348888002608685,
9,XYt,409,15,0.10488799676448773,
9,XYt,410,15,0.10467410439761243,
9,XYt,411,15,0.1083134507184136,
9,XYt,412,15,0.10932274469206234,
9,XYt,413,15,0.1101470554893272,
9,XYt,414,15,0.11072128515465872,
9,XYt,415,15,0.11174888974268861,
9,XYt,416,15,0.11135704104930795,
9,XYt,417,15,0.11230248834585609,
9,XYt,418,15,0.11150171874660048,
9,XYt,419,15,0.11118855144143164,
9,XYt,420,15,0.11205083828214928,
9,XYt,421,15,0.11268102216473232,
9,XYt,422,15,0.11393906110687814,
9,XYt,423,15,0.11547509838226178,
9,XYt,424,15,0.11697700999947626,
9,XYt,425,15,0.11802741002277702,
9,XYt,426,15,0.11867299554655937,
9,XYt,427,15,0.11946909218631069,
9,XYt,428,15,0.12054544681130148,
9,XYt,429,15,0.12216866645194484,
9,XYt,430,15,0.12276418742883251,
9,XYt,431,15,0.12341259390014306,
9,XYt,432,15,0.12524539193192488,
9,XYt,433,15,0.12663816377009912,
9,XYt,434,15,0.1260219786954851,
9,XYt,435,15,0.12483889707743806,
9,XYt,436,15,0.12602732743472342,
9,XYt,437,15,0.1272042573677241,
9,XYt,438,15,0.1296450238017823,
9,XYt,439,15,0.13346456660060088,
9,XYt,440,15,0.13608699978216604,
9,XYt,441,15,0.13800432398549403,
9,XYt,442,15,0.13770679172151934,
9,XYt,443,15,0.13706339513139143,
9,XYt,444,15,0.13771059116311404,
9,XYt,445,15,0.13947354327852596,
9,XYt,446,15,0.14181089946253225,
9,XYt,447,15,0.14440610494630565,
9,XYt,448,15,0.1459093905292476,
9,XYt,449,15,0.14683573350336715,
9,XYt,450,15,0.1488117657429741,
9,XYt,451,15,0.15080214536469105,
9,XYt,452,15,0.15270018967967425,
9,XYt,453,15,0.15648109303830793,
9,XYt,454,15,0.16064558097971982,
9,XYt,455,15,0.16470007513585222,
9,XYt,456,15,0.17014778796173183,
9,XYt,457,15,0.17548910713354565,
9,XYt,458,15,0.18173271538034783,
9,XYt,459,15,0.1880756192549081,
9,XYt,460,15,0.1942441793246604,
9,XYt,461,15,0.1944239159325681,
9,XYt,462,15,0.18197540658319544,
9,XYt,463,15,0.15284637456113773,
9,XYt,464,15,0.13091509509754268,
9,XYt,465,15,0.13569159805446046,
9,XYt,466,15,0.1428323272537193,
9,XYt,467,15,0.12692190863722355,
9,XYt,468,15,0.13973280823600204,
9,XYt,469,15,0.1524100039687987,
9,XYt,470,15,0.1496653357273299,
9,XYt,471,15,0.14115030513036994,
9,XYt,472,15,0.1272853016063408,
9,XYt,473,15,0.11151291547787648,
9,XYt,474,15,0.09980071579510001,
9,XYt,475,15,0.09530927946702582,
9,XYt,476,15,0.095631900389281,
9,XYt,477,15,0.09730727591274853,
9,XYt,478,15,0.09850912747251747,
9,XYt,479,15,0.1004097211032462,
9,XYt,480,15,0.10124619239520315,
9,XYt,481,15,0.10231075040378745,
9,XYt,482,15,0.10218680576597483,
9,XYt,483,15,0.10306210392532561,
9,XYt,484,15,0.10328727066421242,
9,XYt,485,15,0.10408240841107971,
9,XYt,486,15,0.10352486035131,
9,XYt,487,15,0.10364926321515522,
9,XYt,488,15,0.10325745769550977,
9,XYt,489,15,0.1040458530270469,
9,XYt,490,15,0.10362456711422031,
9,XYt,491,15,0.10418942153269395,
9,XYt,492,15,0.10331327165692343,
9,XYt,493,15,0.10347494000107028,
9,XYt,494,15,0.1029967139916199,
9,XYt,495,15,0.10349245118957699,
9,XYt,496,15,0.10304728311239678,
9,XYt,497,15,0.1035810566793479,
9,XYt,498,15,0.10323214838740712,
9,XYt,499,15,0.10372597052823686,
9,XYt,500,15,0.10281932550846615,
9,XYt,501,15,0.10321859235108279,
9,XYt,502,15,0.10250684719695688,
9,XYt,503,15,0.10323761584315064,
9,XYt,504,15,0.10306543310397732,
9,XYt,505,15,0.10343159835127197,
9,XYt,506,15,0.10295437356082338,
9,XYt,507,15,0.10319327715348874,
9,XYt,508,15,0.10294181557482977,
9,XYt,509,15,0.10324635307988879,
9,XYt,510,15,0.10296668706143156,
9,XYt,511,15,0.103062683730067,
9,XYt,512,15,0.10246316751458076,
9,XYt,513,15,0.10278383141173868,
9,XYt,514,15,0.10230651689164046,
9,XYt,515,15,0.10249484005963941,
9,XYt,516,15,0.1018604399885257,
9,XYt,517,15,0.10158057287397164,
9,XYt,518,15,0.10048022618081395,
9,XYt,519,15,0.09915874026008424,
9,XYt,520,15,0.0969453810591171,
9,XYt,521,15,0.09508295816686708,
9,XYt,522,15,0.09258872970271087,
9,XYt,523,15,0.0903982728441942,
9,XYt,524,15,0.08951720705697601,
9,XYt,525,15,0.09228415881920306,
9,XYt,526,15,0.09932249073192954,
9,XYt,527,15,0.10835630161084028,
9,XYt,528,15,0.11814804155245745,
9,XYt,529,15,0.1272169894995607,
9,XYt,530,15,0.1334315701430357,
9,XYt,531,15,0.13739692411304447,
9,XYt,532,15,0.14448022808850194,
9,XYt,533,15,0.15154422747073207,
9,XYt,534,15,0.1390435927243903,
9,XYt,535,15,0.1376946529370646,
9,XYt,536,15,0.17224125204223362,
9,XYt,537,15,0.17030662467616373,
9,XYt,538,15,0.15840105219685643,
9,XYt,539,15,0.14781335570057802,
9,XYt,540,15,0.1447754930601801,
9,XYt,541,15,0.15374438731328477,
9,XYt,542,15,0.1696182822249351,
9,XYt,543,15,0.181797328607263,
9,XYt,544,15,0.1853270586691883,
9,XYt,545,15,0.18032214695425722,
9,XYt,546,15,0.17297226019578613,
9,XYt,547,15,0.16607991372206443,
9,XYt,548,15,0.15993756005154652,
9,XYt,549,15,0.1543078157535455,
9,XYt,550,15,0.1504341294384901,
9,XYt,551,15,0.14635662260280405,
9,XYt,552,15,0.14327326745638527,
9,XYt,553,15,0.1397926952200081,
9,XYt,554,15,0.13694985953549385,
9,XYt,555,15,0.1338657246292016,
9,XYt,556,15,0.13179025644076636,
9,XYt,557,15,0.1292305673701691,
9,XYt,558,15,0.12801250076394421,
9,XYt,559,15,0.12687534334778497,
9,XYt,560,15,0.12578413190072651,
9,XYt,561,15,0.12262785102921535,
9,XYt,562,15,0.11989762871028489,
9,XYt,563,15,0.11739915365932632,
9,XYt,564,15,0.11453868195253898,
9,XYt,565,15,0.11377492055827083,
9,XYt,566,15,0.11437886566209074,
9,XYt,567,15,0.11482149335530192,
9,XYt,568,15,0.11302202359089357,
9,XYt,569,15,0.11199065265684299,
9,XYt,570,15,0.11184132113291514,
9,XYt,571,15,0.11216839461343879,
9,XYt,572,15,0.11198870191025254,
9,XYt,573,15,0.11148353656236251,
9,XYt,574,15,0.11030558074109414,
9,XYt,575,15,0.10885324838269918,
9,XYt,576,15,0.10788092577211099,
9,XYt,577,15,0.10704365275956114,
9,XYt,578,15,0.10594167702123725,
9,XYt,579,15,0.1046895937868902,
9,XYt,580,15,0.10362094053590072,
9,XYt,581,15,0.10323659285464337,
9,XYt,582,15,0.10288664524342568,
9,XYt,583,15,0.10314327271211808,
9,XYt,657,15,0.1423355024036706,
9,XYt,658,15,0.14594401795436018,
9,XYt,659,15,0.14924790427580764,
9,XYt,660,15,0.15314555449291378,
9,XYt,661,15,0.15617487478108683,
9,XYt,662,15,0.15929947438735187,
9,XYt,663,15,0.161226683603731,
9,XYt,664,15,0.16228234300446476,
9,XYt,665,15,0.16215719903006895,
9,XYt,666,15,0.16092071680562908,
9,XYt,667,15,0.16152399225964348,
9,XYt,668,15,0.16747317114116408,
9,XYt,669,15,0.17686090904190055,
9,XYt,670,15,0.1848632725517992,
9,XYt,671,15,0.18827034269895418,
9,XYt,672,15,0.18543655016941735,
9,XYt,673,15,0.18607400720392114,
9,XYt,674,15,0.18886841931169232,
9,XYt,675,15,0.173974311519175,
9,XYt,676,15,0.14529433103292527,
9,XYt,677,15,0.1250544117226855,
9,XYt,678,15,0.13428660357429983,
9,XYt,679,15,0.1416423510989795,
9,XYt,680,15,0.13949088342777957,
9,XYt,681,15,0.13199515331443712,
9,XYt,682,15,0.12253683240982222,
9,XYt,683,15,0.1139882921903441,
9,XYt,684,15,0.10632823402535396,
9,XYt,685,15,0.1012949868314885,
9,XYt,686,15,0.09736153435803693,
9,XYt,687,15,0.09543675803633095,
9,XYt,688,15,0.09341056628067525,
9,XYt,689,15,0.09219095090809136,
9,XYt,690,15,0.0906309246336497,
9,XYt,691,15,0.09037970177173334,
9,XYt,692,15,0.08983935823562084,
9,XYt,693,15,0.08962929111837253,
9,XYt,694,15,0.08861390635765198,
9,XYt,695,15,0.08889639053530463,
9,XYt,696,15,0.08929408560523988,
9,XYt,697,15,0.08984374333581252,
9,XYt,698,15,0.09033542616236229,
9,XYt,699,15,0.09063955302024654,
9,XYt,700,15,0.09065728907998898,
9,XYt,701,15,0.09025702431657245,
9,XYt,702,15,0.09015975679467444,
9,XYt,703,15,0.0887887914741089,
9,XYt,704,15,0.08738338873376313,
9,XYt,705,15,0.0840311147760656,
9,XYt,706,15,0.08037546162125697,
9,XYt,707,15,0.07336828109560911,
9,XYt,708,15,0.06422303596918574,
9,XYt,709,15,0.07146464703295859,
9,XYt,710,15,0.0973618783127439,
9,XYt,711,15,0.10363887942885343,
9,XYt,712,15,0.10974716838942948,
9,XYt,713,15,0.10228779448711312,
9,XYt,714,15,0.09718928220631985,
9,XYt,715,15,0.09771006293575492,
9,XYt,716,15,0.09975430372997736,
9,XYt,717,15,0.109161312268786,
9,XYt,718,15,0.11453354464450068,
9,XYt,719,15,0.12604684650350434,
9,XYt,720,15,0.13102260950099576,
9,XYt,721,15,0.13795011151574385,
9,XYt,722,15,0.1405723693391724,
9,XYt,723,15,0.13164440245520506,
9,XYt,724,15,0.1209131258534183,
9,XYt,725,15,0.11176649190479361,
9,XYt,726,15,0.10418495997335116,
9,XYt,727,15,0.11480820243277609,
9,XYt,584,15,0.1028707965077375,
9,XYt,585,15,0.10182248643248379,
9,XYt,586,15,0.0996318068172247,
9,XYt,587,15,0.09635286534493356,
9,XYt,588,15,0.09592778165388069,
9,XYt,589,15,0.09684476272171637,
9,XYt,590,15,0.09825573079036078,
9,XYt,591,15,0.10062635491906813,
9,XYt,592,15,0.09983007735039266,
9,XYt,593,15,0.09768842448006039,
9,XYt,594,15,0.09467951842254524,
9,XYt,595,15,0.09247087454850676,
9,XYt,596,15,0.09167516500204186,
9,XYt,597,15,0.09140920035976857,
9,XYt,598,15,0.09130033448599724,
9,XYt,599,15,0.09199470506604739,
9,XYt,600,15,0.09194432077890669,
9,XYt,601,15,0.09139008765798702,
9,XYt,602,15,0.09141335494126294,
9,XYt,603,15,0.09261476017166051,
9,XYt,604,15,0.09416001692987441,
9,XYt,605,15,0.09556115421556516,
9,XYt,606,15,0.09631880996483046,
9,XYt,607,15,0.09605352303899217,
9,XYt,608,15,0.09551061619933389,
9,XYt,609,15,0.09482080479380259,
9,XYt,610,15,0.09314764754760287,
9,XYt,611,15,0.09152997064100729,
9,XYt,612,15,0.09031226211942116,
9,XYt,613,15,0.09015164989691762,
9,XYt,614,15,0.09082463754158418,
9,XYt,615,15,0.09112067625833192,
9,XYt,616,15,0.0909852301716026,
9,XYt,617,15,0.09110514719112914,
9,XYt,618,15,0.09273972023965898,
9,XYt,619,15,0.0942626633965434,
9,XYt,620,15,0.09620003936896052,
9,XYt,621,15,0.09781972126494654,
9,XYt,622,15,0.09758478164402387,
9,XYt,623,15,0.09597014959107221,
9,XYt,624,15,0.0957807373390116,
9,XYt,625,15,0.09231815500460105,
9,XYt,626,15,0.09354493744022162,
9,XYt,627,15,0.09486870489328983,
9,XYt,628,15,0.09722386276494573,
9,XYt,629,15,0.10044195499321583,
9,XYt,630,15,0.10274037735091839,
9,XYt,631,15,0.10437311162082984,
9,XYt,632,15,0.10582317142971685,
9,XYt,633,15,0.10631882896675905,
9,XYt,634,15,0.10570464770250775,
9,XYt,635,15,0.10511301516941216,
9,XYt,636,15,0.10488444067477463,
9,XYt,637,15,0.10529832763158102,
9,XYt,638,15,0.10671967883966414,
9,XYt,639,15,0.10739786170900112,
9,XYt,640,15,0.10770598187946377,
9,XYt,641,15,0.1076363640381367,
9,XYt,642,15,0.10831181374047212,
9,XYt,643,15,0.1082832837176833,
9,XYt,644,15,0.10808965506496213,
9,XYt,645,15,0.10861999635206204,
9,XYt,646,15,0.11005667941099256,
9,XYt,647,15,0.11154791448179317,
9,XYt,648,15,0.11220568635018015,
9,XYt,649,15,0.11114074642468472,
9,XYt,650,15,0.11452878177210031,
9,XYt,651,15,0.11663924649194207,
9,XYt,652,15,0.12061098851016945,
9,XYt,653,15,0.12512975362249315,
9,XYt,654,15,0.12898190535000298,
9,XYt,655,15,0.133407695692815,
9,XYt,656,15,0.1383078065243755,
9,YZt,0,15,3.5651296417027667,
9,YZt,1,15,0.393138900800424,
9,YZt,2,15,0.23630887144059534,
9,YZt,3,15,0.20845060919931266,
9,YZt,4,15,0.277465130041751,
9,YZt,5,15,0.596306950554849,
9,YZt,6,15,0.5601609376478242,
9,YZt,7,15,0.5395553561233609,
9,YZt,8,15,0.43287706799490067,
9,YZt,9,15,0.4102142476552623,
9,YZt,10,15,0.39108271376454934,
9,YZt,11,15,0.37677255804546833,
9,YZt,12,15,0.3666919446446127,
9,YZt,13,15,0.34580031585262216,
9,YZt,14,15,0.335035581233893,
9,YZt,15,15,0.3437406165351872,
9,YZt,16,15,0.3297992347873437,
9,YZt,17,15,0.3253343070527286,
9,YZt,18,15,0.32134785130188714,
9,YZt,19,15,0.3140841049972869,
9,YZt,20,15,0.3132955236448577,
9,YZt,21,15,0.31557336544874454,
9,YZt,22,15,0.3123640189394918,
9,YZt,23,15,0.3030241055309452,
9,YZt,24,15,0.31833701152897903,
9,YZt,25,15,0.32054275015969985,
9,YZt,26,15,0.3113752695647018,
9,YZt,27,15,0.31591052437928274,
9,YZt,28,15,0.32395454343024643,
9,YZt,29,15,0.32106095081103997,
9,YZt,30,15,0.32139914045337936,
9,YZt,31,15,0.33367257964912667,
9,YZt,32,15,0.3324083147274809,
9,YZt,33,15,0.3313051272869283,
9,YZt,34,15,0.3328189591126631,
9,YZt,35,15,0.3368100387791491,
9,YZt,36,15,0.32929932375786714,
9,YZt,37,15,0.321748325790806,
9,YZt,38,15,0.31483837421073735,
9,YZt,39,15,0.2988198670040934,
9,YZt,40,15,0.29291661421907433,
9,YZt,41,15,0.2757358266761096,
9,YZt,42,15,0.27103134042885424,
9,YZt,43,15,0.2583945699224213,
9,YZt,44,15,0.2506605905749434,
9,YZt,45,15,0.24374369478525174,
9,YZt,46,15,0.2341362848395962,
9,YZt,47,15,0.23041078600713788,
9,YZt,48,15,0.22497808813687403,
9,YZt,49,15,0.21714173377591328,
9,YZt,50,15,0.21426804183672798,
9,YZt,51,15,0.2127268096725027,
9,YZt,78,15,0.06506961054784564,
9,YZt,79,15,0.06497562651254805,
9,YZt,80,15,0.06225809622543704,
9,YZt,81,15,0.06234999488253038,
9,YZt,82,15,0.06301984892967027,
9,YZt,83,15,0.06201223977953067,
9,YZt,84,15,0.06335536202325534,
9,YZt,85,15,0.06187226812096765,
9,YZt,86,15,0.06295408453923616,
9,YZt,87,15,0.06357611656697609,
9,YZt,88,15,0.0629058080988864,
9,YZt,89,15,0.06462280584456434,
9,YZt,90,15,0.06374821651575968,
9,YZt,91,15,0.06222751606484988,
9,YZt,92,15,0.06409399701882847,
9,YZt,93,15,0.063427816491075,
9,YZt,94,15,0.061903300517817596,
9,YZt,95,15,0.06250191552993707,
9,YZt,96,15,0.06395428728471968,
9,YZt,97,15,0.06314765829843821,
9,YZt,98,15,0.06248910236666341,
9,YZt,99,15,0.06460155229688554,
9,YZt,100,15,0.06380313254410865,
9,YZt,101,15,0.061985606974135375,
9,YZt,102,15,0.06116624376773743,
9,YZt,103,15,0.06294888084379498,
9,YZt,52,15,0.21478621776848464,
9,YZt,53,15,0.21490398818232118,
9,YZt,54,15,0.21767392129767305,
9,YZt,55,15,0.2154952265054457,
9,YZt,56,15,0.21913479327210023,
9,YZt,57,15,0.23233970433856485,
9,YZt,58,15,0.23380595423476785,
9,YZt,59,15,0.22282966318946795,
9,YZt,60,15,0.22836792565439287,
9,YZt,61,15,0.23636185740926147,
9,YZt,62,15,0.21595518988461188,
9,YZt,63,15,0.18889392050853973,
9,YZt,64,15,0.18902840697877862,
9,YZt,65,15,0.15255556765184178,
9,YZt,66,15,0.11662843098274904,
9,YZt,67,15,0.10569210986022363,
9,YZt,68,15,0.0992502501757977,
9,YZt,69,15,0.08938939166083754,
9,YZt,70,15,0.07972897545584924,
9,YZt,71,15,0.07649325866358463,
9,YZt,72,15,0.07198446706676588,
9,YZt,73,15,0.07499471502356157,
9,YZt,74,15,0.06630053125432313,
9,YZt,75,15,0.06782122112079882,
9,YZt,76,15,0.06438672183110562,
9,YZt,77,15,0.06678790704543362,
9,YZt,104,15,0.06461446829187156,
9,YZt,105,15,0.06394290771800865,
9,YZt,106,15,0.06447954638350975,
9,YZt,107,15,0.06587739872595051,
9,YZt,108,15,0.06786868957144872,
9,YZt,109,15,0.06863433998508393,
9,YZt,110,15,0.06808022937468182,
9,YZt,111,15,0.06794803299246877,
9,YZt,112,15,0.07029221098434973,
9,YZt,113,15,0.07508733721535933,
9,YZt,114,15,0.07880852657052494,
9,YZt,115,15,0.07809256924106686,
9,YZt,116,15,0.07474994935496178,
9,YZt,117,15,0.07339522417531254,
9,YZt,118,15,0.07326363005787721,
9,YZt,119,15,0.07468623737344571,
9,YZt,120,15,0.07562376310647644,
9,YZt,121,15,0.07351232328926106,
9,YZt,122,15,0.07062830313859908,
9,YZt,123,15,0.06830443179090269,
9,YZt,124,15,0.06683333767429006,
9,YZt,125,15,0.06742905603344437,
9,YZt,126,15,0.06772437532428285,
9,YZt,127,15,0.06841913798988636,
9,YZt,128,15,0.06902991915556629,
9,YZt,129,15,0.07006302570988585,
9,YZt,130,15,0.07111838967192648,
9,YZt,131,15,0.07101963969862163,
9,YZt,132,15,0.07067190483540083,
9,YZt,133,15,0.07078009058901907,
9,YZt,134,15,0.07168429771576457,
9,YZt,135,15,0.07135400877784666,
9,YZt,136,15,0.0719876960472315,
9,YZt,137,15,0.07383910183705553,
9,YZt,138,15,0.07499485510806221,
9,YZt,139,15,0.07516481657168736,
9,YZt,140,15,0.07403584630579335,
9,YZt,141,15,0.07414492987225238,
9,YZt,142,15,0.07444767637028679,
9,YZt,143,15,0.07389868081834769,
9,YZt,144,15,0.07285718084950847,
9,YZt,145,15,0.07176769175130267,
9,YZt,146,15,0.07139557615388563,
9,YZt,147,15,0.07074720753767136,
9,YZt,148,15,0.0697870918167931,
9,YZt,149,15,0.0696488557460336,
9,YZt,150,15,0.06944489707972325,
9,YZt,151,15,0.06899995269346093,
9,YZt,152,15,0.06879481764956316,
9,YZt,153,15,0.06997692105038236,
9,YZt,154,15,0.07215235103599517,
9,YZt,155,15,0.07447656187446604,
9,YZt,156,15,0.07352774837218837,
9,YZt,157,15,0.07159641500338512,
9,YZt,158,15,0.07295475661012649,
9,YZt,159,15,0.07493913479590215,
9,YZt,160,15,0.0761697828570007,
9,YZt,161,15,0.07343367065046451,
9,YZt,162,15,0.07298091385547253,
9,YZt,163,15,0.07340353694577317,
9,YZt,164,15,0.07048750013905124,
9,YZt,165,15,0.06847363703284613,
9,YZt,166,15,0.0693663953952355,
9,YZt,167,15,0.06932279710523934,
9,YZt,168,15,0.06587262636915536,
9,YZt,169,15,0.06665618332670975,
9,YZt,170,15,0.06732217372520662,
9,YZt,171,15,0.06525212739459675,
9,YZt,172,15,0.06672033020800805,
9,YZt,173,15,0.06500178506534117,
9,YZt,174,15,0.06360586514918298,
9,YZt,175,15,0.06685053463939293,
9,YZt,176,15,0.06655132245208667,
9,YZt,177,15,0.06662986805794864,
9,YZt,178,15,0.06570666426142624,
9,YZt,179,15,0.06558380773735153,
9,YZt,180,15,0.07003583688513691,
9,YZt,181,15,0.07071480064871197,
9,YZt,182,15,0.07472243016960116,
9,YZt,183,15,0.07506370659738609,
9,YZt,184,15,0.08074335475697766,
9,YZt,185,15,0.08523275314980444,
9,YZt,186,15,0.10909313668799633,
9,YZt,187,15,0.10375072550454852,
9,YZt,188,15,0.13458369402001463,
9,YZt,189,15,0.19726587876784094,
9,YZt,190,15,0.22234969793763537,
9,YZt,191,15,0.2496222331498568,
9,YZt,192,15,0.3122949868425484,
9,YZt,193,15,0.3367442175573916,
9,YZt,194,15,0.33546290506648435,
9,YZt,195,15,0.3597981413156802,
9,YZt,196,15,0.3674639397121166,
9,YZt,197,15,0.3686924035316721,
9,YZt,198,15,0.3758121708630351,
9,YZt,199,15,0.36583042345823064,
9,YZt,200,15,0.35752428361109495,
9,YZt,201,15,0.37228397333488455,
9,YZt,202,15,0.3696629771033465,
9,YZt,203,15,0.35559423975329896,
9,YZt,204,15,0.3584707986072344,
9,YZt,205,15,0.3637392805507758,
9,YZt,206,15,0.35634183047693296,
9,YZt,207,15,0.3466207440026523,
9,YZt,208,15,0.3447515493539077,
9,YZt,209,15,0.34452508144695726,
9,YZt,210,15,0.344030497254353,
9,YZt,211,15,0.34113985842474753,
9,YZt,212,15,0.3379982230638985,
9,YZt,213,15,0.3310489845575743,
9,YZt,214,15,0.33274802692929434,
9,YZt,215,15,0.32793438355175275,
9,YZt,216,15,0.32140826758269325,
9,YZt,217,15,0.32018318108835386,
9,YZt,218,15,0.3132564825521595,
9,YZt,219,15,0.3181735833721304,
9,YZt,220,15,0.3097410244019065,
9,YZt,221,15,0.31497416234099357,
9,YZt,222,15,0.3137298746947337,
9,YZt,223,15,0.31145889569244756,
9,YZt,224,15,0.3124420651839059,
9,YZt,225,15,0.30612582320271775,
9,YZt,226,15,0.3031488144182344,
9,YZt,227,15,0.3014639779224209,
9,YZt,228,15,0.30215034095838267,
9,YZt,229,15,0.29429367972168324,
9,YZt,230,15,0.293214264080919,
9,YZt,231,15,0.29509985432021807,
9,YZt,232,15,0.29266160009279957,
9,YZt,233,15,0.2879852893277484,
9,YZt,234,15,0.2965673216120825,
9,YZt,235,15,0.29873208617725866,
9,YZt,236,15,0.2807893164283337,
9,YZt,237,15,0.2916124262856697,
9,YZt,238,15,0.2989307820059317,
9,YZt,239,15,0.2973856337888236,
9,YZt,240,15,0.3001630179224911,
9,YZt,241,15,0.3070655335250285,
9,YZt,242,15,0.3111125379480688,
9,YZt,243,15,0.31743041236483516,
9,YZt,244,15,0.3356314914507322,
9,YZt,245,15,0.3274516866447621,
9,YZt,246,15,0.33619307374586316,
9,YZt,247,15,0.357226866637232,
9,YZt,248,15,0.36947368806751935,
9,YZt,249,15,0.3842251336336906,
9,YZt,250,15,0.4011149757602494,
9,YZt,251,15,0.42243207028233815,
9,YZt,252,15,0.5291126375870882,
9,YZt,253,15,0.5471771857044215,
9,YZt,254,15,0.5856564901620378,
9,YZt,255,15,0.27881416651869834,
9,YZt,256,15,0.20943792709260528,
9,YZt,257,15,0.23805607158347164,
9,YZt,258,15,0.39354214066027055,
9,YZt,259,15,3.536932241706134,
9,XZt,0,15,3.6689403205645634,
9,XZt,1,15,0.3810853728994414,
9,XZt,2,15,0.23857828002662212,
9,XZt,3,15,0.22249128112254196,
9,XZt,4,15,0.2953920461168552,
9,XZt,5,15,0.6144320104208401,
9,XZt,6,15,0.5713036548626665,
9,XZt,7,15,0.557113561411281,
9,XZt,8,15,0.4431781944833201,
9,XZt,9,15,0.4169381097230588,
9,XZt,10,15,0.39826642334851187,
9,XZt,11,15,0.38630472698474116,
9,XZt,12,15,0.37469153606901584,
9,XZt,13,15,0.356791164632018,
9,XZt,14,15,0.3464493617235693,
9,XZt,15,15,0.3552680445729113,
9,XZt,16,15,0.3385371364241531,
9,XZt,17,15,0.3322267305156736,
9,XZt,18,15,0.3277082172739159,
9,XZt,19,15,0.3200571125659084,
9,XZt,20,15,0.31600711218212457,
9,XZt,21,15,0.31850864686762465,
9,XZt,22,15,0.30894297655119085,
9,XZt,23,15,0.30120298760530784,
9,XZt,24,15,0.3160434606317138,
9,XZt,25,15,0.3113735022920076,
9,XZt,26,15,0.30080287001807104,
9,XZt,27,15,0.30350820727592587,
9,XZt,28,15,0.30098582048440403,
9,XZt,29,15,0.29494621848490593,
9,XZt,30,15,0.29343022079854075,
9,XZt,31,15,0.29992003357011077,
9,XZt,32,15,0.2933063305660947,
9,XZt,33,15,0.2919168359343091,
9,XZt,34,15,0.2933136675104102,
9,XZt,35,15,0.2956341513371187,
9,XZt,36,15,0.2891372283666945,
9,XZt,37,15,0.28933609495155815,
9,XZt,38,15,0.29025369338951396,
9,XZt,39,15,0.2780999236420027,
9,XZt,40,15,0.2813789569179597,
9,XZt,41,15,0.27606112570346875,
9,XZt,42,15,0.2801542160767948,
9,XZt,43,15,0.27923006857555305,
9,XZt,44,15,0.28340975072055125,
9,XZt,45,15,0.28274758623647683,
9,XZt,46,15,0.2780471865747296,
9,XZt,47,15,0.2808243865602196,
9,XZt,48,15,0.2804089387526451,
9,XZt,49,15,0.27931360888283846,
9,XZt,50,15,0.27601235618310993,
9,XZt,51,15,0.27230806311344363,
9,XZt,52,15,0.2720760065058639,
9,XZt,53,15,0.2758692705697934,
9,XZt,54,15,0.28025760972175295,
9,XZt,55,15,0.2716418676572591,
9,XZt,56,15,0.265740118889975,
9,XZt,57,15,0.2738109668058367,
9,XZt,58,15,0.2752693040969049,
9,XZt,59,15,0.25887771914280566,
9,XZt,60,15,0.26485539184895107,
9,XZt,61,15,0.26867404693952207,
9,XZt,62,15,0.25665332718513617,
9,XZt,63,15,0.2593151890626953,
9,XZt,64,15,0.2606499461093702,
9,XZt,65,15,0.24967348872771025,
9,XZt,66,15,0.2508404476497947,
9,XZt,67,15,0.24140843212924631,
9,XZt,68,15,0.23243097373413796,
9,XZt,69,15,0.22094857298047252,
9,XZt,70,15,0.20393786014400178,
9,XZt,71,15,0.19537677463997166,
9,XZt,72,15,0.17682738137614018,
9,XZt,73,15,0.16940696673868946,
9,XZt,74,15,0.15131411055882163,
9,XZt,75,15,0.1485494309639147,
9,XZt,76,15,0.13433650298837588,
9,XZt,77,15,0.13121938621383294,
9,XZt,78,15,0.12105623478092026,
9,XZt,79,15,0.11722164377752332,
9,XZt,80,15,0.11003381489555887,
9,XZt,81,15,0.10609573172122193,
9,XZt,82,15,0.10264094253200155,
9,XZt,83,15,0.09756048786610587,
9,XZt,84,15,0.09643254088709385,
9,XZt,85,15,0.09151910977531812,
9,XZt,86,15,0.09032897228414044,
9,XZt,87,15,0.08945762198394284,
9,XZt,88,15,0.0854045858382732,
9,XZt,89,15,0.0858203620366355,
9,XZt,90,15,0.08413764631975211,
9,XZt,91,15,0.08092206542247972,
9,XZt,92,15,0.0825264418845873,
9,XZt,93,15,0.08067868919262824,
9,XZt,94,15,0.07741756425999478,
9,XZt,95,15,0.07689734519557749,
9,XZt,96,15,0.07631714516472979,
9,XZt,97,15,0.0735802838827558,
9,XZt,98,15,0.0711993443418801,
9,XZt,99,15,0.07184797992884522,
9,XZt,100,15,0.07064679883735546,
9,XZt,101,15,0.06770470673794275,
9,XZt,102,15,0.06567840018067594,
9,XZt,103,15,0.06571401762277342,
9,XZt,104,15,0.06520305872668437,
9,XZt,105,15,0.06217033621267428,
9,XZt,106,15,0.060407897316496116,
9,XZt,107,15,0.05919414692115958,
9,XZt,108,15,0.05930911252882351,
9,XZt,109,15,0.059288087209774604,
9,XZt,110,15,0.05841904393719351,
9,XZt,111,15,0.05652661707904992,
9,XZt,112,15,0.05552623146245618,
9,XZt,113,15,0.05550142662981142,
9,XZt,114,15,0.055471613360500695,
9,XZt,115,15,0.05627111952775134,
9,XZt,116,15,0.05638312616605852,
9,XZt,117,15,0.05556121964253282,
9,XZt,118,15,0.05470812894262337,
9,XZt,119,15,0.05394817205201705,
9,XZt,120,15,0.05380211975477299,
9,XZt,121,15,0.0535421052607622,
9,XZt,122,15,0.0530388413990038,
9,XZt,123,15,0.05263686199626561,
9,XZt,124,15,0.05269836214267968,
9,XZt,125,15,0.05327070107945785,
9,XZt,126,15,0.05292717650999516,
9,XZt,127,15,0.053175749537819735,
9,XZt,128,15,0.05301680021325601,
9,XZt,129,15,0.05333114898255767,
9,XZt,130,15,0.053762456853884026,
9,XZt,131,15,0.05357974756460373,
9,XZt,132,15,0.05347145320082418,
9,XZt,133,15,0.05353031620422494,
9,XZt,134,15,0.05373776240400719,
9,XZt,135,15,0.05339631454092383,
9,XZt,136,15,0.053196167323533626,
9,XZt,137,15,0.05382769445268906,
9,XZt,138,15,0.05462698809505179,
9,XZt,139,15,0.05538385505593242,
9,XZt,140,15,0.05603288451329212,
9,XZt,141,15,0.05670889268942174,
9,XZt,142,15,0.057525605443233874,
9,XZt,143,15,0.05834695915665672,
9,XZt,144,15,0.05858457798525531,
9,XZt,145,15,0.05779152464323705,
9,XZt,146,15,0.05748648777443734,
9,XZt,147,15,0.058539054073148994,
9,XZt,148,15,0.05989085183643056,
9,XZt,149,15,0.06199315988217361,
9,XZt,150,15,0.06358960787622453,
9,XZt,151,15,0.06361683212173876,
9,XZt,152,15,0.0640415326858504,
9,XZt,153,15,0.06557895321829885,
9,XZt,154,15,0.0681453738963077,
9,XZt,155,15,0.07148446318364828,
9,XZt,156,15,0.07222975204640411,
9,XZt,157,15,0.0726622150191777,
9,XZt,158,15,0.07485576177307736,
9,XZt,159,15,0.07846682012100388,
9,XZt,160,15,0.08038152822995832,
9,XZt,161,15,0.08033329562211727,
9,XZt,162,15,0.08338833437170358,
9,XZt,163,15,0.08723473661945685,
9,XZt,164,15,0.0874088073220791,
9,XZt,165,15,0.08871003416675562,
9,XZt,166,15,0.09309247275479639,
9,XZt,167,15,0.09543875095013397,
9,XZt,168,15,0.09448743037324149,
9,XZt,169,15,0.09919608212363155,
9,XZt,170,15,0.10175472559826539,
9,XZt,171,15,0.10152673638139052,
9,XZt,172,15,0.10577304679731277,
9,XZt,173,15,0.10647268470289682,
9,XZt,174,15,0.10529109379896091,
9,XZt,175,15,0.10801581347147131,
9,XZt,176,15,0.10555809155463666,
9,XZt,177,15,0.1070812012676601,
9,XZt,178,15,0.10594056183044831,
9,XZt,179,15,0.10459950890702845,
9,XZt,180,15,0.10535398362909246,
9,XZt,181,15,0.10282497128499461,
9,XZt,182,15,0.10571288782975628,
9,XZt,183,15,0.10197063868429719,
9,XZt,184,15,0.10729150331201102,
9,XZt,185,15,0.1045257671625361,
9,XZt,186,15,0.1118758901334582,
9,XZt,187,15,0.11058669240383676,
9,XZt,188,15,0.11785386403400497,
9,XZt,189,15,0.1184277179910237,
9,XZt,190,15,0.12533115920109547,
9,XZt,191,15,0.12857558340901998,
9,XZt,192,15,0.13260554220800902,
9,XZt,193,15,0.1399964642895196,
9,XZt,194,15,0.13805198709142844,
9,XZt,195,15,0.14505755298952636,
9,XZt,196,15,0.14595052803397657,
9,XZt,197,15,0.14543325315989075,
9,XZt,198,15,0.1504897668420984,
9,XZt,199,15,0.14616350241774617,
9,XZt,200,15,0.14377901314707078,
9,XZt,201,15,0.14873425798473164,
9,XZt,202,15,0.14625482698705117,
9,XZt,203,15,0.14285517158831837,
9,XZt,204,15,0.1434917420484408,
9,XZt,205,15,0.14584101239063188,
9,XZt,206,15,0.14267045490487404,
9,XZt,207,15,0.1421496005365848,
9,XZt,208,15,0.14123487712956015,
9,XZt,209,15,0.14337852912559934,
9,XZt,210,15,0.14436364139984673,
9,XZt,211,15,0.1481430709211182,
9,XZt,212,15,0.15046497227928454,
9,XZt,213,15,0.15238824252344108,
9,XZt,214,15,0.16065571502597792,
9,XZt,215,15,0.16778486864824885,
9,XZt,216,15,0.17638233495022554,
9,XZt,217,15,0.19097653318070762,
9,XZt,218,15,0.20520035613588672,
9,XZt,219,15,0.2252369221450196,
9,XZt,220,15,0.23650636784074364,
9,XZt,221,15,0.25817715028228827,
9,XZt,222,15,0.27290677848466227,
9,XZt,223,15,0.282986569142117,
9,XZt,224,15,0.29564123949024645,
9,XZt,225,15,0.2977490611649314,
9,XZt,226,15,0.29905336256503356,
9,XZt,227,15,0.29863368392907236,
9,XZt,228,15,0.30478579590538607,
9,XZt,229,15,0.2983653521446869,
9,XZt,230,15,0.2991162966009038,
9,XZt,231,15,0.306659683786825,
9,XZt,232,15,0.30533011772935487,
9,XZt,233,15,0.30381558553065935,
9,XZt,234,15,0.3126839055718207,
9,XZt,235,15,0.31628862479204506,
9,XZt,236,15,0.30322670391695594,
9,XZt,237,15,0.31076193442209465,
9,XZt,238,15,0.32222259846156687,
9,XZt,239,15,0.31987794868338093,
9,XZt,240,15,0.3226743834664918,
9,XZt,241,15,0.33099307569256115,
9,XZt,242,15,0.3344128793001568,
9,XZt,243,15,0.3408310860786945,
9,XZt,244,15,0.3580374973919814,
9,XZt,245,15,0.34999517519464296,
9,XZt,246,15,0.3624438769108316,
9,XZt,247,15,0.37968042780631184,
9,XZt,248,15,0.39370982035090335,
9,XZt,249,15,0.40475928180258147,
9,XZt,250,15,0.4228764908706843,
9,XZt,251,15,0.4510275820054332,
9,XZt,252,15,0.5608613563798136,
9,XZt,253,15,0.5724017799881798,
9,XZt,254,15,0.610362446950147,
9,XZt,255,15,0.29356092855667876,
9,XZt,256,15,0.22571590413701803,
9,XZt,257,15,0.24820977145423276,
9,XZt,258,15,0.3981049706993531,
9,XZt,259,15,3.5797274303515194,
10,XYt,0,15,0.079084228812426,
10,XYt,1,15,0.09044523991980366,
10,XYt,2,15,0.08182407187996202,
10,XYt,3,15,0.06472973645746607,
10,XYt,4,15,0.04903747607938497,
10,XYt,5,7,0.04999739353356589,
10,XYt,6,4,0.04986088345762709,
10,XYt,7,12,0.04919905223725236,
10,XYt,8,15,0.0631510755742487,
10,XYt,9,15,0.07651215165777359,
10,XYt,10,15,0.09260245277361658,
10,XYt,11,15,0.10891324422065568,
10,XYt,12,15,0.12337130556142183,
10,XYt,13,15,0.13635044397309978,
10,XYt,14,15,0.146343655305177,
10,XYt,15,15,0.15333824776519378,
10,XYt,16,15,0.15047260194737713,
10,XYt,17,15,0.1417222109401188,
10,XYt,18,15,0.1333560775703901,
10,XYt,19,15,0.12972104138711316,
10,XYt,20,15,0.12464926351307516,
10,XYt,21,15,0.11717431662856036,
10,XYt,22,15,0.105446731120385,
10,XYt,23,15,0.09008043040883791,
10,XYt,24,15,0.0804978434286527,
10,XYt,25,15,0.06897909654379772,
10,XYt,26,15,0.05393470506184865,
10,XYt,27,8,0.04950761935880693,
10,XYt,28,3,0.04836617795219916,
10,XYt,29,1,0.043649271797083264,
10,XYt,30,1,0.04943471253677196,
10,XYt,31,9,0.0497877657732112,
10,XYt,32,15,0.05352540373602018,
10,XYt,33,15,0.062009482095150094,
10,XYt,34,15,0.0672100460486415,
10,XYt,35,15,0.06827104809102003,
10,XYt,36,15,0.0641366246269054,
10,XYt,37,15,0.05420821736053046,
10,XYt,38,15,0.05256667398341678,
10,XYt,39,15,0.08105259651813337,
10,XYt,40,15,0.13666241143139538,
10,XYt,41,15,0.18413809629901737,
10,XYt,42,15,0.20688537668648874,
10,XYt,43,15,0.20206218569088966,
10,XYt,44,15,0.26945494714261753,
10,XYt,45,15,0.3911753162664571,
10,XYt,46,15,0.45681578630617903,
10,XYt,47,15,0.4339462892567804,
10,XYt,48,15,0.3660921724090346,
10,XYt,49,15,0.3116949280962933,
10,XYt,50,15,0.2731797939956416,
10,XYt,51,15,0.2425534327353171,
10,XYt,52,15,0.21465514718723408,
10,XYt,53,15,0.19549224606455776,
10,XYt,54,15,0.18739290223665223,
10,XYt,55,15,0.18782034244776238,
10,XYt,56,15,0.18842812226844025,
10,XYt,57,15,0.1836607923649362,
10,XYt,58,15,0.17658712326391549,
10,XYt,59,15,0.16557475411549955,
10,XYt,60,15,0.15393249745875895,
10,XYt,61,15,0.1459149442521916,
10,XYt,62,15,0.14158648340962784,
10,XYt,63,15,0.13798328521356623,
10,XYt,64,15,0.13364769679531577,
10,XYt,65,15,0.12831203934920934,
10,XYt,66,15,0.12318731209789979,
10,XYt,67,15,0.11769315199339514,
10,XYt,68,15,0.11349580577402581,
10,XYt,69,15,0.1087356557137961,
10,XYt,70,15,0.10565828421179829,
10,XYt,71,15,0.1024839189309858,
10,XYt,72,15,0.1001337208990463,
10,XYt,73,15,0.09739741102241231,
10,XYt,74,15,0.09561848249488601,
10,XYt,75,15,0.0939519018340009,
10,XYt,76,15,0.09188904342380909,
10,XYt,77,15,0.08897859129373936,
10,XYt,78,15,0.08795106953013629,
10,XYt,79,15,0.08872822094272442,
10,XYt,80,15,0.09091879913075857,
10,XYt,81,15,0.09315732236944035,
10,XYt,82,15,0.09497903166303973,
10,XYt,83,15,0.09501065359299422,
10,XYt,84,15,0.0946300645493129,
10,XYt,85,15,0.09448883969897381,
10,XYt,86,15,0.09499726521628833,
10,XYt,87,15,0.09509296230545894,
10,XYt,88,15,0.0950239100346406,
10,XYt,89,15,0.09520121957800656,
10,XYt,90,15,0.09493203673710253,
10,XYt,91,15,0.09397193853759161,
10,XYt,92,15,0.09226375521460639,
10,XYt,93,15,0.09111305541707031,
10,XYt,94,15,0.09045120292722414,
10,XYt,95,15,0.09039893116151,
10,XYt,96,15,0.08969836428006424,
10,XYt,97,15,0.08866003838607585,
10,XYt,98,15,0.08821801349501718,
10,XYt,99,15,0.08826611739873942,
10,XYt,100,15,0.08759765480367103,
10,XYt,101,15,0.08722504950007003,
10,XYt,102,15,0.0870223688393142,
10,XYt,103,15,0.08781923565840236,
10,XYt,104,15,0.08845620273600877,
10,XYt,105,15,0.08969688833704596,
10,XYt,106,15,0.09024451570116929,
10,XYt,107,15,0.09048261953409241,
10,XYt,108,15,0.09101643463768355,
10,XYt,109,15,0.09100750756573123,
10,XYt,110,15,0.09072134702897797,
10,XYt,111,15,0.09032092990950488,
10,XYt,112,15,0.08880947711416248,
10,XYt,113,15,0.08733677075829709,
10,XYt,114,15,0.08618973905093813,
10,XYt,115,15,0.08550193522178427,
10,XYt,116,15,0.084988531344238,
10,XYt,117,15,0.08584292432725069,
10,XYt,118,15,0.0882249449577697,
10,XYt,119,15,0.09086119691256417,
10,XYt,120,15,0.08920068177944386,
10,XYt,121,15,0.08741625812561092,
10,XYt,122,15,0.08859108714465015,
10,XYt,123,15,0.09231071828156844,
10,XYt,124,15,0.09608907281409312,
10,XYt,125,15,0.0983784726269498,
10,XYt,126,15,0.09956659711728749,
10,XYt,127,15,0.10062076854399798,
10,XYt,128,15,0.10075039664478448,
10,XYt,129,15,0.10155007035205028,
10,XYt,130,15,0.10179113907449601,
10,XYt,131,15,0.10211690560213692,
10,XYt,132,15,0.10251953090722257,
10,XYt,133,15,0.10272346570776965,
10,XYt,134,15,0.10217835251009726,
10,XYt,135,15,0.09996427043537433,
10,XYt,136,15,0.09700443312627442,
10,XYt,137,15,0.09431505399932878,
10,XYt,138,15,0.09400268376616264,
10,XYt,139,15,0.09612901645738801,
10,XYt,140,15,0.09816846714595802,
10,XYt,141,15,0.09935344052117664,
10,XYt,142,15,0.10070228348820623,
10,XYt,143,15,0.10337797246696434,
10,XYt,144,15,0.10710316426027694,
10,XYt,145,15,0.11056667753751889,
10,XYt,219,15,0.10574514911550886,
10,XYt,220,15,0.106867081264601,
10,XYt,221,15,0.10750137466591786,
10,XYt,222,15,0.1087346912448164,
10,XYt,223,15,0.11159663749067339,
10,XYt,224,15,0.11542419406732193,
10,XYt,225,15,0.11943171999043788,
10,XYt,226,15,0.12178319277577737,
10,XYt,227,15,0.1225412313076196,
10,XYt,228,15,0.12263950219528155,
10,XYt,229,15,0.12368981009728397,
10,XYt,230,15,0.12495962567466207,
10,XYt,231,15,0.12640958549544953,
10,XYt,232,15,0.1268745059065487,
10,XYt,233,15,0.12727219669811102,
10,XYt,234,15,0.12703834326378766,
10,XYt,235,15,0.12772304993555278,
10,XYt,236,15,0.12801975601301183,
10,XYt,237,15,0.1286931289409403,
10,XYt,238,15,0.13049096777419003,
10,XYt,239,15,0.1324499585074435,
10,XYt,240,15,0.13419686319853993,
10,XYt,241,15,0.1364434997779687,
10,XYt,242,15,0.1373483112604569,
10,XYt,243,15,0.13953339805894,
10,XYt,244,15,0.14041597324061766,
10,XYt,245,15,0.14200035956936194,
10,XYt,246,15,0.14268220103351026,
10,XYt,247,15,0.14405399987427553,
10,XYt,248,15,0.1456113481190753,
10,XYt,249,15,0.14783769035919664,
10,XYt,250,15,0.15052813209116167,
10,XYt,251,15,0.15231230923172487,
10,XYt,252,15,0.1494066292156263,
10,XYt,253,15,0.1364894921537057,
10,XYt,254,15,0.10984821208229964,
10,XYt,255,15,0.09003204799346914,
10,XYt,256,15,0.09578316280853985,
10,XYt,257,15,0.10230791737889074,
10,XYt,258,15,0.10126410998414766,
10,XYt,259,15,0.1283284042583897,
10,XYt,260,15,0.14822474634892524,
10,XYt,261,15,0.14933119050079532,
10,XYt,262,15,0.13608485522786962,
10,XYt,263,15,0.11395872176211484,
10,XYt,264,15,0.0966335893948821,
10,XYt,265,15,0.08845223173913004,
10,XYt,266,15,0.08788104984277209,
10,XYt,267,15,0.08782739552534459,
10,XYt,268,15,0.08858792117008057,
10,XYt,269,15,0.08916873862157898,
10,XYt,270,15,0.09062868208436961,
10,XYt,271,15,0.09080387264942913,
10,XYt,272,15,0.09154411872208813,
10,XYt,273,15,0.09189446891506918,
10,XYt,274,15,0.0926683661142272,
10,XYt,275,15,0.09249236563311274,
10,XYt,276,15,0.09246688750453237,
10,XYt,277,15,0.09260082324328138,
10,XYt,278,15,0.09316212506966376,
10,XYt,279,15,0.09280870458936512,
10,XYt,280,15,0.09292844815806084,
10,XYt,281,15,0.0933387198998141,
10,XYt,282,15,0.0934672506439574,
10,XYt,283,15,0.09357355929244471,
10,XYt,284,15,0.09345862654219494,
10,XYt,285,15,0.09406287121372524,
10,XYt,286,15,0.0942240726479074,
10,XYt,287,15,0.09475770716556603,
10,XYt,288,15,0.09443784861639247,
10,XYt,289,15,0.09501803105885644,
10,XYt,290,15,0.09404461877463054,
10,XYt,291,15,0.0948350465299629,
10,XYt,146,15,0.11344539808559055,
10,XYt,147,15,0.11553876206366209,
10,XYt,148,15,0.11596707460217004,
10,XYt,149,15,0.1144078202480129,
10,XYt,150,15,0.11229236514262515,
10,XYt,151,15,0.10954212470127157,
10,XYt,152,15,0.10747952258366857,
10,XYt,153,15,0.10535283980626724,
10,XYt,154,15,0.10347418198760037,
10,XYt,155,15,0.10112483916631795,
10,XYt,156,15,0.09871135831764459,
10,XYt,157,15,0.09633839435605297,
10,XYt,158,15,0.0947148912593562,
10,XYt,159,15,0.09529493090455485,
10,XYt,160,15,0.09732209578707947,
10,XYt,161,15,0.09918257597945324,
10,XYt,162,15,0.10051848726697805,
10,XYt,163,15,0.10250793435993454,
10,XYt,164,15,0.10411815901132127,
10,XYt,165,15,0.10465721702183477,
10,XYt,166,15,0.10421327607711836,
10,XYt,167,15,0.10226783156383609,
10,XYt,168,15,0.10065901403943027,
10,XYt,169,15,0.09948000800624225,
10,XYt,170,15,0.09898428501443415,
10,XYt,171,15,0.09795264013257243,
10,XYt,172,15,0.09626331939290815,
10,XYt,173,15,0.09429462329291012,
10,XYt,174,15,0.09275890511593096,
10,XYt,175,15,0.0912445037531314,
10,XYt,176,15,0.08921498329264727,
10,XYt,177,15,0.08753117174494326,
10,XYt,178,15,0.08702854485562285,
10,XYt,179,15,0.08808436469842153,
10,XYt,180,15,0.08880207060706419,
10,XYt,181,15,0.08961537809533623,
10,XYt,182,15,0.09025370122078169,
10,XYt,183,15,0.09088550516027086,
10,XYt,184,15,0.09097458787032596,
10,XYt,185,15,0.0911516508107459,
10,XYt,186,15,0.09050250002225377,
10,XYt,187,15,0.09029697702251935,
10,XYt,188,15,0.08992507312481085,
10,XYt,189,15,0.09073677003128025,
10,XYt,190,15,0.09193524243025974,
10,XYt,191,15,0.09405044226831,
10,XYt,192,15,0.09530028010257652,
10,XYt,193,15,0.09571672152636992,
10,XYt,194,15,0.09329622117753049,
10,XYt,195,15,0.09001584220360276,
10,XYt,196,15,0.08670470998520884,
10,XYt,197,15,0.08534174475270775,
10,XYt,198,15,0.08767145200565762,
10,XYt,199,15,0.09074168763066517,
10,XYt,200,15,0.09087133352240165,
10,XYt,201,15,0.088918193627842,
10,XYt,202,15,0.09084357338439496,
10,XYt,203,15,0.09539872808663931,
10,XYt,204,15,0.09976168045147853,
10,XYt,205,15,0.1026698260772457,
10,XYt,206,15,0.10318730723473826,
10,XYt,207,15,0.10148228662937506,
10,XYt,208,15,0.10031923692252213,
10,XYt,209,15,0.10026205908894589,
10,XYt,210,15,0.09950787550238462,
10,XYt,211,15,0.10026648459168289,
10,XYt,212,15,0.10186452566884685,
10,XYt,213,15,0.10514304297893767,
10,XYt,214,15,0.10739183845453672,
10,XYt,215,15,0.10838603949221919,
10,XYt,216,15,0.1073113254115244,
10,XYt,217,15,0.10539371463263818,
10,XYt,218,15,0.10451857709274685,
10,XYt,292,15,0.09411251944973238,
10,XYt,293,15,0.09493022054021688,
10,XYt,294,15,0.094307760774085,
10,XYt,295,15,0.0957384352172218,
10,XYt,296,15,0.09448032697146239,
10,XYt,297,15,0.09593473971291382,
10,XYt,298,15,0.09487855127210834,
10,XYt,299,15,0.09482421468629612,
10,XYt,300,15,0.09416965610103395,
10,XYt,301,15,0.09611702185480027,
10,XYt,302,15,0.095268603610821,
10,XYt,303,15,0.09681379484015024,
10,XYt,304,15,0.09535989880699856,
10,XYt,305,15,0.09650436259535285,
10,XYt,306,15,0.09535185010590858,
10,XYt,307,15,0.09665245090194062,
10,XYt,308,15,0.09510681238601652,
10,XYt,309,15,0.09678799327442852,
10,XYt,310,15,0.09569199982560996,
10,XYt,311,15,0.0968717447291668,
10,XYt,312,15,0.09561185628507383,
10,XYt,313,15,0.09721645004805318,
10,XYt,314,15,0.09640246860306505,
10,XYt,315,15,0.09806234245409824,
10,XYt,316,15,0.09685718190697354,
10,XYt,317,15,0.09880097833739533,
10,XYt,318,15,0.09802022814409114,
10,XYt,319,15,0.10050432279327173,
10,XYt,320,15,0.10042639877353551,
10,XYt,321,15,0.10409743670038929,
10,XYt,322,15,0.10786830762221165,
10,XYt,323,15,0.12189600434570899,
10,XYt,324,15,0.1335428298011443,
10,XYt,325,15,0.11584629211877193,
10,XYt,326,15,0.11540418701837081,
10,XYt,327,15,0.1514031598325133,
10,XYt,328,15,0.17143186029499724,
10,XYt,329,15,0.1708002400340107,
10,XYt,330,15,0.17023204948557408,
10,XYt,331,15,0.16596020823211396,
10,XYt,332,15,0.16397612368945672,
10,XYt,333,15,0.16180535889811118,
10,XYt,334,15,0.16185715976731052,
10,XYt,335,15,0.15939544987792456,
10,XYt,336,15,0.1594437617987163,
10,XYt,337,15,0.16017187348105047,
10,XYt,338,15,0.16023381540276646,
10,XYt,339,15,0.1569944022404009,
10,XYt,340,15,0.154840772125821,
10,XYt,341,15,0.1522507594627976,
10,XYt,342,15,0.14920928405664308,
10,XYt,343,15,0.14645602667019755,
10,XYt,344,15,0.14502212117121582,
10,XYt,345,15,0.14354770919035365,
10,XYt,346,15,0.14279946241401326,
10,XYt,347,15,0.14184274084990475,
10,XYt,348,15,0.14095643877331185,
10,XYt,349,15,0.14114058265784307,
10,XYt,350,15,0.14160218625369586,
10,XYt,351,15,0.14135355854452583,
10,XYt,352,15,0.14014585765172122,
10,XYt,353,15,0.1405746838559906,
10,XYt,354,15,0.13754844874251596,
10,XYt,355,15,0.13925674958841205,
10,XYt,356,15,0.13712572035864182,
10,XYt,357,15,0.13484197586066266,
10,XYt,358,15,0.1293267505704543,
10,XYt,359,15,0.12515121473533108,
10,XYt,360,15,0.11912938285357538,
10,XYt,361,15,0.11581980411057591,
10,XYt,362,15,0.11702485241097313,
10,XYt,363,15,0.11853450096481004,
10,XYt,364,15,0.20919522174409824,
10,XYt,365,15,0.2058183962220508,
10,XYt,366,15,0.20139735632336042,
10,XYt,367,15,0.19523310294125737,
10,XYt,368,15,0.19040604146831713,
10,XYt,369,15,0.1851719058549628,
10,XYt,370,15,0.1811152796568652,
10,XYt,371,15,0.17698398502654983,
10,XYt,372,15,0.17414221613228736,
10,XYt,373,15,0.16894476938899514,
10,XYt,374,15,0.16518163424571697,
10,XYt,375,15,0.16065358027917354,
10,XYt,376,15,0.15894374893269134,
10,XYt,377,15,0.15591731017200536,
10,XYt,378,15,0.15489598920154887,
10,XYt,379,15,0.15198388868716772,
10,XYt,380,15,0.15165867567285918,
10,XYt,381,15,0.14948948868583864,
10,XYt,382,15,0.14968904298387217,
10,XYt,383,15,0.14678283730591302,
10,XYt,384,15,0.1446436854891742,
10,XYt,385,15,0.1442147209715422,
10,XYt,386,15,0.1453232722244035,
10,XYt,387,15,0.14397905411530737,
10,XYt,388,15,0.1433139683853953,
10,XYt,389,15,0.14310339127033164,
10,XYt,390,15,0.14276402216360162,
10,XYt,391,15,0.1427339063468817,
10,XYt,392,15,0.14252034577685663,
10,XYt,393,15,0.1438183931371379,
10,XYt,394,15,0.1438772679414525,
10,XYt,395,15,0.14465141074869048,
10,XYt,396,15,0.14329797985604936,
10,XYt,397,15,0.14343408164507235,
10,XYt,398,15,0.1418672619597989,
10,XYt,399,15,0.143714949653933,
10,XYt,400,15,0.14329950853130202,
10,XYt,401,15,0.14367660687361453,
10,XYt,402,15,0.14187821135680104,
10,XYt,403,15,0.142685280420403,
10,XYt,404,15,0.14182457297007534,
10,XYt,405,15,0.143588099454158,
10,XYt,406,15,0.14341000999735534,
10,XYt,407,15,0.14415704874197163,
10,XYt,408,15,0.14201540343095514,
10,XYt,409,15,0.1443618714462636,
10,XYt,410,15,0.1441796524686638,
10,XYt,411,15,0.1488902662635225,
10,XYt,412,15,0.15027927675538452,
10,XYt,413,15,0.15133589357009972,
10,XYt,414,15,0.15248673803824256,
10,XYt,415,15,0.15421088227986732,
10,XYt,416,15,0.1540592849234012,
10,XYt,417,15,0.1557314066150172,
10,XYt,418,15,0.15525783678312943,
10,XYt,419,15,0.1552424325761994,
10,XYt,420,15,0.15685190525170917,
10,XYt,421,15,0.15763352613302065,
10,XYt,422,15,0.15964307207285086,
10,XYt,423,15,0.16233226706412635,
10,XYt,424,15,0.16479275999900267,
10,XYt,425,15,0.16606443493758827,
10,XYt,426,15,0.16707825285322042,
10,XYt,427,15,0.16843902639131408,
10,XYt,428,15,0.17107446087261827,
10,XYt,429,15,0.17364867723950145,
10,XYt,430,15,0.17503197265467688,
10,XYt,431,15,0.17659207236959124,
10,XYt,432,15,0.17959761540093996,
10,XYt,433,15,0.18187149414223225,
10,XYt,434,15,0.18136849427860735,
10,XYt,435,15,0.1800234947115076,
10,XYt,436,15,0.18147350349421906,
10,XYt,437,15,0.18358769331884245,
10,XYt,438,15,0.18669873038220375,
10,XYt,439,15,0.1924421364746004,
10,XYt,440,15,0.19652139731537963,
10,XYt,441,15,0.19944677153708287,
10,XYt,442,15,0.19929319360375602,
10,XYt,443,15,0.19959244202361998,
10,XYt,444,15,0.2009800267752734,
10,XYt,445,15,0.2043867986855851,
10,XYt,446,15,0.20822975744625075,
10,XYt,447,15,0.21253961819986378,
10,XYt,448,15,0.2148544375202814,
10,XYt,449,15,0.21714532146899526,
10,XYt,450,15,0.21977895911260154,
10,XYt,451,15,0.22268662240590992,
10,XYt,452,15,0.22478197115823662,
10,XYt,453,15,0.22904267494225256,
10,XYt,454,15,0.23352857925627432,
10,XYt,455,15,0.2385616689656749,
10,XYt,456,15,0.2442337079451072,
10,XYt,457,15,0.2497839644708169,
10,XYt,458,15,0.2558057381783847,
10,XYt,459,15,0.26146524689319856,
10,XYt,460,15,0.26523880612583584,
10,XYt,461,15,0.2606892826277397,
10,XYt,462,15,0.23768515670270973,
10,XYt,463,15,0.19241638848456236,
10,XYt,464,15,0.17054257888543634,
10,XYt,465,15,0.18526347269322904,
10,XYt,466,15,0.1917665555876388,
10,XYt,467,15,0.17762773769571974,
10,XYt,468,15,0.1877801266074061,
10,XYt,469,15,0.20585693002129068,
10,XYt,470,15,0.2118361763256711,
10,XYt,471,15,0.201067235379209,
10,XYt,472,15,0.1811103442493896,
10,XYt,473,15,0.15787348410686125,
10,XYt,474,15,0.14172849324754783,
10,XYt,475,15,0.13528284723284725,
10,XYt,476,15,0.13472690085557215,
10,XYt,477,15,0.13538445384677952,
10,XYt,478,15,0.13592430562365268,
10,XYt,479,15,0.1373844084713511,
10,XYt,480,15,0.13788947303956314,
10,XYt,481,15,0.1388759461141378,
10,XYt,482,15,0.1384774010542725,
10,XYt,483,15,0.13924942618298414,
10,XYt,484,15,0.13941772789609733,
10,XYt,485,15,0.14022275406332255,
10,XYt,486,15,0.13948218208777327,
10,XYt,487,15,0.1397303039794685,
10,XYt,488,15,0.13918120179896226,
10,XYt,489,15,0.140103842665735,
10,XYt,490,15,0.1393683020395493,
10,XYt,491,15,0.1401184822649433,
10,XYt,492,15,0.1390774256730813,
10,XYt,493,15,0.13952433080182847,
10,XYt,494,15,0.13900533441475696,
10,XYt,495,15,0.13976837271677683,
10,XYt,496,15,0.13930866396706004,
10,XYt,497,15,0.13980667413289471,
10,XYt,498,15,0.13951618651608425,
10,XYt,499,15,0.14003365753887842,
10,XYt,500,15,0.13915854890205956,
10,XYt,501,15,0.13953768270112382,
10,XYt,502,15,0.13886616575119204,
10,XYt,503,15,0.13954065436949065,
10,XYt,504,15,0.13946561640257982,
10,XYt,505,15,0.13974042626336614,
10,XYt,506,15,0.13939165262222528,
10,XYt,507,15,0.1392953023617972,
10,XYt,508,15,0.13919589981381802,
10,XYt,509,15,0.13940155617648928,
10,XYt,510,15,0.13951468678593845,
10,XYt,511,15,0.13930348642845722,
10,XYt,512,15,0.13900758447109982,
10,XYt,513,15,0.13899741747106842,
10,XYt,514,15,0.13874371257281726,
10,XYt,515,15,0.13856149431607384,
10,XYt,516,15,0.13817097142743337,
10,XYt,517,15,0.13760772442400054,
10,XYt,518,15,0.13700771331857742,
10,XYt,519,15,0.13557840608057986,
10,XYt,520,15,0.1339040355115987,
10,XYt,521,15,0.13227096016287693,
10,XYt,522,15,0.130716082150449,
10,XYt,523,15,0.12917007395838878,
10,XYt,524,15,0.12972079531488834,
10,XYt,525,15,0.13476006315545688,
10,XYt,526,15,0.1464024599384059,
10,XYt,527,15,0.16236921811141986,
10,XYt,528,15,0.18016110809930913,
10,XYt,529,15,0.19485272594191025,
10,XYt,530,15,0.20302833311364263,
10,XYt,531,15,0.20326895688540614,
10,XYt,532,15,0.20019006623964972,
10,XYt,533,15,0.19967226675154373,
10,XYt,534,15,0.18676470341991402,
10,XYt,535,15,0.18846849398687301,
10,XYt,536,15,0.22081965185605992,
10,XYt,537,15,0.21596731143606435,
10,XYt,538,15,0.20194819713934267,
10,XYt,539,15,0.1840512961937688,
10,XYt,540,15,0.16790065759252995,
10,XYt,541,15,0.1704964473203175,
10,XYt,542,15,0.19257070727023196,
10,XYt,543,15,0.2193628967546576,
10,XYt,544,15,0.23447069662124298,
10,XYt,545,15,0.23725839528834192,
10,XYt,546,15,0.23443582348434294,
10,XYt,547,15,0.23045658715133976,
10,XYt,548,15,0.225864058295232,
10,XYt,549,15,0.2207622018620012,
10,XYt,550,15,0.21677070264068898,
10,XYt,551,15,0.21175451767991224,
10,XYt,552,15,0.20715026828650893,
10,XYt,553,15,0.20140401572526387,
10,XYt,554,15,0.1960099478067004,
10,XYt,555,15,0.19059299802481527,
10,XYt,556,15,0.18637602369236045,
10,XYt,557,15,0.18183997504712088,
10,XYt,558,15,0.17874272034871574,
10,XYt,559,15,0.1757234433337903,
10,XYt,560,15,0.17222661223291819,
10,XYt,561,15,0.1676730002603356,
10,XYt,562,15,0.1649859560407056,
10,XYt,563,15,0.16402044499923002,
10,XYt,564,15,0.1636175255087977,
10,XYt,565,15,0.16506497729181258,
10,XYt,566,15,0.16695992155720982,
10,XYt,567,15,0.16821302045649206,
10,XYt,568,15,0.16671153474067724,
10,XYt,569,15,0.16523644314071845,
10,XYt,570,15,0.16406287602219471,
10,XYt,571,15,0.16348786464097362,
10,XYt,572,15,0.1624152368949962,
10,XYt,573,15,0.16096198571544795,
10,XYt,574,15,0.15808201344647213,
10,XYt,575,15,0.1541244314310188,
10,XYt,576,15,0.15018135837238705,
10,XYt,577,15,0.1464437885799493,
10,XYt,578,15,0.1427369413886979,
10,XYt,579,15,0.13918744693416793,
10,XYt,580,15,0.13611748523611752,
10,XYt,581,15,0.13417405755939932,
10,XYt,582,15,0.13306511019215633,
10,XYt,583,15,0.13370717653548686,
10,XYt,584,15,0.13449574181079868,
10,XYt,585,15,0.1349056869592504,
10,XYt,586,15,0.13440349022435868,
10,XYt,587,15,0.13310502031545873,
10,XYt,588,15,0.1343364093615105,
10,XYt,589,15,0.1370692335759723,
10,XYt,590,15,0.14002355946471512,
10,XYt,591,15,0.14428158843923367,
10,XYt,592,15,0.145371519090624,
10,XYt,593,15,0.14376820200032864,
10,XYt,594,15,0.1400261104095898,
10,XYt,595,15,0.1355880717798237,
10,XYt,596,15,0.13252446446157087,
10,XYt,597,15,0.1302131327187795,
10,XYt,598,15,0.12841740543491725,
10,XYt,599,15,0.12704882366973008,
10,XYt,600,15,0.12522767491168893,
10,XYt,601,15,0.1230429154566873,
10,XYt,602,15,0.12170406699465484,
10,XYt,603,15,0.12162044398444426,
10,XYt,604,15,0.12211425693009349,
10,XYt,605,15,0.1230105692279333,
10,XYt,606,15,0.12425162694500293,
10,XYt,607,15,0.12472290499579992,
10,XYt,608,15,0.12515302781397838,
10,XYt,609,15,0.12561226355209465,
10,XYt,610,15,0.1252244402992687,
10,XYt,611,15,0.1248631397528081,
10,XYt,612,15,0.1251433547943454,
10,XYt,613,15,0.12675213882119576,
10,XYt,614,15,0.12962914756883018,
10,XYt,615,15,0.1321618155064151,
10,XYt,616,15,0.13432817861763152,
10,XYt,617,15,0.13611063264513756,
10,XYt,618,15,0.13846492585225184,
10,XYt,619,15,0.13964948348000283,
10,XYt,620,15,0.14058565241276605,
10,XYt,621,15,0.14073478493919594,
10,XYt,622,15,0.13858446211545963,
10,XYt,623,15,0.13486226103071314,
10,XYt,624,15,0.13290283333714015,
10,XYt,625,15,0.1279069467664241,
10,XYt,626,15,0.12737071721750004,
10,XYt,627,15,0.12700562383665695,
10,XYt,628,15,0.12806940341735892,
10,XYt,629,15,0.1310645624587361,
10,XYt,630,15,0.1345758106649698,
10,XYt,631,15,0.13788046281352906,
10,XYt,632,15,0.14061008358148455,
10,XYt,633,15,0.14221259434528405,
10,XYt,634,15,0.14314748993078102,
10,XYt,635,15,0.14450775186941253,
10,XYt,636,15,0.14620037197699173,
10,XYt,637,15,0.14903823919303055,
10,XYt,638,15,0.15253810670116802,
10,XYt,639,15,0.15516175532056387,
10,XYt,640,15,0.15668666378372795,
10,XYt,641,15,0.15771412984753508,
10,XYt,642,15,0.1595351216005111,
10,XYt,643,15,0.16116599223208578,
10,XYt,644,15,0.16210051240834267,
10,XYt,645,15,0.16317104395091434,
10,XYt,646,15,0.16403447224092288,
10,XYt,647,15,0.16389635709140032,
10,XYt,648,15,0.1621825012485152,
10,XYt,649,15,0.1590766623003905,
10,XYt,650,15,0.16038773001859163,
10,XYt,651,15,0.16168098320245655,
10,XYt,652,15,0.16508148529635552,
10,XYt,653,15,0.17139460740638524,
10,XYt,654,15,0.17774547797639123,
10,XYt,655,15,0.18380777144871377,
10,XYt,656,15,0.1902123692731078,
10,XYt,657,15,0.19458825050281733,
10,XYt,658,15,0.19754992946630304,
10,XYt,659,15,0.19901207389659095,
10,XYt,660,15,0.20032274384590448,
10,XYt,661,15,0.19946220226614159,
10,XYt,662,15,0.19692097311670895,
10,XYt,663,15,0.19066512224699236,
10,XYt,664,15,0.18224958097810567,
10,XYt,665,15,0.1716822192771151,
10,XYt,666,15,0.16186834853890605,
10,XYt,667,15,0.15805395346291112,
10,XYt,668,15,0.1641784760358662,
10,XYt,669,15,0.17766166852642593,
10,XYt,670,15,0.1888249952863738,
10,XYt,671,15,0.1930936196356628,
10,XYt,672,15,0.19389170042541706,
10,XYt,673,15,0.19912457699761504,
10,XYt,674,15,0.20769335456428256,
10,XYt,675,15,0.20058189825709902,
10,XYt,676,15,0.17920301098427652,
10,XYt,677,15,0.16453260464525474,
10,XYt,678,15,0.17357750985036136,
10,XYt,679,15,0.18131228651260034,
10,XYt,680,15,0.18268056058801702,
10,XYt,681,15,0.17975736369108555,
10,XYt,682,15,0.17521890453267683,
10,XYt,683,15,0.17091530705829278,
10,XYt,684,15,0.16727446768695836,
10,XYt,685,15,0.16485787974828264,
10,XYt,686,15,0.1619074122097914,
10,XYt,687,15,0.15895991946329216,
10,XYt,688,15,0.1546418018847997,
10,XYt,689,15,0.15017674799701344,
10,XYt,690,15,0.14460712910605614,
10,XYt,691,15,0.14020218479416885,
10,XYt,692,15,0.13566530428520218,
10,XYt,693,15,0.13196989707900728,
10,XYt,694,15,0.12810511334391594,
10,XYt,695,15,0.12644887593495083,
10,XYt,696,15,0.12585585183717746,
10,XYt,697,15,0.125515116986672,
10,XYt,698,15,0.12544962987435296,
10,XYt,699,15,0.12541202811767377,
10,XYt,700,15,0.12572120607735823,
10,XYt,701,15,0.1255614858732085,
10,XYt,702,15,0.1262862508225802,
10,XYt,703,15,0.1257464110559349,
10,XYt,704,15,0.12608936073660634,
10,XYt,705,15,0.12428661273784222,
10,XYt,706,15,0.12272318684259845,
10,XYt,707,15,0.11726924661711628,
10,XYt,708,15,0.10627088956259104,
10,XYt,709,15,0.08775378217013975,
10,XYt,710,15,0.13953899995574118,
10,XYt,711,15,0.16134967321876723,
10,XYt,712,15,0.1894878557805757,
10,XYt,713,15,0.20863060255069632,
10,XYt,714,15,0.2200479320915447,
10,XYt,715,15,0.22728896699976056,
10,XYt,716,15,0.2296209263346548,
10,XYt,717,15,0.23671622508128315,
10,XYt,718,15,0.24633851371301266,
10,XYt,719,15,0.26698870479733106,
10,XYt,720,15,0.2701103430184788,
10,XYt,721,15,0.25871591514536596,
10,XYt,722,15,0.23724973496887203,
10,XYt,723,15,0.20271762474641494,
10,XYt,724,15,0.16606626620287748,
10,XYt,725,15,0.13585378034230008,
10,XYt,726,15,0.11107852404831119,
10,XYt,727,15,0.09378320648710756,
10,YZt,0,15,2.772782324173959,
10,YZt,1,15,0.44786497393474006,
10,YZt,2,15,0.371648482184648,
10,YZt,3,15,0.4043237410582343,
10,YZt,4,15,0.5403900528249101,
10,YZt,5,15,0.8912945802621145,
10,YZt,6,15,0.7659505045182458,
10,YZt,7,15,0.7870128560459368,
10,YZt,8,15,0.5668042950573541,
10,YZt,9,15,0.5511425999259311,
10,YZt,10,15,0.4895034513356342,
10,YZt,11,15,0.49496627432130247,
10,YZt,12,15,0.4581766404677852,
10,YZt,13,15,0.4509846958250202,
10,YZt,14,15,0.43242680959985635,
10,YZt,15,15,0.43229854156039277,
10,YZt,16,15,0.42483516719509956,
10,YZt,17,15,0.40900019014429934,
10,YZt,18,15,0.41040857820664295,
10,YZt,19,15,0.4121482239127596,
10,YZt,20,15,0.394535539444191,
10,YZt,21,15,0.40593947317385853,
10,YZt,22,15,0.4053755695226987,
10,YZt,23,15,0.38710934420971194,
10,YZt,24,15,0.4058949123616697,
10,YZt,25,15,0.4101506270245067,
10,YZt,52,15,0.26277028018574317,
10,YZt,53,15,0.25772782363881486,
10,YZt,54,15,0.26041929868497843,
10,YZt,55,15,0.2555370885358183,
10,YZt,56,15,0.2661899534590024,
10,YZt,57,15,0.2820344898805427,
10,YZt,58,15,0.2830639821462733,
10,YZt,59,15,0.2700109481734461,
10,YZt,60,15,0.2753324258754039,
10,YZt,61,15,0.29087190439066396,
10,YZt,62,15,0.2734403374685447,
10,YZt,63,15,0.2419904206707072,
10,YZt,64,15,0.23963758490158468,
10,YZt,65,15,0.1938619282225586,
10,YZt,66,15,0.14510665829487748,
10,YZt,67,15,0.13348739981304064,
10,YZt,68,15,0.12933982391671897,
10,YZt,69,15,0.11345651898442974,
10,YZt,70,15,0.10089423370669152,
10,YZt,71,15,0.09548568296735006,
10,YZt,72,15,0.08968386798645221,
10,YZt,73,15,0.0916735613782152,
10,YZt,74,15,0.08055799332687824,
10,YZt,75,15,0.08047455459062104,
10,YZt,76,15,0.07688901549970444,
10,YZt,77,15,0.0781585243423209,
10,YZt,26,15,0.39870816372182183,
10,YZt,27,15,0.399838329036079,
10,YZt,28,15,0.4136407579151149,
10,YZt,29,15,0.41427889541970936,
10,YZt,30,15,0.4083018896092021,
10,YZt,31,15,0.42232189006707205,
10,YZt,32,15,0.424527826838337,
10,YZt,33,15,0.419381174736695,
10,YZt,34,15,0.4220511415238246,
10,YZt,35,15,0.42794193224063615,
10,YZt,36,15,0.4220090123888713,
10,YZt,37,15,0.4063515728947976,
10,YZt,38,15,0.39384848274508805,
10,YZt,39,15,0.3802076519694172,
10,YZt,40,15,0.3742603794915607,
10,YZt,41,15,0.34905571015309217,
10,YZt,42,15,0.337268115215662,
10,YZt,43,15,0.3202244808188387,
10,YZt,44,15,0.31216884681503365,
10,YZt,45,15,0.30133584689811466,
10,YZt,46,15,0.2861049776231907,
10,YZt,47,15,0.28191708404848725,
10,YZt,48,15,0.2765499639746315,
10,YZt,49,15,0.2609871418167369,
10,YZt,50,15,0.2591304759075064,
10,YZt,51,15,0.2569979033938134,
10,YZt,78,15,0.07634791681439841,
10,YZt,79,15,0.07390741461869267,
10,YZt,80,15,0.06982094325835075,
10,YZt,81,15,0.06988832864352125,
10,YZt,82,15,0.07110059475822787,
10,YZt,83,15,0.07112870615917427,
10,YZt,84,15,0.07097649602534667,
10,YZt,85,15,0.06918137618940484,
10,YZt,86,15,0.0692754222000769,
10,YZt,87,15,0.06990506439885805,
10,YZt,88,15,0.07046129618264649,
10,YZt,89,15,0.07143803757309657,
10,YZt,90,15,0.07021519380828323,
10,YZt,91,15,0.06896522941303618,
10,YZt,92,15,0.07089978036621025,
10,YZt,93,15,0.07010012444188551,
10,YZt,94,15,0.06946427662631878,
10,YZt,95,15,0.06875815477992839,
10,YZt,96,15,0.06968608070546929,
10,YZt,97,15,0.06991808271260179,
10,YZt,98,15,0.07065601109457072,
10,YZt,99,15,0.07243043248593231,
10,YZt,100,15,0.07112909596827514,
10,YZt,101,15,0.06877861198450753,
10,YZt,102,15,0.06833681328265691,
10,YZt,103,15,0.07076691106585108,
10,YZt,104,15,0.07300779797488417,
10,YZt,105,15,0.07205645681227994,
10,YZt,106,15,0.07209568586302967,
10,YZt,107,15,0.07394478695594095,
10,YZt,108,15,0.07582202119071474,
10,YZt,109,15,0.07670675421960635,
10,YZt,110,15,0.0758072505050235,
10,YZt,111,15,0.07512273072837268,
10,YZt,112,15,0.07858327032773942,
10,YZt,113,15,0.08534554454260747,
10,YZt,114,15,0.09077999403554643,
10,YZt,115,15,0.08985263293439148,
10,YZt,116,15,0.08574075920490745,
10,YZt,117,15,0.0831709293652104,
10,YZt,118,15,0.08227936221211331,
10,YZt,119,15,0.08490820499013631,
10,YZt,120,15,0.08667593246909983,
10,YZt,121,15,0.08441001446942246,
10,YZt,122,15,0.08034538411225325,
10,YZt,123,15,0.07675227463181471,
10,YZt,124,15,0.07503402474173788,
10,YZt,125,15,0.07568884221691881,
10,YZt,126,15,0.07625794003710225,
10,YZt,127,15,0.076877134203476,
10,YZt,128,15,0.07778146869642517,
10,YZt,129,15,0.07914587333177053,
10,YZt,130,15,0.07974333791601874,
10,YZt,131,15,0.07904003508580479,
10,YZt,132,15,0.07891306017780961,
10,YZt,133,15,0.0789450409125444,
10,YZt,134,15,0.07998230399960242,
10,YZt,135,15,0.07986316942402796,
10,YZt,136,15,0.08036280731356646,
10,YZt,137,15,0.0826898021584978,
10,YZt,138,15,0.08489235489858776,
10,YZt,139,15,0.08511766214767211,
10,YZt,140,15,0.08328702814612447,
10,YZt,141,15,0.08269139055659387,
10,YZt,142,15,0.08352451333828267,
10,YZt,143,15,0.08356461590355661,
10,YZt,144,15,0.08300868736963098,
10,YZt,145,15,0.0821024615699003,
10,YZt,146,15,0.08198299846324937,
10,YZt,147,15,0.08166364118712763,
10,YZt,148,15,0.0809212429294226,
10,YZt,149,15,0.08129634033510516,
10,YZt,150,15,0.08128769031385659,
10,YZt,151,15,0.08091441184784294,
10,YZt,152,15,0.08176437409235847,
10,YZt,153,15,0.08253357548473542,
10,YZt,154,15,0.08579902879573385,
10,YZt,155,15,0.08872679391773691,
10,YZt,156,15,0.0874883614017804,
10,YZt,157,15,0.08525846070121533,
10,YZt,158,15,0.08636837359007994,
10,YZt,159,15,0.08914946997894302,
10,YZt,160,15,0.09148163519282423,
10,YZt,161,15,0.08843402074658062,
10,YZt,162,15,0.08551961713147638,
10,YZt,163,15,0.08489019771114789,
10,YZt,164,15,0.08223123451928921,
10,YZt,165,15,0.08106291440529298,
10,YZt,166,15,0.08048863362184047,
10,YZt,167,15,0.08005855696371675,
10,YZt,168,15,0.07595517025780879,
10,YZt,169,15,0.07613798766437171,
10,YZt,170,15,0.07710995052464044,
10,YZt,171,15,0.07623144664583181,
10,YZt,172,15,0.07613579534408643,
10,YZt,173,15,0.07279767748496783,
10,YZt,174,15,0.07137555435501713,
10,YZt,175,15,0.07526706354002492,
10,YZt,176,15,0.07798008126956778,
10,YZt,177,15,0.07835664085530261,
10,YZt,178,15,0.07742648744459231,
10,YZt,179,15,0.07807732434363675,
10,YZt,180,15,0.08440374701262218,
10,YZt,181,15,0.08796035409175919,
10,YZt,182,15,0.09258257542099027,
10,YZt,183,15,0.09642540864083607,
10,YZt,184,15,0.10236984723573422,
10,YZt,185,15,0.1126125260579591,
10,YZt,186,15,0.14553032164999333,
10,YZt,187,15,0.13452081869804006,
10,YZt,188,15,0.174233282797026,
10,YZt,189,15,0.26096149088034143,
10,YZt,190,15,0.29745065625828043,
10,YZt,191,15,0.3347565036137795,
10,YZt,192,15,0.40530274986954684,
10,YZt,193,15,0.43175146188102503,
10,YZt,194,15,0.4195200976841832,
10,YZt,195,15,0.4473939160218417,
10,YZt,196,15,0.4630604847473986,
10,YZt,197,15,0.4667121272529302,
10,YZt,198,15,0.46820146391273476,
10,YZt,199,15,0.45563040458830617,
10,YZt,200,15,0.45026161068840737,
10,YZt,201,15,0.4704805937124017,
10,YZt,202,15,0.46704363540623073,
10,YZt,203,15,0.45214728581455316,
10,YZt,204,15,0.44865498265238846,
10,YZt,205,15,0.4596245504508096,
10,YZt,206,15,0.4499313670638025,
10,YZt,207,15,0.44629150369465737,
10,YZt,208,15,0.43785035336721,
10,YZt,209,15,0.4390379261113045,
10,YZt,210,15,0.43746247567543484,
10,YZt,211,15,0.44189008916682937,
10,YZt,212,15,0.43325409467146575,
10,YZt,213,15,0.42336400018479814,
10,YZt,214,15,0.42944261362481845,
10,YZt,215,15,0.4255533631856479,
10,YZt,216,15,0.41419127546120293,
10,YZt,217,15,0.41377805437156584,
10,YZt,218,15,0.4092542980572063,
10,YZt,219,15,0.4193032542623096,
10,YZt,220,15,0.4046686202773935,
10,YZt,221,15,0.40480580476547007,
10,YZt,222,15,0.40523728714529084,
10,YZt,223,15,0.40993843763297755,
10,YZt,224,15,0.4065890981103399,
10,YZt,225,15,0.39687152861031405,
10,YZt,226,15,0.39226608503245447,
10,YZt,227,15,0.3946618558908411,
10,YZt,228,15,0.3906796770597519,
10,YZt,229,15,0.38144701523081914,
10,YZt,230,15,0.3888113587977463,
10,YZt,231,15,0.38410215690875155,
10,YZt,232,15,0.3762081337749766,
10,YZt,233,15,0.37778657267805626,
10,YZt,234,15,0.38732953031283096,
10,YZt,235,15,0.3866740151571721,
10,YZt,236,15,0.36517767509682625,
10,YZt,237,15,0.38506756057805347,
10,YZt,238,15,0.39015875886946266,
10,YZt,239,15,0.38150114463365264,
10,YZt,240,15,0.3984607212727773,
10,YZt,241,15,0.3955590918488871,
10,YZt,242,15,0.39483796113962455,
10,YZt,243,15,0.4116890388064622,
10,YZt,244,15,0.42390343054659174,
10,YZt,245,15,0.4265367780920684,
10,YZt,246,15,0.44121389042464965,
10,YZt,247,15,0.4472832841708444,
10,YZt,248,15,0.4862437276537744,
10,YZt,249,15,0.48188411466524694,
10,YZt,250,15,0.5401186175882661,
10,YZt,251,15,0.5548162455043347,
10,YZt,252,15,0.7730515515063107,
10,YZt,253,15,0.7512152262414656,
10,YZt,254,15,0.8770624886554714,
10,YZt,255,15,0.537228878941737,
10,YZt,256,15,0.4019931612387644,
10,YZt,257,15,0.37079830831740307,
10,YZt,258,15,0.4469650809086828,
10,YZt,259,15,2.773761321483627,
10,XZt,0,15,2.7814420759994176,
10,XZt,1,15,0.4326815554619598,
10,XZt,2,15,0.3728895096203219,
10,XZt,3,15,0.4171091122279141,
10,XZt,4,15,0.5589631132773101,
10,XZt,5,15,0.9162815101613347,
10,XZt,6,15,0.7761100304106042,
10,XZt,7,15,0.7973877996500461,
10,XZt,8,15,0.5739100479796979,
10,XZt,9,15,0.5543219883193823,
10,XZt,10,15,0.49484423726226046,
10,XZt,11,15,0.501242828490461,
10,XZt,12,15,0.46628948029539385,
10,XZt,13,15,0.4615271929759453,
10,XZt,14,15,0.44496000727846324,
10,XZt,15,15,0.4431129911774555,
10,XZt,16,15,0.4329990244102605,
10,XZt,17,15,0.41736668085194356,
10,XZt,18,15,0.41499973058264916,
10,XZt,19,15,0.41739201048506724,
10,XZt,20,15,0.401002167202106,
10,XZt,21,15,0.40563144326060613,
10,XZt,22,15,0.39804302149929627,
10,XZt,23,15,0.3852688195982042,
10,XZt,24,15,0.40323536346629896,
10,XZt,25,15,0.40065494704733773,
10,XZt,26,15,0.386480268994535,
10,XZt,27,15,0.38540306819616194,
10,XZt,28,15,0.3888736259867309,
10,XZt,29,15,0.38730056369306703,
10,XZt,30,15,0.37840221352773606,
10,XZt,31,15,0.38608497345535103,
10,XZt,32,15,0.38531100661411927,
10,XZt,33,15,0.3808817661616497,
10,XZt,34,15,0.382206231960751,
10,XZt,35,15,0.3871361653980508,
10,XZt,36,15,0.3857398360866017,
10,XZt,37,15,0.3821281895397436,
10,XZt,38,15,0.38046958370161227,
10,XZt,39,15,0.3723753100741213,
10,XZt,40,15,0.3799444057121926,
10,XZt,41,15,0.3699132757180786,
10,XZt,42,15,0.37213462816191445,
10,XZt,43,15,0.3715045356023673,
10,XZt,44,15,0.37896066188742417,
10,XZt,45,15,0.3762697927481447,
10,XZt,46,15,0.3661934082792955,
10,XZt,47,15,0.37153323442550895,
10,XZt,48,15,0.3756900169428768,
10,XZt,49,15,0.3678021443840621,
10,XZt,50,15,0.365609298131715,
10,XZt,51,15,0.36059282487841054,
10,XZt,52,15,0.3658943099912591,
10,XZt,53,15,0.36319894105498624,
10,XZt,54,15,0.36815503499479046,
10,XZt,55,15,0.3554636635059757,
10,XZt,56,15,0.35360080611897493,
10,XZt,57,15,0.3604560968714206,
10,XZt,58,15,0.36131746749592014,
10,XZt,59,15,0.3413326295976265,
10,XZt,60,15,0.34466655770432697,
10,XZt,61,15,0.34802427398922087,
10,XZt,62,15,0.33776505995439127,
10,XZt,63,15,0.3372522269718819,
10,XZt,64,15,0.33376296210418427,
10,XZt,65,15,0.3217221346629631,
10,XZt,66,15,0.3210829931451284,
10,XZt,67,15,0.30589632019709523,
10,XZt,68,15,0.2937515257106442,
10,XZt,69,15,0.27043650016454546,
10,XZt,70,15,0.2464885300602516,
10,XZt,71,15,0.23575518816795418,
10,XZt,72,15,0.2120650774390128,
10,XZt,73,15,0.2007494687896497,
10,XZt,74,15,0.17834315648195764,
10,XZt,75,15,0.17273963141339485,
10,XZt,76,15,0.15690738046682295,
10,XZt,77,15,0.15040460350328397,
10,XZt,78,15,0.1401916372380672,
10,XZt,79,15,0.13396087811870433,
10,XZt,80,15,0.12554747201663297,
10,XZt,81,15,0.120442833066053,
10,XZt,82,15,0.11634195408347558,
10,XZt,83,15,0.11181114965168157,
10,XZt,84,15,0.10867584372261732,
10,XZt,85,15,0.1038325063865618,
10,XZt,86,15,0.1014001965141241,
10,XZt,87,15,0.1005436822798745,
10,XZt,88,15,0.09727458015749489,
10,XZt,89,15,0.09603353069811253,
10,XZt,90,15,0.09380002973169127,
10,XZt,91,15,0.09011466927616459,
10,XZt,92,15,0.09163727064246277,
10,XZt,93,15,0.08913657886865069,
10,XZt,94,15,0.08633079591734676,
10,XZt,95,15,0.08397906231603841,
10,XZt,96,15,0.08248533350229875,
10,XZt,97,15,0.07987663781487621,
10,XZt,98,15,0.07847145924381524,
10,XZt,99,15,0.07868642907105272,
10,XZt,100,15,0.07667381124301056,
10,XZt,101,15,0.07333071845775661,
10,XZt,102,15,0.07170046670858743,
10,XZt,103,15,0.07185026449671433,
10,XZt,104,15,0.07133130228161665,
10,XZt,105,15,0.06774579734014324,
10,XZt,106,15,0.06533613566071807,
10,XZt,107,15,0.06497648513944501,
10,XZt,108,15,0.06474805389429138,
10,XZt,109,15,0.06529753151481782,
10,XZt,110,15,0.06445122281662488,
10,XZt,111,15,0.061877007874570615,
10,XZt,112,15,0.06059311082736536,
10,XZt,113,15,0.060688021958960135,
10,XZt,114,15,0.06095163904344056,
10,XZt,115,15,0.061584255674952224,
10,XZt,116,15,0.06151609574346303,
10,XZt,117,15,0.06048338783224991,
10,XZt,118,15,0.05892712822653829,
10,XZt,119,15,0.05816712578281701,
10,XZt,120,15,0.05817646463291379,
10,XZt,121,15,0.0580410126111311,
10,XZt,122,15,0.05721774680777551,
10,XZt,123,15,0.056924574206693904,
10,XZt,124,15,0.056533705608905624,
10,XZt,125,15,0.05711165148373292,
10,XZt,126,15,0.05626133307839858,
10,XZt,127,15,0.056486313247451014,
10,XZt,128,15,0.056727191415341785,
10,XZt,129,15,0.05722565744925597,
10,XZt,130,15,0.05783079357965091,
10,XZt,131,15,0.05759026476834191,
10,XZt,132,15,0.05713955805878077,
10,XZt,133,15,0.05715404713810523,
10,XZt,134,15,0.057679052260041455,
10,XZt,135,15,0.05744893824559346,
10,XZt,136,15,0.05761190294105563,
10,XZt,137,15,0.058344023781169804,
10,XZt,138,15,0.059394405423004656,
10,XZt,139,15,0.06035615724813865,
10,XZt,140,15,0.06112856245692865,
10,XZt,141,15,0.06153725835955808,
10,XZt,142,15,0.0633418916239936,
10,XZt,143,15,0.06448291944975111,
10,XZt,144,15,0.06503403291154279,
10,XZt,145,15,0.06440348126718573,
10,XZt,146,15,0.06359845526345666,
10,XZt,147,15,0.06480302050272856,
10,XZt,148,15,0.06675674926816041,
10,XZt,149,15,0.06997266763139437,
10,XZt,150,15,0.07174031691461928,
10,XZt,151,15,0.07151376665299992,
10,XZt,152,15,0.07258395054192979,
10,XZt,153,15,0.07335843031011408,
10,XZt,154,15,0.07705240080136948,
10,XZt,155,15,0.08164920477225379,
10,XZt,156,15,0.08250650092630099,
10,XZt,157,15,0.0830568125015726,
10,XZt,158,15,0.0851099108001814,
10,XZt,159,15,0.08962470214043668,
10,XZt,160,15,0.09247002880551854,
10,XZt,161,15,0.09306356215795626,
10,XZt,162,15,0.09480980716985234,
10,XZt,163,15,0.09852497311176146,
10,XZt,164,15,0.09948411626142066,
10,XZt,165,15,0.10244160786115053,
10,XZt,166,15,0.10612982085510952,
10,XZt,167,15,0.10907698856474107,
10,XZt,168,15,0.10840291188588679,
10,XZt,169,15,0.1132009885723628,
10,XZt,170,15,0.11659966436795717,
10,XZt,171,15,0.11809868336913676,
10,XZt,172,15,0.12158281084559547,
10,XZt,173,15,0.1227050530973834,
10,XZt,174,15,0.12291817205763926,
10,XZt,175,15,0.1256092104085943,
10,XZt,176,15,0.12486037121585765,
10,XZt,177,15,0.12500799541870192,
10,XZt,178,15,0.1246138697712536,
10,XZt,179,15,0.12379465953237473,
10,XZt,180,15,0.12472004653144891,
10,XZt,181,15,0.12391240360596614,
10,XZt,182,15,0.1255781476584013,
10,XZt,183,15,0.12351291686302994,
10,XZt,184,15,0.12808613856468845,
10,XZt,185,15,0.12602044747153474,
10,XZt,186,15,0.1346853623234413,
10,XZt,187,15,0.13359368365101382,
10,XZt,188,15,0.14061328841010973,
10,XZt,189,15,0.14018559570087535,
10,XZt,190,15,0.14805464428788268,
10,XZt,191,15,0.15458574491463886,
10,XZt,192,15,0.15892259751872667,
10,XZt,193,15,0.1699090832088877,
10,XZt,194,15,0.16922690282760572,
10,XZt,195,15,0.17666565447662033,
10,XZt,196,15,0.18044836616423637,
10,XZt,197,15,0.18197068673779057,
10,XZt,198,15,0.18486791935714658,
10,XZt,199,15,0.17947958709044817,
10,XZt,200,15,0.17782553514104882,
10,XZt,201,15,0.18368339094507785,
10,XZt,202,15,0.18081049960314885,
10,XZt,203,15,0.1772504435124564,
10,XZt,204,15,0.17520402609327443,
10,XZt,205,15,0.17945343185664975,
10,XZt,206,15,0.1760867407172793,
10,XZt,207,15,0.17890166400926477,
10,XZt,208,15,0.17563251725971238,
10,XZt,209,15,0.1788595366390871,
10,XZt,210,15,0.17980375384231786,
10,XZt,211,15,0.18819176044593208,
10,XZt,212,15,0.18929735545218512,
10,XZt,213,15,0.19132512558381506,
10,XZt,214,15,0.20329680407679243,
10,XZt,215,15,0.21311048401369573,
10,XZt,216,15,0.22179124043742493,
10,XZt,217,15,0.24107223846771242,
10,XZt,218,15,0.2627375399696878,
10,XZt,219,15,0.29165541520681754,
10,XZt,220,15,0.3059748766129703,
10,XZt,221,15,0.33053680905032257,
10,XZt,222,15,0.3540429244830339,
10,XZt,223,15,0.3748631723242383,
10,XZt,224,15,0.3883211502415078,
10,XZt,225,15,0.3896207949526602,
10,XZt,226,15,0.39204773830620476,
10,XZt,227,15,0.3957077991721212,
10,XZt,228,15,0.39715205334842074,
10,XZt,229,15,0.3890314407050032,
10,XZt,230,15,0.39816989335750197,
10,XZt,231,15,0.4003998274140847,
10,XZt,232,15,0.3918295581256376,
10,XZt,233,15,0.395098705057837,
10,XZt,234,15,0.405420043567499,
10,XZt,235,15,0.40431154078851683,
10,XZt,236,15,0.38686943327532264,
10,XZt,237,15,0.4034647710182563,
10,XZt,238,15,0.41228494948333555,
10,XZt,239,15,0.40534594385644823,
10,XZt,240,15,0.4225964176250572,
10,XZt,241,15,0.4198346270668026,
10,XZt,242,15,0.42266566851253606,
10,XZt,243,15,0.43630665355674736,
10,XZt,244,15,0.44882785251224033,
10,XZt,245,15,0.45158662222601653,
10,XZt,246,15,0.4711057422963297,
10,XZt,247,15,0.47480912047735196,
10,XZt,248,15,0.5147997847908364,
10,XZt,249,15,0.5071571783759021,
10,XZt,250,15,0.5658539297147224,
10,XZt,251,15,0.5867714075379803,
10,XZt,252,15,0.8065436219693202,
10,XZt,253,15,0.781471848519019,
10,XZt,254,15,0.9139416983968354,
10,XZt,255,15,0.5621755801636155,
10,XZt,256,15,0.4279781022869086,
10,XZt,257,15,0.3907981184673181,
10,XZt,258,15,0.46125652600314226,
10,XZt,259,15,2.783203011119296,
