iteration,orientation,plane,iterations,percent_change_last,gradient_last
1,XYt,0,15,0.44379508082899716,
1,XYt,1,15,0.43134524431181426,
1,XYt,2,15,0.40806098867708457,
1,XYt,3,15,0.38100788581419753,
1,XYt,4,15,0.3513373104924128,
1,XYt,5,15,0.32259447574364625,
1,XYt,6,15,0.3088636133138183,
1,XYt,7,15,0.2985478723235305,
1,XYt,8,15,0.2896985350570952,
1,XYt,9,15,0.2832725857042272,
1,XYt,10,15,0.2774505649660535,
1,XYt,11,15,0.2729288256618359,
1,XYt,12,15,0.27142949135776456,
1,XYt,13,15,0.26913258118218913,
1,XYt,14,15,0.2663446396881179,
1,XYt,15,15,0.2588190295819959,
1,XYt,16,15,0.2405366514745197,
1,XYt,17,15,0.2390294186739046,
1,XYt,18,15,0.23966710964669308,
1,XYt,19,15,0.240120422547404,
1,XYt,20,15,0.24102737016405018,
1,XYt,21,15,0.24219454507823068,
1,XYt,22,15,0.24326102071661662,
1,XYt,23,15,0.24527410540033526,
1,XYt,24,15,0.247040882945183,
1,XYt,25,15,0.2495814023548056,
1,XYt,26,15,0.2523216662930801,
1,XYt,27,15,0.25667763694608153,
1,XYt,28,15,0.26135937692390615,
1,XYt,29,15,0.266792028555216,
1,XYt,30,15,0.2729557174606791,
1,XYt,31,15,0.27992196630961264,
1,XYt,32,15,0.28801084577469344,
1,XYt,33,15,0.29728775631452503,
1,XYt,34,15,0.3063082696529747,
1,XYt,35,15,0.3169887952035081,
1,XYt,36,15,0.32859284015509144,
1,XYt,37,15,0.34239439956490547,
1,XYt,38,15,0.3567891450808397,
1,XYt,39,15,0.37309026529007994,
1,XYt,40,15,0.3903161878718876,
1,XYt,41,15,0.40885193153219307,
1,XYt,42,15,0.428944157213387,
1,XYt,43,15,0.4518135148745704,
1,XYt,44,15,0.47850521241745125,
1,XYt,45,15,0.5087344707617315,
1,XYt,46,15,0.5460263213541775,
1,XYt,47,15,0.5878437382160859,
1,XYt,48,15,0.6283546704195775,
1,XYt,49,15,0.6716653695363817,
1,XYt,50,15,0.7143802274564965,
1,XYt,51,15,0.7529961762009283,
1,XYt,52,15,0.7868704169837734,
1,XYt,53,15,0.8214235070198019,
1,XYt,54,15,0.8567245952665271,
1,XYt,55,15,0.8912913328377131,
1,XYt,56,15,0.9200025684513063,
1,XYt,57,15,0.9400156129345573,
1,XYt,58,15,0.9505245255072549,
1,XYt,59,15,0.957189575180176,
1,XYt,60,15,0.9636001357427567,
1,XYt,61,15,0.9681176038509124,
1,XYt,62,15,0.9707297248032413,
1,XYt,63,15,0.9729249479913549,
1,XYt,64,15,0.9751494516042181,
1,XYt,65,15,0.9759245762560025,
1,XYt,66,15,0.9736472839593214,
1,XYt,67,15,0.9711182540510904,
1,XYt,68,15,0.9690344074434356,
1,XYt,69,15,0.964527759732805,
1,XYt,70,15,0.9627366857125104,
1,XYt,71,15,0.9581237574229271,
1,XYt,72,15,0.9571060009996208,
1,XYt,146,15,0.9154471156064612,
1,XYt,147,15,0.9158089798602833,
1,XYt,148,15,0.9112170829078831,
1,XYt,149,15,0.9103924657836033,
1,XYt,150,15,0.9122739194332649,
1,XYt,151,15,0.9136769507676208,
1,XYt,152,15,0.9133879460786559,
1,XYt,153,15,0.9120700492098639,
1,XYt,154,15,0.9106189246106869,
1,XYt,155,15,0.908017639178327,
1,XYt,156,15,0.9034101468443875,
1,XYt,157,15,0.8931197703210383,
1,XYt,158,15,0.8767917146920644,
1,XYt,159,15,0.8596810961435796,
1,XYt,160,15,0.8442464059153233,
1,XYt,161,15,0.8262981753093199,
1,XYt,162,15,0.8111309075239912,
1,XYt,163,15,0.7957771466838173,
1,XYt,164,15,0.7836899196113782,
1,XYt,165,15,0.7696165666804292,
1,XYt,166,15,0.7578883728142868,
1,XYt,167,15,0.7431186594397025,
1,XYt,168,15,0.7309610989217731,
1,XYt,169,15,0.7205436870021289,
1,XYt,170,15,0.7141713988720577,
1,XYt,171,15,0.7087101688077272,
1,XYt,172,15,0.7041484840878658,
1,XYt,173,15,0.6993285981810725,
1,XYt,174,15,0.6942961510467811,
1,XYt,175,15,0.6904627746672494,
1,XYt,176,15,0.6894963836836846,
1,XYt,177,15,0.6867211023288924,
1,XYt,178,15,0.6816809487064465,
1,XYt,179,15,0.6794635979007663,
1,XYt,180,15,0.6755967921430303,
1,XYt,181,15,0.6716044546250902,
1,XYt,182,15,0.6693885525467368,
1,XYt,183,15,0.666799060618223,
1,XYt,184,15,0.6648599651120608,
1,XYt,185,15,0.6630562813336899,
1,XYt,186,15,0.6628383786341299,
1,XYt,187,15,0.6638577021985795,
1,XYt,188,15,0.6622608028135257,
1,XYt,189,15,0.6636328776420467,
1,XYt,190,15,0.66566499459232,
1,XYt,191,15,0.6677428621760645,
1,XYt,192,15,0.6679213135887642,
1,XYt,193,15,0.6683404356845238,
1,XYt,194,15,0.6730934115250142,
1,XYt,195,15,0.6792479712601439,
1,XYt,196,15,0.689268267193158,
1,XYt,197,15,0.69757059553461,
1,XYt,198,15,0.7036038326231054,
1,XYt,199,15,0.704137334443675,
1,XYt,200,15,0.7101753526771063,
1,XYt,201,15,0.7125136051827625,
1,XYt,202,15,0.7152086732586893,
1,XYt,203,15,0.7174181342323069,
1,XYt,204,15,0.7206178116044714,
1,XYt,205,15,0.7221930239993047,
1,XYt,206,15,0.7307820452849468,
1,XYt,207,15,0.7406609777129284,
1,XYt,208,15,0.7522928810461434,
1,XYt,209,15,0.7647594191301599,
1,XYt,210,15,0.7774046345381398,
1,XYt,211,15,0.7877298873219467,
1,XYt,212,15,0.7943805773462573,
1,XYt,213,15,0.8043551292136549,
1,XYt,214,15,0.8186635585843267,
1,XYt,215,15,0.8364987042512926,
1,XYt,216,15,0.8554035737253431,
1,XYt,217,15,0.8763289179585227,
1,XYt,218,15,0.9013492279113746,
1,XYt,73,15,0.9526415200922758,
1,XYt,74,15,0.9477945976221693,
1,XYt,75,15,0.9399001578290939,
1,XYt,76,15,0.9282684406783309,
1,XYt,77,15,0.9158630715018523,
1,XYt,78,15,0.8962438250186407,
1,XYt,79,15,0.875298757495409,
1,XYt,80,15,0.8568497900192505,
1,XYt,81,15,0.8416291507819884,
1,XYt,82,15,0.8275314170069726,
1,XYt,83,15,0.8137113928823039,
1,XYt,84,15,0.8039797294967723,
1,XYt,85,15,0.7928148213404269,
1,XYt,86,15,0.7808278627553549,
1,XYt,87,15,0.7715453498117973,
1,XYt,88,15,0.7596117791319478,
1,XYt,89,15,0.7492444114486753,
1,XYt,90,15,0.7418712848415839,
1,XYt,91,15,0.7346777740402365,
1,XYt,92,15,0.729604492626378,
1,XYt,93,15,0.7239854223101169,
1,XYt,94,15,0.718584566158052,
1,XYt,95,15,0.7145171903969965,
1,XYt,96,15,0.7134282670124564,
1,XYt,97,15,0.7100003261448106,
1,XYt,98,15,0.705735012056651,
1,XYt,99,15,0.699747585397032,
1,XYt,100,15,0.6937554062696707,
1,XYt,101,15,0.6873135953691989,
1,XYt,102,15,0.6849501516879334,
1,XYt,103,15,0.680773805946261,
1,XYt,104,15,0.6759038447171162,
1,XYt,105,15,0.673826511740566,
1,XYt,106,15,0.6740840996620099,
1,XYt,107,15,0.6734982813432004,
1,XYt,108,15,0.6718237863994643,
1,XYt,109,15,0.6728798011000705,
1,XYt,110,15,0.673695214604242,
1,XYt,111,15,0.6746820178520755,
1,XYt,112,15,0.6764113296020479,
1,XYt,113,15,0.6810774794221928,
1,XYt,114,15,0.6855250898978802,
1,XYt,115,15,0.6918360099455357,
1,XYt,116,15,0.7002694792326984,
1,XYt,117,15,0.707622622915014,
1,XYt,118,15,0.7125600471885537,
1,XYt,119,15,0.7162751675316762,
1,XYt,120,15,0.7221796333226058,
1,XYt,121,15,0.7273684024164808,
1,XYt,122,15,0.7299402045854598,
1,XYt,123,15,0.7330052246929922,
1,XYt,124,15,0.7358252401955705,
1,XYt,125,15,0.7380323666943308,
1,XYt,126,15,0.7431118180229217,
1,XYt,127,15,0.7527926267745694,
1,XYt,128,15,0.7615638856242674,
1,XYt,129,15,0.7716104784049429,
1,XYt,130,15,0.7800110003467501,
1,XYt,131,15,0.7914084711661782,
1,XYt,132,15,0.8013490959256901,
1,XYt,133,15,0.8136591989131633,
1,XYt,134,15,0.8237269347370652,
1,XYt,135,15,0.8369624679664506,
1,XYt,136,15,0.8516871226062527,
1,XYt,137,15,0.8665531268057367,
1,XYt,138,15,0.8855540311208712,
1,XYt,139,15,0.9014756440923138,
1,XYt,140,15,0.9111536074355528,
1,XYt,141,15,0.9181144723962833,
1,XYt,142,15,0.9188107665715886,
1,XYt,143,15,0.9182430270271247,
1,XYt,144,15,0.9177656792991399,
1,XYt,145,15,0.9177062982666733,
1,XYt,365,15,0.8917857073981955,
1,XYt,366,15,0.8794952374773775,
1,XYt,367,15,0.8725625060685592,
1,XYt,368,15,0.861992744961738,
1,XYt,369,15,0.8543437481793428,
1,XYt,370,15,0.8469569702894723,
1,XYt,371,15,0.841186859617701,
1,XYt,372,15,0.8354729751394147,
1,XYt,373,15,0.830042552018352,
1,XYt,374,15,0.8231024237023479,
1,XYt,375,15,0.8151379190979966,
1,XYt,376,15,0.8060487379757028,
1,XYt,377,15,0.7965800577547508,
1,XYt,378,15,0.7864480384441902,
1,XYt,379,15,0.7798415134419924,
1,XYt,380,15,0.7767724469282654,
1,XYt,381,15,0.7759823476631982,
1,XYt,382,15,0.7725068141980862,
1,XYt,383,15,0.7695945043253295,
1,XYt,384,15,0.766081463382863,
1,XYt,385,15,0.7589373705525616,
1,XYt,386,15,0.7531822347129452,
1,XYt,387,15,0.7531114879635544,
1,XYt,388,15,0.755408567960807,
1,XYt,389,15,0.7545016446237549,
1,XYt,390,15,0.7536829151744802,
1,XYt,391,15,0.7541546457677701,
1,XYt,392,15,0.7527626639296957,
1,XYt,393,15,0.7540809276287858,
1,XYt,394,15,0.754007490858523,
1,XYt,395,15,0.7547456258213769,
1,XYt,396,15,0.7575290261545451,
1,XYt,397,15,0.7592441021857834,
1,XYt,398,15,0.7607720068760623,
1,XYt,399,15,0.7595906465225113,
1,XYt,400,15,0.7591007688503161,
1,XYt,401,15,0.7578905983209321,
1,XYt,402,15,0.7582269880419926,
1,XYt,403,15,0.7580406357104083,
1,XYt,404,15,0.7600676414923967,
1,XYt,405,15,0.7616206944346791,
1,XYt,406,15,0.7651306738634449,
1,XYt,407,15,0.7680713825800242,
1,XYt,408,15,0.7725737706829302,
1,XYt,409,15,0.7765137339593337,
1,XYt,410,15,0.7828272187275445,
1,XYt,411,15,0.7830084392370383,
1,XYt,412,15,0.7874761945819231,
1,XYt,413,15,0.7920080608805842,
1,XYt,414,15,0.7955019109152264,
1,XYt,415,15,0.7983068928071687,
1,XYt,416,15,0.8092858931612694,
1,XYt,417,15,0.81744210186783,
1,XYt,418,15,0.8265263082988765,
1,XYt,419,15,0.8320748927286394,
1,XYt,420,15,0.8386117398089409,
1,XYt,421,15,0.8449290863832615,
1,XYt,422,15,0.8525173020243191,
1,XYt,423,15,0.8571661069577092,
1,XYt,424,15,0.8639343918323097,
1,XYt,425,15,0.8698556897890034,
1,XYt,426,15,0.8769669363707514,
1,XYt,427,15,0.8833532126302678,
1,XYt,428,15,0.8881975128281653,
1,XYt,429,15,0.8951139729614435,
1,XYt,430,15,0.9044131995168073,
1,XYt,431,15,0.9145838044709472,
1,XYt,432,15,0.9286077585215349,
1,XYt,433,15,0.942273387433504,
1,XYt,434,15,0.9607979292772462,
1,XYt,435,15,0.9815907127006095,
1,XYt,436,15,1.0093250128802065,
1,XYt,437,15,1.0261467754237743,
1,XYt,292,15,0.6186443897408641,
1,XYt,293,15,0.6205359801949468,
1,XYt,294,15,0.6195433950876656,
1,XYt,295,15,0.6206219865834669,
1,XYt,296,15,0.6196998567880422,
1,XYt,297,15,0.6207157774831367,
1,XYt,298,15,0.6213002441970223,
1,XYt,299,15,0.6204580993458396,
1,XYt,300,15,0.6195166848311146,
1,XYt,301,15,0.6208282063418924,
1,XYt,302,15,0.6209316935456347,
1,XYt,303,15,0.6214592636978608,
1,XYt,304,15,0.6218111270269618,
1,XYt,305,15,0.6222425738531476,
1,XYt,306,15,0.6226036604488602,
1,XYt,307,15,0.6233760194530764,
1,XYt,308,15,0.6254029639439563,
1,XYt,309,15,0.6253333224564326,
1,XYt,310,15,0.6269696558693302,
1,XYt,311,15,0.625870339467638,
1,XYt,312,15,0.6252539886258288,
1,XYt,313,15,0.6272407103972035,
1,XYt,314,15,0.6268842835422753,
1,XYt,315,15,0.6266358018644933,
1,XYt,316,15,0.627753161968174,
1,XYt,317,15,0.6286899018377368,
1,XYt,318,15,0.6272464706459073,
1,XYt,319,15,0.6280238259980965,
1,XYt,320,15,0.630922646284488,
1,XYt,321,15,0.6352028722348512,
1,XYt,322,15,0.637365323566218,
1,XYt,323,15,0.6409283922210979,
1,XYt,324,15,0.6620881672392318,
1,XYt,325,15,0.7510614928737197,
1,XYt,326,15,0.8755537997092034,
1,XYt,327,15,0.9537339966321174,
1,XYt,328,15,0.9850496815536468,
1,XYt,329,15,1.001598248567189,
1,XYt,330,15,1.004235517948676,
1,XYt,331,15,1.0076631668334934,
1,XYt,332,15,1.0104803192696232,
1,XYt,333,15,1.0099876503812686,
1,XYt,334,15,1.007918117267292,
1,XYt,335,15,1.0124369911846653,
1,XYt,336,15,1.0087199213929008,
1,XYt,337,15,1.0108668268051744,
1,XYt,338,15,1.0093662553530225,
1,XYt,339,15,1.0120962460125442,
1,XYt,340,15,1.021999794024413,
1,XYt,341,15,1.0223244335803652,
1,XYt,342,15,1.0223542516433342,
1,XYt,343,15,1.0261380415124197,
1,XYt,344,15,1.026587898473145,
1,XYt,345,15,1.028451605794293,
1,XYt,346,15,1.027359089164147,
1,XYt,347,15,1.0304548957126676,
1,XYt,348,15,1.0343661129858701,
1,XYt,349,15,1.0423169906077274,
1,XYt,350,15,1.0373245765107526,
1,XYt,351,15,1.0446184197398258,
1,XYt,352,15,1.0512973917055601,
1,XYt,353,15,1.0565580281648552,
1,XYt,354,15,1.0570592183638732,
1,XYt,355,15,1.0600165364144032,
1,XYt,356,15,1.0547823960394238,
1,XYt,357,15,1.033059492332544,
1,XYt,358,15,0.9926538575164204,
1,XYt,359,15,0.9592705798995155,
1,XYt,360,15,0.9344692576876836,
1,XYt,361,15,0.9208079960186686,
1,XYt,362,15,0.8885069227557427,
1,XYt,363,15,0.8914433185722727,
1,XYt,364,15,0.8995409530670042,
1,XYt,219,15,0.9222243080989317,
1,XYt,220,15,0.9365442515907074,
1,XYt,221,15,0.9465028447212006,
1,XYt,222,15,0.954175190480359,
1,XYt,223,15,0.9586228326812367,
1,XYt,224,15,0.9621398095319604,
1,XYt,225,15,0.9626068806435971,
1,XYt,226,15,0.9621216134660807,
1,XYt,227,15,0.9650958664379677,
1,XYt,228,15,0.964456637945592,
1,XYt,229,15,0.9664192301116801,
1,XYt,230,15,0.9674207999861082,
1,XYt,231,15,0.9682158927419082,
1,XYt,232,15,0.9644628289445197,
1,XYt,233,15,0.9591705432279212,
1,XYt,234,15,0.9566120298590167,
1,XYt,235,15,0.9520901010968755,
1,XYt,236,15,0.9456774088976895,
1,XYt,237,15,0.9353251101856419,
1,XYt,238,15,0.9297012064243328,
1,XYt,239,15,0.9263794671212818,
1,XYt,240,15,0.9280153645837147,
1,XYt,241,15,0.9253872656139855,
1,XYt,242,15,0.9260512856060853,
1,XYt,243,15,0.9247431886262478,
1,XYt,244,15,0.9269875899313402,
1,XYt,245,15,0.9258268562441996,
1,XYt,246,15,0.922296010651894,
1,XYt,247,15,0.9229710264893208,
1,XYt,248,15,0.9252828307188311,
1,XYt,249,15,0.9253489604946609,
1,XYt,250,15,0.9253800777906079,
1,XYt,251,15,0.9240129767800592,
1,XYt,252,15,0.9210869435081065,
1,XYt,253,15,0.9156668644429936,
1,XYt,254,15,0.9061699855362091,
1,XYt,255,15,0.8858845796362114,
1,XYt,256,15,0.8492913208991448,
1,XYt,257,15,0.8068416037037668,
1,XYt,258,15,0.753721521135805,
1,XYt,259,15,0.687429510325732,
1,XYt,260,15,0.6318346118466792,
1,XYt,261,15,0.6033073381457976,
1,XYt,262,15,0.5960837253672138,
1,XYt,263,15,0.6011905381249577,
1,XYt,264,15,0.6050222826557616,
1,XYt,265,15,0.6053383909307145,
1,XYt,266,15,0.605457233749263,
1,XYt,267,15,0.6058196033278834,
1,XYt,268,15,0.6068009815499135,
1,XYt,269,15,0.6063606559263918,
1,XYt,270,15,0.6074619233121793,
1,XYt,271,15,0.6067398375185559,
1,XYt,272,15,0.6070208903051514,
1,XYt,273,15,0.6075996068420928,
1,XYt,274,15,0.6092618036250266,
1,XYt,275,15,0.6116458516870311,
1,XYt,276,15,0.612456905373288,
1,XYt,277,15,0.6123502457029116,
1,XYt,278,15,0.6136120363375658,
1,XYt,279,15,0.6138119406820154,
1,XYt,280,15,0.6137731122013115,
1,XYt,281,15,0.6129935655636548,
1,XYt,282,15,0.6141964089497935,
1,XYt,283,15,0.6162960724432719,
1,XYt,284,15,0.6179533247686411,
1,XYt,285,15,0.6196819127705218,
1,XYt,286,15,0.6195075830232935,
1,XYt,287,15,0.6184113068096125,
1,XYt,288,15,0.618139768987429,
1,XYt,289,15,0.61837891728259,
1,XYt,290,15,0.6185196636963123,
1,XYt,291,15,0.6194742743023901,
1,XYt,438,15,1.0346206093807295,
1,XYt,439,15,1.0393379525333868,
1,XYt,440,15,1.0446122734847476,
1,XYt,441,15,1.0493099744266563,
1,XYt,442,15,1.0531971007942236,
1,XYt,443,15,1.0555433015685374,
1,XYt,444,15,1.0621460879946758,
1,XYt,445,15,1.0654960657279966,
1,XYt,446,15,1.067850294511492,
1,XYt,447,15,1.0740289501642932,
1,XYt,448,15,1.0782227717281923,
1,XYt,449,15,1.0803839390467278,
1,XYt,450,15,1.085222034737815,
1,XYt,451,15,1.0860049139611483,
1,XYt,452,15,1.0892311351183837,
1,XYt,453,15,1.0913165163490475,
1,XYt,454,15,1.0885267541029098,
1,XYt,455,15,1.0840178748243119,
1,XYt,456,15,1.0839939205089462,
1,XYt,457,15,1.0856311914741705,
1,XYt,458,15,1.0871694248769923,
1,XYt,459,15,1.0849385704197212,
1,XYt,460,15,1.0840173793748709,
1,XYt,461,15,1.0807841207706201,
1,XYt,462,15,1.076591985120962,
1,XYt,463,15,1.0619987966174897,
1,XYt,464,15,1.0348335434865104,
1,XYt,465,15,0.9927983751505316,
1,XYt,466,15,0.9481696982495702,
1,XYt,467,15,0.8992743115543756,
1,XYt,468,15,0.8287807950654034,
1,XYt,469,15,0.752800153953806,
1,XYt,470,15,0.707494805113291,
1,XYt,471,15,0.6920223931141899,
1,XYt,472,15,0.6954384065519652,
1,XYt,473,15,0.700111229928674,
1,XYt,474,15,0.7014882903076942,
1,XYt,475,15,0.700524549856704,
1,XYt,476,15,0.7008038597483305,
1,XYt,477,15,0.699539578022706,
1,XYt,478,15,0.6991065375694802,
1,XYt,479,15,0.6988718213212065,
1,XYt,480,15,0.6974572835491658,
1,XYt,481,15,0.6962983495299726,
1,XYt,482,15,0.6947366706028181,
1,XYt,483,15,0.6950530973628571,
1,XYt,484,15,0.6947758153916693,
1,XYt,485,15,0.6953440400319375,
1,XYt,486,15,0.6942017469673563,
1,XYt,487,15,0.6953249638988381,
1,XYt,488,15,0.6949129810955615,
1,XYt,489,15,0.6952208442341522,
1,XYt,490,15,0.6941507507278477,
1,XYt,491,15,0.6932914263471245,
1,XYt,492,15,0.6955270548646089,
1,XYt,493,15,0.6948778909056847,
1,XYt,494,15,0.6942592711398257,
1,XYt,495,15,0.6937375654909695,
1,XYt,496,15,0.6945962631697552,
1,XYt,497,15,0.6923320528731094,
1,XYt,498,15,0.6912144486170968,
1,XYt,499,15,0.6903643265516181,
1,XYt,500,15,0.6912634201063788,
1,XYt,501,15,0.6910673982456297,
1,XYt,502,15,0.6909088448162458,
1,XYt,503,15,0.690644089867468,
1,XYt,504,15,0.6921689274768072,
1,XYt,505,15,0.6913081097931256,
1,XYt,506,15,0.691583160320509,
1,XYt,507,15,0.6916432621824985,
1,XYt,508,15,0.6911329016493188,
1,XYt,509,15,0.6909381315065605,
1,XYt,510,15,0.690643084505463,
1,XYt,511,15,0.6907267209681812,
1,XYt,512,15,0.6908582428467229,
1,XYt,513,15,0.6920344144017923,
1,XYt,514,15,0.6928556660355298,
1,XYt,515,15,0.6935727568286374,
1,XYt,516,15,0.6923528829327791,
1,XYt,517,15,0.69211619809725,
1,XYt,518,15,0.6920077878729585,
1,XYt,519,15,0.6933037181514289,
1,XYt,520,15,0.692763414066217,
1,XYt,521,15,0.6912443800955124,
1,XYt,522,15,0.692006132862624,
1,XYt,523,15,0.6904556693342659,
1,XYt,524,15,0.6911018724494314,
1,XYt,525,15,0.689955284136523,
1,XYt,526,15,0.6886325031435623,
1,XYt,527,15,0.6813496185070675,
1,XYt,528,15,0.6727305321518187,
1,XYt,529,15,0.6646709063481434,
1,XYt,530,15,0.6666038132423469,
1,XYt,531,15,0.6848085544561436,
1,XYt,532,15,0.718952067192196,
1,XYt,533,15,0.7664841945182215,
1,XYt,534,15,0.8280697965445507,
1,XYt,535,15,0.8811493437562841,
1,XYt,536,15,0.9088980870629674,
1,XYt,537,15,0.9314239612641529,
1,XYt,538,15,0.9532330860174543,
1,XYt,539,15,0.9792626308393446,
1,XYt,540,15,1.0061531956703489,
1,XYt,541,15,1.0247505072350231,
1,XYt,542,15,1.0367614650028398,
1,XYt,543,15,1.040424268254071,
1,XYt,544,15,1.0369277669776036,
1,XYt,545,15,1.0273936637471301,
1,XYt,546,15,1.0210701406366975,
1,XYt,547,15,1.0143876709005755,
1,XYt,548,15,0.9989787706149972,
1,XYt,549,15,0.9845679695191125,
1,XYt,550,15,0.9729993829933102,
1,XYt,551,15,0.9602262084683417,
1,XYt,552,15,0.9529604884109724,
1,XYt,553,15,0.9457226729702869,
1,XYt,554,15,0.9416044697993918,
1,XYt,555,15,0.934846058093612,
1,XYt,556,15,0.9282727949469127,
1,XYt,557,15,0.9218100353051107,
1,XYt,558,15,0.9140463890069511,
1,XYt,559,15,0.90244148242209,
1,XYt,560,15,0.8923760938380605,
1,XYt,561,15,0.877293613530865,
1,XYt,562,15,0.8612559399363666,
1,XYt,563,15,0.8547723490104026,
1,XYt,564,15,0.8466604366592686,
1,XYt,565,15,0.8311737950128061,
1,XYt,566,15,0.8171987441883971,
1,XYt,567,15,0.8037890889358728,
1,XYt,568,15,0.7937718029584102,
1,XYt,569,15,0.7842625062241815,
1,XYt,570,15,0.7745547912087895,
1,XYt,571,15,0.7640491121086734,
1,XYt,572,15,0.7555070196317146,
1,XYt,573,15,0.7501192627266196,
1,XYt,574,15,0.7512041459820153,
1,XYt,575,15,0.7516295278816186,
1,XYt,576,15,0.7535825168299138,
1,XYt,577,15,0.7568154096918093,
1,XYt,578,15,0.757272881731121,
1,XYt,579,15,0.7559478379226546,
1,XYt,580,15,0.7524679651691266,
1,XYt,581,15,0.7508502561474997,
1,XYt,582,15,0.7470404314111254,
1,XYt,583,15,0.740706161070999,
1,XYt,584,15,0.7360875419385697,
1,XYt,585,15,0.7290043767212825,
1,XYt,586,15,0.7234746168726486,
1,XYt,587,15,0.7178239634818905,
1,XYt,588,15,0.7103879635156847,
1,XYt,589,15,0.6980578918816384,
1,XYt,590,15,0.6853189010457335,
1,XYt,591,15,0.6696920912060293,
1,XYt,592,15,0.6600267005730981,
1,XYt,593,15,0.6549409039777301,
1,XYt,594,15,0.6568550312200591,
1,XYt,595,15,0.658851962355394,
1,XYt,596,15,0.6608015619629779,
1,XYt,597,15,0.6651595148445901,
1,XYt,598,15,0.66759776720669,
1,XYt,599,15,0.668806411877736,
1,XYt,600,15,0.6725605260111714,
1,XYt,601,15,0.6754865475056812,
1,XYt,602,15,0.6787670847285683,
1,XYt,603,15,0.6795599426507138,
1,XYt,604,15,0.6800368801088984,
1,XYt,605,15,0.6792545182618711,
1,XYt,606,15,0.6801523633228728,
1,XYt,607,15,0.6792498111796534,
1,XYt,608,15,0.6795316155415808,
1,XYt,609,15,0.679100402522482,
1,XYt,610,15,0.6770175364751668,
1,XYt,611,15,0.6754100344433036,
1,XYt,612,15,0.671704999661461,
1,XYt,613,15,0.6687598978932037,
1,XYt,614,15,0.6638478043498367,
1,XYt,615,15,0.6592329774292999,
1,XYt,616,15,0.6550108797221258,
1,XYt,617,15,0.6518392276070782,
1,XYt,618,15,0.6500481939617848,
1,XYt,619,15,0.6524922051967756,
1,XYt,620,15,0.6561275196045734,
1,XYt,621,15,0.6612038476072433,
1,XYt,622,15,0.670561999596002,
1,XYt,623,15,0.6833574048416214,
1,XYt,624,15,0.6955970677436387,
1,XYt,625,15,0.7073084516082969,
1,XYt,626,15,0.7138784935014163,
1,XYt,627,15,0.7198747878735466,
1,XYt,628,15,0.7247971842140885,
1,XYt,629,15,0.7297213549009403,
1,XYt,630,15,0.735880780354397,
1,XYt,631,15,0.7386392057278474,
1,XYt,632,15,0.7417481604869042,
1,XYt,633,15,0.7456860059047968,
1,XYt,634,15,0.7479224549291879,
1,XYt,635,15,0.7496446532727046,
1,XYt,636,15,0.7505007006183413,
1,XYt,637,15,0.7491089328160907,
1,XYt,638,15,0.7471732822131362,
1,XYt,639,15,0.7470618297034827,
1,XYt,640,15,0.7506332637374291,
1,XYt,641,15,0.7560298409512803,
1,XYt,642,15,0.7620762615750792,
1,XYt,643,15,0.7688832966388058,
1,XYt,644,15,0.7786712997421632,
1,XYt,645,15,0.7889277343199439,
1,XYt,646,15,0.7999272673714775,
1,XYt,647,15,0.8145080710125171,
1,XYt,648,15,0.8267948617137696,
1,XYt,649,15,0.8376833423165962,
1,XYt,650,15,0.8449966635079613,
1,XYt,651,15,0.8527644216567987,
1,XYt,652,15,0.8687839717807785,
1,XYt,653,15,0.8800026726642377,
1,XYt,654,15,0.8860893100682382,
1,XYt,655,15,0.8946858780140412,
1,XYt,656,15,0.9027392578233713,
1,XYt,657,15,0.9128719103247853,
1,XYt,658,15,0.9220788398648924,
1,XYt,659,15,0.9300051325617857,
1,XYt,660,15,0.9375442504769991,
1,XYt,661,15,0.9439305375319779,
1,XYt,662,15,0.9463389396394493,
1,XYt,663,15,0.9489976089239636,
1,XYt,664,15,0.9511179655849628,
1,XYt,665,15,0.9520659169401455,
1,XYt,666,15,0.94548779037501,
1,XYt,667,15,0.9324904459668458,
1,XYt,668,15,0.9211343223953241,
1,XYt,669,15,0.9116875564698201,
1,XYt,670,15,0.9027057841569658,
1,XYt,671,15,0.8944959916103667,
1,XYt,672,15,0.8851366291892322,
1,XYt,673,15,0.8790919365481832,
1,XYt,674,15,0.8736057714193141,
1,XYt,675,15,0.8710032903896674,
1,XYt,676,15,0.8644123894808158,
1,XYt,677,15,0.8506876900571616,
1,XYt,678,15,0.8222514484470667,
1,XYt,679,15,0.7840188044548875,
1,XYt,680,15,0.7515834138374987,
1,XYt,681,15,0.7210859790386526,
1,XYt,682,15,0.6956856354082206,
1,XYt,683,15,0.6771136144469911,
1,XYt,684,15,0.6650213691146286,
1,XYt,685,15,0.6553883267223624,
1,XYt,686,15,0.6510053188983161,
1,XYt,687,15,0.6497608201430382,
1,XYt,688,15,0.652105196334516,
1,XYt,689,15,0.6559669043993659,
1,XYt,690,15,0.6596288953719994,
1,XYt,691,15,0.6643124804884177,
1,XYt,692,15,0.6689361532316852,
1,XYt,693,15,0.669966419597297,
1,XYt,694,15,0.6706287826134276,
1,XYt,695,15,0.6711483465406726,
1,XYt,696,15,0.6718264176085317,
1,XYt,697,15,0.6711875737588511,
1,XYt,698,15,0.6708153576403424,
1,XYt,699,15,0.6705193778351891,
1,XYt,700,15,0.6707887266394313,
1,XYt,701,15,0.6694854547067641,
1,XYt,702,15,0.6693973504378626,
1,XYt,703,15,0.6712198033467407,
1,XYt,704,15,0.6706521134118155,
1,XYt,705,15,0.6695619261569651,
1,XYt,706,15,0.6706331292045574,
1,XYt,707,15,0.6714233253396507,
1,XYt,708,15,0.6703897706905826,
1,XYt,709,15,0.6705465597569922,
1,XYt,710,15,0.6768563924920987,
1,XYt,711,15,0.7032613155451619,
1,XYt,712,15,0.6897489037604541,
1,XYt,713,15,0.6590537403907725,
1,XYt,714,15,0.6317126056552504,
1,XYt,715,15,0.6028472606691171,
1,XYt,716,15,0.5744601875334497,
1,XYt,717,15,0.5468623197584772,
1,XYt,718,15,0.5259068496394778,
1,XYt,719,15,0.5271007349624868,
1,XYt,720,15,0.5441896939459681,
1,XYt,721,15,0.5736335619825642,
1,XYt,722,15,0.614784391902875,
1,XYt,723,15,0.6743087615001879,
1,XYt,724,15,0.7623001132129029,
1,XYt,725,15,0.8581061352786048,
1,XYt,726,15,0.9699637673792876,
1,XYt,727,15,1.012337347288811,
1,YZt,0,15,nan,
1,YZt,1,15,0.9774383211060444,
1,YZt,2,15,0.8283456916249704,
1,YZt,3,15,0.7570761212297267,
1,YZt,4,15,0.7044075260503574,
1,YZt,5,15,0.5993733395316508,
1,YZt,6,15,0.6442111563919855,
1,YZt,7,15,0.6942115754022762,
1,YZt,8,15,0.7766143171351123,
1,YZt,9,15,0.8396444735029231,
1,YZt,10,15,0.8937659994974475,
1,YZt,11,15,0.9495367344312843,
1,YZt,12,15,0.9955978527884287,
1,YZt,13,15,1.0333407383465312,
1,YZt,14,15,1.078534342284075,
1,YZt,15,15,1.117401352394422,
1,YZt,16,15,1.164937569235303,
1,YZt,17,15,1.1949944725208415,
1,YZt,18,15,1.2211718557580562,
1,YZt,19,15,1.2510819255709273,
1,YZt,20,15,1.296211993638726,
1,YZt,21,15,1.3070490278155689,
1,YZt,22,15,1.3507743275018955,
1,YZt,23,15,1.3749668662152297,
1,YZt,24,15,1.4022823640165019,
1,YZt,25,15,1.4283301447959296,
1,YZt,78,15,0.4565010123036822,
1,YZt,79,15,0.4499548089521353,
1,YZt,80,15,0.44331629312437715,
1,YZt,81,15,0.4409774423906198,
1,YZt,82,15,0.43748768510565395,
1,YZt,83,15,0.4411159772890954,
1,YZt,84,15,0.4424413557432178,
1,YZt,85,15,0.44339953861375536,
1,YZt,86,15,0.4483508205313594,
1,YZt,87,15,0.45258663699257573,
1,YZt,88,15,0.45700105964541227,
1,YZt,89,15,0.4604610442497964,
1,YZt,90,15,0.4631212352109078,
1,YZt,91,15,0.4664703997718375,
1,YZt,92,15,0.4688456186887274,
1,YZt,93,15,0.47020757926363377,
1,YZt,94,15,0.47258881876392783,
1,YZt,95,15,0.476747253182743,
1,YZt,96,15,0.4794340795085489,
1,YZt,97,15,0.48032852609494225,
1,YZt,98,15,0.486835752282459,
1,YZt,99,15,0.4903423527739051,
1,YZt,100,15,0.4951298453324456,
1,YZt,101,15,0.4974549655134071,
1,YZt,102,15,0.5048975556482627,
1,YZt,103,15,0.5099763684188288,
1,YZt,26,15,1.4497768758799339,
1,YZt,27,15,1.49886618061104,
1,YZt,28,15,1.5203676437094942,
1,YZt,29,15,1.524135549844684,
1,YZt,30,15,1.5730733700808304,
1,YZt,31,15,1.5839722735831538,
1,YZt,32,15,1.6084332862841029,
1,YZt,33,15,1.6497355789228858,
1,YZt,34,15,1.6745172633572891,
1,YZt,35,15,1.6465234317936606,
1,YZt,36,15,1.6573329578011282,
1,YZt,37,15,1.6652307107334439,
1,YZt,38,15,1.6486484041981477,
1,YZt,39,15,1.6186506874875186,
1,YZt,40,15,1.5768765182725994,
1,YZt,41,15,1.5359121845270458,
1,YZt,42,15,1.5015481167863254,
1,YZt,43,15,1.4556738623878047,
1,YZt,44,15,1.40137411733806,
1,YZt,45,15,1.3437277910083036,
1,YZt,46,15,1.2975272974958267,
1,YZt,47,15,1.2564152442413257,
1,YZt,48,15,1.2299838703834696,
1,YZt,49,15,1.2138856251493684,
1,YZt,50,15,1.1918808892118078,
1,YZt,51,15,1.1901071830553773,
1,YZt,104,15,0.516081758637074,
1,YZt,105,15,0.5197195601512508,
1,YZt,106,15,0.5252612009912908,
1,YZt,107,15,0.5357760249833613,
1,YZt,108,15,0.5446388309645983,
1,YZt,109,15,0.55763129794299,
1,YZt,110,15,0.5737885673651266,
1,YZt,111,15,0.5913190983520661,
1,YZt,112,15,0.607569234807435,
1,YZt,113,15,0.6234110695789015,
1,YZt,114,15,0.6335780980127957,
1,YZt,115,15,0.6432227907989159,
1,YZt,116,15,0.6505979429716202,
1,YZt,117,15,0.6495325085103679,
1,YZt,118,15,0.642720389389998,
1,YZt,119,15,0.6306163297710002,
1,YZt,120,15,0.6179443788644585,
1,YZt,121,15,0.6041984724223769,
1,YZt,122,15,0.5882902214895076,
1,YZt,123,15,0.5745032112692218,
1,YZt,124,15,0.5604724229406822,
1,YZt,125,15,0.5508457999271843,
1,YZt,126,15,0.5420149293525226,
1,YZt,127,15,0.540286556793902,
1,YZt,128,15,0.5420198455359864,
1,YZt,129,15,0.5456298326731126,
1,YZt,130,15,0.5505478908417876,
1,YZt,131,15,0.5535231332889541,
1,YZt,132,15,0.5565187222031934,
1,YZt,133,15,0.5606780869037786,
1,YZt,134,15,0.5686132977025623,
1,YZt,135,15,0.5743891213460491,
1,YZt,136,15,0.5815134012877363,
1,YZt,137,15,0.5858706188983663,
1,YZt,138,15,0.5894117824116523,
1,YZt,139,15,0.5892207847774653,
1,YZt,140,15,0.5901622962420133,
1,YZt,141,15,0.59074544673363,
1,YZt,142,15,0.5896147381108696,
1,YZt,143,15,0.5864264166243898,
1,YZt,144,15,0.5802985942955164,
1,YZt,145,15,0.5732731550512558,
1,YZt,146,15,0.5687720629436926,
1,YZt,147,15,0.5628371255785676,
1,YZt,148,15,0.5600819436335643,
1,YZt,149,15,0.5595680752617892,
1,YZt,150,15,0.560380553627818,
1,YZt,151,15,0.5624853559792106,
1,YZt,152,15,0.5676608878455798,
1,YZt,153,15,0.5733112165890978,
1,YZt,154,15,0.5830048653014271,
1,YZt,155,15,0.5939687606088072,
1,YZt,52,15,1.182978428456426,
1,YZt,53,15,1.1959923377634174,
1,YZt,54,15,1.1989624946164226,
1,YZt,55,15,1.225916153551445,
1,YZt,56,15,1.2498808559795227,
1,YZt,57,15,1.2780657277918184,
1,YZt,58,15,1.3010107381078635,
1,YZt,59,15,1.3557469199571586,
1,YZt,60,15,1.417429891522806,
1,YZt,61,15,1.45759508438957,
1,YZt,62,15,1.4801311555071452,
1,YZt,63,15,1.4803537353293388,
1,YZt,64,15,1.337540615483605,
1,YZt,65,15,1.1814731033548276,
1,YZt,66,15,1.0112593403802823,
1,YZt,67,15,0.837630599600333,
1,YZt,68,15,0.7191194096764749,
1,YZt,69,15,0.6463538240764777,
1,YZt,70,15,0.5997384061842663,
1,YZt,71,15,0.5708264664248536,
1,YZt,72,15,0.5438233856356769,
1,YZt,73,15,0.5197868330221257,
1,YZt,74,15,0.500178854810226,
1,YZt,75,15,0.4890704152065702,
1,YZt,76,15,0.4755537245429081,
1,YZt,77,15,0.4655093100269307,
1,YZt,156,15,0.6007179206708662,
1,YZt,157,15,0.6050004563032565,
1,YZt,158,15,0.6002368898006352,
1,YZt,159,15,0.5944834547867757,
1,YZt,160,15,0.5840400963233482,
1,YZt,161,15,0.5712260492256952,
1,YZt,162,15,0.5556052954668083,
1,YZt,163,15,0.5450848218954354,
1,YZt,164,15,0.5315958796031438,
1,YZt,165,15,0.5184840846854858,
1,YZt,166,15,0.5073855758367859,
1,YZt,167,15,0.4972988896265811,
1,YZt,168,15,0.4854484044210481,
1,YZt,169,15,0.4739070249478479,
1,YZt,170,15,0.46656846257276446,
1,YZt,171,15,0.4604616744070529,
1,YZt,172,15,0.454039440640284,
1,YZt,173,15,0.4530003943772407,
1,YZt,174,15,0.45342975757408194,
1,YZt,175,15,0.45946825328376345,
1,YZt,176,15,0.4651297139724578,
1,YZt,177,15,0.46990005956740616,
1,YZt,178,15,0.4815215187509203,
1,YZt,179,15,0.49228936959649544,
1,YZt,180,15,0.505355846637447,
1,YZt,181,15,0.5232256168552366,
1,YZt,208,15,1.8838840731066977,
1,YZt,209,15,1.856220746866212,
1,YZt,210,15,1.851287647669739,
1,YZt,211,15,1.8163364949763359,
1,YZt,212,15,1.8081900912342603,
1,YZt,213,15,1.8187332334651414,
1,YZt,214,15,1.794143601119375,
1,YZt,215,15,1.7874907315761832,
1,YZt,216,15,1.7868760388069531,
1,YZt,217,15,1.7714816193590537,
1,YZt,218,15,1.7290495812375228,
1,YZt,219,15,1.7001972863816093,
1,YZt,220,15,1.694257396387689,
1,YZt,221,15,1.6751797197978087,
1,YZt,222,15,1.6490141132382132,
1,YZt,223,15,1.6277189025875185,
1,YZt,224,15,1.609116809954485,
1,YZt,225,15,1.6225378285464342,
1,YZt,226,15,1.6000220885768686,
1,YZt,227,15,1.5745308425606601,
1,YZt,228,15,1.5497288208686384,
1,YZt,229,15,1.5354690354497953,
1,YZt,230,15,1.4969112793873238,
1,YZt,231,15,1.4949041821356484,
1,YZt,232,15,1.4684475759147144,
1,YZt,233,15,1.4303699791148121,
1,YZt,234,15,1.4140174812040225,
1,YZt,235,15,1.3858329852183104,
1,YZt,236,15,1.3571416662910258,
1,YZt,237,15,1.3343009256036589,
1,YZt,238,15,1.2978961170725172,
1,YZt,239,15,1.2861514352056793,
1,YZt,240,15,1.2450212955081414,
1,YZt,241,15,1.217923481926428,
1,YZt,242,15,1.1947657109784322,
1,YZt,243,15,1.1684660126996826,
1,YZt,244,15,1.123792419418991,
1,YZt,245,15,1.0843303806932751,
1,YZt,246,15,1.0438828940951272,
1,YZt,247,15,1.0131610123919372,
1,YZt,248,15,0.9674837905598536,
1,YZt,249,15,0.9123732621459922,
1,YZt,250,15,0.8622585231800163,
1,YZt,251,15,0.7985930217172356,
1,YZt,252,15,0.7146246454253901,
1,YZt,253,15,0.6614547194285514,
1,YZt,254,15,0.6142366988257907,
1,YZt,255,15,0.7174912910101338,
1,YZt,256,15,0.7647574096557058,
1,YZt,257,15,0.8369660878368242,
1,YZt,258,15,0.9897693039743043,
1,YZt,259,15,nan,
1,YZt,182,15,0.5450821496423496,
1,YZt,183,15,0.5739207559478661,
1,YZt,184,15,0.6160318370305791,
1,YZt,185,15,0.674658106993848,
1,YZt,186,15,0.7715789968294926,
1,YZt,187,15,0.9599347746504083,
1,YZt,188,15,1.1912683419925878,
1,YZt,189,15,1.4392347901662492,
1,YZt,190,15,1.77574785644267,
1,YZt,191,15,2.0029647114758946,
1,YZt,192,15,2.032986361236665,
1,YZt,193,15,2.0514983198252446,
1,YZt,194,15,2.100331749784099,
1,YZt,195,15,2.028976462264949,
1,YZt,196,15,2.02050136610853,
1,YZt,197,15,1.9973217518334752,
1,YZt,198,15,1.9950989578808518,
1,YZt,199,15,2.010405605708512,
1,YZt,200,15,1.9779392584770905,
1,YZt,201,15,1.9604002885855245,
1,YZt,202,15,1.9631553626723535,
1,YZt,203,15,1.9386358596183002,
1,YZt,204,15,1.922443956575538,
1,YZt,205,15,1.9074757862082226,
1,YZt,206,15,1.9268547924744777,
1,YZt,207,15,1.888065942347434,
1,XZt,0,15,nan,
1,XZt,1,15,0.9730063181462802,
1,XZt,2,15,0.8227532956723725,
1,XZt,3,15,0.7268663644735729,
1,XZt,4,15,0.6849537876260997,
1,XZt,5,15,0.5904469451636369,
1,XZt,6,15,0.6309621060902993,
1,XZt,7,15,0.7029875835579303,
1,XZt,8,15,0.8142293402831806,
1,XZt,9,15,0.8791107225138319,
1,XZt,10,15,0.9297886318913108,
1,XZt,11,15,0.9902514549509793,
1,XZt,12,15,1.0345199268221985,
1,XZt,13,15,1.0732804613110265,
1,XZt,14,15,1.1159212918633306,
1,XZt,15,15,1.149450160309625,
1,XZt,16,15,1.200168123425246,
1,XZt,17,15,1.2238335896656458,
1,XZt,18,15,1.2465075251131412,
1,XZt,19,15,1.2810536208261079,
1,XZt,20,15,1.310346621046239,
1,XZt,21,15,1.3233643519967486,
1,XZt,22,15,1.3711081413945,
1,XZt,23,15,1.3911228534769065,
1,XZt,24,15,1.411962764352079,
1,XZt,25,15,1.4261631028258468,
1,XZt,26,15,1.4481267643437505,
1,XZt,27,15,1.4871814857055612,
1,XZt,28,15,1.5053118808392254,
1,XZt,29,15,1.5024778885290655,
1,XZt,30,15,1.5410851050216678,
1,XZt,31,15,1.5540908413586638,
1,XZt,32,15,1.5757685906266208,
1,XZt,33,15,1.5965765807350558,
1,XZt,34,15,1.6094527074570493,
1,XZt,35,15,1.5991346522527112,
1,XZt,36,15,1.6176331942622553,
1,XZt,37,15,1.6340209346988406,
1,XZt,38,15,1.653554952393108,
1,XZt,39,15,1.675094755166932,
1,XZt,40,15,1.6812519793100538,
1,XZt,41,15,1.7020782162555266,
1,XZt,42,15,1.7323795471018335,
1,XZt,43,15,1.7492089224010952,
1,XZt,44,15,1.7399750595596837,
1,XZt,45,15,1.732518291335284,
1,XZt,46,15,1.7448301523961203,
1,XZt,47,15,1.7291930083533924,
1,XZt,48,15,1.72439314600407,
1,XZt,49,15,1.7441065969339735,
1,XZt,50,15,1.742260588023576,
1,XZt,51,15,1.759799627813096,
1,XZt,52,15,1.7523974914339042,
1,XZt,53,15,1.7705562622421285,
1,XZt,54,15,1.7546643591986328,
1,XZt,55,15,1.7552932763388989,
1,XZt,56,15,1.7548873762567487,
1,XZt,57,15,1.751085207974648,
1,XZt,58,15,1.7257663126574438,
1,XZt,59,15,1.7337123918283526,
1,XZt,60,15,1.735032089827551,
1,XZt,61,15,1.7048997955330047,
1,XZt,62,15,1.6945588334535058,
1,XZt,63,15,1.698329943705295,
1,XZt,64,15,1.6746016566529034,
1,XZt,65,15,1.6863280680810162,
1,XZt,66,15,1.6528438544178032,
1,XZt,67,15,1.6241859886655825,
1,XZt,68,15,1.566987679633716,
1,XZt,69,15,1.494732690576929,
1,XZt,70,15,1.3947184444134368,
1,XZt,71,15,1.2872088977222869,
1,XZt,72,15,1.2073289436441397,
1,XZt,73,15,1.1190520335262573,
1,XZt,74,15,1.050216076401897,
1,XZt,75,15,0.9871568240585591,
1,XZt,76,15,0.9315384207561916,
1,XZt,77,15,0.8824328235367009,
1,XZt,78,15,0.8409175818737122,
1,XZt,79,15,0.800871143497857,
1,XZt,80,15,0.7651645750939512,
1,XZt,81,15,0.7361094618150843,
1,XZt,82,15,0.7077722938063408,
1,XZt,83,15,0.6861427667929998,
1,XZt,84,15,0.6659147433602761,
1,XZt,85,15,0.6433450053883821,
1,XZt,86,15,0.6299373732134931,
1,XZt,87,15,0.61763716044856,
1,XZt,88,15,0.6076062446717618,
1,XZt,89,15,0.5980977553565942,
1,XZt,90,15,0.5881012137238919,
1,XZt,91,15,0.5799564475603479,
1,XZt,92,15,0.5710806353653402,
1,XZt,93,15,0.5619526427722952,
1,XZt,94,15,0.5534834516923403,
1,XZt,95,15,0.5450994974479256,
1,XZt,96,15,0.5355930675661807,
1,XZt,97,15,0.5252676169449599,
1,XZt,98,15,0.5196227400200356,
1,XZt,99,15,0.510079539649311,
1,XZt,100,15,0.5012468986562989,
1,XZt,101,15,0.4903643212699855,
1,XZt,102,15,0.4843117012533109,
1,XZt,103,15,0.4760062044110604,
1,XZt,104,15,0.46895122999039507,
1,XZt,105,15,0.4610941043472901,
1,XZt,106,15,0.4534950848120707,
1,XZt,107,15,0.4497152063928359,
1,XZt,108,15,0.443941248258853,
1,XZt,109,15,0.4408588544450149,
1,XZt,110,15,0.43689988293331117,
1,XZt,111,15,0.43227871119215994,
1,XZt,112,15,0.4284620475826579,
1,XZt,113,15,0.4287093664970302,
1,XZt,114,15,0.42692195938078453,
1,XZt,115,15,0.4253249383298059,
1,XZt,116,15,0.4239578500582241,
1,XZt,117,15,0.42369740036312264,
1,XZt,118,15,0.4212766316539245,
1,XZt,119,15,0.4189806157538551,
1,XZt,120,15,0.4181471328410108,
1,XZt,121,15,0.41736690775276775,
1,XZt,122,15,0.4165857401538859,
1,XZt,123,15,0.4163427587916116,
1,XZt,124,15,0.4165382837252477,
1,XZt,125,15,0.4158019366221638,
1,XZt,126,15,0.41321863854407986,
1,XZt,127,15,0.4123199438620162,
1,XZt,128,15,0.4137519333301126,
1,XZt,129,15,0.41562270644271904,
1,XZt,130,15,0.4164459661053334,
1,XZt,131,15,0.4172727633301846,
1,XZt,132,15,0.4177671723555092,
1,XZt,133,15,0.4207311226518368,
1,XZt,134,15,0.4255598401829372,
1,XZt,135,15,0.42782232831426364,
1,XZt,136,15,0.4302766471938348,
1,XZt,137,15,0.4327705051414849,
1,XZt,138,15,0.4356111322966876,
1,XZt,139,15,0.43887543761274667,
1,XZt,140,15,0.441568557731816,
1,XZt,141,15,0.44458928055293817,
1,XZt,142,15,0.4488912408978296,
1,XZt,143,15,0.452869482693605,
1,XZt,144,15,0.45684157277246557,
1,XZt,145,15,0.4601318944346895,
1,XZt,146,15,0.46565275230052533,
1,XZt,147,15,0.4703120283950613,
1,XZt,148,15,0.4790547626517062,
1,XZt,149,15,0.49045652233919573,
1,XZt,150,15,0.5012481464395572,
1,XZt,151,15,0.511352088927888,
1,XZt,152,15,0.5243394447599455,
1,XZt,153,15,0.537118350306978,
1,XZt,154,15,0.5527052356567277,
1,XZt,155,15,0.5699202099507267,
1,XZt,156,15,0.5845066557712678,
1,XZt,157,15,0.6006144090612331,
1,XZt,158,15,0.6144637001942973,
1,XZt,159,15,0.6334614111770279,
1,XZt,160,15,0.6494233960241542,
1,XZt,161,15,0.6649791661550915,
1,XZt,162,15,0.6773436582414659,
1,XZt,163,15,0.6942179183076138,
1,XZt,164,15,0.7081649377841988,
1,XZt,165,15,0.7200357481316803,
1,XZt,166,15,0.7322641330960558,
1,XZt,167,15,0.7450243761950294,
1,XZt,168,15,0.7570250850121242,
1,XZt,169,15,0.7696188924360691,
1,XZt,170,15,0.7837009739299317,
1,XZt,171,15,0.7979046207396275,
1,XZt,172,15,0.8085518017708719,
1,XZt,173,15,0.818193451855234,
1,XZt,174,15,0.8257303320329236,
1,XZt,175,15,0.8331513018532171,
1,XZt,176,15,0.8322532064134015,
1,XZt,177,15,0.8246455399559247,
1,XZt,178,15,0.8177930239343187,
1,XZt,179,15,0.8071193183872495,
1,XZt,180,15,0.7981854912313057,
1,XZt,181,15,0.7893245551082123,
1,XZt,182,15,0.7794311276279994,
1,XZt,183,15,0.774221645248728,
1,XZt,184,15,0.7744259134435791,
1,XZt,185,15,0.7739786089800773,
1,XZt,186,15,0.782601453362417,
1,XZt,187,15,0.795198540397809,
1,XZt,188,15,0.8051458383388626,
1,XZt,189,15,0.8262590832876769,
1,XZt,190,15,0.8538548790586294,
1,XZt,191,15,0.8844483025845059,
1,XZt,192,15,0.9132033838605117,
1,XZt,193,15,0.9404886415994967,
1,XZt,194,15,0.9706228500165694,
1,XZt,195,15,0.9824301617922951,
1,XZt,196,15,0.9921254626523256,
1,XZt,197,15,0.9896067122992936,
1,XZt,198,15,0.9839521508674077,
1,XZt,199,15,0.9811848979863367,
1,XZt,200,15,0.9703004262630998,
1,XZt,201,15,0.9594363433633478,
1,XZt,202,15,0.9567683533275618,
1,XZt,203,15,0.9496494476243277,
1,XZt,204,15,0.9438969470745214,
1,XZt,205,15,0.937352775749941,
1,XZt,206,15,0.9366424591968474,
1,XZt,207,15,0.9295797801358913,
1,XZt,208,15,0.9290499918342233,
1,XZt,209,15,0.925633613983645,
1,XZt,210,15,0.9279863901946515,
1,XZt,211,15,0.939457401883601,
1,XZt,212,15,0.9529207724683754,
1,XZt,213,15,0.983877603619249,
1,XZt,214,15,1.0260681095076165,
1,XZt,215,15,1.094286199084887,
1,XZt,216,15,1.1827366981060685,
1,XZt,217,15,1.2748871446441865,
1,XZt,218,15,1.3683919610734336,
1,XZt,219,15,1.4778996481726747,
1,XZt,220,15,1.5925901500380442,
1,XZt,221,15,1.6695067946131625,
1,XZt,222,15,1.7134332991858021,
1,XZt,223,15,1.7282763837229012,
1,XZt,224,15,1.7148542818582893,
1,XZt,225,15,1.7229455961749285,
1,XZt,226,15,1.6920860354193343,
1,XZt,227,15,1.6518501246393018,
1,XZt,228,15,1.6157566994027066,
1,XZt,229,15,1.5961352366879615,
1,XZt,230,15,1.5576116320094935,
1,XZt,231,15,1.5474359649302158,
1,XZt,232,15,1.5211964931062572,
1,XZt,233,15,1.4834435362951808,
1,XZt,234,15,1.4603970438876834,
1,XZt,235,15,1.4406932168457742,
1,XZt,236,15,1.413063242212802,
1,XZt,237,15,1.384380980322918,
1,XZt,238,15,1.3447781118760498,
1,XZt,239,15,1.3370188826036034,
1,XZt,240,15,1.3027696857632665,
1,XZt,241,15,1.2691610608239354,
1,XZt,242,15,1.2375360918427212,
1,XZt,243,15,1.206968110971993,
1,XZt,244,15,1.1541760438410085,
1,XZt,245,15,1.1193757855960729,
1,XZt,246,15,1.075373490337964,
1,XZt,247,15,1.0389748935342078,
1,XZt,248,15,0.9898111930757729,
1,XZt,249,15,0.9301298411201928,
1,XZt,250,15,0.8815583000453687,
1,XZt,251,15,0.816132047294003,
1,XZt,252,15,0.7047867589846746,
1,XZt,253,15,0.6341058189089479,
1,XZt,254,15,0.5885519690453497,
1,XZt,255,15,0.6823160448112837,
1,XZt,256,15,0.720972110421083,
1,XZt,257,15,0.81341022248116,
1,XZt,258,15,0.9746014768074533,
1,XZt,259,15,nan,
2,XYt,0,15,0.26902576644444454,
2,XYt,1,15,0.2590963718685792,
2,XYt,2,15,0.24533834915989763,
2,XYt,3,15,0.23684627719452758,
2,XYt,4,15,0.22581514488218163,
2,XYt,5,15,0.21032886476965731,
2,XYt,6,15,0.199228491555292,
2,XYt,7,15,0.1936439169436838,
2,XYt,8,15,0.19159201641840481,
2,XYt,9,15,0.19400128987126652,
2,XYt,10,15,0.19837850814656818,
2,XYt,11,15,0.20216090141526896,
2,XYt,12,15,0.20687646185577513,
2,XYt,13,15,0.21026216768912673,
2,XYt,14,15,0.2118558009773448,
2,XYt,15,15,0.21032718792900765,
2,XYt,16,15,0.19322024141548774,
2,XYt,17,15,0.17995458474642587,
2,XYt,18,15,0.18244447323133614,
2,XYt,19,15,0.1861851122903713,
2,XYt,20,15,0.19046011761821782,
2,XYt,21,15,0.19445903028589595,
2,XYt,22,15,0.19706319502446756,
2,XYt,23,15,0.19899845338461403,
2,XYt,24,15,0.1990586670774161,
2,XYt,25,15,0.19868312535404117,
2,XYt,26,15,0.19757313422377062,
2,XYt,27,15,0.19735490149211132,
2,XYt,28,15,0.1973060235027416,
2,XYt,29,15,0.19840540082194025,
2,XYt,30,15,0.20121930010586617,
2,XYt,31,15,0.20535606586107244,
2,XYt,32,15,0.21200035075925952,
2,XYt,33,15,0.22070048485729776,
2,XYt,34,15,0.2308231348767185,
2,XYt,35,15,0.24537975909748144,
2,XYt,36,15,0.2645720005320615,
2,XYt,37,15,0.291132937305978,
2,XYt,38,15,0.32479368626696303,
2,XYt,39,15,0.365990198550422,
2,XYt,40,15,0.4118227589190032,
2,XYt,41,15,0.4587031743065391,
2,XYt,42,15,0.5029684371398373,
2,XYt,43,15,0.5452560123878858,
2,XYt,44,15,0.5836313678932881,
2,XYt,45,15,0.6139592307873228,
2,XYt,46,15,0.6270230326355777,
2,XYt,47,15,0.6208792390448933,
2,XYt,48,15,0.6103949386985118,
2,XYt,49,15,0.6065755241889377,
2,XYt,50,15,0.6017682273994507,
2,XYt,51,15,0.5964864725123099,
2,XYt,52,15,0.5856071681187393,
2,XYt,53,15,0.5711717949915531,
2,XYt,54,15,0.5545502288566151,
2,XYt,55,15,0.5371123156610771,
2,XYt,56,15,0.516960643727092,
2,XYt,57,15,0.4969940312615726,
2,XYt,58,15,0.4815740553662285,
2,XYt,59,15,0.47306914499165487,
2,XYt,60,15,0.47030203704232265,
2,XYt,61,15,0.47102892001069235,
2,XYt,62,15,0.4735818337971129,
2,XYt,63,15,0.4779563484285597,
2,XYt,64,15,0.4845151905390124,
2,XYt,65,15,0.4916906914814912,
2,XYt,66,15,0.49659249109308623,
2,XYt,67,15,0.5005943880353416,
2,XYt,68,15,0.5038354856804799,
2,XYt,69,15,0.5053570020277987,
2,XYt,70,15,0.5062313344749184,
2,XYt,71,15,0.5063898697912556,
2,XYt,72,15,0.5076430564124139,
2,XYt,73,15,0.5081346639267801,
2,XYt,74,15,0.5070772466615757,
2,XYt,75,15,0.505193484671853,
2,XYt,76,15,0.5004028512581188,
2,XYt,77,15,0.49066867126226593,
2,XYt,78,15,0.47640897891117534,
2,XYt,79,15,0.4606946150118845,
2,XYt,80,15,0.4465940703061564,
2,XYt,81,15,0.4368441896623781,
2,XYt,82,15,0.4274854535064296,
2,XYt,83,15,0.41977790287872274,
2,XYt,84,15,0.4140652316134417,
2,XYt,85,15,0.4086760071163189,
2,XYt,86,15,0.40410916390539964,
2,XYt,87,15,0.4005067688687809,
2,XYt,88,15,0.3937543013865938,
2,XYt,89,15,0.38932769871596595,
2,XYt,90,15,0.38633788586576256,
2,XYt,91,15,0.3843941359565344,
2,XYt,92,15,0.3816444147424912,
2,XYt,93,15,0.3774597098959034,
2,XYt,94,15,0.374754007416711,
2,XYt,95,15,0.37304847636813276,
2,XYt,96,15,0.37240997853443764,
2,XYt,97,15,0.3709668168234313,
2,XYt,98,15,0.3688266770991755,
2,XYt,99,15,0.3671234497354312,
2,XYt,100,15,0.3643218460513403,
2,XYt,101,15,0.3623182035110332,
2,XYt,102,15,0.3613233379651024,
2,XYt,103,15,0.3597459810311332,
2,XYt,104,15,0.3565244258487664,
2,XYt,105,15,0.3553883110939236,
2,XYt,106,15,0.35373197764763364,
2,XYt,107,15,0.3531129510797237,
2,XYt,108,15,0.3518481070883257,
2,XYt,109,15,0.35131485755813174,
2,XYt,110,15,0.35121287409094754,
2,XYt,111,15,0.3513104934733674,
2,XYt,112,15,0.35240340005078885,
2,XYt,113,15,0.3555652342250827,
2,XYt,114,15,0.35851211422141493,
2,XYt,115,15,0.36267611957825563,
2,XYt,116,15,0.36840595708915763,
2,XYt,117,15,0.3737301904706416,
2,XYt,118,15,0.3779801305594298,
2,XYt,119,15,0.3789373204937491,
2,XYt,120,15,0.3795081258094336,
2,XYt,121,15,0.3786108929980799,
2,XYt,122,15,0.37828269702100953,
2,XYt,123,15,0.37909316464816495,
2,XYt,124,15,0.3797199082363917,
2,XYt,125,15,0.38046745579697383,
2,XYt,126,15,0.3821086346419221,
2,XYt,127,15,0.3864635302229703,
2,XYt,128,15,0.3906007209931991,
2,XYt,129,15,0.3949246025080563,
2,XYt,130,15,0.39724417194144684,
2,XYt,131,15,0.39977654833954396,
2,XYt,132,15,0.4032344565561106,
2,XYt,133,15,0.40869554364995697,
2,XYt,134,15,0.414075539327965,
2,XYt,135,15,0.42116856511601014,
2,XYt,136,15,0.4291631860475539,
2,XYt,137,15,0.4378793174026646,
2,XYt,138,15,0.4487608064454798,
2,XYt,139,15,0.4620222576187685,
2,XYt,140,15,0.4709600747092748,
2,XYt,141,15,0.4733284036233761,
2,XYt,142,15,0.472088066174654,
2,XYt,143,15,0.47048739013422614,
2,XYt,144,15,0.46942189798851225,
2,XYt,145,15,0.46760678361947755,
2,XYt,146,15,0.46548525684682823,
2,XYt,147,15,0.46381933138198783,
2,XYt,148,15,0.46300934620973927,
2,XYt,149,15,0.46307943330951656,
2,XYt,150,15,0.4629915740840555,
2,XYt,151,15,0.46369233642450347,
2,XYt,152,15,0.46458582074846044,
2,XYt,153,15,0.4652852304539802,
2,XYt,154,15,0.4644061056685077,
2,XYt,155,15,0.463326591103975,
2,XYt,156,15,0.46048697032087277,
2,XYt,157,15,0.4525651844206252,
2,XYt,158,15,0.4391976653524444,
2,XYt,159,15,0.42783284976121483,
2,XYt,160,15,0.41664202193720673,
2,XYt,161,15,0.4072965488167311,
2,XYt,162,15,0.3993297447155267,
2,XYt,163,15,0.39286547836039387,
2,XYt,164,15,0.3860852823994322,
2,XYt,165,15,0.38107233789232847,
2,XYt,166,15,0.3764915951371451,
2,XYt,167,15,0.3693033085821389,
2,XYt,168,15,0.3622950424785725,
2,XYt,169,15,0.3577605598389072,
2,XYt,170,15,0.3555922289679472,
2,XYt,171,15,0.3535700554845428,
2,XYt,172,15,0.35175510402036625,
2,XYt,173,15,0.34932502197601273,
2,XYt,174,15,0.34784950721687297,
2,XYt,175,15,0.3482416351620265,
2,XYt,176,15,0.3477869851582017,
2,XYt,177,15,0.3461586814576106,
2,XYt,178,15,0.34406147655470803,
2,XYt,179,15,0.34292415520642494,
2,XYt,180,15,0.34067605882818397,
2,XYt,181,15,0.3380557124930567,
2,XYt,182,15,0.3359573275966288,
2,XYt,183,15,0.33506065486073333,
2,XYt,184,15,0.334240710019181,
2,XYt,185,15,0.33429203513936384,
2,XYt,186,15,0.33313667595229174,
2,XYt,187,15,0.3322831806573076,
2,XYt,188,15,0.33209397993842205,
2,XYt,189,15,0.3334852396562864,
2,XYt,190,15,0.3351932731846476,
2,XYt,191,15,0.33621041292356907,
2,XYt,192,15,0.335947841501483,
2,XYt,193,15,0.3371337635845867,
2,XYt,194,15,0.3382838299625652,
2,XYt,195,15,0.3418282687070682,
2,XYt,196,15,0.34621901342071476,
2,XYt,197,15,0.3517054591678399,
2,XYt,198,15,0.35646180456326326,
2,XYt,199,15,0.35662194031846106,
2,XYt,200,15,0.35872184979411514,
2,XYt,201,15,0.3593785787179416,
2,XYt,202,15,0.35833005589964295,
2,XYt,203,15,0.3593584282678318,
2,XYt,204,15,0.36007172168029344,
2,XYt,205,15,0.3613272906872418,
2,XYt,206,15,0.36446004261921694,
2,XYt,207,15,0.3694886240264005,
2,XYt,208,15,0.37540251936652497,
2,XYt,209,15,0.37975970766908546,
2,XYt,210,15,0.3857524146102795,
2,XYt,211,15,0.3907337906683666,
2,XYt,212,15,0.3947636856532729,
2,XYt,213,15,0.3985982228202881,
2,XYt,214,15,0.4053627882242484,
2,XYt,215,15,0.4136997187041275,
2,XYt,216,15,0.4236931774877268,
2,XYt,217,15,0.4359027110405065,
2,XYt,218,15,0.45188759821550556,
2,XYt,219,15,0.4689096669742119,
2,XYt,220,15,0.47949805234597737,
2,XYt,221,15,0.4828908236932266,
2,XYt,222,15,0.48480661654860085,
2,XYt,223,15,0.48549213499847876,
2,XYt,224,15,0.4850502430651166,
2,XYt,225,15,0.4827341238267243,
2,XYt,226,15,0.4804545353516425,
2,XYt,227,15,0.47998024663956673,
2,XYt,228,15,0.47597792111358106,
2,XYt,229,15,0.4731102917856253,
2,XYt,230,15,0.46802588796970823,
2,XYt,231,15,0.4632268140660951,
2,XYt,232,15,0.455667537200566,
2,XYt,233,15,0.44718852852249036,
2,XYt,234,15,0.4365644200447963,
2,XYt,235,15,0.4250263962301254,
2,XYt,236,15,0.4131642532562126,
2,XYt,237,15,0.40053758395588557,
2,XYt,238,15,0.3916145260168564,
2,XYt,239,15,0.38923232529650775,
2,XYt,240,15,0.3878331949827956,
2,XYt,241,15,0.3877412013595069,
2,XYt,242,15,0.387425104337066,
2,XYt,243,15,0.3876525184083791,
2,XYt,244,15,0.38784502636446366,
2,XYt,245,15,0.3871189522961539,
2,XYt,246,15,0.38614371730139835,
2,XYt,247,15,0.3874784821968492,
2,XYt,248,15,0.3881385681207969,
2,XYt,249,15,0.3887372728040137,
2,XYt,250,15,0.38850444618953006,
2,XYt,251,15,0.38765771900857937,
2,XYt,252,15,0.38473682837258744,
2,XYt,253,15,0.38469063409197046,
2,XYt,254,15,0.3882066275802108,
2,XYt,255,15,0.3924770928878997,
2,XYt,256,15,0.39376954317337814,
2,XYt,257,15,0.3884682169405807,
2,XYt,258,15,0.36207199961547337,
2,XYt,259,15,0.3189888379410369,
2,XYt,260,15,0.2939519202886193,
2,XYt,261,15,0.2854913295703355,
2,XYt,262,15,0.28537099635335306,
2,XYt,263,15,0.28789589163716334,
2,XYt,264,15,0.2889216314073445,
2,XYt,265,15,0.2866047920433819,
2,XYt,266,15,0.28544476072726266,
2,XYt,267,15,0.2846480527896922,
2,XYt,268,15,0.28508672295418,
2,XYt,269,15,0.285119403635572,
2,XYt,270,15,0.2853313435184439,
2,XYt,271,15,0.2854703253252469,
2,XYt,272,15,0.28492854388717825,
2,XYt,273,15,0.28574242983790055,
2,XYt,274,15,0.28672404815502894,
2,XYt,275,15,0.28787857750015117,
2,XYt,276,15,0.2886582592836935,
2,XYt,277,15,0.28800246317748546,
2,XYt,278,15,0.2875136355659312,
2,XYt,279,15,0.28751751326373876,
2,XYt,280,15,0.2879214707625298,
2,XYt,281,15,0.28846722275137016,
2,XYt,282,15,0.2882698258482333,
2,XYt,283,15,0.28892469163809803,
2,XYt,284,15,0.288949329517274,
2,XYt,285,15,0.2901413585403711,
2,XYt,286,15,0.2908403860233227,
2,XYt,287,15,0.290817211073458,
2,XYt,288,15,0.2896508568784596,
2,XYt,289,15,0.2891248864575603,
2,XYt,290,15,0.2892590623012145,
2,XYt,291,15,0.28937630560335237,
2,XYt,292,15,0.28922601753891547,
2,XYt,293,15,0.289691068829162,
2,XYt,294,15,0.28945035248733764,
2,XYt,295,15,0.2895021910687224,
2,XYt,296,15,0.2893059481634535,
2,XYt,297,15,0.28844449193632155,
2,XYt,298,15,0.28952850397283225,
2,XYt,299,15,0.28957399709543863,
2,XYt,300,15,0.2898203725988967,
2,XYt,301,15,0.2905083751307413,
2,XYt,302,15,0.2900816590731388,
2,XYt,303,15,0.2895546460162967,
2,XYt,304,15,0.2894287518678214,
2,XYt,305,15,0.28960145105433616,
2,XYt,306,15,0.28957425344069115,
2,XYt,307,15,0.2893378725775189,
2,XYt,308,15,0.2911981243576012,
2,XYt,309,15,0.29048231892749854,
2,XYt,310,15,0.29151388023038954,
2,XYt,311,15,0.29152078548728916,
2,XYt,312,15,0.29150478652930867,
2,XYt,313,15,0.29282824103679256,
2,XYt,314,15,0.29228871970238296,
2,XYt,315,15,0.2930305560860633,
2,XYt,316,15,0.2921789331132312,
2,XYt,317,15,0.2926470651731422,
2,XYt,318,15,0.2904930540240989,
2,XYt,319,15,0.29130795575436297,
2,XYt,320,15,0.29138825188190626,
2,XYt,321,15,0.2948494976688548,
2,XYt,322,15,0.29563904662601137,
2,XYt,323,15,0.2981209076260381,
2,XYt,324,15,0.3005702561653536,
2,XYt,325,15,0.34638185686800255,
2,XYt,326,15,0.39152165936956446,
2,XYt,327,15,0.3904627757964399,
2,XYt,328,15,0.39478254712524913,
2,XYt,329,15,0.40156642295800304,
2,XYt,330,15,0.40265172617158534,
2,XYt,331,15,0.40571264279878744,
2,XYt,332,15,0.4065906037354487,
2,XYt,333,15,0.4071575696338453,
2,XYt,334,15,0.4069369395669089,
2,XYt,335,15,0.41087401311877736,
2,XYt,336,15,0.4120243426026662,
2,XYt,337,15,0.41410915203297205,
2,XYt,338,15,0.41481067981529185,
2,XYt,339,15,0.4214880916558886,
2,XYt,340,15,0.4326511123469024,
2,XYt,341,15,0.4413483216290458,
2,XYt,342,15,0.4481280010040152,
2,XYt,343,15,0.4556919711529598,
2,XYt,344,15,0.4614480913783596,
2,XYt,345,15,0.4656051293736683,
2,XYt,346,15,0.4676963055566129,
2,XYt,347,15,0.46896976261241946,
2,XYt,348,15,0.47333411708349565,
2,XYt,349,15,0.4749012200622388,
2,XYt,350,15,0.47477942347841934,
2,XYt,351,15,0.477617296849799,
2,XYt,352,15,0.48107708757243894,
2,XYt,353,15,0.4828544156945515,
2,XYt,354,15,0.4828415202840203,
2,XYt,355,15,0.48070644547935015,
2,XYt,356,15,0.47723296955216443,
2,XYt,357,15,0.4682452749120653,
2,XYt,358,15,0.45195492895419764,
2,XYt,359,15,0.43956905135549995,
2,XYt,360,15,0.4310297018642338,
2,XYt,361,15,0.42551333397502716,
2,XYt,362,15,0.4151002709353492,
2,XYt,363,15,0.42129965852603013,
2,XYt,364,15,0.41784373022511906,
2,XYt,365,15,0.42615416338089085,
2,XYt,366,15,0.4288928913208312,
2,XYt,367,15,0.43133556595247113,
2,XYt,368,15,0.43077901265932905,
2,XYt,369,15,0.4286359432649518,
2,XYt,370,15,0.4254152456319575,
2,XYt,371,15,0.4238224766095747,
2,XYt,372,15,0.4201630323152931,
2,XYt,373,15,0.41914741211540785,
2,XYt,374,15,0.4172972351543655,
2,XYt,375,15,0.4156319745754665,
2,XYt,376,15,0.4101535302909292,
2,XYt,377,15,0.4055992842394328,
2,XYt,378,15,0.3990112942585762,
2,XYt,379,15,0.39513457529461893,
2,XYt,380,15,0.3908758310372445,
2,XYt,381,15,0.390586113147764,
2,XYt,382,15,0.38650506536379226,
2,XYt,383,15,0.38664461677377726,
2,XYt,384,15,0.38626312274429736,
2,XYt,385,15,0.3820625391847081,
2,XYt,386,15,0.3771995014261898,
2,XYt,387,15,0.3793053960595329,
2,XYt,388,15,0.3808821259595947,
2,XYt,389,15,0.38164033847675,
2,XYt,390,15,0.3809748585587048,
2,XYt,391,15,0.3827319779259458,
2,XYt,392,15,0.38326460784689903,
2,XYt,393,15,0.3836426769928689,
2,XYt,394,15,0.3835712371036853,
2,XYt,395,15,0.3846439083119342,
2,XYt,396,15,0.3854594215766145,
2,XYt,397,15,0.38850290053025416,
2,XYt,398,15,0.38869712080196406,
2,XYt,399,15,0.3880186598361589,
2,XYt,400,15,0.38777710517960745,
2,XYt,401,15,0.3872446794148739,
2,XYt,402,15,0.3873840282702782,
2,XYt,403,15,0.3871374344341815,
2,XYt,404,15,0.38747410677614197,
2,XYt,405,15,0.3884454974481355,
2,XYt,406,15,0.3891562237582462,
2,XYt,407,15,0.38934934114718456,
2,XYt,408,15,0.3920972372608749,
2,XYt,409,15,0.393505589466379,
2,XYt,410,15,0.395279326569097,
2,XYt,411,15,0.39205251756043835,
2,XYt,412,15,0.394218563116167,
2,XYt,413,15,0.39672432466959756,
2,XYt,414,15,0.3987449344555143,
2,XYt,415,15,0.4006879859774567,
2,XYt,416,15,0.4073365235695557,
2,XYt,417,15,0.4115658448286964,
2,XYt,418,15,0.4156950386293697,
2,XYt,419,15,0.4183480096654011,
2,XYt,420,15,0.4226172100315722,
2,XYt,421,15,0.42380655607405215,
2,XYt,422,15,0.42606070427234544,
2,XYt,423,15,0.42680790229613585,
2,XYt,424,15,0.4286488573567812,
2,XYt,425,15,0.43156174644290257,
2,XYt,426,15,0.43542863580713925,
2,XYt,427,15,0.43795994231540375,
2,XYt,428,15,0.4399442655288348,
2,XYt,429,15,0.444285692918888,
2,XYt,430,15,0.448944982921588,
2,XYt,431,15,0.45565079935024283,
2,XYt,432,15,0.4645703920118577,
2,XYt,433,15,0.47289401450842994,
2,XYt,434,15,0.4829053993150299,
2,XYt,435,15,0.49555623347851946,
2,XYt,436,15,0.515978659335309,
2,XYt,437,15,0.5286652144152978,
2,XYt,438,15,0.5316185704937362,
2,XYt,439,15,0.5328256006603015,
2,XYt,440,15,0.535024120575035,
2,XYt,441,15,0.5376510132875063,
2,XYt,442,15,0.5387742458545962,
2,XYt,443,15,0.5378498656615911,
2,XYt,444,15,0.5361620583328354,
2,XYt,445,15,0.5338619641586525,
2,XYt,446,15,0.5322258805055161,
2,XYt,447,15,0.5307330254853778,
2,XYt,448,15,0.5303662491290505,
2,XYt,449,15,0.5260226917324003,
2,XYt,450,15,0.5217660905916937,
2,XYt,451,15,0.5150931945604559,
2,XYt,452,15,0.5066031197150684,
2,XYt,453,15,0.4988860685363583,
2,XYt,454,15,0.48755911768655963,
2,XYt,455,15,0.4782767576870383,
2,XYt,456,15,0.47445650113058024,
2,XYt,457,15,0.47407108373653295,
2,XYt,458,15,0.47319188525783895,
2,XYt,459,15,0.4701385457839262,
2,XYt,460,15,0.46780494756368696,
2,XYt,461,15,0.46396920795043933,
2,XYt,462,15,0.4634889700806279,
2,XYt,463,15,0.46910639833961604,
2,XYt,464,15,0.4778966981564727,
2,XYt,465,15,0.4795736109223104,
2,XYt,466,15,0.46960831561537264,
2,XYt,467,15,0.4373384516326752,
2,XYt,468,15,0.3818131465030019,
2,XYt,469,15,0.3392144811822295,
2,XYt,470,15,0.32146455045405375,
2,XYt,471,15,0.3172163398477291,
2,XYt,472,15,0.3208104422554809,
2,XYt,473,15,0.32386996933494877,
2,XYt,474,15,0.3220824951809301,
2,XYt,475,15,0.3208683674720773,
2,XYt,476,15,0.31825212696985883,
2,XYt,477,15,0.31678391065370315,
2,XYt,478,15,0.31605025181067314,
2,XYt,479,15,0.31577717126312327,
2,XYt,480,15,0.3150260507406907,
2,XYt,481,15,0.31455612822488555,
2,XYt,482,15,0.31371228739180623,
2,XYt,483,15,0.31384603477620204,
2,XYt,484,15,0.3140717568599087,
2,XYt,485,15,0.31429545527868596,
2,XYt,486,15,0.3134185129865913,
2,XYt,487,15,0.3133506216962685,
2,XYt,488,15,0.3130998360792079,
2,XYt,489,15,0.3141834383576043,
2,XYt,490,15,0.31364672460832427,
2,XYt,491,15,0.314338281437035,
2,XYt,492,15,0.3151276095249869,
2,XYt,493,15,0.315097478134688,
2,XYt,494,15,0.31503749684894855,
2,XYt,495,15,0.31432175866871287,
2,XYt,496,15,0.314416872297874,
2,XYt,497,15,0.31395070001796643,
2,XYt,498,15,0.31324195746811856,
2,XYt,499,15,0.3116832983967736,
2,XYt,500,15,0.3110828909530484,
2,XYt,501,15,0.31107352150115647,
2,XYt,502,15,0.3104440111428087,
2,XYt,503,15,0.31025076722629813,
2,XYt,504,15,0.31127073863589877,
2,XYt,505,15,0.3107074471393766,
2,XYt,506,15,0.31142597151858004,
2,XYt,507,15,0.3104083959027114,
2,XYt,508,15,0.31122508721789044,
2,XYt,509,15,0.3106804118665678,
2,XYt,510,15,0.3110579711561763,
2,XYt,511,15,0.31054193632326554,
2,XYt,512,15,0.3110343030551169,
2,XYt,513,15,0.31144698397843973,
2,XYt,514,15,0.3117139816901903,
2,XYt,515,15,0.3121993363918029,
2,XYt,516,15,0.3116140227102643,
2,XYt,517,15,0.3114665291487335,
2,XYt,518,15,0.3115850461613904,
2,XYt,519,15,0.312000202275133,
2,XYt,520,15,0.31158236982201987,
2,XYt,521,15,0.3107620154558191,
2,XYt,522,15,0.31101997735477105,
2,XYt,523,15,0.30975267494193115,
2,XYt,524,15,0.309797798185349,
2,XYt,525,15,0.31126208948169226,
2,XYt,526,15,0.3111649428598406,
2,XYt,527,15,0.30925247930915906,
2,XYt,528,15,0.30673213560789986,
2,XYt,529,15,0.3047293407707062,
2,XYt,530,15,0.30535834494159014,
2,XYt,531,15,0.31104864230804935,
2,XYt,532,15,0.32354012221512335,
2,XYt,533,15,0.34568783424097227,
2,XYt,534,15,0.3814108237337126,
2,XYt,535,15,0.42379494124967787,
2,XYt,536,15,0.4466943635969215,
2,XYt,537,15,0.45692124346747487,
2,XYt,538,15,0.465268532577099,
2,XYt,539,15,0.4730971263849931,
2,XYt,540,15,0.47889967916256515,
2,XYt,541,15,0.4748549373774778,
2,XYt,542,15,0.46911025619576974,
2,XYt,543,15,0.4628274478889501,
2,XYt,544,15,0.4592238410640969,
2,XYt,545,15,0.4594560343114795,
2,XYt,546,15,0.46272359002529984,
2,XYt,547,15,0.46496862014532014,
2,XYt,548,15,0.4598339069173698,
2,XYt,549,15,0.4527841522034695,
2,XYt,550,15,0.4490795796279448,
2,XYt,551,15,0.4426602391711861,
2,XYt,552,15,0.44028313603198516,
2,XYt,553,15,0.4368404985905765,
2,XYt,554,15,0.43461145028529313,
2,XYt,555,15,0.4334630239976679,
2,XYt,556,15,0.4316667080427059,
2,XYt,557,15,0.4293517845035534,
2,XYt,558,15,0.4261359812206444,
2,XYt,559,15,0.42140435196690496,
2,XYt,560,15,0.4145294758668577,
2,XYt,561,15,0.4051828346376156,
2,XYt,562,15,0.3986088808947795,
2,XYt,563,15,0.3978460796307821,
2,XYt,564,15,0.3964831497342217,
2,XYt,565,15,0.3915043987454389,
2,XYt,566,15,0.3850085402119632,
2,XYt,567,15,0.3782857681336774,
2,XYt,568,15,0.3732121773799954,
2,XYt,569,15,0.36987159898937505,
2,XYt,570,15,0.3650612434667358,
2,XYt,571,15,0.3585914702165328,
2,XYt,572,15,0.35257120347457505,
2,XYt,573,15,0.34857419772974424,
2,XYt,574,15,0.3488821882611072,
2,XYt,575,15,0.3498168181146261,
2,XYt,576,15,0.3522764125152736,
2,XYt,577,15,0.35374556102509547,
2,XYt,578,15,0.3550077068555001,
2,XYt,579,15,0.3569821042130453,
2,XYt,580,15,0.3583391311900497,
2,XYt,581,15,0.36061001534009407,
2,XYt,582,15,0.35926727359096194,
2,XYt,583,15,0.35760513466007293,
2,XYt,584,15,0.3560394421214745,
2,XYt,585,15,0.3551221120443441,
2,XYt,586,15,0.3544872419757796,
2,XYt,587,15,0.3529866530198236,
2,XYt,588,15,0.3484007294645675,
2,XYt,589,15,0.34255799488877015,
2,XYt,590,15,0.33429251874642235,
2,XYt,591,15,0.3259535188364791,
2,XYt,592,15,0.32078549392627353,
2,XYt,593,15,0.3192531615111358,
2,XYt,594,15,0.3207421291881789,
2,XYt,595,15,0.3210520166253586,
2,XYt,596,15,0.321891131715564,
2,XYt,597,15,0.3243327012823001,
2,XYt,598,15,0.3258331004563391,
2,XYt,599,15,0.3266867835489122,
2,XYt,600,15,0.3296242957395949,
2,XYt,601,15,0.33232724687524307,
2,XYt,602,15,0.33434242387359053,
2,XYt,603,15,0.33467555662996185,
2,XYt,604,15,0.33347958477133427,
2,XYt,605,15,0.33357644745922427,
2,XYt,606,15,0.33418484798112974,
2,XYt,607,15,0.3336251509458421,
2,XYt,608,15,0.3336945811655147,
2,XYt,609,15,0.33360560000625666,
2,XYt,610,15,0.33298995281629473,
2,XYt,611,15,0.33146443346050614,
2,XYt,612,15,0.3291049713446477,
2,XYt,613,15,0.32642545595325734,
2,XYt,614,15,0.3236868708020829,
2,XYt,615,15,0.32189497500388214,
2,XYt,616,15,0.3197449519446215,
2,XYt,617,15,0.3189636648932794,
2,XYt,618,15,0.31803270077049645,
2,XYt,619,15,0.31916517268121114,
2,XYt,620,15,0.3197057195885917,
2,XYt,621,15,0.32232016700889643,
2,XYt,622,15,0.3286122972939652,
2,XYt,623,15,0.3376846236084348,
2,XYt,624,15,0.34611519758966275,
2,XYt,625,15,0.35270309612490236,
2,XYt,626,15,0.3543526370742989,
2,XYt,627,15,0.35536350151077567,
2,XYt,628,15,0.3564847605474425,
2,XYt,629,15,0.358062310127653,
2,XYt,630,15,0.36037310751787355,
2,XYt,631,15,0.3592008988935152,
2,XYt,632,15,0.35697991681649416,
2,XYt,633,15,0.35474445423658296,
2,XYt,634,15,0.3548443886461798,
2,XYt,635,15,0.3537759885774747,
2,XYt,636,15,0.352366132779621,
2,XYt,637,15,0.3504198919363121,
2,XYt,638,15,0.349015814555015,
2,XYt,639,15,0.3488953792184029,
2,XYt,640,15,0.35103703678932713,
2,XYt,641,15,0.3563590096695756,
2,XYt,642,15,0.36212229193101325,
2,XYt,643,15,0.36509687869068586,
2,XYt,644,15,0.36849556322683513,
2,XYt,645,15,0.3727755935723281,
2,XYt,646,15,0.3774579465529955,
2,XYt,647,15,0.38489727434334375,
2,XYt,648,15,0.3905014676479931,
2,XYt,649,15,0.3938269276042519,
2,XYt,650,15,0.3950788092909747,
2,XYt,651,15,0.39674553789621647,
2,XYt,652,15,0.40651448769797915,
2,XYt,653,15,0.41361406768882486,
2,XYt,654,15,0.41758506136333257,
2,XYt,655,15,0.4201129936359011,
2,XYt,656,15,0.4221524501706893,
2,XYt,657,15,0.423713682573209,
2,XYt,658,15,0.4255627432095578,
2,XYt,659,15,0.42748275194844215,
2,XYt,660,15,0.43050536001502787,
2,XYt,661,15,0.4347380700948789,
2,XYt,662,15,0.43974444995375195,
2,XYt,663,15,0.44551455514128824,
2,XYt,664,15,0.45154690853364726,
2,XYt,665,15,0.4594705409621257,
2,XYt,666,15,0.4659396772447391,
2,XYt,667,15,0.46515037376293367,
2,XYt,668,15,0.4633152303057363,
2,XYt,669,15,0.46138857348127593,
2,XYt,670,15,0.4610316904609654,
2,XYt,671,15,0.45803670194504026,
2,XYt,672,15,0.45389812634360827,
2,XYt,673,15,0.4484284178270584,
2,XYt,674,15,0.44309888304449085,
2,XYt,675,15,0.4343866431780182,
2,XYt,676,15,0.420328520495935,
2,XYt,677,15,0.4006754411749784,
2,XYt,678,15,0.3745676752963989,
2,XYt,679,15,0.3513539633572702,
2,XYt,680,15,0.3352721853043836,
2,XYt,681,15,0.3212748140584964,
2,XYt,682,15,0.31038597290393005,
2,XYt,683,15,0.3029569839722876,
2,XYt,684,15,0.29824464877175993,
2,XYt,685,15,0.29492822665640833,
2,XYt,686,15,0.292632183193853,
2,XYt,687,15,0.292217000646183,
2,XYt,688,15,0.29205659715479265,
2,XYt,689,15,0.2939513396336743,
2,XYt,690,15,0.2934447973424965,
2,XYt,691,15,0.29476015634931324,
2,XYt,692,15,0.2958327858089861,
2,XYt,693,15,0.29626664492021304,
2,XYt,694,15,0.29592948714439216,
2,XYt,695,15,0.29662637343765075,
2,XYt,696,15,0.2962072542796786,
2,XYt,697,15,0.29509614665563405,
2,XYt,698,15,0.29416892957307256,
2,XYt,699,15,0.29410181662433005,
2,XYt,700,15,0.29427333039054754,
2,XYt,701,15,0.29357216367502875,
2,XYt,702,15,0.29302881708755263,
2,XYt,703,15,0.293771052846074,
2,XYt,704,15,0.29340624092514345,
2,XYt,705,15,0.2939988710292364,
2,XYt,706,15,0.29547685570907267,
2,XYt,707,15,0.2982539236258073,
2,XYt,708,15,0.3015993823187305,
2,XYt,709,15,0.32115917571259084,
2,XYt,710,15,0.31959444509645984,
2,XYt,711,15,0.3362024671090647,
2,XYt,712,15,0.3335624371582647,
2,XYt,713,15,0.323807455241287,
2,XYt,714,15,0.32065631064766353,
2,XYt,715,15,0.31599650774670274,
2,XYt,716,15,0.3085739756448794,
2,XYt,717,15,0.29629672215888964,
2,XYt,718,15,0.2861386497736655,
2,XYt,719,15,0.2820052958133215,
2,XYt,720,15,0.2922210962255424,
2,XYt,721,15,0.29855970789788766,
2,XYt,722,15,0.30493174090057307,
2,XYt,723,15,0.3113190783044079,
2,XYt,724,15,0.32836766783059457,
2,XYt,725,15,0.3478849637668413,
2,XYt,726,15,0.36884846693684625,
2,XYt,727,15,0.3838632292637507,
2,YZt,0,15,0.3261709548029799,
2,YZt,1,15,0.4453446896009533,
2,YZt,2,15,0.4220564374721166,
2,YZt,3,15,0.40428290279129475,
2,YZt,4,15,0.4057722949902596,
2,YZt,5,15,0.3703074002526195,
2,YZt,6,15,0.427488859121032,
2,YZt,7,15,0.51749938143505,
2,YZt,8,15,0.5010274234896733,
2,YZt,9,15,0.49989685203549983,
2,YZt,10,15,0.48322563504636606,
2,YZt,11,15,0.5043123679952337,
2,YZt,12,15,0.4788249396264673,
2,YZt,13,15,0.4801225719981847,
2,YZt,14,15,0.44570249928073435,
2,YZt,15,15,0.45717530620863,
2,YZt,16,15,0.46371845648888543,
2,YZt,17,15,0.44107849277353106,
2,YZt,18,15,0.4565059094082806,
2,YZt,19,15,0.4592461527365554,
2,YZt,20,15,0.4454819704699669,
2,YZt,21,15,0.4503766650104245,
2,YZt,22,15,0.45401234056180173,
2,YZt,23,15,0.4466548854117308,
2,YZt,24,15,0.4592365627908293,
2,YZt,25,15,0.45853977406820834,
2,YZt,26,15,0.449707120061489,
2,YZt,27,15,0.46755407404059984,
2,YZt,28,15,0.4629455592830774,
2,YZt,29,15,0.4662022381958402,
2,YZt,30,15,0.45894006330844705,
2,YZt,31,15,0.4652297727680895,
2,YZt,32,15,0.4703755707203063,
2,YZt,33,15,0.46684111749430635,
2,YZt,34,15,0.46515770141261037,
2,YZt,35,15,0.4707347896506525,
2,YZt,36,15,0.47457616548226167,
2,YZt,37,15,0.4755150234068002,
2,YZt,38,15,0.47805395221888924,
2,YZt,39,15,0.4747478929005395,
2,YZt,40,15,0.46557692289123226,
2,YZt,41,15,0.45599149375310555,
2,YZt,42,15,0.4579915316205152,
2,YZt,43,15,0.4487467305597038,
2,YZt,44,15,0.43987015243281935,
2,YZt,45,15,0.4303321020416713,
2,YZt,46,15,0.42727370584823315,
2,YZt,47,15,0.42494232426391315,
2,YZt,48,15,0.4187677315140237,
2,YZt,49,15,0.4084890047890144,
2,YZt,50,15,0.397239066126066,
2,YZt,51,15,0.38891537601259296,
2,YZt,52,15,0.3909297298470733,
2,YZt,53,15,0.3979519868518465,
2,YZt,54,15,0.39802196490996467,
2,YZt,55,15,0.3890313762753339,
2,YZt,56,15,0.3894877275559555,
2,YZt,57,15,0.40551950310401896,
2,YZt,58,15,0.41041534192037354,
2,YZt,59,15,0.40309605556304495,
2,YZt,60,15,0.4203549547935713,
2,YZt,61,15,0.42822227139954033,
2,YZt,62,15,0.4192855112814247,
2,YZt,63,15,0.43667721229174017,
2,YZt,64,15,0.43183364814369846,
2,YZt,65,15,0.4093068106547526,
2,YZt,66,15,0.42036705060745483,
2,YZt,67,15,0.3690060353161944,
2,YZt,68,15,0.3369052379458143,
2,YZt,69,15,0.30988272178031495,
2,YZt,70,15,0.2913108404007183,
2,YZt,71,15,0.28855404673435997,
2,YZt,72,15,0.269187327333913,
2,YZt,73,15,0.2704381906075969,
2,YZt,74,15,0.255024076031587,
2,YZt,75,15,0.2594237511724752,
2,YZt,76,15,0.24759726993871647,
2,YZt,77,15,0.25215933878864816,
2,YZt,78,15,0.24445274704401415,
2,YZt,79,15,0.24704804319323542,
2,YZt,80,15,0.24641632302133215,
2,YZt,81,15,0.2459067372147946,
2,YZt,82,15,0.2500476030864712,
2,YZt,83,15,0.24737427733620743,
2,YZt,84,15,0.25792374101963716,
2,YZt,85,15,0.2559205603468484,
2,YZt,86,15,0.25769911073399243,
2,YZt,87,15,0.26396384288337077,
2,YZt,88,15,0.2607028540262375,
2,YZt,89,15,0.26829197455809695,
2,YZt,90,15,0.27141962077248727,
2,YZt,91,15,0.2684302036820279,
2,YZt,92,15,0.27552280931040923,
2,YZt,93,15,0.28001800721418185,
2,YZt,94,15,0.2770094839585635,
2,YZt,95,15,0.28040107051716456,
2,YZt,96,15,0.2868101172016993,
2,YZt,97,15,0.28546688677504467,
2,YZt,98,15,0.2847592440685944,
2,YZt,99,15,0.29255480834030784,
2,YZt,100,15,0.2979762423368364,
2,YZt,101,15,0.2960945448238734,
2,YZt,102,15,0.2973328043126675,
2,YZt,103,15,0.30403423155483317,
2,YZt,104,15,0.31199549920384895,
2,YZt,105,15,0.31193403266204345,
2,YZt,106,15,0.3127190473256007,
2,YZt,107,15,0.31718688079921253,
2,YZt,108,15,0.3264282946169061,
2,YZt,109,15,0.33733594794297217,
2,YZt,110,15,0.3429562846753382,
2,YZt,111,15,0.346692521444928,
2,YZt,112,15,0.34791828654918555,
2,YZt,113,15,0.3490719726349824,
2,YZt,114,15,0.35359094079856707,
2,YZt,115,15,0.3585748096238545,
2,YZt,116,15,0.36485505313354116,
2,YZt,117,15,0.37039865316283205,
2,YZt,118,15,0.3736956358636612,
2,YZt,119,15,0.37549546750841967,
2,YZt,120,15,0.3774987552020187,
2,YZt,121,15,0.377323431229513,
2,YZt,122,15,0.373280917379878,
2,YZt,123,15,0.3676007899636427,
2,YZt,124,15,0.3598489531400752,
2,YZt,125,15,0.3536096102006593,
2,YZt,126,15,0.34690027074776547,
2,YZt,127,15,0.34389303896718715,
2,YZt,128,15,0.3420242578203002,
2,YZt,129,15,0.34071965944104654,
2,YZt,130,15,0.3398965602184271,
2,YZt,131,15,0.33853102995853757,
2,YZt,132,15,0.3376166291367792,
2,YZt,133,15,0.3376205019473254,
2,YZt,134,15,0.33818526300077856,
2,YZt,135,15,0.3361991550652481,
2,YZt,136,15,0.33609200810123896,
2,YZt,137,15,0.335601380023741,
2,YZt,138,15,0.33524221905046186,
2,YZt,139,15,0.33757158014611083,
2,YZt,140,15,0.3407188459288528,
2,YZt,141,15,0.34332920393939714,
2,YZt,142,15,0.34331936473967467,
2,YZt,143,15,0.341512691002061,
2,YZt,144,15,0.3349734766051867,
2,YZt,145,15,0.3277290588201703,
2,YZt,146,15,0.3225627050055997,
2,YZt,147,15,0.32259644612876104,
2,YZt,148,15,0.32318411062367536,
2,YZt,149,15,0.32635906882276716,
2,YZt,150,15,0.3266353055905194,
2,YZt,151,15,0.32132286935263826,
2,YZt,152,15,0.3172362144900799,
2,YZt,153,15,0.3170816668006166,
2,YZt,154,15,0.32055796549244836,
2,YZt,155,15,0.3203887098831293,
2,YZt,156,15,0.30995131032121304,
2,YZt,157,15,0.3012224314788245,
2,YZt,158,15,0.29732440124852205,
2,YZt,159,15,0.2967500491853639,
2,YZt,160,15,0.28985731503389855,
2,YZt,161,15,0.27882693599683733,
2,YZt,162,15,0.28111866705432326,
2,YZt,163,15,0.2814419885396687,
2,YZt,164,15,0.2729204246551391,
2,YZt,165,15,0.2685402008046364,
2,YZt,166,15,0.27160551343964906,
2,YZt,167,15,0.26679747806382803,
2,YZt,168,15,0.2577873932940483,
2,YZt,169,15,0.259875044349144,
2,YZt,170,15,0.2558618932507609,
2,YZt,171,15,0.2465999736295013,
2,YZt,172,15,0.24845478867201903,
2,YZt,173,15,0.24290992324948762,
2,YZt,174,15,0.24256542977790824,
2,YZt,175,15,0.24780325911872578,
2,YZt,176,15,0.2402881475597854,
2,YZt,177,15,0.24933056574961343,
2,YZt,178,15,0.2496212564330994,
2,YZt,179,15,0.25504642887513385,
2,YZt,180,15,0.259879934847959,
2,YZt,181,15,0.2619646810599438,
2,YZt,182,15,0.27678006634989283,
2,YZt,183,15,0.2762202852537849,
2,YZt,184,15,0.3020184778971478,
2,YZt,185,15,0.3106184367377283,
2,YZt,186,15,0.35283197439055064,
2,YZt,187,15,0.39934774797225653,
2,YZt,188,15,0.4425233414109491,
2,YZt,189,15,0.4295684476012298,
2,YZt,190,15,0.45442640411948854,
2,YZt,191,15,0.4624714585472282,
2,YZt,192,15,0.4500331361927191,
2,YZt,193,15,0.47253092614598924,
2,YZt,194,15,0.45479124151641653,
2,YZt,195,15,0.4701766317421469,
2,YZt,196,15,0.4678346091790578,
2,YZt,197,15,0.4543650420120965,
2,YZt,198,15,0.4745775707112608,
2,YZt,199,15,0.4669064048650317,
2,YZt,200,15,0.45240658865343847,
2,YZt,201,15,0.470374784648079,
2,YZt,202,15,0.4769425017591871,
2,YZt,203,15,0.4644282205546051,
2,YZt,204,15,0.4697439783601566,
2,YZt,205,15,0.4851221610865851,
2,YZt,206,15,0.4939117402636449,
2,YZt,207,15,0.48021979960713124,
2,YZt,208,15,0.47290197642925597,
2,YZt,209,15,0.4807642224403654,
2,YZt,210,15,0.49272311932782853,
2,YZt,211,15,0.5034425244469813,
2,YZt,212,15,0.5006699242894789,
2,YZt,213,15,0.4962683940563362,
2,YZt,214,15,0.48851823756270374,
2,YZt,215,15,0.4886301278981804,
2,YZt,216,15,0.4876848677117803,
2,YZt,217,15,0.4866559016240774,
2,YZt,218,15,0.4807489224123998,
2,YZt,219,15,0.48344514068591027,
2,YZt,220,15,0.4874753272690573,
2,YZt,221,15,0.48433188906590624,
2,YZt,222,15,0.4806043385434241,
2,YZt,223,15,0.483151647589832,
2,YZt,224,15,0.47642317033433373,
2,YZt,225,15,0.4619731834581591,
2,YZt,226,15,0.4675516477237287,
2,YZt,227,15,0.47597528048282145,
2,YZt,228,15,0.4634404639623918,
2,YZt,229,15,0.45804419506274596,
2,YZt,230,15,0.45587328198353083,
2,YZt,231,15,0.45982998158859295,
2,YZt,232,15,0.46097194308184314,
2,YZt,233,15,0.4457942023055291,
2,YZt,234,15,0.45346728692463945,
2,YZt,235,15,0.45417260816226995,
2,YZt,236,15,0.4408098261484813,
2,YZt,237,15,0.45076739942970856,
2,YZt,238,15,0.44587201018425104,
2,YZt,239,15,0.4403406153540299,
2,YZt,240,15,0.45348130564128697,
2,YZt,241,15,0.4517158310523451,
2,YZt,242,15,0.4380062020969007,
2,YZt,243,15,0.4600452264878131,
2,YZt,244,15,0.45291059000528144,
2,YZt,245,15,0.4414481759000422,
2,YZt,246,15,0.47963349394662136,
2,YZt,247,15,0.4778358621355806,
2,YZt,248,15,0.507668244217883,
2,YZt,249,15,0.48922665788658,
2,YZt,250,15,0.5088404082038357,
2,YZt,251,15,0.5098712266753352,
2,YZt,252,15,0.52786385475587,
2,YZt,253,15,0.43869830415224154,
2,YZt,254,15,0.3824704475863855,
2,YZt,255,15,0.41910379072747034,
2,YZt,256,15,0.41872390969814194,
2,YZt,257,15,0.4365105719840075,
2,YZt,258,15,0.4570820721969117,
2,YZt,259,15,0.348158161168541,
2,XZt,0,15,0.33849230219908505,
2,XZt,1,15,0.44802333973411634,
2,XZt,2,15,0.4003261270633489,
2,XZt,3,15,0.3868849909317137,
2,XZt,4,15,0.38970947717012044,
2,XZt,5,15,0.3604139709044268,
2,XZt,6,15,0.4132066985344583,
2,XZt,7,15,0.5165008474653272,
2,XZt,8,15,0.5119616801525334,
2,XZt,9,15,0.5235840895590296,
2,XZt,10,15,0.5055436605434935,
2,XZt,11,15,0.5382359639392478,
2,XZt,12,15,0.5175791841760443,
2,XZt,13,15,0.523614233019854,
2,XZt,14,15,0.4914142570849287,
2,XZt,15,15,0.5007894662736284,
2,XZt,16,15,0.5018280385978104,
2,XZt,17,15,0.4942144161297466,
2,XZt,18,15,0.5149873753310287,
2,XZt,19,15,0.5094385085807577,
2,XZt,20,15,0.4970775815287122,
2,XZt,21,15,0.5100078955163978,
2,XZt,22,15,0.5108226467058051,
2,XZt,23,15,0.5019045699500277,
2,XZt,24,15,0.5096827564232319,
2,XZt,25,15,0.5086952332432425,
2,XZt,26,15,0.5082425522789863,
2,XZt,27,15,0.5230230916692955,
2,XZt,28,15,0.5118309823820865,
2,XZt,29,15,0.520157487203027,
2,XZt,30,15,0.5175961337937284,
2,XZt,31,15,0.5130605716877564,
2,XZt,32,15,0.52518766083881,
2,XZt,33,15,0.5168633503776306,
2,XZt,34,15,0.5054410935888005,
2,XZt,35,15,0.5126350963084194,
2,XZt,36,15,0.5184615441652571,
2,XZt,37,15,0.5175572826813767,
2,XZt,38,15,0.5211198279637732,
2,XZt,39,15,0.5197418696747295,
2,XZt,40,15,0.5107886438005608,
2,XZt,41,15,0.5095518191197531,
2,XZt,42,15,0.5159769294842002,
2,XZt,43,15,0.5192827934680813,
2,XZt,44,15,0.5150197150813637,
2,XZt,45,15,0.5137344488668447,
2,XZt,46,15,0.5193098057339816,
2,XZt,47,15,0.5228786761427923,
2,XZt,48,15,0.5211335395515564,
2,XZt,49,15,0.5062998794174032,
2,XZt,50,15,0.49498462950879124,
2,XZt,51,15,0.48772744674086416,
2,XZt,52,15,0.49306935171196653,
2,XZt,53,15,0.5059701570943631,
2,XZt,54,15,0.499106665625006,
2,XZt,55,15,0.48569810405758673,
2,XZt,56,15,0.4805828363710388,
2,XZt,57,15,0.49752615174252374,
2,XZt,58,15,0.48978996429337485,
2,XZt,59,15,0.47220403696366237,
2,XZt,60,15,0.48857687412601414,
2,XZt,61,15,0.49721788835533165,
2,XZt,62,15,0.47086323913575867,
2,XZt,63,15,0.48496507359319047,
2,XZt,64,15,0.4828649376691668,
2,XZt,65,15,0.4675537214971636,
2,XZt,66,15,0.48444154147913004,
2,XZt,67,15,0.46292577054011996,
2,XZt,68,15,0.46708226091315663,
2,XZt,69,15,0.46230793081643246,
2,XZt,70,15,0.441904098119573,
2,XZt,71,15,0.4374519275064804,
2,XZt,72,15,0.4132205149568484,
2,XZt,73,15,0.4121339016333271,
2,XZt,74,15,0.38646968712428326,
2,XZt,75,15,0.3880878881587273,
2,XZt,76,15,0.3648303536519256,
2,XZt,77,15,0.36647528724700495,
2,XZt,78,15,0.35033313232357255,
2,XZt,79,15,0.34691635795204046,
2,XZt,80,15,0.33733533435426116,
2,XZt,81,15,0.32917041239258743,
2,XZt,82,15,0.3277808363618509,
2,XZt,83,15,0.3148050276934708,
2,XZt,84,15,0.32041315296749373,
2,XZt,85,15,0.31177481138539864,
2,XZt,86,15,0.30943153458203676,
2,XZt,87,15,0.31421262500867897,
2,XZt,88,15,0.3052165193655979,
2,XZt,89,15,0.31052383804401146,
2,XZt,90,15,0.31058826705396997,
2,XZt,91,15,0.30440055589732795,
2,XZt,92,15,0.3088122876194579,
2,XZt,93,15,0.3101420780242158,
2,XZt,94,15,0.30395385469391445,
2,XZt,95,15,0.30491625348593593,
2,XZt,96,15,0.30857782791726873,
2,XZt,97,15,0.30304296356974614,
2,XZt,98,15,0.29767468727572943,
2,XZt,99,15,0.3000933692865618,
2,XZt,100,15,0.29973199400543077,
2,XZt,101,15,0.29236082156408905,
2,XZt,102,15,0.2871926550481911,
2,XZt,103,15,0.2875526247751576,
2,XZt,104,15,0.28780131736116443,
2,XZt,105,15,0.2822029082153342,
2,XZt,106,15,0.27511094142811493,
2,XZt,107,15,0.27178808527332016,
2,XZt,108,15,0.27211540373236354,
2,XZt,109,15,0.2742248058130536,
2,XZt,110,15,0.27053266287237226,
2,XZt,111,15,0.2662655592660281,
2,XZt,112,15,0.2621383316288743,
2,XZt,113,15,0.25966732299990625,
2,XZt,114,15,0.2609047668147601,
2,XZt,115,15,0.2624388120147483,
2,XZt,116,15,0.26326950628094314,
2,XZt,117,15,0.26337984019000843,
2,XZt,118,15,0.2624091601294724,
2,XZt,119,15,0.2601358329498719,
2,XZt,120,15,0.25806424810535816,
2,XZt,121,15,0.25566059363219074,
2,XZt,122,15,0.25505859966259137,
2,XZt,123,15,0.25256761969144365,
2,XZt,124,15,0.25323446647984127,
2,XZt,125,15,0.2545229043756999,
2,XZt,126,15,0.25523827261434234,
2,XZt,127,15,0.25480167145232435,
2,XZt,128,15,0.256156268077524,
2,XZt,129,15,0.2584441438304865,
2,XZt,130,15,0.2592642029885502,
2,XZt,131,15,0.25917026906451845,
2,XZt,132,15,0.25939370854185545,
2,XZt,133,15,0.259657419897958,
2,XZt,134,15,0.2621749006134305,
2,XZt,135,15,0.2618189652238537,
2,XZt,136,15,0.2623012042356409,
2,XZt,137,15,0.26479747206831034,
2,XZt,138,15,0.2668460830918503,
2,XZt,139,15,0.27035040519465525,
2,XZt,140,15,0.2720988003132838,
2,XZt,141,15,0.2746567677069846,
2,XZt,142,15,0.2761769022500194,
2,XZt,143,15,0.27679548810970783,
2,XZt,144,15,0.27548033089928997,
2,XZt,145,15,0.2735383649952491,
2,XZt,146,15,0.2750288551072326,
2,XZt,147,15,0.2780478578504843,
2,XZt,148,15,0.2843817785712034,
2,XZt,149,15,0.2918915027762216,
2,XZt,150,15,0.296165886794761,
2,XZt,151,15,0.2980486087814902,
2,XZt,152,15,0.2995721330128054,
2,XZt,153,15,0.30511408687998925,
2,XZt,154,15,0.3147023006591759,
2,XZt,155,15,0.3230990245764036,
2,XZt,156,15,0.32520964944044806,
2,XZt,157,15,0.32813354891044466,
2,XZt,158,15,0.3378962185448522,
2,XZt,159,15,0.3512864948450261,
2,XZt,160,15,0.3583674796422927,
2,XZt,161,15,0.36103515991634594,
2,XZt,162,15,0.3752246690400015,
2,XZt,163,15,0.3891226932680627,
2,XZt,164,15,0.39197618533916995,
2,XZt,165,15,0.39764852974479925,
2,XZt,166,15,0.4112459750414515,
2,XZt,167,15,0.415336948115544,
2,XZt,168,15,0.4144819471314778,
2,XZt,169,15,0.42777428784537586,
2,XZt,170,15,0.4316239946950448,
2,XZt,171,15,0.42856365349860126,
2,XZt,172,15,0.4390055024130272,
2,XZt,173,15,0.43158604393666283,
2,XZt,174,15,0.42943228075821294,
2,XZt,175,15,0.4314377643820146,
2,XZt,176,15,0.413341604778878,
2,XZt,177,15,0.41557007590538847,
2,XZt,178,15,0.3972837465802333,
2,XZt,179,15,0.38866067995426506,
2,XZt,180,15,0.38273179909082455,
2,XZt,181,15,0.36822779298284075,
2,XZt,182,15,0.36826297351774284,
2,XZt,183,15,0.3512760012177706,
2,XZt,184,15,0.3570671965688171,
2,XZt,185,15,0.34285930251594243,
2,XZt,186,15,0.35270989414649584,
2,XZt,187,15,0.3425598227351263,
2,XZt,188,15,0.35313603483440537,
2,XZt,189,15,0.34965814399072415,
2,XZt,190,15,0.3578873446024005,
2,XZt,191,15,0.362841254699071,
2,XZt,192,15,0.35785297560086937,
2,XZt,193,15,0.36963248602841114,
2,XZt,194,15,0.3565426734182883,
2,XZt,195,15,0.36504330805420204,
2,XZt,196,15,0.3635016106435642,
2,XZt,197,15,0.3519481912290079,
2,XZt,198,15,0.36362235095590106,
2,XZt,199,15,0.35944264130750964,
2,XZt,200,15,0.3501239210086343,
2,XZt,201,15,0.3597865809948663,
2,XZt,202,15,0.36005501656228545,
2,XZt,203,15,0.35152606517662793,
2,XZt,204,15,0.3524758424250325,
2,XZt,205,15,0.3602222337441813,
2,XZt,206,15,0.36009724327604226,
2,XZt,207,15,0.35492707764421594,
2,XZt,208,15,0.3504554114066117,
2,XZt,209,15,0.35695745439717697,
2,XZt,210,15,0.36451515928871436,
2,XZt,211,15,0.37428203590838993,
2,XZt,212,15,0.37838293152570057,
2,XZt,213,15,0.386310266867918,
2,XZt,214,15,0.3966878725627514,
2,XZt,215,15,0.4129523702601746,
2,XZt,216,15,0.43319017165871854,
2,XZt,217,15,0.45232758262106654,
2,XZt,218,15,0.4713873163874855,
2,XZt,219,15,0.496420912430036,
2,XZt,220,15,0.5222811648258296,
2,XZt,221,15,0.5379284647312015,
2,XZt,222,15,0.5444017264467301,
2,XZt,223,15,0.537389173914957,
2,XZt,224,15,0.5263812704874921,
2,XZt,225,15,0.5107320690574816,
2,XZt,226,15,0.5167440517141395,
2,XZt,227,15,0.5207350562246104,
2,XZt,228,15,0.5058274349707651,
2,XZt,229,15,0.5035854748303642,
2,XZt,230,15,0.5050314963415873,
2,XZt,231,15,0.4981434707475681,
2,XZt,232,15,0.5069290003325795,
2,XZt,233,15,0.4900436683110275,
2,XZt,234,15,0.4958945342191279,
2,XZt,235,15,0.5045226105283596,
2,XZt,236,15,0.49157919503820796,
2,XZt,237,15,0.5012983379258874,
2,XZt,238,15,0.4997059777890115,
2,XZt,239,15,0.4979037778031993,
2,XZt,240,15,0.5140509893155206,
2,XZt,241,15,0.5052598597234917,
2,XZt,242,15,0.49464279742328165,
2,XZt,243,15,0.5035334743561002,
2,XZt,244,15,0.5075774409694189,
2,XZt,245,15,0.4920153112284852,
2,XZt,246,15,0.5287272198152916,
2,XZt,247,15,0.5212302746536,
2,XZt,248,15,0.5456095738853738,
2,XZt,249,15,0.521371557680034,
2,XZt,250,15,0.5346531512273259,
2,XZt,251,15,0.5244172675797114,
2,XZt,252,15,0.5293815607523292,
2,XZt,253,15,0.4207108706302822,
2,XZt,254,15,0.36130893489968285,
2,XZt,255,15,0.3944526874509307,
2,XZt,256,15,0.39779284815301286,
2,XZt,257,15,0.418913220039129,
2,XZt,258,15,0.45673754354846063,
2,XZt,259,15,0.31924103459665876,
3,XYt,0,15,0.2270562997312558,
3,XYt,1,15,0.21749331331874852,
3,XYt,2,15,0.20601106916247744,
3,XYt,3,15,0.20039012015483107,
3,XYt,4,15,0.19289371699343028,
3,XYt,5,15,0.18093487192767888,
3,XYt,6,15,0.17236041250410333,
3,XYt,7,15,0.16682308947108648,
3,XYt,8,15,0.1644794685428534,
3,XYt,9,15,0.167123496382997,
3,XYt,10,15,0.1717688894289282,
3,XYt,11,15,0.17565809922820094,
3,XYt,12,15,0.17876749504555114,
3,XYt,13,15,0.1794457418331765,
3,XYt,14,15,0.17718536318147715,
3,XYt,15,15,0.17159524524192551,
3,XYt,16,15,0.15770816772655008,
3,XYt,17,15,0.14223281408311464,
3,XYt,18,15,0.14324059418603013,
3,XYt,19,15,0.14838076508494732,
3,XYt,20,15,0.15698304230203247,
3,XYt,21,15,0.16453904427971583,
3,XYt,22,15,0.16972560118424448,
3,XYt,23,15,0.1725317997194551,
3,XYt,24,15,0.17259268551452125,
3,XYt,25,15,0.1707467380934073,
3,XYt,26,15,0.16757658276176352,
3,XYt,27,15,0.16404966252643616,
3,XYt,28,15,0.1607542800826765,
3,XYt,29,15,0.1584955827214869,
3,XYt,30,15,0.15805393166247378,
3,XYt,31,15,0.1596785603462002,
3,XYt,32,15,0.16381860156633282,
3,XYt,33,15,0.17015324542981275,
3,XYt,34,15,0.17875489649987544,
3,XYt,35,15,0.19202591615935274,
3,XYt,36,15,0.21192119432878023,
3,XYt,37,15,0.24232335020328172,
3,XYt,38,15,0.2856747726885932,
3,XYt,39,15,0.3457834897294758,
3,XYt,40,15,0.4223660327508327,
3,XYt,41,15,0.5110971499342458,
3,XYt,42,15,0.610686014777088,
3,XYt,43,15,0.7137518694027585,
3,XYt,44,15,0.7798419102374127,
3,XYt,45,15,0.8061191046065399,
3,XYt,46,15,0.7869542903254572,
3,XYt,47,15,0.7432443870039314,
3,XYt,48,15,0.7148826226029819,
3,XYt,49,15,0.7036637144440434,
3,XYt,50,15,0.695720493868487,
3,XYt,51,15,0.6876941725282357,
3,XYt,52,15,0.6740964265718111,
3,XYt,53,15,0.6566475324550454,
3,XYt,54,15,0.6298233523227404,
3,XYt,55,15,0.5918780250787146,
3,XYt,56,15,0.5427307490461983,
3,XYt,57,15,0.49440117812294077,
3,XYt,58,15,0.45605325452960255,
3,XYt,59,15,0.43181273539266535,
3,XYt,60,15,0.4162176423606433,
3,XYt,61,15,0.40805882244457686,
3,XYt,62,15,0.40461628244372866,
3,XYt,63,15,0.4063387599635457,
3,XYt,64,15,0.4104502565557758,
3,XYt,65,15,0.417186961033941,
3,XYt,66,15,0.42216438560057784,
3,XYt,67,15,0.4265663542865808,
3,XYt,68,15,0.42977077559245863,
3,XYt,69,15,0.4312553083974953,
3,XYt,70,15,0.4319419856181734,
3,XYt,71,15,0.43270409914551333,
3,XYt,72,15,0.43401505708199983,
3,XYt,73,15,0.4332795514411164,
3,XYt,74,15,0.4320743520062637,
3,XYt,75,15,0.42872586341189217,
3,XYt,76,15,0.42285790346035446,
3,XYt,77,15,0.4122025572881412,
3,XYt,78,15,0.39709493294449233,
3,XYt,79,15,0.38064542421290165,
3,XYt,80,15,0.36642032187759627,
3,XYt,81,15,0.355688795792916,
3,XYt,82,15,0.34700430949531613,
3,XYt,83,15,0.3402737311960179,
3,XYt,84,15,0.334517451755876,
3,XYt,85,15,0.32994480431812556,
3,XYt,86,15,0.3257065053629728,
3,XYt,87,15,0.3210105478860465,
3,XYt,88,15,0.31485198558914423,
3,XYt,89,15,0.3098005966895244,
3,XYt,90,15,0.30691008260101316,
3,XYt,91,15,0.30596350967373775,
3,XYt,92,15,0.3042157978896877,
3,XYt,93,15,0.3018938997143652,
3,XYt,94,15,0.2997356236308164,
3,XYt,95,15,0.2985981862560159,
3,XYt,96,15,0.29777150820799847,
3,XYt,97,15,0.2964823884603161,
3,XYt,98,15,0.29445209176572756,
3,XYt,99,15,0.29253914390531177,
3,XYt,100,15,0.2898438972850764,
3,XYt,101,15,0.28765811738209357,
3,XYt,102,15,0.28582982902108567,
3,XYt,103,15,0.2839097922565591,
3,XYt,104,15,0.28181628136218917,
3,XYt,105,15,0.28093091553157845,
3,XYt,106,15,0.2800252598907766,
3,XYt,107,15,0.279268080960787,
3,XYt,108,15,0.2784806637233689,
3,XYt,109,15,0.2773398641758079,
3,XYt,110,15,0.2764714166276404,
3,XYt,111,15,0.27616790636450306,
3,XYt,112,15,0.27709780076691287,
3,XYt,113,15,0.2795674314552265,
3,XYt,114,15,0.28273754045540045,
3,XYt,115,15,0.28737759206157665,
3,XYt,116,15,0.2946207847033781,
3,XYt,117,15,0.3014654263879924,
3,XYt,118,15,0.30515043699553623,
3,XYt,119,15,0.30733530318800023,
3,XYt,120,15,0.3085389121122568,
3,XYt,121,15,0.30663546524003926,
3,XYt,122,15,0.3052669581426727,
3,XYt,123,15,0.30435642634687393,
3,XYt,124,15,0.303857173504613,
3,XYt,125,15,0.30399473675955097,
3,XYt,126,15,0.30510562638246397,
3,XYt,127,15,0.30906637094408057,
3,XYt,128,15,0.3128620632561219,
3,XYt,129,15,0.31702333243809594,
3,XYt,130,15,0.319928324934351,
3,XYt,131,15,0.32221201317363973,
3,XYt,132,15,0.32475830238298475,
3,XYt,133,15,0.33016004706361946,
3,XYt,134,15,0.33629521088005065,
3,XYt,135,15,0.34383521970634645,
3,XYt,136,15,0.35224297052214526,
3,XYt,137,15,0.3612614289446485,
3,XYt,138,15,0.37185136096112653,
3,XYt,139,15,0.3837459633253225,
3,XYt,140,15,0.3913706496615215,
3,XYt,141,15,0.391740555714939,
3,XYt,142,15,0.3900660447211704,
3,XYt,143,15,0.38782995605245857,
3,XYt,144,15,0.3858489207358687,
3,XYt,145,15,0.3832386111096986,
3,XYt,146,15,0.38083302570199734,
3,XYt,147,15,0.37904313032909914,
3,XYt,148,15,0.37784851604699937,
3,XYt,149,15,0.3778354681525664,
3,XYt,150,15,0.377868696082789,
3,XYt,151,15,0.37858365321688187,
3,XYt,152,15,0.37980055876126856,
3,XYt,153,15,0.38136749610587134,
3,XYt,154,15,0.38110068348691434,
3,XYt,155,15,0.38042080601823414,
3,XYt,156,15,0.37810384288622073,
3,XYt,157,15,0.3705716718061523,
3,XYt,158,15,0.35816334195292393,
3,XYt,159,15,0.34654283535538416,
3,XYt,160,15,0.33557124850050635,
3,XYt,161,15,0.3260427021425097,
3,XYt,162,15,0.31781567558044255,
3,XYt,163,15,0.3116753428742679,
3,XYt,164,15,0.3061477181747051,
3,XYt,165,15,0.3002887821292414,
3,XYt,166,15,0.29474090931235747,
3,XYt,167,15,0.2872081544493589,
3,XYt,168,15,0.28017025198466644,
3,XYt,169,15,0.2755452481704284,
3,XYt,170,15,0.27322859169658065,
3,XYt,171,15,0.2714469424757763,
3,XYt,172,15,0.27057629225787344,
3,XYt,173,15,0.26889503618928834,
3,XYt,174,15,0.2686324436199874,
3,XYt,175,15,0.2687392771209263,
3,XYt,176,15,0.2690650558263532,
3,XYt,177,15,0.2677089715122091,
3,XYt,178,15,0.26655123156281424,
3,XYt,179,15,0.2649978799858988,
3,XYt,180,15,0.26297597907371867,
3,XYt,181,15,0.26035047552017965,
3,XYt,182,15,0.2592728594234563,
3,XYt,183,15,0.2583446714346649,
3,XYt,184,15,0.2576812499743488,
3,XYt,185,15,0.25690254084800046,
3,XYt,186,15,0.2552405805853871,
3,XYt,187,15,0.2536289366484953,
3,XYt,188,15,0.2540171971824628,
3,XYt,189,15,0.2553403020612467,
3,XYt,190,15,0.25680818515241677,
3,XYt,191,15,0.2582806711723598,
3,XYt,192,15,0.2588578968871134,
3,XYt,193,15,0.2593772474570865,
3,XYt,194,15,0.2604271610308772,
3,XYt,195,15,0.2632222692392408,
3,XYt,196,15,0.267474305328041,
3,XYt,197,15,0.273573157847262,
3,XYt,198,15,0.27831625494325085,
3,XYt,199,15,0.27964235917928826,
3,XYt,200,15,0.28197578514160265,
3,XYt,201,15,0.28239442457172104,
3,XYt,202,15,0.2807618331940906,
3,XYt,203,15,0.28078005104299597,
3,XYt,204,15,0.2810079194159387,
3,XYt,205,15,0.281346579619688,
3,XYt,206,15,0.2839330134178344,
3,XYt,207,15,0.28902607494178584,
3,XYt,208,15,0.2957425699311046,
3,XYt,209,15,0.3019109843768299,
3,XYt,210,15,0.30752231710592737,
3,XYt,211,15,0.3113759368969592,
3,XYt,212,15,0.31455779685980373,
3,XYt,213,15,0.3182745691324024,
3,XYt,214,15,0.32400472991316814,
3,XYt,215,15,0.33174311273148044,
3,XYt,216,15,0.3419701236314841,
3,XYt,217,15,0.3528420086702797,
3,XYt,218,15,0.36813073566083615,
3,XYt,219,15,0.38362869873187294,
3,XYt,220,15,0.39280230170709396,
3,XYt,221,15,0.39574460439124787,
3,XYt,222,15,0.39757847073885094,
3,XYt,223,15,0.39754521355547734,
3,XYt,224,15,0.39608870768164095,
3,XYt,225,15,0.3932854594520856,
3,XYt,226,15,0.3900499128684313,
3,XYt,227,15,0.38817991398173707,
3,XYt,228,15,0.3848322892376756,
3,XYt,229,15,0.38158550997037183,
3,XYt,230,15,0.3771648759780906,
3,XYt,231,15,0.3719224154877103,
3,XYt,232,15,0.3648465175900583,
3,XYt,233,15,0.35645575407459945,
3,XYt,234,15,0.34531385581888574,
3,XYt,235,15,0.33509184707374906,
3,XYt,236,15,0.3228933458913243,
3,XYt,237,15,0.3094694622807468,
3,XYt,238,15,0.2996501497168902,
3,XYt,239,15,0.296198605275422,
3,XYt,240,15,0.2946104207454121,
3,XYt,241,15,0.29429612004184413,
3,XYt,242,15,0.29350023992864793,
3,XYt,243,15,0.29316742985354466,
3,XYt,244,15,0.2932203030858361,
3,XYt,245,15,0.2935384172006074,
3,XYt,246,15,0.29237848257289156,
3,XYt,247,15,0.2936667079331176,
3,XYt,248,15,0.29446168947663476,
3,XYt,249,15,0.296051843579564,
3,XYt,250,15,0.2969578787734608,
3,XYt,251,15,0.2976879087885196,
3,XYt,252,15,0.29858956954245963,
3,XYt,253,15,0.3016244604771884,
3,XYt,254,15,0.3072814059859775,
3,XYt,255,15,0.31345782793434984,
3,XYt,256,15,0.315923664819775,
3,XYt,257,15,0.30392188679370585,
3,XYt,258,15,0.27131100402079145,
3,XYt,259,15,0.2320387373631998,
3,XYt,260,15,0.20994495413162712,
3,XYt,261,15,0.20180472190900953,
3,XYt,262,15,0.20078933520123174,
3,XYt,263,15,0.20222118123721378,
3,XYt,264,15,0.20377391708982584,
3,XYt,265,15,0.20284138362959533,
3,XYt,266,15,0.20269965608177123,
3,XYt,267,15,0.20210419876829436,
3,XYt,268,15,0.20347673183431347,
3,XYt,269,15,0.20361374725846276,
3,XYt,270,15,0.20379540256323692,
3,XYt,271,15,0.2038459241401736,
3,XYt,272,15,0.20361259588848055,
3,XYt,273,15,0.20334640160329467,
3,XYt,274,15,0.20466690324223835,
3,XYt,275,15,0.20546277969205712,
3,XYt,276,15,0.20622399585887088,
3,XYt,277,15,0.20564800924589619,
3,XYt,278,15,0.20535518063628136,
3,XYt,279,15,0.20456331082349383,
3,XYt,280,15,0.20440130703019738,
3,XYt,281,15,0.20467765575142893,
3,XYt,282,15,0.2051904276194243,
3,XYt,283,15,0.2060317002845286,
3,XYt,284,15,0.20674348519170924,
3,XYt,285,15,0.20717680581211637,
3,XYt,286,15,0.20738051000427504,
3,XYt,287,15,0.2074996167678385,
3,XYt,288,15,0.20659180885280104,
3,XYt,289,15,0.20569757759247104,
3,XYt,290,15,0.20512327284480397,
3,XYt,291,15,0.20549884547637104,
3,XYt,292,15,0.20518527258576,
3,XYt,293,15,0.20541186264269395,
3,XYt,294,15,0.20522492163739448,
3,XYt,295,15,0.20521155040258238,
3,XYt,296,15,0.2048569060756283,
3,XYt,297,15,0.2049628507893044,
3,XYt,298,15,0.20588741187432502,
3,XYt,299,15,0.2054334551938758,
3,XYt,300,15,0.20550518272664992,
3,XYt,301,15,0.20639779966124486,
3,XYt,302,15,0.20673006611003855,
3,XYt,303,15,0.20611282057871042,
3,XYt,304,15,0.20564922528451884,
3,XYt,305,15,0.20522646029973104,
3,XYt,306,15,0.2053467345205326,
3,XYt,307,15,0.2053620349898764,
3,XYt,308,15,0.20676992857008142,
3,XYt,309,15,0.20696432053209238,
3,XYt,310,15,0.2077716444887631,
3,XYt,311,15,0.20758083125760515,
3,XYt,312,15,0.20709091772826482,
3,XYt,313,15,0.20817982758430512,
3,XYt,314,15,0.20806267386559904,
3,XYt,315,15,0.2082568856522285,
3,XYt,316,15,0.20734658058097255,
3,XYt,317,15,0.20714014179929657,
3,XYt,318,15,0.2055206916706141,
3,XYt,319,15,0.20585789860659182,
3,XYt,320,15,0.20615341063613024,
3,XYt,321,15,0.2085340477534884,
3,XYt,322,15,0.20931299856526958,
3,XYt,323,15,0.2124475246648471,
3,XYt,324,15,0.21656242755333432,
3,XYt,325,15,0.2559087804199079,
3,XYt,326,15,0.30020155853834213,
3,XYt,327,15,0.3012875748592653,
3,XYt,328,15,0.30254076684029774,
3,XYt,329,15,0.30431273178978235,
3,XYt,330,15,0.3031490181153855,
3,XYt,331,15,0.30376180483192755,
3,XYt,332,15,0.3026270933659825,
3,XYt,333,15,0.3029444477648228,
3,XYt,334,15,0.30304113724781445,
3,XYt,335,15,0.30627108256488483,
3,XYt,336,15,0.30771246157866966,
3,XYt,337,15,0.30956829970503724,
3,XYt,338,15,0.31073640928251856,
3,XYt,339,15,0.31743708023279227,
3,XYt,340,15,0.3273649920559288,
3,XYt,341,15,0.3341443158887057,
3,XYt,342,15,0.34182005806652277,
3,XYt,343,15,0.3503483223060925,
3,XYt,344,15,0.35565347626521215,
3,XYt,345,15,0.3593233534986528,
3,XYt,346,15,0.3621294546053899,
3,XYt,347,15,0.3649607362877874,
3,XYt,348,15,0.36885575894083017,
3,XYt,349,15,0.3710981263661218,
3,XYt,350,15,0.37165291460291144,
3,XYt,351,15,0.374698557892587,
3,XYt,352,15,0.3783954016614046,
3,XYt,353,15,0.3804225830989023,
3,XYt,354,15,0.38051825419378077,
3,XYt,355,15,0.38007032046075884,
3,XYt,356,15,0.3773428040445498,
3,XYt,357,15,0.3687527628296857,
3,XYt,358,15,0.3542567556688607,
3,XYt,359,15,0.3431270101801735,
3,XYt,360,15,0.33487129101167135,
3,XYt,361,15,0.32780548172860463,
3,XYt,362,15,0.31657142774740543,
3,XYt,363,15,0.31201971669667206,
3,XYt,364,15,0.3748113506414909,
3,XYt,365,15,0.3683604861109673,
3,XYt,366,15,0.36288867463041496,
3,XYt,367,15,0.35982476499173677,
3,XYt,368,15,0.35820512578652636,
3,XYt,369,15,0.35638950339686754,
3,XYt,370,15,0.35422932375733207,
3,XYt,371,15,0.3527757576901252,
3,XYt,372,15,0.35047543830274963,
3,XYt,373,15,0.3498206814834402,
3,XYt,374,15,0.3487965744210941,
3,XYt,375,15,0.3466995815275186,
3,XYt,376,15,0.34194981748952746,
3,XYt,377,15,0.3375884465209013,
3,XYt,378,15,0.331379565793281,
3,XYt,379,15,0.3273320209840759,
3,XYt,380,15,0.3240341942086216,
3,XYt,381,15,0.32369819098408026,
3,XYt,382,15,0.32227926767075854,
3,XYt,383,15,0.32274938461191494,
3,XYt,384,15,0.3215091498029048,
3,XYt,385,15,0.31644928960435037,
3,XYt,386,15,0.31219559633104826,
3,XYt,387,15,0.3138943380635125,
3,XYt,388,15,0.31450596510244677,
3,XYt,389,15,0.3160981245651123,
3,XYt,390,15,0.3161248561257306,
3,XYt,391,15,0.31743613523719244,
3,XYt,392,15,0.3173199989365589,
3,XYt,393,15,0.3183245127301708,
3,XYt,394,15,0.31847914292482427,
3,XYt,395,15,0.3198113517856931,
3,XYt,396,15,0.320792153703958,
3,XYt,397,15,0.3237204218041429,
3,XYt,398,15,0.32419970909029305,
3,XYt,399,15,0.3242563851397288,
3,XYt,400,15,0.32366227092981614,
3,XYt,401,15,0.3235615110972828,
3,XYt,402,15,0.32236778603512667,
3,XYt,403,15,0.3219660680657984,
3,XYt,404,15,0.3219399307062745,
3,XYt,405,15,0.32227460186996126,
3,XYt,406,15,0.32279740823704633,
3,XYt,407,15,0.3244036752780329,
3,XYt,408,15,0.3271679898217852,
3,XYt,409,15,0.3297946124276866,
3,XYt,410,15,0.3308090211191178,
3,XYt,411,15,0.327651017693491,
3,XYt,412,15,0.32914880697845633,
3,XYt,413,15,0.3312913367676764,
3,XYt,414,15,0.3332379890934071,
3,XYt,415,15,0.33528835976630594,
3,XYt,416,15,0.3414043569027153,
3,XYt,417,15,0.3467697819199882,
3,XYt,418,15,0.351023728924583,
3,XYt,419,15,0.35348924404570264,
3,XYt,420,15,0.35722566007424594,
3,XYt,421,15,0.3575245686741987,
3,XYt,422,15,0.3592780420720326,
3,XYt,423,15,0.3603899721349664,
3,XYt,424,15,0.3626739441948296,
3,XYt,425,15,0.36413959997745343,
3,XYt,426,15,0.3662510406127583,
3,XYt,427,15,0.36740496219335783,
3,XYt,428,15,0.3705520632748214,
3,XYt,429,15,0.3737745133532341,
3,XYt,430,15,0.3774628033100804,
3,XYt,431,15,0.3827545775588108,
3,XYt,432,15,0.39067428952976474,
3,XYt,433,15,0.39829409607364163,
3,XYt,434,15,0.40761349675516995,
3,XYt,435,15,0.41890808028770277,
3,XYt,436,15,0.43633556301998966,
3,XYt,437,15,0.447314548790611,
3,XYt,438,15,0.4500459211894664,
3,XYt,439,15,0.45032573280000465,
3,XYt,440,15,0.45199444736115435,
3,XYt,441,15,0.453589613357709,
3,XYt,442,15,0.45498636816226673,
3,XYt,443,15,0.45408174189791195,
3,XYt,444,15,0.45269125258833853,
3,XYt,445,15,0.44971420008016244,
3,XYt,446,15,0.4472829786659593,
3,XYt,447,15,0.4448452747413109,
3,XYt,448,15,0.44329350449952953,
3,XYt,449,15,0.43993667671330583,
3,XYt,450,15,0.43671618489055886,
3,XYt,451,15,0.4310365699119097,
3,XYt,452,15,0.4241466878428184,
3,XYt,453,15,0.41763821222118486,
3,XYt,454,15,0.4086388485226749,
3,XYt,455,15,0.39920610852505645,
3,XYt,456,15,0.3947196802190912,
3,XYt,457,15,0.39340309245205796,
3,XYt,458,15,0.3931677092859358,
3,XYt,459,15,0.3929700832604375,
3,XYt,460,15,0.39435064347469473,
3,XYt,461,15,0.39498407114986034,
3,XYt,462,15,0.3974597986489311,
3,XYt,463,15,0.40196255235176576,
3,XYt,464,15,0.41118931350461513,
3,XYt,465,15,0.41737692020376516,
3,XYt,466,15,0.40629957075705775,
3,XYt,467,15,0.36071782966518884,
3,XYt,468,15,0.3050548517082146,
3,XYt,469,15,0.2674210199403899,
3,XYt,470,15,0.25436227566297953,
3,XYt,471,15,0.2523095926665836,
3,XYt,472,15,0.2537916064976769,
3,XYt,473,15,0.2544517723207715,
3,XYt,474,15,0.2535677771166554,
3,XYt,475,15,0.2531251647623538,
3,XYt,476,15,0.2520712509247779,
3,XYt,477,15,0.251420880637117,
3,XYt,478,15,0.2507632939942913,
3,XYt,479,15,0.25024397736230763,
3,XYt,480,15,0.2497001547337646,
3,XYt,481,15,0.24932757296394736,
3,XYt,482,15,0.24893922165552773,
3,XYt,483,15,0.24906113282623146,
3,XYt,484,15,0.24984327467407813,
3,XYt,485,15,0.2501155169132364,
3,XYt,486,15,0.24956139054187174,
3,XYt,487,15,0.24947648082640964,
3,XYt,488,15,0.2494218975722267,
3,XYt,489,15,0.2499856149599467,
3,XYt,490,15,0.25018369208919994,
3,XYt,491,15,0.25113746877863213,
3,XYt,492,15,0.2521547731351553,
3,XYt,493,15,0.2521986547878855,
3,XYt,494,15,0.25173477700835833,
3,XYt,495,15,0.2518472533274776,
3,XYt,496,15,0.2515866750801894,
3,XYt,497,15,0.25067461326497814,
3,XYt,498,15,0.24945568609680313,
3,XYt,499,15,0.24831420150247852,
3,XYt,500,15,0.24713627037324581,
3,XYt,501,15,0.24686836374917415,
3,XYt,502,15,0.2463720020640768,
3,XYt,503,15,0.24661448004812964,
3,XYt,504,15,0.24728035203713605,
3,XYt,505,15,0.24699550493685699,
3,XYt,506,15,0.2472501810951567,
3,XYt,507,15,0.24678440121141929,
3,XYt,508,15,0.24714649190834098,
3,XYt,509,15,0.2473158701737418,
3,XYt,510,15,0.2473668073496263,
3,XYt,511,15,0.247237997641256,
3,XYt,512,15,0.24784742929923098,
3,XYt,513,15,0.24763795346310447,
3,XYt,514,15,0.24831855055268884,
3,XYt,515,15,0.24897693205476967,
3,XYt,516,15,0.2487090213615311,
3,XYt,517,15,0.24816843232267335,
3,XYt,518,15,0.24852764249574155,
3,XYt,519,15,0.2481935588551846,
3,XYt,520,15,0.24797795994573857,
3,XYt,521,15,0.2471150141373998,
3,XYt,522,15,0.24599176589414784,
3,XYt,523,15,0.2441140688452086,
3,XYt,524,15,0.2434446461146799,
3,XYt,525,15,0.24320872039604546,
3,XYt,526,15,0.24287747040338242,
3,XYt,527,15,0.24184933834651476,
3,XYt,528,15,0.23936991867351698,
3,XYt,529,15,0.23569162069914182,
3,XYt,530,15,0.23413695578118704,
3,XYt,531,15,0.23648468200304995,
3,XYt,532,15,0.24603650634636934,
3,XYt,533,15,0.26496100146550144,
3,XYt,534,15,0.3004137963777319,
3,XYt,535,15,0.34860216465852,
3,XYt,536,15,0.3872641743668502,
3,XYt,537,15,0.41444368043834623,
3,XYt,538,15,0.42503561707307924,
3,XYt,539,15,0.42957834587750643,
3,XYt,540,15,0.42732205011942576,
3,XYt,541,15,0.4183568763413798,
3,XYt,542,15,0.40852201946125816,
3,XYt,543,15,0.4017391911264718,
3,XYt,544,15,0.3968569958743315,
3,XYt,545,15,0.395157682129969,
3,XYt,546,15,0.396286523197543,
3,XYt,547,15,0.3952632495466616,
3,XYt,548,15,0.3883934297776464,
3,XYt,549,15,0.38164274934512266,
3,XYt,550,15,0.37701246448180703,
3,XYt,551,15,0.37298820183382864,
3,XYt,552,15,0.3704454612218134,
3,XYt,553,15,0.3688963804141776,
3,XYt,554,15,0.3685123503209216,
3,XYt,555,15,0.3680717610752147,
3,XYt,556,15,0.36697021971774074,
3,XYt,557,15,0.3655479459390377,
3,XYt,558,15,0.36251417524556806,
3,XYt,559,15,0.35748694884582877,
3,XYt,560,15,0.3492897904632957,
3,XYt,561,15,0.33988253400697704,
3,XYt,562,15,0.33464260963691755,
3,XYt,563,15,0.3337448144996028,
3,XYt,564,15,0.3322854082276621,
3,XYt,565,15,0.32792293128523364,
3,XYt,566,15,0.3214414566991273,
3,XYt,567,15,0.31516406077374143,
3,XYt,568,15,0.3096336864697893,
3,XYt,569,15,0.3043143611479516,
3,XYt,570,15,0.2986767128869477,
3,XYt,571,15,0.2916841894835819,
3,XYt,572,15,0.2858032069441852,
3,XYt,573,15,0.28279748276970806,
3,XYt,574,15,0.28328706559560196,
3,XYt,575,15,0.2852145427328312,
3,XYt,576,15,0.28832606580346226,
3,XYt,577,15,0.29107845494377105,
3,XYt,578,15,0.2935056456785306,
3,XYt,579,15,0.2957119660467491,
3,XYt,580,15,0.29786365729484837,
3,XYt,581,15,0.3010789363485446,
3,XYt,582,15,0.3012869379889928,
3,XYt,583,15,0.30038541934695195,
3,XYt,584,15,0.29876777155122575,
3,XYt,585,15,0.29698018292659156,
3,XYt,586,15,0.2951962833248507,
3,XYt,587,15,0.2937316253503387,
3,XYt,588,15,0.28860267236934156,
3,XYt,589,15,0.2808723883044822,
3,XYt,590,15,0.27168358275782256,
3,XYt,591,15,0.263777441709726,
3,XYt,592,15,0.25934111080026034,
3,XYt,593,15,0.2578266834480967,
3,XYt,594,15,0.25857987173451447,
3,XYt,595,15,0.25956649662537107,
3,XYt,596,15,0.26068297711846466,
3,XYt,597,15,0.2624138569385514,
3,XYt,598,15,0.263856839164089,
3,XYt,599,15,0.2650413714923263,
3,XYt,600,15,0.26778551344471657,
3,XYt,601,15,0.27117380305160166,
3,XYt,602,15,0.2739558440081305,
3,XYt,603,15,0.2757307270747256,
3,XYt,604,15,0.2763059926292794,
3,XYt,605,15,0.27644719381757765,
3,XYt,606,15,0.2766280834854084,
3,XYt,607,15,0.27634119363309223,
3,XYt,608,15,0.2758589440823551,
3,XYt,609,15,0.2760044240183437,
3,XYt,610,15,0.2743014580683934,
3,XYt,611,15,0.27192374013911674,
3,XYt,612,15,0.2684577085847425,
3,XYt,613,15,0.26485068495959185,
3,XYt,614,15,0.261281562275584,
3,XYt,615,15,0.25848186299104947,
3,XYt,616,15,0.25599887742772076,
3,XYt,617,15,0.25506146005898456,
3,XYt,618,15,0.2544959562708347,
3,XYt,619,15,0.2559322625907748,
3,XYt,620,15,0.25675051086671136,
3,XYt,621,15,0.2589143121064245,
3,XYt,622,15,0.26420015231802035,
3,XYt,623,15,0.27216308437502834,
3,XYt,624,15,0.2803694757041995,
3,XYt,625,15,0.2895062884855458,
3,XYt,626,15,0.29480659812533583,
3,XYt,627,15,0.2980151474591766,
3,XYt,628,15,0.30030485701505366,
3,XYt,629,15,0.30170101266832766,
3,XYt,630,15,0.3015926081918212,
3,XYt,631,15,0.2995446285282398,
3,XYt,632,15,0.2970280201805542,
3,XYt,633,15,0.29407644414520967,
3,XYt,634,15,0.2922835653178675,
3,XYt,635,15,0.28867757358211577,
3,XYt,636,15,0.28519170476123246,
3,XYt,637,15,0.28172506663639,
3,XYt,638,15,0.2794397168135682,
3,XYt,639,15,0.27855757103861245,
3,XYt,640,15,0.2804205879659019,
3,XYt,641,15,0.2851649735843106,
3,XYt,642,15,0.29126381948223146,
3,XYt,643,15,0.29565841423327316,
3,XYt,644,15,0.29969955414063476,
3,XYt,645,15,0.3036545404454451,
3,XYt,646,15,0.30860704956176455,
3,XYt,647,15,0.31566304024835923,
3,XYt,648,15,0.3217156775993596,
3,XYt,649,15,0.3263199584169667,
3,XYt,650,15,0.3286186699177877,
3,XYt,651,15,0.33085146299376966,
3,XYt,652,15,0.33904283092239873,
3,XYt,653,15,0.3460384195578964,
3,XYt,654,15,0.3502819069175798,
3,XYt,655,15,0.35260322016534407,
3,XYt,656,15,0.3543785903312414,
3,XYt,657,15,0.3568487428595207,
3,XYt,658,15,0.35910648216953606,
3,XYt,659,15,0.36128847135715103,
3,XYt,660,15,0.36417554559702475,
3,XYt,661,15,0.3676645547526271,
3,XYt,662,15,0.37255827884620596,
3,XYt,663,15,0.37986224659671003,
3,XYt,664,15,0.3891187801710841,
3,XYt,665,15,0.400505766281631,
3,XYt,666,15,0.41130921758104033,
3,XYt,667,15,0.41856258607476027,
3,XYt,668,15,0.4230822496430816,
3,XYt,669,15,0.4275525716339007,
3,XYt,670,15,0.4320682819733812,
3,XYt,671,15,0.43293762045035367,
3,XYt,672,15,0.42816703122974364,
3,XYt,673,15,0.415411997753883,
3,XYt,674,15,0.39562711299210573,
3,XYt,675,15,0.37497817972816005,
3,XYt,676,15,0.3518021210392958,
3,XYt,677,15,0.32263260870449534,
3,XYt,678,15,0.2910125750138291,
3,XYt,679,15,0.26584641679873205,
3,XYt,680,15,0.24983953442782644,
3,XYt,681,15,0.2376315714043016,
3,XYt,682,15,0.22914460384335827,
3,XYt,683,15,0.2235583277189664,
3,XYt,684,15,0.22111508049941112,
3,XYt,685,15,0.21973803453891155,
3,XYt,686,15,0.2201250363680918,
3,XYt,687,15,0.2214608219382624,
3,XYt,688,15,0.22362039336198733,
3,XYt,689,15,0.22601444649157265,
3,XYt,690,15,0.22733462088811904,
3,XYt,691,15,0.22897348035560605,
3,XYt,692,15,0.22974776673756556,
3,XYt,693,15,0.2301454608455848,
3,XYt,694,15,0.22996797724275175,
3,XYt,695,15,0.23075678409280806,
3,XYt,696,15,0.2310356654089944,
3,XYt,697,15,0.23095712393273832,
3,XYt,698,15,0.2304869736110395,
3,XYt,699,15,0.23123295341528866,
3,XYt,700,15,0.23090447316964094,
3,XYt,701,15,0.23067730674368592,
3,XYt,702,15,0.23026007004091378,
3,XYt,703,15,0.2308584302464457,
3,XYt,704,15,0.23041133248981374,
3,XYt,705,15,0.23092786756985914,
3,XYt,706,15,0.23105534814389558,
3,XYt,707,15,0.23138877140055575,
3,XYt,708,15,0.23055247349105654,
3,XYt,709,15,0.23738581102251363,
3,XYt,710,15,0.22742321914810382,
3,XYt,711,15,0.27386466531550857,
3,XYt,712,15,0.26047304433737734,
3,XYt,713,15,0.25735458550533497,
3,XYt,714,15,0.24806015501543993,
3,XYt,715,15,0.23734124511825194,
3,XYt,716,15,0.22523343957289121,
3,XYt,717,15,0.20834374087458887,
3,XYt,718,15,0.19961162323486195,
3,XYt,719,15,0.199937830231545,
3,XYt,720,15,0.21147268662607502,
3,XYt,721,15,0.22268362626166618,
3,XYt,722,15,0.2351869282574787,
3,XYt,723,15,0.2523000552800282,
3,XYt,724,15,0.27769844272353317,
3,XYt,725,15,0.2973944681987113,
3,XYt,726,15,0.31473893933643565,
3,XYt,727,15,0.31725858826260794,
3,YZt,0,15,0.24057973791779133,
3,YZt,1,15,0.3940433934115005,
3,YZt,2,15,0.3020756043927085,
3,YZt,3,15,0.2662130263068553,
3,YZt,4,15,0.2658457936306325,
3,YZt,5,15,0.2993377621047632,
3,YZt,6,15,0.3057959706395383,
3,YZt,7,15,0.3831627081908991,
3,YZt,8,15,0.3617058994321939,
3,YZt,9,15,0.3780228529591303,
3,YZt,10,15,0.3625898241564906,
3,YZt,11,15,0.37918686248021843,
3,YZt,12,15,0.36209376159576795,
3,YZt,13,15,0.3741726426328707,
3,YZt,14,15,0.3728425927675982,
3,YZt,15,15,0.3699011978269978,
3,YZt,16,15,0.3819282310595686,
3,YZt,17,15,0.3686094049996643,
3,YZt,18,15,0.37714180830985544,
3,YZt,19,15,0.38131428869349987,
3,YZt,20,15,0.3730307263616503,
3,YZt,21,15,0.37786191776428274,
3,YZt,22,15,0.3739563741347672,
3,YZt,23,15,0.3687965805682035,
3,YZt,24,15,0.386269942775998,
3,YZt,25,15,0.3769425656956929,
3,YZt,26,15,0.3748830104275852,
3,YZt,27,15,0.37574565131293297,
3,YZt,28,15,0.38600077268202776,
3,YZt,29,15,0.37231599381944724,
3,YZt,30,15,0.3792761867945716,
3,YZt,31,15,0.38189591683314345,
3,YZt,32,15,0.37334454677131906,
3,YZt,33,15,0.3750084166447501,
3,YZt,34,15,0.3818037195458538,
3,YZt,35,15,0.38231464219272243,
3,YZt,36,15,0.3816778613121346,
3,YZt,37,15,0.37673332630607675,
3,YZt,38,15,0.3785027147375686,
3,YZt,39,15,0.37870816345126646,
3,YZt,40,15,0.3774445168980457,
3,YZt,41,15,0.3729645636012448,
3,YZt,42,15,0.36960014351546455,
3,YZt,43,15,0.36173977260283824,
3,YZt,44,15,0.3533089895147642,
3,YZt,45,15,0.34318919955964916,
3,YZt,46,15,0.3353251872159469,
3,YZt,47,15,0.3312534121617666,
3,YZt,48,15,0.32725864137542354,
3,YZt,49,15,0.3227027622335503,
3,YZt,50,15,0.31695707844279114,
3,YZt,51,15,0.31668029946951365,
3,YZt,52,15,0.31018334385742574,
3,YZt,53,15,0.3083695593280649,
3,YZt,54,15,0.31094846714957114,
3,YZt,55,15,0.31137522920629557,
3,YZt,56,15,0.3118251159504523,
3,YZt,57,15,0.3143130191233572,
3,YZt,58,15,0.32160502209548525,
3,YZt,59,15,0.3261101813171355,
3,YZt,60,15,0.3279809673032108,
3,YZt,61,15,0.3419211287913303,
3,YZt,62,15,0.34870590040537286,
3,YZt,63,15,0.3557790920993489,
3,YZt,64,15,0.3717625136106665,
3,YZt,65,15,0.3693174631175426,
3,YZt,66,15,0.3530826722438374,
3,YZt,67,15,0.3093958372029961,
3,YZt,68,15,0.270123189758272,
3,YZt,69,15,0.24719048738677635,
3,YZt,70,15,0.22840703590151432,
3,YZt,71,15,0.22016859788029688,
3,YZt,72,15,0.20979941169405203,
3,YZt,73,15,0.20320380927203266,
3,YZt,74,15,0.19562299382785558,
3,YZt,75,15,0.19305263750368484,
3,YZt,76,15,0.18717238886641302,
3,YZt,77,15,0.18552678631422873,
3,YZt,78,15,0.18169578905322442,
3,YZt,79,15,0.18139067678804238,
3,YZt,80,15,0.1802182356373853,
3,YZt,81,15,0.18171107314573517,
3,YZt,82,15,0.18305770990327572,
3,YZt,83,15,0.18621927725676016,
3,YZt,84,15,0.18988451967079178,
3,YZt,85,15,0.19032744953097133,
3,YZt,86,15,0.1933900286597795,
3,YZt,87,15,0.19549391017529943,
3,YZt,88,15,0.19750340595590463,
3,YZt,89,15,0.2015511179908388,
3,YZt,90,15,0.20371840741085745,
3,YZt,91,15,0.2060478880155286,
3,YZt,92,15,0.20926041790558175,
3,YZt,93,15,0.2112491062864358,
3,YZt,94,15,0.21265065164290062,
3,YZt,95,15,0.21636461129980783,
3,YZt,96,15,0.21939517853463097,
3,YZt,97,15,0.2201915063120264,
3,YZt,98,15,0.22347097558520307,
3,YZt,99,15,0.2277318501933172,
3,YZt,100,15,0.23041472569526694,
3,YZt,101,15,0.2309147200780875,
3,YZt,102,15,0.2348600727247812,
3,YZt,103,15,0.23940195212137605,
3,YZt,104,15,0.24370068807247133,
3,YZt,105,15,0.2455763900882229,
3,YZt,106,15,0.24886214895917755,
3,YZt,107,15,0.25492541667065816,
3,YZt,108,15,0.26192373382665035,
3,YZt,109,15,0.2691035158137429,
3,YZt,110,15,0.27593226347243105,
3,YZt,111,15,0.28117395289758595,
3,YZt,112,15,0.28693979266882574,
3,YZt,113,15,0.29158802074735385,
3,YZt,114,15,0.29319964471141824,
3,YZt,115,15,0.2951005494063372,
3,YZt,116,15,0.29862566008296954,
3,YZt,117,15,0.3027318406453808,
3,YZt,118,15,0.3077143066205618,
3,YZt,119,15,0.31115148629049366,
3,YZt,120,15,0.31258080199254074,
3,YZt,121,15,0.3125252573055281,
3,YZt,122,15,0.30932160171219136,
3,YZt,123,15,0.30435856672269923,
3,YZt,124,15,0.29750592650460894,
3,YZt,125,15,0.29084861898203906,
3,YZt,126,15,0.2850694032565015,
3,YZt,127,15,0.28185732640584055,
3,YZt,128,15,0.2793100634134271,
3,YZt,129,15,0.277458773861754,
3,YZt,130,15,0.276837100402142,
3,YZt,131,15,0.2763372368200659,
3,YZt,132,15,0.2766899962859982,
3,YZt,133,15,0.2772431057501126,
3,YZt,134,15,0.27668210051843845,
3,YZt,135,15,0.2761544202070743,
3,YZt,136,15,0.2755357009336404,
3,YZt,137,15,0.2745516983150385,
3,YZt,138,15,0.2747881652844623,
3,YZt,139,15,0.2748209109765124,
3,YZt,140,15,0.2768968210373032,
3,YZt,141,15,0.27807620784993786,
3,YZt,142,15,0.2770104128618394,
3,YZt,143,15,0.27404898378199344,
3,YZt,144,15,0.2706711996284002,
3,YZt,145,15,0.26652113727197163,
3,YZt,146,15,0.2632095444129316,
3,YZt,147,15,0.2593779341691159,
3,YZt,148,15,0.2569355782747079,
3,YZt,149,15,0.256636840915352,
3,YZt,150,15,0.25510060017793346,
3,YZt,151,15,0.2525687763074746,
3,YZt,152,15,0.25041527039107475,
3,YZt,153,15,0.24846314442594838,
3,YZt,154,15,0.24796202605715792,
3,YZt,155,15,0.24730148910367378,
3,YZt,156,15,0.24254637283265362,
3,YZt,157,15,0.23615899032547524,
3,YZt,158,15,0.22887018113816926,
3,YZt,159,15,0.2245994944056738,
3,YZt,160,15,0.21957590715318806,
3,YZt,161,15,0.2131221139127273,
3,YZt,162,15,0.20899886254557482,
3,YZt,163,15,0.20766745963673944,
3,YZt,164,15,0.20339696892309372,
3,YZt,165,15,0.19871459003853587,
3,YZt,166,15,0.19774017765112256,
3,YZt,167,15,0.1946540805370222,
3,YZt,168,15,0.19001338071559118,
3,YZt,169,15,0.18618918550321373,
3,YZt,170,15,0.18297650924847267,
3,YZt,171,15,0.17708266372369386,
3,YZt,172,15,0.1742960944225602,
3,YZt,173,15,0.1722190043953019,
3,YZt,174,15,0.17081329744613502,
3,YZt,175,15,0.17351460530436286,
3,YZt,176,15,0.1742503008959379,
3,YZt,177,15,0.17669920050553092,
3,YZt,178,15,0.18036726568091607,
3,YZt,179,15,0.18368886061087708,
3,YZt,180,15,0.18981212540286774,
3,YZt,181,15,0.19436663991343225,
3,YZt,208,15,0.400884610549171,
3,YZt,209,15,0.39476127565689484,
3,YZt,210,15,0.3973550740200777,
3,YZt,211,15,0.39799900062336085,
3,YZt,212,15,0.39470175806226965,
3,YZt,213,15,0.39111796170514374,
3,YZt,214,15,0.39250014886724427,
3,YZt,215,15,0.39607721719333516,
3,YZt,216,15,0.39564794425070976,
3,YZt,217,15,0.39557823878928616,
3,YZt,218,15,0.39320725583855737,
3,YZt,219,15,0.3944681289696117,
3,YZt,220,15,0.3890702224179417,
3,YZt,221,15,0.3871388918507248,
3,YZt,222,15,0.3854178822215049,
3,YZt,223,15,0.3907991423741424,
3,YZt,224,15,0.39357256726850925,
3,YZt,225,15,0.3947185204081918,
3,YZt,226,15,0.38724048555596396,
3,YZt,227,15,0.38489208190461527,
3,YZt,228,15,0.3935798807175542,
3,YZt,229,15,0.38857542767590203,
3,YZt,230,15,0.38047146029922146,
3,YZt,231,15,0.3966012081664003,
3,YZt,232,15,0.3848521894759545,
3,YZt,233,15,0.3806078574579548,
3,YZt,182,15,0.20506978228799266,
3,YZt,183,15,0.21359206284874482,
3,YZt,184,15,0.23114322476750818,
3,YZt,185,15,0.2525976140289985,
3,YZt,186,15,0.28861586061994693,
3,YZt,187,15,0.344036313480529,
3,YZt,188,15,0.3907196001245895,
3,YZt,189,15,0.4011629970897777,
3,YZt,190,15,0.4021869007532243,
3,YZt,191,15,0.3867483508259019,
3,YZt,192,15,0.3865495232981383,
3,YZt,193,15,0.38460748490913627,
3,YZt,194,15,0.3818154639319888,
3,YZt,195,15,0.3862270161779314,
3,YZt,196,15,0.38022654222411034,
3,YZt,197,15,0.387274135515619,
3,YZt,198,15,0.38910858625276556,
3,YZt,199,15,0.3837478361961063,
3,YZt,200,15,0.38772222387040195,
3,YZt,201,15,0.3934877551127095,
3,YZt,202,15,0.39046081215151857,
3,YZt,203,15,0.3916942027173878,
3,YZt,204,15,0.3944278346714716,
3,YZt,205,15,0.395620419014937,
3,YZt,206,15,0.3936346830844069,
3,YZt,207,15,0.3926659844858576,
3,YZt,234,15,0.3818865081375657,
3,YZt,235,15,0.39225848138592023,
3,YZt,236,15,0.37429644033288606,
3,YZt,237,15,0.3791008081209184,
3,YZt,238,15,0.3807378601337393,
3,YZt,239,15,0.3759791195488598,
3,YZt,240,15,0.38377998292159377,
3,YZt,241,15,0.37632624831759653,
3,YZt,242,15,0.371138751638509,
3,YZt,243,15,0.3834151104401595,
3,YZt,244,15,0.37013421815348063,
3,YZt,245,15,0.37148618989985965,
3,YZt,246,15,0.3743842946225135,
3,YZt,247,15,0.3611040566270163,
3,YZt,248,15,0.37897410541613524,
3,YZt,249,15,0.36023138611006755,
3,YZt,250,15,0.3786096040190539,
3,YZt,251,15,0.35955753382794425,
3,YZt,252,15,0.38149343457380896,
3,YZt,253,15,0.30937773497062604,
3,YZt,254,15,0.3024828785115027,
3,YZt,255,15,0.2686366600125885,
3,YZt,256,15,0.26775977758438263,
3,YZt,257,15,0.30295241993231214,
3,YZt,258,15,0.39437896652482746,
3,YZt,259,15,0.2458670719610857,
3,XZt,0,15,0.24051141171980775,
3,XZt,1,15,0.3659433013437472,
3,XZt,2,15,0.28255938397996244,
3,XZt,3,15,0.24563597373505994,
3,XZt,4,15,0.24178306087777054,
3,XZt,5,15,0.28701999646899073,
3,XZt,6,15,0.2926802857249084,
3,XZt,7,15,0.3773143048973973,
3,XZt,8,15,0.36355132256427386,
3,XZt,9,15,0.3768485693889227,
3,XZt,10,15,0.3609957376314161,
3,XZt,11,15,0.3797814637309881,
3,XZt,12,15,0.3604248832745708,
3,XZt,13,15,0.3748665583026848,
3,XZt,14,15,0.3759602995199086,
3,XZt,15,15,0.37221640281306617,
3,XZt,16,15,0.38893803542827404,
3,XZt,17,15,0.37980752572272336,
3,XZt,18,15,0.3859362102402015,
3,XZt,19,15,0.39214068673430813,
3,XZt,20,15,0.3858682138802422,
3,XZt,21,15,0.3918455370080873,
3,XZt,22,15,0.39154151981175567,
3,XZt,23,15,0.38198627879932995,
3,XZt,24,15,0.4056359038257091,
3,XZt,25,15,0.3890065464861826,
3,XZt,26,15,0.3919358583648245,
3,XZt,27,15,0.39503668987184093,
3,XZt,28,15,0.4042153689162766,
3,XZt,29,15,0.392472556731489,
3,XZt,30,15,0.4017068554687472,
3,XZt,31,15,0.40704125657388845,
3,XZt,32,15,0.39828029273628374,
3,XZt,33,15,0.40062953832322773,
3,XZt,34,15,0.407572289619907,
3,XZt,35,15,0.4066920051841244,
3,XZt,36,15,0.40379531953409975,
3,XZt,37,15,0.399576460528653,
3,XZt,38,15,0.40217407293586677,
3,XZt,39,15,0.4046088861096276,
3,XZt,40,15,0.411099896793268,
3,XZt,41,15,0.4146868287433825,
3,XZt,42,15,0.418052829266513,
3,XZt,43,15,0.4152998038980805,
3,XZt,44,15,0.41628603773035183,
3,XZt,45,15,0.4136558100823525,
3,XZt,46,15,0.4112079015803272,
3,XZt,47,15,0.41440002938620735,
3,XZt,48,15,0.4167021139651174,
3,XZt,49,15,0.41470160023532077,
3,XZt,50,15,0.4131252839029706,
3,XZt,51,15,0.4163254054783668,
3,XZt,52,15,0.4087668254210205,
3,XZt,53,15,0.4120082782648733,
3,XZt,54,15,0.4140940612673014,
3,XZt,55,15,0.4129896373617255,
3,XZt,56,15,0.4097330808111662,
3,XZt,57,15,0.4107863508528471,
3,XZt,58,15,0.4152819936142093,
3,XZt,59,15,0.41447751141296285,
3,XZt,60,15,0.4119633017239943,
3,XZt,61,15,0.4177155620882162,
3,XZt,62,15,0.4156738737464788,
3,XZt,63,15,0.41066576484691364,
3,XZt,64,15,0.4146011045373591,
3,XZt,65,15,0.4101932914254969,
3,XZt,66,15,0.41035831497875297,
3,XZt,67,15,0.4106684398042325,
3,XZt,68,15,0.40277241519762413,
3,XZt,69,15,0.40236906672442374,
3,XZt,70,15,0.3836405159060719,
3,XZt,71,15,0.37224481073122584,
3,XZt,72,15,0.3578635961445157,
3,XZt,73,15,0.3439120356040904,
3,XZt,74,15,0.32837448500510436,
3,XZt,75,15,0.31919210457289754,
3,XZt,76,15,0.30466093920149423,
3,XZt,77,15,0.29702190044759835,
3,XZt,78,15,0.2844192847256007,
3,XZt,79,15,0.27762917424264894,
3,XZt,80,15,0.2674620845423104,
3,XZt,81,15,0.2620281831932025,
3,XZt,82,15,0.2552295651278552,
3,XZt,83,15,0.24954625819797807,
3,XZt,84,15,0.24636875032817968,
3,XZt,85,15,0.24005964419838194,
3,XZt,86,15,0.23947786109767957,
3,XZt,87,15,0.238127142297729,
3,XZt,88,15,0.23542805828226068,
3,XZt,89,15,0.2372636201490984,
3,XZt,90,15,0.23604863884786886,
3,XZt,91,15,0.23442457457940716,
3,XZt,92,15,0.23585676809569134,
3,XZt,93,15,0.23427138755943508,
3,XZt,94,15,0.23163278206014118,
3,XZt,95,15,0.23205670420299668,
3,XZt,96,15,0.23176243795632345,
3,XZt,97,15,0.2282793333362747,
3,XZt,98,15,0.22686784978034807,
3,XZt,99,15,0.22621281207597602,
3,XZt,100,15,0.22350002160650378,
3,XZt,101,15,0.2189146728087209,
3,XZt,102,15,0.21657997483076116,
3,XZt,103,15,0.2154501740745687,
3,XZt,104,15,0.21352626334670016,
3,XZt,105,15,0.20962658092674608,
3,XZt,106,15,0.2061025270475482,
3,XZt,107,15,0.204468987079015,
3,XZt,108,15,0.20349214896692064,
3,XZt,109,15,0.20275181804519682,
3,XZt,110,15,0.2014641933109262,
3,XZt,111,15,0.19891659568559691,
3,XZt,112,15,0.19749035893765274,
3,XZt,113,15,0.19762852797741937,
3,XZt,114,15,0.19682433227652174,
3,XZt,115,15,0.1968613133603807,
3,XZt,116,15,0.19679181568567905,
3,XZt,117,15,0.19618153725740783,
3,XZt,118,15,0.19523937878268138,
3,XZt,119,15,0.1939537403332999,
3,XZt,120,15,0.1921571188437915,
3,XZt,121,15,0.19181510835190554,
3,XZt,122,15,0.19172767337927057,
3,XZt,123,15,0.1912189780432108,
3,XZt,124,15,0.19075171541366528,
3,XZt,125,15,0.1911428062262869,
3,XZt,126,15,0.19185273929420404,
3,XZt,127,15,0.19191353581400328,
3,XZt,128,15,0.1925341567657375,
3,XZt,129,15,0.1929606355568849,
3,XZt,130,15,0.19348639605586904,
3,XZt,131,15,0.19405224360633042,
3,XZt,132,15,0.19478016888229283,
3,XZt,133,15,0.19626788187619587,
3,XZt,134,15,0.19726978767428482,
3,XZt,135,15,0.1984789896568031,
3,XZt,136,15,0.199365017458041,
3,XZt,137,15,0.20086548761585324,
3,XZt,138,15,0.20206413946963778,
3,XZt,139,15,0.20336825112889212,
3,XZt,140,15,0.20527341623817083,
3,XZt,141,15,0.2075013762925613,
3,XZt,142,15,0.20856920756927347,
3,XZt,143,15,0.20949436866215754,
3,XZt,144,15,0.21003904964774348,
3,XZt,145,15,0.21046071281588158,
3,XZt,146,15,0.21234627983677756,
3,XZt,147,15,0.21454060141228387,
3,XZt,148,15,0.2183036447629874,
3,XZt,149,15,0.223851585719009,
3,XZt,150,15,0.22780247098788126,
3,XZt,151,15,0.23099409524732256,
3,XZt,152,15,0.23452952426681498,
3,XZt,153,15,0.23847537298821125,
3,XZt,154,15,0.24437848006262233,
3,XZt,155,15,0.25142977040424846,
3,XZt,156,15,0.2565316993980028,
3,XZt,157,15,0.2619596655871702,
3,XZt,158,15,0.2688474021692518,
3,XZt,159,15,0.27902310957030263,
3,XZt,160,15,0.2876901587766774,
3,XZt,161,15,0.29522708306732576,
3,XZt,162,15,0.3048300687721825,
3,XZt,163,15,0.3166530357422066,
3,XZt,164,15,0.32455840486642995,
3,XZt,165,15,0.3304080111842492,
3,XZt,166,15,0.3401801351303239,
3,XZt,167,15,0.3478686591060232,
3,XZt,168,15,0.35240437572149824,
3,XZt,169,15,0.3588800276323677,
3,XZt,170,15,0.36519382765090164,
3,XZt,171,15,0.36700509246557933,
3,XZt,172,15,0.37211519724842607,
3,XZt,173,15,0.371690472572,
3,XZt,174,15,0.36692010289299637,
3,XZt,175,15,0.36415744517501386,
3,XZt,176,15,0.35489093461213517,
3,XZt,177,15,0.3465811838756586,
3,XZt,178,15,0.3351125421136442,
3,XZt,179,15,0.32229688908450776,
3,XZt,180,15,0.3133332082535395,
3,XZt,181,15,0.30196937767450543,
3,XZt,182,15,0.2966419067878067,
3,XZt,183,15,0.2889632330381059,
3,XZt,184,15,0.286972768098206,
3,XZt,185,15,0.28192473051684674,
3,XZt,186,15,0.28272737259957254,
3,XZt,187,15,0.28289431711757757,
3,XZt,188,15,0.28712919744919446,
3,XZt,189,15,0.2893355238297423,
3,XZt,190,15,0.2962795772159085,
3,XZt,191,15,0.2985491180668918,
3,XZt,192,15,0.3049921074357207,
3,XZt,193,15,0.3058060902569582,
3,XZt,194,15,0.3041322849460867,
3,XZt,195,15,0.3035312903206973,
3,XZt,196,15,0.2975136908395892,
3,XZt,197,15,0.29681752877679446,
3,XZt,198,15,0.2945657410149245,
3,XZt,199,15,0.28884033253568125,
3,XZt,200,15,0.29039279823085473,
3,XZt,201,15,0.2904804974844254,
3,XZt,202,15,0.287396470553867,
3,XZt,203,15,0.2872558115934099,
3,XZt,204,15,0.2884407585190841,
3,XZt,205,15,0.2881297006245734,
3,XZt,206,15,0.2855879612885386,
3,XZt,207,15,0.2849177988437143,
3,XZt,208,15,0.2883911315423838,
3,XZt,209,15,0.2869163389525533,
3,XZt,210,15,0.28856004398776247,
3,XZt,211,15,0.2926359574436766,
3,XZt,212,15,0.2963338063794411,
3,XZt,213,15,0.3036666179213642,
3,XZt,214,15,0.3168901187061121,
3,XZt,215,15,0.3346478891295713,
3,XZt,216,15,0.35415130578439763,
3,XZt,217,15,0.37352218321350517,
3,XZt,218,15,0.3922005647859073,
3,XZt,219,15,0.4103697642920424,
3,XZt,220,15,0.42351904240568145,
3,XZt,221,15,0.4317041495711207,
3,XZt,222,15,0.43593668439493555,
3,XZt,223,15,0.4404755360933918,
3,XZt,224,15,0.4363746827485969,
3,XZt,225,15,0.4315464233985436,
3,XZt,226,15,0.41775578545914777,
3,XZt,227,15,0.4119937650128959,
3,XZt,228,15,0.41900735614359175,
3,XZt,229,15,0.4132524647357316,
3,XZt,230,15,0.4011023636428073,
3,XZt,231,15,0.4126164325274716,
3,XZt,232,15,0.4025000919362677,
3,XZt,233,15,0.3983460156709152,
3,XZt,234,15,0.400601575577258,
3,XZt,235,15,0.4133262420060015,
3,XZt,236,15,0.38741091441098224,
3,XZt,237,15,0.39835318925431384,
3,XZt,238,15,0.4030511742802915,
3,XZt,239,15,0.39459329872016685,
3,XZt,240,15,0.40292338751437745,
3,XZt,241,15,0.39681230579362076,
3,XZt,242,15,0.38791004687210506,
3,XZt,243,15,0.3977059315607774,
3,XZt,244,15,0.38394758917485705,
3,XZt,245,15,0.3876265982970874,
3,XZt,246,15,0.38504804598948705,
3,XZt,247,15,0.37267708870213406,
3,XZt,248,15,0.39107182020568726,
3,XZt,249,15,0.37000829983883265,
3,XZt,250,15,0.38779498224225145,
3,XZt,251,15,0.37940578296855687,
3,XZt,252,15,0.3862095237448847,
3,XZt,253,15,0.30143996998548184,
3,XZt,254,15,0.29259513073723886,
3,XZt,255,15,0.24826945165268202,
3,XZt,256,15,0.25457357914387246,
3,XZt,257,15,0.2942400851603074,
3,XZt,258,15,0.3728541718257311,
3,XZt,259,15,0.2213423187178676,
4,XYt,0,15,0.20499316494527123,
4,XYt,1,15,0.1942823369587758,
4,XYt,2,15,0.1852334261112611,
4,XYt,3,15,0.18275588767781795,
4,XYt,4,15,0.1800090537424995,
4,XYt,5,15,0.17271336482647046,
4,XYt,6,15,0.16734355446141913,
4,XYt,7,15,0.1617759863337091,
4,XYt,8,15,0.1578427574567204,
4,XYt,9,15,0.15859695693998924,
4,XYt,10,15,0.16163423440671434,
4,XYt,11,15,0.1641844306944687,
4,XYt,12,15,0.16493715762979663,
4,XYt,13,15,0.16343871884084302,
4,XYt,14,15,0.15936710303852483,
4,XYt,15,15,0.15269040206134898,
4,XYt,16,15,0.14065531859143948,
4,XYt,17,15,0.12308538831652198,
4,XYt,18,15,0.12283874467919563,
4,XYt,19,15,0.13087397998266986,
4,XYt,20,15,0.1422658965688656,
4,XYt,21,15,0.15182451277485293,
4,XYt,22,15,0.158292145332099,
4,XYt,23,15,0.16140401115714412,
4,XYt,24,15,0.16122878330495427,
4,XYt,25,15,0.15849040794998573,
4,XYt,26,15,0.15367109821969688,
4,XYt,27,15,0.14786146692291577,
4,XYt,28,15,0.14200179303278687,
4,XYt,29,15,0.13701590711064254,
4,XYt,30,15,0.13390665209403377,
4,XYt,31,15,0.1333535344171603,
4,XYt,32,15,0.13533139646712547,
4,XYt,33,15,0.13986409753175405,
4,XYt,34,15,0.1473888176423036,
4,XYt,35,15,0.1597725944520604,
4,XYt,36,15,0.18019385366614882,
4,XYt,37,15,0.2125547389700074,
4,XYt,38,15,0.2610476213978795,
4,XYt,39,15,0.33163248709844245,
4,XYt,40,15,0.42764267525356753,
4,XYt,41,15,0.5446133524781354,
4,XYt,42,15,0.6726066284440682,
4,XYt,43,15,0.7508715207823345,
4,XYt,44,15,0.7773568391634559,
4,XYt,45,15,0.7793240770768228,
4,XYt,46,15,0.7484502941810812,
4,XYt,47,15,0.6913566501613874,
4,XYt,48,15,0.6525503222266211,
4,XYt,49,15,0.6381516707746482,
4,XYt,50,15,0.6367347846534287,
4,XYt,51,15,0.6417111580492048,
4,XYt,52,15,0.6473376471999718,
4,XYt,53,15,0.6526639031427971,
4,XYt,54,15,0.6510390059302982,
4,XYt,55,15,0.6326515434968408,
4,XYt,56,15,0.5882171902495418,
4,XYt,57,15,0.5314886916693394,
4,XYt,58,15,0.48244599542372496,
4,XYt,59,15,0.4505664310806766,
4,XYt,60,15,0.43088259441170446,
4,XYt,61,15,0.4203793694750409,
4,XYt,62,15,0.4158173911215789,
4,XYt,63,15,0.41676698336258355,
4,XYt,64,15,0.4205556581957778,
4,XYt,65,15,0.4271379403505295,
4,XYt,66,15,0.43287962147318637,
4,XYt,67,15,0.43749316467655536,
4,XYt,68,15,0.4399588118479941,
4,XYt,69,15,0.44026101353951597,
4,XYt,70,15,0.4399420846275659,
4,XYt,71,15,0.4397737412688847,
4,XYt,72,15,0.43999937303008574,
4,XYt,73,15,0.4384802976761404,
4,XYt,74,15,0.4367268934176687,
4,XYt,75,15,0.4325571756296382,
4,XYt,76,15,0.4266153937388134,
4,XYt,77,15,0.4149874219326112,
4,XYt,78,15,0.3982585352422907,
4,XYt,79,15,0.38080443591653457,
4,XYt,80,15,0.36591624716729,
4,XYt,81,15,0.35448465503377835,
4,XYt,82,15,0.3459177555006034,
4,XYt,83,15,0.3395203315829732,
4,XYt,84,15,0.3342186272994225,
4,XYt,85,15,0.33013409439198266,
4,XYt,86,15,0.32569898028671107,
4,XYt,87,15,0.3204043001281217,
4,XYt,88,15,0.31376238799696804,
4,XYt,89,15,0.30846625009076095,
4,XYt,90,15,0.30479850174681694,
4,XYt,91,15,0.3037482673715922,
4,XYt,92,15,0.3023342429058697,
4,XYt,93,15,0.3000206393039417,
4,XYt,94,15,0.2975099963217665,
4,XYt,95,15,0.29650635739946796,
4,XYt,96,15,0.2951635976940744,
4,XYt,97,15,0.2935477069239621,
4,XYt,98,15,0.29174309531528597,
4,XYt,99,15,0.2904075165319069,
4,XYt,100,15,0.2878883464652911,
4,XYt,101,15,0.2856130593395285,
4,XYt,102,15,0.28357753464459806,
4,XYt,103,15,0.28099325984897244,
4,XYt,104,15,0.27907453538725674,
4,XYt,105,15,0.2779912197159508,
4,XYt,106,15,0.27683034931782274,
4,XYt,107,15,0.2755388204920728,
4,XYt,108,15,0.2749191412413169,
4,XYt,109,15,0.27379426772441845,
4,XYt,110,15,0.27301633485399435,
4,XYt,111,15,0.27299555659336777,
4,XYt,112,15,0.27428935792128767,
4,XYt,113,15,0.2767815826819063,
4,XYt,114,15,0.2801373160909035,
4,XYt,115,15,0.28500768095657814,
4,XYt,116,15,0.29202197589432805,
4,XYt,117,15,0.2990331474728497,
4,XYt,118,15,0.3029598320367688,
4,XYt,119,15,0.30613374822726064,
4,XYt,120,15,0.307654596741261,
4,XYt,121,15,0.3049688406241433,
4,XYt,122,15,0.303829377082414,
4,XYt,123,15,0.3040032345223279,
4,XYt,124,15,0.30436375090089035,
4,XYt,125,15,0.3047560380111462,
4,XYt,126,15,0.3061433440810562,
4,XYt,127,15,0.3097452535860054,
4,XYt,128,15,0.313887858610046,
4,XYt,129,15,0.3176496904552138,
4,XYt,130,15,0.3204480727731994,
4,XYt,131,15,0.32239965805845044,
4,XYt,132,15,0.3251031708100777,
4,XYt,133,15,0.330528050343353,
4,XYt,134,15,0.3373229007797412,
4,XYt,135,15,0.3450483084753543,
4,XYt,136,15,0.3542757674552406,
4,XYt,137,15,0.3631286369521494,
4,XYt,138,15,0.3738377000074718,
4,XYt,139,15,0.385475962397734,
4,XYt,140,15,0.3919099025623347,
4,XYt,141,15,0.3906152870172212,
4,XYt,142,15,0.38774017613201267,
4,XYt,143,15,0.3850781387007509,
4,XYt,144,15,0.3833154294487363,
4,XYt,145,15,0.3810913438548977,
4,XYt,146,15,0.3787982344256916,
4,XYt,147,15,0.3771964541231678,
4,XYt,148,15,0.3759818455950149,
4,XYt,149,15,0.37567123044838324,
4,XYt,150,15,0.3753559690967142,
4,XYt,151,15,0.375490666143301,
4,XYt,152,15,0.3759251857798867,
4,XYt,153,15,0.37672208873723934,
4,XYt,154,15,0.3757066994766522,
4,XYt,155,15,0.3742186373935735,
4,XYt,156,15,0.3721331491867667,
4,XYt,157,15,0.36477252770311835,
4,XYt,158,15,0.3530847459746527,
4,XYt,159,15,0.3412868146538557,
4,XYt,160,15,0.3306267099226576,
4,XYt,161,15,0.32047173170356813,
4,XYt,162,15,0.31135798279863597,
4,XYt,163,15,0.3045672138316819,
4,XYt,164,15,0.2987343191604072,
4,XYt,165,15,0.29261521848225625,
4,XYt,166,15,0.28589871495868935,
4,XYt,167,15,0.27762660223672503,
4,XYt,168,15,0.26998475358881197,
4,XYt,169,15,0.26535828049860655,
4,XYt,170,15,0.2626793340139346,
4,XYt,171,15,0.2609112296822622,
4,XYt,172,15,0.2599395164183643,
4,XYt,173,15,0.25859393475203846,
4,XYt,174,15,0.2579926290881758,
4,XYt,175,15,0.2575752478416661,
4,XYt,176,15,0.25686148533992875,
4,XYt,177,15,0.2554785415181747,
4,XYt,178,15,0.25457319734687406,
4,XYt,179,15,0.25332722716982753,
4,XYt,180,15,0.25108179526796104,
4,XYt,181,15,0.24865809501711644,
4,XYt,182,15,0.24789188070528442,
4,XYt,183,15,0.24706308934992088,
4,XYt,184,15,0.2469221340035697,
4,XYt,185,15,0.24614181590856557,
4,XYt,186,15,0.24429444707117443,
4,XYt,187,15,0.24195432633233893,
4,XYt,188,15,0.24199240381317214,
4,XYt,189,15,0.24327843289112305,
4,XYt,190,15,0.24523152277333332,
4,XYt,191,15,0.2475338269270419,
4,XYt,192,15,0.24868252177542596,
4,XYt,193,15,0.24835339511847568,
4,XYt,194,15,0.24855775690014117,
4,XYt,195,15,0.25088569613588757,
4,XYt,196,15,0.25526604921672924,
4,XYt,197,15,0.2615141778352787,
4,XYt,198,15,0.26679882155009843,
4,XYt,199,15,0.26986342178308254,
4,XYt,200,15,0.2728525595680503,
4,XYt,201,15,0.27330068594291707,
4,XYt,202,15,0.2721939210147232,
4,XYt,203,15,0.27253426599174063,
4,XYt,204,15,0.27289447308721027,
4,XYt,205,15,0.27385246071195724,
4,XYt,206,15,0.27691531597657676,
4,XYt,207,15,0.28257489965821264,
4,XYt,208,15,0.2900875598410724,
4,XYt,209,15,0.297185461034962,
4,XYt,210,15,0.30275335976400497,
4,XYt,211,15,0.30681843804866776,
4,XYt,212,15,0.31004359859256414,
4,XYt,213,15,0.314193602854048,
4,XYt,214,15,0.31992451384367376,
4,XYt,215,15,0.3279066799391849,
4,XYt,216,15,0.33839853742602866,
4,XYt,217,15,0.3494667580200865,
4,XYt,218,15,0.36510154790832744,
4,XYt,219,15,0.3814559559393639,
4,XYt,220,15,0.3905802412038531,
4,XYt,221,15,0.3936323822047587,
4,XYt,222,15,0.39644722609634125,
4,XYt,223,15,0.3969874127762356,
4,XYt,224,15,0.39620110755911675,
4,XYt,225,15,0.3936584705919792,
4,XYt,226,15,0.39057214477506574,
4,XYt,227,15,0.38793648681802034,
4,XYt,228,15,0.38495250321835034,
4,XYt,229,15,0.38175449816270485,
4,XYt,230,15,0.3780938958529395,
4,XYt,231,15,0.37242949625046534,
4,XYt,232,15,0.3650414020720496,
4,XYt,233,15,0.3565290864099957,
4,XYt,234,15,0.34606885335764964,
4,XYt,235,15,0.3352718333566529,
4,XYt,236,15,0.3221576407618677,
4,XYt,237,15,0.30752999882886145,
4,XYt,238,15,0.29723002856332037,
4,XYt,239,15,0.29292232695587367,
4,XYt,240,15,0.29123685836847574,
4,XYt,241,15,0.2908588485114271,
4,XYt,242,15,0.2904025859124656,
4,XYt,243,15,0.29021020081762094,
4,XYt,244,15,0.2900669212130732,
4,XYt,245,15,0.290973043345873,
4,XYt,246,15,0.29003852380632184,
4,XYt,247,15,0.29078808775313797,
4,XYt,248,15,0.2920459990845732,
4,XYt,249,15,0.2939682190089275,
4,XYt,250,15,0.2954278316394433,
4,XYt,251,15,0.2966884127883677,
4,XYt,252,15,0.2984605202689336,
4,XYt,253,15,0.30114617283762285,
4,XYt,254,15,0.3048647716233476,
4,XYt,255,15,0.307297923581709,
4,XYt,256,15,0.3048183444621057,
4,XYt,257,15,0.28764250180237283,
4,XYt,258,15,0.2531918074574358,
4,XYt,259,15,0.21396330223654672,
4,XYt,260,15,0.19223917443999206,
4,XYt,261,15,0.18472236222138871,
4,XYt,262,15,0.18271494556420426,
4,XYt,263,15,0.1825139509096631,
4,XYt,264,15,0.18327624350379287,
4,XYt,265,15,0.182730803417279,
4,XYt,266,15,0.18285874231355045,
4,XYt,267,15,0.1825430682882731,
4,XYt,268,15,0.18388121933320276,
4,XYt,269,15,0.18415856520178536,
4,XYt,270,15,0.18515206752061192,
4,XYt,271,15,0.18529003378006328,
4,XYt,272,15,0.18504210983629416,
4,XYt,273,15,0.18457049480664775,
4,XYt,274,15,0.18573947349164252,
4,XYt,275,15,0.1867676441414348,
4,XYt,276,15,0.18717701949560675,
4,XYt,277,15,0.1867594521080735,
4,XYt,278,15,0.1862942729805754,
4,XYt,279,15,0.18552334481560837,
4,XYt,280,15,0.18510068437936955,
4,XYt,281,15,0.18511418659007572,
4,XYt,282,15,0.18585329977688364,
4,XYt,283,15,0.18729909596430347,
4,XYt,284,15,0.18867790188337327,
4,XYt,285,15,0.18950708964763627,
4,XYt,286,15,0.18953064601259653,
4,XYt,287,15,0.18950157258899547,
4,XYt,288,15,0.1881335930722848,
4,XYt,289,15,0.1869424146469283,
4,XYt,290,15,0.1855071092526606,
4,XYt,291,15,0.1858438752368224,
4,XYt,292,15,0.18538674062454005,
4,XYt,293,15,0.18540536631577142,
4,XYt,294,15,0.1853982479042796,
4,XYt,295,15,0.18529120593608592,
4,XYt,296,15,0.1848978773074057,
4,XYt,297,15,0.18543589759113063,
4,XYt,298,15,0.1859373061986765,
4,XYt,299,15,0.1858244709753199,
4,XYt,300,15,0.18668567325229762,
4,XYt,301,15,0.1879872633600745,
4,XYt,302,15,0.1884078013480704,
4,XYt,303,15,0.18765770361343986,
4,XYt,304,15,0.18631361952326542,
4,XYt,305,15,0.18561133434006066,
4,XYt,306,15,0.18610495956177805,
4,XYt,307,15,0.18627100286027798,
4,XYt,308,15,0.1875393379591271,
4,XYt,309,15,0.18804310463306234,
4,XYt,310,15,0.18918158191551632,
4,XYt,311,15,0.18877071978303134,
4,XYt,312,15,0.1884899974322746,
4,XYt,313,15,0.18909502638834874,
4,XYt,314,15,0.1897564748757607,
4,XYt,315,15,0.18930599810658102,
4,XYt,316,15,0.18841966587148193,
4,XYt,317,15,0.1872525034216166,
4,XYt,318,15,0.1859953239589027,
4,XYt,319,15,0.18525097528120218,
4,XYt,320,15,0.18548040129663726,
4,XYt,321,15,0.18705991868222027,
4,XYt,322,15,0.18798712727514208,
4,XYt,323,15,0.19032884251204849,
4,XYt,324,15,0.19512006313691996,
4,XYt,325,15,0.23595401311523168,
4,XYt,326,15,0.2846927832907566,
4,XYt,327,15,0.2985635346478831,
4,XYt,328,15,0.30321820897572405,
4,XYt,329,15,0.30479130917425423,
4,XYt,330,15,0.3029933728311124,
4,XYt,331,15,0.30202721907368096,
4,XYt,332,15,0.30006100665193686,
4,XYt,333,15,0.3008416508484134,
4,XYt,334,15,0.3017586366151987,
4,XYt,335,15,0.30591889835191205,
4,XYt,336,15,0.3079645805240496,
4,XYt,337,15,0.310499453060574,
4,XYt,338,15,0.3123596550212178,
4,XYt,339,15,0.3189326817765461,
4,XYt,340,15,0.32753488429448924,
4,XYt,341,15,0.3333758777881843,
4,XYt,342,15,0.34097803062118687,
4,XYt,343,15,0.34974746720948585,
4,XYt,344,15,0.3537212893693261,
4,XYt,345,15,0.3575723635753498,
4,XYt,346,15,0.36069289942082544,
4,XYt,347,15,0.36391718141816104,
4,XYt,348,15,0.3664525301288134,
4,XYt,349,15,0.36886947233781825,
4,XYt,350,15,0.36915081370140723,
4,XYt,351,15,0.3713253441458918,
4,XYt,352,15,0.3748667879403455,
4,XYt,353,15,0.3763761136833186,
4,XYt,354,15,0.37571301619123476,
4,XYt,355,15,0.37500775271149767,
4,XYt,356,15,0.37174052991327583,
4,XYt,357,15,0.36295498576302687,
4,XYt,358,15,0.3471314973962328,
4,XYt,359,15,0.33555044063850353,
4,XYt,360,15,0.32745162820542106,
4,XYt,361,15,0.32110549321752746,
4,XYt,362,15,0.3145496141465163,
4,XYt,363,15,0.3146598041679955,
4,XYt,364,15,0.3687960462010821,
4,XYt,365,15,0.36916486852301056,
4,XYt,366,15,0.367439054676538,
4,XYt,367,15,0.36623009501757964,
4,XYt,368,15,0.3657144144640849,
4,XYt,369,15,0.36422482439327863,
4,XYt,370,15,0.36197025770581326,
4,XYt,371,15,0.3602845815408612,
4,XYt,372,15,0.35754655391696716,
4,XYt,373,15,0.35604773651281496,
4,XYt,374,15,0.35443460079270256,
4,XYt,375,15,0.35195146494631385,
4,XYt,376,15,0.3466617816445769,
4,XYt,377,15,0.3412079550095544,
4,XYt,378,15,0.3342013736179763,
4,XYt,379,15,0.3291437902143464,
4,XYt,380,15,0.3259210969114334,
4,XYt,381,15,0.32560288390328196,
4,XYt,382,15,0.3258708826986121,
4,XYt,383,15,0.3258334700817506,
4,XYt,384,15,0.32327054693993046,
4,XYt,385,15,0.31670859728790784,
4,XYt,386,15,0.3128520813953569,
4,XYt,387,15,0.31466649093139,
4,XYt,388,15,0.31537800583054,
4,XYt,389,15,0.31730455024620324,
4,XYt,390,15,0.31814671108019266,
4,XYt,391,15,0.3192566272752144,
4,XYt,392,15,0.3195608016869178,
4,XYt,393,15,0.32073502527750397,
4,XYt,394,15,0.32090328052122874,
4,XYt,395,15,0.32225881345945134,
4,XYt,396,15,0.324312005732262,
4,XYt,397,15,0.3269576714503136,
4,XYt,398,15,0.32792041483653056,
4,XYt,399,15,0.3282501552632492,
4,XYt,400,15,0.3277609149858674,
4,XYt,401,15,0.3272647345984724,
4,XYt,402,15,0.3254544469356961,
4,XYt,403,15,0.32449812043506965,
4,XYt,404,15,0.32388262132765944,
4,XYt,405,15,0.3238736516106139,
4,XYt,406,15,0.32505333436507355,
4,XYt,407,15,0.32771144975596184,
4,XYt,408,15,0.3310853575938606,
4,XYt,409,15,0.33438473990798934,
4,XYt,410,15,0.33584625108307103,
4,XYt,411,15,0.33203482397943745,
4,XYt,412,15,0.3333284356517861,
4,XYt,413,15,0.33614836253894315,
4,XYt,414,15,0.3387723839839137,
4,XYt,415,15,0.3417102300414479,
4,XYt,416,15,0.3479945197218988,
4,XYt,417,15,0.35495592629955425,
4,XYt,418,15,0.3604676644433318,
4,XYt,419,15,0.3637680138411713,
4,XYt,420,15,0.36709394317349353,
4,XYt,421,15,0.3670382524458757,
4,XYt,422,15,0.3695806437097491,
4,XYt,423,15,0.3714019963586652,
4,XYt,424,15,0.3742554699577174,
4,XYt,425,15,0.37592188302576285,
4,XYt,426,15,0.3779134377686959,
4,XYt,427,15,0.37857862833269007,
4,XYt,428,15,0.3817753079237476,
4,XYt,429,15,0.3851920095345155,
4,XYt,430,15,0.3894095287584908,
4,XYt,431,15,0.3951816282178379,
4,XYt,432,15,0.40341734318273953,
4,XYt,433,15,0.41205413927467327,
4,XYt,434,15,0.422413373903729,
4,XYt,435,15,0.43493668277243297,
4,XYt,436,15,0.45335084405665427,
4,XYt,437,15,0.4648036786545035,
4,XYt,438,15,0.46851254237705275,
4,XYt,439,15,0.46976363688149864,
4,XYt,440,15,0.4718208043720174,
4,XYt,441,15,0.47357039562009656,
4,XYt,442,15,0.4751568901714822,
4,XYt,443,15,0.47495993911358175,
4,XYt,444,15,0.4739865175463771,
4,XYt,445,15,0.47151793420629445,
4,XYt,446,15,0.46854333291459044,
4,XYt,447,15,0.46633105444061074,
4,XYt,448,15,0.4638103087771631,
4,XYt,449,15,0.46106017485796574,
4,XYt,450,15,0.4579416830745133,
4,XYt,451,15,0.45284454922860157,
4,XYt,452,15,0.4466890294318979,
4,XYt,453,15,0.44050560247581594,
4,XYt,454,15,0.43111712428615123,
4,XYt,455,15,0.4215116351015657,
4,XYt,456,15,0.4162018777823949,
4,XYt,457,15,0.41506568942964295,
4,XYt,458,15,0.41564036649938607,
4,XYt,459,15,0.4170317779605033,
4,XYt,460,15,0.4193040594817161,
4,XYt,461,15,0.4210155519546851,
4,XYt,462,15,0.4226133913387504,
4,XYt,463,15,0.42415952124289236,
4,XYt,464,15,0.4278434713364772,
4,XYt,465,15,0.42904151883485575,
4,XYt,466,15,0.4116376310859345,
4,XYt,467,15,0.3618933669119831,
4,XYt,468,15,0.30092531545088846,
4,XYt,469,15,0.2619634285889685,
4,XYt,470,15,0.24975613044064784,
4,XYt,471,15,0.2472159274163849,
4,XYt,472,15,0.24682143418700273,
4,XYt,473,15,0.24596621266367336,
4,XYt,474,15,0.24566500610363845,
4,XYt,475,15,0.24532130568157806,
4,XYt,476,15,0.24511390477412318,
4,XYt,477,15,0.24427913515359345,
4,XYt,478,15,0.2440338962105213,
4,XYt,479,15,0.2431899674555674,
4,XYt,480,15,0.24252945559894257,
4,XYt,481,15,0.24193444720161167,
4,XYt,482,15,0.24190350258176982,
4,XYt,483,15,0.24210562600073962,
4,XYt,484,15,0.243118518057785,
4,XYt,485,15,0.24326037297298345,
4,XYt,486,15,0.242940721692961,
4,XYt,487,15,0.24240278394224915,
4,XYt,488,15,0.24254518172676184,
4,XYt,489,15,0.243531798743041,
4,XYt,490,15,0.24437702699382263,
4,XYt,491,15,0.2455561910061137,
4,XYt,492,15,0.24634122239128592,
4,XYt,493,15,0.24663279054893752,
4,XYt,494,15,0.24642434609735697,
4,XYt,495,15,0.24661728438820832,
4,XYt,496,15,0.2458233964450743,
4,XYt,497,15,0.24453244534209292,
4,XYt,498,15,0.24277435683865944,
4,XYt,499,15,0.24129164307276404,
4,XYt,500,15,0.23965656128400206,
4,XYt,501,15,0.23905952916747839,
4,XYt,502,15,0.23907670985339613,
4,XYt,503,15,0.2397744632389229,
4,XYt,504,15,0.24038807599953033,
4,XYt,505,15,0.24036471898032896,
4,XYt,506,15,0.2401454228183115,
4,XYt,507,15,0.2397674105851377,
4,XYt,508,15,0.24016717250054717,
4,XYt,509,15,0.24081958683191082,
4,XYt,510,15,0.2407648428111772,
4,XYt,511,15,0.24071401653238128,
4,XYt,512,15,0.24121129914604295,
4,XYt,513,15,0.24130523074243843,
4,XYt,514,15,0.2421193571481423,
4,XYt,515,15,0.24251148129443736,
4,XYt,516,15,0.24237935197039662,
4,XYt,517,15,0.24182552896035805,
4,XYt,518,15,0.24177791749545527,
4,XYt,519,15,0.24121100390922887,
4,XYt,520,15,0.24075692062165435,
4,XYt,521,15,0.2394315006462418,
4,XYt,522,15,0.23754625906516677,
4,XYt,523,15,0.23551261868426984,
4,XYt,524,15,0.23454474224331484,
4,XYt,525,15,0.23341120475475177,
4,XYt,526,15,0.23271796006209367,
4,XYt,527,15,0.23202281142606032,
4,XYt,528,15,0.23043591209500044,
4,XYt,529,15,0.2278918065673429,
4,XYt,530,15,0.22638930332252813,
4,XYt,531,15,0.22825480536765522,
4,XYt,532,15,0.23649791004771065,
4,XYt,533,15,0.2553725769642671,
4,XYt,534,15,0.29324534982033396,
4,XYt,535,15,0.34703108643152536,
4,XYt,536,15,0.3919671137078452,
4,XYt,537,15,0.42309822964814153,
4,XYt,538,15,0.4337934076166607,
4,XYt,539,15,0.4348214787740486,
4,XYt,540,15,0.4319987950540929,
4,XYt,541,15,0.4263680020428649,
4,XYt,542,15,0.4201110057910351,
4,XYt,543,15,0.41596467939646486,
4,XYt,544,15,0.4118856773016465,
4,XYt,545,15,0.4095443482468911,
4,XYt,546,15,0.409201914223512,
4,XYt,547,15,0.4069239995418649,
4,XYt,548,15,0.3988631266157627,
4,XYt,549,15,0.39159601073917816,
4,XYt,550,15,0.385728827284942,
4,XYt,551,15,0.3817541789880546,
4,XYt,552,15,0.37893297686193417,
4,XYt,553,15,0.37778968614021063,
4,XYt,554,15,0.37713798916114066,
4,XYt,555,15,0.3764050696948304,
4,XYt,556,15,0.37504303258587907,
4,XYt,557,15,0.37326072585828374,
4,XYt,558,15,0.3700845320063223,
4,XYt,559,15,0.3643732367769054,
4,XYt,560,15,0.3548314197617644,
4,XYt,561,15,0.3432798763134272,
4,XYt,562,15,0.33684741092341763,
4,XYt,563,15,0.335096521396245,
4,XYt,564,15,0.33298303733355783,
4,XYt,565,15,0.32824326434131196,
4,XYt,566,15,0.3210982889234105,
4,XYt,567,15,0.3144701706595924,
4,XYt,568,15,0.3081420774414921,
4,XYt,569,15,0.3021289030865698,
4,XYt,570,15,0.2956960319527508,
4,XYt,571,15,0.28816533998286076,
4,XYt,572,15,0.2818851241409149,
4,XYt,573,15,0.2786264592922111,
4,XYt,574,15,0.2787866797665024,
4,XYt,575,15,0.2806822087568876,
4,XYt,576,15,0.2837566686228544,
4,XYt,577,15,0.28682738961191245,
4,XYt,578,15,0.2890057028710947,
4,XYt,579,15,0.291023747461934,
4,XYt,580,15,0.2931223780283669,
4,XYt,581,15,0.29573114145643103,
4,XYt,582,15,0.2959410865961395,
4,XYt,583,15,0.2947838501645573,
4,XYt,584,15,0.29282485267821395,
4,XYt,585,15,0.2902844832825865,
4,XYt,586,15,0.28764851031847216,
4,XYt,587,15,0.28592454130441436,
4,XYt,588,15,0.28037115833162346,
4,XYt,589,15,0.2721036578191894,
4,XYt,590,15,0.2624256672513796,
4,XYt,591,15,0.2543663266296991,
4,XYt,592,15,0.2501104978427721,
4,XYt,593,15,0.24876248771972023,
4,XYt,594,15,0.2488444306676833,
4,XYt,595,15,0.2494814158693984,
4,XYt,596,15,0.25045552122285986,
4,XYt,597,15,0.25168741419123425,
4,XYt,598,15,0.2531822761483967,
4,XYt,599,15,0.2549277535075359,
4,XYt,600,15,0.2574531312188265,
4,XYt,601,15,0.2610840065866332,
4,XYt,602,15,0.26423437429798785,
4,XYt,603,15,0.2659601955676794,
4,XYt,604,15,0.2672551587229769,
4,XYt,605,15,0.2676982649809458,
4,XYt,606,15,0.26779043120508017,
4,XYt,607,15,0.2677733570333706,
4,XYt,608,15,0.2673966761945805,
4,XYt,609,15,0.26684424821782066,
4,XYt,610,15,0.2648411389947693,
4,XYt,611,15,0.2621701220442556,
4,XYt,612,15,0.25865530322922103,
4,XYt,613,15,0.254878386248986,
4,XYt,614,15,0.2512559712694801,
4,XYt,615,15,0.24826623725547242,
4,XYt,616,15,0.24581776557982882,
4,XYt,617,15,0.24444255942473592,
4,XYt,618,15,0.2442281576585991,
4,XYt,619,15,0.24559002367851812,
4,XYt,620,15,0.24617227411552028,
4,XYt,621,15,0.24836995915407367,
4,XYt,622,15,0.25383395812641457,
4,XYt,623,15,0.2618695837287598,
4,XYt,624,15,0.2701295213501113,
4,XYt,625,15,0.27986202438355806,
4,XYt,626,15,0.28635216079541304,
4,XYt,627,15,0.29037890073996936,
4,XYt,628,15,0.2934380213990061,
4,XYt,629,15,0.29527353990008465,
4,XYt,630,15,0.2957446948669737,
4,XYt,631,15,0.2942064719586045,
4,XYt,632,15,0.2919611478473281,
4,XYt,633,15,0.2892750536132774,
4,XYt,634,15,0.2868220927520589,
4,XYt,635,15,0.28317758388999625,
4,XYt,636,15,0.2793198314745962,
4,XYt,637,15,0.2756805102805119,
4,XYt,638,15,0.2734100323863185,
4,XYt,639,15,0.2722157796038982,
4,XYt,640,15,0.2739951610832926,
4,XYt,641,15,0.27906028290550094,
4,XYt,642,15,0.28545908101312856,
4,XYt,643,15,0.2910650111597098,
4,XYt,644,15,0.29571327958498705,
4,XYt,645,15,0.3002912095087233,
4,XYt,646,15,0.3058243473023298,
4,XYt,647,15,0.31264896674004544,
4,XYt,648,15,0.3183284130008755,
4,XYt,649,15,0.323386047029222,
4,XYt,650,15,0.3270048266957738,
4,XYt,651,15,0.33003032180327074,
4,XYt,652,15,0.339380052662442,
4,XYt,653,15,0.3489107613300226,
4,XYt,654,15,0.3538578823262037,
4,XYt,655,15,0.3560938717780419,
4,XYt,656,15,0.3580651656940576,
4,XYt,657,15,0.36078968117691756,
4,XYt,658,15,0.3632230439952516,
4,XYt,659,15,0.36562047806707215,
4,XYt,660,15,0.36833414557752714,
4,XYt,661,15,0.37139610818631075,
4,XYt,662,15,0.3754035438416775,
4,XYt,663,15,0.3807434150465396,
4,XYt,664,15,0.3880003179727899,
4,XYt,665,15,0.3968609010803586,
4,XYt,666,15,0.4047909614320247,
4,XYt,667,15,0.41074225632589045,
4,XYt,668,15,0.4157833211457392,
4,XYt,669,15,0.4208893237853846,
4,XYt,670,15,0.4263161258797812,
4,XYt,671,15,0.4291039446094937,
4,XYt,672,15,0.42618239110997874,
4,XYt,673,15,0.4129413409410518,
4,XYt,674,15,0.3923649603004933,
4,XYt,675,15,0.3704856208916446,
4,XYt,676,15,0.34507994531209063,
4,XYt,677,15,0.31236943772343406,
4,XYt,678,15,0.27834782301504496,
4,XYt,679,15,0.25237014518298706,
4,XYt,680,15,0.23551985348863055,
4,XYt,681,15,0.22354386107803778,
4,XYt,682,15,0.2158681219060972,
4,XYt,683,15,0.21109373942105863,
4,XYt,684,15,0.2091171678449352,
4,XYt,685,15,0.20812893261380616,
4,XYt,686,15,0.20895675989167084,
4,XYt,687,15,0.21036382445037283,
4,XYt,688,15,0.2125906519237069,
4,XYt,689,15,0.21451565716271373,
4,XYt,690,15,0.2160132304977214,
4,XYt,691,15,0.21740335664406715,
4,XYt,692,15,0.2181364620289221,
4,XYt,693,15,0.21887063537105114,
4,XYt,694,15,0.2190756955214735,
4,XYt,695,15,0.21994691393646915,
4,XYt,696,15,0.22037572017867302,
4,XYt,697,15,0.2208177064617194,
4,XYt,698,15,0.22076304784499554,
4,XYt,699,15,0.22142043941459194,
4,XYt,700,15,0.22102443831189308,
4,XYt,701,15,0.22126324318374047,
4,XYt,702,15,0.22064594168248358,
4,XYt,703,15,0.22087467780210315,
4,XYt,704,15,0.22048505756855713,
4,XYt,705,15,0.22035551813554252,
4,XYt,706,15,0.2198711254145173,
4,XYt,707,15,0.2193886736993334,
4,XYt,708,15,0.21816925614690624,
4,XYt,709,15,0.22848825383114693,
4,XYt,710,15,0.21513291193971879,
4,XYt,711,15,0.2588468398016472,
4,XYt,712,15,0.2507948334389144,
4,XYt,713,15,0.24899820711330742,
4,XYt,714,15,0.23927602678648546,
4,XYt,715,15,0.226228760622019,
4,XYt,716,15,0.21243528116605526,
4,XYt,717,15,0.1962078873615861,
4,XYt,718,15,0.18789066925961817,
4,XYt,719,15,0.19294760068297231,
4,XYt,720,15,0.2078014392964926,
4,XYt,721,15,0.22297329139804248,
4,XYt,722,15,0.23844881362030576,
4,XYt,723,15,0.2580639273466632,
4,XYt,724,15,0.2858721833331785,
4,XYt,725,15,0.30907643246427186,
4,XYt,726,15,0.3243414811375351,
4,XYt,727,15,0.3244401753941653,
4,YZt,0,15,0.19579289067021324,
4,YZt,1,15,0.36748761981870487,
4,YZt,2,15,0.27685201205745635,
4,YZt,3,15,0.24852249994426928,
4,YZt,4,15,0.24788234746210835,
4,YZt,5,15,0.2952469975198639,
4,YZt,6,15,0.282534120096309,
4,YZt,7,15,0.3235928152764113,
4,YZt,8,15,0.3243377604675894,
4,YZt,9,15,0.3464898290646601,
4,YZt,10,15,0.33789994529088674,
4,YZt,11,15,0.3501757633778361,
4,YZt,12,15,0.34203461460985873,
4,YZt,13,15,0.3476164522589859,
4,YZt,14,15,0.35055235263120205,
4,YZt,15,15,0.35011763247691674,
4,YZt,16,15,0.3564035375116522,
4,YZt,17,15,0.35059259168167967,
4,YZt,18,15,0.3581920182875599,
4,YZt,19,15,0.36281383419894314,
4,YZt,20,15,0.3591455952349517,
4,YZt,21,15,0.3647139022993827,
4,YZt,22,15,0.3653818896336879,
4,YZt,23,15,0.361466445073,
4,YZt,24,15,0.37752685732519553,
4,YZt,25,15,0.37366588862545275,
4,YZt,26,15,0.3731907178459158,
4,YZt,27,15,0.37737199779663005,
4,YZt,28,15,0.3859775104399877,
4,YZt,29,15,0.37651386525250635,
4,YZt,30,15,0.3850746113898785,
4,YZt,31,15,0.3899452973204067,
4,YZt,32,15,0.38272659334745507,
4,YZt,33,15,0.3893739140587236,
4,YZt,34,15,0.39460519223447493,
4,YZt,35,15,0.3976045901011675,
4,YZt,36,15,0.39780970853734937,
4,YZt,37,15,0.3917758570601609,
4,YZt,38,15,0.3928649281084518,
4,YZt,39,15,0.393000577096397,
4,YZt,40,15,0.3927522181478344,
4,YZt,41,15,0.3860886391058636,
4,YZt,42,15,0.38098289751810493,
4,YZt,43,15,0.3698994368698661,
4,YZt,44,15,0.35951531326479147,
4,YZt,45,15,0.3474073749566101,
4,YZt,46,15,0.33525804684871086,
4,YZt,47,15,0.32814622591601866,
4,YZt,48,15,0.32340106596471263,
4,YZt,49,15,0.3190458184030822,
4,YZt,50,15,0.31539211179996424,
4,YZt,51,15,0.3139426388290062,
4,YZt,52,15,0.30916900133684305,
4,YZt,53,15,0.3052806900040508,
4,YZt,54,15,0.3089250614761832,
4,YZt,55,15,0.3125620118442609,
4,YZt,56,15,0.3153353745724175,
4,YZt,57,15,0.317548851268798,
4,YZt,58,15,0.3282410791928578,
4,YZt,59,15,0.3365465016437838,
4,YZt,60,15,0.34128372586089917,
4,YZt,61,15,0.354084868082593,
4,YZt,62,15,0.36704871777192893,
4,YZt,63,15,0.37149699502040046,
4,YZt,64,15,0.37913225041970183,
4,YZt,65,15,0.36708591310708866,
4,YZt,66,15,0.335778193398222,
4,YZt,67,15,0.2913712321608676,
4,YZt,68,15,0.2507578639767879,
4,YZt,69,15,0.2258126847604871,
4,YZt,70,15,0.20817269365423163,
4,YZt,71,15,0.19652829623473927,
4,YZt,72,15,0.1879138253805076,
4,YZt,73,15,0.18007780167328902,
4,YZt,74,15,0.17384069206270233,
4,YZt,75,15,0.17058276727331886,
4,YZt,76,15,0.1662666717925183,
4,YZt,77,15,0.1634526528905607,
4,YZt,78,15,0.16118357881262077,
4,YZt,79,15,0.15999971586628448,
4,YZt,80,15,0.15950478506798813,
4,YZt,81,15,0.16100073124330228,
4,YZt,82,15,0.1616865835819431,
4,YZt,83,15,0.1656827615180434,
4,YZt,84,15,0.16829919033274804,
4,YZt,85,15,0.17005484883940564,
4,YZt,86,15,0.17305071673299732,
4,YZt,87,15,0.17487782937315977,
4,YZt,88,15,0.17881252594211552,
4,YZt,89,15,0.1817523191652272,
4,YZt,90,15,0.18405053225670068,
4,YZt,91,15,0.18790024807889172,
4,YZt,92,15,0.19035637128183663,
4,YZt,93,15,0.19208928002314873,
4,YZt,94,15,0.1954271933602589,
4,YZt,95,15,0.19821241579037197,
4,YZt,96,15,0.20074791028049857,
4,YZt,97,15,0.2024890051822059,
4,YZt,98,15,0.20694050642461062,
4,YZt,99,15,0.2102157946230807,
4,YZt,100,15,0.2125064508075135,
4,YZt,101,15,0.21489799516262661,
4,YZt,102,15,0.21949046384176857,
4,YZt,103,15,0.22337072150740983,
4,YZt,104,15,0.22724696214007897,
4,YZt,105,15,0.2298894561449506,
4,YZt,106,15,0.23508347677234093,
4,YZt,107,15,0.24166385776050467,
4,YZt,108,15,0.2481465638539828,
4,YZt,109,15,0.2553724762167269,
4,YZt,110,15,0.26279740237748495,
4,YZt,111,15,0.26891728103905255,
4,YZt,112,15,0.2775456569439352,
4,YZt,113,15,0.28350666339354264,
4,YZt,114,15,0.2871485463972498,
4,YZt,115,15,0.2895532995564861,
4,YZt,116,15,0.29318280380827727,
4,YZt,117,15,0.2970362691347511,
4,YZt,118,15,0.3014509803390776,
4,YZt,119,15,0.30364327563730537,
4,YZt,120,15,0.30451398261455714,
4,YZt,121,15,0.30413228596758224,
4,YZt,122,15,0.30056931165493433,
4,YZt,123,15,0.2949134265564269,
4,YZt,124,15,0.2884794610481851,
4,YZt,125,15,0.28155421567185757,
4,YZt,126,15,0.2766085591414749,
4,YZt,127,15,0.2735202802728586,
4,YZt,128,15,0.27149444841879355,
4,YZt,129,15,0.27019415719587647,
4,YZt,130,15,0.26986370173985985,
4,YZt,131,15,0.2697698642846221,
4,YZt,132,15,0.270420111339911,
4,YZt,133,15,0.27100428058328935,
4,YZt,134,15,0.27064829280449,
4,YZt,135,15,0.2713356979668474,
4,YZt,136,15,0.27115698751900075,
4,YZt,137,15,0.2704349154198005,
4,YZt,138,15,0.27087092345493846,
4,YZt,139,15,0.2699275925318043,
4,YZt,140,15,0.2710191825877511,
4,YZt,141,15,0.27087720951557726,
4,YZt,142,15,0.26935626502135324,
4,YZt,143,15,0.26633372953442824,
4,YZt,144,15,0.26333232406800605,
4,YZt,145,15,0.2598201094022414,
4,YZt,146,15,0.2557382082632085,
4,YZt,147,15,0.25120972399355584,
4,YZt,148,15,0.24712723946128978,
4,YZt,149,15,0.24517247262899003,
4,YZt,150,15,0.2431381335335399,
4,YZt,151,15,0.24065783442960995,
4,YZt,152,15,0.23876968560333367,
4,YZt,153,15,0.23645748926140572,
4,YZt,154,15,0.23362727028395877,
4,YZt,155,15,0.23310854921652427,
4,YZt,156,15,0.2296120791658005,
4,YZt,157,15,0.224208056194787,
4,YZt,158,15,0.21659569541316506,
4,YZt,159,15,0.21064605123477056,
4,YZt,160,15,0.2046514661208093,
4,YZt,161,15,0.19853984301586342,
4,YZt,162,15,0.19186341016207445,
4,YZt,163,15,0.1884849525628551,
4,YZt,164,15,0.18422807003089717,
4,YZt,165,15,0.17977108730089508,
4,YZt,166,15,0.17582276799537044,
4,YZt,167,15,0.17233047378321506,
4,YZt,168,15,0.16803983064679234,
4,YZt,169,15,0.16207801166617752,
4,YZt,170,15,0.1587129887318881,
4,YZt,171,15,0.1541110312729664,
4,YZt,172,15,0.1494992086484551,
4,YZt,173,15,0.14839810897608105,
4,YZt,174,15,0.14782327570923565,
4,YZt,175,15,0.14857663077338462,
4,YZt,176,15,0.15034232328312636,
4,YZt,177,15,0.1509643964147861,
4,YZt,178,15,0.15529959741117058,
4,YZt,179,15,0.15851552719422696,
4,YZt,180,15,0.16395851767527747,
4,YZt,181,15,0.17002114034076063,
4,YZt,182,15,0.1783503568353272,
4,YZt,183,15,0.1889937757618336,
4,YZt,184,15,0.20504448074944703,
4,YZt,185,15,0.22910390657745913,
4,YZt,186,15,0.2662299501187601,
4,YZt,187,15,0.3234161177393951,
4,YZt,188,15,0.37849442459320537,
4,YZt,189,15,0.4154009010427358,
4,YZt,190,15,0.4350546587679363,
4,YZt,191,15,0.4307254912451328,
4,YZt,192,15,0.43723949061506684,
4,YZt,193,15,0.4296036333393179,
4,YZt,194,15,0.43120825141399693,
4,YZt,195,15,0.4293712968271932,
4,YZt,196,15,0.422456856163348,
4,YZt,197,15,0.4301114633507989,
4,YZt,198,15,0.426264858801007,
4,YZt,199,15,0.4222803584318631,
4,YZt,200,15,0.42456677985495256,
4,YZt,201,15,0.426230998891457,
4,YZt,202,15,0.4202479384920051,
4,YZt,203,15,0.4229317339520215,
4,YZt,204,15,0.42420264522992374,
4,YZt,205,15,0.42128236850773126,
4,YZt,206,15,0.41722113130696487,
4,YZt,207,15,0.4193397671489153,
4,YZt,208,15,0.42456556612724117,
4,YZt,209,15,0.4196211862377037,
4,YZt,210,15,0.41585049491161186,
4,YZt,211,15,0.41186709170545066,
4,YZt,212,15,0.4084478636963287,
4,YZt,213,15,0.4054567238098608,
4,YZt,214,15,0.409779287425624,
4,YZt,215,15,0.4127613070582156,
4,YZt,216,15,0.41057577113437355,
4,YZt,217,15,0.4094276141088605,
4,YZt,218,15,0.4040994937463971,
4,YZt,219,15,0.4040420853746473,
4,YZt,220,15,0.39617431424929067,
4,YZt,221,15,0.39152608432362057,
4,YZt,222,15,0.38926547986125537,
4,YZt,223,15,0.3943486307443716,
4,YZt,224,15,0.39566848678984096,
4,YZt,225,15,0.3950062547393679,
4,YZt,226,15,0.3882609418840465,
4,YZt,227,15,0.38170245896373906,
4,YZt,228,15,0.3895768475791381,
4,YZt,229,15,0.38381821325910465,
4,YZt,230,15,0.37491951824381176,
4,YZt,231,15,0.3851522978518781,
4,YZt,232,15,0.37571151210743553,
4,YZt,233,15,0.36930502744961285,
4,YZt,234,15,0.36887261308492486,
4,YZt,235,15,0.37484709549249784,
4,YZt,236,15,0.35811038238313375,
4,YZt,237,15,0.36110453309537316,
4,YZt,238,15,0.36031902446819586,
4,YZt,239,15,0.3556164513475742,
4,YZt,240,15,0.36020061266427716,
4,YZt,241,15,0.3520431601083717,
4,YZt,242,15,0.3474146470811428,
4,YZt,243,15,0.353177094534947,
4,YZt,244,15,0.3457549056841441,
4,YZt,245,15,0.3458260366641164,
4,YZt,246,15,0.34404954964636364,
4,YZt,247,15,0.33658449838314936,
4,YZt,248,15,0.34614054756262397,
4,YZt,249,15,0.33298578571051984,
4,YZt,250,15,0.3438807248673274,
4,YZt,251,15,0.32132126962031204,
4,YZt,252,15,0.32099599112000277,
4,YZt,253,15,0.2833956168184901,
4,YZt,254,15,0.2965258677338601,
4,YZt,255,15,0.24713544803646087,
4,YZt,256,15,0.24744958816234225,
4,YZt,257,15,0.27497499299742323,
4,YZt,258,15,0.3683286027817338,
4,YZt,259,15,0.20485211238821707,
4,XZt,0,15,0.19642077939543656,
4,XZt,1,15,0.3301765638236275,
4,XZt,2,15,0.25339445428234825,
4,XZt,3,15,0.2197238030303493,
4,XZt,4,15,0.218607977332496,
4,XZt,5,15,0.2782392225358268,
4,XZt,6,15,0.26588043090751795,
4,XZt,7,15,0.31215402269689874,
4,XZt,8,15,0.3187573979743629,
4,XZt,9,15,0.3411861479584555,
4,XZt,10,15,0.33364765996809975,
4,XZt,11,15,0.34524749233379554,
4,XZt,12,15,0.3393903691215552,
4,XZt,13,15,0.34661806248230975,
4,XZt,14,15,0.35048092911939066,
4,XZt,15,15,0.3490714303930706,
4,XZt,16,15,0.36030523122188296,
4,XZt,17,15,0.35671435933237455,
4,XZt,18,15,0.3610978990486192,
4,XZt,19,15,0.367501332275892,
4,XZt,20,15,0.3650313594874242,
4,XZt,21,15,0.3712135983351143,
4,XZt,22,15,0.3701823077975935,
4,XZt,23,15,0.3653793210404329,
4,XZt,24,15,0.38684968211806103,
4,XZt,25,15,0.3734270370425873,
4,XZt,26,15,0.375190063595944,
4,XZt,27,15,0.3817506036199696,
4,XZt,28,15,0.3883952063538148,
4,XZt,29,15,0.37975447330567846,
4,XZt,30,15,0.3885355541367764,
4,XZt,31,15,0.3951584159965189,
4,XZt,32,15,0.38718990448528,
4,XZt,33,15,0.3934170100557622,
4,XZt,34,15,0.3983822865544753,
4,XZt,35,15,0.39901566423713514,
4,XZt,36,15,0.39788662038533856,
4,XZt,37,15,0.3929379821739363,
4,XZt,38,15,0.3962831648111489,
4,XZt,39,15,0.40170057064630077,
4,XZt,40,15,0.4111266432385457,
4,XZt,41,15,0.41419910326292453,
4,XZt,42,15,0.4189701350318909,
4,XZt,43,15,0.4178884981336713,
4,XZt,44,15,0.4202464564225436,
4,XZt,45,15,0.41879270755640086,
4,XZt,46,15,0.4131577443654038,
4,XZt,47,15,0.4156316122875924,
4,XZt,48,15,0.4185910490568593,
4,XZt,49,15,0.42077452914700675,
4,XZt,50,15,0.4239432608391627,
4,XZt,51,15,0.4272395166570438,
4,XZt,52,15,0.4236054090638279,
4,XZt,53,15,0.4235808377312928,
4,XZt,54,15,0.42897560353806824,
4,XZt,55,15,0.4313180733152054,
4,XZt,56,15,0.4307706188336045,
4,XZt,57,15,0.43001360579633385,
4,XZt,58,15,0.43764734916818426,
4,XZt,59,15,0.439219012357284,
4,XZt,60,15,0.4396634523174271,
4,XZt,61,15,0.44294922221122457,
4,XZt,62,15,0.44497410920039193,
4,XZt,63,15,0.4406151232902486,
4,XZt,64,15,0.44563988247397657,
4,XZt,65,15,0.4457705668072255,
4,XZt,66,15,0.4429467257480007,
4,XZt,67,15,0.4445863494328537,
4,XZt,68,15,0.43331217775069003,
4,XZt,69,15,0.4277303302510664,
4,XZt,70,15,0.40690169363970163,
4,XZt,71,15,0.3876093102042023,
4,XZt,72,15,0.37129180902184233,
4,XZt,73,15,0.35165477937824957,
4,XZt,74,15,0.3345067660419293,
4,XZt,75,15,0.32122815299674523,
4,XZt,76,15,0.30648555425346463,
4,XZt,77,15,0.29436683505196953,
4,XZt,78,15,0.2818992113468676,
4,XZt,79,15,0.27170382011332705,
4,XZt,80,15,0.2608614647955021,
4,XZt,81,15,0.25378690763949446,
4,XZt,82,15,0.24506381564221782,
4,XZt,83,15,0.23960037096699538,
4,XZt,84,15,0.23407188003773455,
4,XZt,85,15,0.22854007987290642,
4,XZt,86,15,0.2260016292947285,
4,XZt,87,15,0.223128412197783,
4,XZt,88,15,0.2221923292458843,
4,XZt,89,15,0.221397683358655,
4,XZt,90,15,0.2196055986221963,
4,XZt,91,15,0.21919245444012198,
4,XZt,92,15,0.21883349418043405,
4,XZt,93,15,0.2162851876728121,
4,XZt,94,15,0.2151703723656812,
4,XZt,95,15,0.2138946608242075,
4,XZt,96,15,0.21225061386324234,
4,XZt,97,15,0.20934336670597417,
4,XZt,98,15,0.2084595505916156,
4,XZt,99,15,0.2061593320872501,
4,XZt,100,15,0.202888596746252,
4,XZt,101,15,0.19910395345842158,
4,XZt,102,15,0.1970386316207009,
4,XZt,103,15,0.19470760808604098,
4,XZt,104,15,0.1920238823334733,
4,XZt,105,15,0.18825290579321693,
4,XZt,106,15,0.18637553569362456,
4,XZt,107,15,0.18459015910994714,
4,XZt,108,15,0.18260225478668146,
4,XZt,109,15,0.18122886166387067,
4,XZt,110,15,0.17983212737880175,
4,XZt,111,15,0.17783804970359504,
4,XZt,112,15,0.17800634647853092,
4,XZt,113,15,0.17780645032518239,
4,XZt,114,15,0.17690901523651514,
4,XZt,115,15,0.1764411942768377,
4,XZt,116,15,0.17575601844324404,
4,XZt,117,15,0.1749964985000264,
4,XZt,118,15,0.17437567303746151,
4,XZt,119,15,0.1734092895623382,
4,XZt,120,15,0.1722951760970844,
4,XZt,121,15,0.17232709358809178,
4,XZt,122,15,0.17234083965948238,
4,XZt,123,15,0.17211526786724626,
4,XZt,124,15,0.17209132820835327,
4,XZt,125,15,0.1719724310022908,
4,XZt,126,15,0.1725818088739629,
4,XZt,127,15,0.1728452251212081,
4,XZt,128,15,0.1734584828501953,
4,XZt,129,15,0.17374279371756426,
4,XZt,130,15,0.17447164578867883,
4,XZt,131,15,0.1752405739752811,
4,XZt,132,15,0.17620717277769454,
4,XZt,133,15,0.17800224186765048,
4,XZt,134,15,0.1786138515936429,
4,XZt,135,15,0.18046880184054678,
4,XZt,136,15,0.18174149734208517,
4,XZt,137,15,0.18329589179730826,
4,XZt,138,15,0.1844338893941079,
4,XZt,139,15,0.18531420529560014,
4,XZt,140,15,0.18717904203673447,
4,XZt,141,15,0.18906060821340157,
4,XZt,142,15,0.19029698761811215,
4,XZt,143,15,0.19166087246218705,
4,XZt,144,15,0.19290928221244769,
4,XZt,145,15,0.1945330522763968,
4,XZt,146,15,0.19648687770816137,
4,XZt,147,15,0.1994898863772251,
4,XZt,148,15,0.2017429926020049,
4,XZt,149,15,0.20677517678604984,
4,XZt,150,15,0.21139805728671032,
4,XZt,151,15,0.2155553932927126,
4,XZt,152,15,0.22037142693513778,
4,XZt,153,15,0.22492579448403618,
4,XZt,154,15,0.22988627616419574,
4,XZt,155,15,0.23745426815868592,
4,XZt,156,15,0.24391740336794895,
4,XZt,157,15,0.2512556964572793,
4,XZt,158,15,0.25814875166284346,
4,XZt,159,15,0.26796885553303923,
4,XZt,160,15,0.27763651880409024,
4,XZt,161,15,0.2868822125394363,
4,XZt,162,15,0.2962634752237079,
4,XZt,163,15,0.30756425182227576,
4,XZt,164,15,0.31687332588743744,
4,XZt,165,15,0.3253818601321051,
4,XZt,166,15,0.33381617519244006,
4,XZt,167,15,0.3427780128223504,
4,XZt,168,15,0.34911378035284146,
4,XZt,169,15,0.3545093191169841,
4,XZt,170,15,0.36211891612175967,
4,XZt,171,15,0.36629752758140893,
4,XZt,172,15,0.36963547723813783,
4,XZt,173,15,0.3713721537572072,
4,XZt,174,15,0.3676935330964934,
4,XZt,175,15,0.36395451810396384,
4,XZt,176,15,0.3556698668596809,
4,XZt,177,15,0.3448148144531364,
4,XZt,178,15,0.3352234832082712,
4,XZt,179,15,0.32153672740424566,
4,XZt,180,15,0.31156495126525263,
4,XZt,181,15,0.30106272378078935,
4,XZt,182,15,0.29375086173823617,
4,XZt,183,15,0.28646501019363413,
4,XZt,184,15,0.28344328301849897,
4,XZt,185,15,0.2788402072453795,
4,XZt,186,15,0.27861988325517784,
4,XZt,187,15,0.28044036513914183,
4,XZt,188,15,0.2830020906517686,
4,XZt,189,15,0.28740118456856883,
4,XZt,190,15,0.2936314134074312,
4,XZt,191,15,0.29627338135059866,
4,XZt,192,15,0.30458794746310675,
4,XZt,193,15,0.3056011281333276,
4,XZt,194,15,0.306806421994874,
4,XZt,195,15,0.3048098820504204,
4,XZt,196,15,0.2993373330365814,
4,XZt,197,15,0.2989638533895577,
4,XZt,198,15,0.2952984169962148,
4,XZt,199,15,0.2898338419193028,
4,XZt,200,15,0.2900467269623998,
4,XZt,201,15,0.2880650632106544,
4,XZt,202,15,0.2837323508993307,
4,XZt,203,15,0.28474626055537866,
4,XZt,204,15,0.28418245122098995,
4,XZt,205,15,0.28237745298655936,
4,XZt,206,15,0.2792146415726871,
4,XZt,207,15,0.2804744674775685,
4,XZt,208,15,0.2827311864531129,
4,XZt,209,15,0.2810342243104457,
4,XZt,210,15,0.2811855929574017,
4,XZt,211,15,0.2840473098751561,
4,XZt,212,15,0.2881990567161764,
4,XZt,213,15,0.2964098518632778,
4,XZt,214,15,0.31196290025247964,
4,XZt,215,15,0.33046498178576056,
4,XZt,216,15,0.3512031579764149,
4,XZt,217,15,0.3741375031192423,
4,XZt,218,15,0.396141181937379,
4,XZt,219,15,0.419662537455904,
4,XZt,220,15,0.4366014108951104,
4,XZt,221,15,0.4479134708933131,
4,XZt,222,15,0.45614235714032314,
4,XZt,223,15,0.4635871516939765,
4,XZt,224,15,0.45880463658884796,
4,XZt,225,15,0.4510819417837558,
4,XZt,226,15,0.43532255619446103,
4,XZt,227,15,0.42250767021874847,
4,XZt,228,15,0.4272224210583355,
4,XZt,229,15,0.4179921019723719,
4,XZt,230,15,0.40619274204275563,
4,XZt,231,15,0.41297102465333824,
4,XZt,232,15,0.4040661431040753,
4,XZt,233,15,0.39729433792582636,
4,XZt,234,15,0.3975513149729041,
4,XZt,235,15,0.40557990093587426,
4,XZt,236,15,0.3832690314751975,
4,XZt,237,15,0.3892818563352568,
4,XZt,238,15,0.39190939579089434,
4,XZt,239,15,0.3834643640784571,
4,XZt,240,15,0.3876439683716238,
4,XZt,241,15,0.3807265939500899,
4,XZt,242,15,0.37383160563746576,
4,XZt,243,15,0.37729260036671675,
4,XZt,244,15,0.3676234206520881,
4,XZt,245,15,0.3705903699800578,
4,XZt,246,15,0.3635154953388499,
4,XZt,247,15,0.3560569300777813,
4,XZt,248,15,0.3650761174068851,
4,XZt,249,15,0.3475704137724803,
4,XZt,250,15,0.3571503088790566,
4,XZt,251,15,0.33907872196305816,
4,XZt,252,15,0.32760895702751414,
4,XZt,253,15,0.27865876515695487,
4,XZt,254,15,0.28740926697067537,
4,XZt,255,15,0.23002809963872775,
4,XZt,256,15,0.2349898283800402,
4,XZt,257,15,0.26912531934075357,
4,XZt,258,15,0.34352737470046024,
4,XZt,259,15,0.18128915022683822,
5,XYt,0,15,0.18679689185100418,
5,XYt,1,15,0.17531764621839327,
5,XYt,2,15,0.16913062285559838,
5,XYt,3,15,0.16902867004664682,
5,XYt,4,15,0.17135218303209807,
5,XYt,5,15,0.16815516887649914,
5,XYt,6,15,0.16448764913220132,
5,XYt,7,15,0.15939542434276813,
5,XYt,8,15,0.15496261689352167,
5,XYt,9,15,0.15422962165315204,
5,XYt,10,15,0.15549172000304787,
5,XYt,11,15,0.1562256360369546,
5,XYt,12,15,0.15529928969160178,
5,XYt,13,15,0.15271682224626798,
5,XYt,14,15,0.14844821884161585,
5,XYt,15,15,0.1416722364492757,
5,XYt,16,15,0.1294575859180366,
5,XYt,17,15,0.11510072338214289,
5,XYt,18,15,0.11514641678170934,
5,XYt,19,15,0.1251470668856291,
5,XYt,20,15,0.13713816723612562,
5,XYt,21,15,0.14674056588685605,
5,XYt,22,15,0.15313056640068914,
5,XYt,23,15,0.155947576803281,
5,XYt,24,15,0.15538542841570957,
5,XYt,25,15,0.15212645172635275,
5,XYt,26,15,0.14659242620901555,
5,XYt,27,15,0.13971051295191492,
5,XYt,28,15,0.13251846759798303,
5,XYt,29,15,0.12596377514666943,
5,XYt,30,15,0.12103542381273423,
5,XYt,31,15,0.11901101567666794,
5,XYt,32,15,0.1197967011884044,
5,XYt,33,15,0.1236905817774737,
5,XYt,34,15,0.13138658139365214,
5,XYt,35,15,0.14451136692816563,
5,XYt,36,15,0.1661145278682716,
5,XYt,37,15,0.20036636280552142,
5,XYt,38,15,0.25297674398011677,
5,XYt,39,15,0.3305794120074207,
5,XYt,40,15,0.4360954071942256,
5,XYt,41,15,0.556700066201899,
5,XYt,42,15,0.666279274939832,
5,XYt,43,15,0.7249297941899405,
5,XYt,44,15,0.7624554520601126,
5,XYt,45,15,0.7856617632256856,
5,XYt,46,15,0.7700312696334947,
5,XYt,47,15,0.7094357827038618,
5,XYt,48,15,0.6593288146648717,
5,XYt,49,15,0.6359047738818706,
5,XYt,50,15,0.6299135243640589,
5,XYt,51,15,0.63354649617034,
5,XYt,52,15,0.641912345195798,
5,XYt,53,15,0.6509242594063637,
5,XYt,54,15,0.6540537973487855,
5,XYt,55,15,0.6410548496436934,
5,XYt,56,15,0.6028528212465849,
5,XYt,57,15,0.5505756823724375,
5,XYt,58,15,0.5032990677873767,
5,XYt,59,15,0.47253674932836043,
5,XYt,60,15,0.4548270044174187,
5,XYt,61,15,0.4452976308222161,
5,XYt,62,15,0.44053670487001717,
5,XYt,63,15,0.43977839781980954,
5,XYt,64,15,0.4414103246045363,
5,XYt,65,15,0.4454656836199167,
5,XYt,66,15,0.4494012998974557,
5,XYt,67,15,0.45266759006514873,
5,XYt,68,15,0.45407388144490335,
5,XYt,69,15,0.4535917495266766,
5,XYt,70,15,0.45282529217927375,
5,XYt,71,15,0.45201958473191806,
5,XYt,72,15,0.4518351481501904,
5,XYt,73,15,0.449769864001121,
5,XYt,74,15,0.44769943824332376,
5,XYt,75,15,0.44317715471535524,
5,XYt,76,15,0.436962689901247,
5,XYt,77,15,0.42429751016688283,
5,XYt,78,15,0.40648010925532124,
5,XYt,79,15,0.38878676844226223,
5,XYt,80,15,0.3741104057710791,
5,XYt,81,15,0.3630376157841241,
5,XYt,82,15,0.3552478403569632,
5,XYt,83,15,0.349885863798682,
5,XYt,84,15,0.3455729123527489,
5,XYt,85,15,0.342255286086843,
5,XYt,86,15,0.33799700190684123,
5,XYt,87,15,0.33251559691209576,
5,XYt,88,15,0.3255634253804787,
5,XYt,89,15,0.32001254527910816,
5,XYt,90,15,0.31561724311514655,
5,XYt,91,15,0.3139332784031155,
5,XYt,92,15,0.312246441443942,
5,XYt,93,15,0.3098208760322043,
5,XYt,94,15,0.3069494703482903,
5,XYt,95,15,0.30586963811043916,
5,XYt,96,15,0.303761617218926,
5,XYt,97,15,0.30214397409268334,
5,XYt,98,15,0.3008863789323768,
5,XYt,99,15,0.3001934575081065,
5,XYt,100,15,0.2981211044873278,
5,XYt,101,15,0.29595177147373647,
5,XYt,102,15,0.294173901947888,
5,XYt,103,15,0.29142480277914345,
5,XYt,104,15,0.289037252802852,
5,XYt,105,15,0.28751393322665325,
5,XYt,106,15,0.28586767252236395,
5,XYt,107,15,0.2842075180270887,
5,XYt,108,15,0.2835134268089929,
5,XYt,109,15,0.28266655947936475,
5,XYt,110,15,0.28215455422852026,
5,XYt,111,15,0.2826167191113166,
5,XYt,112,15,0.2840928679252043,
5,XYt,113,15,0.2869774110202336,
5,XYt,114,15,0.2901877229922161,
5,XYt,115,15,0.2947404886718852,
5,XYt,116,15,0.30109253998438873,
5,XYt,117,15,0.30801809655173545,
5,XYt,118,15,0.31219446917751537,
5,XYt,119,15,0.3157731711938069,
5,XYt,120,15,0.3171747116001859,
5,XYt,121,15,0.313838923868377,
5,XYt,122,15,0.3130966158284947,
5,XYt,123,15,0.31453002553246323,
5,XYt,124,15,0.3160811791640768,
5,XYt,125,15,0.3171407576908089,
5,XYt,126,15,0.3189605564715728,
5,XYt,127,15,0.32224604479715246,
5,XYt,128,15,0.3262780830429356,
5,XYt,129,15,0.32960672193320395,
5,XYt,130,15,0.3316804692613365,
5,XYt,131,15,0.3327034012701337,
5,XYt,132,15,0.33503250223819186,
5,XYt,133,15,0.33969383003093895,
5,XYt,134,15,0.34590680267933205,
5,XYt,135,15,0.3527917986334527,
5,XYt,136,15,0.3614008947478528,
5,XYt,137,15,0.3695357146419752,
5,XYt,138,15,0.37935673470283277,
5,XYt,139,15,0.3902637026179424,
5,XYt,140,15,0.39542637731341473,
5,XYt,141,15,0.39277636224731444,
5,XYt,142,15,0.38898631133350126,
5,XYt,143,15,0.3861226708860072,
5,XYt,144,15,0.38445498411795137,
5,XYt,145,15,0.382850645280457,
5,XYt,146,15,0.3812801341357676,
5,XYt,147,15,0.3800978248484544,
5,XYt,148,15,0.37889073277507096,
5,XYt,149,15,0.37805783426033845,
5,XYt,150,15,0.37700116427804725,
5,XYt,151,15,0.3762881058102953,
5,XYt,152,15,0.37589093570439536,
5,XYt,153,15,0.37559572921722273,
5,XYt,154,15,0.3737868246829815,
5,XYt,155,15,0.3713813814950448,
5,XYt,156,15,0.36911316295798446,
5,XYt,157,15,0.36205803193695796,
5,XYt,158,15,0.3513573030971601,
5,XYt,159,15,0.3407022542982371,
5,XYt,160,15,0.3316646306863223,
5,XYt,161,15,0.3223427027416591,
5,XYt,162,15,0.3136703696011775,
5,XYt,163,15,0.30728680510371,
5,XYt,164,15,0.30149483401647503,
5,XYt,165,15,0.2954349410377869,
5,XYt,166,15,0.28813900198939274,
5,XYt,167,15,0.2795769432934756,
5,XYt,168,15,0.27162151429832637,
5,XYt,169,15,0.2671517434648071,
5,XYt,170,15,0.2647179983485861,
5,XYt,171,15,0.26322770925988315,
5,XYt,172,15,0.26230793806952635,
5,XYt,173,15,0.26109805742793657,
5,XYt,174,15,0.26016025813640764,
5,XYt,175,15,0.2592138748734105,
5,XYt,176,15,0.25732994577777324,
5,XYt,177,15,0.2554782352675203,
5,XYt,178,15,0.25465953785942014,
5,XYt,179,15,0.25358844531406394,
5,XYt,180,15,0.25107288740733863,
5,XYt,181,15,0.24898774729545148,
5,XYt,182,15,0.24838439284542826,
5,XYt,183,15,0.2478077353856265,
5,XYt,184,15,0.24802184168501007,
5,XYt,185,15,0.24744989719205449,
5,XYt,186,15,0.24563901201057384,
5,XYt,187,15,0.24305013591754812,
5,XYt,188,15,0.24285514722282522,
5,XYt,189,15,0.24417061652646,
5,XYt,190,15,0.2462966225715992,
5,XYt,191,15,0.24911614939300922,
5,XYt,192,15,0.2503638164691888,
5,XYt,193,15,0.24931127978319267,
5,XYt,194,15,0.2487697710014909,
5,XYt,195,15,0.250575197845386,
5,XYt,196,15,0.2550008579944818,
5,XYt,197,15,0.26116815110210106,
5,XYt,198,15,0.2670460443069258,
5,XYt,199,15,0.27143627905635154,
5,XYt,200,15,0.2752615137690889,
5,XYt,201,15,0.2760866190070472,
5,XYt,202,15,0.2754929445479852,
5,XYt,203,15,0.2760357106203091,
5,XYt,204,15,0.2764909162480707,
5,XYt,205,15,0.2780378854311732,
5,XYt,206,15,0.28184731665017715,
5,XYt,207,15,0.2878068356592122,
5,XYt,208,15,0.296197704956149,
5,XYt,209,15,0.30360298157881477,
5,XYt,210,15,0.3093566614853197,
5,XYt,211,15,0.31344016866804186,
5,XYt,212,15,0.3166412365028065,
5,XYt,213,15,0.32023305805788504,
5,XYt,214,15,0.32565130668433717,
5,XYt,215,15,0.33314307121515396,
5,XYt,216,15,0.34305499852834886,
5,XYt,217,15,0.35351747349686186,
5,XYt,218,15,0.36821750197652436,
5,XYt,219,15,0.3848158730771052,
5,XYt,220,15,0.3934941350537851,
5,XYt,221,15,0.3966841490252905,
5,XYt,222,15,0.4003453608296676,
5,XYt,223,15,0.4022889479138959,
5,XYt,224,15,0.4025983340618001,
5,XYt,225,15,0.4011946786234168,
5,XYt,226,15,0.39850124096591777,
5,XYt,227,15,0.3956883720574689,
5,XYt,228,15,0.392752452919801,
5,XYt,229,15,0.3896192969074497,
5,XYt,230,15,0.3864062937465117,
5,XYt,231,15,0.38089253376457805,
5,XYt,232,15,0.3733669003532744,
5,XYt,233,15,0.3646297215305708,
5,XYt,234,15,0.3545533082914962,
5,XYt,235,15,0.34319082935563006,
5,XYt,236,15,0.329010343365406,
5,XYt,237,15,0.31367268290638645,
5,XYt,238,15,0.3031705012214702,
5,XYt,239,15,0.2986606698289983,
5,XYt,240,15,0.2968988926747023,
5,XYt,241,15,0.2964510749559347,
5,XYt,242,15,0.2962483878370075,
5,XYt,243,15,0.29626812204075736,
5,XYt,244,15,0.29634930740391696,
5,XYt,245,15,0.29750348842389024,
5,XYt,246,15,0.29675708992832484,
5,XYt,247,15,0.29724192497779334,
5,XYt,248,15,0.29855747303952584,
5,XYt,249,15,0.29965142338545236,
5,XYt,250,15,0.3001545055063145,
5,XYt,251,15,0.30013703257452384,
5,XYt,252,15,0.30012462669072465,
5,XYt,253,15,0.3003343739678581,
5,XYt,254,15,0.3021277642814501,
5,XYt,255,15,0.30264998731172166,
5,XYt,256,15,0.3001706543629815,
5,XYt,257,15,0.2847678415449027,
5,XYt,258,15,0.24990665035735196,
5,XYt,259,15,0.20941056157498505,
5,XYt,260,15,0.18829681739791485,
5,XYt,261,15,0.18285981574482646,
5,XYt,262,15,0.18100511139011588,
5,XYt,263,15,0.18005637406377667,
5,XYt,264,15,0.18004736481688585,
5,XYt,265,15,0.17908131164789906,
5,XYt,266,15,0.1785966265053795,
5,XYt,267,15,0.17809448303738482,
5,XYt,268,15,0.17902300675231736,
5,XYt,269,15,0.1793687620454017,
5,XYt,270,15,0.1807819062177024,
5,XYt,271,15,0.18115130877905608,
5,XYt,272,15,0.18067088621663463,
5,XYt,273,15,0.1802792149717966,
5,XYt,274,15,0.18143452268855206,
5,XYt,275,15,0.182520465690965,
5,XYt,276,15,0.18283214605224796,
5,XYt,277,15,0.18240723415536447,
5,XYt,278,15,0.18173832543684684,
5,XYt,279,15,0.1809471067862645,
5,XYt,280,15,0.18021930130771385,
5,XYt,281,15,0.18025442423354826,
5,XYt,282,15,0.18108341416213677,
5,XYt,283,15,0.18294930345428093,
5,XYt,284,15,0.18480032544762565,
5,XYt,285,15,0.18576018085387802,
5,XYt,286,15,0.185725048007359,
5,XYt,287,15,0.18543221508735205,
5,XYt,288,15,0.18389399605098986,
5,XYt,289,15,0.18221990609117053,
5,XYt,290,15,0.18061440617929894,
5,XYt,291,15,0.18034564554808447,
5,XYt,292,15,0.1800653996854302,
5,XYt,293,15,0.1797439387684846,
5,XYt,294,15,0.17999856639684106,
5,XYt,295,15,0.17952094848662833,
5,XYt,296,15,0.1792847516509486,
5,XYt,297,15,0.17982072420541925,
5,XYt,298,15,0.18036514007978627,
5,XYt,299,15,0.18060746910049644,
5,XYt,300,15,0.1823088188767255,
5,XYt,301,15,0.18366499705525602,
5,XYt,302,15,0.18410802712399923,
5,XYt,303,15,0.18287101168946326,
5,XYt,304,15,0.18103182342853072,
5,XYt,305,15,0.18011552713741577,
5,XYt,306,15,0.1808042250018434,
5,XYt,307,15,0.18097635084249597,
5,XYt,308,15,0.18209879822049843,
5,XYt,309,15,0.182760567900072,
5,XYt,310,15,0.18422254170936242,
5,XYt,311,15,0.18389790241960907,
5,XYt,312,15,0.18363896546456795,
5,XYt,313,15,0.18420255461700444,
5,XYt,314,15,0.1850917046066828,
5,XYt,315,15,0.18450947969916748,
5,XYt,316,15,0.18328672564331927,
5,XYt,317,15,0.1818309838189381,
5,XYt,318,15,0.18041069695232878,
5,XYt,319,15,0.17944830640237602,
5,XYt,320,15,0.17960563043254157,
5,XYt,321,15,0.1814034239083024,
5,XYt,322,15,0.18247735148145422,
5,XYt,323,15,0.1848156395676022,
5,XYt,324,15,0.18851790603492793,
5,XYt,325,15,0.2314798919922506,
5,XYt,326,15,0.28263050843765164,
5,XYt,327,15,0.3010812829481791,
5,XYt,328,15,0.30882894185981175,
5,XYt,329,15,0.31185496609944274,
5,XYt,330,15,0.31027898112271624,
5,XYt,331,15,0.3090109204032366,
5,XYt,332,15,0.3066703358596626,
5,XYt,333,15,0.307931065908016,
5,XYt,334,15,0.30951606289466577,
5,XYt,335,15,0.3148786463471847,
5,XYt,336,15,0.3174465663019167,
5,XYt,337,15,0.32049231334024386,
5,XYt,338,15,0.3226279087777988,
5,XYt,339,15,0.329165503948385,
5,XYt,340,15,0.33739795048072974,
5,XYt,341,15,0.34234129438616434,
5,XYt,342,15,0.349697238675528,
5,XYt,343,15,0.3587821964869323,
5,XYt,344,15,0.3626565877080124,
5,XYt,345,15,0.36624175343060217,
5,XYt,346,15,0.36958043083280306,
5,XYt,347,15,0.3725725371954318,
5,XYt,348,15,0.3746227846095387,
5,XYt,349,15,0.37648904309570624,
5,XYt,350,15,0.3764660218477479,
5,XYt,351,15,0.3781181599635023,
5,XYt,352,15,0.38241370080581627,
5,XYt,353,15,0.38356033784360266,
5,XYt,354,15,0.38309852088175655,
5,XYt,355,15,0.38125369867944114,
5,XYt,356,15,0.37711871440972783,
5,XYt,357,15,0.36714777660318343,
5,XYt,358,15,0.350287413309395,
5,XYt,359,15,0.3384639330206803,
5,XYt,360,15,0.33046502574530806,
5,XYt,361,15,0.3243996644175355,
5,XYt,362,15,0.3194816303183503,
5,XYt,363,15,0.32051746518248936,
5,XYt,364,15,0.3539893528377994,
5,XYt,365,15,0.35748708487064135,
5,XYt,366,15,0.3570667981409752,
5,XYt,367,15,0.3561905565232166,
5,XYt,368,15,0.3567718982268885,
5,XYt,369,15,0.3553010325020918,
5,XYt,370,15,0.3529004405547938,
5,XYt,371,15,0.3509206667153154,
5,XYt,372,15,0.34755416318937815,
5,XYt,373,15,0.3453085958604869,
5,XYt,374,15,0.3435034929043346,
5,XYt,375,15,0.34122618569345803,
5,XYt,376,15,0.33584640619005424,
5,XYt,377,15,0.32986898308074647,
5,XYt,378,15,0.32243208427256514,
5,XYt,379,15,0.3168723103066013,
5,XYt,380,15,0.31308728133504343,
5,XYt,381,15,0.31279174219173667,
5,XYt,382,15,0.31394208744592395,
5,XYt,383,15,0.31382514046579946,
5,XYt,384,15,0.3104698360610042,
5,XYt,385,15,0.3030357854657676,
5,XYt,386,15,0.2994513143645172,
5,XYt,387,15,0.3017877550280062,
5,XYt,388,15,0.3025088796806145,
5,XYt,389,15,0.30466357147364476,
5,XYt,390,15,0.30582794170200817,
5,XYt,391,15,0.3070977139346308,
5,XYt,392,15,0.3076890558927075,
5,XYt,393,15,0.30900415872704423,
5,XYt,394,15,0.30894975522978285,
5,XYt,395,15,0.30995504690077985,
5,XYt,396,15,0.31211986268079434,
5,XYt,397,15,0.3146596000765115,
5,XYt,398,15,0.3162000197992748,
5,XYt,399,15,0.31690467698171476,
5,XYt,400,15,0.3166106381150351,
5,XYt,401,15,0.31596998827740663,
5,XYt,402,15,0.3137405702533713,
5,XYt,403,15,0.31228046872448656,
5,XYt,404,15,0.31121421577465563,
5,XYt,405,15,0.31112208379493583,
5,XYt,406,15,0.31290067224597556,
5,XYt,407,15,0.31579575528416265,
5,XYt,408,15,0.3196538419466229,
5,XYt,409,15,0.3233459643712464,
5,XYt,410,15,0.32505053013764895,
5,XYt,411,15,0.3204665293689081,
5,XYt,412,15,0.3220152010674038,
5,XYt,413,15,0.3251513621556192,
5,XYt,414,15,0.3283361932923218,
5,XYt,415,15,0.33158324952196727,
5,XYt,416,15,0.3381448749279953,
5,XYt,417,15,0.34592276047888804,
5,XYt,418,15,0.352061473764114,
5,XYt,419,15,0.3552897949684609,
5,XYt,420,15,0.3581607421081053,
5,XYt,421,15,0.35754018283929795,
5,XYt,422,15,0.36068412288800555,
5,XYt,423,15,0.3627137490230084,
5,XYt,424,15,0.36523828779852835,
5,XYt,425,15,0.3668483605042783,
5,XYt,426,15,0.3686440914182355,
5,XYt,427,15,0.36862338448111387,
5,XYt,428,15,0.371808287145407,
5,XYt,429,15,0.37544557311714327,
5,XYt,430,15,0.37974479031772473,
5,XYt,431,15,0.38527668652030755,
5,XYt,432,15,0.3933169871868095,
5,XYt,433,15,0.401714785911313,
5,XYt,434,15,0.4117393905493894,
5,XYt,435,15,0.4241440011050518,
5,XYt,436,15,0.44326529133534115,
5,XYt,437,15,0.4549910987337407,
5,XYt,438,15,0.4586584411264155,
5,XYt,439,15,0.46020730556705847,
5,XYt,440,15,0.46250174351429446,
5,XYt,441,15,0.4645875512775985,
5,XYt,442,15,0.466300382576162,
5,XYt,443,15,0.46667086053324086,
5,XYt,444,15,0.46560121522756653,
5,XYt,445,15,0.46329269034521325,
5,XYt,446,15,0.45978161061014705,
5,XYt,447,15,0.4570409585776305,
5,XYt,448,15,0.45339436364416064,
5,XYt,449,15,0.449933732089869,
5,XYt,450,15,0.44578582207169015,
5,XYt,451,15,0.43995693049696777,
5,XYt,452,15,0.432760203269115,
5,XYt,453,15,0.425278327472396,
5,XYt,454,15,0.41407318148556943,
5,XYt,455,15,0.40296039523842464,
5,XYt,456,15,0.39648923018760446,
5,XYt,457,15,0.394674420628528,
5,XYt,458,15,0.3946096697971908,
5,XYt,459,15,0.3946915955060546,
5,XYt,460,15,0.3947363581872222,
5,XYt,461,15,0.39419075011392424,
5,XYt,462,15,0.3927685566405231,
5,XYt,463,15,0.39191562066542684,
5,XYt,464,15,0.39373238348564943,
5,XYt,465,15,0.3951226774719375,
5,XYt,466,15,0.38185153017680845,
5,XYt,467,15,0.3362635309607399,
5,XYt,468,15,0.2754718829041596,
5,XYt,469,15,0.23848374822746507,
5,XYt,470,15,0.2292681262039267,
5,XYt,471,15,0.22783497749886747,
5,XYt,472,15,0.2269447091792276,
5,XYt,473,15,0.22530202552649764,
5,XYt,474,15,0.2239618803484355,
5,XYt,475,15,0.2222426041771846,
5,XYt,476,15,0.22103119500271337,
5,XYt,477,15,0.2195880907044573,
5,XYt,478,15,0.21882483992638202,
5,XYt,479,15,0.2177342561316566,
5,XYt,480,15,0.21689576939402344,
5,XYt,481,15,0.21629259774866932,
5,XYt,482,15,0.21650668161723993,
5,XYt,483,15,0.2168716857550615,
5,XYt,484,15,0.21777869502822533,
5,XYt,485,15,0.21787194169053278,
5,XYt,486,15,0.21745822838626613,
5,XYt,487,15,0.21669911243749795,
5,XYt,488,15,0.21691888144489205,
5,XYt,489,15,0.21817521377509286,
5,XYt,490,15,0.21938972317048355,
5,XYt,491,15,0.22083632162453373,
5,XYt,492,15,0.2213851033993886,
5,XYt,493,15,0.22173849351133268,
5,XYt,494,15,0.2217574747981573,
5,XYt,495,15,0.22167989380211367,
5,XYt,496,15,0.22084088741751248,
5,XYt,497,15,0.21914913122673987,
5,XYt,498,15,0.21704362258575097,
5,XYt,499,15,0.21500878544254207,
5,XYt,500,15,0.21278755351694487,
5,XYt,501,15,0.2121265886859949,
5,XYt,502,15,0.21240450200645114,
5,XYt,503,15,0.21318678830164078,
5,XYt,504,15,0.21386948463335131,
5,XYt,505,15,0.21388599716967344,
5,XYt,506,15,0.21365793559035348,
5,XYt,507,15,0.2132190580783822,
5,XYt,508,15,0.21388420926554932,
5,XYt,509,15,0.21451995293449744,
5,XYt,510,15,0.21447149752314554,
5,XYt,511,15,0.21441355785480073,
5,XYt,512,15,0.2151137529326957,
5,XYt,513,15,0.21543402055138788,
5,XYt,514,15,0.21618449585864588,
5,XYt,515,15,0.21639054716143555,
5,XYt,516,15,0.21618570575356344,
5,XYt,517,15,0.21561730036722673,
5,XYt,518,15,0.2151573687379771,
5,XYt,519,15,0.21432187041074105,
5,XYt,520,15,0.21373056195203483,
5,XYt,521,15,0.21226819511939934,
5,XYt,522,15,0.2101308308242864,
5,XYt,523,15,0.20845616181551407,
5,XYt,524,15,0.2083830968303082,
5,XYt,525,15,0.20837082991739722,
5,XYt,526,15,0.20865814342787342,
5,XYt,527,15,0.2090986510865575,
5,XYt,528,15,0.20836972166402212,
5,XYt,529,15,0.206657855608091,
5,XYt,530,15,0.20468946301787722,
5,XYt,531,15,0.2051084945914973,
5,XYt,532,15,0.21056023882651131,
5,XYt,533,15,0.22690207728325668,
5,XYt,534,15,0.26273075896190423,
5,XYt,535,15,0.3145135519935559,
5,XYt,536,15,0.35645979635849223,
5,XYt,537,15,0.3799108112911851,
5,XYt,538,15,0.386331589628086,
5,XYt,539,15,0.3862986110092685,
5,XYt,540,15,0.38465925399755213,
5,XYt,541,15,0.38022635705443253,
5,XYt,542,15,0.37510444677696303,
5,XYt,543,15,0.372770206619452,
5,XYt,544,15,0.3714049661898784,
5,XYt,545,15,0.3720976233131246,
5,XYt,546,15,0.3748205331729748,
5,XYt,547,15,0.37548374004613017,
5,XYt,548,15,0.36906936973620624,
5,XYt,549,15,0.3625546760076974,
5,XYt,550,15,0.35714279972146185,
5,XYt,551,15,0.3536775900500536,
5,XYt,552,15,0.35094425185080874,
5,XYt,553,15,0.3497625889346037,
5,XYt,554,15,0.3486870424569681,
5,XYt,555,15,0.3473703685806208,
5,XYt,556,15,0.34568604283536847,
5,XYt,557,15,0.3433560234347671,
5,XYt,558,15,0.33995072541170934,
5,XYt,559,15,0.3336826320249496,
5,XYt,560,15,0.3231148206460748,
5,XYt,561,15,0.3106691428228882,
5,XYt,562,15,0.30461041721656,
5,XYt,563,15,0.3044956433701081,
5,XYt,564,15,0.30381507789084083,
5,XYt,565,15,0.3007903057607507,
5,XYt,566,15,0.2946298642385874,
5,XYt,567,15,0.28886299943134286,
5,XYt,568,15,0.2830186721226187,
5,XYt,569,15,0.27733586122893533,
5,XYt,570,15,0.27080100455258516,
5,XYt,571,15,0.2627905085089913,
5,XYt,572,15,0.25578463830062415,
5,XYt,573,15,0.2521226257668381,
5,XYt,574,15,0.2517330972938899,
5,XYt,575,15,0.252992414874532,
5,XYt,576,15,0.2552034338950853,
5,XYt,577,15,0.2574269763487186,
5,XYt,578,15,0.25838815071894955,
5,XYt,579,15,0.2594142809929076,
5,XYt,580,15,0.26075587342166756,
5,XYt,581,15,0.26270272985678245,
5,XYt,582,15,0.2627882489795278,
5,XYt,583,15,0.26189151642862546,
5,XYt,584,15,0.26053699130963975,
5,XYt,585,15,0.25889375046365143,
5,XYt,586,15,0.25770800583376197,
5,XYt,587,15,0.2577008509355416,
5,XYt,588,15,0.25355204997950964,
5,XYt,589,15,0.24639367285692837,
5,XYt,590,15,0.23761764356587087,
5,XYt,591,15,0.23038909429818774,
5,XYt,592,15,0.2268326993151795,
5,XYt,593,15,0.2259736507451286,
5,XYt,594,15,0.22594420509966548,
5,XYt,595,15,0.2260754976415991,
5,XYt,596,15,0.22671518094280163,
5,XYt,597,15,0.22733103514084452,
5,XYt,598,15,0.2280324972106311,
5,XYt,599,15,0.22910517218409682,
5,XYt,600,15,0.2306579393995025,
5,XYt,601,15,0.23322277880846645,
5,XYt,602,15,0.23549924587344695,
5,XYt,603,15,0.2365185221806097,
5,XYt,604,15,0.23747938814943853,
5,XYt,605,15,0.23765347503253917,
5,XYt,606,15,0.23774923683433444,
5,XYt,607,15,0.23792288719804716,
5,XYt,608,15,0.23802484977265914,
5,XYt,609,15,0.2377520270105119,
5,XYt,610,15,0.23654932518049127,
5,XYt,611,15,0.23480058441238183,
5,XYt,612,15,0.23226682989717592,
5,XYt,613,15,0.22953870334367207,
5,XYt,614,15,0.2267145527231896,
5,XYt,615,15,0.22437490806556204,
5,XYt,616,15,0.22253263521058506,
5,XYt,617,15,0.22112002189083152,
5,XYt,618,15,0.22128327730143,
5,XYt,619,15,0.2225476695066583,
5,XYt,620,15,0.22239366157217147,
5,XYt,621,15,0.22411082805860197,
5,XYt,622,15,0.22898788334679274,
5,XYt,623,15,0.23619633164016574,
5,XYt,624,15,0.24315997867044897,
5,XYt,625,15,0.25181563954814484,
5,XYt,626,15,0.25715660734996726,
5,XYt,627,15,0.2598804062453644,
5,XYt,628,15,0.26220183571646977,
5,XYt,629,15,0.26362297793692185,
5,XYt,630,15,0.2639480703738693,
5,XYt,631,15,0.26247654583610713,
5,XYt,632,15,0.2603379518323486,
5,XYt,633,15,0.25827405177365415,
5,XYt,634,15,0.25627513736723995,
5,XYt,635,15,0.2533225980554435,
5,XYt,636,15,0.24990941675212852,
5,XYt,637,15,0.2471385304986239,
5,XYt,638,15,0.24552793054803812,
5,XYt,639,15,0.2449190071784788,
5,XYt,640,15,0.24696535714771958,
5,XYt,641,15,0.25252573156512154,
5,XYt,642,15,0.25959980764725954,
5,XYt,643,15,0.26579185839954833,
5,XYt,644,15,0.27039701332417954,
5,XYt,645,15,0.2748158029437566,
5,XYt,646,15,0.2797876769809133,
5,XYt,647,15,0.2853131040414461,
5,XYt,648,15,0.28946049568362175,
5,XYt,649,15,0.29261569036588764,
5,XYt,650,15,0.2948975855272548,
5,XYt,651,15,0.29689144567299086,
5,XYt,652,15,0.30648649124506916,
5,XYt,653,15,0.3168029324068283,
5,XYt,654,15,0.32176240090125185,
5,XYt,655,15,0.32385177893651756,
5,XYt,656,15,0.32555549440151527,
5,XYt,657,15,0.32766402586267235,
5,XYt,658,15,0.32957191244702894,
5,XYt,659,15,0.3311445239274292,
5,XYt,660,15,0.3325437398640743,
5,XYt,661,15,0.3338281307245441,
5,XYt,662,15,0.335340491633266,
5,XYt,663,15,0.3381174867865062,
5,XYt,664,15,0.34287901380337193,
5,XYt,665,15,0.3495225066404828,
5,XYt,666,15,0.35532238032287833,
5,XYt,667,15,0.35957207092476146,
5,XYt,668,15,0.3634730892008729,
5,XYt,669,15,0.36730072231598626,
5,XYt,670,15,0.3715269614927945,
5,XYt,671,15,0.373605576846623,
5,XYt,672,15,0.3712880682383946,
5,XYt,673,15,0.36175755047919134,
5,XYt,674,15,0.3449396193456933,
5,XYt,675,15,0.3247805990845765,
5,XYt,676,15,0.30117084375086856,
5,XYt,677,15,0.27156789297194306,
5,XYt,678,15,0.24110043094795539,
5,XYt,679,15,0.21826743773158594,
5,XYt,680,15,0.20352497110727932,
5,XYt,681,15,0.1936204908161132,
5,XYt,682,15,0.18776469240986352,
5,XYt,683,15,0.18463315282739862,
5,XYt,684,15,0.18351106861584024,
5,XYt,685,15,0.1835195261429102,
5,XYt,686,15,0.1845793218912626,
5,XYt,687,15,0.18610922008764233,
5,XYt,688,15,0.1881257968609403,
5,XYt,689,15,0.18973361687530957,
5,XYt,690,15,0.19105170117983436,
5,XYt,691,15,0.1919219629693186,
5,XYt,692,15,0.1921082924412754,
5,XYt,693,15,0.19201436381101467,
5,XYt,694,15,0.1913838342775729,
5,XYt,695,15,0.19130761253845058,
5,XYt,696,15,0.19074814522652458,
5,XYt,697,15,0.19077004398461941,
5,XYt,698,15,0.19044457397034972,
5,XYt,699,15,0.19070929827486388,
5,XYt,700,15,0.19043818755706765,
5,XYt,701,15,0.19086879588021569,
5,XYt,702,15,0.19058633617322868,
5,XYt,703,15,0.1909250582677311,
5,XYt,704,15,0.1912328485622937,
5,XYt,705,15,0.19147371254092996,
5,XYt,706,15,0.19156067329761628,
5,XYt,707,15,0.19146630494987624,
5,XYt,708,15,0.19075640070489738,
5,XYt,709,15,0.213943497521131,
5,XYt,710,15,0.19707366283471642,
5,XYt,711,15,0.23144493470555133,
5,XYt,712,15,0.2303141196841418,
5,XYt,713,15,0.2317737410529933,
5,XYt,714,15,0.2250108566178526,
5,XYt,715,15,0.21189877728694453,
5,XYt,716,15,0.1968174675788404,
5,XYt,717,15,0.18154156880861916,
5,XYt,718,15,0.1746726572562495,
5,XYt,719,15,0.1834748990403991,
5,XYt,720,15,0.203233863635372,
5,XYt,721,15,0.2229524078587223,
5,XYt,722,15,0.24151860406085002,
5,XYt,723,15,0.2638109037394483,
5,XYt,724,15,0.2943114791511812,
5,XYt,725,15,0.32289236762060414,
5,XYt,726,15,0.3409689626059267,
5,XYt,727,15,0.34117713522799725,
5,YZt,0,15,0.2901443580145656,
5,YZt,1,15,0.361497930385948,
5,YZt,2,15,0.281907540423445,
5,YZt,3,15,0.2566939961857916,
5,YZt,4,15,0.25758795087253844,
5,YZt,5,15,0.2947808150755985,
5,YZt,6,15,0.2744418598247358,
5,YZt,7,15,0.29875590310089956,
5,YZt,8,15,0.3085366645062477,
5,YZt,9,15,0.32104966000108787,
5,YZt,10,15,0.31209505540489657,
5,YZt,11,15,0.3184668908560476,
5,YZt,12,15,0.31566690176862283,
5,YZt,13,15,0.3165468144611649,
5,YZt,14,15,0.32208289659815054,
5,YZt,15,15,0.32525013077139464,
5,YZt,16,15,0.3294244288273019,
5,YZt,17,15,0.3278064992716816,
5,YZt,18,15,0.3347229785470235,
5,YZt,19,15,0.33865321711094504,
5,YZt,20,15,0.3400913105760951,
5,YZt,21,15,0.34699251945384135,
5,YZt,22,15,0.3516286567580467,
5,YZt,23,15,0.3482948864597696,
5,YZt,24,15,0.36095632944325357,
5,YZt,25,15,0.36501144418024073,
5,YZt,26,15,0.36379908587874565,
5,YZt,27,15,0.37127918670163196,
5,YZt,28,15,0.37793880603939434,
5,YZt,29,15,0.3741540286786043,
5,YZt,30,15,0.38027066603473453,
5,YZt,31,15,0.38824587571841007,
5,YZt,32,15,0.38674016474128803,
5,YZt,33,15,0.3918579297532222,
5,YZt,34,15,0.39674542644576966,
5,YZt,35,15,0.40222759775476213,
5,YZt,36,15,0.40578408904243013,
5,YZt,37,15,0.4027079523975997,
5,YZt,38,15,0.40279483041273995,
5,YZt,39,15,0.4004067975967412,
5,YZt,40,15,0.39721012439341574,
5,YZt,41,15,0.38893135839523885,
5,YZt,42,15,0.3831026071061399,
5,YZt,43,15,0.3708857017130393,
5,YZt,44,15,0.3594937594889467,
5,YZt,45,15,0.34770826738165195,
5,YZt,46,15,0.3357220188095194,
5,YZt,47,15,0.32681876127728404,
5,YZt,48,15,0.32061885767474035,
5,YZt,49,15,0.31653771059671554,
5,YZt,50,15,0.31323326047823413,
5,YZt,51,15,0.3103253925157776,
5,YZt,52,15,0.3078065625011997,
5,YZt,53,15,0.30781559924549157,
5,YZt,54,15,0.31147791984748024,
5,YZt,55,15,0.31576063929751236,
5,YZt,56,15,0.3198156288246655,
5,YZt,57,15,0.32761421457705925,
5,YZt,58,15,0.33905042494412163,
5,YZt,59,15,0.3487267029072138,
5,YZt,60,15,0.3587731389087595,
5,YZt,61,15,0.37320926676105337,
5,YZt,62,15,0.38756190374252825,
5,YZt,63,15,0.39466332341038296,
5,YZt,64,15,0.3927889391441351,
5,YZt,65,15,0.3710324802458459,
5,YZt,66,15,0.33214766135392004,
5,YZt,67,15,0.28492605720529995,
5,YZt,68,15,0.24486769065403519,
5,YZt,69,15,0.21926721887784842,
5,YZt,70,15,0.20137653594553873,
5,YZt,71,15,0.1892400113154427,
5,YZt,72,15,0.1803017897822778,
5,YZt,73,15,0.17320300017457188,
5,YZt,74,15,0.16684617722047498,
5,YZt,75,15,0.16388521584333043,
5,YZt,76,15,0.15958811621687935,
5,YZt,77,15,0.15707968963775207,
5,YZt,78,15,0.1549287064706915,
5,YZt,79,15,0.1542866267220555,
5,YZt,80,15,0.1541050605335428,
5,YZt,81,15,0.15542894182914754,
5,YZt,82,15,0.1564287993987875,
5,YZt,83,15,0.15955258266860567,
5,YZt,84,15,0.1622329370711256,
5,YZt,85,15,0.16430919988342602,
5,YZt,86,15,0.16737767342302862,
5,YZt,87,15,0.16993979428663533,
5,YZt,88,15,0.17364020000779426,
5,YZt,89,15,0.17676519912510824,
5,YZt,90,15,0.17962346969393417,
5,YZt,91,15,0.18285444656431005,
5,YZt,92,15,0.18588743117515297,
5,YZt,93,15,0.1880332745003641,
5,YZt,94,15,0.19101302718885052,
5,YZt,95,15,0.19413569208831116,
5,YZt,96,15,0.19674553821359378,
5,YZt,97,15,0.19907529743105834,
5,YZt,98,15,0.20269059689458066,
5,YZt,99,15,0.20603778830876243,
5,YZt,100,15,0.20882703751945675,
5,YZt,101,15,0.21189056801560494,
5,YZt,102,15,0.2159813188022086,
5,YZt,103,15,0.22001327008180724,
5,YZt,104,15,0.2241218930659565,
5,YZt,105,15,0.2274324835459903,
5,YZt,106,15,0.2328461182967884,
5,YZt,107,15,0.23927915213585693,
5,YZt,108,15,0.2462849617444008,
5,YZt,109,15,0.2540176741296543,
5,YZt,110,15,0.2620750046812583,
5,YZt,111,15,0.26931990126749494,
5,YZt,112,15,0.2783813633706313,
5,YZt,113,15,0.2852785268921672,
5,YZt,114,15,0.29071435764609777,
5,YZt,115,15,0.29417052213115463,
5,YZt,116,15,0.29836205849602776,
5,YZt,117,15,0.3023413407646889,
5,YZt,118,15,0.30643144427050095,
5,YZt,119,15,0.30814467332186296,
5,YZt,120,15,0.30860307464350817,
5,YZt,121,15,0.30711928719902465,
5,YZt,122,15,0.3025252113879904,
5,YZt,123,15,0.29642287519276145,
5,YZt,124,15,0.29002347006182483,
5,YZt,125,15,0.28336040951332153,
5,YZt,126,15,0.27883248809940975,
5,YZt,127,15,0.2757287421748642,
5,YZt,128,15,0.2739841516929194,
5,YZt,129,15,0.27320990882870894,
5,YZt,130,15,0.2729947418136465,
5,YZt,131,15,0.2731438913541197,
5,YZt,132,15,0.2738544694633853,
5,YZt,133,15,0.27455835930605915,
5,YZt,134,15,0.2746002734813682,
5,YZt,135,15,0.2755454398867758,
5,YZt,136,15,0.275554976653455,
5,YZt,137,15,0.275140657200151,
5,YZt,138,15,0.27570890096475303,
5,YZt,139,15,0.27508380785695064,
5,YZt,140,15,0.2756122076586257,
5,YZt,141,15,0.27471538923256766,
5,YZt,142,15,0.2726734899390183,
5,YZt,143,15,0.26953785707173217,
5,YZt,144,15,0.26604047973537015,
5,YZt,145,15,0.2620652096297687,
5,YZt,146,15,0.25743448905286304,
5,YZt,147,15,0.25301363122149334,
5,YZt,148,15,0.24907497857926128,
5,YZt,149,15,0.24623557165967472,
5,YZt,150,15,0.2437697654101257,
5,YZt,151,15,0.24102030520647896,
5,YZt,152,15,0.23847540724314434,
5,YZt,153,15,0.23609025685732504,
5,YZt,154,15,0.23334229259004835,
5,YZt,155,15,0.2325011204494229,
5,YZt,156,15,0.22916771484741633,
5,YZt,157,15,0.2240970903477432,
5,YZt,158,15,0.2172383971489633,
5,YZt,159,15,0.2107856882493089,
5,YZt,160,15,0.2037158516858708,
5,YZt,161,15,0.19672297191025723,
5,YZt,162,15,0.19039995665793735,
5,YZt,163,15,0.18548079323270938,
5,YZt,164,15,0.1806078325827253,
5,YZt,165,15,0.1750930193271083,
5,YZt,166,15,0.17090542382509533,
5,YZt,167,15,0.1664149913936766,
5,YZt,168,15,0.1610684790159176,
5,YZt,169,15,0.15553279768806358,
5,YZt,170,15,0.15118719877302866,
5,YZt,171,15,0.146438835309309,
5,YZt,172,15,0.1422750386440629,
5,YZt,173,15,0.14101359781785278,
5,YZt,174,15,0.1404301046954498,
5,YZt,175,15,0.14068873018949601,
5,YZt,176,15,0.14180517555399086,
5,YZt,177,15,0.14259838693858162,
5,YZt,178,15,0.14645938580396203,
5,YZt,179,15,0.1495921649163729,
5,YZt,180,15,0.15445500050122163,
5,YZt,181,15,0.16026915616341472,
5,YZt,182,15,0.16874133415335454,
5,YZt,183,15,0.17896444726646718,
5,YZt,184,15,0.19559434316338123,
5,YZt,185,15,0.2188053014428567,
5,YZt,186,15,0.2564342721166641,
5,YZt,187,15,0.31231571814864606,
5,YZt,188,15,0.3759614791603973,
5,YZt,189,15,0.429733781883718,
5,YZt,190,15,0.471161787672363,
5,YZt,191,15,0.48139726412167305,
5,YZt,192,15,0.4868329020608342,
5,YZt,193,15,0.47964875687190184,
5,YZt,194,15,0.47872084418302835,
5,YZt,195,15,0.47468875336078487,
5,YZt,196,15,0.46886390279484225,
5,YZt,197,15,0.46765018691872634,
5,YZt,198,15,0.4641652684312392,
5,YZt,199,15,0.45777698493022134,
5,YZt,200,15,0.45355441860704704,
5,YZt,201,15,0.45243732764814504,
5,YZt,202,15,0.4451365694989682,
5,YZt,203,15,0.4385601484885565,
5,YZt,204,15,0.43824711623730706,
5,YZt,205,15,0.4348069315165294,
5,YZt,206,15,0.431020523164659,
5,YZt,207,15,0.4263943346048685,
5,YZt,208,15,0.4281607507029134,
5,YZt,209,15,0.42502043376284004,
5,YZt,210,15,0.4197892016763265,
5,YZt,211,15,0.4131222641236827,
5,YZt,212,15,0.4095251785127301,
5,YZt,213,15,0.40743379483176084,
5,YZt,214,15,0.4090704414325878,
5,YZt,215,15,0.4096865053507074,
5,YZt,216,15,0.40716705708961326,
5,YZt,217,15,0.4051501249607793,
5,YZt,218,15,0.39769838443529276,
5,YZt,219,15,0.3969512615858346,
5,YZt,220,15,0.3906191286973804,
5,YZt,221,15,0.38685891178491116,
5,YZt,222,15,0.38406795407971767,
5,YZt,223,15,0.38662786808894284,
5,YZt,224,15,0.385662418165154,
5,YZt,225,15,0.38317317190886924,
5,YZt,226,15,0.3774112167641366,
5,YZt,227,15,0.37243351551643084,
5,YZt,228,15,0.3758890005308979,
5,YZt,229,15,0.3682662110262914,
5,YZt,230,15,0.36183516644138103,
5,YZt,231,15,0.3662988382932021,
5,YZt,232,15,0.35906083390254745,
5,YZt,233,15,0.35083344025050406,
5,YZt,234,15,0.3515830431059663,
5,YZt,235,15,0.3508638166609478,
5,YZt,236,15,0.3381355470206818,
5,YZt,237,15,0.3410432105567358,
5,YZt,238,15,0.33599539721362903,
5,YZt,239,15,0.3313543889803232,
5,YZt,240,15,0.3314724527529139,
5,YZt,241,15,0.32459903080396646,
5,YZt,242,15,0.3199683387925018,
5,YZt,243,15,0.3224219520700875,
5,YZt,244,15,0.3175041244224461,
5,YZt,245,15,0.31590005252494935,
5,YZt,246,15,0.31067392875277766,
5,YZt,247,15,0.3087550913303608,
5,YZt,248,15,0.3125375676444524,
5,YZt,249,15,0.30626678997218504,
5,YZt,250,15,0.31725783810541697,
5,YZt,251,15,0.3065919802997791,
5,YZt,252,15,0.299047300296734,
5,YZt,253,15,0.277317041247825,
5,YZt,254,15,0.2974356404052502,
5,YZt,255,15,0.25628120151402006,
5,YZt,256,15,0.25585708180494704,
5,YZt,257,15,0.2796739177684046,
5,YZt,258,15,0.36142762943150125,
5,YZt,259,15,0.30716775888398834,
5,XZt,0,15,0.26779988275268973,
5,XZt,1,15,0.31440018715833534,
5,XZt,2,15,0.24705447925747692,
5,XZt,3,15,0.21839335749455213,
5,XZt,4,15,0.22001269731945555,
5,XZt,5,15,0.26950136900352195,
5,XZt,6,15,0.2523918759506919,
5,XZt,7,15,0.2863940836448171,
5,XZt,8,15,0.30017910808862686,
5,XZt,9,15,0.3156157039231043,
5,XZt,10,15,0.30801074523892147,
5,XZt,11,15,0.31321171545380855,
5,XZt,12,15,0.31309359781973545,
5,XZt,13,15,0.315330940762465,
5,XZt,14,15,0.32007747688490795,
5,XZt,15,15,0.32366757290560294,
5,XZt,16,15,0.32983049768400047,
5,XZt,17,15,0.32896734425368834,
5,XZt,18,15,0.3325486670784556,
5,XZt,19,15,0.33755171553187735,
5,XZt,20,15,0.3383584198437219,
5,XZt,21,15,0.3467733192924551,
5,XZt,22,15,0.3479055583440769,
5,XZt,23,15,0.34402733532584556,
5,XZt,24,15,0.35987968264355596,
5,XZt,25,15,0.3565990284305741,
5,XZt,26,15,0.3534670963643473,
5,XZt,27,15,0.36153824034251714,
5,XZt,28,15,0.3677202805296051,
5,XZt,29,15,0.36350336185860493,
5,XZt,30,15,0.36741983271959666,
5,XZt,31,15,0.3759527529515103,
5,XZt,32,15,0.37285020976473193,
5,XZt,33,15,0.3764166033362422,
5,XZt,34,15,0.3811462755696058,
5,XZt,35,15,0.38321862178796157,
5,XZt,36,15,0.38447275574488937,
5,XZt,37,15,0.38195326652885586,
5,XZt,38,15,0.38559658958567994,
5,XZt,39,15,0.3905406923478197,
5,XZt,40,15,0.39842620886154356,
5,XZt,41,15,0.4013264738823002,
5,XZt,42,15,0.4082987278067803,
5,XZt,43,15,0.40938604633091474,
5,XZt,44,15,0.41224028802748286,
5,XZt,45,15,0.41320309505302955,
5,XZt,46,15,0.410332430842615,
5,XZt,47,15,0.41273351573144673,
5,XZt,48,15,0.41594025577336635,
5,XZt,49,15,0.4198959796643116,
5,XZt,50,15,0.42413781314125665,
5,XZt,51,15,0.4263150357255959,
5,XZt,52,15,0.42643168895718003,
5,XZt,53,15,0.43176198611392225,
5,XZt,54,15,0.4369460958486985,
5,XZt,55,15,0.4396440415780031,
5,XZt,56,15,0.4405843998835532,
5,XZt,57,15,0.44724254993957896,
5,XZt,58,15,0.45410504937020657,
5,XZt,59,15,0.4553085893830513,
5,XZt,60,15,0.4605337420056532,
5,XZt,61,15,0.4645789495247735,
5,XZt,62,15,0.46517533351770535,
5,XZt,63,15,0.4670616574426706,
5,XZt,64,15,0.4708729301893637,
5,XZt,65,15,0.4721522257153622,
5,XZt,66,15,0.47214128666839394,
5,XZt,67,15,0.47188923356372947,
5,XZt,68,15,0.46039321870834077,
5,XZt,69,15,0.4494666845503173,
5,XZt,70,15,0.4243129860932883,
5,XZt,71,15,0.4023558625020658,
5,XZt,72,15,0.38170399783980047,
5,XZt,73,15,0.3610241777380231,
5,XZt,74,15,0.3414048555994839,
5,XZt,75,15,0.32747568684912143,
5,XZt,76,15,0.3104234649731141,
5,XZt,77,15,0.2978945998769882,
5,XZt,78,15,0.2836335219017328,
5,XZt,79,15,0.27292471574448235,
5,XZt,80,15,0.2612747125788625,
5,XZt,81,15,0.2536051611761382,
5,XZt,82,15,0.2448944099110108,
5,XZt,83,15,0.23819624854754037,
5,XZt,84,15,0.23261778467112298,
5,XZt,85,15,0.22678996969310353,
5,XZt,86,15,0.2234771396093198,
5,XZt,87,15,0.22076021413154728,
5,XZt,88,15,0.21911599403640827,
5,XZt,89,15,0.21828030564292203,
5,XZt,90,15,0.21669797847603262,
5,XZt,91,15,0.2153795187353318,
5,XZt,92,15,0.2150210912555899,
5,XZt,93,15,0.212735915237191,
5,XZt,94,15,0.21101593262483082,
5,XZt,95,15,0.2096761785407258,
5,XZt,96,15,0.20794454703066248,
5,XZt,97,15,0.20514953119456464,
5,XZt,98,15,0.20300207200418877,
5,XZt,99,15,0.20050369844445684,
5,XZt,100,15,0.19730100536945092,
5,XZt,101,15,0.19379809177779603,
5,XZt,102,15,0.19106078625947154,
5,XZt,103,15,0.18878365384895435,
5,XZt,104,15,0.18587010752475094,
5,XZt,105,15,0.18249810459129698,
5,XZt,106,15,0.1804589962407242,
5,XZt,107,15,0.17844319905476214,
5,XZt,108,15,0.1766248961406012,
5,XZt,109,15,0.17514936549714394,
5,XZt,110,15,0.1737323899806255,
5,XZt,111,15,0.17215039609289137,
5,XZt,112,15,0.1722370360161613,
5,XZt,113,15,0.17176929788168682,
5,XZt,114,15,0.17111238195078135,
5,XZt,115,15,0.17079145241480953,
5,XZt,116,15,0.17001019038851006,
5,XZt,117,15,0.16921497493680873,
5,XZt,118,15,0.16861176623319624,
5,XZt,119,15,0.168001033661795,
5,XZt,120,15,0.16752647882055446,
5,XZt,121,15,0.16734186304729423,
5,XZt,122,15,0.16721320765125128,
5,XZt,123,15,0.1669195456665491,
5,XZt,124,15,0.16724982289181842,
5,XZt,125,15,0.16708689765513085,
5,XZt,126,15,0.16755717336323725,
5,XZt,127,15,0.16800712080561298,
5,XZt,128,15,0.16860661269247584,
5,XZt,129,15,0.16909457773956574,
5,XZt,130,15,0.17002939816702822,
5,XZt,131,15,0.17090156863622516,
5,XZt,132,15,0.1719234830572946,
5,XZt,133,15,0.1738183345057176,
5,XZt,134,15,0.17462970383557536,
5,XZt,135,15,0.1766055044554647,
5,XZt,136,15,0.17794383209511155,
5,XZt,137,15,0.17958120268180522,
5,XZt,138,15,0.1809899041232902,
5,XZt,139,15,0.18228444155992699,
5,XZt,140,15,0.1838692671754171,
5,XZt,141,15,0.1855776389992221,
5,XZt,142,15,0.18715017814756726,
5,XZt,143,15,0.18867964367472798,
5,XZt,144,15,0.19032291015219235,
5,XZt,145,15,0.19193963219675997,
5,XZt,146,15,0.1938760595592526,
5,XZt,147,15,0.1972065452145175,
5,XZt,148,15,0.19992464005605215,
5,XZt,149,15,0.2042953840578262,
5,XZt,150,15,0.20913044393181227,
5,XZt,151,15,0.21365352709031915,
5,XZt,152,15,0.21846763222568472,
5,XZt,153,15,0.22385514406353724,
5,XZt,154,15,0.22947735301305056,
5,XZt,155,15,0.23685597723321536,
5,XZt,156,15,0.24395686483627252,
5,XZt,157,15,0.25157752707297726,
5,XZt,158,15,0.2597601845813512,
5,XZt,159,15,0.2694907928259625,
5,XZt,160,15,0.27937767386050055,
5,XZt,161,15,0.2886742058903024,
5,XZt,162,15,0.29943283912058677,
5,XZt,163,15,0.31059487314624684,
5,XZt,164,15,0.31999237768474886,
5,XZt,165,15,0.3290325383497148,
5,XZt,166,15,0.3387769329391758,
5,XZt,167,15,0.3474427442026293,
5,XZt,168,15,0.35362983777660434,
5,XZt,169,15,0.3608214778037804,
5,XZt,170,15,0.36796316317315203,
5,XZt,171,15,0.37251032200010814,
5,XZt,172,15,0.37694325785453575,
5,XZt,173,15,0.3785169434090208,
5,XZt,174,15,0.37479270062398284,
5,XZt,175,15,0.37119432681442543,
5,XZt,176,15,0.3625212366317634,
5,XZt,177,15,0.35255933313985005,
5,XZt,178,15,0.3420306363006485,
5,XZt,179,15,0.3280143029399675,
5,XZt,180,15,0.31787189887300504,
5,XZt,181,15,0.3065873010864309,
5,XZt,182,15,0.29955334059219346,
5,XZt,183,15,0.2909977371558094,
5,XZt,184,15,0.28807137716236597,
5,XZt,185,15,0.28275049568821525,
5,XZt,186,15,0.2830014839436567,
5,XZt,187,15,0.2837674026414334,
5,XZt,188,15,0.2865517099433058,
5,XZt,189,15,0.29104283916072643,
5,XZt,190,15,0.29742790056467616,
5,XZt,191,15,0.30155036657933904,
5,XZt,192,15,0.3089952865276853,
5,XZt,193,15,0.3112758684307999,
5,XZt,194,15,0.31248962224167515,
5,XZt,195,15,0.31095943865585035,
5,XZt,196,15,0.30680628480036887,
5,XZt,197,15,0.3039348389136767,
5,XZt,198,15,0.3008736201087277,
5,XZt,199,15,0.2953163777004669,
5,XZt,200,15,0.2932114833342657,
5,XZt,201,15,0.2911732290837259,
5,XZt,202,15,0.2875709609198375,
5,XZt,203,15,0.2858200551076391,
5,XZt,204,15,0.28459823903778525,
5,XZt,205,15,0.2832698760157365,
5,XZt,206,15,0.2809516965149519,
5,XZt,207,15,0.2803703505989519,
5,XZt,208,15,0.2810859955128194,
5,XZt,209,15,0.28060529312665455,
5,XZt,210,15,0.2809766479381486,
5,XZt,211,15,0.2836948672945738,
5,XZt,212,15,0.2884587182531166,
5,XZt,213,15,0.2971899162471013,
5,XZt,214,15,0.3114238134871127,
5,XZt,215,15,0.32955809786017526,
5,XZt,216,15,0.35062572905838285,
5,XZt,217,15,0.37567716825654385,
5,XZt,218,15,0.4008105655561961,
5,XZt,219,15,0.4294396018509134,
5,XZt,220,15,0.4527538923373535,
5,XZt,221,15,0.47011757654010483,
5,XZt,222,15,0.48199712452335214,
5,XZt,223,15,0.48728631972577,
5,XZt,224,15,0.47922326536539944,
5,XZt,225,15,0.46760941576515025,
5,XZt,226,15,0.4492164679510871,
5,XZt,227,15,0.43553651218904355,
5,XZt,228,15,0.43267031377223636,
5,XZt,229,15,0.41910228075431133,
5,XZt,230,15,0.41092679253595815,
5,XZt,231,15,0.4110361359475106,
5,XZt,232,15,0.4022507196389455,
5,XZt,233,15,0.39322524888399885,
5,XZt,234,15,0.3956500130253637,
5,XZt,235,15,0.39440955933685784,
5,XZt,236,15,0.37804470546494523,
5,XZt,237,15,0.38311225333326154,
5,XZt,238,15,0.3791616398931795,
5,XZt,239,15,0.3711816966944582,
5,XZt,240,15,0.37059662721673353,
5,XZt,241,15,0.3641709191851174,
5,XZt,242,15,0.35951992384049014,
5,XZt,243,15,0.3583390454298431,
5,XZt,244,15,0.35290301044512,
5,XZt,245,15,0.35066300150992186,
5,XZt,246,15,0.3426228372965387,
5,XZt,247,15,0.3390322406399279,
5,XZt,248,15,0.342361782605392,
5,XZt,249,15,0.33205648683196265,
5,XZt,250,15,0.3404306813180933,
5,XZt,251,15,0.32802882348900464,
5,XZt,252,15,0.31091830784352953,
5,XZt,253,15,0.272853573677743,
5,XZt,254,15,0.2866429627458209,
5,XZt,255,15,0.24073667000290605,
5,XZt,256,15,0.24220222222981128,
5,XZt,257,15,0.2697053582618702,
5,XZt,258,15,0.3319541250356863,
5,XZt,259,15,0.24655054638691465,
6,XYt,0,15,0.1733418239944499,
6,XYt,1,15,0.16375994520196063,
6,XYt,2,15,0.160604465093487,
6,XYt,3,15,0.16093073566268143,
6,XYt,4,15,0.16550625754992437,
6,XYt,5,15,0.16456283537740532,
6,XYt,6,15,0.16176492002994505,
6,XYt,7,15,0.15701854110519975,
6,XYt,8,15,0.1528374770300981,
6,XYt,9,15,0.15186799732138276,
6,XYt,10,15,0.1523281432766921,
6,XYt,11,15,0.15191765726341772,
6,XYt,12,15,0.15028640739431043,
6,XYt,13,15,0.1476348894968658,
6,XYt,14,15,0.14391106445838878,
6,XYt,15,15,0.13779679358638713,
6,XYt,16,15,0.12582226440115155,
6,XYt,17,15,0.11514185548930507,
6,XYt,18,15,0.11733380381856329,
6,XYt,19,15,0.12836901122303418,
6,XYt,20,15,0.13927245335553542,
6,XYt,21,15,0.1474844781503874,
6,XYt,22,15,0.15254123667150013,
6,XYt,23,15,0.1537775708705691,
6,XYt,24,15,0.15166342539378802,
6,XYt,25,15,0.14700453236049588,
6,XYt,26,15,0.14056839964086443,
6,XYt,27,15,0.1332147779351763,
6,XYt,28,15,0.12586130695907516,
6,XYt,29,15,0.11910989312736342,
6,XYt,30,15,0.11386777873388988,
6,XYt,31,15,0.11159106029182116,
6,XYt,32,15,0.11244876352543808,
6,XYt,33,15,0.1167072090302889,
6,XYt,34,15,0.12506625722577414,
6,XYt,35,15,0.13872632309479116,
6,XYt,36,15,0.1609078936822783,
6,XYt,37,15,0.1962856498468257,
6,XYt,38,15,0.25193639173767995,
6,XYt,39,15,0.334801295041764,
6,XYt,40,15,0.4435197607599047,
6,XYt,41,15,0.554173897893733,
6,XYt,42,15,0.6362802239099101,
6,XYt,43,15,0.6898205948321379,
6,XYt,44,15,0.7360494871954479,
6,XYt,45,15,0.7695484484974259,
6,XYt,46,15,0.76696945651797,
6,XYt,47,15,0.7130930854281827,
6,XYt,48,15,0.6629181145707104,
6,XYt,49,15,0.6371142893331591,
6,XYt,50,15,0.6291616353098591,
6,XYt,51,15,0.6321140067538776,
6,XYt,52,15,0.6413964687795022,
6,XYt,53,15,0.6501136431338682,
6,XYt,54,15,0.6510452111622764,
6,XYt,55,15,0.6350687751483352,
6,XYt,56,15,0.599668774695435,
6,XYt,57,15,0.5546138260135356,
6,XYt,58,15,0.5139063606392342,
6,XYt,59,15,0.4874590150781382,
6,XYt,60,15,0.473421021313638,
6,XYt,61,15,0.4657472950733075,
6,XYt,62,15,0.4609769390756242,
6,XYt,63,15,0.4584577403637294,
6,XYt,64,15,0.45672860829592,
6,XYt,65,15,0.4569342017190334,
6,XYt,66,15,0.45813306103639173,
6,XYt,67,15,0.4598869315833848,
6,XYt,68,15,0.4603313706654264,
6,XYt,69,15,0.4594981871045441,
6,XYt,70,15,0.4586043051302457,
6,XYt,71,15,0.4577148861824277,
6,XYt,72,15,0.45740383790931083,
6,XYt,73,15,0.45508389536778204,
6,XYt,74,15,0.4526470066411321,
6,XYt,75,15,0.4478809160445951,
6,XYt,76,15,0.44113229893497513,
6,XYt,77,15,0.4277496385651904,
6,XYt,78,15,0.409388108833213,
6,XYt,79,15,0.39190011759320625,
6,XYt,80,15,0.37763194252373705,
6,XYt,81,15,0.36708168769162186,
6,XYt,82,15,0.3599941312519102,
6,XYt,83,15,0.3554795779036517,
6,XYt,84,15,0.35201266568621337,
6,XYt,85,15,0.3493072117178414,
6,XYt,86,15,0.34531789831074744,
6,XYt,87,15,0.3396022255389467,
6,XYt,88,15,0.3321460312729777,
6,XYt,89,15,0.32612214917707555,
6,XYt,90,15,0.3211752615400528,
6,XYt,91,15,0.31889178639500215,
6,XYt,92,15,0.316768050243471,
6,XYt,93,15,0.31418538657684913,
6,XYt,94,15,0.31107242209894015,
6,XYt,95,15,0.30982719333415154,
6,XYt,96,15,0.3074406884523894,
6,XYt,97,15,0.30568386083518984,
6,XYt,98,15,0.30479270686564347,
6,XYt,99,15,0.3045886723941256,
6,XYt,100,15,0.3030328207863428,
6,XYt,101,15,0.3010478440908678,
6,XYt,102,15,0.2993162207898246,
6,XYt,103,15,0.2965431858430108,
6,XYt,104,15,0.29379025396968855,
6,XYt,105,15,0.29198630448882146,
6,XYt,106,15,0.2900042355983784,
6,XYt,107,15,0.28832472564654327,
6,XYt,108,15,0.28761619725172505,
6,XYt,109,15,0.2870946463641541,
6,XYt,110,15,0.28693597501044066,
6,XYt,111,15,0.28776374338942773,
6,XYt,112,15,0.28941293424214226,
6,XYt,113,15,0.292475673562496,
6,XYt,114,15,0.2954586893282778,
6,XYt,115,15,0.29946017565819916,
6,XYt,116,15,0.30535652772283,
6,XYt,117,15,0.3122279289303883,
6,XYt,118,15,0.3165700211707731,
6,XYt,119,15,0.3201228881329693,
6,XYt,120,15,0.3214801588040405,
6,XYt,121,15,0.3178288143955897,
6,XYt,122,15,0.3172202253722749,
6,XYt,123,15,0.31929680209903805,
6,XYt,124,15,0.32170447956780357,
6,XYt,125,15,0.32337036678663433,
6,XYt,126,15,0.32539809847902385,
6,XYt,127,15,0.3283778138777103,
6,XYt,128,15,0.332059543968149,
6,XYt,129,15,0.3350614598313953,
6,XYt,130,15,0.3366008806717707,
6,XYt,131,15,0.33713128104463,
6,XYt,132,15,0.3390356973731437,
6,XYt,133,15,0.34306954234627346,
6,XYt,134,15,0.3486720006471268,
6,XYt,135,15,0.35508607794014224,
6,XYt,136,15,0.36334739619849454,
6,XYt,137,15,0.37102751137156775,
6,XYt,138,15,0.38021247865753993,
6,XYt,139,15,0.39059503222530584,
6,XYt,140,15,0.3946360367373937,
6,XYt,141,15,0.3908881112297651,
6,XYt,142,15,0.3863855665136975,
6,XYt,143,15,0.38305587214903797,
6,XYt,144,15,0.3811950441510649,
6,XYt,145,15,0.37978123529501545,
6,XYt,146,15,0.3785591320577687,
6,XYt,147,15,0.3775722994078316,
6,XYt,148,15,0.37623881630898354,
6,XYt,149,15,0.37508728393552393,
6,XYt,150,15,0.3735308574458222,
6,XYt,151,15,0.37242545659776527,
6,XYt,152,15,0.37173411150732955,
6,XYt,153,15,0.37094846922847213,
6,XYt,154,15,0.3688547886498246,
6,XYt,155,15,0.3661675386035579,
6,XYt,156,15,0.3638398592260497,
6,XYt,157,15,0.3573830795568589,
6,XYt,158,15,0.3471590365297059,
6,XYt,159,15,0.33731964982999335,
6,XYt,160,15,0.3292870518199327,
6,XYt,161,15,0.32052951747252895,
6,XYt,162,15,0.3122191491300642,
6,XYt,163,15,0.3059171840541492,
6,XYt,164,15,0.3001015229016757,
6,XYt,165,15,0.29396122757816884,
6,XYt,166,15,0.2864274107714849,
6,XYt,167,15,0.277734687564442,
6,XYt,168,15,0.26996490976961807,
6,XYt,169,15,0.26572845007856727,
6,XYt,170,15,0.26359813868546,
6,XYt,171,15,0.2624415754948624,
6,XYt,172,15,0.261738485492262,
6,XYt,173,15,0.2606260105908786,
6,XYt,174,15,0.25951234530409406,
6,XYt,175,15,0.2582722105694595,
6,XYt,176,15,0.2558978940204965,
6,XYt,177,15,0.25377795171703377,
6,XYt,178,15,0.2529569275245894,
6,XYt,179,15,0.2519252971797625,
6,XYt,180,15,0.24938907559992532,
6,XYt,181,15,0.2474771575420161,
6,XYt,182,15,0.2470022778057546,
6,XYt,183,15,0.24663010993676787,
6,XYt,184,15,0.2469406256945513,
6,XYt,185,15,0.24648605662284084,
6,XYt,186,15,0.24466588188943708,
6,XYt,187,15,0.2420681019109193,
6,XYt,188,15,0.24176235006970787,
6,XYt,189,15,0.2431252484566859,
6,XYt,190,15,0.24544913960536613,
6,XYt,191,15,0.24848304061393725,
6,XYt,192,15,0.24977571708976903,
6,XYt,193,15,0.24826714535830757,
6,XYt,194,15,0.24732151044416836,
6,XYt,195,15,0.24875700893691385,
6,XYt,196,15,0.253081012512167,
6,XYt,197,15,0.2592039433361259,
6,XYt,198,15,0.2654705019284977,
6,XYt,199,15,0.270646410313618,
6,XYt,200,15,0.2749860184550103,
6,XYt,201,15,0.2761449047707533,
6,XYt,202,15,0.2758037092498697,
6,XYt,203,15,0.2763305736341522,
6,XYt,204,15,0.27672075304246135,
6,XYt,205,15,0.27837782399462135,
6,XYt,206,15,0.28241006340918473,
6,XYt,207,15,0.2882902922210884,
6,XYt,208,15,0.2968659060462156,
6,XYt,209,15,0.30439848612109405,
6,XYt,210,15,0.3102914599775754,
6,XYt,211,15,0.31461632612295826,
6,XYt,212,15,0.3177007026970603,
6,XYt,213,15,0.3208104265993311,
6,XYt,214,15,0.3258726521721821,
6,XYt,215,15,0.33274676754766463,
6,XYt,216,15,0.3418963232097303,
6,XYt,217,15,0.35142401495359915,
6,XYt,218,15,0.3649453282050131,
6,XYt,219,15,0.3813033704817614,
6,XYt,220,15,0.38953685914873404,
6,XYt,221,15,0.3927039541403813,
6,XYt,222,15,0.3967424930254187,
6,XYt,223,15,0.39940370167798117,
6,XYt,224,15,0.4003745549019423,
6,XYt,225,15,0.3995670643442909,
6,XYt,226,15,0.3970878934384181,
6,XYt,227,15,0.39416864909676597,
6,XYt,228,15,0.39116557719999373,
6,XYt,229,15,0.3879797059679896,
6,XYt,230,15,0.3847531653395461,
6,XYt,231,15,0.37942580603784304,
6,XYt,232,15,0.37207276682875734,
6,XYt,233,15,0.36340332049948326,
6,XYt,234,15,0.353569083260116,
6,XYt,235,15,0.34203850892647036,
6,XYt,236,15,0.3274610609822777,
6,XYt,237,15,0.3118475115408625,
6,XYt,238,15,0.30115642984638125,
6,XYt,239,15,0.29651202351695727,
6,XYt,240,15,0.2945734307781276,
6,XYt,241,15,0.2939866421145502,
6,XYt,242,15,0.29388897849618184,
6,XYt,243,15,0.2939495136868486,
6,XYt,244,15,0.29437301594715315,
6,XYt,245,15,0.29538694059929776,
6,XYt,246,15,0.2947758614448434,
6,XYt,247,15,0.29531490734529303,
6,XYt,248,15,0.29674008366962507,
6,XYt,249,15,0.297464048594261,
6,XYt,250,15,0.2977308608945046,
6,XYt,251,15,0.2974406591549832,
6,XYt,252,15,0.2971883327585594,
6,XYt,253,15,0.2970400316095632,
6,XYt,254,15,0.29857597588376866,
6,XYt,255,15,0.2984751386277051,
6,XYt,256,15,0.2954686520973965,
6,XYt,257,15,0.28083994285126324,
6,XYt,258,15,0.24533914709223464,
6,XYt,259,15,0.204215208304434,
6,XYt,260,15,0.18442542217284233,
6,XYt,261,15,0.18036597792623943,
6,XYt,262,15,0.17865217486575902,
6,XYt,263,15,0.17743310234432322,
6,XYt,264,15,0.1770375904283323,
6,XYt,265,15,0.17585944411003135,
6,XYt,266,15,0.17502467905105287,
6,XYt,267,15,0.1744910135951112,
6,XYt,268,15,0.17530149170112702,
6,XYt,269,15,0.17586562249968601,
6,XYt,270,15,0.17749481845933895,
6,XYt,271,15,0.17795242262571281,
6,XYt,272,15,0.17746717401483078,
6,XYt,273,15,0.1772255813028885,
6,XYt,274,15,0.17832308492861412,
6,XYt,275,15,0.17939569432923716,
6,XYt,276,15,0.17964593635799517,
6,XYt,277,15,0.17921859015883335,
6,XYt,278,15,0.17842158594639787,
6,XYt,279,15,0.17744216420216846,
6,XYt,280,15,0.1765550034483134,
6,XYt,281,15,0.17651022162207397,
6,XYt,282,15,0.17748069868602986,
6,XYt,283,15,0.17956704799267498,
6,XYt,284,15,0.18160207137288875,
6,XYt,285,15,0.18258296188148682,
6,XYt,286,15,0.1825704605083446,
6,XYt,287,15,0.18194612362775034,
6,XYt,288,15,0.18027721808041652,
6,XYt,289,15,0.17823886044170942,
6,XYt,290,15,0.17650340332802986,
6,XYt,291,15,0.17595294053425553,
6,XYt,292,15,0.17571030390158332,
6,XYt,293,15,0.17535303595313037,
6,XYt,294,15,0.17573757357090317,
6,XYt,295,15,0.17517517988933617,
6,XYt,296,15,0.1750268253909199,
6,XYt,297,15,0.17557897856562346,
6,XYt,298,15,0.17624640389726326,
6,XYt,299,15,0.1767821224542612,
6,XYt,300,15,0.1788824266542811,
6,XYt,301,15,0.18037987062701566,
6,XYt,302,15,0.1807600589952557,
6,XYt,303,15,0.17912412725798119,
6,XYt,304,15,0.1770805316022532,
6,XYt,305,15,0.17596095783658605,
6,XYt,306,15,0.17647241176981612,
6,XYt,307,15,0.176621526089802,
6,XYt,308,15,0.17767871336253466,
6,XYt,309,15,0.178613226002771,
6,XYt,310,15,0.18014232745831518,
6,XYt,311,15,0.1799486103484478,
6,XYt,312,15,0.17966385999834064,
6,XYt,313,15,0.1802483935651327,
6,XYt,314,15,0.18109036923907335,
6,XYt,315,15,0.1805004386337702,
6,XYt,316,15,0.17908237529028168,
6,XYt,317,15,0.1775092433702785,
6,XYt,318,15,0.17575010044358377,
6,XYt,319,15,0.17491901033289184,
6,XYt,320,15,0.174967180579629,
6,XYt,321,15,0.17711871021361525,
6,XYt,322,15,0.1782717560988182,
6,XYt,323,15,0.18091580553221107,
6,XYt,324,15,0.18390393888492343,
6,XYt,325,15,0.226533650401065,
6,XYt,326,15,0.27648330267739696,
6,XYt,327,15,0.2951224236605521,
6,XYt,328,15,0.304179211574545,
6,XYt,329,15,0.30788513225436587,
6,XYt,330,15,0.30620222496462873,
6,XYt,331,15,0.30476349132265157,
6,XYt,332,15,0.3023716212270411,
6,XYt,333,15,0.30361244775887664,
6,XYt,334,15,0.3054961849714447,
6,XYt,335,15,0.31152070386785335,
6,XYt,336,15,0.3146805380403252,
6,XYt,337,15,0.3178512139135419,
6,XYt,338,15,0.31992866809838316,
6,XYt,339,15,0.32650138251151706,
6,XYt,340,15,0.3345779390907134,
6,XYt,341,15,0.3388949496209904,
6,XYt,342,15,0.3459028367767647,
6,XYt,343,15,0.35507175276310027,
6,XYt,344,15,0.3592543508795793,
6,XYt,345,15,0.36261228294934317,
6,XYt,346,15,0.36598847204089596,
6,XYt,347,15,0.36875501667873245,
6,XYt,348,15,0.37072209412269946,
6,XYt,349,15,0.3720789246876116,
6,XYt,350,15,0.3717803205657797,
6,XYt,351,15,0.3729853300121343,
6,XYt,352,15,0.37808981628605565,
6,XYt,353,15,0.37914211241411355,
6,XYt,354,15,0.37915610000302813,
6,XYt,355,15,0.3764565005492268,
6,XYt,356,15,0.37181518596248364,
6,XYt,357,15,0.361092329748116,
6,XYt,358,15,0.34416099679887807,
6,XYt,359,15,0.33265404137747306,
6,XYt,360,15,0.3251123928396475,
6,XYt,361,15,0.31940943427676355,
6,XYt,362,15,0.31525684469097365,
6,XYt,363,15,0.31620065598040903,
6,XYt,364,15,0.3295089656998748,
6,XYt,365,15,0.33173139415390707,
6,XYt,366,15,0.33133135351900006,
6,XYt,367,15,0.33048446275947096,
6,XYt,368,15,0.3321956654763268,
6,XYt,369,15,0.3308416978284971,
6,XYt,370,15,0.3284924047953803,
6,XYt,371,15,0.3262737482803627,
6,XYt,372,15,0.3223367423466708,
6,XYt,373,15,0.3196405427466473,
6,XYt,374,15,0.31783479112305546,
6,XYt,375,15,0.3164520979758741,
6,XYt,376,15,0.31150116487048257,
6,XYt,377,15,0.3059041657545708,
6,XYt,378,15,0.2984035875201131,
6,XYt,379,15,0.29278030548251077,
6,XYt,380,15,0.2884831309249522,
6,XYt,381,15,0.28879805341364445,
6,XYt,382,15,0.2902047056843883,
6,XYt,383,15,0.290038081108574,
6,XYt,384,15,0.28623973590112634,
6,XYt,385,15,0.27874987435882653,
6,XYt,386,15,0.27559087804002685,
6,XYt,387,15,0.27850270498453,
6,XYt,388,15,0.27920703664231705,
6,XYt,389,15,0.2812838612503497,
6,XYt,390,15,0.28272107105580363,
6,XYt,391,15,0.28427407788900805,
6,XYt,392,15,0.2849183394200463,
6,XYt,393,15,0.28613415433442896,
6,XYt,394,15,0.2859189471341455,
6,XYt,395,15,0.2863729501865011,
6,XYt,396,15,0.28843935041987184,
6,XYt,397,15,0.2908752613625642,
6,XYt,398,15,0.29285754595976166,
6,XYt,399,15,0.29352803367944863,
6,XYt,400,15,0.29373032303192087,
6,XYt,401,15,0.29288110776693255,
6,XYt,402,15,0.2908335202462552,
6,XYt,403,15,0.28885084472255235,
6,XYt,404,15,0.28788035944692836,
6,XYt,405,15,0.28738712424192764,
6,XYt,406,15,0.2895265960543949,
6,XYt,407,15,0.2921754305747022,
6,XYt,408,15,0.2962630589341943,
6,XYt,409,15,0.29976147054803887,
6,XYt,410,15,0.3015833323253586,
6,XYt,411,15,0.2964932530505694,
6,XYt,412,15,0.29814856892389713,
6,XYt,413,15,0.30136489291449164,
6,XYt,414,15,0.30463520287737755,
6,XYt,415,15,0.30807770189650413,
6,XYt,416,15,0.3144386960517941,
6,XYt,417,15,0.32219747958246814,
6,XYt,418,15,0.3281702652948579,
6,XYt,419,15,0.33124231413926636,
6,XYt,420,15,0.3331756974714018,
6,XYt,421,15,0.33251078604227086,
6,XYt,422,15,0.3356774208233784,
6,XYt,423,15,0.33740054855336027,
6,XYt,424,15,0.3390805997512164,
6,XYt,425,15,0.3404547497046526,
6,XYt,426,15,0.3413658210772314,
6,XYt,427,15,0.34089339266040136,
6,XYt,428,15,0.34321019036595124,
6,XYt,429,15,0.3465383484770856,
6,XYt,430,15,0.35079855491606254,
6,XYt,431,15,0.3559736718351254,
6,XYt,432,15,0.3630295949434316,
6,XYt,433,15,0.3704419107114484,
6,XYt,434,15,0.37943352762275606,
6,XYt,435,15,0.3907826014228868,
6,XYt,436,15,0.4097087322134157,
6,XYt,437,15,0.42108651040001793,
6,XYt,438,15,0.42416129277586595,
6,XYt,439,15,0.42546788642303074,
6,XYt,440,15,0.4276303783966264,
6,XYt,441,15,0.42901639348296966,
6,XYt,442,15,0.4307336411229144,
6,XYt,443,15,0.4306525535394717,
6,XYt,444,15,0.4297894724742474,
6,XYt,445,15,0.426774504416907,
6,XYt,446,15,0.42301016317749546,
6,XYt,447,15,0.41915518075132474,
6,XYt,448,15,0.4149690239747784,
6,XYt,449,15,0.40983290444970116,
6,XYt,450,15,0.40462009511523755,
6,XYt,451,15,0.3974751819455673,
6,XYt,452,15,0.3894735796702963,
6,XYt,453,15,0.3802871462639752,
6,XYt,454,15,0.368026199571247,
6,XYt,455,15,0.3552785528780059,
6,XYt,456,15,0.3483083130709173,
6,XYt,457,15,0.34597108614032523,
6,XYt,458,15,0.34614189630682635,
6,XYt,459,15,0.3460560178336872,
6,XYt,460,15,0.34562896237799784,
6,XYt,461,15,0.3449076107196516,
6,XYt,462,15,0.3441216737456597,
6,XYt,463,15,0.34459125893202863,
6,XYt,464,15,0.3464339514343235,
6,XYt,465,15,0.3469034716312269,
6,XYt,466,15,0.33630132208945296,
6,XYt,467,15,0.29601536619523283,
6,XYt,468,15,0.23867875196605487,
6,XYt,469,15,0.20591845380028675,
6,XYt,470,15,0.19873816462837257,
6,XYt,471,15,0.19778077901753863,
6,XYt,472,15,0.19660534374706162,
6,XYt,473,15,0.19538147166867567,
6,XYt,474,15,0.19336885927450118,
6,XYt,475,15,0.19110424410419818,
6,XYt,476,15,0.18909299837294985,
6,XYt,477,15,0.18772205189489105,
6,XYt,478,15,0.18660959868932067,
6,XYt,479,15,0.18587294454726652,
6,XYt,480,15,0.1850532158031927,
6,XYt,481,15,0.18451595571400006,
6,XYt,482,15,0.18514453731653227,
6,XYt,483,15,0.18581873534480792,
6,XYt,484,15,0.1864595905779515,
6,XYt,485,15,0.18656192713978162,
6,XYt,486,15,0.1861374824859456,
6,XYt,487,15,0.1851535371572537,
6,XYt,488,15,0.18549286274409008,
6,XYt,489,15,0.18662490289103084,
6,XYt,490,15,0.1884538007043085,
6,XYt,491,15,0.1896745459217599,
6,XYt,492,15,0.19042540996518306,
6,XYt,493,15,0.19056682479476839,
6,XYt,494,15,0.19101959695443743,
6,XYt,495,15,0.19034228918987814,
6,XYt,496,15,0.1895270315819116,
6,XYt,497,15,0.18768558112252753,
6,XYt,498,15,0.18554226696107384,
6,XYt,499,15,0.1829000123817798,
6,XYt,500,15,0.18035653226460424,
6,XYt,501,15,0.1796082673068853,
6,XYt,502,15,0.18010410150755488,
6,XYt,503,15,0.18087090204363868,
6,XYt,504,15,0.18161618339689636,
6,XYt,505,15,0.1819163952813637,
6,XYt,506,15,0.18146905101176836,
6,XYt,507,15,0.18088368039091982,
6,XYt,508,15,0.18165391105442927,
6,XYt,509,15,0.1822794731514418,
6,XYt,510,15,0.18209610511469018,
6,XYt,511,15,0.18226562739319796,
6,XYt,512,15,0.1828281970786181,
6,XYt,513,15,0.18352679515406833,
6,XYt,514,15,0.18395181791992624,
6,XYt,515,15,0.1843706788321499,
6,XYt,516,15,0.18378872057888254,
6,XYt,517,15,0.18342323772130886,
6,XYt,518,15,0.18239868741494272,
6,XYt,519,15,0.18168752921088768,
6,XYt,520,15,0.1807238108919783,
6,XYt,521,15,0.17916657594508312,
6,XYt,522,15,0.17640751571610055,
6,XYt,523,15,0.1744956792819461,
6,XYt,524,15,0.17473525771132922,
6,XYt,525,15,0.17535283883510633,
6,XYt,526,15,0.1756958039493994,
6,XYt,527,15,0.17614646758640232,
6,XYt,528,15,0.17600218684905344,
6,XYt,529,15,0.1751765041540519,
6,XYt,530,15,0.1732433148906633,
6,XYt,531,15,0.17296210068094192,
6,XYt,532,15,0.17638716488843595,
6,XYt,533,15,0.1894520493101109,
6,XYt,534,15,0.22169496994913435,
6,XYt,535,15,0.26971420652906547,
6,XYt,536,15,0.3090922177790434,
6,XYt,537,15,0.32681109578491657,
6,XYt,538,15,0.33237889375271285,
6,XYt,539,15,0.3335796958235771,
6,XYt,540,15,0.3350379284059684,
6,XYt,541,15,0.3317407490999799,
6,XYt,542,15,0.3260081938907699,
6,XYt,543,15,0.3209828693630255,
6,XYt,544,15,0.3184893254981609,
6,XYt,545,15,0.3190189297609566,
6,XYt,546,15,0.3228009298522882,
6,XYt,547,15,0.32522885171954025,
6,XYt,548,15,0.32019896484788607,
6,XYt,549,15,0.31418282228013833,
6,XYt,550,15,0.3093220730504714,
6,XYt,551,15,0.30661669567303734,
6,XYt,552,15,0.3042976801393892,
6,XYt,553,15,0.3033324076431583,
6,XYt,554,15,0.3023603539430132,
6,XYt,555,15,0.30149898121222973,
6,XYt,556,15,0.30030577057917807,
6,XYt,557,15,0.2985318304810768,
6,XYt,558,15,0.2954805189118017,
6,XYt,559,15,0.28986977723919705,
6,XYt,560,15,0.27965136505493143,
6,XYt,561,15,0.2675218289701927,
6,XYt,562,15,0.26165540836983653,
6,XYt,563,15,0.26248118809943566,
6,XYt,564,15,0.26306303908075784,
6,XYt,565,15,0.2610126239578404,
6,XYt,566,15,0.25563593896982506,
6,XYt,567,15,0.25047437826948776,
6,XYt,568,15,0.24535435300518357,
6,XYt,569,15,0.24026593800209345,
6,XYt,570,15,0.23422984630941296,
6,XYt,571,15,0.22648928028815782,
6,XYt,572,15,0.21958585447470688,
6,XYt,573,15,0.21601050102590014,
6,XYt,574,15,0.21547740640198762,
6,XYt,575,15,0.21660853558370788,
6,XYt,576,15,0.21869958620774665,
6,XYt,577,15,0.22088689181809312,
6,XYt,578,15,0.22183293251570405,
6,XYt,579,15,0.22294827549795282,
6,XYt,580,15,0.22427144618488004,
6,XYt,581,15,0.2260436206453211,
6,XYt,582,15,0.22627359700448696,
6,XYt,583,15,0.22542055197738795,
6,XYt,584,15,0.22441749676140615,
6,XYt,585,15,0.22318401512759445,
6,XYt,586,15,0.22255804600605097,
6,XYt,587,15,0.2234423956734551,
6,XYt,588,15,0.22046082754268065,
6,XYt,589,15,0.21428007824085687,
6,XYt,590,15,0.2065838590442166,
6,XYt,591,15,0.2002541734936975,
6,XYt,592,15,0.1973715457237767,
6,XYt,593,15,0.19680273784408647,
6,XYt,594,15,0.19677102488316975,
6,XYt,595,15,0.1966116670016968,
6,XYt,596,15,0.19704545787392588,
6,XYt,597,15,0.19747320242998614,
6,XYt,598,15,0.197851806857902,
6,XYt,599,15,0.19849393774334181,
6,XYt,600,15,0.19951494425290514,
6,XYt,601,15,0.2016622317796291,
6,XYt,602,15,0.20342334594998235,
6,XYt,603,15,0.20418379831380679,
6,XYt,604,15,0.20486408469826042,
6,XYt,605,15,0.20504890775702406,
6,XYt,606,15,0.20517840652894587,
6,XYt,607,15,0.20535896210422386,
6,XYt,608,15,0.20557901341323892,
6,XYt,609,15,0.2051522241540018,
6,XYt,610,15,0.2042381989525445,
6,XYt,611,15,0.20284977711856494,
6,XYt,612,15,0.20091597861525934,
6,XYt,613,15,0.1987840047396273,
6,XYt,614,15,0.196663654366517,
6,XYt,615,15,0.195168167853348,
6,XYt,616,15,0.19381927616066522,
6,XYt,617,15,0.1926354338190579,
6,XYt,618,15,0.19292830986001533,
6,XYt,619,15,0.19402241876450996,
6,XYt,620,15,0.19322405236385284,
6,XYt,621,15,0.19457353682275927,
6,XYt,622,15,0.1988110088933301,
6,XYt,623,15,0.20528266471292597,
6,XYt,624,15,0.21106090160640462,
6,XYt,625,15,0.21887959014029235,
6,XYt,626,15,0.22326987132911622,
6,XYt,627,15,0.22519110900333889,
6,XYt,628,15,0.2269780941216755,
6,XYt,629,15,0.22814622861707304,
6,XYt,630,15,0.2284239220389625,
6,XYt,631,15,0.2271758421591092,
6,XYt,632,15,0.2246943963369277,
6,XYt,633,15,0.22247289174295595,
6,XYt,634,15,0.2203204347289,
6,XYt,635,15,0.21737559942483412,
6,XYt,636,15,0.21427696639707453,
6,XYt,637,15,0.21181998812914632,
6,XYt,638,15,0.21039228331314078,
6,XYt,639,15,0.20994412607732554,
6,XYt,640,15,0.21197738984236586,
6,XYt,641,15,0.2174487873021222,
6,XYt,642,15,0.2245716027611624,
6,XYt,643,15,0.23075341295742,
6,XYt,644,15,0.23512371672594676,
6,XYt,645,15,0.2388825196884868,
6,XYt,646,15,0.24308867701330988,
6,XYt,647,15,0.2473916811391395,
6,XYt,648,15,0.2501270763553977,
6,XYt,649,15,0.2518273736573329,
6,XYt,650,15,0.2530844386285472,
6,XYt,651,15,0.2541607922662991,
6,XYt,652,15,0.26341740267124325,
6,XYt,653,15,0.2739189558966946,
6,XYt,654,15,0.2789956914722052,
6,XYt,655,15,0.28109106253627275,
6,XYt,656,15,0.2823348725675901,
6,XYt,657,15,0.2839093828392863,
6,XYt,658,15,0.28531238040137546,
6,XYt,659,15,0.28665142735464233,
6,XYt,660,15,0.28752223501544616,
6,XYt,661,15,0.28878691994622624,
6,XYt,662,15,0.2906362084744425,
6,XYt,663,15,0.2938590442730616,
6,XYt,664,15,0.2987805601987713,
6,XYt,665,15,0.3055001095127466,
6,XYt,666,15,0.3101473478153562,
6,XYt,667,15,0.31253253634681816,
6,XYt,668,15,0.3141689815502762,
6,XYt,669,15,0.31716252338839407,
6,XYt,670,15,0.3198866308282059,
6,XYt,671,15,0.32094373433651024,
6,XYt,672,15,0.317287619081621,
6,XYt,673,15,0.3098229861431483,
6,XYt,674,15,0.2963372261232967,
6,XYt,675,15,0.27788731439744435,
6,XYt,676,15,0.2553924057367193,
6,XYt,677,15,0.2282068466430108,
6,XYt,678,15,0.20042590842054056,
6,XYt,679,15,0.1804623903742351,
6,XYt,680,15,0.16790968266237366,
6,XYt,681,15,0.1603174579560663,
6,XYt,682,15,0.1560823106659394,
6,XYt,683,15,0.15453730531135704,
6,XYt,684,15,0.15387894867193697,
6,XYt,685,15,0.1545139794022381,
6,XYt,686,15,0.15540241610845534,
6,XYt,687,15,0.1568314031157534,
6,XYt,688,15,0.15850215599488465,
6,XYt,689,15,0.1593559511493901,
6,XYt,690,15,0.16011084049300536,
6,XYt,691,15,0.1602196564363052,
6,XYt,692,15,0.16020114026335097,
6,XYt,693,15,0.15939635503415814,
6,XYt,694,15,0.15873098945101224,
6,XYt,695,15,0.15802988616918967,
6,XYt,696,15,0.15701374493883125,
6,XYt,697,15,0.1566787337744495,
6,XYt,698,15,0.15629386671527376,
6,XYt,699,15,0.15617808502341876,
6,XYt,700,15,0.15595086033250502,
6,XYt,701,15,0.15647045691271957,
6,XYt,702,15,0.1562467081196909,
6,XYt,703,15,0.15691255457063524,
6,XYt,704,15,0.1575203470941479,
6,XYt,705,15,0.15842639252971613,
6,XYt,706,15,0.15926741902659142,
6,XYt,707,15,0.16041239192821596,
6,XYt,708,15,0.1625846413134667,
6,XYt,709,15,0.1980234012097818,
6,XYt,710,15,0.17931852624471453,
6,XYt,711,15,0.2034670816685585,
6,XYt,712,15,0.20605579680553635,
6,XYt,713,15,0.2114450839653713,
6,XYt,714,15,0.20884398787432487,
6,XYt,715,15,0.19802805544969446,
6,XYt,716,15,0.1828710826689539,
6,XYt,717,15,0.16929202581847058,
6,XYt,718,15,0.164103253878989,
6,XYt,719,15,0.17614535546552948,
6,XYt,720,15,0.1999692120319065,
6,XYt,721,15,0.22373422159982967,
6,XYt,722,15,0.24564665825450382,
6,XYt,723,15,0.27102102594541727,
6,XYt,724,15,0.3041757444231196,
6,XYt,725,15,0.33695855870356395,
6,XYt,726,15,0.35799872913063235,
6,XYt,727,15,0.3593435128604804,
6,YZt,0,15,0.32463395126211453,
6,YZt,1,15,0.3426362420026895,
6,YZt,2,15,0.28355080995338056,
6,YZt,3,15,0.2569862527237166,
6,YZt,4,15,0.24793646412388692,
6,YZt,5,15,0.26107308707283616,
6,YZt,6,15,0.2558584960281366,
6,YZt,7,15,0.27012931304583826,
6,YZt,8,15,0.2862481914492899,
6,YZt,9,15,0.2904529229646671,
6,YZt,10,15,0.28192121194722275,
6,YZt,11,15,0.2851959033802438,
6,YZt,12,15,0.28459578986933726,
6,YZt,13,15,0.28250873272690885,
6,YZt,14,15,0.28761000649367996,
6,YZt,15,15,0.293196864174919,
6,YZt,16,15,0.2942624728475684,
6,YZt,17,15,0.294859378888277,
6,YZt,18,15,0.29858936362022004,
6,YZt,19,15,0.3035237061125193,
6,YZt,20,15,0.30759215746090507,
6,YZt,21,15,0.3128606113674086,
6,YZt,22,15,0.31890310803375943,
6,YZt,23,15,0.31730664373860706,
6,YZt,24,15,0.3258259535011037,
6,YZt,25,15,0.3320233862713009,
6,YZt,26,15,0.33011859775290514,
6,YZt,27,15,0.33862340873746855,
6,YZt,28,15,0.3429171508804185,
6,YZt,29,15,0.34376494365788923,
6,YZt,30,15,0.3484143727811156,
6,YZt,31,15,0.3544892576730529,
6,YZt,32,15,0.35904260669347365,
6,YZt,33,15,0.3628805478017455,
6,YZt,34,15,0.36743554852118177,
6,YZt,35,15,0.372563272822384,
6,YZt,36,15,0.3809129145630759,
6,YZt,37,15,0.3825557237588512,
6,YZt,38,15,0.38276654819720324,
6,YZt,39,15,0.3796693776865325,
6,YZt,40,15,0.3748991953747922,
6,YZt,41,15,0.36701030130177903,
6,YZt,42,15,0.3608756238367674,
6,YZt,43,15,0.3505854754388516,
6,YZt,44,15,0.33999802824103625,
6,YZt,45,15,0.3295493788076497,
6,YZt,46,15,0.318960414888309,
6,YZt,47,15,0.309825258558506,
6,YZt,48,15,0.3029104498998797,
6,YZt,49,15,0.29872212993392444,
6,YZt,50,15,0.2950395108267556,
6,YZt,51,15,0.29153547913438377,
6,YZt,52,15,0.2913488492689323,
6,YZt,53,15,0.29326195322690407,
6,YZt,54,15,0.2961723973533785,
6,YZt,55,15,0.301009548967848,
6,YZt,56,15,0.3085173423116577,
6,YZt,57,15,0.3190753479091623,
6,YZt,58,15,0.3300004980067163,
6,YZt,59,15,0.3426388447493889,
6,YZt,60,15,0.35863434155730217,
6,YZt,61,15,0.37488362458512353,
6,YZt,62,15,0.3915577674283461,
6,YZt,63,15,0.40099427219299166,
6,YZt,64,15,0.3924052294016083,
6,YZt,65,15,0.36923453888970764,
6,YZt,66,15,0.3271282045865747,
6,YZt,67,15,0.2789915467273293,
6,YZt,68,15,0.2404115208914452,
6,YZt,69,15,0.21370158618073692,
6,YZt,70,15,0.19670943980145777,
6,YZt,71,15,0.18428294700296,
6,YZt,72,15,0.1759765999677917,
6,YZt,73,15,0.16812465068367285,
6,YZt,74,15,0.16236657467379773,
6,YZt,75,15,0.15852419697976092,
6,YZt,76,15,0.15496420867089034,
6,YZt,77,15,0.15194084662978563,
6,YZt,78,15,0.15049539904577944,
6,YZt,79,15,0.14946421838470836,
6,YZt,80,15,0.14988234431584868,
6,YZt,81,15,0.15077149378287785,
6,YZt,82,15,0.15199706836627502,
6,YZt,83,15,0.15484694276960673,
6,YZt,84,15,0.15722354405727898,
6,YZt,85,15,0.15988453221867796,
6,YZt,86,15,0.16271312857840417,
6,YZt,87,15,0.16584471546173912,
6,YZt,88,15,0.16973671039678195,
6,YZt,89,15,0.17258939611515853,
6,YZt,90,15,0.17589545806229964,
6,YZt,91,15,0.1790018730827991,
6,YZt,92,15,0.1818858252190188,
6,YZt,93,15,0.18444775345751063,
6,YZt,94,15,0.1875366731169204,
6,YZt,95,15,0.1903018684679256,
6,YZt,96,15,0.19295462311328207,
6,YZt,97,15,0.19599699830940767,
6,YZt,98,15,0.19902102006304168,
6,YZt,99,15,0.20186374006171093,
6,YZt,100,15,0.20507925323630666,
6,YZt,101,15,0.2086710453837537,
6,YZt,102,15,0.2124383667386725,
6,YZt,103,15,0.21624638515142552,
6,YZt,104,15,0.22033810931209444,
6,YZt,105,15,0.22444192405764998,
6,YZt,106,15,0.22974937318851757,
6,YZt,107,15,0.2359134331150844,
6,YZt,108,15,0.24303192020922793,
6,YZt,109,15,0.251144809046901,
6,YZt,110,15,0.2599078815990979,
6,YZt,111,15,0.26819182619035575,
6,YZt,112,15,0.2772404181556991,
6,YZt,113,15,0.2844368253337913,
6,YZt,114,15,0.29044856030992544,
6,YZt,115,15,0.29471444295891364,
6,YZt,116,15,0.29956323808118174,
6,YZt,117,15,0.30397643933731217,
6,YZt,118,15,0.30786617823514506,
6,YZt,119,15,0.30939871552938014,
6,YZt,120,15,0.30948155630861895,
6,YZt,121,15,0.3071524422750579,
6,YZt,122,15,0.3020046187691543,
6,YZt,123,15,0.2958604058669091,
6,YZt,124,15,0.28932888910958465,
6,YZt,125,15,0.2827523174193676,
6,YZt,126,15,0.2781753790835511,
6,YZt,127,15,0.2751658479463185,
6,YZt,128,15,0.273745356412912,
6,YZt,129,15,0.2733166482178821,
6,YZt,130,15,0.2733194760773415,
6,YZt,131,15,0.27337869263082154,
6,YZt,132,15,0.27390382419294274,
6,YZt,133,15,0.2746117264602792,
6,YZt,134,15,0.27503680568325495,
6,YZt,135,15,0.2762381098281777,
6,YZt,136,15,0.27649754435660656,
6,YZt,137,15,0.27641360395385567,
6,YZt,138,15,0.2771637825404885,
6,YZt,139,15,0.276923627773686,
6,YZt,140,15,0.27703482989856165,
6,YZt,141,15,0.27557097689834226,
6,YZt,142,15,0.27313443914847707,
6,YZt,143,15,0.2699348330857589,
6,YZt,144,15,0.26602013446549955,
6,YZt,145,15,0.2615178061564617,
6,YZt,146,15,0.25667796897974776,
6,YZt,147,15,0.25232955318280736,
6,YZt,148,15,0.2488078303921878,
6,YZt,149,15,0.24534238081483795,
6,YZt,150,15,0.24255685551016157,
6,YZt,151,15,0.23952025064383442,
6,YZt,152,15,0.2369875422176747,
6,YZt,153,15,0.2345749879871477,
6,YZt,154,15,0.23216915868533775,
6,YZt,155,15,0.23032265913255628,
6,YZt,156,15,0.22736993802144675,
6,YZt,157,15,0.22292082033477262,
6,YZt,158,15,0.21667263635244716,
6,YZt,159,15,0.2096375392006118,
6,YZt,160,15,0.20182134836149976,
6,YZt,161,15,0.19483228296368305,
6,YZt,162,15,0.1884214896230332,
6,YZt,163,15,0.18221721114722636,
6,YZt,164,15,0.17697630615919405,
6,YZt,165,15,0.17156589842632897,
6,YZt,166,15,0.16662394008788145,
6,YZt,167,15,0.16137079472152718,
6,YZt,168,15,0.15596418011777438,
6,YZt,169,15,0.15028230181622168,
6,YZt,170,15,0.14513381997184582,
6,YZt,171,15,0.14078538910472518,
6,YZt,172,15,0.1364443536669724,
6,YZt,173,15,0.13482717045522846,
6,YZt,174,15,0.13453878727239535,
6,YZt,175,15,0.1340958125801588,
6,YZt,176,15,0.13522761633882355,
6,YZt,177,15,0.13615327183974874,
6,YZt,178,15,0.1396032063364976,
6,YZt,179,15,0.14312709727491846,
6,YZt,180,15,0.14721447074072003,
6,YZt,181,15,0.15368431081854195,
6,YZt,182,15,0.1615840653262642,
6,YZt,183,15,0.17277547152154749,
6,YZt,184,15,0.18846771588837877,
6,YZt,185,15,0.21211928072194997,
6,YZt,186,15,0.24815577953806767,
6,YZt,187,15,0.30387790868351516,
6,YZt,188,15,0.3686188150706182,
6,YZt,189,15,0.43063866889397884,
6,YZt,190,15,0.47919071355055,
6,YZt,191,15,0.4990409689040633,
6,YZt,192,15,0.49903160199783636,
6,YZt,193,15,0.4898592483908897,
6,YZt,194,15,0.4858601299233503,
6,YZt,195,15,0.4711784826362623,
6,YZt,196,15,0.4635065032954082,
6,YZt,197,15,0.45262153036425834,
6,YZt,198,15,0.4437266934162153,
6,YZt,199,15,0.43602664922995804,
6,YZt,200,15,0.4254859298321866,
6,YZt,201,15,0.4202252503003439,
6,YZt,202,15,0.4145965789313583,
6,YZt,203,15,0.40504092353975224,
6,YZt,204,15,0.40114600523142435,
6,YZt,205,15,0.39889286353641157,
6,YZt,206,15,0.39787181763979396,
6,YZt,207,15,0.39158377754634593,
6,YZt,208,15,0.38896209844853424,
6,YZt,209,15,0.38675548701732804,
6,YZt,210,15,0.38289301733207814,
6,YZt,211,15,0.3775405548770783,
6,YZt,212,15,0.37488405968488375,
6,YZt,213,15,0.37360005996384466,
6,YZt,214,15,0.3732481709900088,
6,YZt,215,15,0.37254451776419517,
6,YZt,216,15,0.37000001900237806,
6,YZt,217,15,0.3684423235492045,
6,YZt,218,15,0.36171751468938346,
6,YZt,219,15,0.36077810489644047,
6,YZt,220,15,0.3570895365879377,
6,YZt,221,15,0.35496460208424013,
6,YZt,222,15,0.3526583227547133,
6,YZt,223,15,0.3520164449976883,
6,YZt,224,15,0.34759252979388916,
6,YZt,225,15,0.345376096056985,
6,YZt,226,15,0.34194853913341317,
6,YZt,227,15,0.33952826225029087,
6,YZt,228,15,0.33778945477185135,
6,YZt,229,15,0.33264381020362427,
6,YZt,230,15,0.3287004119812799,
6,YZt,231,15,0.3277175287265188,
6,YZt,232,15,0.3237186455350874,
6,YZt,233,15,0.315940434549343,
6,YZt,234,15,0.3169669826476595,
6,YZt,235,15,0.3124417625805999,
6,YZt,236,15,0.3049412741429923,
6,YZt,237,15,0.30708074600585705,
6,YZt,238,15,0.3005844958825187,
6,YZt,239,15,0.29745669345553005,
6,YZt,240,15,0.2944696394700882,
6,YZt,241,15,0.28871683244155943,
6,YZt,242,15,0.286363035597293,
6,YZt,243,15,0.28639311751578284,
6,YZt,244,15,0.28494780569261297,
6,YZt,245,15,0.28194536044919516,
6,YZt,246,15,0.27659421710161575,
6,YZt,247,15,0.27902164418231784,
6,YZt,248,15,0.28060531566220887,
6,YZt,249,15,0.27785358013723765,
6,YZt,250,15,0.2875352368847857,
6,YZt,251,15,0.2859590816236834,
6,YZt,252,15,0.2737433788530678,
6,YZt,253,15,0.2612768060214154,
6,YZt,254,15,0.26666762755822127,
6,YZt,255,15,0.2508613433524304,
6,YZt,256,15,0.2588067069366214,
6,YZt,257,15,0.2822270835849186,
6,YZt,258,15,0.3407046453720953,
6,YZt,259,15,0.33275813861681003,
6,XZt,0,15,0.3076987516622949,
6,XZt,1,15,0.29900199921731685,
6,XZt,2,15,0.24364879397367184,
6,XZt,3,15,0.2180007626643091,
6,XZt,4,15,0.21511381482883052,
6,XZt,5,15,0.24269856273976273,
6,XZt,6,15,0.23785567664138313,
6,XZt,7,15,0.2644631006495791,
6,XZt,8,15,0.28105580933526764,
6,XZt,9,15,0.28870325520607526,
6,XZt,10,15,0.2805092393490115,
6,XZt,11,15,0.2829837382788365,
6,XZt,12,15,0.2829594879209575,
6,XZt,13,15,0.28123057830343845,
6,XZt,14,15,0.2847795529670025,
6,XZt,15,15,0.29044232074326626,
6,XZt,16,15,0.2921759031030044,
6,XZt,17,15,0.29183247265405926,
6,XZt,18,15,0.29465145440889406,
6,XZt,19,15,0.2995028669311459,
6,XZt,20,15,0.30203733420490997,
6,XZt,21,15,0.3080319715057785,
6,XZt,22,15,0.3122184853136149,
6,XZt,23,15,0.30857707312574323,
6,XZt,24,15,0.31786372933373686,
6,XZt,25,15,0.32145119809464373,
6,XZt,26,15,0.31703641348991884,
6,XZt,27,15,0.32386627269523655,
6,XZt,28,15,0.32813868615496183,
6,XZt,29,15,0.32921557432282367,
6,XZt,30,15,0.330654870652541,
6,XZt,31,15,0.33569866438226353,
6,XZt,32,15,0.33866930924243194,
6,XZt,33,15,0.33987663766961135,
6,XZt,34,15,0.34263088959127097,
6,XZt,35,15,0.34410899600959993,
6,XZt,36,15,0.3491844981752996,
6,XZt,37,15,0.35055517605056047,
6,XZt,38,15,0.35353574286556494,
6,XZt,39,15,0.35812744697284227,
6,XZt,40,15,0.36320538915911127,
6,XZt,41,15,0.36629248704210543,
6,XZt,42,15,0.37395743096716516,
6,XZt,43,15,0.37633849945989506,
6,XZt,44,15,0.3798560879469642,
6,XZt,45,15,0.38212852494696936,
6,XZt,46,15,0.38262863040606565,
6,XZt,47,15,0.38508442779763447,
6,XZt,48,15,0.3879433784883713,
6,XZt,49,15,0.39170337367654157,
6,XZt,50,15,0.3958805409017969,
6,XZt,51,15,0.3985428133249104,
6,XZt,52,15,0.40242816681751387,
6,XZt,53,15,0.4097320698625769,
6,XZt,54,15,0.41353832568859494,
6,XZt,55,15,0.4170815067097347,
6,XZt,56,15,0.42199158225829103,
6,XZt,57,15,0.43098110648740845,
6,XZt,58,15,0.4355268987067491,
6,XZt,59,15,0.4396491341126904,
6,XZt,60,15,0.4482548098784312,
6,XZt,61,15,0.451314206057796,
6,XZt,62,15,0.4543928741642195,
6,XZt,63,15,0.460459555702546,
6,XZt,64,15,0.46203735049191835,
6,XZt,65,15,0.46836922492471567,
6,XZt,66,15,0.46879462490037666,
6,XZt,67,15,0.4691514190976924,
6,XZt,68,15,0.45962832092997896,
6,XZt,69,15,0.4455130131196427,
6,XZt,70,15,0.4216614702679262,
6,XZt,71,15,0.3981166788389615,
6,XZt,72,15,0.37835281484231054,
6,XZt,73,15,0.35623234193929115,
6,XZt,74,15,0.33795677082426645,
6,XZt,75,15,0.3224880725549363,
6,XZt,76,15,0.30658053894127163,
6,XZt,77,15,0.2926617078205187,
6,XZt,78,15,0.27929175289731256,
6,XZt,79,15,0.2678856892562725,
6,XZt,80,15,0.25702504027204687,
6,XZt,81,15,0.24861379547875445,
6,XZt,82,15,0.24036159157606388,
6,XZt,83,15,0.23386853191785256,
6,XZt,84,15,0.22781227217335492,
6,XZt,85,15,0.2227112024750098,
6,XZt,86,15,0.2186229698009251,
6,XZt,87,15,0.21599548801565568,
6,XZt,88,15,0.21491703709773735,
6,XZt,89,15,0.21325633177078962,
6,XZt,90,15,0.21243351679280978,
6,XZt,91,15,0.210968151176281,
6,XZt,92,15,0.21002372014922538,
6,XZt,93,15,0.20820894994103162,
6,XZt,94,15,0.20668410313233235,
6,XZt,95,15,0.20459121499112526,
6,XZt,96,15,0.20278380532456228,
6,XZt,97,15,0.20048461528023456,
6,XZt,98,15,0.1977209042391125,
6,XZt,99,15,0.19469389670408,
6,XZt,100,15,0.19152899715304597,
6,XZt,101,15,0.18851352079867256,
6,XZt,102,15,0.1854900981048471,
6,XZt,103,15,0.18282737233159574,
6,XZt,104,15,0.17997039737804,
6,XZt,105,15,0.17732339600390687,
6,XZt,106,15,0.1749990883171107,
6,XZt,107,15,0.17280455829875974,
6,XZt,108,15,0.17108600098967464,
6,XZt,109,15,0.16964680803868998,
6,XZt,110,15,0.16838091685225456,
6,XZt,111,15,0.1672091922266465,
6,XZt,112,15,0.16685457713546567,
6,XZt,113,15,0.16640889769508582,
6,XZt,114,15,0.16591732820296973,
6,XZt,115,15,0.16553659790656505,
6,XZt,116,15,0.16492932059510737,
6,XZt,117,15,0.16421082150711777,
6,XZt,118,15,0.16366886390561505,
6,XZt,119,15,0.1634233522571249,
6,XZt,120,15,0.1630988465716114,
6,XZt,121,15,0.16264519100116143,
6,XZt,122,15,0.1623154076299121,
6,XZt,123,15,0.16212643270299315,
6,XZt,124,15,0.16247181163353755,
6,XZt,125,15,0.1623322550809399,
6,XZt,126,15,0.16261213569229235,
6,XZt,127,15,0.16309494022832594,
6,XZt,128,15,0.16385923577886477,
6,XZt,129,15,0.1646109106289357,
6,XZt,130,15,0.1656061463900436,
6,XZt,131,15,0.16645454185322806,
6,XZt,132,15,0.1673902202837292,
6,XZt,133,15,0.16927003265352492,
6,XZt,134,15,0.17041154261097072,
6,XZt,135,15,0.17246738711732773,
6,XZt,136,15,0.17390900270881837,
6,XZt,137,15,0.17566767875793246,
6,XZt,138,15,0.1773501453780442,
6,XZt,139,15,0.17904877146153803,
6,XZt,140,15,0.1806045702734483,
6,XZt,141,15,0.18211470174901664,
6,XZt,142,15,0.18367264827139965,
6,XZt,143,15,0.1853192241306223,
6,XZt,144,15,0.18698172808625088,
6,XZt,145,15,0.18862439481879445,
6,XZt,146,15,0.19072687068945926,
6,XZt,147,15,0.19405716294171127,
6,XZt,148,15,0.19737073581370482,
6,XZt,149,15,0.20132483575561028,
6,XZt,150,15,0.20590028164914406,
6,XZt,151,15,0.21063123425404667,
6,XZt,152,15,0.21557026830120404,
6,XZt,153,15,0.22154014087023177,
6,XZt,154,15,0.2276339743461951,
6,XZt,155,15,0.23457377905978044,
6,XZt,156,15,0.2418237865426845,
6,XZt,157,15,0.2498980132450998,
6,XZt,158,15,0.25889018676587683,
6,XZt,159,15,0.26811645244686816,
6,XZt,160,15,0.2780503010168155,
6,XZt,161,15,0.28787630600076625,
6,XZt,162,15,0.29921360468631475,
6,XZt,163,15,0.30960366491535324,
6,XZt,164,15,0.3191795280484862,
6,XZt,165,15,0.3290793996206129,
6,XZt,166,15,0.33891582668918857,
6,XZt,167,15,0.3472665248006445,
6,XZt,168,15,0.3541270604135169,
6,XZt,169,15,0.3617426922206665,
6,XZt,170,15,0.36820534183179926,
6,XZt,171,15,0.37369606364884606,
6,XZt,172,15,0.37788666511391056,
6,XZt,173,15,0.3788725664099573,
6,XZt,174,15,0.3759941197061567,
6,XZt,175,15,0.37166275640139246,
6,XZt,176,15,0.36353373996663524,
6,XZt,177,15,0.3538097598383152,
6,XZt,178,15,0.34233569947301323,
6,XZt,179,15,0.3290544913305773,
6,XZt,180,15,0.31809236147625036,
6,XZt,181,15,0.30726264321096297,
6,XZt,182,15,0.2993328747761571,
6,XZt,183,15,0.291259978113285,
6,XZt,184,15,0.28678845455939617,
6,XZt,185,15,0.2822058375837883,
6,XZt,186,15,0.2813996025584949,
6,XZt,187,15,0.28266368195943553,
6,XZt,188,15,0.2843441072003937,
6,XZt,189,15,0.28914888421681756,
6,XZt,190,15,0.29441212089454755,
6,XZt,191,15,0.30017115182371906,
6,XZt,192,15,0.30606188943966944,
6,XZt,193,15,0.30858360671568896,
6,XZt,194,15,0.3103387795817763,
6,XZt,195,15,0.30739447824623983,
6,XZt,196,15,0.3053823230275471,
6,XZt,197,15,0.3006597416841314,
6,XZt,198,15,0.2965033134052987,
6,XZt,199,15,0.2923753643556917,
6,XZt,200,15,0.2884948084632222,
6,XZt,201,15,0.2854672209861689,
6,XZt,202,15,0.2829840773325597,
6,XZt,203,15,0.27999331429619523,
6,XZt,204,15,0.2776699578822114,
6,XZt,205,15,0.27644764516033504,
6,XZt,206,15,0.2753345125734666,
6,XZt,207,15,0.2738243369167867,
6,XZt,208,15,0.2731700667659678,
6,XZt,209,15,0.27304862624505305,
6,XZt,210,15,0.2737747728064693,
6,XZt,211,15,0.2766214473216731,
6,XZt,212,15,0.28188305969479455,
6,XZt,213,15,0.29046942885995214,
6,XZt,214,15,0.30325957527420655,
6,XZt,215,15,0.32014888296925703,
6,XZt,216,15,0.3403454745650425,
6,XZt,217,15,0.3654367811538545,
6,XZt,218,15,0.39143691294914773,
6,XZt,219,15,0.4217923224795943,
6,XZt,220,15,0.44862184066395505,
6,XZt,221,15,0.46804937998868423,
6,XZt,222,15,0.4802992595056433,
6,XZt,223,15,0.48065283939563824,
6,XZt,224,15,0.467185332803909,
6,XZt,225,15,0.45262494706044853,
6,XZt,226,15,0.433485570154922,
6,XZt,227,15,0.41916128246398493,
6,XZt,228,15,0.40830327469291827,
6,XZt,229,15,0.39543063399324113,
6,XZt,230,15,0.3884444097631379,
6,XZt,231,15,0.38290564184714404,
6,XZt,232,15,0.37531770831446715,
6,XZt,233,15,0.36559917418939947,
6,XZt,234,15,0.367716464559774,
6,XZt,235,15,0.3620615055354482,
6,XZt,236,15,0.3521717937867519,
6,XZt,237,15,0.354973481159786,
6,XZt,238,15,0.34769371235183455,
6,XZt,239,15,0.34169331165405636,
6,XZt,240,15,0.33808822535807326,
6,XZt,241,15,0.3323040586329985,
6,XZt,242,15,0.3289897002668174,
6,XZt,243,15,0.3274457713853305,
6,XZt,244,15,0.32492263816977096,
6,XZt,245,15,0.320328341110535,
6,XZt,246,15,0.3129811810128282,
6,XZt,247,15,0.31347653239715295,
6,XZt,248,15,0.31363995900878544,
6,XZt,249,15,0.3077030534210138,
6,XZt,250,15,0.31622370191276605,
6,XZt,251,15,0.31001798774440475,
6,XZt,252,15,0.29239359248929164,
6,XZt,253,15,0.26475618112762067,
6,XZt,254,15,0.2660991920689618,
6,XZt,255,15,0.24366249894353992,
6,XZt,256,15,0.2470226577445006,
6,XZt,257,15,0.27008941158642324,
6,XZt,258,15,0.31822608820788917,
6,XZt,259,15,0.27962494057757203,
7,XYt,0,15,0.16489982206874998,
7,XYt,1,15,0.1576870284266993,
7,XYt,2,15,0.15658735482078215,
7,XYt,3,15,0.1573528155353639,
7,XYt,4,15,0.16035217621900966,
7,XYt,5,15,0.16069749590869237,
7,XYt,6,15,0.15879436089720703,
7,XYt,7,15,0.1549747447954042,
7,XYt,8,15,0.15222681700027677,
7,XYt,9,15,0.15208241017268645,
7,XYt,10,15,0.15234667701671162,
7,XYt,11,15,0.15123019150649492,
7,XYt,12,15,0.14889102239913135,
7,XYt,13,15,0.14603528892359416,
7,XYt,14,15,0.1426987334508271,
7,XYt,15,15,0.13739767827443766,
7,XYt,16,15,0.1258807364136364,
7,XYt,17,15,0.11730212537335433,
7,XYt,18,15,0.12028007227688667,
7,XYt,19,15,0.13173381517747174,
7,XYt,20,15,0.14151426762704838,
7,XYt,21,15,0.148472264343777,
7,XYt,22,15,0.15220350650644673,
7,XYt,23,15,0.15209403041234723,
7,XYt,24,15,0.14870596873985759,
7,XYt,25,15,0.1428889860292177,
7,XYt,26,15,0.13557466879498586,
7,XYt,27,15,0.12785555968956416,
7,XYt,28,15,0.1207313548420476,
7,XYt,29,15,0.114579475298682,
7,XYt,30,15,0.10986768221923927,
7,XYt,31,15,0.10789298554348638,
7,XYt,32,15,0.10908960656393278,
7,XYt,33,15,0.11378703085881688,
7,XYt,34,15,0.12248691544679206,
7,XYt,35,15,0.13636216990542782,
7,XYt,36,15,0.15887752369524247,
7,XYt,37,15,0.19528471752360402,
7,XYt,38,15,0.2537879219113915,
7,XYt,39,15,0.3418199380848052,
7,XYt,40,15,0.4505586469216705,
7,XYt,41,15,0.5484926802867962,
7,XYt,42,15,0.6113170739064449,
7,XYt,43,15,0.6595582201304325,
7,XYt,44,15,0.7000710796004241,
7,XYt,45,15,0.7249729274106779,
7,XYt,46,15,0.7200536012077912,
7,XYt,47,15,0.6697507085928912,
7,XYt,48,15,0.622978881111947,
7,XYt,49,15,0.5994399275673616,
7,XYt,50,15,0.5940951489615037,
7,XYt,51,15,0.6007535792329417,
7,XYt,52,15,0.6145496904549322,
7,XYt,53,15,0.6275823671607731,
7,XYt,54,15,0.6321166030747893,
7,XYt,55,15,0.6214719239540789,
7,XYt,56,15,0.5940808641553538,
7,XYt,57,15,0.5563177067994561,
7,XYt,58,15,0.5210731877761962,
7,XYt,59,15,0.4984739072613186,
7,XYt,60,15,0.48726737734389747,
7,XYt,61,15,0.4809951266887838,
7,XYt,62,15,0.4758861689217569,
7,XYt,63,15,0.47180211165614505,
7,XYt,64,15,0.46787461102871164,
7,XYt,65,15,0.4658837005248663,
7,XYt,66,15,0.46558821269749184,
7,XYt,67,15,0.46636205530388963,
7,XYt,68,15,0.46598951057598575,
7,XYt,69,15,0.4646181962267183,
7,XYt,70,15,0.46332506263749423,
7,XYt,71,15,0.46204596639043943,
7,XYt,72,15,0.46138497106945126,
7,XYt,73,15,0.4588471101070497,
7,XYt,74,15,0.45617551452863975,
7,XYt,75,15,0.45136040175283687,
7,XYt,76,15,0.4443246370861168,
7,XYt,77,15,0.43056120145894167,
7,XYt,78,15,0.4119698985479877,
7,XYt,79,15,0.39472118856897903,
7,XYt,80,15,0.3808312498542155,
7,XYt,81,15,0.3706982704262925,
7,XYt,82,15,0.36415482814757266,
7,XYt,83,15,0.36024613951082146,
7,XYt,84,15,0.3572828986833908,
7,XYt,85,15,0.35492355466340586,
7,XYt,86,15,0.3510875911478438,
7,XYt,87,15,0.34510171261905664,
7,XYt,88,15,0.33735199928267856,
7,XYt,89,15,0.33104847203580284,
7,XYt,90,15,0.3259325686381956,
7,XYt,91,15,0.32336911836968424,
7,XYt,92,15,0.32100881171980233,
7,XYt,93,15,0.31828911340299826,
7,XYt,94,15,0.31509970912998553,
7,XYt,95,15,0.31384937930384366,
7,XYt,96,15,0.3113533919442351,
7,XYt,97,15,0.309579112168802,
7,XYt,98,15,0.3088444162071193,
7,XYt,99,15,0.3089442580995879,
7,XYt,100,15,0.30757058206623084,
7,XYt,101,15,0.3056267771099479,
7,XYt,102,15,0.3037025782104222,
7,XYt,103,15,0.3007750752260229,
7,XYt,104,15,0.29773706513792936,
7,XYt,105,15,0.2957257092765608,
7,XYt,106,15,0.2936941716872541,
7,XYt,107,15,0.2921814773774485,
7,XYt,108,15,0.2915992023611158,
7,XYt,109,15,0.29143020336805575,
7,XYt,110,15,0.2916018481672327,
7,XYt,111,15,0.2926563045844858,
7,XYt,112,15,0.29444840295744484,
7,XYt,113,15,0.29756003876138415,
7,XYt,114,15,0.3003403062017196,
7,XYt,115,15,0.3038475062951926,
7,XYt,116,15,0.30955332634444355,
7,XYt,117,15,0.3164692131165661,
7,XYt,118,15,0.32105574363797595,
7,XYt,119,15,0.3245704529001796,
7,XYt,120,15,0.32594105957196456,
7,XYt,121,15,0.32214611003996585,
7,XYt,122,15,0.3215462368414874,
7,XYt,123,15,0.323947832268379,
7,XYt,124,15,0.3268329289196788,
7,XYt,125,15,0.3288379911679888,
7,XYt,126,15,0.33086525964506625,
7,XYt,127,15,0.3335302654184105,
7,XYt,128,15,0.3369800365807095,
7,XYt,129,15,0.33991457982161893,
7,XYt,130,15,0.34132412097388465,
7,XYt,131,15,0.3418174460859675,
7,XYt,132,15,0.3435540632593015,
7,XYt,133,15,0.34726935798044006,
7,XYt,134,15,0.35255597493170693,
7,XYt,135,15,0.3588613412689511,
7,XYt,136,15,0.367005817527308,
7,XYt,137,15,0.3744543313202382,
7,XYt,138,15,0.38320737007250966,
7,XYt,139,15,0.393412671046322,
7,XYt,140,15,0.39674251695677143,
7,XYt,141,15,0.3923802338980707,
7,XYt,142,15,0.3875442049343596,
7,XYt,143,15,0.3839981541812792,
7,XYt,144,15,0.38207665893817533,
7,XYt,145,15,0.38072893905789784,
7,XYt,146,15,0.37972191357575624,
7,XYt,147,15,0.37870970658093916,
7,XYt,148,15,0.37732585992294365,
7,XYt,149,15,0.3759084731174687,
7,XYt,150,15,0.37404499718211887,
7,XYt,151,15,0.3727232540954168,
7,XYt,152,15,0.37199223666904135,
7,XYt,153,15,0.37089530965870626,
7,XYt,154,15,0.3685939142408514,
7,XYt,155,15,0.3659350967643732,
7,XYt,156,15,0.36367941517657687,
7,XYt,157,15,0.3576903858383782,
7,XYt,158,15,0.34760789223980515,
7,XYt,159,15,0.3382067940431046,
7,XYt,160,15,0.33064941169465273,
7,XYt,161,15,0.3220997538225029,
7,XYt,162,15,0.31392169421085236,
7,XYt,163,15,0.3075908501210007,
7,XYt,164,15,0.30171554306664794,
7,XYt,165,15,0.29540491239400396,
7,XYt,166,15,0.2876925273893131,
7,XYt,167,15,0.2787684788560102,
7,XYt,168,15,0.27110570125689987,
7,XYt,169,15,0.26701310841474746,
7,XYt,170,15,0.2649713663731393,
7,XYt,171,15,0.26394339717508664,
7,XYt,172,15,0.2633937958164317,
7,XYt,173,15,0.2622845833594275,
7,XYt,174,15,0.26111747812114994,
7,XYt,175,15,0.2595935423552387,
7,XYt,176,15,0.2570537056021,
7,XYt,177,15,0.254719548264118,
7,XYt,178,15,0.2538298933490892,
7,XYt,179,15,0.2529100060048208,
7,XYt,180,15,0.2504346325704106,
7,XYt,181,15,0.24855875634240987,
7,XYt,182,15,0.24819675974406943,
7,XYt,183,15,0.24788172560466204,
7,XYt,184,15,0.24821380276041408,
7,XYt,185,15,0.24769160028718043,
7,XYt,186,15,0.24575260348084524,
7,XYt,187,15,0.2430966254515309,
7,XYt,188,15,0.24279210863230202,
7,XYt,189,15,0.2442068868382618,
7,XYt,190,15,0.24676931746647346,
7,XYt,191,15,0.24997787817203224,
7,XYt,192,15,0.25138288909865864,
7,XYt,193,15,0.24971064426377423,
7,XYt,194,15,0.24848675313343585,
7,XYt,195,15,0.24959371939661965,
7,XYt,196,15,0.2537985278318325,
7,XYt,197,15,0.26004713538402674,
7,XYt,198,15,0.2667102250645577,
7,XYt,199,15,0.2723040168690555,
7,XYt,200,15,0.27705786995265397,
7,XYt,201,15,0.2784697592525322,
7,XYt,202,15,0.27826266708488584,
7,XYt,203,15,0.27872485249514184,
7,XYt,204,15,0.27898291874411196,
7,XYt,205,15,0.2806799270022642,
7,XYt,206,15,0.28469948873792855,
7,XYt,207,15,0.2906120342812814,
7,XYt,208,15,0.29925394610558914,
7,XYt,209,15,0.3070156594509044,
7,XYt,210,15,0.31308102757646894,
7,XYt,211,15,0.31775060887645185,
7,XYt,212,15,0.3207697914762535,
7,XYt,213,15,0.3236316079282848,
7,XYt,214,15,0.32850718073173557,
7,XYt,215,15,0.3350973834122072,
7,XYt,216,15,0.34388740481213337,
7,XYt,217,15,0.35280073980530563,
7,XYt,218,15,0.3655730094506651,
7,XYt,219,15,0.38190633697177434,
7,XYt,220,15,0.39000227945340743,
7,XYt,221,15,0.3932403373652831,
7,XYt,222,15,0.39759585081541454,
7,XYt,223,15,0.40070093493647285,
7,XYt,224,15,0.4019670944703772,
7,XYt,225,15,0.40144863738666253,
7,XYt,226,15,0.3990769190368464,
7,XYt,227,15,0.3960694273034155,
7,XYt,228,15,0.3929838639652998,
7,XYt,229,15,0.38980310858491696,
7,XYt,230,15,0.38655604536634186,
7,XYt,231,15,0.3812499548203554,
7,XYt,232,15,0.37420758373961005,
7,XYt,233,15,0.3656924341921002,
7,XYt,234,15,0.3559045104411999,
7,XYt,235,15,0.34417058508489845,
7,XYt,236,15,0.3292771352705102,
7,XYt,237,15,0.31339791619762203,
7,XYt,238,15,0.30251866708889374,
7,XYt,239,15,0.2976961953976558,
7,XYt,240,15,0.29556576289741865,
7,XYt,241,15,0.29503648469473726,
7,XYt,242,15,0.294943880158889,
7,XYt,243,15,0.2950689028647079,
7,XYt,244,15,0.2956359081825584,
7,XYt,245,15,0.29645302038410876,
7,XYt,246,15,0.2959057169872786,
7,XYt,247,15,0.29665002390684425,
7,XYt,248,15,0.2981838344710565,
7,XYt,249,15,0.2988476391356586,
7,XYt,250,15,0.29906765202274155,
7,XYt,251,15,0.29884771345213573,
7,XYt,252,15,0.29854638773738446,
7,XYt,253,15,0.2983087623165359,
7,XYt,254,15,0.2996112849298088,
7,XYt,255,15,0.29925371556339947,
7,XYt,256,15,0.2957007967543562,
7,XYt,257,15,0.28143605931891785,
7,XYt,258,15,0.24511937738258033,
7,XYt,259,15,0.2031733189305102,
7,XYt,260,15,0.18415779390273923,
7,XYt,261,15,0.18048648284155167,
7,XYt,262,15,0.17867134630857937,
7,XYt,263,15,0.17735651654076026,
7,XYt,264,15,0.17693137479886223,
7,XYt,265,15,0.17580047573132349,
7,XYt,266,15,0.17494360035567866,
7,XYt,267,15,0.1744131986238815,
7,XYt,268,15,0.1752222478498934,
7,XYt,269,15,0.17603726394341151,
7,XYt,270,15,0.17779295928915598,
7,XYt,271,15,0.17831336095016648,
7,XYt,272,15,0.17787566144181363,
7,XYt,273,15,0.17774240350645854,
7,XYt,274,15,0.17885003537945074,
7,XYt,275,15,0.17987823948196283,
7,XYt,276,15,0.18013532902376167,
7,XYt,277,15,0.17960780605329935,
7,XYt,278,15,0.17870428240319347,
7,XYt,279,15,0.17752199756703324,
7,XYt,280,15,0.17653360056626094,
7,XYt,281,15,0.1764975355492611,
7,XYt,282,15,0.1775112395798407,
7,XYt,283,15,0.17978572544561228,
7,XYt,284,15,0.18193545747813478,
7,XYt,285,15,0.18301639460417995,
7,XYt,286,15,0.18299800724205684,
7,XYt,287,15,0.18215983925429297,
7,XYt,288,15,0.1803352236411051,
7,XYt,289,15,0.17808947727496288,
7,XYt,290,15,0.1761306977725673,
7,XYt,291,15,0.1754931478715656,
7,XYt,292,15,0.17518407241813974,
7,XYt,293,15,0.17490203409913185,
7,XYt,294,15,0.17537780868760255,
7,XYt,295,15,0.17484780639735206,
7,XYt,296,15,0.17476438695428032,
7,XYt,297,15,0.1754425720791754,
7,XYt,298,15,0.17632402914183476,
7,XYt,299,15,0.17706126339695658,
7,XYt,300,15,0.17935172794728854,
7,XYt,301,15,0.18093482236802053,
7,XYt,302,15,0.1812701506543075,
7,XYt,303,15,0.179394285576533,
7,XYt,304,15,0.17720893527987852,
7,XYt,305,15,0.17598132070250658,
7,XYt,306,15,0.17622121227494106,
7,XYt,307,15,0.1763660082904889,
7,XYt,308,15,0.1773832274921689,
7,XYt,309,15,0.17851097698930232,
7,XYt,310,15,0.18003031399024214,
7,XYt,311,15,0.17992618535807745,
7,XYt,312,15,0.17970265296945745,
7,XYt,313,15,0.1802827496954922,
7,XYt,314,15,0.18112417405583034,
7,XYt,315,15,0.18053784863411904,
7,XYt,316,15,0.17897250189599473,
7,XYt,317,15,0.17730255909428225,
7,XYt,318,15,0.17531519667793166,
7,XYt,319,15,0.17455594686854933,
7,XYt,320,15,0.17447517637344245,
7,XYt,321,15,0.1768797462660484,
7,XYt,322,15,0.17808166329429057,
7,XYt,323,15,0.18081600256222619,
7,XYt,324,15,0.1834746175813976,
7,XYt,325,15,0.2263584541516018,
7,XYt,326,15,0.27617659016468543,
7,XYt,327,15,0.2951549000769491,
7,XYt,328,15,0.30495582978225394,
7,XYt,329,15,0.3088477116778694,
7,XYt,330,15,0.3070425946827807,
7,XYt,331,15,0.30534756519320644,
7,XYt,332,15,0.3027907608905721,
7,XYt,333,15,0.3038958311301084,
7,XYt,334,15,0.3061171165889132,
7,XYt,335,15,0.312577664621783,
7,XYt,336,15,0.31632241439447567,
7,XYt,337,15,0.3195358186468525,
7,XYt,338,15,0.3217559995675153,
7,XYt,339,15,0.3283486847277109,
7,XYt,340,15,0.3362999517601217,
7,XYt,341,15,0.34030145073145457,
7,XYt,342,15,0.34719405845829965,
7,XYt,343,15,0.3565497915204079,
7,XYt,344,15,0.360986694577352,
7,XYt,345,15,0.36434335808014046,
7,XYt,346,15,0.3676689466149284,
7,XYt,347,15,0.3703305546539425,
7,XYt,348,15,0.3721655803724988,
7,XYt,349,15,0.3731123662606872,
7,XYt,350,15,0.3725713732084253,
7,XYt,351,15,0.3734595807864299,
7,XYt,352,15,0.37893643980929986,
7,XYt,353,15,0.3799455103648036,
7,XYt,354,15,0.3800155843110896,
7,XYt,355,15,0.3769197282438901,
7,XYt,356,15,0.3719624931437291,
7,XYt,357,15,0.3609739830688594,
7,XYt,358,15,0.3438963243297369,
7,XYt,359,15,0.3325579907408222,
7,XYt,360,15,0.3248706479333225,
7,XYt,361,15,0.3188464325574503,
7,XYt,362,15,0.3142083360237779,
7,XYt,363,15,0.3140320958623846,
7,XYt,364,15,0.31691867511325383,
7,XYt,365,15,0.31663870607186784,
7,XYt,366,15,0.3150476373593561,
7,XYt,367,15,0.31345183661125703,
7,XYt,368,15,0.3153180102347551,
7,XYt,369,15,0.3137877237026234,
7,XYt,370,15,0.31126599220184475,
7,XYt,371,15,0.3088874424351935,
7,XYt,372,15,0.30457959702208964,
7,XYt,373,15,0.3015021827862946,
7,XYt,374,15,0.2997062317522069,
7,XYt,375,15,0.29908211397880424,
7,XYt,376,15,0.2946370618565416,
7,XYt,377,15,0.2894744991879902,
7,XYt,378,15,0.28200872025040963,
7,XYt,379,15,0.27636614528888603,
7,XYt,380,15,0.27190800945655336,
7,XYt,381,15,0.27275550864317566,
7,XYt,382,15,0.2742843073093804,
7,XYt,383,15,0.2741527655040903,
7,XYt,384,15,0.27006419005001453,
7,XYt,385,15,0.26247981356307365,
7,XYt,386,15,0.2595647005891621,
7,XYt,387,15,0.26282035033781315,
7,XYt,388,15,0.263564070965041,
7,XYt,389,15,0.265588842519092,
7,XYt,390,15,0.26729046977696047,
7,XYt,391,15,0.26899435916797004,
7,XYt,392,15,0.26964338927122244,
7,XYt,393,15,0.27073348928154767,
7,XYt,394,15,0.2704078239467583,
7,XYt,395,15,0.2704394487289272,
7,XYt,396,15,0.2723331569414962,
7,XYt,397,15,0.27466530559413926,
7,XYt,398,15,0.2768729915942028,
7,XYt,399,15,0.2776208934314551,
7,XYt,400,15,0.2781007598454913,
7,XYt,401,15,0.27711055791584144,
7,XYt,402,15,0.2751809108129324,
7,XYt,403,15,0.27300433418626935,
7,XYt,404,15,0.2720602229124057,
7,XYt,405,15,0.27139248883947065,
7,XYt,406,15,0.27364743735011154,
7,XYt,407,15,0.2761699850759032,
7,XYt,408,15,0.2802780570101131,
7,XYt,409,15,0.28360150164906883,
7,XYt,410,15,0.2854291655466296,
7,XYt,411,15,0.2801871380153453,
7,XYt,412,15,0.2817455458718706,
7,XYt,413,15,0.28494244506601735,
7,XYt,414,15,0.2881918238734667,
7,XYt,415,15,0.29174307938097527,
7,XYt,416,15,0.2979494262728389,
7,XYt,417,15,0.30547857096412556,
7,XYt,418,15,0.3110980272412023,
7,XYt,419,15,0.31394073613289686,
7,XYt,420,15,0.3152994224786757,
7,XYt,421,15,0.31459173804318974,
7,XYt,422,15,0.317691240015678,
7,XYt,423,15,0.3191186534473728,
7,XYt,424,15,0.3202460320202322,
7,XYt,425,15,0.32131408219222635,
7,XYt,426,15,0.32158840270617944,
7,XYt,427,15,0.3208415904755422,
7,XYt,428,15,0.322409519313211,
7,XYt,429,15,0.32527960686416935,
7,XYt,430,15,0.3295479104562417,
7,XYt,431,15,0.3344639944393092,
7,XYt,432,15,0.34081082596540363,
7,XYt,433,15,0.34741326152791285,
7,XYt,434,15,0.3554217894857155,
7,XYt,435,15,0.36578510223232186,
7,XYt,436,15,0.3842896007685655,
7,XYt,437,15,0.39514180124213927,
7,XYt,438,15,0.39759929736973576,
7,XYt,439,15,0.39872871957721395,
7,XYt,440,15,0.40060561404614803,
7,XYt,441,15,0.40157545376749704,
7,XYt,442,15,0.403114965323062,
7,XYt,443,15,0.4027199155355989,
7,XYt,444,15,0.40167293853179875,
7,XYt,445,15,0.3982838901277654,
7,XYt,446,15,0.39413471782700743,
7,XYt,447,15,0.38949484914270943,
7,XYt,448,15,0.3846737779515629,
7,XYt,449,15,0.3784534339094971,
7,XYt,450,15,0.37240005022052103,
7,XYt,451,15,0.3644465232512845,
7,XYt,452,15,0.3558194627146466,
7,XYt,453,15,0.34574844747210043,
7,XYt,454,15,0.3327772270616447,
7,XYt,455,15,0.3192765433332061,
7,XYt,456,15,0.31206555253550605,
7,XYt,457,15,0.3093558503938806,
7,XYt,458,15,0.30960572526573593,
7,XYt,459,15,0.3095259391055867,
7,XYt,460,15,0.3091913821188643,
7,XYt,461,15,0.3087891414440761,
7,XYt,462,15,0.30849260979819365,
7,XYt,463,15,0.3093787517519396,
7,XYt,464,15,0.31137611805175636,
7,XYt,465,15,0.3117658842506667,
7,XYt,466,15,0.30319627029360174,
7,XYt,467,15,0.26738566338026265,
7,XYt,468,15,0.21365427747910468,
7,XYt,469,15,0.18420641831280093,
7,XYt,470,15,0.17839424695467232,
7,XYt,471,15,0.17739335653842114,
7,XYt,472,15,0.17606885602431052,
7,XYt,473,15,0.17497091050031174,
7,XYt,474,15,0.1729061234745175,
7,XYt,475,15,0.1706115134077721,
7,XYt,476,15,0.16834115449807777,
7,XYt,477,15,0.1670293119379718,
7,XYt,478,15,0.1657984676986219,
7,XYt,479,15,0.16525919114568105,
7,XYt,480,15,0.16457322904062313,
7,XYt,481,15,0.16413624982794603,
7,XYt,482,15,0.1649796259006257,
7,XYt,483,15,0.16592193028825716,
7,XYt,484,15,0.16648382934407105,
7,XYt,485,15,0.16653778862772273,
7,XYt,486,15,0.16592571774063672,
7,XYt,487,15,0.1648316857846549,
7,XYt,488,15,0.16520228590870975,
7,XYt,489,15,0.16646838006154674,
7,XYt,490,15,0.16847678171533065,
7,XYt,491,15,0.16974528869395789,
7,XYt,492,15,0.17061680368314472,
7,XYt,493,15,0.17063555117383705,
7,XYt,494,15,0.17107242585062804,
7,XYt,495,15,0.17021347526327868,
7,XYt,496,15,0.16926751293370887,
7,XYt,497,15,0.16739020474332622,
7,XYt,498,15,0.16514979364367605,
7,XYt,499,15,0.1622371617912182,
7,XYt,500,15,0.1593993329441071,
7,XYt,501,15,0.158613205303377,
7,XYt,502,15,0.15927909881977287,
7,XYt,503,15,0.16005957732846,
7,XYt,504,15,0.16083246303069879,
7,XYt,505,15,0.16122334376547126,
7,XYt,506,15,0.16078180131470118,
7,XYt,507,15,0.16002064184005677,
7,XYt,508,15,0.16085538855548112,
7,XYt,509,15,0.1614876463223507,
7,XYt,510,15,0.1612146129050299,
7,XYt,511,15,0.16142841853769357,
7,XYt,512,15,0.1619255412559488,
7,XYt,513,15,0.1626668907753159,
7,XYt,514,15,0.16307761404141535,
7,XYt,515,15,0.16365461733691752,
7,XYt,516,15,0.16302608992225662,
7,XYt,517,15,0.1625504647569883,
7,XYt,518,15,0.16123358917158168,
7,XYt,519,15,0.16049223885744893,
7,XYt,520,15,0.15929546144105655,
7,XYt,521,15,0.15767497420437782,
7,XYt,522,15,0.15450884497708625,
7,XYt,523,15,0.15229171300122274,
7,XYt,524,15,0.1524448335333895,
7,XYt,525,15,0.15299530875894626,
7,XYt,526,15,0.15322273776594172,
7,XYt,527,15,0.15345982575554798,
7,XYt,528,15,0.15328735533841675,
7,XYt,529,15,0.15263054545116234,
7,XYt,530,15,0.15085654836501194,
7,XYt,531,15,0.15050750590663003,
7,XYt,532,15,0.15319611488326945,
7,XYt,533,15,0.16412861877652138,
7,XYt,534,15,0.19363507642800815,
7,XYt,535,15,0.23853882000710916,
7,XYt,536,15,0.27497659063913754,
7,XYt,537,15,0.28863753176449813,
7,XYt,538,15,0.29349292140283356,
7,XYt,539,15,0.29510377547127314,
7,XYt,540,15,0.2980978680405815,
7,XYt,541,15,0.2957258838980201,
7,XYt,542,15,0.2899006984593438,
7,XYt,543,15,0.2836161145287476,
7,XYt,544,15,0.2804273127678784,
7,XYt,545,15,0.28059127359683533,
7,XYt,546,15,0.2846176863342376,
7,XYt,547,15,0.2880499737693676,
7,XYt,548,15,0.2841560604419768,
7,XYt,549,15,0.27868641842990594,
7,XYt,550,15,0.27447075741917,
7,XYt,551,15,0.2722956957012407,
7,XYt,552,15,0.27046323708745196,
7,XYt,553,15,0.26975942554913857,
7,XYt,554,15,0.2690955570530942,
7,XYt,555,15,0.2686818472108575,
7,XYt,556,15,0.26790428073341127,
7,XYt,557,15,0.2665801431457576,
7,XYt,558,15,0.2639787404765562,
7,XYt,559,15,0.2589974464423095,
7,XYt,560,15,0.24930582019004563,
7,XYt,561,15,0.23769101285591956,
7,XYt,562,15,0.23209632519953044,
7,XYt,563,15,0.23341512385618218,
7,XYt,564,15,0.2346757913107969,
7,XYt,565,15,0.233291415162879,
7,XYt,566,15,0.22843878709199217,
7,XYt,567,15,0.22367342457027053,
7,XYt,568,15,0.2190412245314052,
7,XYt,569,15,0.21439796120702073,
7,XYt,570,15,0.2087374227458169,
7,XYt,571,15,0.2012988421682444,
7,XYt,572,15,0.19467590968316198,
7,XYt,573,15,0.191371371865608,
7,XYt,574,15,0.19083187414344774,
7,XYt,575,15,0.19196222619693568,
7,XYt,576,15,0.1940898258798779,
7,XYt,577,15,0.1962969243588604,
7,XYt,578,15,0.19734994093829525,
7,XYt,579,15,0.19856915469193778,
7,XYt,580,15,0.19985336933396963,
7,XYt,581,15,0.20164623125322362,
7,XYt,582,15,0.20206674188450285,
7,XYt,583,15,0.20125826154512103,
7,XYt,657,15,0.25423692335648923,
7,XYt,658,15,0.2552512140449071,
7,XYt,659,15,0.25637208266753186,
7,XYt,660,15,0.2571084101856853,
7,XYt,661,15,0.258444830751212,
7,XYt,662,15,0.2606886091915935,
7,XYt,663,15,0.26421967055013273,
7,XYt,664,15,0.2693040615368575,
7,XYt,665,15,0.2758297658153576,
7,XYt,666,15,0.2793165487633036,
7,XYt,667,15,0.28007408447850207,
7,XYt,668,15,0.2801196809874598,
7,XYt,669,15,0.2821337223998101,
7,XYt,670,15,0.28408471201152896,
7,XYt,671,15,0.28460701460120225,
7,XYt,672,15,0.2800972725147135,
7,XYt,673,15,0.2735486137778762,
7,XYt,674,15,0.26305088706441654,
7,XYt,675,15,0.24651439092049876,
7,XYt,676,15,0.22531041942864763,
7,XYt,677,15,0.19978290542594027,
7,XYt,678,15,0.17391292602441114,
7,XYt,679,15,0.15593384114205355,
7,XYt,680,15,0.14490558509904483,
7,XYt,681,15,0.138534112181049,
7,XYt,682,15,0.13510631888089394,
7,XYt,683,15,0.13414377892602636,
7,XYt,684,15,0.13352931370363055,
7,XYt,685,15,0.1341927570164035,
7,XYt,686,15,0.13473410291334628,
7,XYt,687,15,0.13588136831002812,
7,XYt,688,15,0.1371397827018238,
7,XYt,689,15,0.1376808844267661,
7,XYt,690,15,0.13826643622818227,
7,XYt,691,15,0.13848325287887034,
7,XYt,692,15,0.1387351356024375,
7,XYt,693,15,0.13804734436221375,
7,XYt,694,15,0.1376040662723837,
7,XYt,695,15,0.13677206288434804,
7,XYt,696,15,0.13569232201600342,
7,XYt,697,15,0.13515725009738697,
7,XYt,698,15,0.13472767485085954,
7,XYt,699,15,0.13441287225930426,
7,XYt,700,15,0.1342298488788469,
7,XYt,701,15,0.1347738499694305,
7,XYt,702,15,0.13472547289361322,
7,XYt,703,15,0.13562379607194805,
7,XYt,704,15,0.1364905689399053,
7,XYt,705,15,0.1378828123200326,
7,XYt,706,15,0.13952062052938427,
7,XYt,707,15,0.1418557564671729,
7,XYt,708,15,0.14704733589993493,
7,XYt,709,15,0.18792668078656866,
7,XYt,710,15,0.17411892930525497,
7,XYt,711,15,0.19073704642289113,
7,XYt,712,15,0.19254119871780448,
7,XYt,713,15,0.19656902952889369,
7,XYt,714,15,0.1957606510109483,
7,XYt,715,15,0.187670470284836,
7,XYt,716,15,0.1728104140003108,
7,XYt,717,15,0.1599975574556728,
7,XYt,718,15,0.15461543021194618,
7,XYt,719,15,0.1679352502398667,
7,XYt,720,15,0.19367030371481742,
7,XYt,721,15,0.21985827147082013,
7,XYt,722,15,0.24425659637274255,
7,XYt,723,15,0.2720943964908322,
7,XYt,724,15,0.3066965492333561,
7,XYt,725,15,0.34125458471736364,
7,XYt,726,15,0.36240499183790315,
7,XYt,727,15,0.36418261420714415,
7,XYt,584,15,0.20049626854956615,
7,XYt,585,15,0.19955673886741182,
7,XYt,586,15,0.1992305930117998,
7,XYt,587,15,0.20057409375965818,
7,XYt,588,15,0.19823155560000078,
7,XYt,589,15,0.19265209336277758,
7,XYt,590,15,0.18555348519262602,
7,XYt,591,15,0.179724991920131,
7,XYt,592,15,0.17717109580667087,
7,XYt,593,15,0.17670496250261986,
7,XYt,594,15,0.1766733450218784,
7,XYt,595,15,0.17647772183471028,
7,XYt,596,15,0.17682493471297733,
7,XYt,597,15,0.17721950661816926,
7,XYt,598,15,0.1775438276271393,
7,XYt,599,15,0.17807836871026986,
7,XYt,600,15,0.17890019346561079,
7,XYt,601,15,0.18083755835801807,
7,XYt,602,15,0.1823134815481541,
7,XYt,603,15,0.18302016650011416,
7,XYt,604,15,0.18357875410447,
7,XYt,605,15,0.18381677757085083,
7,XYt,606,15,0.18399341672314243,
7,XYt,607,15,0.18418065375599837,
7,XYt,608,15,0.18436698545440655,
7,XYt,609,15,0.18391398077797563,
7,XYt,610,15,0.18316125361611255,
7,XYt,611,15,0.18189371129750262,
7,XYt,612,15,0.1802402989796775,
7,XYt,613,15,0.1783724689068903,
7,XYt,614,15,0.17660241145035133,
7,XYt,615,15,0.17540611681334328,
7,XYt,616,15,0.17426615810732995,
7,XYt,617,15,0.1731392318888661,
7,XYt,618,15,0.1734215522996726,
7,XYt,619,15,0.17440378971481596,
7,XYt,620,15,0.173381007831819,
7,XYt,621,15,0.17449289308318502,
7,XYt,622,15,0.17848294522881564,
7,XYt,623,15,0.18447183624995872,
7,XYt,624,15,0.18965059594118341,
7,XYt,625,15,0.19693692996007447,
7,XYt,626,15,0.20075069899747433,
7,XYt,627,15,0.20228025154144175,
7,XYt,628,15,0.20382812041361098,
7,XYt,629,15,0.20489962726684877,
7,XYt,630,15,0.20525875829678467,
7,XYt,631,15,0.2041395601763941,
7,XYt,632,15,0.20148497084635855,
7,XYt,633,15,0.19913848890886848,
7,XYt,634,15,0.19693583847446458,
7,XYt,635,15,0.1940151851318316,
7,XYt,636,15,0.19103067302381938,
7,XYt,637,15,0.18880533994235874,
7,XYt,638,15,0.18735415373718145,
7,XYt,639,15,0.18687270074307402,
7,XYt,640,15,0.1887004693207975,
7,XYt,641,15,0.19390505001987293,
7,XYt,642,15,0.20079397627775414,
7,XYt,643,15,0.20673187707870322,
7,XYt,644,15,0.21085111536940257,
7,XYt,645,15,0.21428457371624635,
7,XYt,646,15,0.21800954919670412,
7,XYt,647,15,0.22167061548136008,
7,XYt,648,15,0.22345116355200972,
7,XYt,649,15,0.22435212242417885,
7,XYt,650,15,0.22490069116793604,
7,XYt,651,15,0.2254625009408216,
7,XYt,652,15,0.2345377505619383,
7,XYt,653,15,0.2450872125864115,
7,XYt,654,15,0.2501828889721037,
7,XYt,655,15,0.2522175415992178,
7,XYt,656,15,0.25314955209049933,
7,YZt,0,15,0.1810398568394126,
7,YZt,1,15,0.2948747118007821,
7,YZt,2,15,0.26059811687294326,
7,YZt,3,15,0.24437791459584046,
7,YZt,4,15,0.23143970092283786,
7,YZt,5,15,0.2346615121251909,
7,YZt,6,15,0.23719662563107627,
7,YZt,7,15,0.2450843330745248,
7,YZt,8,15,0.26295387239944273,
7,YZt,9,15,0.2667310921345569,
7,YZt,10,15,0.26132674452296145,
7,YZt,11,15,0.2661263179997261,
7,YZt,12,15,0.2667097591650409,
7,YZt,13,15,0.2655020786215556,
7,YZt,14,15,0.27062653499511913,
7,YZt,15,15,0.27698862208065594,
7,YZt,16,15,0.2782107650970178,
7,YZt,17,15,0.28095847966096105,
7,YZt,18,15,0.2840224211997104,
7,YZt,19,15,0.2896671991959967,
7,YZt,20,15,0.2959190235648941,
7,YZt,21,15,0.29893750812034475,
7,YZt,22,15,0.30424856538523787,
7,YZt,23,15,0.3041914136537004,
7,YZt,24,15,0.3139122736688684,
7,YZt,25,15,0.31774968262738845,
7,YZt,26,15,0.3171422052746142,
7,YZt,27,15,0.3251162095195057,
7,YZt,28,15,0.3299239839522068,
7,YZt,29,15,0.328835421093981,
7,YZt,30,15,0.3363590647048789,
7,YZt,31,15,0.3410581133966299,
7,YZt,32,15,0.34635521961630406,
7,YZt,33,15,0.35208242583282046,
7,YZt,34,15,0.3575488515068744,
7,YZt,35,15,0.36020222051981415,
7,YZt,36,15,0.369805085056728,
7,YZt,37,15,0.37434524155955406,
7,YZt,38,15,0.37527079105919187,
7,YZt,39,15,0.37235170165747866,
7,YZt,40,15,0.36670928494050636,
7,YZt,41,15,0.35938721077595126,
7,YZt,42,15,0.3536490434481092,
7,YZt,43,15,0.3436955806964952,
7,YZt,44,15,0.3329454475349327,
7,YZt,45,15,0.322175166221519,
7,YZt,46,15,0.31152504662382424,
7,YZt,47,15,0.3017861659117822,
7,YZt,48,15,0.2941745095942913,
7,YZt,49,15,0.29025980547018676,
7,YZt,50,15,0.28600702676940526,
7,YZt,51,15,0.28291692283205105,
7,YZt,52,15,0.2826915110243636,
7,YZt,53,15,0.2845355637960727,
7,YZt,54,15,0.2867031741801528,
7,YZt,55,15,0.29218685864952026,
7,YZt,56,15,0.30115159877197784,
7,YZt,57,15,0.3113515804221967,
7,YZt,58,15,0.3219864917586925,
7,YZt,59,15,0.33710623493454317,
7,YZt,60,15,0.3561188534622763,
7,YZt,61,15,0.37425073389954544,
7,YZt,62,15,0.3930685152697547,
7,YZt,63,15,0.4035932978381283,
7,YZt,64,15,0.3928861396438853,
7,YZt,65,15,0.36952476507151416,
7,YZt,66,15,0.3250297729339014,
7,YZt,67,15,0.2770434379450715,
7,YZt,68,15,0.2387489088746034,
7,YZt,69,15,0.21165767281677647,
7,YZt,70,15,0.19502635465345475,
7,YZt,71,15,0.1822272822513836,
7,YZt,72,15,0.1744018763901435,
7,YZt,73,15,0.16585581384058473,
7,YZt,74,15,0.16059258865838294,
7,YZt,75,15,0.1559448435536433,
7,YZt,76,15,0.15278691511872436,
7,YZt,77,15,0.14908227320303222,
7,YZt,78,15,0.1480726780044664,
7,YZt,79,15,0.14660539000712752,
7,YZt,80,15,0.14724081883587867,
7,YZt,81,15,0.14788513099262224,
7,YZt,82,15,0.1491646464538085,
7,YZt,83,15,0.15203989710529509,
7,YZt,84,15,0.15422555295709572,
7,YZt,85,15,0.15720229427423266,
7,YZt,86,15,0.1600079769428476,
7,YZt,87,15,0.1633001735344153,
7,YZt,88,15,0.16745302618911306,
7,YZt,89,15,0.17014843709325503,
7,YZt,90,15,0.1736970987867922,
7,YZt,91,15,0.1770182545330846,
7,YZt,92,15,0.17956430673002408,
7,YZt,93,15,0.18244219598831177,
7,YZt,94,15,0.18569844976813307,
7,YZt,95,15,0.18832106875342863,
7,YZt,96,15,0.19101578165895292,
7,YZt,97,15,0.19443275338835722,
7,YZt,98,15,0.1974085741712358,
7,YZt,99,15,0.19980992652869914,
7,YZt,100,15,0.20313277076252342,
7,YZt,101,15,0.20679320876606883,
7,YZt,102,15,0.21040551083073558,
7,YZt,103,15,0.2138026987116444,
7,YZt,104,15,0.21784768609084496,
7,YZt,105,15,0.22237890243681038,
7,YZt,106,15,0.22773626074902273,
7,YZt,107,15,0.23380580578272148,
7,YZt,108,15,0.24078658794407568,
7,YZt,109,15,0.24916019157050134,
7,YZt,110,15,0.25827840201643376,
7,YZt,111,15,0.26702113012619466,
7,YZt,112,15,0.27639596632975744,
7,YZt,113,15,0.28382880348903894,
7,YZt,114,15,0.29018837101857486,
7,YZt,115,15,0.2947624476772104,
7,YZt,116,15,0.2998398673009238,
7,YZt,117,15,0.3044715107681452,
7,YZt,118,15,0.30836295089579346,
7,YZt,119,15,0.309885606481319,
7,YZt,120,15,0.3097008610442269,
7,YZt,121,15,0.30699202005532034,
7,YZt,122,15,0.30161306244391217,
7,YZt,123,15,0.2953257999852954,
7,YZt,124,15,0.2887187584636976,
7,YZt,125,15,0.28217501651657595,
7,YZt,126,15,0.27758829405202573,
7,YZt,127,15,0.274781403378089,
7,YZt,128,15,0.2735064053477898,
7,YZt,129,15,0.27314900631304456,
7,YZt,130,15,0.27322747756216104,
7,YZt,131,15,0.2733665604991649,
7,YZt,132,15,0.2738133602631795,
7,YZt,133,15,0.27452210639308594,
7,YZt,134,15,0.27515126971694326,
7,YZt,135,15,0.2764169561884178,
7,YZt,136,15,0.27709999754660686,
7,YZt,137,15,0.2771030519155513,
7,YZt,138,15,0.2779269333485844,
7,YZt,139,15,0.27786603711587143,
7,YZt,140,15,0.27780425167532863,
7,YZt,141,15,0.2759958814457265,
7,YZt,142,15,0.27332173600972726,
7,YZt,143,15,0.269913030144168,
7,YZt,144,15,0.2657609279195703,
7,YZt,145,15,0.26116744674155995,
7,YZt,146,15,0.2561789399451434,
7,YZt,147,15,0.25176253661615694,
7,YZt,148,15,0.2482394080297991,
7,YZt,149,15,0.2446595753942651,
7,YZt,150,15,0.24170088595179703,
7,YZt,151,15,0.23857877670908542,
7,YZt,152,15,0.2361932689688987,
7,YZt,153,15,0.2337576532194301,
7,YZt,154,15,0.2313384761735545,
7,YZt,155,15,0.22927002047456466,
7,YZt,156,15,0.22645269365509113,
7,YZt,157,15,0.2227540333613874,
7,YZt,158,15,0.2167570361409606,
7,YZt,159,15,0.2093996240357133,
7,YZt,160,15,0.20136577200594055,
7,YZt,161,15,0.19453380420910482,
7,YZt,162,15,0.1876491766488407,
7,YZt,163,15,0.18080984897287936,
7,YZt,164,15,0.17523596795474908,
7,YZt,165,15,0.16977560534283384,
7,YZt,166,15,0.16405727581906626,
7,YZt,167,15,0.15838449947348818,
7,YZt,168,15,0.15298495990079328,
7,YZt,169,15,0.1469332311524643,
7,YZt,170,15,0.14138013197706673,
7,YZt,171,15,0.1371497171187165,
7,YZt,172,15,0.13263566999798357,
7,YZt,173,15,0.13071053584038214,
7,YZt,174,15,0.1305313696043001,
7,YZt,175,15,0.12989369254923414,
7,YZt,176,15,0.13112437810712202,
7,YZt,177,15,0.13197047117321667,
7,YZt,178,15,0.1353769713494303,
7,YZt,179,15,0.13933746492778043,
7,YZt,180,15,0.1432702032404386,
7,YZt,181,15,0.15038289620387743,
7,YZt,182,15,0.1581896672308902,
7,YZt,183,15,0.17017414837578784,
7,YZt,184,15,0.1855174918474816,
7,YZt,185,15,0.20985543939066897,
7,YZt,186,15,0.2445917609070133,
7,YZt,187,15,0.30179107275217665,
7,YZt,188,15,0.3660660910519952,
7,YZt,189,15,0.43345741929420323,
7,YZt,190,15,0.4831378934425227,
7,YZt,191,15,0.5056594960095676,
7,YZt,192,15,0.5030035583006432,
7,YZt,193,15,0.4896922922676071,
7,YZt,194,15,0.4835361879481248,
7,YZt,195,15,0.46085619764734953,
7,YZt,196,15,0.45171978398813994,
7,YZt,197,15,0.43746295535452656,
7,YZt,198,15,0.4268074797837661,
7,YZt,199,15,0.4209166842282906,
7,YZt,200,15,0.4094790969011321,
7,YZt,201,15,0.40255383590925475,
7,YZt,202,15,0.3986720381144151,
7,YZt,203,15,0.3900997861351432,
7,YZt,204,15,0.3844995632119684,
7,YZt,205,15,0.38267067750760403,
7,YZt,206,15,0.382845736292681,
7,YZt,207,15,0.3772215125317753,
7,YZt,208,15,0.3741106825697227,
7,YZt,209,15,0.37071827509187494,
7,YZt,210,15,0.36797279821314854,
7,YZt,211,15,0.3624939960073785,
7,YZt,212,15,0.3605020779356948,
7,YZt,213,15,0.36007132393947855,
7,YZt,214,15,0.35954986108691045,
7,YZt,215,15,0.3585800689862014,
7,YZt,216,15,0.35683949058629183,
7,YZt,217,15,0.35587814327057,
7,YZt,218,15,0.34875426714896585,
7,YZt,219,15,0.34712885655463943,
7,YZt,220,15,0.34397921021901273,
7,YZt,221,15,0.3422177614472811,
7,YZt,222,15,0.3388730055382027,
7,YZt,223,15,0.33608849259711016,
7,YZt,224,15,0.33069670892171427,
7,YZt,225,15,0.331445012016883,
7,YZt,226,15,0.32826818083555154,
7,YZt,227,15,0.3246903903568479,
7,YZt,228,15,0.32222493258159685,
7,YZt,229,15,0.3188693419553874,
7,YZt,230,15,0.312417034029872,
7,YZt,231,15,0.3131328256047237,
7,YZt,232,15,0.3090480401729653,
7,YZt,233,15,0.3015584620614255,
7,YZt,234,15,0.30159867330938867,
7,YZt,235,15,0.29812825320878855,
7,YZt,236,15,0.29016961244028505,
7,YZt,237,15,0.29130163908357065,
7,YZt,238,15,0.28609404825253004,
7,YZt,239,15,0.28463168097518465,
7,YZt,240,15,0.2794289121218291,
7,YZt,241,15,0.27399080932989733,
7,YZt,242,15,0.2718073277307943,
7,YZt,243,15,0.2699641525481434,
7,YZt,244,15,0.2683172650045385,
7,YZt,245,15,0.26471704205542324,
7,YZt,246,15,0.2592567351309705,
7,YZt,247,15,0.26117314575204836,
7,YZt,248,15,0.2606342795253558,
7,YZt,249,15,0.2569893005443263,
7,YZt,250,15,0.2621854514101502,
7,YZt,251,15,0.2597428544815436,
7,YZt,252,15,0.24596449450027263,
7,YZt,253,15,0.23718570430922684,
7,YZt,254,15,0.23381176697239345,
7,YZt,255,15,0.22907539379151504,
7,YZt,256,15,0.24168840537768882,
7,YZt,257,15,0.2569020070736986,
7,YZt,258,15,0.291983882903024,
7,YZt,259,15,0.18334626154628925,
7,XZt,0,15,0.17846406116316674,
7,XZt,1,15,0.2590020156375279,
7,XZt,2,15,0.224638476904077,
7,XZt,3,15,0.20875172296319905,
7,XZt,4,15,0.202540453729062,
7,XZt,5,15,0.21771401492157555,
7,XZt,6,15,0.22209972587024884,
7,XZt,7,15,0.24315524731534474,
7,XZt,8,15,0.26009840998140576,
7,XZt,9,15,0.26746083231478096,
7,XZt,10,15,0.26242592217762273,
7,XZt,11,15,0.2660930815872836,
7,XZt,12,15,0.2666492911820952,
7,XZt,13,15,0.2654312267622807,
7,XZt,14,15,0.2688438865195775,
7,XZt,15,15,0.27504326740663027,
7,XZt,16,15,0.2766646532867576,
7,XZt,17,15,0.2770538157390036,
7,XZt,18,15,0.27942387880103564,
7,XZt,19,15,0.2847759337704595,
7,XZt,20,15,0.28877767264184817,
7,XZt,21,15,0.29163020546431345,
7,XZt,22,15,0.29680042911174603,
7,XZt,23,15,0.29323750639671636,
7,XZt,24,15,0.3017959374324727,
7,XZt,25,15,0.30533805473063425,
7,XZt,26,15,0.3019163506581505,
7,XZt,27,15,0.3076498401938747,
7,XZt,28,15,0.31163154018086825,
7,XZt,29,15,0.3118804005015421,
7,XZt,30,15,0.31580010222751903,
7,XZt,31,15,0.318178940140835,
7,XZt,32,15,0.3222590206232462,
7,XZt,33,15,0.3245460869317657,
7,XZt,34,15,0.3267602558214813,
7,XZt,35,15,0.3249436907624152,
7,XZt,36,15,0.3315064243422854,
7,XZt,37,15,0.3348789835179061,
7,XZt,38,15,0.3384433150021432,
7,XZt,39,15,0.3431637521661671,
7,XZt,40,15,0.34736117057523674,
7,XZt,41,15,0.35089421084980726,
7,XZt,42,15,0.3594456606174675,
7,XZt,43,15,0.36217480226068355,
7,XZt,44,15,0.36534636780228963,
7,XZt,45,15,0.3673944424269165,
7,XZt,46,15,0.3687031467557783,
7,XZt,47,15,0.3710518282543499,
7,XZt,48,15,0.37305712557422976,
7,XZt,49,15,0.37792565253954996,
7,XZt,50,15,0.38206065775052755,
7,XZt,51,15,0.3866625733209967,
7,XZt,52,15,0.39077009883670055,
7,XZt,53,15,0.3976319336367653,
7,XZt,54,15,0.4012233371530169,
7,XZt,55,15,0.40654291904141626,
7,XZt,56,15,0.413751016819741,
7,XZt,57,15,0.42151578937192946,
7,XZt,58,15,0.42543629208906936,
7,XZt,59,15,0.4323736681794807,
7,XZt,60,15,0.4415485723884438,
7,XZt,61,15,0.4435676725163131,
7,XZt,62,15,0.44930958126287507,
7,XZt,63,15,0.45592066139382964,
7,XZt,64,15,0.45691570674610055,
7,XZt,65,15,0.4676243142501717,
7,XZt,66,15,0.46586886981099546,
7,XZt,67,15,0.46859323429513866,
7,XZt,68,15,0.45903822276715395,
7,XZt,69,15,0.4439566293989274,
7,XZt,70,15,0.42141800528654355,
7,XZt,71,15,0.3960184657834922,
7,XZt,72,15,0.37767042952825874,
7,XZt,73,15,0.35331644889432484,
7,XZt,74,15,0.3367722213810392,
7,XZt,75,15,0.31947925865987736,
7,XZt,76,15,0.3049589726531701,
7,XZt,77,15,0.2895478700363003,
7,XZt,78,15,0.2768885368644231,
7,XZt,79,15,0.26475523015351127,
7,XZt,80,15,0.2544729122840684,
7,XZt,81,15,0.24562648429741746,
7,XZt,82,15,0.2374344457770879,
7,XZt,83,15,0.23131620425266966,
7,XZt,84,15,0.2248471313470465,
7,XZt,85,15,0.22004582229627592,
7,XZt,86,15,0.21570475210484982,
7,XZt,87,15,0.21298787956770984,
7,XZt,88,15,0.21217485514677636,
7,XZt,89,15,0.21014312005758493,
7,XZt,90,15,0.20968431850154193,
7,XZt,91,15,0.2085570785153579,
7,XZt,92,15,0.20696150874864114,
7,XZt,93,15,0.20540109207764862,
7,XZt,94,15,0.20416054831794492,
7,XZt,95,15,0.2017947926714782,
7,XZt,96,15,0.1999191089111591,
7,XZt,97,15,0.19777546761870307,
7,XZt,98,15,0.1950505189375119,
7,XZt,99,15,0.19145090644914892,
7,XZt,100,15,0.18815980513566144,
7,XZt,101,15,0.18531048083437968,
7,XZt,102,15,0.18211109312353618,
7,XZt,103,15,0.17901739049903492,
7,XZt,104,15,0.176141638661796,
7,XZt,105,15,0.1737981164211316,
7,XZt,106,15,0.1714003561314643,
7,XZt,107,15,0.1692189977552764,
7,XZt,108,15,0.1672692120149739,
7,XZt,109,15,0.16578944509472512,
7,XZt,110,15,0.1646403821253329,
7,XZt,111,15,0.1636929967237763,
7,XZt,112,15,0.16317265982261397,
7,XZt,113,15,0.162769918367713,
7,XZt,114,15,0.16229231763922916,
7,XZt,115,15,0.16181971057913466,
7,XZt,116,15,0.16130304007910617,
7,XZt,117,15,0.1607061861639994,
7,XZt,118,15,0.1602426885271957,
7,XZt,119,15,0.16001871266138173,
7,XZt,120,15,0.1597125600116081,
7,XZt,121,15,0.15920819819278828,
7,XZt,122,15,0.1588242732234098,
7,XZt,123,15,0.15863378466261063,
7,XZt,124,15,0.1588407580210263,
7,XZt,125,15,0.15878242166482273,
7,XZt,126,15,0.1589564950391433,
7,XZt,127,15,0.15943625884888937,
7,XZt,128,15,0.16030592792904919,
7,XZt,129,15,0.16113903715099107,
7,XZt,130,15,0.1621662908113275,
7,XZt,131,15,0.1630441612705487,
7,XZt,132,15,0.16408274033860135,
7,XZt,133,15,0.16579148272398458,
7,XZt,134,15,0.16722868279419348,
7,XZt,135,15,0.169193133902066,
7,XZt,136,15,0.17091371593180169,
7,XZt,137,15,0.1728077654662535,
7,XZt,138,15,0.17466214971263602,
7,XZt,139,15,0.1765134266524812,
7,XZt,140,15,0.17801472864217913,
7,XZt,141,15,0.17955721207551448,
7,XZt,142,15,0.181143407733017,
7,XZt,143,15,0.18281413719539144,
7,XZt,144,15,0.18450602924077458,
7,XZt,145,15,0.18632757149907353,
7,XZt,146,15,0.18858994151751932,
7,XZt,147,15,0.19192926243270372,
7,XZt,148,15,0.1954193010134219,
7,XZt,149,15,0.19936589281584569,
7,XZt,150,15,0.20376530579992022,
7,XZt,151,15,0.20872614165531053,
7,XZt,152,15,0.21384498808802543,
7,XZt,153,15,0.22003113666552973,
7,XZt,154,15,0.2264521989047561,
7,XZt,155,15,0.23309142075737865,
7,XZt,156,15,0.24074270156479882,
7,XZt,157,15,0.24937213526144866,
7,XZt,158,15,0.258736563731471,
7,XZt,159,15,0.26786720065499114,
7,XZt,160,15,0.2778949518681573,
7,XZt,161,15,0.28854046052667187,
7,XZt,162,15,0.2996599426149971,
7,XZt,163,15,0.3097411836848415,
7,XZt,164,15,0.3195755472576166,
7,XZt,165,15,0.3297549238485614,
7,XZt,166,15,0.3393258904844819,
7,XZt,167,15,0.3475019619833364,
7,XZt,168,15,0.35514689667922006,
7,XZt,169,15,0.36260470836060066,
7,XZt,170,15,0.36862682194112123,
7,XZt,171,15,0.3748651379023338,
7,XZt,172,15,0.37861722992673663,
7,XZt,173,15,0.3794454459425801,
7,XZt,174,15,0.3770137770652626,
7,XZt,175,15,0.3721902481033408,
7,XZt,176,15,0.36472976578565947,
7,XZt,177,15,0.35476675492914145,
7,XZt,178,15,0.34288898525976563,
7,XZt,179,15,0.33010840554658705,
7,XZt,180,15,0.31850366609131886,
7,XZt,181,15,0.30852986960540085,
7,XZt,182,15,0.29959046636620634,
7,XZt,183,15,0.2924752345946886,
7,XZt,184,15,0.28673932891921394,
7,XZt,185,15,0.2831425254470181,
7,XZt,186,15,0.28090812693886086,
7,XZt,187,15,0.2832792874314627,
7,XZt,188,15,0.28366671580450314,
7,XZt,189,15,0.2890576005376083,
7,XZt,190,15,0.29367757744772516,
7,XZt,191,15,0.29973013910760277,
7,XZt,192,15,0.30549695212455147,
7,XZt,193,15,0.3075598124958844,
7,XZt,194,15,0.31086652554731364,
7,XZt,195,15,0.30681658984892624,
7,XZt,196,15,0.305486900104493,
7,XZt,197,15,0.3007077319990337,
7,XZt,198,15,0.2954314823029777,
7,XZt,199,15,0.2921555953518981,
7,XZt,200,15,0.2878288119760512,
7,XZt,201,15,0.2836172791304957,
7,XZt,202,15,0.2815329540277555,
7,XZt,203,15,0.278757739806363,
7,XZt,204,15,0.27579732046435124,
7,XZt,205,15,0.2738971654485702,
7,XZt,206,15,0.27310966840295053,
7,XZt,207,15,0.2716305739474138,
7,XZt,208,15,0.2713713997034986,
7,XZt,209,15,0.27045353022536756,
7,XZt,210,15,0.27139071870821946,
7,XZt,211,15,0.2736456956630138,
7,XZt,212,15,0.27923739142101905,
7,XZt,213,15,0.28801791226025836,
7,XZt,214,15,0.300478631667942,
7,XZt,215,15,0.3170807904851314,
7,XZt,216,15,0.3374057386118413,
7,XZt,217,15,0.3633612040494307,
7,XZt,218,15,0.38944724436360106,
7,XZt,219,15,0.42061005028630305,
7,XZt,220,15,0.4490535140940617,
7,XZt,221,15,0.4694072237407248,
7,XZt,222,15,0.48051425368204137,
7,XZt,223,15,0.4780420565190721,
7,XZt,224,15,0.4619732711394531,
7,XZt,225,15,0.4485461860045758,
7,XZt,226,15,0.42840254822952456,
7,XZt,227,15,0.4114199367673074,
7,XZt,228,15,0.3979943626431134,
7,XZt,229,15,0.3862180670429465,
7,XZt,230,15,0.3759901501382176,
7,XZt,231,15,0.3715617999855262,
7,XZt,232,15,0.36441421542624886,
7,XZt,233,15,0.35356150736745884,
7,XZt,234,15,0.35466180290467664,
7,XZt,235,15,0.3498125276657279,
7,XZt,236,15,0.33922536884605275,
7,XZt,237,15,0.340799276733698,
7,XZt,238,15,0.33388972566849123,
7,XZt,239,15,0.3299336726894946,
7,XZt,240,15,0.32383548202720475,
7,XZt,241,15,0.31818821344280357,
7,XZt,242,15,0.3146586319755114,
7,XZt,243,15,0.31301125072389036,
7,XZt,244,15,0.31001125231368326,
7,XZt,245,15,0.3041775479457792,
7,XZt,246,15,0.2975771663910543,
7,XZt,247,15,0.2978193244231768,
7,XZt,248,15,0.296203771932706,
7,XZt,249,15,0.2899780022401735,
7,XZt,250,15,0.29606153512908207,
7,XZt,251,15,0.28920610960570803,
7,XZt,252,15,0.27098692201170554,
7,XZt,253,15,0.2505677786110401,
7,XZt,254,15,0.24304836494542453,
7,XZt,255,15,0.22841646786051018,
7,XZt,256,15,0.23424655089549057,
7,XZt,257,15,0.2468729334751484,
7,XZt,258,15,0.275868833507277,
7,XZt,259,15,0.17062486010418496,
8,XYt,0,15,0.1585330862423728,
8,XYt,1,15,0.1521333596540789,
8,XYt,2,15,0.15169818368248814,
8,XYt,3,15,0.1532526696759276,
8,XYt,4,15,0.15573466125298588,
8,XYt,5,15,0.15573370557959715,
8,XYt,6,15,0.15522261943424034,
8,XYt,7,15,0.1531708951597006,
8,XYt,8,15,0.15151116992263375,
8,XYt,9,15,0.15153438946065378,
8,XYt,10,15,0.1513953654235067,
8,XYt,11,15,0.14967434764248116,
8,XYt,12,15,0.14690339438246797,
8,XYt,13,15,0.14412006872795707,
8,XYt,14,15,0.1414098747075814,
8,XYt,15,15,0.13707148077608494,
8,XYt,16,15,0.1258037099013687,
8,XYt,17,15,0.11906535225552092,
8,XYt,18,15,0.12207222267682227,
8,XYt,19,15,0.13292138320302707,
8,XYt,20,15,0.1412792470856281,
8,XYt,21,15,0.14662634636416583,
8,XYt,22,15,0.14869243513947109,
8,XYt,23,15,0.147095283847942,
8,XYt,24,15,0.14260207914878725,
8,XYt,25,15,0.1361527005535641,
8,XYt,26,15,0.12855618409619368,
8,XYt,27,15,0.12103630540692643,
8,XYt,28,15,0.11463611798528352,
8,XYt,29,15,0.10965828978431916,
8,XYt,30,15,0.10601252079418695,
8,XYt,31,15,0.10467947163643739,
8,XYt,32,15,0.10632780404500292,
8,XYt,33,15,0.11143188616264739,
8,XYt,34,15,0.12042583705276601,
8,XYt,35,15,0.1345217296347429,
8,XYt,36,15,0.15738835970507503,
8,XYt,37,15,0.19487266931407327,
8,XYt,38,15,0.25603312996851674,
8,XYt,39,15,0.3489271816504823,
8,XYt,40,15,0.4565170994269563,
8,XYt,41,15,0.5440860167477038,
8,XYt,42,15,0.5997449378165715,
8,XYt,43,15,0.6448746919815551,
8,XYt,44,15,0.6816163110563729,
8,XYt,45,15,0.70432125619798,
8,XYt,46,15,0.7014372082371978,
8,XYt,47,15,0.6552770284875348,
8,XYt,48,15,0.6105283412661024,
8,XYt,49,15,0.5875040513164118,
8,XYt,50,15,0.5814418352253891,
8,XYt,51,15,0.5875428818520073,
8,XYt,52,15,0.6015727467316911,
8,XYt,53,15,0.6162922881736859,
8,XYt,54,15,0.6236756270271137,
8,XYt,55,15,0.6167113828388663,
8,XYt,56,15,0.5937350124547954,
8,XYt,57,15,0.5597158332024387,
8,XYt,58,15,0.5273979364570553,
8,XYt,59,15,0.5071179653738644,
8,XYt,60,15,0.4974710717395522,
8,XYt,61,15,0.49172141763059557,
8,XYt,62,15,0.48613692576404366,
8,XYt,63,15,0.48097272683611586,
8,XYt,64,15,0.4759248273140396,
8,XYt,65,15,0.4730237074241152,
8,XYt,66,15,0.4719711208793913,
8,XYt,67,15,0.47207599619607565,
8,XYt,68,15,0.47087409003639574,
8,XYt,69,15,0.468816595029979,
8,XYt,70,15,0.4669855883672999,
8,XYt,71,15,0.4652092451508475,
8,XYt,72,15,0.46414658954098226,
8,XYt,73,15,0.4614669011151207,
8,XYt,74,15,0.45864058119605006,
8,XYt,75,15,0.45375861688315094,
8,XYt,76,15,0.4465422258186811,
8,XYt,77,15,0.4325388264517323,
8,XYt,78,15,0.41382487668660667,
8,XYt,79,15,0.3966653843230415,
8,XYt,80,15,0.38303875044326896,
8,XYt,81,15,0.3732670089377691,
8,XYt,82,15,0.3671616928327372,
8,XYt,83,15,0.3636819707401816,
8,XYt,84,15,0.3610351399964658,
8,XYt,85,15,0.3588300371459594,
8,XYt,86,15,0.3550438971138616,
8,XYt,87,15,0.34885370756519496,
8,XYt,88,15,0.34092235409497096,
8,XYt,89,15,0.334546868527025,
8,XYt,90,15,0.3294287250783474,
8,XYt,91,15,0.32679243231022265,
8,XYt,92,15,0.32436434056092855,
8,XYt,93,15,0.3215611722865525,
8,XYt,94,15,0.3183973654089024,
8,XYt,95,15,0.3171191742788728,
8,XYt,96,15,0.31469335565893664,
8,XYt,97,15,0.3129421386934977,
8,XYt,98,15,0.3122508637106577,
8,XYt,99,15,0.3124803143468722,
8,XYt,100,15,0.3112050837827967,
8,XYt,101,15,0.3092518104537677,
8,XYt,102,15,0.30711324073601115,
8,XYt,103,15,0.3040106148763115,
8,XYt,104,15,0.3008473626359363,
8,XYt,105,15,0.2987988213734155,
8,XYt,106,15,0.2967358344248764,
8,XYt,107,15,0.295369795495094,
8,XYt,108,15,0.2949443626356765,
8,XYt,109,15,0.2949600073348935,
8,XYt,110,15,0.29536184385532405,
8,XYt,111,15,0.2965197879289759,
8,XYt,112,15,0.29836678331265104,
8,XYt,113,15,0.30140628003705716,
8,XYt,114,15,0.3039805858392274,
8,XYt,115,15,0.30719123861550607,
8,XYt,116,15,0.3127850733658249,
8,XYt,117,15,0.319765928649129,
8,XYt,118,15,0.324546265796053,
8,XYt,119,15,0.3280134640110092,
8,XYt,120,15,0.329464432142252,
8,XYt,121,15,0.3255815808913242,
8,XYt,122,15,0.32495199235062694,
8,XYt,123,15,0.3274898439458324,
8,XYt,124,15,0.33061951785674215,
8,XYt,125,15,0.33276939840009223,
8,XYt,126,15,0.3347817121762299,
8,XYt,127,15,0.3372245296884385,
8,XYt,128,15,0.3405826146502908,
8,XYt,129,15,0.343530641687923,
8,XYt,130,15,0.3449529782564849,
8,XYt,131,15,0.3454512671893893,
8,XYt,132,15,0.34704339101155046,
8,XYt,133,15,0.3505607668521747,
8,XYt,134,15,0.3556815672728607,
8,XYt,135,15,0.3618877873422132,
8,XYt,136,15,0.36996924265144154,
8,XYt,137,15,0.37723573662615373,
8,XYt,138,15,0.3856321229707939,
8,XYt,139,15,0.3956865917691439,
8,XYt,140,15,0.39855428211731875,
8,XYt,141,15,0.3938374438818456,
8,XYt,142,15,0.38892047857734113,
8,XYt,143,15,0.3853164020582503,
8,XYt,144,15,0.3834627094164127,
8,XYt,145,15,0.3822111596906438,
8,XYt,146,15,0.3813643442492258,
8,XYt,147,15,0.38033209023201237,
8,XYt,148,15,0.3788380178645716,
8,XYt,149,15,0.3772548091313028,
8,XYt,150,15,0.37531503129848126,
8,XYt,151,15,0.37383464763017155,
8,XYt,152,15,0.37301452864653345,
8,XYt,153,15,0.3717355997765838,
8,XYt,154,15,0.3693056831837318,
8,XYt,155,15,0.36669234467704914,
8,XYt,156,15,0.36450912748133135,
8,XYt,157,15,0.3587910736482334,
8,XYt,158,15,0.3487808576153794,
8,XYt,159,15,0.33973018174883574,
8,XYt,160,15,0.3323957177249866,
8,XYt,161,15,0.3239320227232668,
8,XYt,162,15,0.3158087890131283,
8,XYt,163,15,0.30954699501037736,
8,XYt,164,15,0.30369982583866695,
8,XYt,165,15,0.2972596489360854,
8,XYt,166,15,0.2894758715135312,
8,XYt,167,15,0.2804020639445105,
8,XYt,168,15,0.27276865229724523,
8,XYt,169,15,0.2687114395832008,
8,XYt,170,15,0.2666355656997429,
8,XYt,171,15,0.2655878212392453,
8,XYt,172,15,0.2651095534604877,
8,XYt,173,15,0.2639819180370294,
8,XYt,174,15,0.262823048424681,
8,XYt,175,15,0.26112396152587714,
8,XYt,176,15,0.2585068277993263,
8,XYt,177,15,0.2560583382282199,
8,XYt,178,15,0.2550983198431167,
8,XYt,179,15,0.2541986470565873,
8,XYt,180,15,0.2517488188445745,
8,XYt,181,15,0.2498779601365309,
8,XYt,182,15,0.24958514746787128,
8,XYt,183,15,0.2492889447063948,
8,XYt,184,15,0.2495652638180726,
8,XYt,185,15,0.24894540054206943,
8,XYt,186,15,0.2468964203109608,
8,XYt,187,15,0.24419444892267236,
8,XYt,188,15,0.24391022299431292,
8,XYt,189,15,0.24537083534444323,
8,XYt,190,15,0.24809642862687456,
8,XYt,191,15,0.2514358150750123,
8,XYt,192,15,0.2528954466032409,
8,XYt,193,15,0.2511851095020388,
8,XYt,194,15,0.24976571353498198,
8,XYt,195,15,0.25067251551356434,
8,XYt,196,15,0.25482617098486654,
8,XYt,197,15,0.26118133529114507,
8,XYt,198,15,0.2680653099720298,
8,XYt,199,15,0.2739388523516467,
8,XYt,200,15,0.27893265548256974,
8,XYt,201,15,0.28045547773001134,
8,XYt,202,15,0.28026268534072807,
8,XYt,203,15,0.2806972863655326,
8,XYt,204,15,0.28090366775968584,
8,XYt,205,15,0.2826460825367497,
8,XYt,206,15,0.28663212775959535,
8,XYt,207,15,0.2926156368647815,
8,XYt,208,15,0.3013471417468861,
8,XYt,209,15,0.30929376150878846,
8,XYt,210,15,0.31538877963750245,
8,XYt,211,15,0.32023241488564763,
8,XYt,212,15,0.3232435273406098,
8,XYt,213,15,0.3260055233756674,
8,XYt,214,15,0.33083522401915705,
8,XYt,215,15,0.3373433534622531,
8,XYt,216,15,0.34595299559896225,
8,XYt,217,15,0.35457844914793446,
8,XYt,218,15,0.3669305463063787,
8,XYt,219,15,0.3832514727652446,
8,XYt,220,15,0.391375952196513,
8,XYt,221,15,0.3947980991211082,
8,XYt,222,15,0.39933883090719585,
8,XYt,223,15,0.4026982200271241,
8,XYt,224,15,0.4041721830974167,
8,XYt,225,15,0.4038461972160873,
8,XYt,226,15,0.4015797986845794,
8,XYt,227,15,0.39862751068284275,
8,XYt,228,15,0.39548350496849466,
8,XYt,229,15,0.3923811765047039,
8,XYt,230,15,0.38912532024506025,
8,XYt,231,15,0.38383660309812806,
8,XYt,232,15,0.37695454876018003,
8,XYt,233,15,0.3685237940689297,
8,XYt,234,15,0.35871709777170313,
8,XYt,235,15,0.34675606718360963,
8,XYt,236,15,0.33167265644481064,
8,XYt,237,15,0.31557784054010857,
8,XYt,238,15,0.3045183975340169,
8,XYt,239,15,0.29963870838490414,
8,XYt,240,15,0.2973668483700185,
8,XYt,241,15,0.2969027507788906,
8,XYt,242,15,0.2967471514016437,
8,XYt,243,15,0.29694162429430226,
8,XYt,244,15,0.2975289098964201,
8,XYt,245,15,0.29819626465132854,
8,XYt,246,15,0.29769490360366674,
8,XYt,247,15,0.2984674427858217,
8,XYt,248,15,0.2999888743822738,
8,XYt,249,15,0.3005987715098037,
8,XYt,250,15,0.30062841997956563,
8,XYt,251,15,0.3003688629274695,
8,XYt,252,15,0.2999174014487628,
8,XYt,253,15,0.2996485580402551,
8,XYt,254,15,0.30097079387783937,
8,XYt,255,15,0.30069552724717835,
8,XYt,256,15,0.2969119509397882,
8,XYt,257,15,0.2827883684739783,
8,XYt,258,15,0.24599021202052926,
8,XYt,259,15,0.2032909573504544,
8,XYt,260,15,0.18474881658160067,
8,XYt,261,15,0.1810319970641689,
8,XYt,262,15,0.17920086267787033,
8,XYt,263,15,0.17792817161344263,
8,XYt,264,15,0.1775257438705574,
8,XYt,265,15,0.176441020168434,
8,XYt,266,15,0.17560082709865935,
8,XYt,267,15,0.17500807220015255,
8,XYt,268,15,0.17583606058956855,
8,XYt,269,15,0.17677660141276313,
8,XYt,270,15,0.17851741529089976,
8,XYt,271,15,0.17908500008740125,
8,XYt,272,15,0.17864470308884953,
8,XYt,273,15,0.1785653503086898,
8,XYt,274,15,0.17962934776680303,
8,XYt,275,15,0.18063248920919484,
8,XYt,276,15,0.18088225752400472,
8,XYt,277,15,0.1802605377943598,
8,XYt,278,15,0.17925715122838803,
8,XYt,279,15,0.17794450304262635,
8,XYt,280,15,0.1769088658708483,
8,XYt,281,15,0.17694788047905433,
8,XYt,282,15,0.17800603008882018,
8,XYt,283,15,0.18039361433177203,
8,XYt,284,15,0.1825717933106476,
8,XYt,285,15,0.18376690539389348,
8,XYt,286,15,0.1836836528511536,
8,XYt,287,15,0.18273980010280452,
8,XYt,288,15,0.18079181676971048,
8,XYt,289,15,0.1784603322635773,
8,XYt,290,15,0.17634406880286743,
8,XYt,291,15,0.17573034919672448,
8,XYt,292,15,0.1753242455267577,
8,XYt,293,15,0.17519470858559152,
8,XYt,294,15,0.1756695292489949,
8,XYt,295,15,0.17527703095077665,
8,XYt,296,15,0.1752046990361767,
8,XYt,297,15,0.17598265551144374,
8,XYt,298,15,0.17703752900437703,
8,XYt,299,15,0.1779411687405968,
8,XYt,300,15,0.18024025372381175,
8,XYt,301,15,0.18190427413961432,
8,XYt,302,15,0.18217199887172242,
8,XYt,303,15,0.18016106585337202,
8,XYt,304,15,0.17783459800469442,
8,XYt,305,15,0.17662399265021286,
8,XYt,306,15,0.17666674392044754,
8,XYt,307,15,0.1768841726100557,
8,XYt,308,15,0.17791318631892386,
8,XYt,309,15,0.1790891835810211,
8,XYt,310,15,0.180543547372449,
8,XYt,311,15,0.1805573703592748,
8,XYt,312,15,0.1803681646545603,
8,XYt,313,15,0.18091007815627247,
8,XYt,314,15,0.18176002465015761,
8,XYt,315,15,0.18123405432434758,
8,XYt,316,15,0.17964627546232698,
8,XYt,317,15,0.17791463438402438,
8,XYt,318,15,0.17581841527818431,
8,XYt,319,15,0.1750910788688243,
8,XYt,320,15,0.17493482581829012,
8,XYt,321,15,0.17749698568449,
8,XYt,322,15,0.17876532211419072,
8,XYt,323,15,0.1814909255220458,
8,XYt,324,15,0.18400210386849022,
8,XYt,325,15,0.22731778943167685,
8,XYt,326,15,0.27771287150262935,
8,XYt,327,15,0.2970364878995838,
8,XYt,328,15,0.3072748993542529,
8,XYt,329,15,0.3112355251917348,
8,XYt,330,15,0.30924357404857367,
8,XYt,331,15,0.30753300838341724,
8,XYt,332,15,0.30494527689674467,
8,XYt,333,15,0.30608408029740575,
8,XYt,334,15,0.3086107648457149,
8,XYt,335,15,0.31537373645705397,
8,XYt,336,15,0.3194968898023039,
8,XYt,337,15,0.3228155529962616,
8,XYt,338,15,0.3251847032336086,
8,XYt,339,15,0.331719934277664,
8,XYt,340,15,0.33949851049823887,
8,XYt,341,15,0.3433981577103097,
8,XYt,342,15,0.35031308454708776,
8,XYt,343,15,0.35984150108331625,
8,XYt,344,15,0.3644259270078198,
8,XYt,345,15,0.36780757185113444,
8,XYt,346,15,0.37105010944280525,
8,XYt,347,15,0.37363223999874173,
8,XYt,348,15,0.37531191936055963,
8,XYt,349,15,0.3759662759033755,
8,XYt,350,15,0.3752661740170783,
8,XYt,351,15,0.3759222741096301,
8,XYt,352,15,0.3814997722186755,
8,XYt,353,15,0.3824781547574288,
8,XYt,354,15,0.38241793059355467,
8,XYt,355,15,0.37915328442010077,
8,XYt,356,15,0.3740607554535854,
8,XYt,357,15,0.3629798803795584,
8,XYt,358,15,0.34577148538696517,
8,XYt,359,15,0.33451327148947013,
8,XYt,360,15,0.3266883967881445,
8,XYt,361,15,0.320254904237659,
8,XYt,362,15,0.31493402338403476,
8,XYt,363,15,0.31292744521076393,
8,XYt,364,15,0.3135769628496328,
8,XYt,365,15,0.31224805903850283,
8,XYt,366,15,0.3097809749166592,
8,XYt,367,15,0.3076167227766879,
8,XYt,368,15,0.3094139512042696,
8,XYt,369,15,0.3078062011838294,
8,XYt,370,15,0.3053471021248454,
8,XYt,371,15,0.3029504328571959,
8,XYt,372,15,0.2986449350514181,
8,XYt,373,15,0.29527850415200807,
8,XYt,374,15,0.2935492949661729,
8,XYt,375,15,0.29327226762443087,
8,XYt,376,15,0.28928793385569085,
8,XYt,377,15,0.2840851793698612,
8,XYt,378,15,0.27667960269175385,
8,XYt,379,15,0.2708826022721514,
8,XYt,380,15,0.2664016192926457,
8,XYt,381,15,0.2673653730365056,
8,XYt,382,15,0.2689596660877132,
8,XYt,383,15,0.26894778883285403,
8,XYt,384,15,0.2648027879464757,
8,XYt,385,15,0.25702745692021384,
8,XYt,386,15,0.2541971033118578,
8,XYt,387,15,0.25760843793676713,
8,XYt,388,15,0.25838548750983464,
8,XYt,389,15,0.26053572422159255,
8,XYt,390,15,0.26228418257707264,
8,XYt,391,15,0.26408262820391204,
8,XYt,392,15,0.2646701884504012,
8,XYt,393,15,0.2658080075234004,
8,XYt,394,15,0.26530495986829106,
8,XYt,395,15,0.2651846465638099,
8,XYt,396,15,0.26673108658638894,
8,XYt,397,15,0.26913446451843637,
8,XYt,398,15,0.27124375989119515,
8,XYt,399,15,0.27236185289343645,
8,XYt,400,15,0.2728093578778739,
8,XYt,401,15,0.2720514531414615,
8,XYt,402,15,0.2698749432834785,
8,XYt,403,15,0.26782801917743704,
8,XYt,404,15,0.26670878995324737,
8,XYt,405,15,0.2662043052045996,
8,XYt,406,15,0.26843607259289554,
8,XYt,407,15,0.2710188749887027,
8,XYt,408,15,0.27517352559734115,
8,XYt,409,15,0.27854624919429816,
8,XYt,410,15,0.28027510116048615,
8,XYt,411,15,0.2750979222585501,
8,XYt,412,15,0.276712843900179,
8,XYt,413,15,0.2798353670522046,
8,XYt,414,15,0.2832801100533717,
8,XYt,415,15,0.2869093755987005,
8,XYt,416,15,0.29319731349772893,
8,XYt,417,15,0.3005215437541511,
8,XYt,418,15,0.30601045476986244,
8,XYt,419,15,0.30854251822353573,
8,XYt,420,15,0.3100128035433373,
8,XYt,421,15,0.30906223374722824,
8,XYt,422,15,0.31228643273081647,
8,XYt,423,15,0.31373588176881156,
8,XYt,424,15,0.31482283587633764,
8,XYt,425,15,0.31549200355725326,
8,XYt,426,15,0.31569031994875946,
8,XYt,427,15,0.3147461467711291,
8,XYt,428,15,0.31631813770564843,
8,XYt,429,15,0.3189689667806394,
8,XYt,430,15,0.32328775796851933,
8,XYt,431,15,0.32821217333340263,
8,XYt,432,15,0.3344418094098692,
8,XYt,433,15,0.34085185768843823,
8,XYt,434,15,0.348504900021472,
8,XYt,435,15,0.35854465102088734,
8,XYt,436,15,0.3770964903051515,
8,XYt,437,15,0.3876998887649703,
8,XYt,438,15,0.389690687460553,
8,XYt,439,15,0.39078596289330564,
8,XYt,440,15,0.39245527512555883,
8,XYt,441,15,0.3936106106984148,
8,XYt,442,15,0.3949058669245601,
8,XYt,443,15,0.3948159916468133,
8,XYt,444,15,0.39332330900843915,
8,XYt,445,15,0.39015037793639806,
8,XYt,446,15,0.385562596374716,
8,XYt,447,15,0.3807238565702278,
8,XYt,448,15,0.37514653207044985,
8,XYt,449,15,0.3688477854042384,
8,XYt,450,15,0.3622420364270196,
8,XYt,451,15,0.35433418788378696,
8,XYt,452,15,0.3451516932811095,
8,XYt,453,15,0.3349985962095067,
8,XYt,454,15,0.32132961791757536,
8,XYt,455,15,0.3076910905918288,
8,XYt,456,15,0.30009012925098366,
8,XYt,457,15,0.2968166436749535,
8,XYt,458,15,0.2966610457057019,
8,XYt,459,15,0.29628380958209843,
8,XYt,460,15,0.2962029148247994,
8,XYt,461,15,0.29613791381846094,
8,XYt,462,15,0.29584311629504345,
8,XYt,463,15,0.29606781506390745,
8,XYt,464,15,0.2984752056833909,
8,XYt,465,15,0.2995036927057061,
8,XYt,466,15,0.29203129138601014,
8,XYt,467,15,0.25718923369273367,
8,XYt,468,15,0.20418240668119975,
8,XYt,469,15,0.17595366327467796,
8,XYt,470,15,0.17106568928047955,
8,XYt,471,15,0.1700692908169088,
8,XYt,472,15,0.16875472959607482,
8,XYt,473,15,0.16731551399879746,
8,XYt,474,15,0.16517412595528477,
8,XYt,475,15,0.16286625097698687,
8,XYt,476,15,0.1607112178754232,
8,XYt,477,15,0.15930522003071126,
8,XYt,478,15,0.15811966453327142,
8,XYt,479,15,0.15757992770600335,
8,XYt,480,15,0.15696578094798205,
8,XYt,481,15,0.15656096235058445,
8,XYt,482,15,0.15726422398943887,
8,XYt,483,15,0.15839318320804463,
8,XYt,484,15,0.1590463835384495,
8,XYt,485,15,0.15905678890145017,
8,XYt,486,15,0.15816280370344787,
8,XYt,487,15,0.15711879579381147,
8,XYt,488,15,0.15736576591450388,
8,XYt,489,15,0.1589788031353534,
8,XYt,490,15,0.16076478721814574,
8,XYt,491,15,0.16229282503180908,
8,XYt,492,15,0.16317018544764733,
8,XYt,493,15,0.163371671501242,
8,XYt,494,15,0.16346996250816032,
8,XYt,495,15,0.1627905441188988,
8,XYt,496,15,0.16164327945750356,
8,XYt,497,15,0.15970276003176948,
8,XYt,498,15,0.15719130548434632,
8,XYt,499,15,0.15426746968252988,
8,XYt,500,15,0.15107484967257717,
8,XYt,501,15,0.15032117848841767,
8,XYt,502,15,0.1511015772378214,
8,XYt,503,15,0.15188727301753419,
8,XYt,504,15,0.1527116957587167,
8,XYt,505,15,0.1529698358212903,
8,XYt,506,15,0.15272885072924025,
8,XYt,507,15,0.15184176374032257,
8,XYt,508,15,0.15290336852214606,
8,XYt,509,15,0.1534532129315723,
8,XYt,510,15,0.15329408878763237,
8,XYt,511,15,0.15334070201057204,
8,XYt,512,15,0.15392542352946204,
8,XYt,513,15,0.15448012225753727,
8,XYt,514,15,0.15508518587008077,
8,XYt,515,15,0.1555717538982972,
8,XYt,516,15,0.15522610366148384,
8,XYt,517,15,0.15444561312554103,
8,XYt,518,15,0.15321994794780894,
8,XYt,519,15,0.1522347390695642,
8,XYt,520,15,0.1509827366949371,
8,XYt,521,15,0.14929052090262063,
8,XYt,522,15,0.14602991633341275,
8,XYt,523,15,0.14345893798181014,
8,XYt,524,15,0.14340117202668834,
8,XYt,525,15,0.14355756065733208,
8,XYt,526,15,0.14400879789082116,
8,XYt,527,15,0.1447017885832371,
8,XYt,528,15,0.1447595617497951,
8,XYt,529,15,0.14381249683703443,
8,XYt,530,15,0.14179774219710567,
8,XYt,531,15,0.14129761897953202,
8,XYt,532,15,0.1437193471848441,
8,XYt,533,15,0.1534681969047565,
8,XYt,534,15,0.18180066692897978,
8,XYt,535,15,0.22644265434896882,
8,XYt,536,15,0.26158329783104756,
8,XYt,537,15,0.2731517894466179,
8,XYt,538,15,0.2768217519747111,
8,XYt,539,15,0.27784133244512005,
8,XYt,540,15,0.28008435557022066,
8,XYt,541,15,0.2778602821367396,
8,XYt,542,15,0.27267463002093784,
8,XYt,543,15,0.2677066870517571,
8,XYt,544,15,0.26506954703236885,
8,XYt,545,15,0.2654687715223335,
8,XYt,546,15,0.2693877018435839,
8,XYt,547,15,0.27305527384551226,
8,XYt,548,15,0.26957646805506263,
8,XYt,549,15,0.2643709223882425,
8,XYt,550,15,0.26057247147176016,
8,XYt,551,15,0.258541715639061,
8,XYt,552,15,0.2570579683173468,
8,XYt,553,15,0.2564639320052747,
8,XYt,554,15,0.2560680912491383,
8,XYt,555,15,0.25571839023312476,
8,XYt,556,15,0.2550814616721386,
8,XYt,557,15,0.2537839795310757,
8,XYt,558,15,0.2514179376562385,
8,XYt,559,15,0.24657631864703405,
8,XYt,560,15,0.23692195956588175,
8,XYt,561,15,0.22533879758460032,
8,XYt,562,15,0.21987802501379147,
8,XYt,563,15,0.22139858272482993,
8,XYt,564,15,0.22267407204916329,
8,XYt,565,15,0.22172573236367005,
8,XYt,566,15,0.21709313926373958,
8,XYt,567,15,0.21252605912879446,
8,XYt,568,15,0.20807355259464794,
8,XYt,569,15,0.20367583569623643,
8,XYt,570,15,0.19800931620409762,
8,XYt,571,15,0.1906539512737857,
8,XYt,572,15,0.18412254095550487,
8,XYt,573,15,0.18094512120656644,
8,XYt,574,15,0.18043043956475885,
8,XYt,575,15,0.18153060253641098,
8,XYt,576,15,0.18358446616952984,
8,XYt,577,15,0.18564064964794244,
8,XYt,578,15,0.18664485788450247,
8,XYt,579,15,0.1877359062539927,
8,XYt,580,15,0.18892715940844873,
8,XYt,581,15,0.19072284066507744,
8,XYt,582,15,0.19116263356150334,
8,XYt,583,15,0.1904362843138933,
8,XYt,584,15,0.18975891323810753,
8,XYt,585,15,0.1889393419845133,
8,XYt,586,15,0.18874513130294832,
8,XYt,587,15,0.19028169273805232,
8,XYt,588,15,0.18818319339801168,
8,XYt,589,15,0.18293855339315493,
8,XYt,590,15,0.1760165807833238,
8,XYt,591,15,0.17041765200600892,
8,XYt,592,15,0.1680936734827608,
8,XYt,593,15,0.16771653225202068,
8,XYt,594,15,0.16778140903831337,
8,XYt,595,15,0.1676966303479279,
8,XYt,596,15,0.16787665660893908,
8,XYt,597,15,0.16809016537609198,
8,XYt,598,15,0.1683279955617711,
8,XYt,599,15,0.16873342280505615,
8,XYt,600,15,0.16945014216236373,
8,XYt,601,15,0.17113219222263107,
8,XYt,602,15,0.17245887649220867,
8,XYt,603,15,0.1731109312236665,
8,XYt,604,15,0.17359900438376477,
8,XYt,605,15,0.1738415700084894,
8,XYt,606,15,0.1740945814598969,
8,XYt,607,15,0.17423752662431732,
8,XYt,608,15,0.1742963235810777,
8,XYt,609,15,0.17396509224199438,
8,XYt,610,15,0.17329873193356188,
8,XYt,611,15,0.1721387878806305,
8,XYt,612,15,0.17067838452586814,
8,XYt,613,15,0.1690915276176554,
8,XYt,614,15,0.16750027676896698,
8,XYt,615,15,0.16636957344890413,
8,XYt,616,15,0.1653764545953076,
8,XYt,617,15,0.16436028256988275,
8,XYt,618,15,0.16474002037519073,
8,XYt,619,15,0.16566503895642548,
8,XYt,620,15,0.16465960878094554,
8,XYt,621,15,0.16547653286198488,
8,XYt,622,15,0.16925005551919145,
8,XYt,623,15,0.1749577075648332,
8,XYt,624,15,0.17989651623930608,
8,XYt,625,15,0.18688322602256052,
8,XYt,626,15,0.19036572980325636,
8,XYt,627,15,0.19168632550764148,
8,XYt,628,15,0.19308185615078818,
8,XYt,629,15,0.19410298531827352,
8,XYt,630,15,0.19447857602405055,
8,XYt,631,15,0.19321286733452803,
8,XYt,632,15,0.1905326125669926,
8,XYt,633,15,0.18829730424831825,
8,XYt,634,15,0.18616178141444972,
8,XYt,635,15,0.18340178323730577,
8,XYt,636,15,0.18042668253812436,
8,XYt,637,15,0.1784148343580332,
8,XYt,638,15,0.17700872894581596,
8,XYt,639,15,0.17655362791724175,
8,XYt,640,15,0.17829552278484814,
8,XYt,641,15,0.18346852138738323,
8,XYt,642,15,0.19029267888474483,
8,XYt,643,15,0.19611446213483835,
8,XYt,644,15,0.20002023151530604,
8,XYt,645,15,0.20330528941727818,
8,XYt,646,15,0.20669014870001967,
8,XYt,647,15,0.21001219268800705,
8,XYt,648,15,0.2112282221359077,
8,XYt,649,15,0.21165880577041105,
8,XYt,650,15,0.2117629729922332,
8,XYt,651,15,0.21198001794065627,
8,XYt,652,15,0.2210297937839618,
8,XYt,653,15,0.23159261049046903,
8,XYt,654,15,0.23663357887338107,
8,XYt,655,15,0.23859079163358504,
8,XYt,656,15,0.23944911620376713,
8,XYt,657,15,0.24030881993988662,
8,XYt,658,15,0.2412114684778914,
8,XYt,659,15,0.24204139899674307,
8,XYt,660,15,0.2427287979773592,
8,XYt,661,15,0.24380969404852898,
8,XYt,662,15,0.24552230648098067,
8,XYt,663,15,0.24831047753372248,
8,XYt,664,15,0.25262898525776717,
8,XYt,665,15,0.25807366103272134,
8,XYt,666,15,0.26038346626533776,
8,XYt,667,15,0.26008192964746946,
8,XYt,668,15,0.25944342934920833,
8,XYt,669,15,0.2606467084449761,
8,XYt,670,15,0.26252531802612245,
8,XYt,671,15,0.2629519870953799,
8,XYt,672,15,0.25874588029498513,
8,XYt,673,15,0.2527531815859182,
8,XYt,674,15,0.24513700256235618,
8,XYt,675,15,0.2303622403348444,
8,XYt,676,15,0.21028516838523478,
8,XYt,677,15,0.18529228994959254,
8,XYt,678,15,0.1604428772196933,
8,XYt,679,15,0.14375196120613304,
8,XYt,680,15,0.13390171333649623,
8,XYt,681,15,0.12830000927387056,
8,XYt,682,15,0.12555752968519612,
8,XYt,683,15,0.12479718454125477,
8,XYt,684,15,0.12442619847825949,
8,XYt,685,15,0.12502446577035786,
8,XYt,686,15,0.12557785631297166,
8,XYt,687,15,0.12661503103266486,
8,XYt,688,15,0.12771763315277124,
8,XYt,689,15,0.12837109183733714,
8,XYt,690,15,0.1289222720595904,
8,XYt,691,15,0.1292480129663705,
8,XYt,692,15,0.12949303717108898,
8,XYt,693,15,0.12899485193860644,
8,XYt,694,15,0.12848739297991688,
8,XYt,695,15,0.12767324889283782,
8,XYt,696,15,0.1267178032783084,
8,XYt,697,15,0.1262867187067511,
8,XYt,698,15,0.12596742544787906,
8,XYt,699,15,0.12570601612079257,
8,XYt,700,15,0.12573151880627154,
8,XYt,701,15,0.1261720363802434,
8,XYt,702,15,0.1263670641824947,
8,XYt,703,15,0.12719704278939642,
8,XYt,704,15,0.12828042400214898,
8,XYt,705,15,0.129743095615057,
8,XYt,706,15,0.13175825010247347,
8,XYt,707,15,0.13478520856704826,
8,XYt,708,15,0.1421989591094889,
8,XYt,709,15,0.1837975596573337,
8,XYt,710,15,0.17423335375856439,
8,XYt,711,15,0.18824341234551406,
8,XYt,712,15,0.18888900025857736,
8,XYt,713,15,0.19144938965877561,
8,XYt,714,15,0.19099735478381782,
8,XYt,715,15,0.18486811636413264,
8,XYt,716,15,0.17063687759282625,
8,XYt,717,15,0.15752585217018292,
8,XYt,718,15,0.15113605616294806,
8,XYt,719,15,0.16465073798669444,
8,XYt,720,15,0.19114776565984765,
8,XYt,721,15,0.2178554669980415,
8,XYt,722,15,0.24249236659603857,
8,XYt,723,15,0.270027569144288,
8,XYt,724,15,0.3027175446525582,
8,XYt,725,15,0.33503075609136257,
8,XYt,726,15,0.3536353571291589,
8,XYt,727,15,0.3554522380698759,
8,YZt,0,15,0.23352909009616918,
8,YZt,1,15,0.27823092144626227,
8,YZt,2,15,0.24794074591306475,
8,YZt,3,15,0.23068208275894747,
8,YZt,4,15,0.21870623681933066,
8,YZt,5,15,0.22249501429710772,
8,YZt,6,15,0.22294996268737177,
8,YZt,7,15,0.2295475699071801,
8,YZt,8,15,0.24400806301543748,
8,YZt,9,15,0.2511394427662003,
8,YZt,10,15,0.24931091149758938,
8,YZt,11,15,0.25532408588899236,
8,YZt,12,15,0.2571958230261867,
8,YZt,13,15,0.2568779526710364,
8,YZt,14,15,0.2625698374336656,
8,YZt,15,15,0.2692372780750929,
8,YZt,16,15,0.2714758025166366,
8,YZt,17,15,0.27478100242733616,
8,YZt,18,15,0.27818895702594765,
8,YZt,19,15,0.28424551711835205,
8,YZt,20,15,0.29091379113362514,
8,YZt,21,15,0.29371680457674165,
8,YZt,22,15,0.2996247272712485,
8,YZt,23,15,0.300329364926477,
8,YZt,24,15,0.30996785504585533,
8,YZt,25,15,0.31471247431505667,
8,YZt,26,15,0.3138766173707492,
8,YZt,27,15,0.3223138107121733,
8,YZt,28,15,0.32702492512729825,
8,YZt,29,15,0.3263867604068877,
8,YZt,30,15,0.3337400245589906,
8,YZt,31,15,0.3393944287584435,
8,YZt,32,15,0.34497284300227626,
8,YZt,33,15,0.3510551330207725,
8,YZt,34,15,0.35665791887097753,
8,YZt,35,15,0.35933659734272966,
8,YZt,36,15,0.369112990099057,
8,YZt,37,15,0.37446404080970547,
8,YZt,38,15,0.37569020302803674,
8,YZt,39,15,0.37252140112713394,
8,YZt,40,15,0.3670090594141098,
8,YZt,41,15,0.35970154100070145,
8,YZt,42,15,0.3540593049758842,
8,YZt,43,15,0.3438619159596568,
8,YZt,44,15,0.33230353172786314,
8,YZt,45,15,0.3212623371288695,
8,YZt,46,15,0.3106911855988507,
8,YZt,47,15,0.3005275217485617,
8,YZt,48,15,0.29274060699335974,
8,YZt,49,15,0.28903282257097224,
8,YZt,50,15,0.2842867511978051,
8,YZt,51,15,0.28086044475214994,
8,YZt,52,15,0.2799506485249422,
8,YZt,53,15,0.2821363552786396,
8,YZt,54,15,0.2844463706890385,
8,YZt,55,15,0.28965119060344147,
8,YZt,56,15,0.2982012910276961,
8,YZt,57,15,0.3085200721316893,
8,YZt,58,15,0.320129699250392,
8,YZt,59,15,0.3350368297429789,
8,YZt,60,15,0.35508866302814807,
8,YZt,61,15,0.375184933437231,
8,YZt,62,15,0.3946877387630488,
8,YZt,63,15,0.40760176807621057,
8,YZt,64,15,0.3966512681929224,
8,YZt,65,15,0.37161878634680634,
8,YZt,66,15,0.32655740491792995,
8,YZt,67,15,0.27793598816699217,
8,YZt,68,15,0.23926119122905193,
8,YZt,69,15,0.2125999864323845,
8,YZt,70,15,0.19538620900019002,
8,YZt,71,15,0.1826331672539671,
8,YZt,72,15,0.17437625153364011,
8,YZt,73,15,0.1659770888035234,
8,YZt,74,15,0.16048137223055953,
8,YZt,75,15,0.1557972134571617,
8,YZt,76,15,0.15226657576141678,
8,YZt,77,15,0.14874703178187468,
8,YZt,78,15,0.14738200015014488,
8,YZt,79,15,0.1460734345733135,
8,YZt,80,15,0.14637901822175378,
8,YZt,81,15,0.14712727862080244,
8,YZt,82,15,0.14832898773548808,
8,YZt,83,15,0.15098292797507964,
8,YZt,84,15,0.15336464159388152,
8,YZt,85,15,0.15615599101487454,
8,YZt,86,15,0.15917956941783562,
8,YZt,87,15,0.1625257688925954,
8,YZt,88,15,0.1664995055083827,
8,YZt,89,15,0.16951577271282586,
8,YZt,90,15,0.17310276534672747,
8,YZt,91,15,0.17636675310034425,
8,YZt,92,15,0.17902150275666026,
8,YZt,93,15,0.18200542906981848,
8,YZt,94,15,0.18525176935564663,
8,YZt,95,15,0.18796452253456108,
8,YZt,96,15,0.19074760627759824,
8,YZt,97,15,0.1941008519944769,
8,YZt,98,15,0.19717246087501472,
8,YZt,99,15,0.19971857728297843,
8,YZt,100,15,0.20312287506333565,
8,YZt,101,15,0.20666921144384282,
8,YZt,102,15,0.21022705835417566,
8,YZt,103,15,0.21372130436086087,
8,YZt,104,15,0.21777229849413646,
8,YZt,105,15,0.22231474149818453,
8,YZt,106,15,0.22770086906335166,
8,YZt,107,15,0.2337249649345229,
8,YZt,108,15,0.24071164531189027,
8,YZt,109,15,0.24909655751881535,
8,YZt,110,15,0.25829151838564374,
8,YZt,111,15,0.26708419706970077,
8,YZt,112,15,0.2767139854780349,
8,YZt,113,15,0.2845797899348346,
8,YZt,114,15,0.29106766089358627,
8,YZt,115,15,0.2957715489023144,
8,YZt,116,15,0.30089830437370463,
8,YZt,117,15,0.3055361259768613,
8,YZt,118,15,0.30954595311526745,
8,YZt,119,15,0.31104897269792714,
8,YZt,120,15,0.3107389817758008,
8,YZt,121,15,0.30780705587214735,
8,YZt,122,15,0.3021848346477034,
8,YZt,123,15,0.295849704210149,
8,YZt,124,15,0.2890957105813724,
8,YZt,125,15,0.28269630211460284,
8,YZt,126,15,0.27807943038242694,
8,YZt,127,15,0.27547018635182,
8,YZt,128,15,0.2741809795382443,
8,YZt,129,15,0.2737205702749463,
8,YZt,130,15,0.27388352836084506,
8,YZt,131,15,0.27409820322866674,
8,YZt,132,15,0.2747378386550708,
8,YZt,133,15,0.27549355356248056,
8,YZt,134,15,0.2762806899036968,
8,YZt,135,15,0.2773742919508345,
8,YZt,136,15,0.2782297307211151,
8,YZt,137,15,0.2782158032745398,
8,YZt,138,15,0.27913004349347026,
8,YZt,139,15,0.2792088794521781,
8,YZt,140,15,0.2791570497175807,
8,YZt,141,15,0.2773089420678781,
8,YZt,142,15,0.27438125091679233,
8,YZt,143,15,0.2708167490872677,
8,YZt,144,15,0.26653727068476346,
8,YZt,145,15,0.2619483279811167,
8,YZt,146,15,0.25711461382961975,
8,YZt,147,15,0.2525232887251684,
8,YZt,148,15,0.24889609419937778,
8,YZt,149,15,0.24538870149984948,
8,YZt,150,15,0.2424276017345448,
8,YZt,151,15,0.23928147606726677,
8,YZt,152,15,0.23712281132707308,
8,YZt,153,15,0.23483421307155783,
8,YZt,154,15,0.2325345906987924,
8,YZt,155,15,0.2305546507291665,
8,YZt,156,15,0.22780470794928373,
8,YZt,157,15,0.22421728020543943,
8,YZt,158,15,0.21829461120160756,
8,YZt,159,15,0.21084046270807372,
8,YZt,160,15,0.2026846877399445,
8,YZt,161,15,0.19547134119810503,
8,YZt,162,15,0.1883156298482611,
8,YZt,163,15,0.1812821495097376,
8,YZt,164,15,0.17539664100261956,
8,YZt,165,15,0.169541798467621,
8,YZt,166,15,0.16360799420603,
8,YZt,167,15,0.1576455130914189,
8,YZt,168,15,0.1518938878144046,
8,YZt,169,15,0.1456720806693841,
8,YZt,170,15,0.14016951568893546,
8,YZt,171,15,0.1355259816713782,
8,YZt,172,15,0.1311363150509637,
8,YZt,173,15,0.12916364157832097,
8,YZt,174,15,0.1287821831701348,
8,YZt,175,15,0.12853063980436327,
8,YZt,176,15,0.12944115541566587,
8,YZt,177,15,0.13062021268685114,
8,YZt,178,15,0.13403543266270246,
8,YZt,179,15,0.13811181049888593,
8,YZt,180,15,0.14264823073224803,
8,YZt,181,15,0.14967219099923168,
8,YZt,182,15,0.15798632562105522,
8,YZt,183,15,0.1698307885581934,
8,YZt,184,15,0.18555399395572353,
8,YZt,185,15,0.21002926637318314,
8,YZt,186,15,0.24521960276307062,
8,YZt,187,15,0.30280378541708575,
8,YZt,188,15,0.36858636943382345,
8,YZt,189,15,0.43810590380230036,
8,YZt,190,15,0.4919670450165019,
8,YZt,191,15,0.5142308964950629,
8,YZt,192,15,0.5097347821242508,
8,YZt,193,15,0.4922645879005794,
8,YZt,194,15,0.4832404886888415,
8,YZt,195,15,0.4608190193654193,
8,YZt,196,15,0.4498978224324224,
8,YZt,197,15,0.4345082508855126,
8,YZt,198,15,0.42540689534596215,
8,YZt,199,15,0.41880083297796816,
8,YZt,200,15,0.4075029385443111,
8,YZt,201,15,0.4017220036282983,
8,YZt,202,15,0.39733912084817435,
8,YZt,203,15,0.3886509768015013,
8,YZt,204,15,0.38419405339328444,
8,YZt,205,15,0.3825436155041244,
8,YZt,206,15,0.3821913947138037,
8,YZt,207,15,0.37573238795810066,
8,YZt,208,15,0.3737932318460304,
8,YZt,209,15,0.3708911487304138,
8,YZt,210,15,0.3683523685448417,
8,YZt,211,15,0.3618989277134844,
8,YZt,212,15,0.3596660663108578,
8,YZt,213,15,0.3594862359646061,
8,YZt,214,15,0.35869622541826196,
8,YZt,215,15,0.3575353845217917,
8,YZt,216,15,0.35614300882970973,
8,YZt,217,15,0.3555169129625566,
8,YZt,218,15,0.347865450470926,
8,YZt,219,15,0.3456979908306645,
8,YZt,220,15,0.342587723477565,
8,YZt,221,15,0.3406246582099595,
8,YZt,222,15,0.3369524859010465,
8,YZt,223,15,0.33322986454804887,
8,YZt,224,15,0.32793367877068075,
8,YZt,225,15,0.32910731328128107,
8,YZt,226,15,0.3262793181441015,
8,YZt,227,15,0.3225196259313987,
8,YZt,228,15,0.3199124796320272,
8,YZt,229,15,0.3160132218229138,
8,YZt,230,15,0.309157911967866,
8,YZt,231,15,0.30980129708700277,
8,YZt,232,15,0.3059006981233976,
8,YZt,233,15,0.2977104471746594,
8,YZt,234,15,0.2980899639044645,
8,YZt,235,15,0.2941271812295665,
8,YZt,236,15,0.2863359902893518,
8,YZt,237,15,0.2870727732223437,
8,YZt,238,15,0.28143881699340095,
8,YZt,239,15,0.28001258690123554,
8,YZt,240,15,0.2742437341920172,
8,YZt,241,15,0.2686791051929076,
8,YZt,242,15,0.2662543568860626,
8,YZt,243,15,0.2639221924244756,
8,YZt,244,15,0.26138045459287856,
8,YZt,245,15,0.2573270816579658,
8,YZt,246,15,0.2515515049906386,
8,YZt,247,15,0.25271497229108203,
8,YZt,248,15,0.2506739261233135,
8,YZt,249,15,0.24564239881475863,
8,YZt,250,15,0.24772925430658466,
8,YZt,251,15,0.2418196903861735,
8,YZt,252,15,0.2300282658820189,
8,YZt,253,15,0.22239205732843087,
8,YZt,254,15,0.22051254420245758,
8,YZt,255,15,0.21382567745879522,
8,YZt,256,15,0.22550225488101217,
8,YZt,257,15,0.24341929922859087,
8,YZt,258,15,0.2757312437937338,
8,YZt,259,15,0.2322325321227447,
8,XZt,0,15,0.23356329413964094,
8,XZt,1,15,0.2427580263861332,
8,XZt,2,15,0.21389152097881672,
8,XZt,3,15,0.19924658883297983,
8,XZt,4,15,0.19433072034307364,
8,XZt,5,15,0.20661365594608233,
8,XZt,6,15,0.2109003782806953,
8,XZt,7,15,0.22864785636931823,
8,XZt,8,15,0.24235498974138392,
8,XZt,9,15,0.25158264618963866,
8,XZt,10,15,0.24995985989917516,
8,XZt,11,15,0.2554238104598162,
8,XZt,12,15,0.25723300478691963,
8,XZt,13,15,0.256816555610601,
8,XZt,14,15,0.26119455999072144,
8,XZt,15,15,0.26746819683802303,
8,XZt,16,15,0.26969957184442034,
8,XZt,17,15,0.27080471930821876,
8,XZt,18,15,0.2736855660682328,
8,XZt,19,15,0.27896579172205677,
8,XZt,20,15,0.28340719646514106,
8,XZt,21,15,0.2856312223490385,
8,XZt,22,15,0.2917033925066803,
8,XZt,23,15,0.2889069263342832,
8,XZt,24,15,0.29653850507771695,
8,XZt,25,15,0.300768505352877,
8,XZt,26,15,0.29753748191311913,
8,XZt,27,15,0.30354404339857344,
8,XZt,28,15,0.3070890354649398,
8,XZt,29,15,0.3069658259498531,
8,XZt,30,15,0.31128148814525247,
8,XZt,31,15,0.31455016103679045,
8,XZt,32,15,0.31830816360486625,
8,XZt,33,15,0.32075765800066147,
8,XZt,34,15,0.322950640187947,
8,XZt,35,15,0.32052965136641937,
8,XZt,36,15,0.3268540256483055,
8,XZt,37,15,0.3307152334347379,
8,XZt,38,15,0.3347356395339203,
8,XZt,39,15,0.33965858477502475,
8,XZt,40,15,0.34381855724271476,
8,XZt,41,15,0.34761454981281703,
8,XZt,42,15,0.3565705619387689,
8,XZt,43,15,0.3594204362787429,
8,XZt,44,15,0.3619663231636845,
8,XZt,45,15,0.36401854519335375,
8,XZt,46,15,0.3659686483070429,
8,XZt,47,15,0.3683016894005169,
8,XZt,48,15,0.3702254582737607,
8,XZt,49,15,0.37654519683118337,
8,XZt,50,15,0.3805424880881005,
8,XZt,51,15,0.384995966020484,
8,XZt,52,15,0.3888651371248376,
8,XZt,53,15,0.3965572494095476,
8,XZt,54,15,0.4011315089959837,
8,XZt,55,15,0.40648703238254863,
8,XZt,56,15,0.4130117795047976,
8,XZt,57,15,0.42181555059054426,
8,XZt,58,15,0.4264157397482608,
8,XZt,59,15,0.4321286929636198,
8,XZt,60,15,0.44220431530302556,
8,XZt,61,15,0.44513577565564993,
8,XZt,62,15,0.44943460749313735,
8,XZt,63,15,0.4571192639667869,
8,XZt,64,15,0.45901816716805605,
8,XZt,65,15,0.4691223302580567,
8,XZt,66,15,0.4682362654491236,
8,XZt,67,15,0.4710829421719861,
8,XZt,68,15,0.4614482964624598,
8,XZt,69,15,0.4471009559895555,
8,XZt,70,15,0.4233369031734337,
8,XZt,71,15,0.39754899399363586,
8,XZt,72,15,0.3783956160913606,
8,XZt,73,15,0.35401348327997373,
8,XZt,74,15,0.3369085159444681,
8,XZt,75,15,0.3197456781495815,
8,XZt,76,15,0.30458032157043924,
8,XZt,77,15,0.289382150506886,
8,XZt,78,15,0.27621559103614646,
8,XZt,79,15,0.2643525684321929,
8,XZt,80,15,0.2538513888933458,
8,XZt,81,15,0.2450444628218723,
8,XZt,82,15,0.23679608336757965,
8,XZt,83,15,0.23045415443401418,
8,XZt,84,15,0.22418409566244307,
8,XZt,85,15,0.21915274440933963,
8,XZt,86,15,0.2149775780236874,
8,XZt,87,15,0.21224323253926053,
8,XZt,88,15,0.2110401206260317,
8,XZt,89,15,0.20938459475908314,
8,XZt,90,15,0.20886956951329888,
8,XZt,91,15,0.20777623315181223,
8,XZt,92,15,0.206276750624947,
8,XZt,93,15,0.20475022225547862,
8,XZt,94,15,0.2033336882873386,
8,XZt,95,15,0.20119215584361227,
8,XZt,96,15,0.19930753855359898,
8,XZt,97,15,0.19709366053238286,
8,XZt,98,15,0.19435801858133178,
8,XZt,99,15,0.19089141273961419,
8,XZt,100,15,0.18755866692393505,
8,XZt,101,15,0.184591267887267,
8,XZt,102,15,0.18136319600688913,
8,XZt,103,15,0.17828728627503998,
8,XZt,104,15,0.1754813761159632,
8,XZt,105,15,0.172968698375332,
8,XZt,106,15,0.17055243337462625,
8,XZt,107,15,0.1682185932804281,
8,XZt,108,15,0.16618949501275532,
8,XZt,109,15,0.16463381844841254,
8,XZt,110,15,0.16339864834054482,
8,XZt,111,15,0.1623955959180656,
8,XZt,112,15,0.16183832856777292,
8,XZt,113,15,0.16145264317672273,
8,XZt,114,15,0.16101678108611903,
8,XZt,115,15,0.16051947025419291,
8,XZt,116,15,0.16002558907692965,
8,XZt,117,15,0.15944714348889935,
8,XZt,118,15,0.15897536282623648,
8,XZt,119,15,0.1587486439583686,
8,XZt,120,15,0.15833381072896288,
8,XZt,121,15,0.15785673069564293,
8,XZt,122,15,0.15753633459238037,
8,XZt,123,15,0.1573011367115507,
8,XZt,124,15,0.15740217952826424,
8,XZt,125,15,0.15739768772754936,
8,XZt,126,15,0.1576280472772886,
8,XZt,127,15,0.1581411665718152,
8,XZt,128,15,0.15890771087860966,
8,XZt,129,15,0.15976695186268075,
8,XZt,130,15,0.16079820566998412,
8,XZt,131,15,0.16169936859539114,
8,XZt,132,15,0.1628278258150445,
8,XZt,133,15,0.16450421374151208,
8,XZt,134,15,0.16613893334965937,
8,XZt,135,15,0.16807241786642488,
8,XZt,136,15,0.1699117929714044,
8,XZt,137,15,0.17188451148785075,
8,XZt,138,15,0.17377399523606007,
8,XZt,139,15,0.17574186681997367,
8,XZt,140,15,0.17726713745314396,
8,XZt,141,15,0.178913411882596,
8,XZt,142,15,0.18059125350395294,
8,XZt,143,15,0.1822384503148983,
8,XZt,144,15,0.18401280925995897,
8,XZt,145,15,0.1858904204490501,
8,XZt,146,15,0.18824723280106115,
8,XZt,147,15,0.1915505528671981,
8,XZt,148,15,0.1951144125282683,
8,XZt,149,15,0.19935895646366963,
8,XZt,150,15,0.2038038570455703,
8,XZt,151,15,0.20896414975787297,
8,XZt,152,15,0.2143041737786797,
8,XZt,153,15,0.2206709913548007,
8,XZt,154,15,0.22728489085258055,
8,XZt,155,15,0.23416448204376833,
8,XZt,156,15,0.2418650484152915,
8,XZt,157,15,0.2505923999922547,
8,XZt,158,15,0.2601062183939512,
8,XZt,159,15,0.26930494217138184,
8,XZt,160,15,0.2793410703597978,
8,XZt,161,15,0.2899042330675254,
8,XZt,162,15,0.3009925657494927,
8,XZt,163,15,0.31123131743794724,
8,XZt,164,15,0.3210816682395928,
8,XZt,165,15,0.3310298535387556,
8,XZt,166,15,0.3407939698212806,
8,XZt,167,15,0.34899878488710834,
8,XZt,168,15,0.35659895759119736,
8,XZt,169,15,0.3641811587890701,
8,XZt,170,15,0.3704555996763296,
8,XZt,171,15,0.37625329599361934,
8,XZt,172,15,0.3803760533085976,
8,XZt,173,15,0.3810868702868979,
8,XZt,174,15,0.37868385834548535,
8,XZt,175,15,0.37403516531521513,
8,XZt,176,15,0.36631530020872294,
8,XZt,177,15,0.3565869526854598,
8,XZt,178,15,0.3447175835674216,
8,XZt,179,15,0.33177326188739814,
8,XZt,180,15,0.32048824070532733,
8,XZt,181,15,0.30997353783282655,
8,XZt,182,15,0.3013398509746723,
8,XZt,183,15,0.29391577673399577,
8,XZt,184,15,0.288330216871189,
8,XZt,185,15,0.284484129519424,
8,XZt,186,15,0.2822445332675056,
8,XZt,187,15,0.2844876026625334,
8,XZt,188,15,0.2854964223462115,
8,XZt,189,15,0.29050416182587896,
8,XZt,190,15,0.29549429872151756,
8,XZt,191,15,0.30132113546408484,
8,XZt,192,15,0.30746011468604595,
8,XZt,193,15,0.30989554877125297,
8,XZt,194,15,0.3129095807418089,
8,XZt,195,15,0.30968046627720275,
8,XZt,196,15,0.3081166724937621,
8,XZt,197,15,0.30283316852797454,
8,XZt,198,15,0.29815111558115776,
8,XZt,199,15,0.29454527005495557,
8,XZt,200,15,0.2896510165287624,
8,XZt,201,15,0.28594892455832094,
8,XZt,202,15,0.2833444297398001,
8,XZt,203,15,0.2802475234232044,
8,XZt,204,15,0.27766515517981366,
8,XZt,205,15,0.27555525711449425,
8,XZt,206,15,0.27447228648428623,
8,XZt,207,15,0.272681055144496,
8,XZt,208,15,0.2725895126888699,
8,XZt,209,15,0.2717350415097533,
8,XZt,210,15,0.2729603258672199,
8,XZt,211,15,0.2746092448071093,
8,XZt,212,15,0.2799963874578159,
8,XZt,213,15,0.28880869741384096,
8,XZt,214,15,0.30098783869229034,
8,XZt,215,15,0.3176364167316783,
8,XZt,216,15,0.3386049335054745,
8,XZt,217,15,0.36515780953189586,
8,XZt,218,15,0.39202511617653013,
8,XZt,219,15,0.4239655352083667,
8,XZt,220,15,0.45335986933158534,
8,XZt,221,15,0.4750945755349556,
8,XZt,222,15,0.48559436880179374,
8,XZt,223,15,0.4825122194880378,
8,XZt,224,15,0.465504951233628,
8,XZt,225,15,0.45216028249818513,
8,XZt,226,15,0.43088512257329914,
8,XZt,227,15,0.41238904307757734,
8,XZt,228,15,0.39831147731718586,
8,XZt,229,15,0.3856269626160873,
8,XZt,230,15,0.37444536477236057,
8,XZt,231,15,0.3703236139337562,
8,XZt,232,15,0.36311431154417556,
8,XZt,233,15,0.35163176389411727,
8,XZt,234,15,0.3523607931084945,
8,XZt,235,15,0.3466834196199729,
8,XZt,236,15,0.3366431881928591,
8,XZt,237,15,0.33707941613556547,
8,XZt,238,15,0.32946872924172893,
8,XZt,239,15,0.32591760560402133,
8,XZt,240,15,0.3191143374848701,
8,XZt,241,15,0.3134523239240561,
8,XZt,242,15,0.30885931039119796,
8,XZt,243,15,0.30704592925772267,
8,XZt,244,15,0.3035381138103985,
8,XZt,245,15,0.2972974370170062,
8,XZt,246,15,0.2903171829200827,
8,XZt,247,15,0.289460477586898,
8,XZt,248,15,0.28662043042248125,
8,XZt,249,15,0.2793541373237297,
8,XZt,250,15,0.2817445431154597,
8,XZt,251,15,0.2727514760900597,
8,XZt,252,15,0.25721695973913933,
8,XZt,253,15,0.24058392529857667,
8,XZt,254,15,0.2331245404940827,
8,XZt,255,15,0.21891077551722155,
8,XZt,256,15,0.22367244098150363,
8,XZt,257,15,0.23591455510480444,
8,XZt,258,15,0.2611540300765712,
8,XZt,259,15,0.22333088824359804,
9,XYt,0,15,0.15288142654042572,
9,XYt,1,15,0.14653321320246818,
9,XYt,2,15,0.14640083510080462,
9,XYt,3,15,0.14843831322129641,
9,XYt,4,15,0.15195420703767076,
9,XYt,5,15,0.15212809757985504,
9,XYt,6,15,0.15258707341407604,
9,XYt,7,15,0.15136474336528058,
9,XYt,8,15,0.15002794976184552,
9,XYt,9,15,0.15002730142248472,
9,XYt,10,15,0.14965187083764872,
9,XYt,11,15,0.14774425718297285,
9,XYt,12,15,0.14492787701003576,
9,XYt,13,15,0.14243160076637318,
9,XYt,14,15,0.1403278743107293,
9,XYt,15,15,0.1368327061274478,
9,XYt,16,15,0.12567629279500214,
9,XYt,17,15,0.12004743358358588,
9,XYt,18,15,0.12275540782641389,
9,XYt,19,15,0.13284592693244263,
9,XYt,20,15,0.1398981998514671,
9,XYt,21,15,0.14361974108170916,
9,XYt,22,15,0.14392419629142167,
9,XYt,23,15,0.14083190599743972,
9,XYt,24,15,0.1353229278256296,
9,XYt,25,15,0.12835823547273276,
9,XYt,26,15,0.12077158298844216,
9,XYt,27,15,0.11376722693692036,
9,XYt,28,15,0.10839804490128965,
9,XYt,29,15,0.1048268534365511,
9,XYt,30,15,0.10241733352997681,
9,XYt,31,15,0.10185015009860521,
9,XYt,32,15,0.10397321538947356,
9,XYt,33,15,0.10946231300721987,
9,XYt,34,15,0.1187835566094709,
9,XYt,35,15,0.13319714722407922,
9,XYt,36,15,0.15656663299245513,
9,XYt,37,15,0.19535695890255536,
9,XYt,38,15,0.2592915858796111,
9,XYt,39,15,0.3566525950519424,
9,XYt,40,15,0.4632393368978615,
9,XYt,41,15,0.5447758119468048,
9,XYt,42,15,0.6023183355626839,
9,XYt,43,15,0.6508415779456923,
9,XYt,44,15,0.6909058010073801,
9,XYt,45,15,0.7177522102048262,
9,XYt,46,15,0.7194062955124915,
9,XYt,47,15,0.6740698133023746,
9,XYt,48,15,0.6279076354254084,
9,XYt,49,15,0.6033882704842818,
9,XYt,50,15,0.5954738616733408,
9,XYt,51,15,0.5995023441037359,
9,XYt,52,15,0.6114075605577604,
9,XYt,53,15,0.6246025592713589,
9,XYt,54,15,0.6305883625326245,
9,XYt,55,15,0.6227180253951158,
9,XYt,56,15,0.6000321100907962,
9,XYt,57,15,0.5669080851839025,
9,XYt,58,15,0.5355258183401473,
9,XYt,59,15,0.5162611718149355,
9,XYt,60,15,0.5071761052628758,
9,XYt,61,15,0.5014270182750808,
9,XYt,62,15,0.4952127340858606,
9,XYt,63,15,0.4890372103903565,
9,XYt,64,15,0.48306972870091247,
9,XYt,65,15,0.4793033949596928,
9,XYt,66,15,0.47755646434077964,
9,XYt,67,15,0.4770490560315688,
9,XYt,68,15,0.47521644084765025,
9,XYt,69,15,0.4726289985589621,
9,XYt,70,15,0.4704385449000199,
9,XYt,71,15,0.4684504677500927,
9,XYt,72,15,0.46718340823802856,
9,XYt,73,15,0.46441305085482937,
9,XYt,74,15,0.4614802843522242,
9,XYt,75,15,0.45643328743575046,
9,XYt,76,15,0.4489506562049229,
9,XYt,77,15,0.434690566484978,
9,XYt,78,15,0.41574320414153293,
9,XYt,79,15,0.39848534219575227,
9,XYt,80,15,0.38495328070210805,
9,XYt,81,15,0.37537492590552785,
9,XYt,82,15,0.3695777714284409,
9,XYt,83,15,0.36634675720260085,
9,XYt,84,15,0.3638813108386684,
9,XYt,85,15,0.36168894935315055,
9,XYt,86,15,0.35784696465692306,
9,XYt,87,15,0.3514308229437705,
9,XYt,88,15,0.3433566617853168,
9,XYt,89,15,0.3369213614882913,
9,XYt,90,15,0.3318232152552658,
9,XYt,91,15,0.32913299655635486,
9,XYt,92,15,0.3266033812152886,
9,XYt,93,15,0.3237049905636906,
9,XYt,94,15,0.3205307349446378,
9,XYt,95,15,0.31919859204446743,
9,XYt,96,15,0.31684519422978885,
9,XYt,97,15,0.31515913810451024,
9,XYt,98,15,0.3145178015299439,
9,XYt,99,15,0.3148406275065478,
9,XYt,100,15,0.31365055302440065,
9,XYt,101,15,0.31169423934982676,
9,XYt,102,15,0.3093976494027915,
9,XYt,103,15,0.3061757515023546,
9,XYt,104,15,0.3029305466584653,
9,XYt,105,15,0.3008159228970032,
9,XYt,106,15,0.29875590548432585,
9,XYt,107,15,0.29752012392046917,
9,XYt,108,15,0.29726873765331546,
9,XYt,109,15,0.29741443859048966,
9,XYt,110,15,0.297974462049143,
9,XYt,111,15,0.2991890933976198,
9,XYt,112,15,0.3010826815479043,
9,XYt,113,15,0.3040592833445559,
9,XYt,114,15,0.30649676033931317,
9,XYt,115,15,0.3094634163598618,
9,XYt,116,15,0.31496128291747144,
9,XYt,117,15,0.3219450811839525,
9,XYt,118,15,0.32674366120989834,
9,XYt,119,15,0.3301615891089778,
9,XYt,120,15,0.3316546923063355,
9,XYt,121,15,0.32776841365547593,
9,XYt,122,15,0.327151495897382,
9,XYt,123,15,0.3297673168100204,
9,XYt,124,15,0.3330724537517558,
9,XYt,125,15,0.3353364288707508,
9,XYt,126,15,0.3372883752348513,
9,XYt,127,15,0.33951403068521274,
9,XYt,128,15,0.3427427588289663,
9,XYt,129,15,0.34567407380539567,
9,XYt,130,15,0.3470883672507741,
9,XYt,131,15,0.3475630409286851,
9,XYt,132,15,0.348996650741519,
9,XYt,133,15,0.35244406067840384,
9,XYt,134,15,0.35743861949338634,
9,XYt,135,15,0.3636337000686897,
9,XYt,136,15,0.37166389175850695,
9,XYt,137,15,0.37878437305282625,
9,XYt,138,15,0.3868706394551856,
9,XYt,139,15,0.39672051710024514,
9,XYt,140,15,0.39920818540652825,
9,XYt,141,15,0.3942905605943878,
9,XYt,142,15,0.38928035059095967,
9,XYt,143,15,0.38561229338067965,
9,XYt,144,15,0.38378699933533084,
9,XYt,145,15,0.3826069957292227,
9,XYt,146,15,0.38186967613135514,
9,XYt,147,15,0.38083291495898336,
9,XYt,148,15,0.37924594836989506,
9,XYt,149,15,0.37753907205369985,
9,XYt,150,15,0.3755212323390112,
9,XYt,151,15,0.37397308273472735,
9,XYt,152,15,0.3730976459048504,
9,XYt,153,15,0.37165814956193965,
9,XYt,154,15,0.3691402179803761,
9,XYt,155,15,0.36654928726558733,
9,XYt,156,15,0.36434747869210304,
9,XYt,157,15,0.35875821522432466,
9,XYt,158,15,0.34883577484257583,
9,XYt,159,15,0.34010167567788374,
9,XYt,160,15,0.3329591154556358,
9,XYt,161,15,0.3246224388568746,
9,XYt,162,15,0.3165603759212199,
9,XYt,163,15,0.3104062270577161,
9,XYt,164,15,0.30462441881690455,
9,XYt,165,15,0.2981359707306719,
9,XYt,166,15,0.29036192337321803,
9,XYt,167,15,0.28121339336522083,
9,XYt,168,15,0.27359488262366277,
9,XYt,169,15,0.2695577652522371,
9,XYt,170,15,0.26747237193121703,
9,XYt,171,15,0.2664285769132275,
9,XYt,172,15,0.2660264704740481,
9,XYt,173,15,0.26493782147912015,
9,XYt,174,15,0.2637923360056402,
9,XYt,175,15,0.2619470295864934,
9,XYt,176,15,0.2592742443307755,
9,XYt,177,15,0.2567013595094252,
9,XYt,178,15,0.25571605178014206,
9,XYt,179,15,0.25485192827664993,
9,XYt,180,15,0.2524420405680392,
9,XYt,181,15,0.25060055187862307,
9,XYt,182,15,0.2503323167737815,
9,XYt,183,15,0.2500741397485183,
9,XYt,184,15,0.2503137074299913,
9,XYt,185,15,0.24965082529957017,
9,XYt,186,15,0.2474967688531632,
9,XYt,187,15,0.24476458969157794,
9,XYt,188,15,0.2445046752751938,
9,XYt,189,15,0.24602951829722283,
9,XYt,190,15,0.2488065203385172,
9,XYt,191,15,0.25219655458637164,
9,XYt,192,15,0.2536663647763585,
9,XYt,193,15,0.25199393639420514,
9,XYt,194,15,0.25042512680677564,
9,XYt,195,15,0.25118907012442365,
9,XYt,196,15,0.25525629736651484,
9,XYt,197,15,0.26168209031785267,
9,XYt,198,15,0.26866501702007894,
9,XYt,199,15,0.2746555306264088,
9,XYt,200,15,0.27981688158479223,
9,XYt,201,15,0.2814274778027973,
9,XYt,202,15,0.2812726739349483,
9,XYt,203,15,0.2817124446776005,
9,XYt,204,15,0.2818575865162823,
9,XYt,205,15,0.28360983226510567,
9,XYt,206,15,0.28753304350820136,
9,XYt,207,15,0.29354983251383926,
9,XYt,208,15,0.3022889545610969,
9,XYt,209,15,0.310304195894758,
9,XYt,210,15,0.3164285223441731,
9,XYt,211,15,0.3213485693825663,
9,XYt,212,15,0.32436436450309775,
9,XYt,213,15,0.3269993792899986,
9,XYt,214,15,0.3317692936665733,
9,XYt,215,15,0.3381814111691958,
9,XYt,216,15,0.34668675531765636,
9,XYt,217,15,0.3550615985694546,
9,XYt,218,15,0.3670620516847059,
9,XYt,219,15,0.38327681084823,
9,XYt,220,15,0.39140130420404173,
9,XYt,221,15,0.3949010208063347,
9,XYt,222,15,0.3995678024872665,
9,XYt,223,15,0.4030692672127621,
9,XYt,224,15,0.4046620390006707,
9,XYt,225,15,0.40449786510210045,
9,XYt,226,15,0.4023854349507367,
9,XYt,227,15,0.399552337708386,
9,XYt,228,15,0.39631553240753115,
9,XYt,229,15,0.39331152987589874,
9,XYt,230,15,0.39003227123749873,
9,XYt,231,15,0.3847597615206321,
9,XYt,232,15,0.3779832139156357,
9,XYt,233,15,0.36960109999199303,
9,XYt,234,15,0.35976567117024627,
9,XYt,235,15,0.3476890926045649,
9,XYt,236,15,0.3325239743915944,
9,XYt,237,15,0.3163332837630142,
9,XYt,238,15,0.30525058889838236,
9,XYt,239,15,0.3003755649087941,
9,XYt,240,15,0.29809599698096084,
9,XYt,241,15,0.2977075266500016,
9,XYt,242,15,0.2975174742384705,
9,XYt,243,15,0.29774695933755146,
9,XYt,244,15,0.29832351140847185,
9,XYt,245,15,0.2988835253386295,
9,XYt,246,15,0.29836276968458386,
9,XYt,247,15,0.29907989955070874,
9,XYt,248,15,0.30052754721378017,
9,XYt,249,15,0.30104135979727203,
9,XYt,250,15,0.30089652692413194,
9,XYt,251,15,0.30053763201430045,
9,XYt,252,15,0.29998401464205837,
9,XYt,253,15,0.29967849392607204,
9,XYt,254,15,0.30105738116955577,
9,XYt,255,15,0.30098057672561385,
9,XYt,256,15,0.2971417937516083,
9,XYt,257,15,0.283030559929251,
9,XYt,258,15,0.24638057894385504,
9,XYt,259,15,0.20339019992667123,
9,XYt,260,15,0.1852471357042339,
9,XYt,261,15,0.18135119018418963,
9,XYt,262,15,0.17958049509775242,
9,XYt,263,15,0.17844749391937337,
9,XYt,264,15,0.17808002254267336,
9,XYt,265,15,0.17703148700599847,
9,XYt,266,15,0.17619439389528707,
9,XYt,267,15,0.17555554310352123,
9,XYt,268,15,0.17631246084086913,
9,XYt,269,15,0.1772671176214275,
9,XYt,270,15,0.17895498297221396,
9,XYt,271,15,0.1795361391390392,
9,XYt,272,15,0.17907224255286633,
9,XYt,273,15,0.17898656207126934,
9,XYt,274,15,0.17998932758228436,
9,XYt,275,15,0.18096836576579944,
9,XYt,276,15,0.18120780849547785,
9,XYt,277,15,0.18053684381203014,
9,XYt,278,15,0.17947707579705405,
9,XYt,279,15,0.1781136968868705,
9,XYt,280,15,0.1770615235327528,
9,XYt,281,15,0.17713031376819288,
9,XYt,282,15,0.1782149888396562,
9,XYt,283,15,0.18065566871025537,
9,XYt,284,15,0.18285453183796588,
9,XYt,285,15,0.18412612128271866,
9,XYt,286,15,0.18395862809535662,
9,XYt,287,15,0.18297766551608102,
9,XYt,288,15,0.1808976123536355,
9,XYt,289,15,0.17857776503611378,
9,XYt,290,15,0.1763716290170363,
9,XYt,291,15,0.17581411904056216,
9,XYt,292,15,0.1753782000992573,
9,XYt,293,15,0.17537637557663444,
9,XYt,294,15,0.17582753656642075,
9,XYt,295,15,0.17551681752289888,
9,XYt,296,15,0.17545856193857934,
9,XYt,297,15,0.1763011657668404,
9,XYt,298,15,0.1774354988427012,
9,XYt,299,15,0.17842271777985555,
9,XYt,300,15,0.1806933699464046,
9,XYt,301,15,0.18240808740121872,
9,XYt,302,15,0.18261042818385836,
9,XYt,303,15,0.18052845737975337,
9,XYt,304,15,0.17813215703408758,
9,XYt,305,15,0.17695265474758176,
9,XYt,306,15,0.17687607826632706,
9,XYt,307,15,0.1771110184252666,
9,XYt,308,15,0.17817326904686645,
9,XYt,309,15,0.17937498237749838,
9,XYt,310,15,0.180788469522544,
9,XYt,311,15,0.18087890648366334,
9,XYt,312,15,0.18072041869254163,
9,XYt,313,15,0.18120077586917344,
9,XYt,314,15,0.18202518843884968,
9,XYt,315,15,0.18153560497966473,
9,XYt,316,15,0.18000357837843411,
9,XYt,317,15,0.17824038920927285,
9,XYt,318,15,0.17618058980132278,
9,XYt,319,15,0.17551567719152578,
9,XYt,320,15,0.17534813511333525,
9,XYt,321,15,0.17796233742384207,
9,XYt,322,15,0.17925282064343986,
9,XYt,323,15,0.18190740005039158,
9,XYt,324,15,0.1843459499016151,
9,XYt,325,15,0.22771187963916403,
9,XYt,326,15,0.27808136202697065,
9,XYt,327,15,0.2975357630457637,
9,XYt,328,15,0.30793070427951763,
9,XYt,329,15,0.31182893553470653,
9,XYt,330,15,0.3097153618517231,
9,XYt,331,15,0.307945012798718,
9,XYt,332,15,0.3055129720992889,
9,XYt,333,15,0.3067529712014311,
9,XYt,334,15,0.3096269796960172,
9,XYt,335,15,0.31658192848627237,
9,XYt,336,15,0.32099001374201525,
9,XYt,337,15,0.3243238685651793,
9,XYt,338,15,0.32682692173131034,
9,XYt,339,15,0.3332181006699419,
9,XYt,340,15,0.3407593717942209,
9,XYt,341,15,0.3446029881717233,
9,XYt,342,15,0.3514929950542098,
9,XYt,343,15,0.36103939894336134,
9,XYt,344,15,0.36582373734026097,
9,XYt,345,15,0.3692311941973625,
9,XYt,346,15,0.3723806037768081,
9,XYt,347,15,0.37484668815516203,
9,XYt,348,15,0.3764087884229312,
9,XYt,349,15,0.37686264538239017,
9,XYt,350,15,0.37601310614433553,
9,XYt,351,15,0.37650777817034375,
9,XYt,352,15,0.38201602952248853,
9,XYt,353,15,0.38301176054536346,
9,XYt,354,15,0.38280018050634784,
9,XYt,355,15,0.37942547331209864,
9,XYt,356,15,0.374198963620332,
9,XYt,357,15,0.36307137010636237,
9,XYt,358,15,0.34588861378695945,
9,XYt,359,15,0.3349013125174557,
9,XYt,360,15,0.3271238091241097,
9,XYt,361,15,0.3205934904737208,
9,XYt,362,15,0.3150650082547879,
9,XYt,363,15,0.31181706881706656,
9,XYt,364,15,0.3119982933694856,
9,XYt,365,15,0.3104928022539495,
9,XYt,366,15,0.3078459381134151,
9,XYt,367,15,0.30553358376036127,
9,XYt,368,15,0.3075164664329557,
9,XYt,369,15,0.305942740820966,
9,XYt,370,15,0.3035255561475538,
9,XYt,371,15,0.30109125802360953,
9,XYt,372,15,0.29680535634824373,
9,XYt,373,15,0.29324254066070043,
9,XYt,374,15,0.2914397171480984,
9,XYt,375,15,0.2913438143970177,
9,XYt,376,15,0.2876499952002028,
9,XYt,377,15,0.2824637457438632,
9,XYt,378,15,0.2751029657082629,
9,XYt,379,15,0.2691731747798855,
9,XYt,380,15,0.2646746193407421,
9,XYt,381,15,0.2656203850063794,
9,XYt,382,15,0.26726456142470373,
9,XYt,383,15,0.26729709219411585,
9,XYt,384,15,0.26311904026439936,
9,XYt,385,15,0.25521575930453555,
9,XYt,386,15,0.2524557708333177,
9,XYt,387,15,0.25600601550144314,
9,XYt,388,15,0.2569613354177097,
9,XYt,389,15,0.25913257462145145,
9,XYt,390,15,0.2609630244960273,
9,XYt,391,15,0.26275079172248245,
9,XYt,392,15,0.26329833838844774,
9,XYt,393,15,0.26432972474302685,
9,XYt,394,15,0.26367671748954685,
9,XYt,395,15,0.2634297721125114,
9,XYt,396,15,0.2647628973538369,
9,XYt,397,15,0.2671836065221966,
9,XYt,398,15,0.26928930717342575,
9,XYt,399,15,0.2706345166972192,
9,XYt,400,15,0.27111028206942184,
9,XYt,401,15,0.27052672847958437,
9,XYt,402,15,0.26829630293991796,
9,XYt,403,15,0.2662568842264051,
9,XYt,404,15,0.2650702735309731,
9,XYt,405,15,0.2646258960144143,
9,XYt,406,15,0.2668230112587345,
9,XYt,407,15,0.26947509089816996,
9,XYt,408,15,0.2736746895615238,
9,XYt,409,15,0.2771042192477988,
9,XYt,410,15,0.27879865978282364,
9,XYt,411,15,0.27371096571870696,
9,XYt,412,15,0.2753216762692966,
9,XYt,413,15,0.2784817194235802,
9,XYt,414,15,0.28207987452851674,
9,XYt,415,15,0.2858918647308016,
9,XYt,416,15,0.2922596422990383,
9,XYt,417,15,0.299350483365809,
9,XYt,418,15,0.30471279179755545,
9,XYt,419,15,0.30711477878080085,
9,XYt,420,15,0.3085689251976747,
9,XYt,421,15,0.3075599374300132,
9,XYt,422,15,0.31078875407617734,
9,XYt,423,15,0.3123018986331773,
9,XYt,424,15,0.3133625946655332,
9,XYt,425,15,0.31408275320785756,
9,XYt,426,15,0.3142555159492105,
9,XYt,427,15,0.3133822094335915,
9,XYt,428,15,0.31498222031101586,
9,XYt,429,15,0.31756510084323286,
9,XYt,430,15,0.32194140614594796,
9,XYt,431,15,0.32691202600223895,
9,XYt,432,15,0.33304048878127784,
9,XYt,433,15,0.3393909070286528,
9,XYt,434,15,0.3468269366846188,
9,XYt,435,15,0.35685923534748787,
9,XYt,436,15,0.3755149990513494,
9,XYt,437,15,0.3860282047296571,
9,XYt,438,15,0.387844077610501,
9,XYt,439,15,0.38891124264611504,
9,XYt,440,15,0.39059525751988855,
9,XYt,441,15,0.39191756810318573,
9,XYt,442,15,0.393231806843013,
9,XYt,443,15,0.3932976204786074,
9,XYt,444,15,0.3916208300552422,
9,XYt,445,15,0.3884396229154733,
9,XYt,446,15,0.38368416603582906,
9,XYt,447,15,0.3787259176232743,
9,XYt,448,15,0.37295532814765026,
9,XYt,449,15,0.366618800529892,
9,XYt,450,15,0.3598567842696947,
9,XYt,451,15,0.3519932900066942,
9,XYt,452,15,0.3426337526138768,
9,XYt,453,15,0.3321743282221443,
9,XYt,454,15,0.3180531704634815,
9,XYt,455,15,0.3042110508559725,
9,XYt,456,15,0.29638158236659,
9,XYt,457,15,0.29269303474425146,
9,XYt,458,15,0.2921277149414757,
9,XYt,459,15,0.2912941849480151,
9,XYt,460,15,0.29103194102632884,
9,XYt,461,15,0.2908805614091971,
9,XYt,462,15,0.2906876643002986,
9,XYt,463,15,0.2908823113350836,
9,XYt,464,15,0.2935193724810158,
9,XYt,465,15,0.29494078653968014,
9,XYt,466,15,0.2879015795232162,
9,XYt,467,15,0.25387774206855557,
9,XYt,468,15,0.20071942141570537,
9,XYt,469,15,0.17328128106752583,
9,XYt,470,15,0.16869678327500306,
9,XYt,471,15,0.16759288134403386,
9,XYt,472,15,0.16639365330118125,
9,XYt,473,15,0.16491217178855191,
9,XYt,474,15,0.1627208006504091,
9,XYt,475,15,0.1604347388245797,
9,XYt,476,15,0.15818640252021426,
9,XYt,477,15,0.15664345138832916,
9,XYt,478,15,0.1553897159070278,
9,XYt,479,15,0.1548584489663972,
9,XYt,480,15,0.15421811132694987,
9,XYt,481,15,0.1537497903284892,
9,XYt,482,15,0.1544000323624214,
9,XYt,483,15,0.1555838073844963,
9,XYt,484,15,0.1562356115409109,
9,XYt,485,15,0.15623880405097254,
9,XYt,486,15,0.15520777985796633,
9,XYt,487,15,0.15419393816207458,
9,XYt,488,15,0.15439472318958578,
9,XYt,489,15,0.15619821469584078,
9,XYt,490,15,0.15792230391159132,
9,XYt,491,15,0.15951150271050404,
9,XYt,492,15,0.16047295014812976,
9,XYt,493,15,0.16078177777147537,
9,XYt,494,15,0.16071008506440587,
9,XYt,495,15,0.1600348885417635,
9,XYt,496,15,0.15882278362142824,
9,XYt,497,15,0.15684019397658666,
9,XYt,498,15,0.15418180047998162,
9,XYt,499,15,0.15118594865135054,
9,XYt,500,15,0.14776698781068567,
9,XYt,501,15,0.1470024233284613,
9,XYt,502,15,0.1478944424418169,
9,XYt,503,15,0.14865886153367597,
9,XYt,504,15,0.14959158619733617,
9,XYt,505,15,0.14979818299540212,
9,XYt,506,15,0.14963836521779678,
9,XYt,507,15,0.14868866532166736,
9,XYt,508,15,0.1498527880775729,
9,XYt,509,15,0.15042305455728835,
9,XYt,510,15,0.15027320195854446,
9,XYt,511,15,0.15025419247844393,
9,XYt,512,15,0.15085912726347656,
9,XYt,513,15,0.15131885997468228,
9,XYt,514,15,0.15199077172429143,
9,XYt,515,15,0.1524966107715859,
9,XYt,516,15,0.152253307374976,
9,XYt,517,15,0.15134437782355986,
9,XYt,518,15,0.1501559915940072,
9,XYt,519,15,0.14903978128283393,
9,XYt,520,15,0.1477327967991129,
9,XYt,521,15,0.14603159423568984,
9,XYt,522,15,0.1428027405957236,
9,XYt,523,15,0.14004297293796583,
9,XYt,524,15,0.14003333860300773,
9,XYt,525,15,0.1401439117456821,
9,XYt,526,15,0.1408071331218846,
9,XYt,527,15,0.1416947539283974,
9,XYt,528,15,0.14179227636276395,
9,XYt,529,15,0.14069174782089894,
9,XYt,530,15,0.13858337590060052,
9,XYt,531,15,0.1381156071624211,
9,XYt,532,15,0.14043460225366425,
9,XYt,533,15,0.1492369372550752,
9,XYt,534,15,0.1769455119329668,
9,XYt,535,15,0.22196963802003628,
9,XYt,536,15,0.25601055296821135,
9,XYt,537,15,0.26603061574988973,
9,XYt,538,15,0.269322359416444,
9,XYt,539,15,0.27017569300954575,
9,XYt,540,15,0.27214174119869716,
9,XYt,541,15,0.2700702071359338,
9,XYt,542,15,0.2652831990308634,
9,XYt,543,15,0.26074706353683896,
9,XYt,544,15,0.25820568689381834,
9,XYt,545,15,0.25886204559419457,
9,XYt,546,15,0.2629991917067464,
9,XYt,547,15,0.26700332125280796,
9,XYt,548,15,0.26390792286324005,
9,XYt,549,15,0.2589153807872108,
9,XYt,550,15,0.2553915408659239,
9,XYt,551,15,0.253384970242117,
9,XYt,552,15,0.2520564909544105,
9,XYt,553,15,0.25146145979931733,
9,XYt,554,15,0.2510960890829436,
9,XYt,555,15,0.25072428777079186,
9,XYt,556,15,0.2500259887923179,
9,XYt,557,15,0.2486879818753654,
9,XYt,558,15,0.24631129571464494,
9,XYt,559,15,0.24153649473922503,
9,XYt,560,15,0.23182766099707708,
9,XYt,561,15,0.22029744155432338,
9,XYt,562,15,0.21489606759406446,
9,XYt,563,15,0.21657231383036446,
9,XYt,564,15,0.2178637763683564,
9,XYt,565,15,0.21710579113308903,
9,XYt,566,15,0.21261072128066974,
9,XYt,567,15,0.2081115938659527,
9,XYt,568,15,0.20376025826922187,
9,XYt,569,15,0.19947359987983942,
9,XYt,570,15,0.1937505922354057,
9,XYt,571,15,0.18641450677135957,
9,XYt,572,15,0.179946269077236,
9,XYt,573,15,0.1767598945154333,
9,XYt,574,15,0.17620340119169522,
9,XYt,575,15,0.1771731207894888,
9,XYt,576,15,0.1791504808991367,
9,XYt,577,15,0.18108085112512748,
9,XYt,578,15,0.1820138194460158,
9,XYt,579,15,0.18300295012715043,
9,XYt,580,15,0.18406147942262036,
9,XYt,581,15,0.18579816453549425,
9,XYt,582,15,0.18622145606784268,
9,XYt,583,15,0.18550191234160351,
9,XYt,584,15,0.1848660376167494,
9,XYt,585,15,0.1841047996260362,
9,XYt,586,15,0.18397972230355794,
9,XYt,587,15,0.18565869078817238,
9,XYt,588,15,0.1837375462102786,
9,XYt,589,15,0.17878586459666096,
9,XYt,590,15,0.17204088879778145,
9,XYt,591,15,0.16657493613564953,
9,XYt,592,15,0.1643877641561605,
9,XYt,593,15,0.164004840856692,
9,XYt,594,15,0.1641544874456684,
9,XYt,595,15,0.16414972689573698,
9,XYt,596,15,0.16424951282302394,
9,XYt,597,15,0.1643334269316757,
9,XYt,598,15,0.16442071244374185,
9,XYt,599,15,0.16465605190716748,
9,XYt,600,15,0.16526601968425372,
9,XYt,601,15,0.16672192437107305,
9,XYt,602,15,0.16792111800787957,
9,XYt,603,15,0.16848995597832003,
9,XYt,604,15,0.1689147786701998,
9,XYt,605,15,0.16913674266791132,
9,XYt,606,15,0.1694021160205312,
9,XYt,607,15,0.16953752760455357,
9,XYt,608,15,0.16950905299969468,
9,XYt,609,15,0.16930629876245104,
9,XYt,610,15,0.16868914036132326,
9,XYt,611,15,0.16761236665148066,
9,XYt,612,15,0.16633034991343915,
9,XYt,613,15,0.16495116872378757,
9,XYt,614,15,0.1635567691303683,
9,XYt,615,15,0.16253919830141655,
9,XYt,616,15,0.16165237533707996,
9,XYt,617,15,0.16072687109902045,
9,XYt,618,15,0.1611726392606821,
9,XYt,619,15,0.1621167735063803,
9,XYt,620,15,0.16108472335204474,
9,XYt,621,15,0.1617528259250059,
9,XYt,622,15,0.1653024746364226,
9,XYt,623,15,0.17085403695223658,
9,XYt,624,15,0.17559840361930926,
9,XYt,625,15,0.1823932309285023,
9,XYt,626,15,0.18558080045882275,
9,XYt,627,15,0.18673053465797196,
9,XYt,628,15,0.18797016441618758,
9,XYt,629,15,0.1889211730260061,
9,XYt,630,15,0.1892380125866202,
9,XYt,631,15,0.18787799021724086,
9,XYt,632,15,0.18523524280465806,
9,XYt,633,15,0.18312599181560946,
9,XYt,634,15,0.1811428377321373,
9,XYt,635,15,0.17849250076564066,
9,XYt,636,15,0.17559690983217857,
9,XYt,637,15,0.17382926313323754,
9,XYt,638,15,0.17256091948202543,
9,XYt,639,15,0.17217858163339575,
9,XYt,640,15,0.1739014590183983,
9,XYt,641,15,0.17908138813902366,
9,XYt,642,15,0.18591051060179897,
9,XYt,643,15,0.19165312556524808,
9,XYt,644,15,0.19549751637813356,
9,XYt,645,15,0.19869700747942165,
9,XYt,646,15,0.20191147777515647,
9,XYt,647,15,0.20501690721488447,
9,XYt,648,15,0.20585774037023924,
9,XYt,649,15,0.2060196518480535,
9,XYt,650,15,0.20578762348117766,
9,XYt,651,15,0.20581986539113958,
9,XYt,652,15,0.214764105767205,
9,XYt,653,15,0.22526896383482947,
9,XYt,654,15,0.23026470734918966,
9,XYt,655,15,0.23218425910310989,
9,XYt,656,15,0.2330912209645194,
9,XYt,657,15,0.23386390804354526,
9,XYt,658,15,0.23471147339023282,
9,XYt,659,15,0.2354077760113287,
9,XYt,660,15,0.2361914238838111,
9,XYt,661,15,0.23723644225557183,
9,XYt,662,15,0.23858571437350273,
9,XYt,663,15,0.24094470857937808,
9,XYt,664,15,0.24473248063259517,
9,XYt,665,15,0.2494891328554239,
9,XYt,666,15,0.25128690277291166,
9,XYt,667,15,0.2506744929887417,
9,XYt,668,15,0.24998892060073707,
9,XYt,669,15,0.25094407430640236,
9,XYt,670,15,0.25280907102523165,
9,XYt,671,15,0.2532294060958755,
9,XYt,672,15,0.2491624835959464,
9,XYt,673,15,0.24282736832081422,
9,XYt,674,15,0.23675036978684644,
9,XYt,675,15,0.22295575740372406,
9,XYt,676,15,0.20312539828416498,
9,XYt,677,15,0.1779831064047288,
9,XYt,678,15,0.15359108486591969,
9,XYt,679,15,0.13772514271259298,
9,XYt,680,15,0.12872135973289134,
9,XYt,681,15,0.12369461845036364,
9,XYt,682,15,0.12153810528183527,
9,XYt,683,15,0.12092241535055029,
9,XYt,684,15,0.12080982091977244,
9,XYt,685,15,0.12132560595550679,
9,XYt,686,15,0.12202191006534385,
9,XYt,687,15,0.12301974411864397,
9,XYt,688,15,0.12411347385380489,
9,XYt,689,15,0.12481832221018589,
9,XYt,690,15,0.12534786323680677,
9,XYt,691,15,0.12564216698252734,
9,XYt,692,15,0.12581774921445635,
9,XYt,693,15,0.1253411806407504,
9,XYt,694,15,0.1247065437379413,
9,XYt,695,15,0.12385897854429258,
9,XYt,696,15,0.12292956713600164,
9,XYt,697,15,0.12249195364394876,
9,XYt,698,15,0.12216497290757852,
9,XYt,699,15,0.12189825981043603,
9,XYt,700,15,0.12202951786878012,
9,XYt,701,15,0.1223400467157663,
9,XYt,702,15,0.12262680403931825,
9,XYt,703,15,0.12334992683511879,
9,XYt,704,15,0.12446934969485395,
9,XYt,705,15,0.12591640628735848,
9,XYt,706,15,0.12800533579040924,
9,XYt,707,15,0.13135372762287903,
9,XYt,708,15,0.1403567557811426,
9,XYt,709,15,0.18256730852654515,
9,XYt,710,15,0.17381079007388825,
9,XYt,711,15,0.1854928500248849,
9,XYt,712,15,0.185737908113094,
9,XYt,713,15,0.1874991816794833,
9,XYt,714,15,0.18715990686137438,
9,XYt,715,15,0.1822173309296872,
9,XYt,716,15,0.1690755567041248,
9,XYt,717,15,0.15589725289301154,
9,XYt,718,15,0.14896650629441366,
9,XYt,719,15,0.1623104264595971,
9,XYt,720,15,0.18900872585834635,
9,XYt,721,15,0.2155284568065551,
9,XYt,722,15,0.2391749645028085,
9,XYt,723,15,0.2651975196997101,
9,XYt,724,15,0.29534867327759745,
9,XYt,725,15,0.3245642130574399,
9,XYt,726,15,0.3402708121983093,
9,XYt,727,15,0.34234541645256544,
9,YZt,0,15,0.40186702890873843,
9,YZt,1,15,0.27178339336758534,
9,YZt,2,15,0.24132290743605406,
9,YZt,3,15,0.22185857042720986,
9,YZt,4,15,0.21125465534606191,
9,YZt,5,15,0.21471710825526016,
9,YZt,6,15,0.21341551432981282,
9,YZt,7,15,0.22072323443356537,
9,YZt,8,15,0.23219774093178203,
9,YZt,9,15,0.24119195876529687,
9,YZt,10,15,0.2413350188941849,
9,YZt,11,15,0.24742568518465996,
9,YZt,12,15,0.25001758189855855,
9,YZt,13,15,0.2498450521365252,
9,YZt,14,15,0.2557958745667337,
9,YZt,15,15,0.2623274479636545,
9,YZt,16,15,0.2645818549197972,
9,YZt,17,15,0.2679435258943035,
9,YZt,18,15,0.2715316192853943,
9,YZt,19,15,0.2771334442444717,
9,YZt,20,15,0.28364545793830787,
9,YZt,21,15,0.2864590118400365,
9,YZt,22,15,0.2927338896283266,
9,YZt,23,15,0.2934564804764998,
9,YZt,24,15,0.30260387218799645,
9,YZt,25,15,0.30787215948548047,
9,YZt,26,15,0.30655934203872826,
9,YZt,27,15,0.3154039295743317,
9,YZt,28,15,0.3196313238429726,
9,YZt,29,15,0.31939804732060834,
9,YZt,30,15,0.32652476775153094,
9,YZt,31,15,0.3327288932729146,
9,YZt,32,15,0.33815836823286266,
9,YZt,33,15,0.3438674516770243,
9,YZt,34,15,0.34939588892722223,
9,YZt,35,15,0.3525817989328725,
9,YZt,36,15,0.36254133532844524,
9,YZt,37,15,0.368038518733541,
9,YZt,38,15,0.369614690964732,
9,YZt,39,15,0.3668674762408804,
9,YZt,40,15,0.3614928007246012,
9,YZt,41,15,0.354769406037337,
9,YZt,42,15,0.34948640498847694,
9,YZt,43,15,0.33955779678249887,
9,YZt,44,15,0.32807843790384755,
9,YZt,45,15,0.3174409200396747,
9,YZt,46,15,0.3072431839139827,
9,YZt,47,15,0.29756450470284146,
9,YZt,48,15,0.28984063962623385,
9,YZt,49,15,0.28639804556242354,
9,YZt,50,15,0.2815327303446196,
9,YZt,51,15,0.2779200736302596,
9,YZt,52,15,0.27687048577546974,
9,YZt,53,15,0.2792978187035221,
9,YZt,54,15,0.281825731734257,
9,YZt,55,15,0.28665737976074485,
9,YZt,56,15,0.294365960354559,
9,YZt,57,15,0.3049344044423357,
9,YZt,58,15,0.3167525134884631,
9,YZt,59,15,0.33136496850208264,
9,YZt,60,15,0.35164126729065653,
9,YZt,61,15,0.37297386135071775,
9,YZt,62,15,0.39315070668885416,
9,YZt,63,15,0.40766372528620637,
9,YZt,64,15,0.39814034852570146,
9,YZt,65,15,0.3722133216486045,
9,YZt,66,15,0.3273610191536745,
9,YZt,67,15,0.2787264073101892,
9,YZt,68,15,0.23968594166891205,
9,YZt,69,15,0.21342696945842424,
9,YZt,70,15,0.19601976319009892,
9,YZt,71,15,0.1834630884165411,
9,YZt,72,15,0.17488630577594416,
9,YZt,73,15,0.16674430522485664,
9,YZt,74,15,0.1609117916373567,
9,YZt,75,15,0.15635678794877952,
9,YZt,76,15,0.152633251418741,
9,YZt,77,15,0.14919378448139264,
9,YZt,78,15,0.1476433052999345,
9,YZt,79,15,0.14647876443114088,
9,YZt,80,15,0.14655078851598882,
9,YZt,81,15,0.14730277870671876,
9,YZt,82,15,0.14845278016750033,
9,YZt,83,15,0.15097054240119348,
9,YZt,84,15,0.15338467953369142,
9,YZt,85,15,0.15606843724377134,
9,YZt,86,15,0.15920741088786297,
9,YZt,87,15,0.162573804755932,
9,YZt,88,15,0.1664339411461071,
9,YZt,89,15,0.16958427965446146,
9,YZt,90,15,0.17314035615769988,
9,YZt,91,15,0.17643968883622244,
9,YZt,92,15,0.1791449717990765,
9,YZt,93,15,0.1821628260941946,
9,YZt,94,15,0.18525918373301667,
9,YZt,95,15,0.188151236111002,
9,YZt,96,15,0.19097280096666777,
9,YZt,97,15,0.19423026194348397,
9,YZt,98,15,0.19732589170675038,
9,YZt,99,15,0.20001515005142298,
9,YZt,100,15,0.2034886742573361,
9,YZt,101,15,0.20695465258465756,
9,YZt,102,15,0.2105186268522127,
9,YZt,103,15,0.21407977621843718,
9,YZt,104,15,0.21818190929610717,
9,YZt,105,15,0.22277808633376517,
9,YZt,106,15,0.22813623081735915,
9,YZt,107,15,0.23416944119337324,
9,YZt,108,15,0.2412660846862005,
9,YZt,109,15,0.2496565238699277,
9,YZt,110,15,0.2588048416591512,
9,YZt,111,15,0.26762489274525036,
9,YZt,112,15,0.2774324496337342,
9,YZt,113,15,0.28548593583553633,
9,YZt,114,15,0.2920441311299351,
9,YZt,115,15,0.2967735121237323,
9,YZt,116,15,0.3018128891913351,
9,YZt,117,15,0.3064497388211953,
9,YZt,118,15,0.3104513738761917,
9,YZt,119,15,0.31208702700498836,
9,YZt,120,15,0.3116141174099291,
9,YZt,121,15,0.3085717453509869,
9,YZt,122,15,0.3028141842934882,
9,YZt,123,15,0.2964086728902973,
9,YZt,124,15,0.2896381277252827,
9,YZt,125,15,0.2833307373540144,
9,YZt,126,15,0.27870263369192694,
9,YZt,127,15,0.2761588915620722,
9,YZt,128,15,0.2748967570619508,
9,YZt,129,15,0.27435411743846166,
9,YZt,130,15,0.2745615027672337,
9,YZt,131,15,0.2748497840044664,
9,YZt,132,15,0.2755322812092672,
9,YZt,133,15,0.2764006686856521,
9,YZt,134,15,0.2772152464732909,
9,YZt,135,15,0.27830655492229883,
9,YZt,136,15,0.27925336604026346,
9,YZt,137,15,0.2792062394657412,
9,YZt,138,15,0.28007665211812904,
9,YZt,139,15,0.28022553674245737,
9,YZt,140,15,0.28017257932983264,
9,YZt,141,15,0.2783651762829249,
9,YZt,142,15,0.27536758981074166,
9,YZt,143,15,0.27172356241687207,
9,YZt,144,15,0.2674230808748083,
9,YZt,145,15,0.26288429482812425,
9,YZt,146,15,0.2581072765615948,
9,YZt,147,15,0.25353104501396817,
9,YZt,148,15,0.24987779065236093,
9,YZt,149,15,0.2465689171719496,
9,YZt,150,15,0.24361689793449384,
9,YZt,151,15,0.24038862004026038,
9,YZt,152,15,0.23825872159605319,
9,YZt,153,15,0.2360376439904281,
9,YZt,154,15,0.2338053177636035,
9,YZt,155,15,0.23194468530523837,
9,YZt,156,15,0.22912475618684824,
9,YZt,157,15,0.22549485365986696,
9,YZt,158,15,0.2196465398520372,
9,YZt,159,15,0.2121319080602074,
9,YZt,160,15,0.20382180456522456,
9,YZt,161,15,0.19631331914985367,
9,YZt,162,15,0.18907665653316125,
9,YZt,163,15,0.18203585587660628,
9,YZt,164,15,0.1760312895301337,
9,YZt,165,15,0.1698008121167645,
9,YZt,166,15,0.16386055106669842,
9,YZt,167,15,0.15779781416294417,
9,YZt,168,15,0.15179533281956073,
9,YZt,169,15,0.1455018225383312,
9,YZt,170,15,0.13991929214545334,
9,YZt,171,15,0.13506668336504557,
9,YZt,172,15,0.13080221680930396,
9,YZt,173,15,0.12883599182705768,
9,YZt,174,15,0.12837917086427705,
9,YZt,175,15,0.12835243832098744,
9,YZt,176,15,0.12917061869119265,
9,YZt,177,15,0.13036655040774128,
9,YZt,178,15,0.13387369580166053,
9,YZt,179,15,0.13810076412414535,
9,YZt,180,15,0.1428869317629108,
9,YZt,181,15,0.14994205870491997,
9,YZt,182,15,0.1585963216152371,
9,YZt,183,15,0.17008769485692316,
9,YZt,184,15,0.1863425406554237,
9,YZt,185,15,0.2104850726379711,
9,YZt,186,15,0.24604053509567955,
9,YZt,187,15,0.30376894440365765,
9,YZt,188,15,0.3706653973906013,
9,YZt,189,15,0.44004675991021724,
9,YZt,190,15,0.4949199189826483,
9,YZt,191,15,0.5151256105319268,
9,YZt,192,15,0.5086986997659296,
9,YZt,193,15,0.48777787981804654,
9,YZt,194,15,0.4760685607362297,
9,YZt,195,15,0.4547049796461283,
9,YZt,196,15,0.4428832877005058,
9,YZt,197,15,0.4277059540136107,
9,YZt,198,15,0.42024889628974266,
9,YZt,199,15,0.41312181020898875,
9,YZt,200,15,0.40197915785919913,
9,YZt,201,15,0.3970933235703719,
9,YZt,202,15,0.39207890398355444,
9,YZt,203,15,0.3828378008180218,
9,YZt,204,15,0.37917570722186117,
9,YZt,205,15,0.3775352001331899,
9,YZt,206,15,0.37615532133675356,
9,YZt,207,15,0.3688643316975165,
9,YZt,208,15,0.36737175057714844,
9,YZt,209,15,0.36494107368706213,
9,YZt,210,15,0.36264401893085085,
9,YZt,211,15,0.3555337177256982,
9,YZt,212,15,0.3532037919530157,
9,YZt,213,15,0.3530142547193851,
9,YZt,214,15,0.35186372661031357,
9,YZt,215,15,0.35028873504329333,
9,YZt,216,15,0.34929190451724057,
9,YZt,217,15,0.34857334767237713,
9,YZt,218,15,0.3410147584484685,
9,YZt,219,15,0.33896711646857436,
9,YZt,220,15,0.33596609129796956,
9,YZt,221,15,0.3339494766295072,
9,YZt,222,15,0.33026593842725505,
9,YZt,223,15,0.32655722990567776,
9,YZt,224,15,0.32129892257094866,
9,YZt,225,15,0.32254106529360954,
9,YZt,226,15,0.3199321898762578,
9,YZt,227,15,0.31656925244425743,
9,YZt,228,15,0.313799384034283,
9,YZt,229,15,0.30962652454652323,
9,YZt,230,15,0.3028953571062418,
9,YZt,231,15,0.3035315217130502,
9,YZt,232,15,0.2999538408176153,
9,YZt,233,15,0.2913594357232417,
9,YZt,234,15,0.2924414811906841,
9,YZt,235,15,0.2882566463827696,
9,YZt,236,15,0.28076282521675366,
9,YZt,237,15,0.28139492114083525,
9,YZt,238,15,0.27534772757302245,
9,YZt,239,15,0.27391130169859534,
9,YZt,240,15,0.2683172611950218,
9,YZt,241,15,0.26289520334342464,
9,YZt,242,15,0.26043108083828725,
9,YZt,243,15,0.2580805097611271,
9,YZt,244,15,0.2556309359690216,
9,YZt,245,15,0.2515237748794295,
9,YZt,246,15,0.24566395105824773,
9,YZt,247,15,0.24668820129258479,
9,YZt,248,15,0.24406107165919091,
9,YZt,249,15,0.2391109163506194,
9,YZt,250,15,0.23988570342304275,
9,YZt,251,15,0.23194640361429344,
9,YZt,252,15,0.22179205537874494,
9,YZt,253,15,0.21366191838169502,
9,YZt,254,15,0.21376247179332886,
9,YZt,255,15,0.20699396291606345,
9,YZt,256,15,0.2164146888400369,
9,YZt,257,15,0.2373457954465764,
9,YZt,258,15,0.2699347896394468,
9,YZt,259,15,0.3974710485616324,
9,XZt,0,15,0.3814254826622261,
9,XZt,1,15,0.2352680880159734,
9,XZt,2,15,0.20872295840838315,
9,XZt,3,15,0.19425196718295154,
9,XZt,4,15,0.1902068199557994,
9,XZt,5,15,0.1999539493789167,
9,XZt,6,15,0.20377923253836303,
9,XZt,7,15,0.2195032666880869,
9,XZt,8,15,0.23077896040583165,
9,XZt,9,15,0.240912433254503,
9,XZt,10,15,0.24101806924958974,
9,XZt,11,15,0.24716846806923276,
9,XZt,12,15,0.24900333356946938,
9,XZt,13,15,0.24884551843707722,
9,XZt,14,15,0.2536262387617106,
9,XZt,15,15,0.2597853067043232,
9,XZt,16,15,0.2619204270510719,
9,XZt,17,15,0.2634041239096063,
9,XZt,18,15,0.2665967181427575,
9,XZt,19,15,0.27141347169897156,
9,XZt,20,15,0.2758939470144198,
9,XZt,21,15,0.27825041372642856,
9,XZt,22,15,0.2844856980816098,
9,XZt,23,15,0.2824159205827928,
9,XZt,24,15,0.28952682544851693,
9,XZt,25,15,0.2938254287908687,
9,XZt,26,15,0.29067659988581934,
9,XZt,27,15,0.29709427836045327,
9,XZt,28,15,0.30030812766295956,
9,XZt,29,15,0.2999655358157628,
9,XZt,30,15,0.3045660731911063,
9,XZt,31,15,0.3082719312550926,
9,XZt,32,15,0.31192346583946695,
9,XZt,33,15,0.31413770045762346,
9,XZt,34,15,0.3161784251890043,
9,XZt,35,15,0.3140663573785689,
9,XZt,36,15,0.3198287066226973,
9,XZt,37,15,0.32370445827117483,
9,XZt,38,15,0.32780027920847155,
9,XZt,39,15,0.3324564126474382,
9,XZt,40,15,0.3365946003613516,
9,XZt,41,15,0.3403622640936209,
9,XZt,42,15,0.34924310700991495,
9,XZt,43,15,0.3518914521860003,
9,XZt,44,15,0.35424251586114863,
9,XZt,45,15,0.35646214922163355,
9,XZt,46,15,0.35877339803834934,
9,XZt,47,15,0.3612595755688929,
9,XZt,48,15,0.36360766425459307,
9,XZt,49,15,0.3702555184908821,
9,XZt,50,15,0.3740887098920854,
9,XZt,51,15,0.37785625181075577,
9,XZt,52,15,0.38163786526139,
9,XZt,53,15,0.39027690419196825,
9,XZt,54,15,0.395172495702982,
9,XZt,55,15,0.40021090237490636,
9,XZt,56,15,0.4058580693379067,
9,XZt,57,15,0.4156163366140647,
9,XZt,58,15,0.42095018346402335,
9,XZt,59,15,0.42567820300829706,
9,XZt,60,15,0.43599651062906997,
9,XZt,61,15,0.4398108389182098,
9,XZt,62,15,0.44315390318754994,
9,XZt,63,15,0.45138819079286524,
9,XZt,64,15,0.4542390716649058,
9,XZt,65,15,0.4635290059368686,
9,XZt,66,15,0.4638081184400702,
9,XZt,67,15,0.46725889245530844,
9,XZt,68,15,0.4582990581042627,
9,XZt,69,15,0.445269126459636,
9,XZt,70,15,0.4211175292027557,
9,XZt,71,15,0.39617098207050183,
9,XZt,72,15,0.3763849976508757,
9,XZt,73,15,0.3529826554549203,
9,XZt,74,15,0.33548016974103867,
9,XZt,75,15,0.31887034362946304,
9,XZt,76,15,0.30322776296763304,
9,XZt,77,15,0.2887457078177202,
9,XZt,78,15,0.27528897484740156,
9,XZt,79,15,0.26371490532836916,
9,XZt,80,15,0.253089167713061,
9,XZt,81,15,0.24445103117585504,
9,XZt,82,15,0.23624525513639516,
9,XZt,83,15,0.2297511535701804,
9,XZt,84,15,0.2237894635715409,
9,XZt,85,15,0.21845514713530775,
9,XZt,86,15,0.2146146969837556,
9,XZt,87,15,0.2119108360697676,
9,XZt,88,15,0.21033014474993703,
9,XZt,89,15,0.2091193065111322,
9,XZt,90,15,0.20849156180707154,
9,XZt,91,15,0.20732638477220827,
9,XZt,92,15,0.20605865363850168,
9,XZt,93,15,0.20459821769034975,
9,XZt,94,15,0.20300632993886483,
9,XZt,95,15,0.2011816293528074,
9,XZt,96,15,0.19927975490934743,
9,XZt,97,15,0.19694167315124916,
9,XZt,98,15,0.1942580028511381,
9,XZt,99,15,0.1909108159902911,
9,XZt,100,15,0.1876424324038545,
9,XZt,101,15,0.1846247489875558,
9,XZt,102,15,0.1814338456547777,
9,XZt,103,15,0.17847642246703901,
9,XZt,104,15,0.17568618186238788,
9,XZt,105,15,0.17320534989457995,
9,XZt,106,15,0.17081292792369956,
9,XZt,107,15,0.168442346530488,
9,XZt,108,15,0.16642896155090028,
9,XZt,109,15,0.16480510395201337,
9,XZt,110,15,0.16355379454936467,
9,XZt,111,15,0.16257203373982276,
9,XZt,112,15,0.1620061641216075,
9,XZt,113,15,0.16159166613770787,
9,XZt,114,15,0.16103148293772956,
9,XZt,115,15,0.1605213996114615,
9,XZt,116,15,0.160069145472549,
9,XZt,117,15,0.15948439494975838,
9,XZt,118,15,0.15903768538786492,
9,XZt,119,15,0.1587392019838229,
9,XZt,120,15,0.15835883439646506,
9,XZt,121,15,0.1578585858566645,
9,XZt,122,15,0.15762351280520806,
9,XZt,123,15,0.15735002564731804,
9,XZt,124,15,0.1574385252832644,
9,XZt,125,15,0.15742077378954342,
9,XZt,126,15,0.15768181989616628,
9,XZt,127,15,0.15819385969898644,
9,XZt,128,15,0.15894968003485407,
9,XZt,129,15,0.15981802946253915,
9,XZt,130,15,0.16081910888065418,
9,XZt,131,15,0.16175077281134848,
9,XZt,132,15,0.1629064801636283,
9,XZt,133,15,0.16458153982748455,
9,XZt,134,15,0.16633055722404086,
9,XZt,135,15,0.16819465194555913,
9,XZt,136,15,0.17016738927551625,
9,XZt,137,15,0.17211572569793845,
9,XZt,138,15,0.17401877077743877,
9,XZt,139,15,0.1759833296185801,
9,XZt,140,15,0.17755583101183633,
9,XZt,141,15,0.17924853655994208,
9,XZt,142,15,0.1809955725550611,
9,XZt,143,15,0.1826740505923715,
9,XZt,144,15,0.1843776494775905,
9,XZt,145,15,0.18639422012206375,
9,XZt,146,15,0.18892607713688467,
9,XZt,147,15,0.19222617126280833,
9,XZt,148,15,0.19585066039679036,
9,XZt,149,15,0.20016386190878174,
9,XZt,150,15,0.2047013379987927,
9,XZt,151,15,0.20987127034739522,
9,XZt,152,15,0.21531939984379148,
9,XZt,153,15,0.2216908350152107,
9,XZt,154,15,0.22840352737962916,
9,XZt,155,15,0.23526304831516073,
9,XZt,156,15,0.24304952666918533,
9,XZt,157,15,0.2516208390168688,
9,XZt,158,15,0.26116876012614176,
9,XZt,159,15,0.2703326881437003,
9,XZt,160,15,0.28029076847500445,
9,XZt,161,15,0.29075425267406896,
9,XZt,162,15,0.30178780515553916,
9,XZt,163,15,0.31207591889486014,
9,XZt,164,15,0.321975239063553,
9,XZt,165,15,0.33152914978324566,
9,XZt,166,15,0.3414333334813039,
9,XZt,167,15,0.34970005774365026,
9,XZt,168,15,0.3570501478408762,
9,XZt,169,15,0.3648458992403556,
9,XZt,170,15,0.37125068677352496,
9,XZt,171,15,0.37662579600460244,
9,XZt,172,15,0.38106257789974163,
9,XZt,173,15,0.38177324442602134,
9,XZt,174,15,0.37916251661247563,
9,XZt,175,15,0.37470411046599583,
9,XZt,176,15,0.36672253691618445,
9,XZt,177,15,0.35738963589336664,
9,XZt,178,15,0.3453829252454429,
9,XZt,179,15,0.332392946251877,
9,XZt,180,15,0.32122181535655625,
9,XZt,181,15,0.31043918987254937,
9,XZt,182,15,0.3019788178331274,
9,XZt,183,15,0.2941946075676931,
9,XZt,184,15,0.28892394950057676,
9,XZt,185,15,0.28482343524886883,
9,XZt,186,15,0.28269334769015425,
9,XZt,187,15,0.28464285016653507,
9,XZt,188,15,0.2861663923016662,
9,XZt,189,15,0.2909829585387508,
9,XZt,190,15,0.29623789224472286,
9,XZt,191,15,0.3017336851955498,
9,XZt,192,15,0.3079289773723044,
9,XZt,193,15,0.310545624514364,
9,XZt,194,15,0.3133614002547774,
9,XZt,195,15,0.310765808857162,
9,XZt,196,15,0.3087631291324694,
9,XZt,197,15,0.3034459931347502,
9,XZt,198,15,0.2991875126726354,
9,XZt,199,15,0.29526592813354446,
9,XZt,200,15,0.29010406017199986,
9,XZt,201,15,0.28682025201541034,
9,XZt,202,15,0.2839522177957756,
9,XZt,203,15,0.2805842052137285,
9,XZt,204,15,0.27826284620989944,
9,XZt,205,15,0.27627364205379623,
9,XZt,206,15,0.2748046556454925,
9,XZt,207,15,0.272861080106093,
9,XZt,208,15,0.27281729227351204,
9,XZt,209,15,0.2720630369127764,
9,XZt,210,15,0.2733674962497683,
9,XZt,211,15,0.27479229639669406,
9,XZt,212,15,0.28000364248764487,
9,XZt,213,15,0.28854545116528085,
9,XZt,214,15,0.3004295787133846,
9,XZt,215,15,0.31691379328311275,
9,XZt,216,15,0.33803582641523483,
9,XZt,217,15,0.36462354886715803,
9,XZt,218,15,0.3914612890835823,
9,XZt,219,15,0.4232959527885318,
9,XZt,220,15,0.4529105298341992,
9,XZt,221,15,0.47468519459715247,
9,XZt,222,15,0.48517764381238776,
9,XZt,223,15,0.4812296025026555,
9,XZt,224,15,0.4637540930264543,
9,XZt,225,15,0.44989073499692767,
9,XZt,226,15,0.4277660069996135,
9,XZt,227,15,0.40927189199733516,
9,XZt,228,15,0.39474147352472344,
9,XZt,229,15,0.38118551637906234,
9,XZt,230,15,0.36975268925596827,
9,XZt,231,15,0.36595646958235445,
9,XZt,232,15,0.3586754439172606,
9,XZt,233,15,0.3470742725703466,
9,XZt,234,15,0.3477161887460822,
9,XZt,235,15,0.3413862187820029,
9,XZt,236,15,0.33160377262335194,
9,XZt,237,15,0.331732788727981,
9,XZt,238,15,0.3234513040148889,
9,XZt,239,15,0.31973974068510863,
9,XZt,240,15,0.3131386708328393,
9,XZt,241,15,0.3076836847650771,
9,XZt,242,15,0.3029644719981201,
9,XZt,243,15,0.3005277104138326,
9,XZt,244,15,0.2974465443740932,
9,XZt,245,15,0.29106454415338273,
9,XZt,246,15,0.2840227367332149,
9,XZt,247,15,0.28290539782358604,
9,XZt,248,15,0.28036062858374,
9,XZt,249,15,0.2724440861275549,
9,XZt,250,15,0.2732521839608264,
9,XZt,251,15,0.26325158944933985,
9,XZt,252,15,0.2497381936515559,
9,XZt,253,15,0.23438153807095755,
9,XZt,254,15,0.2273918421576676,
9,XZt,255,15,0.2152516127799538,
9,XZt,256,15,0.21907827291055149,
9,XZt,257,15,0.2311849178169864,
9,XZt,258,15,0.2551666917506611,
9,XZt,259,15,0.3714008345654082,
10,XYt,0,15,0.1481660018807589,
10,XYt,1,15,0.14172481506877682,
10,XYt,2,15,0.14185728127768382,
10,XYt,3,15,0.14439075980973978,
10,XYt,4,15,0.14864322274072955,
10,XYt,5,15,0.1497716313361806,
10,XYt,6,15,0.15074156261212718,
10,XYt,7,15,0.14981506951412135,
10,XYt,8,15,0.1487423722838306,
10,XYt,9,15,0.1487766592879207,
10,XYt,10,15,0.14835332975679252,
10,XYt,11,15,0.14644974181873288,
10,XYt,12,15,0.14368288121444905,
10,XYt,13,15,0.1414949780616632,
10,XYt,14,15,0.13981531703811106,
10,XYt,15,15,0.13696937270074325,
10,XYt,16,15,0.12596415991161017,
10,XYt,17,15,0.12086434321698342,
10,XYt,18,15,0.1230653082944445,
10,XYt,19,15,0.13243873401140194,
10,XYt,20,15,0.13838147184298355,
10,XYt,21,15,0.14062702239476788,
10,XYt,22,15,0.13937380140139585,
10,XYt,23,15,0.13500119171274588,
10,XYt,24,15,0.1286612101223934,
10,XYt,25,15,0.12138131872069462,
10,XYt,26,15,0.11400882133578434,
10,XYt,27,15,0.10769458452679606,
10,XYt,28,15,0.10342645726160037,
10,XYt,29,15,0.10111365194070696,
10,XYt,30,15,0.09973861041645586,
10,XYt,31,15,0.09981946146651328,
10,XYt,32,15,0.10232895959263544,
10,XYt,33,15,0.10814448678282305,
10,XYt,34,15,0.11779087746694515,
10,XYt,35,15,0.1325892954004672,
10,XYt,36,15,0.1566054753713279,
10,XYt,37,15,0.19693758429546968,
10,XYt,38,15,0.2638122792240628,
10,XYt,39,15,0.3653103470796358,
10,XYt,40,15,0.47094341064999923,
10,XYt,41,15,0.5499192442265797,
10,XYt,42,15,0.6123839127815454,
10,XYt,43,15,0.6653238701103357,
10,XYt,44,15,0.7103414396341747,
10,XYt,45,15,0.7436682232136356,
10,XYt,46,15,0.7503012086368304,
10,XYt,47,15,0.7042979839296281,
10,XYt,48,15,0.6556281490439327,
10,XYt,49,15,0.6290436884273309,
10,XYt,50,15,0.6186776689593789,
10,XYt,51,15,0.6200529170924965,
10,XYt,52,15,0.6291389928608443,
10,XYt,53,15,0.6397882257950185,
10,XYt,54,15,0.643373043797012,
10,XYt,55,15,0.633477857980987,
10,XYt,56,15,0.6097293887256351,
10,XYt,57,15,0.5761477619889936,
10,XYt,58,15,0.5446602988808393,
10,XYt,59,15,0.5256436492904667,
10,XYt,60,15,0.5166469174019208,
10,XYt,61,15,0.5106983071437655,
10,XYt,62,15,0.5040068110751761,
10,XYt,63,15,0.4970369919996046,
10,XYt,64,15,0.4902642046165373,
10,XYt,65,15,0.48565228574447344,
10,XYt,66,15,0.48325792350519303,
10,XYt,67,15,0.48224913832388167,
10,XYt,68,15,0.4800175353862827,
10,XYt,69,15,0.47716880119970495,
10,XYt,70,15,0.4748994590376747,
10,XYt,71,15,0.47285689805988296,
10,XYt,72,15,0.4715631895025172,
10,XYt,73,15,0.46871237455957826,
10,XYt,74,15,0.46559196186217505,
10,XYt,75,15,0.46032804160555896,
10,XYt,76,15,0.45254508219133815,
10,XYt,77,15,0.437947864331688,
10,XYt,78,15,0.41866165935734156,
10,XYt,79,15,0.40114285638187125,
10,XYt,80,15,0.3875308654780342,
10,XYt,81,15,0.3780396919046502,
10,XYt,82,15,0.3723945655968771,
10,XYt,83,15,0.36933603296296014,
10,XYt,84,15,0.36700140456760527,
10,XYt,85,15,0.3647505319395953,
10,XYt,86,15,0.36080606625616546,
10,XYt,87,15,0.3542105064266829,
10,XYt,88,15,0.3459129979673905,
10,XYt,89,15,0.339326550328121,
10,XYt,90,15,0.3341426169153778,
10,XYt,91,15,0.3313203144379727,
10,XYt,92,15,0.32865300547418486,
10,XYt,93,15,0.32557115298594336,
10,XYt,94,15,0.32228874816017716,
10,XYt,95,15,0.3208708641786652,
10,XYt,96,15,0.3185656651758293,
10,XYt,97,15,0.3168949290647607,
10,XYt,98,15,0.316346368012053,
10,XYt,99,15,0.3167365631860241,
10,XYt,100,15,0.315635226908368,
10,XYt,101,15,0.3136977919130145,
10,XYt,102,15,0.3113018731725771,
10,XYt,103,15,0.3079790435327964,
10,XYt,104,15,0.3046642795608192,
10,XYt,105,15,0.30250650833201914,
10,XYt,106,15,0.300414603460999,
10,XYt,107,15,0.2992676793822233,
10,XYt,108,15,0.29918480950177223,
10,XYt,109,15,0.29947529378540794,
10,XYt,110,15,0.30015517229323707,
10,XYt,111,15,0.3014625175894264,
10,XYt,112,15,0.3034213831043249,
10,XYt,113,15,0.3063560109183461,
10,XYt,114,15,0.3087429005113515,
10,XYt,115,15,0.31154210097375,
10,XYt,116,15,0.3169009686426432,
10,XYt,117,15,0.3238472041452916,
10,XYt,118,15,0.32864315748030715,
10,XYt,119,15,0.33202286580485957,
10,XYt,120,15,0.33352466540649883,
10,XYt,121,15,0.3296901053781476,
10,XYt,122,15,0.32913994597348156,
10,XYt,123,15,0.3318372036052622,
10,XYt,124,15,0.3352765282590774,
10,XYt,125,15,0.33760825189861043,
10,XYt,126,15,0.3395169923228295,
10,XYt,127,15,0.3415838631279394,
10,XYt,128,15,0.3446878641746975,
10,XYt,129,15,0.34760012705405297,
10,XYt,130,15,0.34906084721190356,
10,XYt,131,15,0.3495413180634287,
10,XYt,132,15,0.3509688215679752,
10,XYt,133,15,0.35446904534751306,
10,XYt,134,15,0.3594863021988953,
10,XYt,135,15,0.3657849114014362,
10,XYt,136,15,0.37380249223911255,
10,XYt,137,15,0.38088399882516744,
10,XYt,138,15,0.38876011293236584,
10,XYt,139,15,0.39844049624266215,
10,XYt,140,15,0.4006372787352204,
10,XYt,141,15,0.39552984089045495,
10,XYt,142,15,0.39038435361432305,
10,XYt,143,15,0.3866180135421557,
10,XYt,144,15,0.3847224539454367,
10,XYt,145,15,0.3835744495271567,
10,XYt,146,15,0.38286401924361435,
10,XYt,147,15,0.38179126691130355,
10,XYt,148,15,0.38010770454244597,
10,XYt,149,15,0.3783192191658682,
10,XYt,150,15,0.3763005246029383,
10,XYt,151,15,0.37475203507660354,
10,XYt,152,15,0.373873047468846,
10,XYt,153,15,0.3723799088280364,
10,XYt,154,15,0.3698304361612083,
10,XYt,155,15,0.36723226389971575,
10,XYt,156,15,0.36497505187940427,
10,XYt,157,15,0.3594340107946562,
10,XYt,158,15,0.34953925464131064,
10,XYt,159,15,0.3409780909722086,
10,XYt,160,15,0.3339710778642057,
10,XYt,161,15,0.3256307282423309,
10,XYt,162,15,0.3175699529570533,
10,XYt,163,15,0.31140995060923204,
10,XYt,164,15,0.30559592027983,
10,XYt,165,15,0.29900739490042966,
10,XYt,166,15,0.29117965652533245,
10,XYt,167,15,0.2819304800027417,
10,XYt,168,15,0.2743233574069872,
10,XYt,169,15,0.27032025218295946,
10,XYt,170,15,0.26826618486925013,
10,XYt,171,15,0.2672709435328512,
10,XYt,172,15,0.2669856084644626,
10,XYt,173,15,0.26594597592842634,
10,XYt,174,15,0.26481937579808795,
10,XYt,175,15,0.26285149826274873,
10,XYt,176,15,0.2600793596222285,
10,XYt,177,15,0.2574533368066758,
10,XYt,178,15,0.2564745895640398,
10,XYt,179,15,0.25564780797580117,
10,XYt,180,15,0.25327491758676063,
10,XYt,181,15,0.2514703438827882,
10,XYt,182,15,0.2512366285997462,
10,XYt,183,15,0.2510276644852305,
10,XYt,184,15,0.2512657160672631,
10,XYt,185,15,0.2505415300752568,
10,XYt,186,15,0.2483115368570092,
10,XYt,187,15,0.24556696373087655,
10,XYt,188,15,0.24534129311956843,
10,XYt,189,15,0.24692448656986069,
10,XYt,190,15,0.24973126559950706,
10,XYt,191,15,0.2531512782478559,
10,XYt,192,15,0.25463408058037573,
10,XYt,193,15,0.25298098480037334,
10,XYt,194,15,0.2513407171713828,
10,XYt,195,15,0.2520090417064726,
10,XYt,196,15,0.256030105644289,
10,XYt,197,15,0.26245206482149563,
10,XYt,198,15,0.26948962436242646,
10,XYt,199,15,0.2756191187036238,
10,XYt,200,15,0.28089187602052484,
10,XYt,201,15,0.28260312102054397,
10,XYt,202,15,0.2825042393045197,
10,XYt,203,15,0.282917152705631,
10,XYt,204,15,0.2829920248212447,
10,XYt,205,15,0.2846865013529704,
10,XYt,206,15,0.28851318092293454,
10,XYt,207,15,0.29451264326717685,
10,XYt,208,15,0.30322794270848186,
10,XYt,209,15,0.31128544443776673,
10,XYt,210,15,0.3174636289401802,
10,XYt,211,15,0.32246252289393246,
10,XYt,212,15,0.3255132507055208,
10,XYt,213,15,0.3281197187090987,
10,XYt,214,15,0.3329021981565414,
10,XYt,215,15,0.3392554100223818,
10,XYt,216,15,0.3476500876656454,
10,XYt,217,15,0.3558063168321843,
10,XYt,218,15,0.367518766877934,
10,XYt,219,15,0.38356978207859493,
10,XYt,220,15,0.3916622878078162,
10,XYt,221,15,0.39522875738337226,
10,XYt,222,15,0.39996652141518807,
10,XYt,223,15,0.40357460881885654,
10,XYt,224,15,0.4052293572217369,
10,XYt,225,15,0.40513544644676275,
10,XYt,226,15,0.40311133964659274,
10,XYt,227,15,0.40031681805476155,
10,XYt,228,15,0.39697447678636916,
10,XYt,229,15,0.3939319149350083,
10,XYt,230,15,0.3905925982765163,
10,XYt,231,15,0.38536783119302803,
10,XYt,232,15,0.3786582533532229,
10,XYt,233,15,0.37040831687849324,
10,XYt,234,15,0.3606469394679582,
10,XYt,235,15,0.34856419586609527,
10,XYt,236,15,0.3334103663649991,
10,XYt,237,15,0.31716636778229035,
10,XYt,238,15,0.3061278592014759,
10,XYt,239,15,0.30132547647696506,
10,XYt,240,15,0.29907642278603735,
10,XYt,241,15,0.29874207535787944,
10,XYt,242,15,0.2985516069329292,
10,XYt,243,15,0.2988017987906152,
10,XYt,244,15,0.2993633290605346,
10,XYt,245,15,0.29985368705187027,
10,XYt,246,15,0.2993865983738423,
10,XYt,247,15,0.300133448507832,
10,XYt,248,15,0.30161987647474403,
10,XYt,249,15,0.3022483107578253,
10,XYt,250,15,0.30212567399652734,
10,XYt,251,15,0.30176918396674457,
10,XYt,252,15,0.30124409644584044,
10,XYt,253,15,0.30092877020730463,
10,XYt,254,15,0.3022400473882116,
10,XYt,255,15,0.30212342950973026,
10,XYt,256,15,0.29802114512207556,
10,XYt,257,15,0.283596026756627,
10,XYt,258,15,0.2470911516356732,
10,XYt,259,15,0.20392592347520394,
10,XYt,260,15,0.18598650411229492,
10,XYt,261,15,0.18180432815891703,
10,XYt,262,15,0.18003839056689575,
10,XYt,263,15,0.17901943020385672,
10,XYt,264,15,0.17866345388028987,
10,XYt,265,15,0.17768195044248586,
10,XYt,266,15,0.1769011328034318,
10,XYt,267,15,0.17630530150574292,
10,XYt,268,15,0.177071896056551,
10,XYt,269,15,0.17808526674300892,
10,XYt,270,15,0.17977477167518668,
10,XYt,271,15,0.1803781549847428,
10,XYt,272,15,0.17991146307927053,
10,XYt,273,15,0.17982084520910113,
10,XYt,274,15,0.18079016050898863,
10,XYt,275,15,0.1817684414560722,
10,XYt,276,15,0.18197688325693323,
10,XYt,277,15,0.18127152418739512,
10,XYt,278,15,0.18017475149012332,
10,XYt,279,15,0.1787930834958022,
10,XYt,280,15,0.17773358912250944,
10,XYt,281,15,0.17780179410403807,
10,XYt,282,15,0.17891494646670583,
10,XYt,283,15,0.18139378620626734,
10,XYt,284,15,0.18358523836777185,
10,XYt,285,15,0.1848886946062534,
10,XYt,286,15,0.1846954819678989,
10,XYt,287,15,0.18362304912655442,
10,XYt,288,15,0.1814525701012707,
10,XYt,289,15,0.17913516072950667,
10,XYt,290,15,0.17686065172221305,
10,XYt,291,15,0.17633076451994273,
10,XYt,365,15,0.30897224613908364,
10,XYt,366,15,0.30636621284960863,
10,XYt,367,15,0.30405481713116855,
10,XYt,368,15,0.3061265575370236,
10,XYt,369,15,0.30459355915435077,
10,XYt,370,15,0.30213334972355943,
10,XYt,371,15,0.2995957149664914,
10,XYt,372,15,0.2952657132743902,
10,XYt,373,15,0.29155228102708913,
10,XYt,374,15,0.28973076653125884,
10,XYt,375,15,0.28990169859270365,
10,XYt,376,15,0.2863983029402319,
10,XYt,377,15,0.28128708544931014,
10,XYt,378,15,0.2739061267839832,
10,XYt,379,15,0.26788886655560534,
10,XYt,380,15,0.2632984510379003,
10,XYt,381,15,0.2642488838742975,
10,XYt,382,15,0.26590779461876807,
10,XYt,383,15,0.26602389557310924,
10,XYt,384,15,0.2617561203482066,
10,XYt,385,15,0.25383281951066217,
10,XYt,386,15,0.251197912358728,
10,XYt,387,15,0.2548658744692198,
10,XYt,388,15,0.255930676354018,
10,XYt,389,15,0.2581233600896116,
10,XYt,390,15,0.25995364284850686,
10,XYt,391,15,0.2617777586900695,
10,XYt,392,15,0.26228009526125023,
10,XYt,393,15,0.26326005523835266,
10,XYt,394,15,0.26251298294552405,
10,XYt,395,15,0.2621138724854556,
10,XYt,396,15,0.26328716391601975,
10,XYt,397,15,0.26570011039369595,
10,XYt,398,15,0.26781067116943563,
10,XYt,399,15,0.2692924942010823,
10,XYt,400,15,0.2698606178794389,
10,XYt,401,15,0.26936593631467076,
10,XYt,402,15,0.2671204272936445,
10,XYt,403,15,0.26504443205290334,
10,XYt,404,15,0.2637817684266415,
10,XYt,405,15,0.26335998693021145,
10,XYt,406,15,0.2655607012679058,
10,XYt,407,15,0.2682173230644368,
10,XYt,408,15,0.2725178691246046,
10,XYt,409,15,0.27591138039759,
10,XYt,410,15,0.27760576406534443,
10,XYt,411,15,0.27254389966639475,
10,XYt,412,15,0.27418026083145997,
10,XYt,413,15,0.27732661004757814,
10,XYt,414,15,0.2810060813904144,
10,XYt,415,15,0.28495433602641107,
10,XYt,416,15,0.2913621134669861,
10,XYt,417,15,0.2982767927010332,
10,XYt,418,15,0.3035627470434848,
10,XYt,419,15,0.3058460040043959,
10,XYt,420,15,0.3072498451088052,
10,XYt,421,15,0.30619609022280203,
10,XYt,422,15,0.30931708033960614,
10,XYt,423,15,0.3108331029786851,
10,XYt,424,15,0.31179647832751045,
10,XYt,425,15,0.31245941529462834,
10,XYt,426,15,0.3125792939231779,
10,XYt,427,15,0.3117094808230419,
10,XYt,428,15,0.313231392276772,
10,XYt,429,15,0.31575353985328514,
10,XYt,430,15,0.3201728583753115,
10,XYt,431,15,0.32516960946215734,
10,XYt,432,15,0.3311543114066161,
10,XYt,433,15,0.3373592440705137,
10,XYt,434,15,0.34460148095718346,
10,XYt,435,15,0.35450884416856754,
10,XYt,436,15,0.3731064987741711,
10,XYt,437,15,0.3835518640651914,
10,XYt,292,15,0.17591274285154754,
10,XYt,293,15,0.17600964048444734,
10,XYt,294,15,0.1764620324425756,
10,XYt,295,15,0.17620149176161495,
10,XYt,296,15,0.17615856082303985,
10,XYt,297,15,0.17703933361391994,
10,XYt,298,15,0.1782365399392663,
10,XYt,299,15,0.1792564249656479,
10,XYt,300,15,0.18155572430588823,
10,XYt,301,15,0.18329913486838223,
10,XYt,302,15,0.18346799746782252,
10,XYt,303,15,0.18132385469681314,
10,XYt,304,15,0.1788550624149767,
10,XYt,305,15,0.1776757789455152,
10,XYt,306,15,0.17750503882954613,
10,XYt,307,15,0.17776045419882416,
10,XYt,308,15,0.17886629690094114,
10,XYt,309,15,0.18006867964290146,
10,XYt,310,15,0.18142714042916705,
10,XYt,311,15,0.18156988713871888,
10,XYt,312,15,0.1814108718150278,
10,XYt,313,15,0.18184076494188475,
10,XYt,314,15,0.1826233472692656,
10,XYt,315,15,0.1821657827778426,
10,XYt,316,15,0.1805944648158367,
10,XYt,317,15,0.17879710560783305,
10,XYt,318,15,0.1767695804213487,
10,XYt,319,15,0.17613525776748626,
10,XYt,320,15,0.17600301104076477,
10,XYt,321,15,0.17869035436932432,
10,XYt,322,15,0.17999748270289884,
10,XYt,323,15,0.18265646021804685,
10,XYt,324,15,0.18508469539490505,
10,XYt,325,15,0.2283349590202222,
10,XYt,326,15,0.2784589381453569,
10,XYt,327,15,0.2979751201718587,
10,XYt,328,15,0.3084811139903045,
10,XYt,329,15,0.31242054026021027,
10,XYt,330,15,0.3101947602605704,
10,XYt,331,15,0.30834784792217806,
10,XYt,332,15,0.305984194948204,
10,XYt,333,15,0.3073026547792333,
10,XYt,334,15,0.3103139004561813,
10,XYt,335,15,0.3173513562515284,
10,XYt,336,15,0.3218929882688489,
10,XYt,337,15,0.3252014079450021,
10,XYt,338,15,0.32769524219435187,
10,XYt,339,15,0.33395060894128137,
10,XYt,340,15,0.3412630859357868,
10,XYt,341,15,0.3449661807532401,
10,XYt,342,15,0.35183787184484167,
10,XYt,343,15,0.36140329147126493,
10,XYt,344,15,0.3663122459638004,
10,XYt,345,15,0.3697323001182985,
10,XYt,346,15,0.37281420183702724,
10,XYt,347,15,0.3751405555433495,
10,XYt,348,15,0.3766029761830763,
10,XYt,349,15,0.37680443267306746,
10,XYt,350,15,0.3758797189498447,
10,XYt,351,15,0.3762730776540614,
10,XYt,352,15,0.3818937314325816,
10,XYt,353,15,0.3829329517887359,
10,XYt,354,15,0.3826852776311448,
10,XYt,355,15,0.3791312895701796,
10,XYt,356,15,0.37379286852261223,
10,XYt,357,15,0.36249571751205484,
10,XYt,358,15,0.3452522152673792,
10,XYt,359,15,0.3343117629426419,
10,XYt,360,15,0.32655404437786584,
10,XYt,361,15,0.31990984007606205,
10,XYt,362,15,0.3143003723463957,
10,XYt,363,15,0.31065262930512444,
10,XYt,364,15,0.31046327057550266,
10,XYt,438,15,0.38520538969021156,
10,XYt,439,15,0.3862503086657988,
10,XYt,440,15,0.38789947466337643,
10,XYt,441,15,0.38929092329576515,
10,XYt,442,15,0.39057723107398257,
10,XYt,443,15,0.39068233637312416,
10,XYt,444,15,0.38887595107457484,
10,XYt,445,15,0.38571019759686737,
10,XYt,446,15,0.38084911860223164,
10,XYt,447,15,0.37585078460207727,
10,XYt,448,15,0.36993481849112175,
10,XYt,449,15,0.36344755530656453,
10,XYt,450,15,0.35660129998300044,
10,XYt,451,15,0.3487399038681278,
10,XYt,452,15,0.33937489097296114,
10,XYt,453,15,0.3287325472800709,
10,XYt,454,15,0.31451870625253975,
10,XYt,455,15,0.3005622215765656,
10,XYt,456,15,0.29269718990378873,
10,XYt,457,15,0.28888568315438595,
10,XYt,458,15,0.28832637473012346,
10,XYt,459,15,0.28741121959394206,
10,XYt,460,15,0.2872677399668912,
10,XYt,461,15,0.2871134514044458,
10,XYt,462,15,0.2869780946565599,
10,XYt,463,15,0.28707804841974116,
10,XYt,464,15,0.2898103018754678,
10,XYt,465,15,0.29124968248839056,
10,XYt,466,15,0.2840289980015056,
10,XYt,467,15,0.2507912624551466,
10,XYt,468,15,0.19763137210815165,
10,XYt,469,15,0.1708499782561999,
10,XYt,470,15,0.16625231500916518,
10,XYt,471,15,0.16499945160596172,
10,XYt,472,15,0.16393827995900762,
10,XYt,473,15,0.16252467749161692,
10,XYt,474,15,0.1603006725086762,
10,XYt,475,15,0.15796578750024548,
10,XYt,476,15,0.15565551401024055,
10,XYt,477,15,0.15406786964379487,
10,XYt,478,15,0.15284866350980075,
10,XYt,479,15,0.15240362893541598,
10,XYt,480,15,0.15182689130296848,
10,XYt,481,15,0.15136546491513053,
10,XYt,482,15,0.15205343283396427,
10,XYt,483,15,0.15328929819877038,
10,XYt,484,15,0.15394132921596987,
10,XYt,485,15,0.1539710668002413,
10,XYt,486,15,0.15284898700672886,
10,XYt,487,15,0.15178857669279283,
10,XYt,488,15,0.1519438616668736,
10,XYt,489,15,0.1538505480758567,
10,XYt,490,15,0.15554703406780723,
10,XYt,491,15,0.15717481146663148,
10,XYt,492,15,0.15818664211415687,
10,XYt,493,15,0.15854034329085506,
10,XYt,494,15,0.1584018958077524,
10,XYt,495,15,0.15768352275690428,
10,XYt,496,15,0.15646942928147178,
10,XYt,497,15,0.15445880861879932,
10,XYt,498,15,0.15175965433595318,
10,XYt,499,15,0.1486986657260491,
10,XYt,500,15,0.14514622787270726,
10,XYt,501,15,0.1443546467146899,
10,XYt,502,15,0.14530143981951907,
10,XYt,503,15,0.14603749856557072,
10,XYt,504,15,0.14702894378008646,
10,XYt,505,15,0.14725551488317554,
10,XYt,506,15,0.14713599616356127,
10,XYt,507,15,0.14614039084824834,
10,XYt,508,15,0.1473696494338733,
10,XYt,509,15,0.14789632620391033,
10,XYt,510,15,0.14775363413137949,
10,XYt,511,15,0.14772474655308598,
10,XYt,512,15,0.14832150860549426,
10,XYt,513,15,0.14875202790065833,
10,XYt,514,15,0.14945189927912986,
10,XYt,515,15,0.1499698189854111,
10,XYt,516,15,0.1497641696596048,
10,XYt,517,15,0.14880155166129463,
10,XYt,518,15,0.14759966414695666,
10,XYt,519,15,0.146371820728282,
10,XYt,520,15,0.14494729620859212,
10,XYt,521,15,0.14318255400395904,
10,XYt,522,15,0.1398777330789518,
10,XYt,523,15,0.1369206213098157,
10,XYt,524,15,0.13692134690029834,
10,XYt,525,15,0.1369932619475448,
10,XYt,526,15,0.13773669243038678,
10,XYt,527,15,0.138652642964012,
10,XYt,528,15,0.13868626387016025,
10,XYt,529,15,0.13753474063190385,
10,XYt,530,15,0.13536954982754953,
10,XYt,531,15,0.13502121738417508,
10,XYt,532,15,0.13745707188792172,
10,XYt,533,15,0.14563657332384883,
10,XYt,534,15,0.17297734180671087,
10,XYt,535,15,0.21853897658127558,
10,XYt,536,15,0.2519443119332206,
10,XYt,537,15,0.2616531061809361,
10,XYt,538,15,0.26516756238693817,
10,XYt,539,15,0.26606894489762895,
10,XYt,540,15,0.26806815891694347,
10,XYt,541,15,0.2661966147588363,
10,XYt,542,15,0.26149864527997424,
10,XYt,543,15,0.25678464496054854,
10,XYt,544,15,0.25397939888030924,
10,XYt,545,15,0.25457429849376517,
10,XYt,546,15,0.2586386490342761,
10,XYt,547,15,0.26261489481438605,
10,XYt,548,15,0.2595275652096436,
10,XYt,549,15,0.2544849289743244,
10,XYt,550,15,0.25092062519672864,
10,XYt,551,15,0.24888209695530542,
10,XYt,552,15,0.24756177074464636,
10,XYt,553,15,0.24700315468422293,
10,XYt,554,15,0.24670661441871916,
10,XYt,555,15,0.24637490765496375,
10,XYt,556,15,0.24577738972313767,
10,XYt,557,15,0.244437521759221,
10,XYt,558,15,0.24211249722589276,
10,XYt,559,15,0.2373769486272353,
10,XYt,560,15,0.22772272744830446,
10,XYt,561,15,0.21624347128163207,
10,XYt,562,15,0.21092227087050702,
10,XYt,563,15,0.21268408694371743,
10,XYt,564,15,0.21399934961448172,
10,XYt,565,15,0.21327851389642116,
10,XYt,566,15,0.20884839841608466,
10,XYt,567,15,0.20433640232418496,
10,XYt,568,15,0.19997748558819034,
10,XYt,569,15,0.19579041798306884,
10,XYt,570,15,0.19008307704506672,
10,XYt,571,15,0.18280938319617618,
10,XYt,572,15,0.17649063888247704,
10,XYt,573,15,0.173366656281592,
10,XYt,574,15,0.1728698200975605,
10,XYt,575,15,0.1738562943377511,
10,XYt,576,15,0.1758743142635452,
10,XYt,577,15,0.17782307795102004,
10,XYt,578,15,0.17882488895956114,
10,XYt,579,15,0.17982814799417587,
10,XYt,580,15,0.18088664123931966,
10,XYt,581,15,0.18259738190803776,
10,XYt,582,15,0.18300532887909254,
10,XYt,583,15,0.18229486722338833,
10,XYt,584,15,0.18165609465830446,
10,XYt,585,15,0.1808730606324662,
10,XYt,586,15,0.18074458057831994,
10,XYt,587,15,0.18243637790447126,
10,XYt,588,15,0.18055446762167582,
10,XYt,589,15,0.17575204100043954,
10,XYt,590,15,0.16911561306981043,
10,XYt,591,15,0.16369148842397072,
10,XYt,592,15,0.16156963021345097,
10,XYt,593,15,0.16115732412332767,
10,XYt,594,15,0.1613612602408832,
10,XYt,595,15,0.1614074789260293,
10,XYt,596,15,0.16150132762004668,
10,XYt,597,15,0.161561751738563,
10,XYt,598,15,0.16166235413093358,
10,XYt,599,15,0.1618394946555164,
10,XYt,600,15,0.16244601460041191,
10,XYt,601,15,0.16381316281144792,
10,XYt,602,15,0.16498914774064652,
10,XYt,603,15,0.1655451101955529,
10,XYt,604,15,0.16596289500179948,
10,XYt,605,15,0.1661841300894093,
10,XYt,606,15,0.1664623766421962,
10,XYt,607,15,0.16656908045161664,
10,XYt,608,15,0.16648478628790647,
10,XYt,609,15,0.16629511804368446,
10,XYt,610,15,0.16564631032038193,
10,XYt,611,15,0.16454431479836665,
10,XYt,612,15,0.163321346487826,
10,XYt,613,15,0.1619872063167817,
10,XYt,614,15,0.16067830274985395,
10,XYt,615,15,0.15972953909542364,
10,XYt,616,15,0.15888821255965346,
10,XYt,617,15,0.15800240864863593,
10,XYt,618,15,0.15845747591104462,
10,XYt,619,15,0.159424621063053,
10,XYt,620,15,0.1584295875215938,
10,XYt,621,15,0.15910535447074856,
10,XYt,622,15,0.16253189562246564,
10,XYt,623,15,0.16803529731365324,
10,XYt,624,15,0.17265940257143164,
10,XYt,625,15,0.1794020803770138,
10,XYt,626,15,0.1824890066829234,
10,XYt,627,15,0.18360004050319584,
10,XYt,628,15,0.18483842446569693,
10,XYt,629,15,0.18578521978214083,
10,XYt,630,15,0.18610159232224655,
10,XYt,631,15,0.18470854449528246,
10,XYt,632,15,0.182050307575679,
10,XYt,633,15,0.1799375240157921,
10,XYt,634,15,0.17801727189336908,
10,XYt,635,15,0.17537244796450674,
10,XYt,636,15,0.17246858245143404,
10,XYt,637,15,0.17074561926915677,
10,XYt,638,15,0.16952463301906298,
10,XYt,639,15,0.1691412202714606,
10,XYt,640,15,0.17080433982214124,
10,XYt,641,15,0.17589896935206595,
10,XYt,642,15,0.18267433963493832,
10,XYt,643,15,0.1883571622708522,
10,XYt,644,15,0.1921961684587763,
10,XYt,645,15,0.19537707352116504,
10,XYt,646,15,0.19851219860863725,
10,XYt,647,15,0.2015166786543189,
10,XYt,648,15,0.20215733476900113,
10,XYt,649,15,0.20224580040693083,
10,XYt,650,15,0.20189595134146127,
10,XYt,651,15,0.2018849755102325,
10,XYt,652,15,0.21076850634151992,
10,XYt,653,15,0.22127822484362517,
10,XYt,654,15,0.22632018224726563,
10,XYt,655,15,0.22830575085505808,
10,XYt,656,15,0.22936764418698638,
10,XYt,657,15,0.23021600998189948,
10,XYt,658,15,0.23115140791061373,
10,XYt,659,15,0.2319364846120946,
10,XYt,660,15,0.23291436862175344,
10,XYt,661,15,0.23416062576485064,
10,XYt,662,15,0.23562621636142705,
10,XYt,663,15,0.2380769581117951,
10,XYt,664,15,0.24178615085505792,
10,XYt,665,15,0.24636114668635714,
10,XYt,666,15,0.24791341429558095,
10,XYt,667,15,0.24717959454577304,
10,XYt,668,15,0.2465082023023599,
10,XYt,669,15,0.24748867362321664,
10,XYt,670,15,0.24919471762523526,
10,XYt,671,15,0.24958563276130885,
10,XYt,672,15,0.24554052446573044,
10,XYt,673,15,0.23867703765609385,
10,XYt,674,15,0.23322814903755598,
10,XYt,675,15,0.22013340418472171,
10,XYt,676,15,0.19995521304324498,
10,XYt,677,15,0.17412258798521027,
10,XYt,678,15,0.1496052076161029,
10,XYt,679,15,0.13411108326829843,
10,XYt,680,15,0.12550237458068778,
10,XYt,681,15,0.12081664749262674,
10,XYt,682,15,0.1189208316497384,
10,XYt,683,15,0.11831959787793041,
10,XYt,684,15,0.11825297570547079,
10,XYt,685,15,0.11864752681991371,
10,XYt,686,15,0.11931803562852347,
10,XYt,687,15,0.12022338535199627,
10,XYt,688,15,0.12125059541324029,
10,XYt,689,15,0.12201061587088548,
10,XYt,690,15,0.12261427232123077,
10,XYt,691,15,0.12291317321125564,
10,XYt,692,15,0.1230690278251117,
10,XYt,693,15,0.12259389569993351,
10,XYt,694,15,0.1219141818544962,
10,XYt,695,15,0.1210681893812053,
10,XYt,696,15,0.12021480509000293,
10,XYt,697,15,0.11981639513282112,
10,XYt,698,15,0.11955820622013302,
10,XYt,699,15,0.1193705737116353,
10,XYt,700,15,0.11960569374560176,
10,XYt,701,15,0.11993095736322144,
10,XYt,702,15,0.12029911648129372,
10,XYt,703,15,0.12104843613744666,
10,XYt,704,15,0.12221888517279854,
10,XYt,705,15,0.1237336961928501,
10,XYt,706,15,0.1258238714422935,
10,XYt,707,15,0.12940819636475462,
10,XYt,708,15,0.13926277905129622,
10,XYt,709,15,0.18155303291507624,
10,XYt,710,15,0.17250668664919416,
10,XYt,711,15,0.18226532434038695,
10,XYt,712,15,0.18257603330830724,
10,XYt,713,15,0.18387738555504898,
10,XYt,714,15,0.18347757662877612,
10,XYt,715,15,0.17884526784477647,
10,XYt,716,15,0.16638612417421259,
10,XYt,717,15,0.15306320780701574,
10,XYt,718,15,0.14589025705029718,
10,XYt,719,15,0.15904640576780704,
10,XYt,720,15,0.1858916906341077,
10,XYt,721,15,0.21240995754484537,
10,XYt,722,15,0.23536892751155236,
10,XYt,723,15,0.26038413479989914,
10,XYt,724,15,0.28897470426106153,
10,XYt,725,15,0.31584569835087806,
10,XYt,726,15,0.32908496646397595,
10,XYt,727,15,0.3312147682426299,
10,YZt,0,15,0.7974987391456553,
10,YZt,1,15,0.26630666791863983,
10,YZt,2,15,0.2378677482571373,
10,YZt,3,15,0.217631813702649,
10,YZt,4,15,0.20776164261488891,
10,YZt,5,15,0.2086177668056398,
10,YZt,6,15,0.20725877006386526,
10,YZt,7,15,0.21493007907111414,
10,YZt,8,15,0.22459348138523094,
10,YZt,9,15,0.23440056334428247,
10,YZt,10,15,0.23542150295235353,
10,YZt,11,15,0.24180262071986447,
10,YZt,12,15,0.24484220413025537,
10,YZt,13,15,0.2451827301708876,
10,YZt,14,15,0.25128276009421513,
10,YZt,15,15,0.257820220024201,
10,YZt,16,15,0.26014276610367054,
10,YZt,17,15,0.2632452930329077,
10,YZt,18,15,0.26684540672570944,
10,YZt,19,15,0.27208096239947854,
10,YZt,20,15,0.27824657834463834,
10,YZt,21,15,0.2807344778840062,
10,YZt,22,15,0.2871037347148272,
10,YZt,23,15,0.2878662164252086,
10,YZt,24,15,0.2964190575537873,
10,YZt,25,15,0.3015089507119479,
10,YZt,26,15,0.30001437971453376,
10,YZt,27,15,0.3085698083451798,
10,YZt,28,15,0.31256438875707454,
10,YZt,29,15,0.31232410164852814,
10,YZt,30,15,0.3188854182694956,
10,YZt,31,15,0.3253542280214332,
10,YZt,32,15,0.33057206119496385,
10,YZt,33,15,0.33574249453528193,
10,YZt,34,15,0.3412993538999605,
10,YZt,35,15,0.34478520764954784,
10,YZt,36,15,0.3548761458053486,
10,YZt,37,15,0.3602832383061901,
10,YZt,38,15,0.36213075415211626,
10,YZt,39,15,0.35967503087530517,
10,YZt,40,15,0.35478059454167776,
10,YZt,41,15,0.3484728424055161,
10,YZt,42,15,0.3434087122009993,
10,YZt,43,15,0.33416023267386363,
10,YZt,44,15,0.32292793032007827,
10,YZt,45,15,0.31277012001205884,
10,YZt,46,15,0.3029914025101409,
10,YZt,47,15,0.29372485128606496,
10,YZt,48,15,0.28616867713428257,
10,YZt,49,15,0.2827139559063369,
10,YZt,50,15,0.27799001728074935,
10,YZt,51,15,0.27420368309692006,
10,YZt,52,15,0.2730522574789845,
10,YZt,53,15,0.27561148243437006,
10,YZt,54,15,0.2782357108664195,
10,YZt,55,15,0.28286751295174145,
10,YZt,56,15,0.2902526620095789,
10,YZt,57,15,0.3007594167688754,
10,YZt,58,15,0.3128803629300607,
10,YZt,59,15,0.3275030111810679,
10,YZt,60,15,0.3478787476739915,
10,YZt,61,15,0.3698581543809138,
10,YZt,62,15,0.39068067457765965,
10,YZt,63,15,0.4064232277059084,
10,YZt,64,15,0.39787038480717823,
10,YZt,65,15,0.37222053739110605,
10,YZt,66,15,0.32810763256009995,
10,YZt,67,15,0.27928385124682614,
10,YZt,68,15,0.24023362173214907,
10,YZt,69,15,0.2142210398964327,
10,YZt,70,15,0.19685695804342096,
10,YZt,71,15,0.18447196437838775,
10,YZt,72,15,0.17571231308001564,
10,YZt,73,15,0.16766701938890843,
10,YZt,74,15,0.16170741599121638,
10,YZt,75,15,0.157192885153378,
10,YZt,76,15,0.1533068311794135,
10,YZt,77,15,0.15002906848061,
10,YZt,78,15,0.1483576207417879,
10,YZt,79,15,0.14729912076581753,
10,YZt,80,15,0.14719206730711654,
10,YZt,81,15,0.14800069857637727,
10,YZt,82,15,0.1490615004632423,
10,YZt,83,15,0.15151113543615846,
10,YZt,84,15,0.15391545407384086,
10,YZt,85,15,0.1564762941816814,
10,YZt,86,15,0.15967693937267302,
10,YZt,87,15,0.1630100020790204,
10,YZt,88,15,0.16679231886135504,
10,YZt,89,15,0.1700128750816136,
10,YZt,90,15,0.17352609353357237,
10,YZt,91,15,0.1767475423577554,
10,YZt,92,15,0.17960675454908684,
10,YZt,93,15,0.18256176376026265,
10,YZt,94,15,0.185588660758733,
10,YZt,95,15,0.18850630219594539,
10,YZt,96,15,0.1914064113299207,
10,YZt,97,15,0.1945807933368223,
10,YZt,98,15,0.197641327647846,
10,YZt,99,15,0.2004124532846143,
10,YZt,100,15,0.2039195022889149,
10,YZt,101,15,0.20730596462267184,
10,YZt,102,15,0.210891747129313,
10,YZt,103,15,0.21456067869429388,
10,YZt,104,15,0.21864129854176073,
10,YZt,105,15,0.2231999768115941,
10,YZt,106,15,0.22851620030135167,
10,YZt,107,15,0.2345929932508904,
10,YZt,108,15,0.24176595159542358,
10,YZt,109,15,0.2501107488040524,
10,YZt,110,15,0.25929809612835125,
10,YZt,111,15,0.2682027792852264,
10,YZt,112,15,0.27808147982101045,
10,YZt,113,15,0.2861991404537419,
10,YZt,114,15,0.29274808839433547,
10,YZt,115,15,0.29745927267116823,
10,YZt,116,15,0.3025204139612374,
10,YZt,117,15,0.3071022139968726,
10,YZt,118,15,0.31115092998975075,
10,YZt,119,15,0.3127497914257761,
10,YZt,120,15,0.31216184444522027,
10,YZt,121,15,0.30910744628166287,
10,YZt,122,15,0.3032350574302643,
10,YZt,123,15,0.29681387201906023,
10,YZt,124,15,0.29001124836723213,
10,YZt,125,15,0.283780238906172,
10,YZt,126,15,0.2791635846111246,
10,YZt,127,15,0.2766629716455395,
10,YZt,128,15,0.27548991187908073,
10,YZt,129,15,0.2749361000360027,
10,YZt,130,15,0.27516000192554824,
10,YZt,131,15,0.27552923137180435,
10,YZt,132,15,0.27625438137737646,
10,YZt,133,15,0.2771544501161192,
10,YZt,134,15,0.2779605646206629,
10,YZt,135,15,0.279033686253664,
10,YZt,136,15,0.280013355709988,
10,YZt,137,15,0.28000167773390083,
10,YZt,138,15,0.28084351092527937,
10,YZt,139,15,0.28105738125464685,
10,YZt,140,15,0.2810009004578163,
10,YZt,141,15,0.279212027780397,
10,YZt,142,15,0.2762250164209164,
10,YZt,143,15,0.2724952528538583,
10,YZt,144,15,0.26821427926460323,
10,YZt,145,15,0.26372197641081185,
10,YZt,146,15,0.259004750100625,
10,YZt,147,15,0.25443959659687443,
10,YZt,148,15,0.2507661325220455,
10,YZt,149,15,0.24747973425883857,
10,YZt,150,15,0.2445457087989465,
10,YZt,151,15,0.24134710011060484,
10,YZt,152,15,0.2392293541309101,
10,YZt,153,15,0.23702111966152078,
10,YZt,154,15,0.23485828797036695,
10,YZt,155,15,0.2329628691705327,
10,YZt,156,15,0.23017454424113598,
10,YZt,157,15,0.2265428060533755,
10,YZt,158,15,0.22075839001650457,
10,YZt,159,15,0.21312833527182934,
10,YZt,160,15,0.2047615890728409,
10,YZt,161,15,0.19716511997349803,
10,YZt,162,15,0.18979730206235468,
10,YZt,163,15,0.18282207877217055,
10,YZt,164,15,0.17666424909142892,
10,YZt,165,15,0.17038144325631266,
10,YZt,166,15,0.16440523993401174,
10,YZt,167,15,0.15829120195984983,
10,YZt,168,15,0.1520994524128011,
10,YZt,169,15,0.14572345210179657,
10,YZt,170,15,0.1401020980092122,
10,YZt,171,15,0.13519740729929133,
10,YZt,172,15,0.13103596034057374,
10,YZt,173,15,0.12912561596913996,
10,YZt,174,15,0.12863007551646752,
10,YZt,175,15,0.1287089032774268,
10,YZt,176,15,0.12943998516943708,
10,YZt,177,15,0.13071915522724814,
10,YZt,178,15,0.1343133111774085,
10,YZt,179,15,0.13850734578072055,
10,YZt,180,15,0.14359167263207084,
10,YZt,181,15,0.15048748530480496,
10,YZt,182,15,0.1593381833575259,
10,YZt,183,15,0.17066608094816174,
10,YZt,184,15,0.18699108803792294,
10,YZt,185,15,0.21103485058481417,
10,YZt,186,15,0.24666297375231194,
10,YZt,187,15,0.30430667899875913,
10,YZt,188,15,0.37132814360227734,
10,YZt,189,15,0.4401393456929364,
10,YZt,190,15,0.4945433796936305,
10,YZt,191,15,0.5112906127511609,
10,YZt,192,15,0.5022547917514839,
10,YZt,193,15,0.4788587287720073,
10,YZt,194,15,0.4651124062968682,
10,YZt,195,15,0.4434973082187269,
10,YZt,196,15,0.43048651943831107,
10,YZt,197,15,0.41569209694684633,
10,YZt,198,15,0.4082245014865067,
10,YZt,199,15,0.40055466333093326,
10,YZt,200,15,0.3898649135173862,
10,YZt,201,15,0.3850462945303878,
10,YZt,202,15,0.37980957583000224,
10,YZt,203,15,0.3705900736339724,
10,YZt,204,15,0.36725047356175966,
10,YZt,205,15,0.36584042046175186,
10,YZt,206,15,0.36429320738171084,
10,YZt,207,15,0.35731338160101733,
10,YZt,208,15,0.35600855856444497,
10,YZt,209,15,0.3544290154468721,
10,YZt,210,15,0.3522504129024201,
10,YZt,211,15,0.345557774258217,
10,YZt,212,15,0.34342836689605355,
10,YZt,213,15,0.3430720574470711,
10,YZt,214,15,0.34198749843363374,
10,YZt,215,15,0.3403447010731479,
10,YZt,216,15,0.339324367286512,
10,YZt,217,15,0.3387893303738526,
10,YZt,218,15,0.33178663505156336,
10,YZt,219,15,0.3299707432529369,
10,YZt,220,15,0.3273477615844354,
10,YZt,221,15,0.3252670655989646,
10,YZt,222,15,0.3221050894229872,
10,YZt,223,15,0.31864588921373554,
10,YZt,224,15,0.31354063989978975,
10,YZt,225,15,0.31475471447053316,
10,YZt,226,15,0.31262703002606895,
10,YZt,227,15,0.3096516043513791,
10,YZt,228,15,0.3070995591873852,
10,YZt,229,15,0.3029462153070296,
10,YZt,230,15,0.2965361182383494,
10,YZt,231,15,0.29726286918983896,
10,YZt,232,15,0.29409768067686287,
10,YZt,233,15,0.2856965993030285,
10,YZt,234,15,0.28723387615382046,
10,YZt,235,15,0.28310220072493336,
10,YZt,236,15,0.27610365123583064,
10,YZt,237,15,0.2766648135834627,
10,YZt,238,15,0.2706139201993195,
10,YZt,239,15,0.2694614581484097,
10,YZt,240,15,0.2639284131973628,
10,YZt,241,15,0.25900442027560017,
10,YZt,242,15,0.2566822299043266,
10,YZt,243,15,0.25432665831715284,
10,YZt,244,15,0.252059310755539,
10,YZt,245,15,0.24766464295008697,
10,YZt,246,15,0.24171218340104358,
10,YZt,247,15,0.24229888640553088,
10,YZt,248,15,0.23941761837065623,
10,YZt,249,15,0.2341620290081216,
10,YZt,250,15,0.23446811108923635,
10,YZt,251,15,0.226027422346362,
10,YZt,252,15,0.2169959810438803,
10,YZt,253,15,0.20813986965657447,
10,YZt,254,15,0.20846160824163157,
10,YZt,255,15,0.20442679161173138,
10,YZt,256,15,0.21280870503521343,
10,YZt,257,15,0.234214643434499,
10,YZt,258,15,0.2645403165203362,
10,YZt,259,15,0.8126834888191236,
10,XZt,0,15,0.7445937714456943,
10,XZt,1,15,0.229543364702158,
10,XZt,2,15,0.20551315870076015,
10,XZt,3,15,0.19141532432891512,
10,XZt,4,15,0.18745799736073865,
10,XZt,5,15,0.19406758480627812,
10,XZt,6,15,0.19852957355012182,
10,XZt,7,15,0.21316473343438747,
10,XZt,8,15,0.22307662280803686,
10,XZt,9,15,0.23340771208629837,
10,XZt,10,15,0.2342819873399614,
10,XZt,11,15,0.24058838580356548,
10,XZt,12,15,0.2426853682366567,
10,XZt,13,15,0.24291935856203933,
10,XZt,14,15,0.2481592655700026,
10,XZt,15,15,0.25427888452994374,
10,XZt,16,15,0.25617789318618056,
10,XZt,17,15,0.25796700106208525,
10,XZt,18,15,0.2611855584279895,
10,XZt,19,15,0.2656615705184693,
10,XZt,20,15,0.27001578524584186,
10,XZt,21,15,0.2721383281636599,
10,XZt,22,15,0.2784141641045463,
10,XZt,23,15,0.2767129545085154,
10,XZt,24,15,0.28366578561992994,
10,XZt,25,15,0.2874982158502025,
10,XZt,26,15,0.28462524289738494,
10,XZt,27,15,0.2908912872253863,
10,XZt,28,15,0.2940591119481956,
10,XZt,29,15,0.29358538298413506,
10,XZt,30,15,0.29805709864568647,
10,XZt,31,15,0.30205955619629193,
10,XZt,32,15,0.30523629235296834,
10,XZt,33,15,0.3073328618951908,
10,XZt,34,15,0.3093844866158456,
10,XZt,35,15,0.30738845025145095,
10,XZt,36,15,0.3129943090114754,
10,XZt,37,15,0.3164872387073542,
10,XZt,38,15,0.3202830491105617,
10,XZt,39,15,0.3248483778080092,
10,XZt,40,15,0.3288439809125967,
10,XZt,41,15,0.33233144404500115,
10,XZt,42,15,0.34107623463985287,
10,XZt,43,15,0.343478714042052,
10,XZt,44,15,0.345784198036687,
10,XZt,45,15,0.3479994771789421,
10,XZt,46,15,0.3505860877991272,
10,XZt,47,15,0.3532573556596764,
10,XZt,48,15,0.3558255635288523,
10,XZt,49,15,0.3624322739588159,
10,XZt,50,15,0.3662187049383084,
10,XZt,51,15,0.36957046112334613,
10,XZt,52,15,0.3733816817271236,
10,XZt,53,15,0.38222553603941306,
10,XZt,54,15,0.387313077955465,
10,XZt,55,15,0.39241419667912303,
10,XZt,56,15,0.3976153770846793,
10,XZt,57,15,0.4078098957639875,
10,XZt,58,15,0.4133318166081747,
10,XZt,59,15,0.4176579955579569,
10,XZt,60,15,0.42793199235904883,
10,XZt,61,15,0.43237749869283065,
10,XZt,62,15,0.4355167494069237,
10,XZt,63,15,0.44389226492447703,
10,XZt,64,15,0.4472873451766594,
10,XZt,65,15,0.45619863910107217,
10,XZt,66,15,0.4572960455819636,
10,XZt,67,15,0.46127060970058126,
10,XZt,68,15,0.4528915694890777,
10,XZt,69,15,0.44106297917660975,
10,XZt,70,15,0.4172310971745209,
10,XZt,71,15,0.3929904073535774,
10,XZt,72,15,0.3734203737446494,
10,XZt,73,15,0.350655361277318,
10,XZt,74,15,0.33318424013250414,
10,XZt,75,15,0.31707618533868853,
10,XZt,76,15,0.30146184267299186,
10,XZt,77,15,0.2872933100454684,
10,XZt,78,15,0.27395965028783714,
10,XZt,79,15,0.26269755987628723,
10,XZt,80,15,0.252117833803361,
10,XZt,81,15,0.24359319378389008,
10,XZt,82,15,0.23551868314150617,
10,XZt,83,15,0.22907177555155137,
10,XZt,84,15,0.22331167656916107,
10,XZt,85,15,0.21790823967850975,
10,XZt,86,15,0.2142181576351468,
10,XZt,87,15,0.21146259547675672,
10,XZt,88,15,0.20979845314443904,
10,XZt,89,15,0.2086863898392729,
10,XZt,90,15,0.2081017797094691,
10,XZt,91,15,0.20696202459167737,
10,XZt,92,15,0.2058500590829748,
10,XZt,93,15,0.20441909130009545,
10,XZt,94,15,0.20284525824264205,
10,XZt,95,15,0.2011192805959198,
10,XZt,96,15,0.1992225779167914,
10,XZt,97,15,0.1969088274924768,
10,XZt,98,15,0.19421915569766704,
10,XZt,99,15,0.1909628324768348,
10,XZt,100,15,0.18775630350697758,
10,XZt,101,15,0.18473791000022974,
10,XZt,102,15,0.18161149561589637,
10,XZt,103,15,0.178746635396311,
10,XZt,104,15,0.17603085459375575,
10,XZt,105,15,0.17358790305118366,
10,XZt,106,15,0.17120416512803346,
10,XZt,107,15,0.1688234311284943,
10,XZt,108,15,0.1669204897447197,
10,XZt,109,15,0.165306983221612,
10,XZt,110,15,0.16405894558569978,
10,XZt,111,15,0.16312854375001776,
10,XZt,112,15,0.16260540551674066,
10,XZt,113,15,0.16217823655687855,
10,XZt,114,15,0.16161717840964573,
10,XZt,115,15,0.16106388429423052,
10,XZt,116,15,0.160621107875405,
10,XZt,117,15,0.16003889411661557,
10,XZt,118,15,0.15958163806632703,
10,XZt,119,15,0.1593036846601246,
10,XZt,120,15,0.1588467375155902,
10,XZt,121,15,0.15840389892583903,
10,XZt,122,15,0.1582106167571127,
10,XZt,123,15,0.1579502712393074,
10,XZt,124,15,0.1580347198632304,
10,XZt,125,15,0.15804265952839264,
10,XZt,126,15,0.15831290344646168,
10,XZt,127,15,0.15880369091687568,
10,XZt,128,15,0.15955187465812445,
10,XZt,129,15,0.16041310609625525,
10,XZt,130,15,0.16141128629908247,
10,XZt,131,15,0.1624027531407625,
10,XZt,132,15,0.16355632180677365,
10,XZt,133,15,0.16522638101010126,
10,XZt,134,15,0.16702285272562137,
10,XZt,135,15,0.16890615196690234,
10,XZt,136,15,0.1708750213443012,
10,XZt,137,15,0.17287454374308978,
10,XZt,138,15,0.1747472645598037,
10,XZt,139,15,0.176711686858692,
10,XZt,140,15,0.1782823652733562,
10,XZt,141,15,0.18006735025957404,
10,XZt,142,15,0.18178115919718166,
10,XZt,143,15,0.18341228993252687,
10,XZt,144,15,0.18516386691564268,
10,XZt,145,15,0.1872239725439424,
10,XZt,146,15,0.18981017591375665,
10,XZt,147,15,0.1930694578278883,
10,XZt,148,15,0.19666226830660494,
10,XZt,149,15,0.20100942116475304,
10,XZt,150,15,0.20550800893703083,
10,XZt,151,15,0.21070208847526117,
10,XZt,152,15,0.21609449407729353,
10,XZt,153,15,0.22247011866379462,
10,XZt,154,15,0.22916386936822353,
10,XZt,155,15,0.23605208965027225,
10,XZt,156,15,0.24372197750854968,
10,XZt,157,15,0.25222087693886175,
10,XZt,158,15,0.26170888299567363,
10,XZt,159,15,0.27081572091460415,
10,XZt,160,15,0.28065372311683573,
10,XZt,161,15,0.2909469915522209,
10,XZt,162,15,0.3020108646927796,
10,XZt,163,15,0.3121664531554107,
10,XZt,164,15,0.32199882883821473,
10,XZt,165,15,0.3313803443118314,
10,XZt,166,15,0.3413184385128665,
10,XZt,167,15,0.3495675282447209,
10,XZt,168,15,0.35676860049622783,
10,XZt,169,15,0.36462441276849483,
10,XZt,170,15,0.37116651666131306,
10,XZt,171,15,0.3763428317901723,
10,XZt,172,15,0.38085402291139464,
10,XZt,173,15,0.38156801338328744,
10,XZt,174,15,0.37900666298174657,
10,XZt,175,15,0.37451230114703543,
10,XZt,176,15,0.36653316393287894,
10,XZt,177,15,0.3574409397006042,
10,XZt,178,15,0.34539419758370243,
10,XZt,179,15,0.33245187714405916,
10,XZt,180,15,0.32136119956443154,
10,XZt,181,15,0.31038167540735834,
10,XZt,182,15,0.3020203450319012,
10,XZt,183,15,0.2940774009707087,
10,XZt,184,15,0.2889161665333098,
10,XZt,185,15,0.2845808382315253,
10,XZt,186,15,0.2827078241616888,
10,XZt,187,15,0.2844920873580159,
10,XZt,188,15,0.2863231331010447,
10,XZt,189,15,0.2910312259572781,
10,XZt,190,15,0.2962852201744362,
10,XZt,191,15,0.30169174468540727,
10,XZt,192,15,0.3079564087617028,
10,XZt,193,15,0.31067491293548083,
10,XZt,194,15,0.3132000116841143,
10,XZt,195,15,0.3108415365259567,
10,XZt,196,15,0.3088319497391696,
10,XZt,197,15,0.30348591572153444,
10,XZt,198,15,0.29939789968932723,
10,XZt,199,15,0.2952973497206195,
10,XZt,200,15,0.2902859501316909,
10,XZt,201,15,0.2871041771783351,
10,XZt,202,15,0.284139764036864,
10,XZt,203,15,0.28057564043396194,
10,XZt,204,15,0.27842624560944623,
10,XZt,205,15,0.2764800371739147,
10,XZt,206,15,0.27493436055110604,
10,XZt,207,15,0.27286649314043854,
10,XZt,208,15,0.272764064735925,
10,XZt,209,15,0.2722044589584918,
10,XZt,210,15,0.2734753430718684,
10,XZt,211,15,0.2746921122388999,
10,XZt,212,15,0.2797647734949668,
10,XZt,213,15,0.28804915622712174,
10,XZt,214,15,0.29984785153594273,
10,XZt,215,15,0.3160602294467751,
10,XZt,216,15,0.3369672133579796,
10,XZt,217,15,0.3631199759484215,
10,XZt,218,15,0.38986465254534075,
10,XZt,219,15,0.4215407232614701,
10,XZt,220,15,0.4508233182360587,
10,XZt,221,15,0.47208130684100996,
10,XZt,222,15,0.4822769981453536,
10,XZt,223,15,0.47837754013262096,
10,XZt,224,15,0.4604936712376195,
10,XZt,225,15,0.44588635686114736,
10,XZt,226,15,0.4236648895738348,
10,XZt,227,15,0.4048814219926519,
10,XZt,228,15,0.39050322013490935,
10,XZt,229,15,0.3768757109969087,
10,XZt,230,15,0.36538445918431744,
10,XZt,231,15,0.3615916317210379,
10,XZt,232,15,0.35406189121496245,
10,XZt,233,15,0.34299498489514096,
10,XZt,234,15,0.3432039606293952,
10,XZt,235,15,0.33681674338780687,
10,XZt,236,15,0.3275107403555941,
10,XZt,237,15,0.32736548707082896,
10,XZt,238,15,0.3188690863160943,
10,XZt,239,15,0.31558488829963705,
10,XZt,240,15,0.30894240693889496,
10,XZt,241,15,0.30367559351342155,
10,XZt,242,15,0.2992054947896546,
10,XZt,243,15,0.29669889513226105,
10,XZt,244,15,0.2937741526502473,
10,XZt,245,15,0.2872921321523942,
10,XZt,246,15,0.2799026640081512,
10,XZt,247,15,0.27881089999063113,
10,XZt,248,15,0.2758817048509216,
10,XZt,249,15,0.26781589643052417,
10,XZt,250,15,0.2677758023964064,
10,XZt,251,15,0.25711963710472374,
10,XZt,252,15,0.2452165720412053,
10,XZt,253,15,0.23001968410123935,
10,XZt,254,15,0.2228005112681872,
10,XZt,255,15,0.21399025310455785,
10,XZt,256,15,0.21770506999953895,
10,XZt,257,15,0.22965554771494998,
10,XZt,258,15,0.25146744319471004,
10,XZt,259,15,0.7170874022776523,
