iteration,distance,change,gradient_statistic,exact_gradient,percent_change_offset_-1000,percent_change_offset_0,percent_change_offset_1000,percent_change_offset_10000,alpha,flat_noise,seconds
1.000000e+00,7.081747e-01,4.277867e-01,1.223448e+01,8.432318e+00,9.563672e+00,9.661945e+00,3.558001e+00,5.098821e-01,1.000000e+00,6.560363e-01,1.053734e+00
2.000000e+00,5.632400e-01,2.092013e-01,9.762405e+00,6.748241e+00,4.778194e+00,4.833719e+00,1.744036e+00,2.499346e-01,1.000000e+00,4.909878e-01,3.035092e-02
3.000000e+00,4.870430e-01,1.079300e-01,7.838966e+00,5.726466e+00,2.736956e+00,2.771491e+00,9.885192e-01,1.416635e-01,1.000000e+00,4.053688e-01,3.296351e-02
4.000000e+00,4.356933e-01,7.161160e-02,6.667551e+00,5.001661e+00,1.904806e+00,1.930389e+00,6.830466e-01,9.788662e-02,1.000000e+00,3.487719e-01,3.064442e-02
5.000000e+00,3.968733e-01,5.386277e-02,5.836562e+00,4.435232e+00,1.452072e+00,1.472556e+00,5.178746e-01,7.421593e-02,1.000000e+00,3.065577e-01,3.137207e-02
6.000000e+00,3.658804e-01,4.295708e-02,5.185941e+00,3.974810e+00,1.160501e+00,1.177539e+00,4.120939e-01,5.905655e-02,1.000000e+00,2.731840e-01,3.836226e-02
7.000000e+00,3.403111e-01,3.552252e-02,4.657793e+00,3.590372e+00,9.570493e-01,9.715728e-01,3.386323e-01,4.852880e-02,1.000000e+00,2.458664e-01,3.168201e-02
8.000000e+00,3.187638e-01,3.010410e-02,4.216814e+00,3.263559e+00,8.070435e-01,8.196368e-01,2.846938e-01,4.079890e-02,1.000000e+00,2.229892e-01,3.007936e-02
9.000000e+00,3.003218e-01,2.598478e-02,3.841936e+00,2.981149e+00,6.923222e-01,7.033869e-01,2.435922e-01,3.490866e-02,1.000000e+00,2.034937e-01,2.953672e-02
1.000000e+01,2.843621e-01,2.273430e-02,3.517639e+00,2.733560e+00,6.016940e-01,6.115107e-01,2.112287e-01,3.027066e-02,1.000000e+00,1.866712e-01,2.886510e-02
1.100000e+01,2.704355e-01,2.009063e-02,3.232638e+00,2.513899e+00,5.281402e-01,5.369127e-01,1.850414e-01,2.651778e-02,1.000000e+00,1.720306e-01,3.916836e-02
1.200000e+01,2.582039e-01,1.788986e-02,2.978978e+00,2.317112e+00,4.672092e-01,4.750927e-01,1.634082e-01,2.341754e-02,1.000000e+00,1.592085e-01,3.045225e-02
1.300000e+01,2.474062e-01,1.601802e-02,2.750910e+00,2.139515e+00,4.158240e-01,4.229388e-01,1.452112e-01,2.080974e-02,1.000000e+00,1.479265e-01,2.942991e-02
1.400000e+01,2.378303e-01,1.440590e-02,2.544490e+00,1.978434e+00,3.719525e-01,3.783960e-01,1.297119e-01,1.858853e-02,1.000000e+00,1.379654e-01,3.021574e-02
1.500000e+01,2.293012e-01,1.300537e-02,2.356799e+00,1.831852e+00,3.341346e-01,3.399876e-01,1.163800e-01,1.667794e-02,1.000000e+00,1.291479e-01,2.992034e-02
1.600000e+01,2.216726e-01,1.177984e-02,2.185497e+00,1.698126e+00,3.012875e-01,3.066184e-01,1.048232e-01,1.502176e-02,1.000000e+00,1.213267e-01,3.068113e-02
1.700000e+01,2.148224e-01,1.069974e-02,2.028864e+00,1.575917e+00,2.725836e-01,2.774506e-01,9.474226e-02,1.357706e-02,1.000000e+00,1.143781e-01,3.188944e-02
1.800000e+01,2.086463e-01,9.743925e-03,1.885419e+00,1.464079e+00,2.473791e-01,2.518325e-01,8.590466e-02,1.231056e-02,1.000000e+00,1.081975e-01,3.497005e-02
1.900000e+01,2.030554e-01,8.895622e-03,1.753916e+00,1.361602e+00,2.251766e-01,2.292606e-01,7.813110e-02,1.119654e-02,1.000000e+00,1.026945e-01,3.561115e-02
2.000000e+01,1.979740e-01,8.139798e-03,1.633213e+00,1.267637e+00,2.055446e-01,2.092976e-01,7.126664e-02,1.021280e-02,1.000000e+00,9.779055e-02,3.978252e-02
2.100000e+01,1.933365e-01,7.464908e-03,1.522359e+00,1.181425e+00,1.881394e-01,1.915955e-01,6.518813e-02,9.341698e-03,1.000000e+00,9.341759e-02,4.279613e-02
2.200000e+01,1.890867e-01,6.861231e-03,1.420511e+00,1.102276e+00,1.726712e-01,1.758609e-01,5.979208e-02,8.568399e-03,1.000000e+00,8.951622e-02,3.404689e-02
2.300000e+01,1.851760e-01,6.320395e-03,1.326886e+00,1.029570e+00,1.589020e-01,1.618525e-01,5.499348e-02,7.880723e-03,1.000000e+00,8.603490e-02,3.344655e-02
2.400000e+01,1.815625e-01,5.834841e-03,1.240767e+00,9.627405e-01,1.466154e-01,1.493507e-01,5.071544e-02,7.267645e-03,1.000000e+00,8.292853e-02,3.842235e-02
2.500000e+01,1.782100e-01,5.398185e-03,1.161510e+00,9.012888e-01,1.356260e-01,1.381672e-01,4.689220e-02,6.719746e-03,1.000000e+00,8.015758e-02,3.242993e-02
2.600000e+01,1.750870e-01,5.005071e-03,1.088537e+00,8.447635e-01,1.257743e-01,1.281404e-01,4.346735e-02,6.228940e-03,1.000000e+00,7.768745e-02,3.487635e-02
2.700000e+01,1.721666e-01,4.650692e-03,1.021323e+00,7.927614e-01,1.169281e-01,1.191360e-01,4.039416e-02,5.788531e-03,1.000000e+00,7.548778e-02,4.653764e-02
2.800000e+01,1.694252e-01,4.330943e-03,9.594034e-01,7.449151e-01,1.089683e-01,1.110330e-01,3.763064e-02,5.392499e-03,1.000000e+00,7.353174e-02,3.289580e-02
2.900000e+01,1.668426e-01,4.042316e-03,9.023469e-01,7.008836e-01,1.017900e-01,1.037247e-01,3.513983e-02,5.035549e-03,1.000000e+00,7.179548e-02,3.150606e-02
3.000000e+01,1.644010e-01,3.781578e-03,8.497621e-01,6.603551e-01,9.530576e-02,9.712264e-02,3.289107e-02,4.713287e-03,1.000000e+00,7.025782e-02,3.804731e-02
3.100000e+01,1.620851e-01,3.545849e-03,8.012942e-01,nan,8.943680e-02,9.114649e-02,3.085667e-02,4.421745e-03,1.000000e+00,6.889995e-02,3.138590e-02
3.200000e+01,1.598815e-01,3.332507e-03,7.566100e-01,nan,8.411409e-02,8.572615e-02,2.901244e-02,4.157456e-03,1.000000e+00,6.770505e-02,3.322482e-02
3.300000e+01,1.577787e-01,3.139321e-03,7.154032e-01,nan,7.927555e-02,8.079851e-02,2.733667e-02,3.917308e-03,1.000000e+00,6.665806e-02,3.519654e-02
3.400000e+01,1.557666e-01,2.964201e-03,6.773952e-01,nan,7.486874e-02,7.631027e-02,2.581101e-02,3.698672e-03,1.000000e+00,6.574546e-02,2.839065e-02
3.500000e+01,1.538363e-01,2.805334e-03,6.423257e-01,nan,7.084728e-02,7.221423e-02,2.441925e-02,3.499226e-03,1.000000e+00,6.495505e-02,3.479242e-02
3.600000e+01,1.519801e-01,2.661030e-03,6.099564e-01,nan,6.717162e-02,6.847020e-02,2.314759e-02,3.316991e-03,1.000000e+00,6.427584e-02,3.320503e-02
3.700000e+01,1.501913e-01,2.529812e-03,5.800652e-01,nan,6.380568e-02,6.504148e-02,2.198344e-02,3.150162e-03,1.000000e+00,6.369786e-02,3.138638e-02
3.800000e+01,1.484640e-01,2.410318e-03,5.524501e-01,nan,6.071736e-02,6.189542e-02,2.091562e-02,2.997138e-03,1.000000e+00,6.321208e-02,3.204703e-02
3.900000e+01,1.467930e-01,2.301353e-03,5.269251e-01,nan,5.787883e-02,5.900367e-02,1.993443e-02,2.856529e-03,1.000000e+00,6.281031e-02,2.983427e-02
4.000000e+01,1.451736e-01,2.201835e-03,5.033163e-01,3.950772e-01,5.526537e-02,5.634113e-02,1.903127e-02,2.727102e-03,1.000000e+00,6.248512e-02,3.762007e-02
4.100000e+01,1.436018e-01,2.110776e-03,4.814624e-01,nan,5.285433e-02,5.388471e-02,1.819826e-02,2.607728e-03,1.000000e+00,6.222977e-02,2.893734e-02
4.200000e+01,1.420739e-01,2.027323e-03,4.612168e-01,nan,5.062716e-02,5.161552e-02,1.742894e-02,2.497482e-03,1.000000e+00,6.203811e-02,3.193617e-02
4.300000e+01,1.405869e-01,1.950675e-03,4.424419e-01,nan,4.856614e-02,4.951556e-02,1.671717e-02,2.395482e-03,1.000000e+00,6.190454e-02,3.143430e-02
4.400000e+01,1.391377e-01,1.880144e-03,4.250159e-01,nan,4.665557e-02,4.756883e-02,1.605749e-02,2.300946e-03,1.000000e+00,6.182397e-02,3.769016e-02
4.500000e+01,1.377240e-01,1.815086e-03,4.088233e-01,nan,4.488106e-02,4.576067e-02,1.544489e-02,2.213159e-03,1.000000e+00,6.179176e-02,3.252983e-02
4.600000e+01,1.363433e-01,1.754951e-03,3.937587e-01,nan,4.323008e-02,4.407833e-02,1.487504e-02,2.131498e-03,1.000000e+00,6.180366e-02,3.544521e-02
4.700000e+01,1.349937e-01,1.699245e-03,3.797288e-01,nan,4.169169e-02,4.251068e-02,1.434415e-02,2.055418e-03,1.000000e+00,6.185581e-02,1.130602e-01
4.800000e+01,1.336734e-01,1.647528e-03,3.666489e-01,nan,4.025581e-02,4.104746e-02,1.384870e-02,1.984420e-03,1.000000e+00,6.194467e-02,3.479290e-02
4.900000e+01,1.323806e-01,1.599399e-03,3.544405e-01,nan,3.891319e-02,3.967923e-02,1.338551e-02,1.918042e-03,1.000000e+00,6.206702e-02,3.595972e-02
5.000000e+01,1.311138e-01,1.554516e-03,3.430322e-01,2.735647e-01,3.765624e-02,3.839827e-02,1.295193e-02,1.855910e-03,1.000000e+00,6.221991e-02,3.762460e-02
5.100000e+01,1.298718e-01,1.512574e-03,3.323594e-01,nan,3.647789e-02,3.719738e-02,1.254552e-02,1.797670e-03,1.000000e+00,6.240065e-02,3.552008e-02
5.200000e+01,1.286531e-01,1.473300e-03,3.223627e-01,nan,3.537138e-02,3.606969e-02,1.216394e-02,1.742989e-03,1.000000e+00,6.260677e-02,3.158498e-02
5.300000e+01,1.274568e-01,1.436439e-03,3.129875e-01,nan,3.433071e-02,3.500907e-02,1.180511e-02,1.691567e-03,9.999999e-01,6.283603e-02,2.928782e-02
5.400000e+01,1.262818e-01,1.401781e-03,3.041855e-01,nan,3.335061e-02,3.401016e-02,1.146721e-02,1.643145e-03,1.000000e+00,6.308635e-02,2.942538e-02
5.500000e+01,1.251271e-01,1.369127e-03,2.959113e-01,nan,3.242622e-02,3.306800e-02,1.114854e-02,1.597479e-03,1.000000e+00,6.335585e-02,2.955699e-02
5.600000e+01,1.239919e-01,1.338302e-03,2.881246e-01,nan,3.155322e-02,3.217821e-02,1.084763e-02,1.554358e-03,1.000000e+00,6.364279e-02,2.981877e-02
5.700000e+01,1.228752e-01,1.309152e-03,2.807879e-01,nan,3.072772e-02,3.133681e-02,1.056312e-02,1.513587e-03,1.000000e+00,6.394559e-02,3.425884e-02
5.800000e+01,1.217765e-01,1.281532e-03,2.738669e-01,nan,2.994614e-02,3.054017e-02,1.029377e-02,1.474989e-03,1.000000e+00,6.426281e-02,3.160572e-02
5.900000e+01,1.206950e-01,1.255316e-03,2.673303e-01,nan,2.920529e-02,2.978502e-02,1.003849e-02,1.438407e-03,1.000000e+00,6.459310e-02,3.011680e-02
6.000000e+01,1.196300e-01,1.230387e-03,2.611494e-01,2.113736e-01,2.850212e-02,2.906828e-02,9.796212e-03,1.403688e-03,1.000000e+00,6.493524e-02,3.278136e-02
6.100000e+01,1.185810e-01,1.206645e-03,2.552981e-01,nan,2.783397e-02,2.838721e-02,9.566020e-03,1.370701e-03,1.000000e+00,6.528811e-02,3.014088e-02
6.200000e+01,1.175474e-01,1.184000e-03,2.497526e-01,nan,2.719853e-02,2.773947e-02,9.347119e-03,1.339332e-03,1.000000e+00,6.565067e-02,2.798986e-02
6.300000e+01,1.165288e-01,1.162366e-03,2.444907e-01,nan,2.659353e-02,2.712276e-02,9.138721e-03,1.309469e-03,1.000000e+00,6.602199e-02,3.095031e-02
6.400000e+01,1.155245e-01,1.141667e-03,2.394923e-01,nan,2.601690e-02,2.653495e-02,8.940113e-03,1.281008e-03,1.000000e+00,6.640118e-02,2.860832e-02
6.500000e+01,1.145342e-01,1.121836e-03,2.347387e-01,nan,2.546659e-02,2.597397e-02,8.750586e-03,1.253849e-03,1.000000e+00,6.678744e-02,2.810907e-02
6.600000e+01,1.135575e-01,1.102809e-03,2.302130e-01,nan,2.494091e-02,2.543808e-02,8.569553e-03,1.227907e-03,1.000000e+00,6.718004e-02,2.998018e-02
6.700000e+01,1.125939e-01,1.084531e-03,2.258993e-01,nan,2.443827e-02,2.492568e-02,8.396470e-03,1.203104e-03,1.000000e+00,6.757830e-02,2.836013e-02
6.800000e+01,1.116431e-01,1.066951e-03,2.217832e-01,nan,2.395728e-02,2.443535e-02,8.230857e-03,1.179371e-03,1.000000e+00,6.798159e-02,2.889490e-02
6.900000e+01,1.107047e-01,1.050020e-03,2.178514e-01,nan,2.349666e-02,2.396576e-02,8.072266e-03,1.156645e-03,1.000000e+00,6.838934e-02,2.968740e-02
7.000000e+01,1.097783e-01,1.033696e-03,2.140914e-01,1.751301e-01,2.305502e-02,2.351552e-02,7.920218e-03,1.134857e-03,1.000000e+00,6.880102e-02,2.907181e-02
7.100000e+01,1.088638e-01,1.017940e-03,2.104917e-01,nan,2.263115e-02,2.308339e-02,7.774300e-03,1.113947e-03,1.000000e+00,6.921615e-02,3.008795e-02
7.200000e+01,1.079607e-01,1.002714e-03,2.070419e-01,nan,2.222402e-02,2.266833e-02,7.634156e-03,1.093864e-03,1.000000e+00,6.963426e-02,3.274250e-02
7.300000e+01,1.070688e-01,9.879876e-04,2.037321e-01,nan,2.183266e-02,2.226932e-02,7.499445e-03,1.074560e-03,1.000000e+00,7.005494e-02,3.406358e-02
7.400000e+01,1.061878e-01,9.737290e-04,2.005536e-01,nan,2.145611e-02,2.188543e-02,7.369844e-03,1.055989e-03,1.000000e+00,7.047782e-02,3.322792e-02
7.500000e+01,1.053175e-01,9.599109e-04,1.974978e-01,nan,2.109359e-02,2.151582e-02,7.245077e-03,1.038110e-03,1.000000e+00,7.090253e-02,3.363276e-02
7.600000e+01,1.044576e-01,9.465070e-04,1.945572e-01,nan,2.074428e-02,2.115968e-02,7.124865e-03,1.020884e-03,1.000000e+00,7.132874e-02,3.225374e-02
7.700000e+01,1.036078e-01,9.334947e-04,1.917246e-01,nan,2.040747e-02,2.081628e-02,7.008958e-03,1.004274e-03,1.000000e+00,7.175617e-02,3.428578e-02
7.800000e+01,1.027680e-01,9.208525e-04,1.889936e-01,nan,2.008242e-02,2.048487e-02,6.897109e-03,9.882466e-04,1.000000e+00,7.218452e-02,3.251696e-02
7.900000e+01,1.019380e-01,9.085605e-04,1.863579e-01,nan,1.976859e-02,2.016489e-02,6.789123e-03,9.727725e-04,1.000000e+00,7.261355e-02,3.635216e-02
8.000000e+01,1.011175e-01,8.966017e-04,1.838121e-01,1.513156e-01,1.946535e-02,1.985571e-02,6.684789e-03,9.578217e-04,1.000000e+00,7.304301e-02,3.489208e-02
8.100000e+01,1.003063e-01,8.849576e-04,1.813508e-01,nan,1.917209e-02,1.955670e-02,6.583895e-03,9.433637e-04,1.000000e+00,7.347268e-02,2.973151e-02
8.200000e+01,9.950430e-02,8.736128e-04,1.789691e-01,nan,1.888831e-02,1.926735e-02,6.486267e-03,9.293739e-04,1.000000e+00,7.390236e-02,2.830815e-02
8.300000e+01,9.871125e-02,8.625520e-04,1.766626e-01,nan,1.861353e-02,1.898717e-02,6.391739e-03,9.158284e-04,1.000000e+00,7.433186e-02,3.643394e-02
8.400000e+01,9.792699e-02,8.517623e-04,1.744269e-01,nan,1.834728e-02,1.871570e-02,6.300151e-03,9.027041e-04,1.000000e+00,7.476101e-02,2.868080e-02
8.500000e+01,9.715136e-02,8.412304e-04,1.722583e-01,nan,1.808913e-02,1.845246e-02,6.211351e-03,8.899793e-04,1.000000e+00,7.518964e-02,3.382587e-02
8.600000e+01,9.638419e-02,8.309444e-04,1.701531e-01,nan,1.783867e-02,1.819708e-02,6.125203e-03,8.776347e-04,9.999999e-01,7.561761e-02,3.458786e-02
8.700000e+01,9.562534e-02,8.208945e-04,1.681079e-01,nan,1.759559e-02,1.794922e-02,6.041598e-03,8.656544e-04,1.000000e+00,7.604478e-02,2.988720e-02
8.800000e+01,9.487464e-02,8.110701e-04,1.661196e-01,nan,1.735953e-02,1.770851e-02,5.960409e-03,8.540203e-04,1.000000e+00,7.647102e-02,2.969599e-02
8.900000e+01,9.413195e-02,8.014613e-04,1.641852e-01,nan,1.713013e-02,1.747459e-02,5.881515e-03,8.427153e-04,1.000000e+00,7.689622e-02,3.486705e-02
9.000000e+01,9.339714e-02,7.920588e-04,1.623021e-01,1.340328e-01,1.690709e-02,1.724716e-02,5.804812e-03,8.317240e-04,1.000000e+00,7.732026e-02,3.308368e-02
9.100000e+01,9.267007e-02,7.828544e-04,1.604676e-01,nan,1.669010e-02,1.702588e-02,5.730190e-03,8.210311e-04,1.000000e+00,7.774306e-02,4.435301e-02
9.200000e+01,9.195060e-02,7.738403e-04,1.586794e-01,nan,1.647889e-02,1.681051e-02,5.657563e-03,8.106239e-04,1.000000e+00,7.816451e-02,3.258061e-02
9.300000e+01,9.123861e-02,7.650095e-04,1.569353e-01,nan,1.627319e-02,1.660075e-02,5.586833e-03,8.004887e-04,1.000000e+00,7.858453e-02,2.925229e-02
9.400000e+01,9.053397e-02,7.563544e-04,1.552331e-01,nan,1.607277e-02,1.639637e-02,5.517919e-03,7.906137e-04,1.000000e+00,7.900304e-02,3.156710e-02
9.500000e+01,8.983656e-02,7.478684e-04,1.535709e-01,nan,1.587739e-02,1.619713e-02,5.450740e-03,7.809874e-04,1.000000e+00,7.941997e-02,2.916908e-02
9.600000e+01,8.914628e-02,7.395458e-04,1.519468e-01,nan,1.568685e-02,1.600282e-02,5.385229e-03,7.716002e-04,1.000000e+00,7.983526e-02,5.985808e-02
9.700000e+01,8.846300e-02,7.313809e-04,1.503592e-01,nan,1.550096e-02,1.581326e-02,5.321323e-03,7.624427e-04,1.000000e+00,8.024884e-02,3.247142e-02
9.800000e+01,8.778661e-02,7.233677e-04,1.488064e-01,nan,1.531954e-02,1.562825e-02,5.258952e-03,7.535054e-04,1.000000e+00,8.066065e-02,3.128505e-02
9.900000e+01,8.711701e-02,7.155010e-04,1.472869e-01,nan,1.514242e-02,1.544761e-02,5.198059e-03,7.447799e-04,1.000000e+00,8.107064e-02,3.290772e-02
1.000000e+02,8.645410e-02,7.077761e-04,1.457993e-01,1.205430e-01,1.496936e-02,1.527112e-02,5.138567e-03,7.362551e-04,1.000000e+00,8.147878e-02,3.193641e-02
1.010000e+02,8.579777e-02,7.001886e-04,1.443423e-01,nan,1.480021e-02,1.509863e-02,5.080423e-03,7.279236e-04,1.000000e+00,8.188500e-02,3.018355e-02
1.020000e+02,8.514792e-02,6.927335e-04,1.429146e-01,nan,1.463482e-02,1.492996e-02,5.023573e-03,7.197774e-04,1.000000e+00,8.228928e-02,3.131866e-02
1.030000e+02,8.450446e-02,6.854074e-04,1.415151e-01,nan,1.447306e-02,1.476499e-02,4.967970e-03,7.118100e-04,1.000000e+00,8.269157e-02,2.938175e-02
1.040000e+02,8.386730e-02,6.782061e-04,1.401426e-01,nan,1.431479e-02,1.460358e-02,4.913571e-03,7.040150e-04,1.000000e+00,8.309185e-02,3.193498e-02
1.050000e+02,8.323634e-02,6.711254e-04,1.387962e-01,nan,1.415987e-02,1.444558e-02,4.860322e-03,6.963849e-04,1.000000e+00,8.349008e-02,3.473568e-02
1.060000e+02,8.261149e-02,6.641621e-04,1.374747e-01,nan,1.400816e-02,1.429086e-02,4.808180e-03,6.889134e-04,1.000000e+00,8.388624e-02,3.251457e-02
1.070000e+02,8.199268e-02,6.573127e-04,1.361773e-01,nan,1.385957e-02,1.413931e-02,4.757110e-03,6.815956e-04,1.000000e+00,8.428031e-02,3.635859e-02
1.080000e+02,8.137980e-02,6.505737e-04,1.349031e-01,nan,1.371396e-02,1.399081e-02,4.707071e-03,6.744255e-04,1.000000e+00,8.467225e-02,3.737140e-02
1.090000e+02,8.077278e-02,6.439423e-04,1.336512e-01,nan,1.357125e-02,1.384526e-02,4.658027e-03,6.673979e-04,1.000000e+00,8.506205e-02,3.168654e-02
1.100000e+02,8.017154e-02,6.374154e-04,1.324208e-01,1.094745e-01,1.343133e-02,1.370255e-02,4.609940e-03,6.605075e-04,1.000000e+00,8.544970e-02,3.006291e-02
1.110000e+02,7.957601e-02,6.309900e-04,1.312113e-01,nan,1.329407e-02,1.356256e-02,4.562772e-03,6.537489e-04,1.000000e+00,8.583517e-02,2.884912e-02
1.120000e+02,7.898609e-02,6.246642e-04,1.300219e-01,nan,1.315942e-02,1.342522e-02,4.516501e-03,6.471187e-04,1.000000e+00,8.621846e-02,7.730913e-02
1.130000e+02,7.840172e-02,6.184340e-04,1.288519e-01,nan,1.302726e-02,1.329043e-02,4.471088e-03,6.406114e-04,1.000000e+00,8.659954e-02,3.230143e-02
1.140000e+02,7.782282e-02,6.122983e-04,1.277008e-01,nan,1.289752e-02,1.315811e-02,4.426508e-03,6.342236e-04,1.000000e+00,8.697842e-02,3.022385e-02
1.150000e+02,7.724932e-02,6.062538e-04,1.265678e-01,nan,1.277011e-02,1.302816e-02,4.382731e-03,6.279509e-04,1.000000e+00,8.735509e-02,3.142095e-02
1.160000e+02,7.668115e-02,6.002988e-04,1.254524e-01,nan,1.264498e-02,1.290053e-02,4.339737e-03,6.217904e-04,1.000000e+00,8.772952e-02,3.565049e-02
1.170000e+02,7.611824e-02,5.944307e-04,1.243542e-01,nan,1.252205e-02,1.277515e-02,4.297498e-03,6.157381e-04,1.000000e+00,8.810173e-02,3.961420e-02
1.180000e+02,7.556052e-02,5.886481e-04,1.232724e-01,nan,1.240125e-02,1.265193e-02,4.255994e-03,6.097910e-04,1.000000e+00,8.847170e-02,3.205013e-02
1.190000e+02,7.500792e-02,5.829480e-04,1.222068e-01,nan,1.228251e-02,1.253082e-02,4.215198e-03,6.039455e-04,1.000000e+00,8.883943e-02,3.082442e-02
1.200000e+02,7.446038e-02,5.773290e-04,1.211567e-01,1.000831e-01,1.216576e-02,1.241174e-02,4.175087e-03,5.981981e-04,1.000000e+00,8.920493e-02,3.366280e-02
1.210000e+02,7.391783e-02,5.717894e-04,1.201217e-01,nan,1.205095e-02,1.229463e-02,4.135645e-03,5.925465e-04,1.000000e+00,8.956817e-02,3.758240e-02
1.220000e+02,7.338022e-02,5.663274e-04,1.191015e-01,nan,1.193803e-02,1.217945e-02,4.096851e-03,5.869879e-04,1.000000e+00,8.992918e-02,3.647590e-02
1.230000e+02,7.284747e-02,5.609409e-04,1.180955e-01,nan,1.182693e-02,1.206613e-02,4.058684e-03,5.815191e-04,1.000000e+00,9.028794e-02,3.448057e-02
1.240000e+02,7.231953e-02,5.556280e-04,1.171035e-01,nan,1.171761e-02,1.195462e-02,4.021129e-03,5.761380e-04,1.000000e+00,9.064446e-02,3.258514e-02
1.250000e+02,7.179635e-02,5.503875e-04,1.161250e-01,nan,1.161001e-02,1.184486e-02,3.984167e-03,5.708418e-04,1.000000e+00,9.099874e-02,3.022981e-02
1.260000e+02,7.127785e-02,5.452179e-04,1.151597e-01,nan,1.150409e-02,1.173682e-02,3.947781e-03,5.656282e-04,1.000000e+00,9.135079e-02,3.638816e-02
1.270000e+02,7.076399e-02,5.401173e-04,1.142071e-01,nan,1.139979e-02,1.163043e-02,3.911952e-03,5.604945e-04,1.000000e+00,9.170060e-02,3.401446e-02
1.280000e+02,7.025470e-02,5.350845e-04,1.132672e-01,nan,1.129708e-02,1.152566e-02,3.876674e-03,5.554396e-04,1.000000e+00,9.204819e-02,3.040290e-02
1.290000e+02,6.974994e-02,5.301181e-04,1.123394e-01,nan,1.119592e-02,1.142247e-02,3.841925e-03,5.504607e-04,1.000000e+00,9.239354e-02,3.153181e-02
1.300000e+02,6.924965e-02,5.252167e-04,1.114235e-01,9.193160e-02,1.109627e-02,1.132082e-02,3.807696e-03,5.455562e-04,1.000000e+00,9.273669e-02,2.871609e-02
1.310000e+02,6.875377e-02,5.203789e-04,1.105192e-01,nan,1.099808e-02,1.122066e-02,3.773971e-03,5.407240e-04,1.000000e+00,9.307761e-02,3.468251e-02
1.320000e+02,6.826225e-02,5.156036e-04,1.096262e-01,nan,1.090133e-02,1.112197e-02,3.740740e-03,5.359624e-04,1.000000e+00,9.341633e-02,3.169680e-02
1.330000e+02,6.777505e-02,5.108890e-04,1.087442e-01,nan,1.080597e-02,1.102469e-02,3.707987e-03,5.312695e-04,1.000000e+00,9.375286e-02,3.040361e-02
1.340000e+02,6.729211e-02,5.062345e-04,1.078731e-01,nan,1.071196e-02,1.092880e-02,3.675700e-03,5.266432e-04,1.000000e+00,9.408719e-02,3.754354e-02
1.350000e+02,6.681338e-02,5.016385e-04,1.070125e-01,nan,1.061929e-02,1.083426e-02,3.643871e-03,5.220827e-04,1.000000e+00,9.441933e-02,3.670955e-02
1.360000e+02,6.633881e-02,4.971005e-04,1.061623e-01,nan,1.052790e-02,1.074104e-02,3.612485e-03,5.175856e-04,1.000000e+00,9.474930e-02,2.874184e-02
1.370000e+02,6.586836e-02,4.926186e-04,1.053221e-01,nan,1.043777e-02,1.064910e-02,3.581532e-03,5.131505e-04,1.000000e+00,9.507709e-02,2.803063e-02
1.380000e+02,6.540198e-02,4.881924e-04,1.044918e-01,nan,1.034887e-02,1.055841e-02,3.550999e-03,5.087757e-04,1.000000e+00,9.540273e-02,2.802157e-02
1.390000e+02,6.493961e-02,4.838209e-04,1.036712e-01,nan,1.026117e-02,1.046894e-02,3.520882e-03,5.044604e-04,1.000000e+00,9.572622e-02,3.026915e-02
1.400000e+02,6.448123e-02,4.795026e-04,1.028601e-01,8.474381e-02,1.017464e-02,1.038067e-02,3.491165e-03,5.002026e-04,1.000000e+00,9.604757e-02,3.277278e-02
1.410000e+02,6.402678e-02,4.752368e-04,1.020582e-01,nan,1.008925e-02,1.029357e-02,3.461843e-03,4.960012e-04,1.000000e+00,9.636678e-02,3.056192e-02
1.420000e+02,6.357621e-02,4.710229e-04,1.012654e-01,nan,1.000499e-02,1.020761e-02,3.432908e-03,4.918553e-04,1.000000e+00,9.668387e-02,2.975345e-02
1.430000e+02,6.312948e-02,4.668593e-04,1.004815e-01,nan,9.921826e-03,1.012277e-02,3.404347e-03,4.877631e-04,1.000000e+00,9.699885e-02,4.106474e-02
1.440000e+02,6.268656e-02,4.627454e-04,9.970629e-02,nan,9.839729e-03,1.003902e-02,3.376156e-03,4.837238e-04,1.000000e+00,9.731172e-02,3.327894e-02
1.450000e+02,6.224740e-02,4.586801e-04,9.893964e-02,nan,9.758675e-03,9.956330e-03,3.348322e-03,4.797358e-04,1.000000e+00,9.762251e-02,3.304195e-02
1.460000e+02,6.181195e-02,4.546633e-04,9.818140e-02,nan,9.678647e-03,9.874689e-03,3.320842e-03,4.757984e-04,1.000000e+00,9.793121e-02,4.412317e-02
1.470000e+02,6.138018e-02,4.506932e-04,9.743135e-02,nan,9.599614e-03,9.794062e-03,3.293704e-03,4.719100e-04,1.000000e+00,9.823784e-02,4.026008e-02
1.480000e+02,6.095205e-02,4.467698e-04,9.668938e-02,nan,9.521566e-03,9.714440e-03,3.266904e-03,4.680701e-04,1.000000e+00,9.854241e-02,3.131223e-02
1.490000e+02,6.052751e-02,4.428919e-04,9.595534e-02,nan,9.444482e-03,9.635801e-03,3.240436e-03,4.642777e-04,1.000000e+00,9.884493e-02,3.545713e-02
1.500000e+02,6.010653e-02,4.390591e-04,9.522907e-02,7.833402e-02,9.368341e-03,9.558124e-03,3.214291e-03,4.605318e-04,1.000000e+00,9.914541e-02,3.749847e-02
1.510000e+02,5.968907e-02,4.352702e-04,9.451043e-02,nan,9.293118e-03,9.481382e-03,3.188463e-03,4.568311e-04,1.000000e+00,9.944387e-02,3.750348e-02
1.520000e+02,5.927509e-02,4.315246e-04,9.379928e-02,nan,9.218796e-03,9.405560e-03,3.162944e-03,4.531748e-04,9.999999e-01,9.974031e-02,3.404474e-02
1.530000e+02,5.886456e-02,4.278218e-04,9.309550e-02,nan,9.145364e-03,9.330645e-03,3.137731e-03,4.495623e-04,1.000000e+00,1.000347e-01,2.960515e-02
1.540000e+02,5.845743e-02,4.241609e-04,9.239895e-02,nan,9.072797e-03,9.256612e-03,3.112815e-03,4.459924e-04,1.000000e+00,1.003272e-01,3.126454e-02
1.550000e+02,5.805367e-02,4.205412e-04,9.170954e-02,nan,9.001083e-03,9.183449e-03,3.088193e-03,4.424645e-04,1.000000e+00,1.006176e-01,3.235507e-02
1.560000e+02,5.765325e-02,4.169619e-04,9.102709e-02,nan,8.930197e-03,9.111131e-03,3.063855e-03,4.389774e-04,1.000000e+00,1.009061e-01,2.884364e-02
1.570000e+02,5.725613e-02,4.134229e-04,9.035155e-02,nan,8.860139e-03,9.039657e-03,3.039802e-03,4.355311e-04,1.000000e+00,1.011927e-01,3.187847e-02
1.580000e+02,5.686228e-02,4.099232e-04,8.968275e-02,nan,8.790883e-03,8.969000e-03,3.016024e-03,4.321243e-04,1.000000e+00,1.014773e-01,2.967167e-02
1.590000e+02,5.647166e-02,4.064621e-04,8.902061e-02,nan,8.722410e-03,8.899143e-03,2.992516e-03,4.287561e-04,1.000000e+00,1.017599e-01,2.881026e-02
1.600000e+02,5.608423e-02,4.030394e-04,8.836503e-02,7.257022e-02,8.654710e-03,8.830073e-03,2.969274e-03,4.254259e-04,1.000000e+00,1.020406e-01,3.205395e-02
1.610000e+02,5.569998e-02,3.996539e-04,8.771588e-02,nan,8.587765e-03,8.761774e-03,2.946290e-03,4.221329e-04,1.000000e+00,1.023195e-01,3.026891e-02
1.620000e+02,5.531885e-02,3.963055e-04,8.707305e-02,nan,8.521563e-03,8.694233e-03,2.923562e-03,4.188765e-04,1.000000e+00,1.025964e-01,3.061390e-02
1.630000e+02,5.494082e-02,3.929934e-04,8.643648e-02,nan,8.456094e-03,8.627439e-03,2.901086e-03,4.156562e-04,1.000000e+00,1.028714e-01,3.125882e-02
1.640000e+02,5.456586e-02,3.897175e-04,8.580607e-02,nan,8.391343e-03,8.561377e-03,2.878857e-03,4.124713e-04,1.000000e+00,1.031446e-01,2.957726e-02
1.650000e+02,5.419394e-02,3.864764e-04,8.518169e-02,nan,8.327295e-03,8.496033e-03,2.856870e-03,4.093210e-04,1.000000e+00,1.034159e-01,2.903795e-02
1.660000e+02,5.382503e-02,3.832702e-04,8.456328e-02,nan,8.263938e-03,8.431392e-03,2.835119e-03,4.062046e-04,1.000000e+00,1.036853e-01,3.195643e-02
1.670000e+02,5.345909e-02,3.800983e-04,8.395073e-02,nan,8.201259e-03,8.367444e-03,2.813602e-03,4.031217e-04,1.000000e+00,1.039529e-01,2.942610e-02
1.680000e+02,5.309609e-02,3.769602e-04,8.334398e-02,nan,8.139247e-03,8.304176e-03,2.792314e-03,4.000717e-04,1.000000e+00,1.042187e-01,3.268051e-02
1.690000e+02,5.273601e-02,3.738555e-04,8.274293e-02,nan,8.077889e-03,8.241575e-03,2.771251e-03,3.970538e-04,1.000000e+00,1.044827e-01,3.441906e-02
1.700000e+02,5.237882e-02,3.707834e-04,8.214748e-02,6.735428e-02,8.017178e-03,8.179633e-03,2.750410e-03,3.940678e-04,1.000000e+00,1.047448e-01,3.112197e-02
1.710000e+02,5.202448e-02,3.677436e-04,8.155758e-02,nan,7.957096e-03,8.118334e-03,2.729786e-03,3.911127e-04,1.000000e+00,1.050052e-01,3.768659e-02
1.720000e+02,5.167298e-02,3.647354e-04,8.097311e-02,nan,7.897635e-03,8.057667e-03,2.709374e-03,3.881883e-04,1.000000e+00,1.052638e-01,3.085589e-02
1.730000e+02,5.132427e-02,3.617590e-04,8.039407e-02,nan,7.838786e-03,7.997625e-03,2.689173e-03,3.852940e-04,1.000000e+00,1.055206e-01,2.794552e-02
1.740000e+02,5.097834e-02,3.588133e-04,7.982029e-02,nan,7.780537e-03,7.938195e-03,2.669178e-03,3.824292e-04,1.000000e+00,1.057756e-01,3.085780e-02
1.750000e+02,5.063515e-02,3.558981e-04,7.925175e-02,nan,7.722883e-03,7.879371e-03,2.649388e-03,3.795936e-04,1.000000e+00,1.060289e-01,3.561878e-02
1.760000e+02,5.029468e-02,3.530133e-04,7.868838e-02,nan,7.665810e-03,7.821140e-03,2.629797e-03,3.767867e-04,1.000000e+00,1.062805e-01,2.955985e-02
1.770000e+02,4.995691e-02,3.501580e-04,7.813011e-02,nan,7.609310e-03,7.763494e-03,2.610403e-03,3.740081e-04,1.000000e+00,1.065304e-01,3.095627e-02
1.780000e+02,4.962180e-02,3.473315e-04,7.757682e-02,nan,7.553370e-03,7.706419e-03,2.591201e-03,3.712569e-04,1.000000e+00,1.067785e-01,2.872443e-02
1.790000e+02,4.928932e-02,3.445345e-04,7.702851e-02,nan,7.497988e-03,7.649913e-03,2.572191e-03,3.685333e-04,1.000000e+00,1.070249e-01,3.167200e-02
1.800000e+02,4.895946e-02,3.417654e-04,7.648509e-02,6.261052e-02,7.443153e-03,7.593965e-03,2.553369e-03,3.658366e-04,1.000000e+00,1.072697e-01,2.830315e-02
1.810000e+02,4.863219e-02,3.390248e-04,7.594648e-02,nan,7.388855e-03,7.538565e-03,2.534732e-03,3.631663e-04,1.000000e+00,1.075128e-01,2.983689e-02
1.820000e+02,4.830749e-02,3.363117e-04,7.541265e-02,nan,7.335089e-03,7.483707e-03,2.516277e-03,3.605222e-04,1.000000e+00,1.077542e-01,2.911043e-02
1.830000e+02,4.798532e-02,3.336257e-04,7.488348e-02,nan,7.281842e-03,7.429379e-03,2.498001e-03,3.579037e-04,1.000000e+00,1.079940e-01,3.354526e-02
1.840000e+02,4.766567e-02,3.309668e-04,7.435898e-02,nan,7.229109e-03,7.375575e-03,2.479901e-03,3.553104e-04,1.000000e+00,1.082321e-01,3.127766e-02
1.850000e+02,4.734850e-02,3.283346e-04,7.383906e-02,nan,7.176886e-03,7.322290e-03,2.461976e-03,3.527423e-04,1.000000e+00,1.084686e-01,2.993035e-02
1.860000e+02,4.703380e-02,3.257283e-04,7.332366e-02,nan,7.125163e-03,7.269517e-03,2.444223e-03,3.501987e-04,1.000000e+00,1.087034e-01,3.039622e-02
1.870000e+02,4.672155e-02,3.231481e-04,7.281273e-02,nan,7.073934e-03,7.217247e-03,2.426640e-03,3.476795e-04,1.000000e+00,1.089367e-01,2.839494e-02
1.880000e+02,4.641171e-02,3.205935e-04,7.230619e-02,nan,7.023193e-03,7.165475e-03,2.409225e-03,3.451843e-04,1.000000e+00,1.091684e-01,2.970576e-02
1.890000e+02,4.610427e-02,3.180640e-04,7.180404e-02,nan,6.972932e-03,7.114192e-03,2.391974e-03,3.427127e-04,1.000000e+00,1.093984e-01,2.990294e-02
1.900000e+02,4.579921e-02,3.155594e-04,7.130614e-02,5.827887e-02,6.923140e-03,7.063388e-03,2.374884e-03,3.402642e-04,1.000000e+00,1.096269e-01,2.855110e-02
1.910000e+02,4.549649e-02,3.130794e-04,7.081254e-02,nan,6.873816e-03,7.013062e-03,2.357955e-03,3.378388e-04,1.000000e+00,1.098539e-01,2.997947e-02
1.920000e+02,4.519611e-02,3.106233e-04,7.032309e-02,nan,6.824950e-03,6.963202e-03,2.341184e-03,3.354359e-04,1.000000e+00,1.100793e-01,2.814746e-02
1.930000e+02,4.489803e-02,3.081917e-04,6.983784e-02,nan,6.776535e-03,6.913803e-03,2.324568e-03,3.330552e-04,1.000000e+00,1.103031e-01,2.902269e-02
1.940000e+02,4.460224e-02,3.057836e-04,6.935668e-02,nan,6.728566e-03,6.864858e-03,2.308104e-03,3.306964e-04,1.000000e+00,1.105254e-01,2.936172e-02
1.950000e+02,4.430871e-02,3.033981e-04,6.887953e-02,nan,6.681032e-03,6.816358e-03,2.291790e-03,3.283591e-04,1.000000e+00,1.107462e-01,3.402185e-02
1.960000e+02,4.401743e-02,3.010363e-04,6.840642e-02,nan,6.633932e-03,6.768299e-03,2.275625e-03,3.260430e-04,1.000000e+00,1.109655e-01,3.118825e-02
1.970000e+02,4.372837e-02,2.986970e-04,6.793725e-02,nan,6.587258e-03,6.720676e-03,2.259607e-03,3.237480e-04,1.000000e+00,1.111833e-01,3.439736e-02
1.980000e+02,4.344151e-02,2.963801e-04,6.747200e-02,nan,6.541007e-03,6.673484e-03,2.243733e-03,3.214738e-04,1.000000e+00,1.113996e-01,3.021097e-02
1.990000e+02,4.315684e-02,2.940852e-04,6.701061e-02,nan,6.495169e-03,6.626713e-03,2.228002e-03,3.192199e-04,1.000000e+00,1.116144e-01,3.110981e-02
2.000000e+02,4.287432e-02,2.918127e-04,6.655304e-02,5.431050e-02,6.449745e-03,6.580365e-03,2.212412e-03,3.169864e-04,1.000000e+00,1.118277e-01,3.389549e-02
2.010000e+02,4.259395e-02,2.895614e-04,6.609924e-02,nan,6.404719e-03,6.534422e-03,2.196960e-03,3.147724e-04,1.000000e+00,1.120396e-01,2.965665e-02
2.020000e+02,4.231570e-02,2.873316e-04,6.564920e-02,nan,6.360096e-03,6.488891e-03,2.181646e-03,3.125783e-04,1.000000e+00,1.122500e-01,3.096366e-02
2.030000e+02,4.203955e-02,2.851228e-04,6.520282e-02,nan,6.315863e-03,6.443757e-03,2.166465e-03,3.104034e-04,1.000000e+00,1.124591e-01,2.828050e-02
2.040000e+02,4.176548e-02,2.829350e-04,6.476014e-02,nan,6.272024e-03,6.399026e-03,2.151421e-03,3.082479e-04,1.000000e+00,1.126666e-01,2.855277e-02
2.050000e+02,4.149348e-02,2.807676e-04,6.432103e-02,nan,6.228566e-03,6.354683e-03,2.136506e-03,3.061111e-04,1.000000e+00,1.128728e-01,3.006768e-02
2.060000e+02,4.122353e-02,2.786206e-04,6.388551e-02,nan,6.185486e-03,6.310726e-03,2.121722e-03,3.039929e-04,1.000000e+00,1.130775e-01,3.378987e-02
2.070000e+02,4.095560e-02,2.764937e-04,6.345351e-02,nan,6.142781e-03,6.267151e-03,2.107067e-03,3.018932e-04,1.000000e+00,1.132809e-01,3.925681e-02
2.080000e+02,4.068968e-02,2.743865e-04,6.302502e-02,nan,6.100446e-03,6.223954e-03,2.092538e-03,2.998117e-04,1.000000e+00,1.134829e-01,3.758049e-02
2.090000e+02,4.042576e-02,2.722990e-04,6.259998e-02,nan,6.058476e-03,6.181130e-03,2.078135e-03,2.977482e-04,1.000000e+00,1.136835e-01,3.095150e-02
2.100000e+02,4.016380e-02,2.702308e-04,6.217835e-02,5.066497e-02,6.016868e-03,6.138674e-03,2.063857e-03,2.957024e-04,1.000000e+00,1.138827e-01,2.826071e-02
2.110000e+02,3.990380e-02,2.681818e-04,6.176012e-02,nan,5.975617e-03,6.096583e-03,2.049700e-03,2.936742e-04,1.000000e+00,1.140806e-01,3.190327e-02
2.120000e+02,3.964574e-02,2.661516e-04,6.134522e-02,nan,5.934717e-03,6.054850e-03,2.035665e-03,2.916633e-04,1.000000e+00,1.142771e-01,3.207183e-02
2.130000e+02,3.938960e-02,2.641400e-04,6.093362e-02,nan,5.894162e-03,6.013468e-03,2.021748e-03,2.896694e-04,1.000000e+00,1.144723e-01,3.499341e-02
2.140000e+02,3.913537e-02,2.621471e-04,6.052532e-02,nan,5.853956e-03,5.972443e-03,2.007950e-03,2.876926e-04,1.000000e+00,1.146661e-01,3.482413e-02
2.150000e+02,3.888301e-02,2.601724e-04,6.012027e-02,nan,5.814089e-03,5.931763e-03,1.994269e-03,2.857325e-04,1.000000e+00,1.148587e-01,3.090858e-02
2.160000e+02,3.863253e-02,2.582156e-04,5.971840e-02,nan,5.774559e-03,5.891428e-03,1.980704e-03,2.837890e-04,1.000000e+00,1.150499e-01,3.315043e-02
2.170000e+02,3.838391e-02,2.562767e-04,5.931972e-02,nan,5.735360e-03,5.851430e-03,1.967253e-03,2.818618e-04,1.000000e+00,1.152398e-01,3.405452e-02
2.180000e+02,3.813712e-02,2.543554e-04,5.892418e-02,nan,5.696488e-03,5.811766e-03,1.953913e-03,2.799506e-04,1.000000e+00,1.154285e-01,3.281140e-02
2.190000e+02,3.789215e-02,2.524516e-04,5.853175e-02,nan,5.657944e-03,5.772436e-03,1.940687e-03,2.780556e-04,1.000000e+00,1.156158e-01,3.094435e-02
2.200000e+02,3.764898e-02,2.505647e-04,5.814240e-02,4.730819e-02,5.619714e-03,5.733428e-03,1.927568e-03,2.761761e-04,1.000000e+00,1.158019e-01,2.826762e-02
2.210000e+02,3.740760e-02,2.486950e-04,5.775610e-02,nan,5.581806e-03,5.694747e-03,1.914560e-03,2.743124e-04,1.000000e+00,1.159867e-01,2.983832e-02
2.220000e+02,3.716800e-02,2.468420e-04,5.737281e-02,nan,5.544213e-03,5.656387e-03,1.901660e-03,2.724642e-04,1.000000e+00,1.161703e-01,2.918577e-02
2.230000e+02,3.693016e-02,2.450058e-04,5.699250e-02,nan,5.506928e-03,5.618342e-03,1.888866e-03,2.706311e-04,9.999999e-01,1.163526e-01,3.052473e-02
2.240000e+02,3.669405e-02,2.431859e-04,5.661515e-02,nan,5.469950e-03,5.580610e-03,1.876177e-03,2.688131e-04,1.000000e+00,1.165337e-01,3.303838e-02
2.250000e+02,3.645968e-02,2.413824e-04,5.624073e-02,nan,5.433276e-03,5.543189e-03,1.863592e-03,2.670102e-04,1.000000e+00,1.167135e-01,3.222394e-02
2.260000e+02,3.622701e-02,2.395949e-04,5.586921e-02,nan,5.396903e-03,5.506074e-03,1.851111e-03,2.652219e-04,1.000000e+00,1.168922e-01,4.532695e-02
2.270000e+02,3.599605e-02,2.378233e-04,5.550055e-02,nan,5.360828e-03,5.469263e-03,1.838732e-03,2.634484e-04,1.000000e+00,1.170696e-01,3.307676e-02
2.280000e+02,3.576676e-02,2.360675e-04,5.513475e-02,nan,5.325045e-03,5.432750e-03,1.826453e-03,2.616892e-04,1.000000e+00,1.172458e-01,2.852821e-02
2.290000e+02,3.553915e-02,2.343272e-04,5.477177e-02,nan,5.289552e-03,5.396534e-03,1.814275e-03,2.599444e-04,1.000000e+00,1.174208e-01,2.823877e-02
2.300000e+02,3.531319e-02,2.326020e-04,5.441153e-02,4.421108e-02,5.254343e-03,5.360607e-03,1.802193e-03,2.582134e-04,1.000000e+00,1.175947e-01,3.011036e-02
2.310000e+02,3.508886e-02,2.308923e-04,5.405406e-02,nan,5.219423e-03,5.324975e-03,1.790211e-03,2.564967e-04,1.000000e+00,1.177674e-01,3.256083e-02
2.320000e+02,3.486617e-02,2.291975e-04,5.369934e-02,nan,5.184783e-03,5.289628e-03,1.778324e-03,2.547937e-04,1.000000e+00,1.179389e-01,3.264928e-02
2.330000e+02,3.464508e-02,2.275177e-04,5.334733e-02,nan,5.150422e-03,5.254566e-03,1.766534e-03,2.531045e-04,1.000000e+00,1.181092e-01,2.864265e-02
2.340000e+02,3.442560e-02,2.258525e-04,5.299797e-02,nan,5.116332e-03,5.219781e-03,1.754837e-03,2.514286e-04,9.999997e-01,1.182784e-01,2.974391e-02
2.350000e+02,3.420769e-02,2.242019e-04,5.265128e-02,nan,5.082523e-03,5.185282e-03,1.743236e-03,2.497666e-04,1.000000e+00,1.184464e-01,2.864766e-02
2.360000e+02,3.399136e-02,2.225656e-04,5.230723e-02,nan,5.048978e-03,5.151053e-03,1.731726e-03,2.481175e-04,1.000000e+00,1.186134e-01,3.040171e-02
2.370000e+02,3.377659e-02,2.209434e-04,5.196574e-02,nan,5.015700e-03,5.117096e-03,1.720307e-03,2.464815e-04,1.000000e+00,1.187791e-01,3.188658e-02
2.380000e+02,3.356336e-02,2.193354e-04,5.162686e-02,nan,4.982688e-03,5.083410e-03,1.708980e-03,2.448587e-04,1.000000e+00,1.189438e-01,3.444147e-02
2.390000e+02,3.335166e-02,2.177412e-04,5.129053e-02,nan,4.949936e-03,5.049990e-03,1.697742e-03,2.432486e-04,1.000000e+00,1.191074e-01,3.957987e-02
2.400000e+02,3.314148e-02,2.161610e-04,5.095673e-02,4.134863e-02,4.917440e-03,5.016832e-03,1.686592e-03,2.416511e-04,1.000000e+00,1.192698e-01,3.236628e-02
2.410000e+02,3.293280e-02,2.145942e-04,5.062544e-02,nan,4.885204e-03,4.983937e-03,1.675531e-03,2.400664e-04,9.999999e-01,1.194312e-01,5.273342e-02
2.420000e+02,3.272562e-02,2.130410e-04,5.029662e-02,nan,4.853222e-03,4.951303e-03,1.664557e-03,2.384942e-04,1.000000e+00,1.195915e-01,3.477073e-02
2.430000e+02,3.251992e-02,2.115010e-04,4.997028e-02,nan,4.821489e-03,4.918922e-03,1.653669e-03,2.369342e-04,1.000000e+00,1.197507e-01,4.472041e-02
2.440000e+02,3.231568e-02,2.099745e-04,4.964637e-02,nan,4.790005e-03,4.886796e-03,1.642866e-03,2.353865e-04,1.000000e+00,1.199088e-01,4.708529e-02
2.450000e+02,3.211290e-02,2.084611e-04,4.932488e-02,nan,4.758767e-03,4.854921e-03,1.632148e-03,2.338510e-04,1.000000e+00,1.200659e-01,7.453823e-02
2.460000e+02,3.191157e-02,2.069602e-04,4.900576e-02,nan,4.727772e-03,4.823294e-03,1.621513e-03,2.323273e-04,1.000000e+00,1.202219e-01,4.388857e-02
2.470000e+02,3.171166e-02,2.054725e-04,4.868904e-02,nan,4.697016e-03,4.791910e-03,1.610961e-03,2.308154e-04,1.000000e+00,1.203768e-01,4.645467e-02
2.480000e+02,3.151318e-02,2.039970e-04,4.837464e-02,nan,4.666500e-03,4.760771e-03,1.600490e-03,2.293153e-04,1.000000e+00,1.205308e-01,4.336429e-02
2.490000e+02,3.131610e-02,2.025343e-04,4.806258e-02,nan,4.636220e-03,4.729873e-03,1.590101e-03,2.278268e-04,1.000000e+00,1.206836e-01,4.007292e-02
2.500000e+02,3.112042e-02,2.010837e-04,4.775281e-02,3.869896e-02,4.606170e-03,4.699210e-03,1.579790e-03,2.263496e-04,9.999999e-01,1.208355e-01,3.528738e-02
2.510000e+02,3.092612e-02,1.996458e-04,4.744537e-02,nan,4.576356e-03,4.668788e-03,1.569561e-03,2.248840e-04,1.000000e+00,1.209863e-01,4.706645e-02
2.520000e+02,3.073320e-02,1.982196e-04,4.714015e-02,nan,4.546768e-03,4.638596e-03,1.559409e-03,2.234296e-04,1.000000e+00,1.211362e-01,4.580164e-02
2.530000e+02,3.054164e-02,1.968053e-04,4.683719e-02,nan,4.517406e-03,4.608635e-03,1.549335e-03,2.219862e-04,9.999998e-01,1.212850e-01,5.529284e-02
2.540000e+02,3.035143e-02,1.954033e-04,4.653645e-02,nan,4.488272e-03,4.578906e-03,1.539339e-03,2.205541e-04,1.000000e+00,1.214328e-01,3.510404e-02
2.550000e+02,3.016255e-02,1.940128e-04,4.623791e-02,nan,4.459356e-03,4.549400e-03,1.529418e-03,2.191327e-04,9.999998e-01,1.215797e-01,3.881359e-02
2.560000e+02,2.997501e-02,1.926338e-04,4.594155e-02,nan,4.430660e-03,4.520119e-03,1.519572e-03,2.177221e-04,1.000000e+00,1.217255e-01,4.121017e-02
2.570000e+02,2.978878e-02,1.912665e-04,4.564737e-02,nan,4.402185e-03,4.491063e-03,1.509803e-03,2.163224e-04,1.000000e+00,1.218704e-01,3.874969e-02
2.580000e+02,2.960386e-02,1.899108e-04,4.535533e-02,nan,4.373926e-03,4.462226e-03,1.500107e-03,2.149333e-04,1.000000e+00,1.220143e-01,3.457451e-02
2.590000e+02,2.942024e-02,1.885660e-04,4.506541e-02,nan,4.345879e-03,4.433607e-03,1.490484e-03,2.135546e-04,1.000000e+00,1.221573e-01,3.893566e-02
2.600000e+02,2.923790e-02,1.872327e-04,4.477763e-02,3.624292e-02,4.318046e-03,4.405205e-03,1.480935e-03,2.121864e-04,1.000000e+00,1.222993e-01,3.794551e-02
2.610000e+02,2.905684e-02,1.859099e-04,4.449189e-02,nan,4.290418e-03,4.377014e-03,1.471456e-03,2.108284e-04,1.000000e+00,1.224403e-01,3.353548e-02
2.620000e+02,2.887704e-02,1.845985e-04,4.420827e-02,nan,4.263001e-03,4.349037e-03,1.462049e-03,2.094807e-04,9.999997e-01,1.225804e-01,3.151846e-02
2.630000e+02,2.869850e-02,1.832978e-04,4.392668e-02,nan,4.235789e-03,4.321270e-03,1.452713e-03,2.081431e-04,1.000000e+00,1.227196e-01,3.361249e-02
2.640000e+02,2.852120e-02,1.820078e-04,4.364711e-02,nan,4.208779e-03,4.293709e-03,1.443446e-03,2.068154e-04,1.000000e+00,1.228578e-01,2.845788e-02
2.650000e+02,2.834513e-02,1.807286e-04,4.336959e-02,nan,4.181973e-03,4.266356e-03,1.434249e-03,2.054977e-04,1.000000e+00,1.229951e-01,3.026414e-02
2.660000e+02,2.817029e-02,1.794598e-04,4.309406e-02,nan,4.155366e-03,4.239205e-03,1.425120e-03,2.041899e-04,1.000000e+00,1.231316e-01,3.118086e-02
2.670000e+02,2.799667e-02,1.782014e-04,4.282053e-02,nan,4.128959e-03,4.212260e-03,1.416061e-03,2.028919e-04,1.000000e+00,1.232670e-01,3.397107e-02
2.680000e+02,2.782424e-02,1.769532e-04,4.254895e-02,nan,4.102746e-03,4.185512e-03,1.407068e-03,2.016034e-04,1.000000e+00,1.234016e-01,5.520105e-02
2.690000e+02,2.765302e-02,1.757155e-04,4.227933e-02,nan,4.076729e-03,4.158964e-03,1.398141e-03,2.003246e-04,1.000000e+00,1.235353e-01,8.723903e-02
2.700000e+02,2.748297e-02,1.744878e-04,4.201163e-02,3.396361e-02,4.050903e-03,4.132611e-03,1.389281e-03,1.990551e-04,1.000000e+00,1.236682e-01,3.162718e-02
2.710000e+02,2.731411e-02,1.732700e-04,4.174587e-02,nan,4.025269e-03,4.106454e-03,1.380486e-03,1.977951e-04,1.000000e+00,1.238001e-01,3.186822e-02
2.720000e+02,2.714641e-02,1.720619e-04,4.148197e-02,nan,3.999821e-03,4.080486e-03,1.371755e-03,1.965442e-04,1.000000e+00,1.239311e-01,2.982545e-02
2.730000e+02,2.697987e-02,1.708639e-04,4.121998e-02,nan,3.974563e-03,4.054713e-03,1.363090e-03,1.953027e-04,1.000000e+00,1.240613e-01,3.258300e-02
2.740000e+02,2.681447e-02,1.696754e-04,4.095986e-02,nan,3.949488e-03,4.029126e-03,1.354487e-03,1.940702e-04,9.999999e-01,1.241906e-01,2.972531e-02
2.750000e+02,2.665021e-02,1.684966e-04,4.070158e-02,nan,3.924596e-03,4.003727e-03,1.345947e-03,1.928467e-04,9.999998e-01,1.243191e-01,3.011703e-02
2.760000e+02,2.648709e-02,1.673271e-04,4.044515e-02,nan,3.899889e-03,3.978516e-03,1.337471e-03,1.916323e-04,1.000000e+00,1.244467e-01,2.904582e-02
2.770000e+02,2.632508e-02,1.661673e-04,4.019053e-02,nan,3.875364e-03,3.953490e-03,1.329057e-03,1.904268e-04,1.000000e+00,1.245734e-01,4.458737e-02
2.780000e+02,2.616419e-02,1.650168e-04,3.993772e-02,nan,3.851013e-03,3.928642e-03,1.320703e-03,1.892298e-04,9.999999e-01,1.246994e-01,3.873777e-02
2.790000e+02,2.600440e-02,1.638754e-04,3.968670e-02,nan,3.826844e-03,3.903980e-03,1.312411e-03,1.880419e-04,1.000000e+00,1.248244e-01,2.975774e-02
2.800000e+02,2.584570e-02,1.627431e-04,3.943745e-02,3.184598e-02,3.802846e-03,3.879492e-03,1.304178e-03,1.868623e-04,1.000000e+00,1.249487e-01,3.672123e-02
2.810000e+02,2.568809e-02,1.616201e-04,3.918996e-02,nan,3.779024e-03,3.855184e-03,1.296005e-03,1.856914e-04,9.999999e-01,1.250721e-01,4.412174e-02
2.820000e+02,2.553156e-02,1.605059e-04,3.894424e-02,nan,3.755375e-03,3.831053e-03,1.287892e-03,1.845290e-04,1.000000e+00,1.251947e-01,3.415036e-02
2.830000e+02,2.537610e-02,1.594006e-04,3.870024e-02,nan,3.731896e-03,3.807094e-03,1.279837e-03,1.833750e-04,9.999999e-01,1.253165e-01,3.244805e-02
2.840000e+02,2.522169e-02,1.583041e-04,3.845795e-02,nan,3.708583e-03,3.783306e-03,1.271839e-03,1.822291e-04,9.999997e-01,1.254375e-01,3.032804e-02
2.850000e+02,2.506834e-02,1.572162e-04,3.821735e-02,nan,3.685441e-03,3.759692e-03,1.263900e-03,1.810916e-04,9.999999e-01,1.255577e-01,3.571486e-02
2.860000e+02,2.491604e-02,1.561374e-04,3.797849e-02,nan,3.662466e-03,3.736249e-03,1.256018e-03,1.799624e-04,1.000000e+00,1.256772e-01,3.390145e-02
2.870000e+02,2.476476e-02,1.550669e-04,3.774127e-02,nan,3.639656e-03,3.712973e-03,1.248193e-03,1.788413e-04,1.000000e+00,1.257958e-01,3.118563e-02
2.880000e+02,2.461452e-02,1.540047e-04,3.750570e-02,nan,3.617008e-03,3.689863e-03,1.240423e-03,1.777281e-04,9.999998e-01,1.259136e-01,3.241992e-02
2.890000e+02,2.446530e-02,1.529511e-04,3.727181e-02,nan,3.594524e-03,3.666920e-03,1.232710e-03,1.766229e-04,1.000000e+00,1.260307e-01,3.035307e-02
2.900000e+02,2.431708e-02,1.519058e-04,3.703955e-02,2.987661e-02,3.572199e-03,3.644140e-03,1.225051e-03,1.755257e-04,1.000000e+00,1.261469e-01,3.173661e-02
2.910000e+02,2.416987e-02,1.508687e-04,3.680890e-02,nan,3.550032e-03,3.621521e-03,1.217446e-03,1.744361e-04,1.000000e+00,1.262625e-01,3.110766e-02
2.920000e+02,2.402366e-02,1.498396e-04,3.657986e-02,nan,3.528026e-03,3.599066e-03,1.209897e-03,1.733545e-04,1.000000e+00,1.263772e-01,3.787565e-02
2.930000e+02,2.387843e-02,1.488188e-04,3.635243e-02,nan,3.506173e-03,3.576768e-03,1.202400e-03,1.722804e-04,1.000000e+00,1.264912e-01,4.306817e-02
2.940000e+02,2.373419e-02,1.478059e-04,3.612657e-02,nan,3.484475e-03,3.554627e-03,1.194956e-03,1.712140e-04,9.999998e-01,1.266045e-01,4.061675e-02
2.950000e+02,2.359092e-02,1.468011e-04,3.590229e-02,nan,3.462932e-03,3.532644e-03,1.187566e-03,1.701551e-04,9.999999e-01,1.267170e-01,4.749608e-02
2.960000e+02,2.344861e-02,1.458041e-04,3.567957e-02,nan,3.441543e-03,3.510819e-03,1.180228e-03,1.691038e-04,1.000000e+00,1.268288e-01,3.674650e-02
2.970000e+02,2.330727e-02,1.448146e-04,3.545836e-02,nan,3.420300e-03,3.489143e-03,1.172941e-03,1.680598e-04,9.999997e-01,1.269398e-01,3.127193e-02
2.980000e+02,2.316687e-02,1.438331e-04,3.523871e-02,nan,3.399212e-03,3.467625e-03,1.165706e-03,1.670233e-04,1.000000e+00,1.270501e-01,3.380060e-02
2.990000e+02,2.302742e-02,1.428591e-04,3.502057e-02,nan,3.378269e-03,3.446255e-03,1.158521e-03,1.659939e-04,9.999999e-01,1.271597e-01,3.450632e-02
3.000000e+02,2.288890e-02,1.418929e-04,3.480395e-02,2.804346e-02,3.357475e-03,3.425037e-03,1.151388e-03,1.649719e-04,1.000000e+00,1.272685e-01,3.784657e-02
3.010000e+02,2.275131e-02,1.409341e-04,3.458884e-02,nan,3.336827e-03,3.403968e-03,1.144305e-03,1.639571e-04,9.999999e-01,1.273767e-01,3.196931e-02
3.020000e+02,2.261464e-02,1.399826e-04,3.437518e-02,nan,3.316324e-03,3.383046e-03,1.137271e-03,1.629493e-04,1.000000e+00,1.274841e-01,3.212476e-02
3.030000e+02,2.247889e-02,1.390385e-04,3.416301e-02,nan,3.295963e-03,3.362270e-03,1.130286e-03,1.619486e-04,1.000000e+00,1.275908e-01,2.841449e-02
3.040000e+02,2.234405e-02,1.381016e-04,3.395228e-02,nan,3.275743e-03,3.341639e-03,1.123350e-03,1.609548e-04,9.999998e-01,1.276969e-01,3.147435e-02
3.050000e+02,2.221011e-02,1.371721e-04,3.374301e-02,nan,3.255667e-03,3.321153e-03,1.116463e-03,1.599681e-04,1.000000e+00,1.278022e-01,4.673672e-02
3.060000e+02,2.207706e-02,1.362499e-04,3.353519e-02,nan,3.235729e-03,3.300808e-03,1.109623e-03,1.589881e-04,1.000000e+00,1.279069e-01,3.889036e-02
3.070000e+02,2.194490e-02,1.353342e-04,3.332877e-02,nan,3.215931e-03,3.280607e-03,1.102831e-03,1.580151e-04,1.000000e+00,1.280108e-01,3.844905e-02
3.080000e+02,2.181361e-02,1.344262e-04,3.312378e-02,nan,3.196269e-03,3.260544e-03,1.096087e-03,1.570488e-04,1.000000e+00,1.281141e-01,3.060627e-02
3.090000e+02,2.168321e-02,1.335250e-04,3.292022e-02,nan,3.176746e-03,3.240623e-03,1.089389e-03,1.560892e-04,9.999999e-01,1.282167e-01,3.492188e-02
3.100000e+02,2.155367e-02,1.326306e-04,3.271802e-02,2.633564e-02,3.157357e-03,3.220839e-03,1.082738e-03,1.551363e-04,9.999999e-01,1.283186e-01,2.970600e-02
3.110000e+02,2.142499e-02,1.317431e-04,3.251721e-02,nan,3.138100e-03,3.201190e-03,1.076132e-03,1.541898e-04,9.999998e-01,1.284199e-01,3.120375e-02
3.120000e+02,2.129716e-02,1.308624e-04,3.231776e-02,nan,3.118979e-03,3.181678e-03,1.069573e-03,1.532500e-04,1.000000e+00,1.285205e-01,3.177691e-02
3.130000e+02,2.117019e-02,1.299883e-04,3.211969e-02,nan,3.099988e-03,3.162301e-03,1.063058e-03,1.523167e-04,9.999999e-01,1.286205e-01,3.526974e-02
3.140000e+02,2.104405e-02,1.291211e-04,3.192296e-02,nan,3.081129e-03,3.143058e-03,1.056589e-03,1.513898e-04,9.999998e-01,1.287198e-01,3.398561e-02
3.150000e+02,2.091875e-02,1.282602e-04,3.172757e-02,nan,3.062399e-03,3.123946e-03,1.050164e-03,1.504693e-04,1.000000e+00,1.288184e-01,3.268099e-02
3.160000e+02,2.079428e-02,1.274061e-04,3.153351e-02,nan,3.043798e-03,3.104966e-03,1.043783e-03,1.495551e-04,1.000000e+00,1.289164e-01,3.058887e-02
3.170000e+02,2.067063e-02,1.265584e-04,3.134076e-02,nan,3.025324e-03,3.086116e-03,1.037446e-03,1.486471e-04,1.000000e+00,1.290138e-01,3.078866e-02
3.180000e+02,2.054780e-02,1.257170e-04,3.114933e-02,nan,3.006978e-03,3.067396e-03,1.031152e-03,1.477455e-04,1.000000e+00,1.291105e-01,3.302360e-02
3.190000e+02,2.042577e-02,1.248819e-04,3.095917e-02,nan,2.988756e-03,3.048802e-03,1.024901e-03,1.468499e-04,1.000000e+00,1.292066e-01,3.243756e-02
3.200000e+02,2.030455e-02,1.240534e-04,3.077033e-02,2.474337e-02,2.970660e-03,3.030338e-03,1.018694e-03,1.459605e-04,9.999999e-01,1.293021e-01,3.427505e-02
3.210000e+02,2.018413e-02,1.232312e-04,3.058276e-02,nan,2.952688e-03,3.011999e-03,1.012529e-03,1.450772e-04,9.999999e-01,1.293970e-01,3.405452e-02
3.220000e+02,2.006451e-02,1.224150e-04,3.039645e-02,nan,2.934837e-03,2.993785e-03,1.006405e-03,1.441999e-04,1.000000e+00,1.294912e-01,3.217840e-02
3.230000e+02,1.994566e-02,1.216050e-04,3.021141e-02,nan,2.917109e-03,2.975696e-03,1.000324e-03,1.433286e-04,9.999999e-01,1.295848e-01,3.325653e-02
3.240000e+02,1.982760e-02,1.208010e-04,3.002761e-02,nan,2.899499e-03,2.957727e-03,9.942836e-04,1.424632e-04,9.999998e-01,1.296779e-01,3.254700e-02
3.250000e+02,1.971031e-02,1.200032e-04,2.984504e-02,nan,2.882015e-03,2.939887e-03,9.882859e-04,1.416039e-04,1.000000e+00,1.297703e-01,3.485489e-02
3.260000e+02,1.959380e-02,1.192112e-04,2.966373e-02,nan,2.864646e-03,2.922164e-03,9.823277e-04,1.407502e-04,1.000000e+00,1.298621e-01,2.960181e-02
3.270000e+02,1.947804e-02,1.184250e-04,2.948360e-02,nan,2.847390e-03,2.904556e-03,9.764084e-04,1.399022e-04,9.999993e-01,1.299533e-01,2.875233e-02
3.280000e+02,1.936304e-02,1.176452e-04,2.930472e-02,nan,2.830258e-03,2.887076e-03,9.705318e-04,1.390602e-04,9.999998e-01,1.300439e-01,2.827978e-02
3.290000e+02,1.924880e-02,1.168709e-04,2.912702e-02,nan,2.813237e-03,2.869708e-03,9.646932e-04,1.382237e-04,9.999995e-01,1.301340e-01,6.378222e-02
3.300000e+02,1.913530e-02,1.161024e-04,2.895051e-02,2.325774e-02,2.796335e-03,2.852462e-03,9.588952e-04,1.373930e-04,9.999995e-01,1.302234e-01,2.998018e-02
3.310000e+02,1.902254e-02,1.153398e-04,2.877520e-02,nan,2.779547e-03,2.835332e-03,9.531366e-04,1.365679e-04,1.000000e+00,1.303123e-01,2.996039e-02
3.320000e+02,1.891052e-02,1.145828e-04,2.860105e-02,nan,2.762870e-03,2.818316e-03,9.474161e-04,1.357483e-04,9.999998e-01,1.304006e-01,3.003407e-02
3.330000e+02,1.879923e-02,1.138313e-04,2.842806e-02,nan,2.746304e-03,2.801413e-03,9.417336e-04,1.349342e-04,9.999998e-01,1.304883e-01,3.309822e-02
3.340000e+02,1.868866e-02,1.130856e-04,2.825624e-02,nan,2.729853e-03,2.784627e-03,9.360906e-04,1.341257e-04,1.000000e+00,1.305755e-01,2.985406e-02
3.350000e+02,1.857881e-02,1.123453e-04,2.808557e-02,nan,2.713510e-03,2.767951e-03,9.304844e-04,1.333225e-04,9.999997e-01,1.306621e-01,3.053451e-02
3.360000e+02,1.846967e-02,1.116104e-04,2.791603e-02,nan,2.697277e-03,2.751388e-03,9.249164e-04,1.325247e-04,1.000000e+00,1.307481e-01,2.878118e-02
3.370000e+02,1.836125e-02,1.108811e-04,2.774762e-02,nan,2.681155e-03,2.734937e-03,9.193860e-04,1.317324e-04,9.999996e-01,1.308336e-01,2.995658e-02
3.380000e+02,1.825353e-02,1.101573e-04,2.758035e-02,nan,2.665139e-03,2.718596e-03,9.138924e-04,1.309453e-04,9.999997e-01,1.309185e-01,3.013849e-02
3.390000e+02,1.814650e-02,1.094385e-04,2.741417e-02,nan,2.649229e-03,2.702361e-03,9.084348e-04,1.301633e-04,9.999993e-01,1.310029e-01,3.044820e-02
3.400000e+02,1.804017e-02,1.087254e-04,2.724911e-02,2.187067e-02,2.633429e-03,2.686240e-03,9.030153e-04,1.293869e-04,1.000000e+00,1.310868e-01,3.714156e-02
3.410000e+02,1.793453e-02,1.080170e-04,2.708513e-02,nan,2.617728e-03,2.670220e-03,8.976297e-04,1.286153e-04,9.999994e-01,1.311700e-01,2.840471e-02
3.420000e+02,1.782957e-02,1.073143e-04,2.692226e-02,nan,2.602139e-03,2.654314e-03,8.922823e-04,1.278491e-04,9.999998e-01,1.312528e-01,2.974105e-02
3.430000e+02,1.772529e-02,1.066168e-04,2.676046e-02,nan,2.586649e-03,2.638508e-03,8.869689e-04,1.270878e-04,1.000000e+00,1.313350e-01,3.390574e-02
3.440000e+02,1.762168e-02,1.059242e-04,2.659974e-02,nan,2.571262e-03,2.622809e-03,8.816912e-04,1.263317e-04,9.999998e-01,1.314167e-01,4.646564e-02
3.450000e+02,1.751874e-02,1.052365e-04,2.644008e-02,nan,2.555978e-03,2.607214e-03,8.764486e-04,1.255806e-04,9.999995e-01,1.314979e-01,2.978015e-02
3.460000e+02,1.741646e-02,1.045541e-04,2.628147e-02,nan,2.540796e-03,2.591723e-03,8.712409e-04,1.248344e-04,9.999998e-01,1.315785e-01,3.630114e-02
3.470000e+02,1.731485e-02,1.038766e-04,2.612392e-02,nan,2.525715e-03,2.576336e-03,8.660681e-04,1.240933e-04,1.000000e+00,1.316587e-01,3.807735e-02
3.480000e+02,1.721388e-02,1.032041e-04,2.596742e-02,nan,2.510733e-03,2.561048e-03,8.609288e-04,1.233570e-04,9.999996e-01,1.317383e-01,3.334260e-02
3.490000e+02,1.711357e-02,1.025364e-04,2.581193e-02,nan,2.495851e-03,2.545864e-03,8.558244e-04,1.226257e-04,9.999998e-01,1.318174e-01,3.023911e-02
3.500000e+02,1.701390e-02,1.018737e-04,2.565747e-02,2.057479e-02,2.481068e-03,2.530780e-03,8.507536e-04,1.218991e-04,9.999997e-01,1.318959e-01,3.348374e-02
3.510000e+02,1.691487e-02,1.012159e-04,2.550403e-02,nan,2.466381e-03,2.515795e-03,8.457160e-04,1.211774e-04,9.999999e-01,1.319740e-01,3.468492e-01
3.520000e+02,1.681648e-02,1.005628e-04,2.535160e-02,nan,2.451794e-03,2.500911e-03,8.407122e-04,1.204605e-04,1.000000e+00,1.320516e-01,3.060603e-02
3.530000e+02,1.671871e-02,9.991441e-05,2.520018e-02,nan,2.437300e-03,2.486122e-03,8.357408e-04,1.197482e-04,9.999999e-01,1.321287e-01,3.434777e-02
3.540000e+02,1.662158e-02,9.927066e-05,2.504976e-02,nan,2.422900e-03,2.471430e-03,8.308016e-04,1.190405e-04,9.999998e-01,1.322053e-01,3.234625e-02
3.550000e+02,1.652506e-02,9.863156e-05,2.490031e-02,nan,2.408600e-03,2.456839e-03,8.258965e-04,1.183378e-04,1.000000e+00,1.322814e-01,3.674912e-02
3.560000e+02,1.642916e-02,9.799713e-05,2.475184e-02,nan,2.394388e-03,2.442338e-03,8.210218e-04,1.176393e-04,9.999996e-01,1.323570e-01,3.162313e-02
3.570000e+02,1.633388e-02,9.736775e-05,2.460438e-02,nan,2.380274e-03,2.427938e-03,8.161808e-04,1.169457e-04,1.000000e+00,1.324321e-01,3.001785e-02
3.580000e+02,1.623920e-02,9.674243e-05,2.445786e-02,nan,2.366251e-03,2.413630e-03,8.113709e-04,1.162566e-04,9.999997e-01,1.325067e-01,2.883339e-02
3.590000e+02,1.614512e-02,9.612160e-05,2.431230e-02,nan,2.352322e-03,2.399418e-03,8.065932e-04,1.155721e-04,1.000000e+00,1.325809e-01,3.173065e-02
3.600000e+02,1.605165e-02,9.550519e-05,2.416767e-02,1.936338e-02,2.338477e-03,2.385291e-03,8.018444e-04,1.148917e-04,9.999991e-01,1.326546e-01,3.091049e-02
3.610000e+02,1.595877e-02,9.489379e-05,2.402404e-02,nan,2.324731e-03,2.371266e-03,7.971294e-04,1.142162e-04,9.999997e-01,1.327278e-01,3.024459e-02
3.620000e+02,1.586649e-02,9.428614e-05,2.388131e-02,nan,2.311070e-03,2.357327e-03,7.924436e-04,1.135448e-04,9.999996e-01,1.328006e-01,3.189540e-02
3.630000e+02,1.577479e-02,9.368317e-05,2.373951e-02,nan,2.297500e-03,2.343482e-03,7.877892e-04,1.128779e-04,9.999996e-01,1.328728e-01,3.327346e-02
3.640000e+02,1.568367e-02,9.308450e-05,2.359865e-02,nan,2.284018e-03,2.329726e-03,7.831649e-04,1.122154e-04,9.999999e-01,1.329447e-01,3.138971e-02
3.650000e+02,1.559313e-02,9.249015e-05,2.345871e-02,nan,2.270623e-03,2.316059e-03,7.785706e-04,1.115571e-04,9.999998e-01,1.330160e-01,3.023005e-02
3.660000e+02,1.550317e-02,9.189987e-05,2.331967e-02,nan,2.257314e-03,2.302479e-03,7.740055e-04,1.109031e-04,9.999995e-01,1.330869e-01,3.384542e-02
3.670000e+02,1.541377e-02,9.131397e-05,2.318153e-02,nan,2.244093e-03,2.288990e-03,7.694710e-04,1.102534e-04,9.999999e-01,1.331574e-01,3.141952e-02
3.680000e+02,1.532494e-02,9.073229e-05,2.304430e-02,nan,2.230958e-03,2.275588e-03,7.649658e-04,1.096079e-04,9.999996e-01,1.332274e-01,3.067303e-02
3.690000e+02,1.523668e-02,9.015480e-05,2.290797e-02,nan,2.217907e-03,2.262272e-03,7.604891e-04,1.089665e-04,9.999995e-01,1.332969e-01,3.040838e-02
3.700000e+02,1.514897e-02,8.958107e-05,2.277252e-02,1.823027e-02,2.204942e-03,2.249044e-03,7.560423e-04,1.083294e-04,1.000000e+00,1.333660e-01,3.010035e-02
3.710000e+02,1.506182e-02,8.901180e-05,2.263795e-02,nan,2.192061e-03,2.235901e-03,7.516241e-04,1.076964e-04,1.000000e+00,1.334347e-01,3.630972e-02
3.720000e+02,1.497522e-02,8.844627e-05,2.250423e-02,nan,2.179261e-03,2.222842e-03,7.472341e-04,1.070674e-04,1.000000e+00,1.335029e-01,3.138900e-02
3.730000e+02,1.488916e-02,8.788495e-05,2.237139e-02,nan,2.166541e-03,2.209864e-03,7.428712e-04,1.064423e-04,9.999993e-01,1.335707e-01,3.151774e-02
3.740000e+02,1.480365e-02,8.732751e-05,2.223941e-02,nan,2.153908e-03,2.196974e-03,7.385382e-04,1.058215e-04,9.999995e-01,1.336381e-01,2.890563e-02
3.750000e+02,1.471868e-02,8.677431e-05,2.210830e-02,nan,2.141356e-03,2.184167e-03,7.342329e-04,1.052047e-04,9.999998e-01,1.337050e-01,3.187990e-02
3.760000e+02,1.463424e-02,8.622451e-05,2.197801e-02,nan,2.128883e-03,2.171441e-03,7.299549e-04,1.045917e-04,9.999996e-01,1.337715e-01,3.023601e-02
3.770000e+02,1.455033e-02,8.567892e-05,2.184856e-02,nan,2.116488e-03,2.158794e-03,7.257035e-04,1.039826e-04,9.999990e-01,1.338376e-01,3.027081e-02
3.780000e+02,1.446696e-02,8.513761e-05,2.171998e-02,nan,2.104179e-03,2.146236e-03,7.214818e-04,1.033777e-04,1.000000e+00,1.339033e-01,3.016996e-02
3.790000e+02,1.438410e-02,8.459944e-05,2.159221e-02,nan,2.091944e-03,2.133753e-03,7.172854e-04,1.027765e-04,9.999995e-01,1.339685e-01,3.478622e-02
3.800000e+02,1.430177e-02,8.406535e-05,2.146526e-02,1.716983e-02,2.079788e-03,2.121350e-03,7.131161e-04,1.021791e-04,9.999993e-01,1.340334e-01,3.132534e-02
3.810000e+02,1.421995e-02,8.353510e-05,2.133913e-02,nan,2.067712e-03,2.109029e-03,7.089741e-04,1.015857e-04,9.999992e-01,1.340978e-01,3.253889e-02
3.820000e+02,1.413864e-02,8.300856e-05,2.121383e-02,nan,2.055714e-03,2.096788e-03,7.048590e-04,1.009961e-04,9.999998e-01,1.341618e-01,3.476167e-02
3.830000e+02,1.405785e-02,8.248571e-05,2.108931e-02,nan,2.043791e-03,2.084623e-03,7.007697e-04,1.004102e-04,9.999996e-01,1.342254e-01,4.745913e-02
3.840000e+02,1.397756e-02,8.196651e-05,2.096560e-02,nan,2.031944e-03,2.072536e-03,6.967063e-04,9.982800e-05,9.999995e-01,1.342886e-01,2.875924e-02
3.850000e+02,1.389777e-02,8.145097e-05,2.084269e-02,nan,2.020175e-03,2.060528e-03,6.926697e-04,9.924964e-05,9.999998e-01,1.343514e-01,3.197861e-02
3.860000e+02,1.381848e-02,8.093903e-05,2.072056e-02,nan,2.008479e-03,2.048595e-03,6.886585e-04,9.867493e-05,9.999997e-01,1.344138e-01,3.074455e-02
3.870000e+02,1.373969e-02,8.043056e-05,2.059920e-02,nan,1.996856e-03,2.036736e-03,6.846718e-04,9.810373e-05,9.999994e-01,1.344758e-01,2.871490e-02
3.880000e+02,1.366139e-02,7.992589e-05,2.047864e-02,nan,1.985312e-03,2.024959e-03,6.807127e-04,9.753649e-05,1.000000e+00,1.345374e-01,2.969289e-02
3.890000e+02,1.358358e-02,7.942501e-05,2.035888e-02,nan,1.973839e-03,2.013253e-03,6.767777e-04,9.697270e-05,9.999996e-01,1.345986e-01,3.677797e-02
3.900000e+02,1.350625e-02,7.892704e-05,2.023982e-02,1.617687e-02,1.962437e-03,2.001620e-03,6.728671e-04,9.641240e-05,9.999998e-01,1.346595e-01,2.833533e-02
3.910000e+02,1.342940e-02,7.843272e-05,2.012156e-02,nan,1.951110e-03,1.990063e-03,6.689821e-04,9.585577e-05,9.999992e-01,1.347199e-01,3.099012e-02
3.920000e+02,1.335303e-02,7.794216e-05,2.000406e-02,nan,1.939856e-03,1.978581e-03,6.651222e-04,9.530273e-05,9.999996e-01,1.347800e-01,3.065848e-02
3.930000e+02,1.327714e-02,7.745470e-05,1.988729e-02,nan,1.928672e-03,1.967171e-03,6.612866e-04,9.475318e-05,9.999992e-01,1.348397e-01,2.952504e-02
3.940000e+02,1.320172e-02,7.697050e-05,1.977127e-02,nan,1.917558e-03,1.955832e-03,6.574747e-04,9.420703e-05,9.999996e-01,1.348990e-01,3.115630e-02
3.950000e+02,1.312677e-02,7.649009e-05,1.965600e-02,nan,1.906518e-03,1.944567e-03,6.536881e-04,9.366449e-05,9.999996e-01,1.349579e-01,2.827811e-02
3.960000e+02,1.305228e-02,7.601307e-05,1.954148e-02,nan,1.895547e-03,1.933374e-03,6.499254e-04,9.312538e-05,9.999998e-01,1.350165e-01,3.164268e-02
3.970000e+02,1.297826e-02,7.553912e-05,1.942766e-02,nan,1.884643e-03,1.922250e-03,6.461858e-04,9.258959e-05,9.999990e-01,1.350746e-01,3.267694e-02
3.980000e+02,1.290469e-02,7.506842e-05,1.931457e-02,nan,1.873808e-03,1.911195e-03,6.424697e-04,9.205716e-05,9.999992e-01,1.351325e-01,3.043342e-02
3.990000e+02,1.283158e-02,7.460112e-05,1.920222e-02,nan,1.863046e-03,1.900215e-03,6.387784e-04,9.152828e-05,9.999995e-01,1.351899e-01,3.083897e-02
4.000000e+02,1.275892e-02,7.413679e-05,1.909056e-02,1.524664e-02,1.852347e-03,1.889299e-03,6.351091e-04,9.100255e-05,9.999999e-01,1.352470e-01,2.943277e-02
4.010000e+02,1.268672e-02,7.367594e-05,1.897961e-02,nan,1.841719e-03,1.878456e-03,6.314639e-04,9.048028e-05,1.000000e+00,1.353037e-01,3.037143e-02
4.020000e+02,1.261495e-02,7.321807e-05,1.886938e-02,nan,1.831154e-03,1.867678e-03,6.278407e-04,8.996115e-05,9.999991e-01,1.353601e-01,2.988958e-02
4.030000e+02,1.254364e-02,7.276349e-05,1.875983e-02,nan,1.820659e-03,1.856970e-03,6.242412e-04,8.944542e-05,9.999995e-01,1.354161e-01,2.914214e-02
4.040000e+02,1.247276e-02,7.231201e-05,1.865099e-02,nan,1.810229e-03,1.846329e-03,6.206640e-04,8.893289e-05,9.999994e-01,1.354718e-01,3.148031e-02
4.050000e+02,1.240232e-02,7.186357e-05,1.854283e-02,nan,1.799865e-03,1.835755e-03,6.171096e-04,8.842363e-05,9.999995e-01,1.355271e-01,2.990055e-02
4.060000e+02,1.233231e-02,7.141821e-05,1.843536e-02,nan,1.789565e-03,1.825247e-03,6.135771e-04,8.791750e-05,9.999995e-01,1.355821e-01,2.970886e-02
4.070000e+02,1.226274e-02,7.097617e-05,1.832857e-02,nan,1.779333e-03,1.814807e-03,6.100677e-04,8.741469e-05,9.999995e-01,1.356367e-01,2.932286e-02
4.080000e+02,1.219359e-02,7.053703e-05,1.822245e-02,nan,1.769163e-03,1.804432e-03,6.065799e-04,8.691496e-05,9.999996e-01,1.356910e-01,2.771878e-02
4.090000e+02,1.212487e-02,7.010074e-05,1.811700e-02,nan,1.759057e-03,1.794121e-03,6.031137e-04,8.641833e-05,1.000000e+00,1.357449e-01,2.837896e-02
4.100000e+02,1.205657e-02,6.966758e-05,1.801222e-02,1.437476e-02,1.749015e-03,1.783875e-03,5.996697e-04,8.592488e-05,9.999997e-01,1.357985e-01,2.858639e-02
4.110000e+02,1.198869e-02,6.923710e-05,1.790808e-02,nan,1.739032e-03,1.773691e-03,5.962461e-04,8.543435e-05,9.999998e-01,1.358518e-01,3.351688e-02
4.120000e+02,1.192123e-02,6.880998e-05,1.780463e-02,nan,1.729116e-03,1.763574e-03,5.928452e-04,8.494708e-05,9.999992e-01,1.359047e-01,2.966833e-02
4.130000e+02,1.185418e-02,6.838568e-05,1.770182e-02,nan,1.719261e-03,1.753520e-03,5.894655e-04,8.446284e-05,9.999999e-01,1.359573e-01,3.228378e-02
4.140000e+02,1.178754e-02,6.796419e-05,1.759964e-02,nan,1.709466e-03,1.743527e-03,5.861062e-04,8.398153e-05,9.999996e-01,1.360096e-01,3.003526e-02
4.150000e+02,1.172131e-02,6.754560e-05,1.749814e-02,nan,1.699736e-03,1.733600e-03,5.827690e-04,8.350339e-05,9.999995e-01,1.360615e-01,2.873898e-02
4.160000e+02,1.165549e-02,6.712983e-05,1.739725e-02,nan,1.690061e-03,1.723730e-03,5.794511e-04,8.302800e-05,9.999990e-01,1.361131e-01,2.823782e-02
4.170000e+02,1.159007e-02,6.671687e-05,1.729699e-02,nan,1.680449e-03,1.713923e-03,5.761544e-04,8.255566e-05,9.999988e-01,1.361644e-01,2.985215e-02
4.180000e+02,1.152505e-02,6.630686e-05,1.719736e-02,nan,1.670898e-03,1.704179e-03,5.728790e-04,8.208636e-05,9.999991e-01,1.362153e-01,3.057790e-02
4.190000e+02,1.146043e-02,6.589964e-05,1.709838e-02,nan,1.661407e-03,1.694496e-03,5.696238e-04,8.161995e-05,9.999987e-01,1.362660e-01,3.070021e-02
4.200000e+02,1.139620e-02,6.549540e-05,1.700003e-02,1.355718e-02,1.651975e-03,1.684874e-03,5.663893e-04,8.115653e-05,9.999993e-01,1.363163e-01,3.352499e-02
4.210000e+02,1.133236e-02,6.509349e-05,1.690225e-02,nan,1.642600e-03,1.675309e-03,5.631739e-04,8.069583e-05,9.999997e-01,1.363663e-01,2.969122e-02
4.220000e+02,1.126892e-02,6.469448e-05,1.680511e-02,nan,1.633284e-03,1.665805e-03,5.599792e-04,8.023809e-05,9.999990e-01,1.364160e-01,3.652525e-02
4.230000e+02,1.120586e-02,6.429836e-05,1.670858e-02,nan,1.624027e-03,1.656361e-03,5.568044e-04,7.978322e-05,9.999994e-01,1.364654e-01,4.406762e-02
4.240000e+02,1.114318e-02,6.390449e-05,1.661263e-02,nan,1.614825e-03,1.646973e-03,5.536485e-04,7.933104e-05,9.999998e-01,1.365145e-01,2.977610e-02
4.250000e+02,1.108089e-02,6.351372e-05,1.651731e-02,nan,1.605682e-03,1.637645e-03,5.505129e-04,7.888178e-05,9.999998e-01,1.365632e-01,2.872944e-02
4.260000e+02,1.101897e-02,6.312520e-05,1.642256e-02,nan,1.596591e-03,1.628371e-03,5.473952e-04,7.843508e-05,9.999981e-01,1.366117e-01,2.900362e-02
4.270000e+02,1.095743e-02,6.273973e-05,1.632842e-02,nan,1.587564e-03,1.619161e-03,5.442993e-04,7.799150e-05,9.999992e-01,1.366598e-01,2.987576e-02
4.280000e+02,1.089627e-02,6.235668e-05,1.623487e-02,nan,1.578589e-03,1.610005e-03,5.412213e-04,7.755049e-05,9.999987e-01,1.367077e-01,3.248858e-02
4.290000e+02,1.083548e-02,6.197600e-05,1.614188e-02,nan,1.569669e-03,1.600904e-03,5.381622e-04,7.711219e-05,9.999989e-01,1.367553e-01,3.114104e-02
4.300000e+02,1.077505e-02,6.159816e-05,1.604948e-02,1.279020e-02,1.560806e-03,1.591862e-03,5.351226e-04,7.667667e-05,9.999991e-01,1.368025e-01,2.809644e-02
4.310000e+02,1.071500e-02,6.122291e-05,1.595768e-02,nan,1.551998e-03,1.582877e-03,5.321021e-04,7.624390e-05,9.999996e-01,1.368495e-01,3.202605e-02
4.320000e+02,1.065530e-02,6.085026e-05,1.586643e-02,nan,1.543243e-03,1.573945e-03,5.290996e-04,7.581370e-05,9.999990e-01,1.368961e-01,3.113413e-02
4.330000e+02,1.059597e-02,6.047992e-05,1.577575e-02,nan,1.534543e-03,1.565069e-03,5.261158e-04,7.538619e-05,9.999992e-01,1.369425e-01,3.027511e-02
4.340000e+02,1.053700e-02,6.011198e-05,1.568563e-02,nan,1.525896e-03,1.556248e-03,5.231504e-04,7.496130e-05,9.999996e-01,1.369886e-01,3.546953e-02
4.350000e+02,1.047838e-02,5.974663e-05,1.559607e-02,nan,1.517302e-03,1.547480e-03,5.202033e-04,7.453904e-05,9.999993e-01,1.370344e-01,3.455019e-02
4.360000e+02,1.042012e-02,5.938378e-05,1.550707e-02,nan,1.508762e-03,1.538768e-03,5.172746e-04,7.411941e-05,9.999993e-01,1.370799e-01,3.942037e-02
4.370000e+02,1.036221e-02,5.902333e-05,1.541863e-02,nan,1.500273e-03,1.530108e-03,5.143633e-04,7.370229e-05,9.999989e-01,1.371252e-01,3.708005e-02
4.380000e+02,1.030465e-02,5.866535e-05,1.533072e-02,nan,1.491836e-03,1.521501e-03,5.114699e-04,7.328773e-05,9.999987e-01,1.371701e-01,4.806995e-02
4.390000e+02,1.024743e-02,5.830986e-05,1.524338e-02,nan,1.483453e-03,1.512949e-03,5.085951e-04,7.287583e-05,9.999986e-01,1.372148e-01,3.175712e-02
4.400000e+02,1.019056e-02,5.795642e-05,1.515654e-02,1.207035e-02,1.475121e-03,1.504448e-03,5.057377e-04,7.246642e-05,9.999995e-01,1.372592e-01,3.147244e-02
4.410000e+02,1.013404e-02,5.760553e-05,1.507027e-02,nan,1.466838e-03,1.495998e-03,5.028972e-04,7.205943e-05,9.999982e-01,1.373033e-01,3.499579e-02
4.420000e+02,1.007785e-02,5.725697e-05,1.498453e-02,nan,1.458608e-03,1.487603e-03,5.000748e-04,7.165504e-05,9.999985e-01,1.373471e-01,3.418803e-02
4.430000e+02,1.002201e-02,5.691087e-05,1.489932e-02,nan,1.450430e-03,1.479259e-03,4.972702e-04,7.125319e-05,9.999989e-01,1.373907e-01,3.283620e-02
4.440000e+02,9.966496e-03,5.656687e-05,1.481462e-02,nan,1.442299e-03,1.470964e-03,4.944817e-04,7.085366e-05,9.999987e-01,1.374340e-01,3.617477e-02
4.450000e+02,9.911318e-03,5.622528e-05,1.473047e-02,nan,1.434220e-03,1.462723e-03,4.917112e-04,7.045671e-05,9.999993e-01,1.374770e-01,3.307891e-02
4.460000e+02,9.856472e-03,5.588585e-05,1.464681e-02,nan,1.426188e-03,1.454528e-03,4.889565e-04,7.006201e-05,9.999991e-01,1.375198e-01,3.158855e-02
4.470000e+02,9.801955e-03,5.554888e-05,1.456369e-02,nan,1.418208e-03,1.446387e-03,4.862199e-04,6.966991e-05,9.999992e-01,1.375623e-01,3.063846e-02
4.480000e+02,9.747765e-03,5.521396e-05,1.448107e-02,nan,1.410274e-03,1.438293e-03,4.834990e-04,6.928006e-05,9.999985e-01,1.376045e-01,3.005290e-02
4.490000e+02,9.693901e-03,5.488152e-05,1.439897e-02,nan,1.402390e-03,1.430250e-03,4.807953e-04,6.889267e-05,9.999987e-01,1.376465e-01,3.421068e-02
4.500000e+02,9.640358e-03,5.455102e-05,1.431736e-02,1.139446e-02,1.394552e-03,1.422255e-03,4.781076e-04,6.850757e-05,9.999986e-01,1.376882e-01,4.625654e-02
4.510000e+02,9.587137e-03,5.422291e-05,1.423626e-02,nan,1.386764e-03,1.414310e-03,4.754369e-04,6.812491e-05,9.999988e-01,1.377297e-01,3.815389e-02
4.520000e+02,9.534234e-03,5.389690e-05,1.415567e-02,nan,1.379022e-03,1.406411e-03,4.727818e-04,6.774450e-05,9.999981e-01,1.377708e-01,3.095937e-02
4.530000e+02,9.481647e-03,5.357295e-05,1.407555e-02,nan,1.371329e-03,1.398563e-03,4.701436e-04,6.736649e-05,9.999982e-01,1.378118e-01,3.928399e-02
4.540000e+02,9.429375e-03,5.325124e-05,1.399594e-02,nan,1.363684e-03,1.390764e-03,4.675218e-04,6.699084e-05,9.999997e-01,1.378525e-01,3.296137e-02
4.550000e+02,9.377416e-03,5.293140e-05,1.391679e-02,nan,1.356079e-03,1.383006e-03,4.649140e-04,6.661719e-05,9.999987e-01,1.378929e-01,4.349422e-02
4.560000e+02,9.325766e-03,5.261393e-05,1.383816e-02,nan,1.348526e-03,1.375301e-03,4.623237e-04,6.624604e-05,9.999990e-01,1.379331e-01,3.849912e-02
4.570000e+02,9.274425e-03,5.229843e-05,1.376000e-02,nan,1.341018e-03,1.367642e-03,4.597493e-04,6.587718e-05,9.999989e-01,1.379730e-01,3.425479e-02
4.580000e+02,9.223390e-03,5.198514e-05,1.368232e-02,nan,1.333555e-03,1.360028e-03,4.571897e-04,6.551045e-05,9.999991e-01,1.380127e-01,4.394317e-02
4.590000e+02,9.172659e-03,5.167369e-05,1.360511e-02,nan,1.326137e-03,1.352461e-03,4.546459e-04,6.514597e-05,9.999988e-01,1.380521e-01,4.663444e-02
4.600000e+02,9.122230e-03,5.136455e-05,1.352839e-02,1.075960e-02,1.318765e-03,1.344941e-03,4.521179e-04,6.478375e-05,9.999991e-01,1.380913e-01,4.320550e-02
4.610000e+02,9.072102e-03,5.105727e-05,1.345213e-02,nan,1.311435e-03,1.337463e-03,4.496042e-04,6.442359e-05,9.999985e-01,1.381303e-01,5.099273e-02
4.620000e+02,9.022272e-03,5.075194e-05,1.337631e-02,nan,1.304150e-03,1.330031e-03,4.471060e-04,6.406564e-05,9.999982e-01,1.381690e-01,3.478241e-02
4.630000e+02,8.972738e-03,5.044886e-05,1.330099e-02,nan,1.296914e-03,1.322650e-03,4.446248e-04,6.371013e-05,9.999996e-01,1.382075e-01,3.397632e-02
4.640000e+02,8.923498e-03,5.014778e-05,1.322611e-02,nan,1.289716e-03,1.315306e-03,4.421562e-04,6.335642e-05,9.999987e-01,1.382457e-01,2.946734e-02
4.650000e+02,8.874551e-03,4.984838e-05,1.315168e-02,nan,1.282562e-03,1.308009e-03,4.397031e-04,6.300494e-05,9.999982e-01,1.382837e-01,3.247666e-02
4.660000e+02,8.825895e-03,4.955106e-05,1.307772e-02,nan,1.275454e-03,1.300758e-03,4.372657e-04,6.265571e-05,9.999996e-01,1.383215e-01,3.316045e-02
4.670000e+02,8.777527e-03,4.925585e-05,1.300421e-02,nan,1.268388e-03,1.293550e-03,4.348425e-04,6.230851e-05,9.999985e-01,1.383590e-01,3.194809e-02
4.680000e+02,8.729446e-03,4.896249e-05,1.293115e-02,nan,1.261366e-03,1.286386e-03,4.324344e-04,6.196348e-05,9.999991e-01,1.383963e-01,3.218722e-02
4.690000e+02,8.681650e-03,4.867106e-05,1.285853e-02,nan,1.254383e-03,1.279263e-03,4.300398e-04,6.162037e-05,9.999986e-01,1.384333e-01,3.134847e-02
4.700000e+02,8.634137e-03,4.838137e-05,1.278634e-02,1.016302e-02,1.247443e-03,1.272183e-03,4.276599e-04,6.127937e-05,9.999990e-01,1.384702e-01,3.021359e-02
4.710000e+02,8.586905e-03,4.809380e-05,1.271461e-02,nan,1.240545e-03,1.265147e-03,4.252946e-04,6.094047e-05,9.999980e-01,1.385068e-01,2.997160e-02
4.720000e+02,8.539952e-03,4.780805e-05,1.264331e-02,nan,1.233691e-03,1.258155e-03,4.229442e-04,6.060370e-05,9.999990e-01,1.385432e-01,3.029561e-02
4.730000e+02,8.493277e-03,4.752396e-05,1.257242e-02,nan,1.226874e-03,1.251201e-03,4.206066e-04,6.026877e-05,9.999987e-01,1.385793e-01,3.314042e-02
4.740000e+02,8.446878e-03,4.724163e-05,1.250198e-02,nan,1.220098e-03,1.244288e-03,4.182830e-04,5.993584e-05,9.999979e-01,1.386153e-01,3.042650e-02
4.750000e+02,8.400753e-03,4.696154e-05,1.243197e-02,nan,1.213366e-03,1.237421e-03,4.159745e-04,5.960507e-05,9.999982e-01,1.386510e-01,3.092337e-02
4.760000e+02,8.354901e-03,4.668313e-05,1.236237e-02,nan,1.206673e-03,1.230593e-03,4.136792e-04,5.927620e-05,9.999986e-01,1.386865e-01,3.172517e-02
4.770000e+02,8.309318e-03,4.640647e-05,1.229320e-02,nan,1.200018e-03,1.223805e-03,4.113973e-04,5.894924e-05,9.999979e-01,1.387218e-01,2.918291e-02
4.780000e+02,8.264004e-03,4.613185e-05,1.222447e-02,nan,1.193407e-03,1.217060e-03,4.091301e-04,5.862439e-05,9.999980e-01,1.387568e-01,2.907300e-02
4.790000e+02,8.218958e-03,4.585868e-05,1.215613e-02,nan,1.186831e-03,1.210353e-03,4.068752e-04,5.830131e-05,9.999986e-01,1.387917e-01,2.785373e-02
4.800000e+02,8.174176e-03,4.558758e-05,1.208822e-02,9.602230e-03,1.180298e-03,1.203688e-03,4.046349e-04,5.798032e-05,9.999983e-01,1.388263e-01,2.833152e-02
4.810000e+02,8.129658e-03,4.531787e-05,1.202070e-02,nan,1.173800e-03,1.197059e-03,4.024066e-04,5.766103e-05,9.999977e-01,1.388607e-01,3.422022e-02
4.820000e+02,8.085402e-03,4.505032e-05,1.195361e-02,nan,1.167347e-03,1.190477e-03,4.001938e-04,5.734398e-05,9.999993e-01,1.388949e-01,2.917957e-02
4.830000e+02,8.041406e-03,4.478417e-05,1.188691e-02,nan,1.160926e-03,1.183927e-03,3.979919e-04,5.702849e-05,9.999979e-01,1.389289e-01,3.537631e-02
4.840000e+02,7.997668e-03,4.451998e-05,1.182062e-02,nan,1.154547e-03,1.177420e-03,3.958047e-04,5.671510e-05,9.999991e-01,1.389627e-01,3.176785e-02
4.850000e+02,7.954187e-03,4.425722e-05,1.175472e-02,nan,1.148203e-03,1.170949e-03,3.936293e-04,5.640340e-05,9.999991e-01,1.389963e-01,2.832079e-02
4.860000e+02,7.910961e-03,4.399623e-05,1.168921e-02,nan,1.141896e-03,1.164515e-03,3.914664e-04,5.609350e-05,9.999979e-01,1.390296e-01,3.025174e-02
4.870000e+02,7.867989e-03,4.373720e-05,1.162411e-02,nan,1.135629e-03,1.158122e-03,3.893175e-04,5.578560e-05,9.999984e-01,1.390628e-01,3.499317e-02
4.880000e+02,7.825269e-03,4.347980e-05,1.155941e-02,nan,1.129401e-03,1.151769e-03,3.871818e-04,5.547958e-05,9.999987e-01,1.390957e-01,3.294635e-02
4.890000e+02,7.782799e-03,4.322379e-05,1.149509e-02,nan,1.123205e-03,1.145448e-03,3.850572e-04,5.517517e-05,9.999979e-01,1.391285e-01,3.156853e-02
4.900000e+02,7.740577e-03,4.296954e-05,1.143115e-02,9.074866e-03,1.117048e-03,1.139168e-03,3.829459e-04,5.487266e-05,9.999972e-01,1.391611e-01,3.100610e-02
4.910000e+02,7.698603e-03,4.271690e-05,1.136760e-02,nan,1.110929e-03,1.132925e-03,3.808475e-04,5.457199e-05,9.999985e-01,1.391934e-01,3.098249e-02
4.920000e+02,7.656874e-03,4.246596e-05,1.130443e-02,nan,1.104845e-03,1.126720e-03,3.787616e-04,5.427311e-05,9.999982e-01,1.392256e-01,3.068948e-02
4.930000e+02,7.615389e-03,4.221655e-05,1.124164e-02,nan,1.098796e-03,1.120550e-03,3.766873e-04,5.397590e-05,9.999982e-01,1.392575e-01,3.323865e-02
4.940000e+02,7.574146e-03,4.196906e-05,1.117924e-02,nan,1.092785e-03,1.114418e-03,3.746260e-04,5.368055e-05,9.999982e-01,1.392893e-01,2.820063e-02
4.950000e+02,7.533145e-03,4.172270e-05,1.111720e-02,nan,1.086807e-03,1.108320e-03,3.725763e-04,5.338686e-05,9.999979e-01,1.393209e-01,3.024840e-02
4.960000e+02,7.492382e-03,4.147804e-05,1.105553e-02,nan,1.080866e-03,1.102259e-03,3.705389e-04,5.309494e-05,9.999987e-01,1.393523e-01,2.958012e-02
4.970000e+02,7.451857e-03,4.123521e-05,1.099425e-02,nan,1.074960e-03,1.096235e-03,3.685137e-04,5.280476e-05,9.999986e-01,1.393834e-01,3.272724e-02
4.980000e+02,7.411569e-03,4.099348e-05,1.093330e-02,nan,1.069086e-03,1.090243e-03,3.664995e-04,5.251616e-05,9.999978e-01,1.394144e-01,3.224659e-02
4.990000e+02,7.371515e-03,4.075374e-05,1.087274e-02,nan,1.063251e-03,1.084291e-03,3.644988e-04,5.222949e-05,9.999984e-01,1.394452e-01,2.987647e-02
5.000000e+02,7.331694e-03,4.051526e-05,1.081253e-02,8.578764e-03,1.057445e-03,1.078369e-03,3.625079e-04,5.194422e-05,9.999976e-01,1.394758e-01,2.878046e-02
5.010000e+02,7.292105e-03,4.027856e-05,1.075271e-02,nan,1.051678e-03,1.072486e-03,3.605304e-04,5.166089e-05,9.999982e-01,1.395063e-01,3.187084e-02
5.020000e+02,7.252746e-03,4.004328e-05,1.069322e-02,nan,1.045943e-03,1.066636e-03,3.585640e-04,5.137913e-05,9.999989e-01,1.395365e-01,3.050423e-02
5.030000e+02,7.213617e-03,3.980931e-05,1.063409e-02,nan,1.040242e-03,1.060820e-03,3.566088e-04,5.109899e-05,9.999980e-01,1.395666e-01,2.977371e-02
5.040000e+02,7.174714e-03,3.957700e-05,1.057531e-02,nan,1.034573e-03,1.055038e-03,3.546650e-04,5.082047e-05,9.999973e-01,1.395964e-01,3.478456e-02
5.050000e+02,7.136038e-03,3.934588e-05,1.051687e-02,nan,1.028938e-03,1.049289e-03,3.527327e-04,5.054360e-05,9.999983e-01,1.396261e-01,3.343487e-02
5.060000e+02,7.097585e-03,3.911674e-05,1.045880e-02,nan,1.023338e-03,1.043578e-03,3.508127e-04,5.026850e-05,9.999985e-01,1.396556e-01,3.210783e-02
5.070000e+02,7.059356e-03,3.888882e-05,1.040108e-02,nan,1.017768e-03,1.037896e-03,3.489028e-04,4.999484e-05,9.999975e-01,1.396850e-01,3.312993e-02
5.080000e+02,7.021349e-03,3.866236e-05,1.034368e-02,nan,1.012233e-03,1.032250e-03,3.470048e-04,4.972289e-05,9.999980e-01,1.397141e-01,3.577018e-02
5.090000e+02,6.983561e-03,3.843730e-05,1.028664e-02,nan,1.006729e-03,1.026636e-03,3.451175e-04,4.945247e-05,9.999976e-01,1.397431e-01,3.363156e-02
5.100000e+02,6.945993e-03,3.821378e-05,1.022994e-02,8.111889e-03,1.001257e-03,1.021055e-03,3.432413e-04,4.918364e-05,9.999973e-01,1.397719e-01,3.064513e-02
5.110000e+02,6.908641e-03,3.799165e-05,1.017357e-02,nan,9.958187e-04,1.015507e-03,3.413764e-04,4.891643e-05,9.999985e-01,1.398005e-01,3.589511e-02
5.120000e+02,6.871506e-03,3.777087e-05,1.011753e-02,nan,9.904111e-04,1.009991e-03,3.395222e-04,4.865075e-05,9.999985e-01,1.398290e-01,3.152657e-02
5.130000e+02,6.834586e-03,3.755139e-05,1.006183e-02,nan,9.850331e-04,1.004505e-03,3.376781e-04,4.838652e-05,9.999974e-01,1.398572e-01,2.753043e-02
5.140000e+02,6.797879e-03,3.733336e-05,1.000645e-02,nan,9.796894e-04,9.990544e-04,3.358458e-04,4.812398e-05,9.999979e-01,1.398853e-01,3.460407e-02
5.150000e+02,6.761384e-03,3.711675e-05,9.951407e-03,nan,9.743755e-04,9.936341e-04,3.340237e-04,4.786291e-05,9.999979e-01,1.399133e-01,4.027820e-02
5.160000e+02,6.725099e-03,3.690159e-05,9.896691e-03,nan,9.690930e-04,9.882457e-04,3.322124e-04,4.760337e-05,9.999977e-01,1.399410e-01,4.664302e-02
5.170000e+02,6.689024e-03,3.668766e-05,9.842304e-03,nan,9.638418e-04,9.828894e-04,3.304118e-04,4.734537e-05,9.999980e-01,1.399686e-01,4.812741e-02
5.180000e+02,6.653157e-03,3.647516e-05,9.788232e-03,nan,9.586204e-04,9.775634e-04,3.286214e-04,4.708884e-05,9.999984e-01,1.399960e-01,4.128337e-02
5.190000e+02,6.617497e-03,3.626384e-05,9.734471e-03,nan,9.534264e-04,9.722654e-04,3.268405e-04,4.683366e-05,9.999967e-01,1.400233e-01,3.886342e-02
5.200000e+02,6.582042e-03,3.605428e-05,9.681064e-03,7.672387e-03,9.482676e-04,9.670033e-04,3.250716e-04,4.658020e-05,9.999962e-01,1.400504e-01,4.147243e-02
5.210000e+02,6.546791e-03,3.584575e-05,9.627936e-03,nan,9.431382e-04,9.617712e-04,3.233128e-04,4.632819e-05,9.999985e-01,1.400773e-01,3.500152e-02
5.220000e+02,6.511743e-03,3.563846e-05,9.575125e-03,nan,9.380345e-04,9.565654e-04,3.215628e-04,4.607745e-05,9.999969e-01,1.401040e-01,3.156042e-02
5.230000e+02,6.476897e-03,3.543259e-05,9.522649e-03,nan,9.329655e-04,9.513950e-04,3.198247e-04,4.582841e-05,9.999977e-01,1.401306e-01,4.257488e-02
5.240000e+02,6.442251e-03,3.522815e-05,9.470475e-03,nan,9.279233e-04,9.462519e-04,3.180958e-04,4.558069e-05,9.999967e-01,1.401571e-01,3.324795e-02
5.250000e+02,6.407804e-03,3.502478e-05,9.418595e-03,nan,9.229112e-04,9.411394e-04,3.163773e-04,4.533444e-05,9.999976e-01,1.401833e-01,3.369427e-02
5.260000e+02,6.373554e-03,3.482268e-05,9.367027e-03,nan,9.179259e-04,9.360544e-04,3.146679e-04,4.508951e-05,9.999970e-01,1.402095e-01,3.490520e-02
5.270000e+02,6.339501e-03,3.462198e-05,9.315767e-03,nan,9.129735e-04,9.310029e-04,3.129698e-04,4.484620e-05,9.999975e-01,1.402354e-01,3.100705e-02
5.280000e+02,6.305644e-03,3.442275e-05,9.264822e-03,nan,9.080490e-04,9.259800e-04,3.112813e-04,4.460426e-05,9.999979e-01,1.402612e-01,5.157042e-02
5.290000e+02,6.271980e-03,3.422440e-05,9.214153e-03,nan,9.031517e-04,9.209847e-04,3.096021e-04,4.436366e-05,9.999974e-01,1.402868e-01,2.946234e-02
5.300000e+02,6.238509e-03,3.402755e-05,9.163798e-03,7.258523e-03,8.982809e-04,9.160165e-04,3.079320e-04,4.412435e-05,9.999972e-01,1.403123e-01,3.526950e-02
5.310000e+02,6.205230e-03,3.383181e-05,9.113743e-03,nan,8.934409e-04,9.110796e-04,3.062724e-04,4.388656e-05,9.999971e-01,1.403377e-01,3.579068e-02
5.320000e+02,6.172142e-03,3.363717e-05,9.063964e-03,nan,8.886280e-04,9.061705e-04,3.046222e-04,4.365011e-05,9.999969e-01,1.403628e-01,3.450704e-02
5.330000e+02,6.139243e-03,3.344388e-05,9.014477e-03,nan,8.838439e-04,9.012907e-04,3.029818e-04,4.341507e-05,9.999973e-01,1.403879e-01,9.134865e-02
5.340000e+02,6.106531e-03,3.325183e-05,8.965302e-03,nan,8.790856e-04,8.964373e-04,3.013503e-04,4.318129e-05,9.999968e-01,1.404127e-01,4.037070e-02
5.350000e+02,6.074007e-03,3.306099e-05,8.916397e-03,nan,8.743561e-04,8.916132e-04,2.997286e-04,4.294893e-05,9.999967e-01,1.404375e-01,4.550457e-02
5.360000e+02,6.041668e-03,3.287141e-05,8.867786e-03,nan,8.696545e-04,8.868176e-04,2.981166e-04,4.271795e-05,9.999976e-01,1.404620e-01,4.970241e-02
5.370000e+02,6.009515e-03,3.268287e-05,8.819465e-03,nan,8.649790e-04,8.820487e-04,2.965134e-04,4.248824e-05,9.999961e-01,1.404865e-01,3.056908e-02
5.380000e+02,5.977544e-03,3.249557e-05,8.771428e-03,nan,8.603305e-04,8.773072e-04,2.949196e-04,4.225986e-05,9.999964e-01,1.405107e-01,3.028703e-02
5.390000e+02,5.945756e-03,3.230934e-05,8.723661e-03,nan,8.557100e-04,8.725944e-04,2.933353e-04,4.203286e-05,9.999974e-01,1.405349e-01,2.832723e-02
5.400000e+02,5.914149e-03,3.212446e-05,8.676188e-03,6.868642e-03,8.511155e-04,8.679081e-04,2.917600e-04,4.180714e-05,9.999974e-01,1.405589e-01,3.908920e-02
5.410000e+02,5.882722e-03,3.194083e-05,8.628992e-03,nan,8.465483e-04,8.632497e-04,2.901940e-04,4.158276e-05,9.999963e-01,1.405827e-01,2.965069e-02
5.420000e+02,5.851473e-03,3.175813e-05,8.582066e-03,nan,8.420061e-04,8.586168e-04,2.886366e-04,4.135961e-05,9.999965e-01,1.406064e-01,3.935719e-02
5.430000e+02,5.820403e-03,3.157641e-05,8.535400e-03,nan,8.374879e-04,8.540082e-04,2.870874e-04,4.113763e-05,9.999976e-01,1.406299e-01,3.200841e-02
5.440000e+02,5.789509e-03,3.139619e-05,8.489023e-03,nan,8.329999e-04,8.494306e-04,2.855486e-04,4.091714e-05,9.999975e-01,1.406533e-01,4.203796e-02
5.450000e+02,5.758791e-03,3.121683e-05,8.442924e-03,nan,8.285344e-04,8.448759e-04,2.840175e-04,4.069775e-05,9.999957e-01,1.406766e-01,3.628016e-02
5.460000e+02,5.728248e-03,3.103886e-05,8.397092e-03,nan,8.240982e-04,8.403511e-04,2.824965e-04,4.047981e-05,9.999971e-01,1.406997e-01,3.400278e-02
5.470000e+02,5.697877e-03,3.086165e-05,8.351507e-03,nan,8.196829e-04,8.358476e-04,2.809826e-04,4.026289e-05,9.999959e-01,1.407227e-01,4.220366e-02
5.480000e+02,5.667680e-03,3.068566e-05,8.306203e-03,nan,8.152968e-04,8.313740e-04,2.794787e-04,4.004741e-05,9.999965e-01,1.407456e-01,3.425884e-02
5.490000e+02,5.637653e-03,3.051079e-05,8.261164e-03,nan,8.109346e-04,8.269247e-04,2.779831e-04,3.983310e-05,9.999973e-01,1.407683e-01,3.140783e-02
5.500000e+02,5.607797e-03,3.033700e-05,8.216382e-03,6.501249e-03,8.065973e-04,8.225008e-04,2.764959e-04,3.962001e-05,9.999967e-01,1.407909e-01,3.277683e-02
5.510000e+02,5.578110e-03,3.016424e-05,8.171862e-03,nan,8.022824e-04,8.180998e-04,2.750165e-04,3.940803e-05,9.999959e-01,1.408133e-01,5.576944e-02
5.520000e+02,5.548592e-03,2.999261e-05,8.127607e-03,nan,7.979975e-04,8.137293e-04,2.735473e-04,3.919752e-05,9.999973e-01,1.408356e-01,6.892252e-02
5.530000e+02,5.519240e-03,2.982195e-05,8.083595e-03,nan,7.937319e-04,8.093786e-04,2.720848e-04,3.898796e-05,9.999956e-01,1.408578e-01,3.107834e-02
5.540000e+02,5.490055e-03,2.965247e-05,8.039853e-03,nan,7.894937e-04,8.050558e-04,2.706316e-04,3.877974e-05,9.999962e-01,1.408798e-01,3.722072e-02
5.550000e+02,5.461034e-03,2.948386e-05,7.996368e-03,nan,7.852782e-04,8.007562e-04,2.691863e-04,3.857265e-05,9.999958e-01,1.409017e-01,4.017878e-02
5.560000e+02,5.432178e-03,2.931643e-05,7.953118e-03,nan,7.810890e-04,7.964835e-04,2.677500e-04,3.836684e-05,9.999961e-01,1.409235e-01,3.541851e-02
5.570000e+02,5.403485e-03,2.914997e-05,7.910133e-03,nan,7.769219e-04,7.922332e-04,2.663212e-04,3.816212e-05,9.999960e-01,1.409451e-01,3.351951e-02
5.580000e+02,5.374954e-03,2.898456e-05,7.867401e-03,nan,7.727794e-04,7.880080e-04,2.649009e-04,3.795860e-05,9.999964e-01,1.409666e-01,3.063464e-02
5.590000e+02,5.346584e-03,2.882018e-05,7.824899e-03,nan,7.686596e-04,7.838061e-04,2.634884e-04,3.775620e-05,9.999959e-01,1.409880e-01,3.483534e-02
5.600000e+02,5.318374e-03,2.865696e-05,7.782659e-03,6.154930e-03,7.645645e-04,7.796293e-04,2.620843e-04,3.755502e-05,9.999965e-01,1.410093e-01,3.198338e-02
5.610000e+02,5.290324e-03,2.849409e-05,7.740635e-03,nan,7.604900e-04,7.754736e-04,2.606873e-04,3.735485e-05,9.999950e-01,1.410304e-01,4.240727e-02
5.620000e+02,5.262431e-03,2.833292e-05,7.698892e-03,nan,7.564416e-04,7.713443e-04,2.592992e-04,3.715596e-05,9.999965e-01,1.410514e-01,4.149365e-02
5.630000e+02,5.234696e-03,2.817250e-05,7.657379e-03,nan,7.524172e-04,7.672397e-04,2.579194e-04,3.695825e-05,9.999963e-01,1.410722e-01,3.146267e-02
5.640000e+02,5.207117e-03,2.801305e-05,7.616101e-03,nan,7.484141e-04,7.631568e-04,2.565469e-04,3.676159e-05,9.999969e-01,1.410930e-01,3.360224e-02
5.650000e+02,5.179693e-03,2.785480e-05,7.575077e-03,nan,7.444344e-04,7.590978e-04,2.551824e-04,3.656607e-05,9.999964e-01,1.411136e-01,2.970171e-02
5.660000e+02,5.152424e-03,2.769724e-05,7.534266e-03,nan,7.404736e-04,7.550580e-04,2.538244e-04,3.637149e-05,9.999950e-01,1.411341e-01,3.285480e-02
5.670000e+02,5.125308e-03,2.754061e-05,7.493697e-03,nan,7.365402e-04,7.510462e-04,2.524759e-04,3.617825e-05,9.999958e-01,1.411545e-01,3.416228e-02
5.680000e+02,5.098344e-03,2.738521e-05,7.453376e-03,nan,7.326271e-04,7.470551e-04,2.511342e-04,3.598601e-05,9.999956e-01,1.411747e-01,3.386617e-02
5.690000e+02,5.071532e-03,2.723071e-05,7.413284e-03,nan,7.287376e-04,7.430881e-04,2.498007e-04,3.579493e-05,9.999959e-01,1.411948e-01,3.315353e-02
5.700000e+02,5.044871e-03,2.707695e-05,7.373406e-03,5.828388e-03,7.248678e-04,7.391412e-04,2.484739e-04,3.560482e-05,9.999958e-01,1.412148e-01,2.957177e-02
5.710000e+02,5.018359e-03,2.692418e-05,7.333775e-03,nan,7.210204e-04,7.352171e-04,2.471547e-04,3.541581e-05,9.999950e-01,1.412347e-01,4.113674e-02
5.720000e+02,4.991996e-03,2.677235e-05,7.294360e-03,nan,7.171950e-04,7.313155e-04,2.458432e-04,3.522788e-05,9.999945e-01,1.412545e-01,4.398203e-02
5.730000e+02,4.965781e-03,2.662148e-05,7.255180e-03,nan,7.133919e-04,7.274366e-04,2.445393e-04,3.504104e-05,9.999947e-01,1.412741e-01,4.053378e-02
5.740000e+02,4.939713e-03,2.647161e-05,7.216221e-03,nan,7.096099e-04,7.235793e-04,2.432426e-04,3.485524e-05,9.999939e-01,1.412937e-01,3.766227e-02
5.750000e+02,4.913791e-03,2.632284e-05,7.177503e-03,nan,7.058517e-04,7.197462e-04,2.419541e-04,3.467061e-05,9.999955e-01,1.413131e-01,3.287530e-02
5.760000e+02,4.888014e-03,2.617461e-05,7.138992e-03,nan,7.021131e-04,7.159332e-04,2.406723e-04,3.448695e-05,9.999959e-01,1.413324e-01,3.087687e-02
5.770000e+02,4.862381e-03,2.602733e-05,7.100699e-03,nan,6.983938e-04,7.121398e-04,2.393971e-04,3.430423e-05,9.999958e-01,1.413516e-01,3.043461e-02
5.780000e+02,4.836892e-03,2.588102e-05,7.062630e-03,nan,6.946968e-04,7.083692e-04,2.381296e-04,3.412261e-05,9.999941e-01,1.413706e-01,3.109217e-02
5.790000e+02,4.811545e-03,2.573564e-05,7.024786e-03,nan,6.910221e-04,7.046213e-04,2.368697e-04,3.394208e-05,9.999958e-01,1.413896e-01,2.842259e-02
5.800000e+02,4.786340e-03,2.559117e-05,6.987160e-03,5.520389e-03,6.873671e-04,7.008936e-04,2.356166e-04,3.376253e-05,9.999963e-01,1.414084e-01,3.081512e-02
5.810000e+02,4.761276e-03,2.544748e-05,6.949746e-03,nan,6.837334e-04,6.971875e-04,2.343707e-04,3.358401e-05,9.999966e-01,1.414271e-01,3.311443e-02
5.820000e+02,4.736352e-03,2.530460e-05,6.912538e-03,nan,6.801184e-04,6.935005e-04,2.331313e-04,3.340642e-05,9.999958e-01,1.414458e-01,2.951932e-02
5.830000e+02,4.711567e-03,2.516265e-05,6.875543e-03,nan,6.765229e-04,6.898335e-04,2.318986e-04,3.322979e-05,9.999945e-01,1.414643e-01,3.054643e-02
5.840000e+02,4.686921e-03,2.502156e-05,6.838767e-03,nan,6.729501e-04,6.861896e-04,2.306737e-04,3.305427e-05,9.999953e-01,1.414826e-01,2.920914e-02
5.850000e+02,4.662412e-03,2.488146e-05,6.802207e-03,nan,6.693965e-04,6.825652e-04,2.294553e-04,3.287969e-05,9.999942e-01,1.415009e-01,3.135896e-02
5.860000e+02,4.638039e-03,2.474212e-05,6.765852e-03,nan,6.658626e-04,6.789610e-04,2.282437e-04,3.270609e-05,9.999945e-01,1.415191e-01,2.841592e-02
5.870000e+02,4.613803e-03,2.460363e-05,6.729702e-03,nan,6.623509e-04,6.753795e-04,2.270398e-04,3.253357e-05,9.999961e-01,1.415372e-01,3.429556e-02
5.880000e+02,4.589701e-03,2.446588e-05,6.693760e-03,nan,6.588571e-04,6.718161e-04,2.258419e-04,3.236193e-05,9.999949e-01,1.415551e-01,2.859831e-02
5.890000e+02,4.565734e-03,2.432907e-05,6.658028e-03,nan,6.553833e-04,6.682732e-04,2.246509e-04,3.219128e-05,9.999939e-01,1.415730e-01,2.979755e-02
5.900000e+02,4.541899e-03,2.419319e-05,6.622499e-03,5.229797e-03,6.519287e-04,6.647499e-04,2.234665e-04,3.202157e-05,9.999941e-01,1.415907e-01,2.962637e-02
5.910000e+02,4.518198e-03,2.405780e-05,6.587162e-03,nan,6.484932e-04,6.612461e-04,2.222887e-04,3.185280e-05,9.999926e-01,1.416083e-01,3.219509e-02
5.920000e+02,4.494628e-03,2.392344e-05,6.552027e-03,nan,6.450771e-04,6.577620e-04,2.211175e-04,3.168498e-05,9.999937e-01,1.416259e-01,3.359795e-02
5.930000e+02,4.471190e-03,2.378999e-05,6.517117e-03,nan,6.416833e-04,6.543007e-04,2.199539e-04,3.151825e-05,9.999948e-01,1.416433e-01,2.800083e-02
5.940000e+02,4.447881e-03,2.365710e-05,6.482380e-03,nan,6.383042e-04,6.508544e-04,2.187954e-04,3.135225e-05,9.999938e-01,1.416606e-01,2.980542e-02
5.950000e+02,4.424702e-03,2.352510e-05,6.447841e-03,nan,6.349461e-04,6.474296e-04,2.176441e-04,3.118729e-05,9.999931e-01,1.416778e-01,3.008533e-02
5.960000e+02,4.401652e-03,2.339393e-05,6.413510e-03,nan,6.316072e-04,6.440243e-04,2.164994e-04,3.102326e-05,9.999945e-01,1.416949e-01,3.726292e-02
5.970000e+02,4.378729e-03,2.326368e-05,6.379380e-03,nan,6.282852e-04,6.406363e-04,2.153605e-04,3.086007e-05,9.999929e-01,1.417119e-01,3.839421e-02
5.980000e+02,4.355934e-03,2.313407e-05,6.345439e-03,nan,6.249840e-04,6.372694e-04,2.142287e-04,3.069789e-05,9.999924e-01,1.417289e-01,2.955508e-02
5.990000e+02,4.333265e-03,2.300529e-05,6.311685e-03,nan,6.217014e-04,6.339216e-04,2.131033e-04,3.053663e-05,9.999948e-01,1.417457e-01,3.228712e-02
6.000000e+02,4.310721e-03,2.287735e-05,6.278143e-03,4.955554e-03,6.184368e-04,6.305921e-04,2.119840e-04,3.037626e-05,9.999939e-01,1.417624e-01,3.249812e-02
6.010000e+02,4.288303e-03,2.274997e-05,6.244758e-03,nan,6.151886e-04,6.272793e-04,2.108704e-04,3.021669e-05,9.999933e-01,1.417790e-01,2.848911e-02
6.020000e+02,4.266008e-03,2.262352e-05,6.211586e-03,nan,6.119601e-04,6.239866e-04,2.097635e-04,3.005808e-05,9.999931e-01,1.417955e-01,3.064823e-02
6.030000e+02,4.243837e-03,2.249770e-05,6.178585e-03,nan,6.087482e-04,6.207110e-04,2.086624e-04,2.990030e-05,9.999939e-01,1.418119e-01,3.326106e-02
6.040000e+02,4.221788e-03,2.237282e-05,6.145796e-03,nan,6.055565e-04,6.174558e-04,2.075681e-04,2.974351e-05,9.999924e-01,1.418282e-01,3.298521e-02
6.050000e+02,4.199862e-03,2.224842e-05,6.113166e-03,nan,6.023787e-04,6.142149e-04,2.064787e-04,2.958740e-05,9.999914e-01,1.418444e-01,3.265643e-02
6.060000e+02,4.178056e-03,2.212523e-05,6.080746e-03,nan,5.992226e-04,6.109961e-04,2.053966e-04,2.943236e-05,9.999930e-01,1.418605e-01,3.311682e-02
6.070000e+02,4.156371e-03,2.200231e-05,6.048496e-03,nan,5.960840e-04,6.077952e-04,2.043206e-04,2.927817e-05,9.999939e-01,1.418766e-01,3.506684e-02
6.080000e+02,4.134805e-03,2.188029e-05,6.016430e-03,nan,5.929614e-04,6.046105e-04,2.032501e-04,2.912477e-05,9.999931e-01,1.418925e-01,3.921485e-02
6.090000e+02,4.113359e-03,2.175902e-05,5.984543e-03,nan,5.898580e-04,6.014455e-04,2.021861e-04,2.897232e-05,9.999940e-01,1.419083e-01,3.701258e-02
6.100000e+02,4.092030e-03,2.163840e-05,5.952844e-03,4.696669e-03,5.867696e-04,5.982957e-04,2.011273e-04,2.882060e-05,9.999942e-01,1.419241e-01,3.225684e-02
6.110000e+02,4.070820e-03,2.151845e-05,5.921305e-03,nan,5.836976e-04,5.951628e-04,2.000741e-04,2.866969e-05,9.999924e-01,1.419397e-01,3.238058e-02
6.120000e+02,4.049726e-03,2.139952e-05,5.889971e-03,nan,5.806470e-04,5.920516e-04,1.990283e-04,2.851983e-05,9.999953e-01,1.419553e-01,3.425193e-02
6.130000e+02,4.028749e-03,2.128089e-05,5.858796e-03,nan,5.776079e-04,5.889522e-04,1.979863e-04,2.837054e-05,9.999928e-01,1.419707e-01,3.746080e-02
6.140000e+02,4.007887e-03,2.116306e-05,5.827792e-03,nan,5.745882e-04,5.858725e-04,1.969511e-04,2.822219e-05,9.999940e-01,1.419861e-01,3.497434e-02
6.150000e+02,3.987140e-03,2.104634e-05,5.796999e-03,nan,5.715860e-04,5.828108e-04,1.959218e-04,2.807471e-05,9.999922e-01,1.420014e-01,3.740144e-02
6.160000e+02,3.966507e-03,2.092990e-05,5.766340e-03,nan,5.685995e-04,5.797649e-04,1.948979e-04,2.792800e-05,9.999924e-01,1.420165e-01,3.396225e-02
6.170000e+02,3.945988e-03,2.081413e-05,5.735855e-03,nan,5.656278e-04,5.767343e-04,1.938792e-04,2.778202e-05,9.999909e-01,1.420316e-01,3.741431e-02
6.180000e+02,3.925581e-03,2.069927e-05,5.705565e-03,nan,5.626766e-04,5.737245e-04,1.928674e-04,2.763704e-05,9.999942e-01,1.420466e-01,3.692627e-02
6.190000e+02,3.905286e-03,2.058515e-05,5.675447e-03,nan,5.597398e-04,5.707294e-04,1.918605e-04,2.749277e-05,9.999925e-01,1.420616e-01,4.336119e-02
6.200000e+02,3.885103e-03,2.047160e-05,5.645493e-03,4.452213e-03,5.568199e-04,5.677516e-04,1.908595e-04,2.734934e-05,9.999909e-01,1.420764e-01,3.418326e-02
6.210000e+02,3.865031e-03,2.035861e-05,5.615690e-03,nan,5.539142e-04,5.647882e-04,1.898633e-04,2.720659e-05,9.999922e-01,1.420911e-01,4.186583e-02
6.220000e+02,3.845069e-03,2.024641e-05,5.586067e-03,nan,5.510279e-04,5.618446e-04,1.888738e-04,2.706481e-05,9.999936e-01,1.421058e-01,3.289032e-02
6.230000e+02,3.825216e-03,2.013493e-05,5.556627e-03,nan,5.481567e-04,5.589165e-04,1.878895e-04,2.692376e-05,9.999927e-01,1.421203e-01,3.168154e-02
6.240000e+02,3.805472e-03,2.002392e-05,5.527314e-03,nan,5.452981e-04,5.560012e-04,1.869095e-04,2.678334e-05,9.999933e-01,1.421348e-01,3.028274e-02
6.250000e+02,3.785837e-03,1.991358e-05,5.498195e-03,nan,5.424586e-04,5.531054e-04,1.859360e-04,2.664385e-05,9.999927e-01,1.421492e-01,3.229809e-02
6.260000e+02,3.766308e-03,1.980437e-05,5.469252e-03,nan,5.396350e-04,5.502258e-04,1.849680e-04,2.650515e-05,9.999912e-01,1.421635e-01,3.013587e-02
6.270000e+02,3.746887e-03,1.969520e-05,5.440437e-03,nan,5.368247e-04,5.473597e-04,1.840046e-04,2.636709e-05,9.999915e-01,1.421777e-01,3.208065e-02
6.280000e+02,3.727572e-03,1.958688e-05,5.411796e-03,nan,5.340319e-04,5.445116e-04,1.830471e-04,2.622990e-05,9.999921e-01,1.421919e-01,3.754115e-02
6.290000e+02,3.708363e-03,1.947927e-05,5.383316e-03,nan,5.312525e-04,5.416771e-04,1.820943e-04,2.609336e-05,9.999914e-01,1.422059e-01,3.454018e-02
6.300000e+02,3.689259e-03,1.937234e-05,5.355012e-03,4.221323e-03,5.284912e-04,5.388610e-04,1.811476e-04,2.595772e-05,9.999912e-01,1.422199e-01,3.360057e-02
6.310000e+02,3.670259e-03,1.926596e-05,5.326850e-03,nan,5.257440e-04,5.360594e-04,1.802058e-04,2.582277e-05,9.999919e-01,1.422338e-01,3.376985e-02
6.320000e+02,3.651363e-03,1.916017e-05,5.298847e-03,nan,5.230117e-04,5.332729e-04,1.792691e-04,2.568854e-05,9.999893e-01,1.422476e-01,2.968955e-02
6.330000e+02,3.632570e-03,1.905515e-05,5.271004e-03,nan,5.202940e-04,5.305013e-04,1.783374e-04,2.555504e-05,9.999908e-01,1.422613e-01,3.178525e-02
6.340000e+02,3.613880e-03,1.895051e-05,5.243314e-03,nan,5.175917e-04,5.277455e-04,1.774110e-04,2.542230e-05,9.999903e-01,1.422750e-01,3.241634e-02
6.350000e+02,3.595292e-03,1.884682e-05,5.215792e-03,nan,5.149046e-04,5.250051e-04,1.764898e-04,2.529030e-05,9.999896e-01,1.422885e-01,3.435683e-02
6.360000e+02,3.576805e-03,1.874333e-05,5.188403e-03,nan,5.122311e-04,5.222787e-04,1.755733e-04,2.515897e-05,9.999894e-01,1.423020e-01,3.248119e-02
6.370000e+02,3.558419e-03,1.864075e-05,5.161174e-03,nan,5.095739e-04,5.195687e-04,1.746623e-04,2.502843e-05,9.999898e-01,1.423154e-01,2.906251e-02
6.380000e+02,3.540133e-03,1.853876e-05,5.134118e-03,nan,5.069316e-04,5.168741e-04,1.737565e-04,2.489863e-05,9.999899e-01,1.423287e-01,3.167439e-02
6.390000e+02,3.521947e-03,1.843740e-05,5.107192e-03,nan,5.043013e-04,5.141917e-04,1.728548e-04,2.476943e-05,9.999880e-01,1.423420e-01,3.240418e-02
6.400000e+02,3.503859e-03,1.833658e-05,5.080420e-03,4.003179e-03,5.016889e-04,5.115276e-04,1.719592e-04,2.464110e-05,9.999902e-01,1.423551e-01,5.172610e-02
6.410000e+02,3.485871e-03,1.823624e-05,5.053797e-03,nan,4.990896e-04,5.088767e-04,1.710681e-04,2.451341e-05,9.999902e-01,1.423682e-01,2.972913e-02
6.420000e+02,3.467980e-03,1.813640e-05,5.027313e-03,nan,4.965019e-04,5.062378e-04,1.701809e-04,2.438630e-05,9.999886e-01,1.423812e-01,2.956986e-02
6.430000e+02,3.450186e-03,1.803748e-05,5.000995e-03,nan,4.939314e-04,5.036164e-04,1.692997e-04,2.426003e-05,9.999886e-01,1.423942e-01,2.976966e-02
6.440000e+02,3.432489e-03,1.793901e-05,4.974821e-03,nan,4.913759e-04,5.010103e-04,1.684236e-04,2.413449e-05,9.999921e-01,1.424070e-01,4.002571e-02
6.450000e+02,3.414888e-03,1.784107e-05,4.948788e-03,nan,4.888311e-04,4.984151e-04,1.675512e-04,2.400948e-05,9.999886e-01,1.424198e-01,4.675817e-02
6.460000e+02,3.397383e-03,1.774361e-05,4.922885e-03,nan,4.863016e-04,4.958355e-04,1.666841e-04,2.388522e-05,9.999900e-01,1.424325e-01,3.277302e-02
6.470000e+02,3.379973e-03,1.764698e-05,4.897151e-03,nan,4.837870e-04,4.932711e-04,1.658220e-04,2.376170e-05,9.999894e-01,1.424452e-01,3.663230e-02
6.480000e+02,3.362657e-03,1.755076e-05,4.871553e-03,nan,4.812850e-04,4.907196e-04,1.649643e-04,2.363880e-05,9.999901e-01,1.424577e-01,3.190255e-02
6.490000e+02,3.345436e-03,1.745516e-05,4.846092e-03,nan,4.787961e-04,4.881814e-04,1.641111e-04,2.351654e-05,9.999866e-01,1.424702e-01,3.463292e-02
6.500000e+02,3.328307e-03,1.736014e-05,4.820791e-03,3.797026e-03,4.763251e-04,4.856615e-04,1.632640e-04,2.339515e-05,9.999904e-01,1.424826e-01,3.036737e-02
6.510000e+02,3.311272e-03,1.726563e-05,4.795602e-03,nan,4.738611e-04,4.831488e-04,1.624193e-04,2.327412e-05,9.999876e-01,1.424949e-01,2.910948e-02
6.520000e+02,3.294328e-03,1.717146e-05,4.770555e-03,nan,4.714126e-04,4.806517e-04,1.615799e-04,2.315384e-05,9.999878e-01,1.425072e-01,3.177691e-02
6.530000e+02,3.277477e-03,1.707829e-05,4.745672e-03,nan,4.689818e-04,4.781729e-04,1.607466e-04,2.303443e-05,9.999903e-01,1.425194e-01,3.459334e-02
6.540000e+02,3.260717e-03,1.698531e-05,4.720913e-03,nan,4.665598e-04,4.757030e-04,1.599163e-04,2.291546e-05,9.999876e-01,1.425315e-01,3.361750e-02
6.550000e+02,3.244047e-03,1.689298e-05,4.696291e-03,nan,4.641524e-04,4.732479e-04,1.590910e-04,2.279720e-05,9.999892e-01,1.425436e-01,3.662157e-02
6.560000e+02,3.227468e-03,1.680121e-05,4.671805e-03,nan,4.617593e-04,4.708074e-04,1.582706e-04,2.267964e-05,9.999892e-01,1.425555e-01,3.436923e-02
6.570000e+02,3.210978e-03,1.670990e-05,4.647449e-03,nan,4.593750e-04,4.683760e-04,1.574532e-04,2.256253e-05,9.999878e-01,1.425674e-01,2.975774e-02
6.580000e+02,3.194577e-03,1.661925e-05,4.623242e-03,nan,4.570089e-04,4.659630e-04,1.566421e-04,2.244629e-05,9.999874e-01,1.425793e-01,3.750920e-02
6.590000e+02,3.178265e-03,1.652891e-05,4.599155e-03,nan,4.546530e-04,4.635606e-04,1.558345e-04,2.233057e-05,9.999875e-01,1.425910e-01,4.313827e-02
6.600000e+02,3.162041e-03,1.643928e-05,4.575202e-03,3.602161e-03,4.523086e-04,4.611698e-04,1.550308e-04,2.221541e-05,9.999871e-01,1.426027e-01,3.322864e-02
6.610000e+02,3.145905e-03,1.635004e-05,4.551388e-03,nan,4.499794e-04,4.587945e-04,1.542323e-04,2.210099e-05,9.999866e-01,1.426144e-01,3.013635e-02
6.620000e+02,3.129856e-03,1.626151e-05,4.527710e-03,nan,4.476629e-04,4.564323e-04,1.534382e-04,2.198720e-05,9.999884e-01,1.426259e-01,4.066539e-02
6.630000e+02,3.113893e-03,1.617338e-05,4.504148e-03,nan,4.453579e-04,4.540817e-04,1.526480e-04,2.187398e-05,9.999878e-01,1.426374e-01,3.063202e-02
6.640000e+02,3.098016e-03,1.608588e-05,4.480735e-03,nan,4.430655e-04,4.517440e-04,1.518622e-04,2.176137e-05,9.999872e-01,1.426488e-01,3.272796e-02
6.650000e+02,3.082225e-03,1.599874e-05,4.457446e-03,nan,4.407880e-04,4.494214e-04,1.510814e-04,2.164949e-05,9.999864e-01,1.426602e-01,3.824472e-02
6.660000e+02,3.066519e-03,1.591227e-05,4.434287e-03,nan,4.385205e-04,4.471090e-04,1.503041e-04,2.153811e-05,9.999858e-01,1.426715e-01,4.054666e-02
6.670000e+02,3.050898e-03,1.582607e-05,4.411249e-03,nan,4.362650e-04,4.448090e-04,1.495309e-04,2.142732e-05,9.999862e-01,1.426827e-01,5.907035e-02
6.680000e+02,3.035361e-03,1.574045e-05,4.388334e-03,nan,4.340224e-04,4.425221e-04,1.487621e-04,2.131715e-05,9.999880e-01,1.426939e-01,3.238678e-02
6.690000e+02,3.019907e-03,1.565555e-05,4.365559e-03,nan,4.317935e-04,4.402490e-04,1.479980e-04,2.120766e-05,9.999874e-01,1.427050e-01,3.646874e-02
6.700000e+02,3.004536e-03,1.557077e-05,4.342888e-03,3.417924e-03,4.295732e-04,4.379849e-04,1.472369e-04,2.109860e-05,9.999855e-01,1.427160e-01,3.587079e-02
6.710000e+02,2.989248e-03,1.548675e-05,4.320363e-03,nan,4.273676e-04,4.357357e-04,1.464807e-04,2.099026e-05,9.999856e-01,1.427270e-01,4.192376e-02
6.720000e+02,2.974043e-03,1.540301e-05,4.297958e-03,nan,4.251736e-04,4.334984e-04,1.457286e-04,2.088249e-05,9.999854e-01,1.427379e-01,3.747511e-02
6.730000e+02,2.958919e-03,1.531985e-05,4.275660e-03,nan,4.229894e-04,4.312710e-04,1.449799e-04,2.077520e-05,9.999850e-01,1.427487e-01,2.920413e-02
6.740000e+02,2.943876e-03,1.523737e-05,4.253510e-03,nan,4.208205e-04,4.290593e-04,1.442364e-04,2.066866e-05,9.999837e-01,1.427595e-01,3.247857e-02
6.750000e+02,2.928914e-03,1.515518e-05,4.231472e-03,nan,4.186627e-04,4.268588e-04,1.434967e-04,2.056266e-05,9.999848e-01,1.427702e-01,3.451514e-02
6.760000e+02,2.914032e-03,1.507348e-05,4.209552e-03,nan,4.165148e-04,4.246685e-04,1.427604e-04,2.045716e-05,9.999856e-01,1.427808e-01,2.852130e-02
6.770000e+02,2.899230e-03,1.499237e-05,4.187760e-03,nan,4.143816e-04,4.224931e-04,1.420291e-04,2.035237e-05,9.999859e-01,1.427914e-01,2.951670e-02
6.780000e+02,2.884507e-03,1.491144e-05,4.166073e-03,nan,4.122556e-04,4.203252e-04,1.413003e-04,2.024794e-05,9.999839e-01,1.428019e-01,2.886128e-02
6.790000e+02,2.869863e-03,1.483114e-05,4.144520e-03,nan,4.101426e-04,4.181704e-04,1.405760e-04,2.014415e-05,9.999831e-01,1.428124e-01,2.901340e-02
6.800000e+02,2.855298e-03,1.475118e-05,4.123058e-03,3.243675e-03,4.080419e-04,4.160282e-04,1.398558e-04,2.004096e-05,9.999863e-01,1.428228e-01,3.545952e-02
6.810000e+02,2.840811e-03,1.467206e-05,4.101757e-03,nan,4.059546e-04,4.138997e-04,1.391403e-04,1.993842e-05,9.999849e-01,1.428331e-01,3.780007e-02
6.820000e+02,2.826401e-03,1.459323e-05,4.080551e-03,nan,4.038764e-04,4.117804e-04,1.384279e-04,1.983634e-05,9.999861e-01,1.428434e-01,3.090549e-02
6.830000e+02,2.812069e-03,1.451471e-05,4.059452e-03,nan,4.018077e-04,4.096709e-04,1.377187e-04,1.973473e-05,9.999848e-01,1.428536e-01,3.255391e-02
6.840000e+02,2.797813e-03,1.443655e-05,4.038475e-03,nan,3.997497e-04,4.075723e-04,1.370132e-04,1.963364e-05,9.999806e-01,1.428637e-01,3.357053e-02
6.850000e+02,2.783633e-03,1.435919e-05,4.017629e-03,nan,3.977072e-04,4.054894e-04,1.363130e-04,1.953330e-05,9.999836e-01,1.428738e-01,3.313994e-02
6.860000e+02,2.769529e-03,1.428202e-05,3.996872e-03,nan,3.956734e-04,4.034155e-04,1.356159e-04,1.943340e-05,9.999847e-01,1.428839e-01,3.890944e-02
6.870000e+02,2.755501e-03,1.420547e-05,3.976254e-03,nan,3.936515e-04,4.013536e-04,1.349228e-04,1.933408e-05,9.999846e-01,1.428939e-01,3.426790e-02
6.880000e+02,2.741547e-03,1.412914e-05,3.955722e-03,nan,3.916366e-04,3.992990e-04,1.342320e-04,1.923511e-05,9.999819e-01,1.429038e-01,3.171420e-02
6.890000e+02,2.727668e-03,1.405327e-05,3.935314e-03,nan,3.896380e-04,3.972609e-04,1.335469e-04,1.913694e-05,9.999847e-01,1.429136e-01,3.389311e-02
6.900000e+02,2.713863e-03,1.397801e-05,3.915021e-03,3.078848e-03,3.876468e-04,3.952304e-04,1.328643e-04,1.903913e-05,9.999827e-01,1.429234e-01,3.885722e-02
6.910000e+02,2.700132e-03,1.390301e-05,3.894831e-03,nan,3.856670e-04,3.932116e-04,1.321857e-04,1.894188e-05,9.999836e-01,1.429332e-01,3.486729e-02
6.920000e+02,2.686474e-03,1.382856e-05,3.874762e-03,nan,3.836987e-04,3.912045e-04,1.315110e-04,1.884520e-05,9.999840e-01,1.429429e-01,3.247261e-02
6.930000e+02,2.672889e-03,1.375455e-05,3.854798e-03,nan,3.817395e-04,3.892066e-04,1.308394e-04,1.874896e-05,9.999823e-01,1.429525e-01,3.367782e-02
6.940000e+02,2.659376e-03,1.368086e-05,3.834935e-03,nan,3.797905e-04,3.872191e-04,1.301712e-04,1.865322e-05,9.999822e-01,1.429621e-01,3.119421e-02
6.950000e+02,2.645935e-03,1.360775e-05,3.815198e-03,nan,3.778548e-04,3.852453e-04,1.295077e-04,1.855814e-05,9.999840e-01,1.429716e-01,3.248358e-02
6.960000e+02,2.632565e-03,1.353507e-05,3.795567e-03,nan,3.759281e-04,3.832806e-04,1.288472e-04,1.846350e-05,9.999841e-01,1.429811e-01,3.113484e-02
6.970000e+02,2.619267e-03,1.346269e-05,3.776031e-03,nan,3.740116e-04,3.813262e-04,1.281903e-04,1.836936e-05,9.999819e-01,1.429905e-01,3.220248e-02
6.980000e+02,2.606040e-03,1.339073e-05,3.756604e-03,nan,3.721052e-04,3.793822e-04,1.275368e-04,1.827572e-05,9.999807e-01,1.429998e-01,2.994943e-02
6.990000e+02,2.592882e-03,1.331919e-05,3.737295e-03,nan,3.702086e-04,3.774482e-04,1.268866e-04,1.818256e-05,9.999796e-01,1.430092e-01,3.847122e-02
7.000000e+02,2.579795e-03,1.324794e-05,3.718069e-03,2.922884e-03,3.683229e-04,3.755254e-04,1.262402e-04,1.808994e-05,9.999801e-01,1.430184e-01,3.004766e-02
7.010000e+02,2.566778e-03,1.317706e-05,3.698944e-03,nan,3.664459e-04,3.736113e-04,1.255968e-04,1.799773e-05,9.999778e-01,1.430276e-01,3.350592e-02
7.020000e+02,2.553830e-03,1.310688e-05,3.679946e-03,nan,3.645819e-04,3.717105e-04,1.249578e-04,1.790617e-05,9.999834e-01,1.430367e-01,3.339243e-02
7.030000e+02,2.540950e-03,1.303683e-05,3.661046e-03,nan,3.627245e-04,3.698165e-04,1.243211e-04,1.781494e-05,9.999806e-01,1.430458e-01,3.874469e-02
7.040000e+02,2.528139e-03,1.296745e-05,3.642247e-03,nan,3.608789e-04,3.679345e-04,1.236884e-04,1.772428e-05,9.999802e-01,1.430548e-01,3.707361e-02
7.050000e+02,2.515396e-03,1.289833e-05,3.623544e-03,nan,3.590436e-04,3.660630e-04,1.230593e-04,1.763413e-05,9.999831e-01,1.430638e-01,3.414679e-02
7.060000e+02,2.502720e-03,1.282959e-05,3.604953e-03,nan,3.572169e-04,3.642003e-04,1.224331e-04,1.754441e-05,9.999806e-01,1.430728e-01,3.221512e-02
7.070000e+02,2.490112e-03,1.276130e-05,3.586460e-03,nan,3.554017e-04,3.623493e-04,1.218109e-04,1.745524e-05,9.999810e-01,1.430816e-01,3.768086e-02
7.080000e+02,2.477570e-03,1.269340e-05,3.568072e-03,nan,3.535969e-04,3.605089e-04,1.211922e-04,1.736659e-05,9.999821e-01,1.430905e-01,3.931999e-02
7.090000e+02,2.465095e-03,1.262585e-05,3.549776e-03,nan,3.517998e-04,3.586764e-04,1.205762e-04,1.727832e-05,9.999821e-01,1.430992e-01,3.988695e-02
7.100000e+02,2.452686e-03,1.255869e-05,3.531580e-03,2.775286e-03,3.500117e-04,3.568531e-04,1.199632e-04,1.719049e-05,9.999809e-01,1.431079e-01,3.652883e-02
7.110000e+02,2.440342e-03,1.249168e-05,3.513481e-03,nan,3.482327e-04,3.550390e-04,1.193534e-04,1.710310e-05,9.999778e-01,1.431166e-01,3.667736e-02
7.120000e+02,2.428064e-03,1.242527e-05,3.495471e-03,nan,3.464643e-04,3.532358e-04,1.187472e-04,1.701624e-05,9.999802e-01,1.431252e-01,3.689814e-02
7.130000e+02,2.415852e-03,1.235925e-05,3.477567e-03,nan,3.447045e-04,3.514413e-04,1.181440e-04,1.692980e-05,9.999789e-01,1.431338e-01,3.592467e-02
7.140000e+02,2.403703e-03,1.229357e-05,3.459773e-03,nan,3.429548e-04,3.496571e-04,1.175442e-04,1.684386e-05,9.999772e-01,1.431423e-01,3.988743e-02
7.150000e+02,2.391619e-03,1.222828e-05,3.442059e-03,nan,3.412155e-04,3.478836e-04,1.169480e-04,1.675842e-05,9.999781e-01,1.431508e-01,4.339552e-02
7.160000e+02,2.379599e-03,1.216325e-05,3.424444e-03,nan,3.394832e-04,3.461171e-04,1.163542e-04,1.667333e-05,9.999772e-01,1.431592e-01,3.472018e-02
7.170000e+02,2.367642e-03,1.209868e-05,3.406922e-03,nan,3.377623e-04,3.443623e-04,1.157643e-04,1.658880e-05,9.999778e-01,1.431676e-01,3.656316e-02
7.180000e+02,2.355749e-03,1.203471e-05,3.389510e-03,nan,3.360505e-04,3.426169e-04,1.151775e-04,1.650472e-05,9.999764e-01,1.431759e-01,3.001928e-02
7.190000e+02,2.343918e-03,1.197089e-05,3.372184e-03,nan,3.343472e-04,3.408800e-04,1.145936e-04,1.642106e-05,9.999768e-01,1.431842e-01,3.197575e-02
7.200000e+02,2.332150e-03,1.190736e-05,3.354942e-03,2.635568e-03,3.326528e-04,3.391522e-04,1.140128e-04,1.633783e-05,9.999780e-01,1.431924e-01,3.273129e-02
7.210000e+02,2.320443e-03,1.184425e-05,3.337808e-03,nan,3.309683e-04,3.374345e-04,1.134354e-04,1.625508e-05,9.999762e-01,1.432006e-01,3.378201e-02
7.220000e+02,2.308799e-03,1.178153e-05,3.320756e-03,nan,3.292915e-04,3.357247e-04,1.128606e-04,1.617272e-05,9.999747e-01,1.432087e-01,4.710126e-02
7.230000e+02,2.297216e-03,1.171910e-05,3.303801e-03,nan,3.276252e-04,3.340256e-04,1.122894e-04,1.609088e-05,9.999776e-01,1.432168e-01,5.289030e-02
7.240000e+02,2.285694e-03,1.165712e-05,3.286935e-03,nan,3.259657e-04,3.323334e-04,1.117206e-04,1.600936e-05,9.999751e-01,1.432249e-01,3.194380e-02
7.250000e+02,2.274232e-03,1.159523e-05,3.270152e-03,nan,3.243158e-04,3.306510e-04,1.111550e-04,1.592832e-05,9.999751e-01,1.432328e-01,3.885603e-02
7.260000e+02,2.262832e-03,1.153394e-05,3.253467e-03,nan,3.226750e-04,3.289779e-04,1.105926e-04,1.584773e-05,9.999765e-01,1.432408e-01,2.936625e-02
7.270000e+02,2.251491e-03,1.147293e-05,3.236875e-03,nan,3.210431e-04,3.273138e-04,1.100332e-04,1.576757e-05,9.999748e-01,1.432487e-01,3.252387e-02
7.280000e+02,2.240210e-03,1.141234e-05,3.220373e-03,nan,3.194195e-04,3.256583e-04,1.094766e-04,1.568782e-05,9.999757e-01,1.432565e-01,3.347969e-02
7.290000e+02,2.228988e-03,1.135198e-05,3.203952e-03,nan,3.178047e-04,3.240118e-04,1.089231e-04,1.560850e-05,9.999747e-01,1.432644e-01,3.238153e-02
7.300000e+02,2.217825e-03,1.129210e-05,3.187633e-03,2.503272e-03,3.161983e-04,3.223737e-04,1.083725e-04,1.552960e-05,9.999737e-01,1.432721e-01,3.379536e-02
7.310000e+02,2.206721e-03,1.123241e-05,3.171385e-03,nan,3.146002e-04,3.207442e-04,1.078247e-04,1.545110e-05,9.999709e-01,1.432798e-01,4.111195e-02
7.320000e+02,2.195675e-03,1.117330e-05,3.155245e-03,nan,3.130123e-04,3.191250e-04,1.072804e-04,1.537311e-05,9.999744e-01,1.432875e-01,3.003025e-02
7.330000e+02,2.184687e-03,1.111422e-05,3.139174e-03,nan,3.114304e-04,3.175120e-04,1.067381e-04,1.529541e-05,9.999729e-01,1.432951e-01,2.911139e-02
7.340000e+02,2.173757e-03,1.105552e-05,3.123192e-03,nan,3.098585e-04,3.159092e-04,1.061993e-04,1.521820e-05,9.999737e-01,1.433027e-01,2.959347e-02
7.350000e+02,2.162885e-03,1.099717e-05,3.107292e-03,nan,3.082926e-04,3.143124e-04,1.056625e-04,1.514128e-05,9.999743e-01,1.433103e-01,3.690171e-02
7.360000e+02,2.152069e-03,1.093916e-05,3.091484e-03,nan,3.067361e-04,3.127253e-04,1.051290e-04,1.506483e-05,9.999709e-01,1.433178e-01,3.805351e-02
7.370000e+02,2.141311e-03,1.088143e-05,3.075753e-03,nan,3.051894e-04,3.111481e-04,1.045988e-04,1.498885e-05,9.999732e-01,1.433252e-01,2.937055e-02
7.380000e+02,2.130608e-03,1.082430e-05,3.060123e-03,nan,3.036502e-04,3.095787e-04,1.040712e-04,1.491325e-05,9.999726e-01,1.433326e-01,3.074861e-02
7.390000e+02,2.119962e-03,1.076727e-05,3.044571e-03,nan,3.021192e-04,3.080176e-04,1.035464e-04,1.483805e-05,9.999744e-01,1.433400e-01,3.197479e-02
7.400000e+02,2.109372e-03,1.071064e-05,3.029099e-03,2.377991e-03,3.005970e-04,3.064655e-04,1.030246e-04,1.476329e-05,9.999726e-01,1.433473e-01,2.848959e-02
7.410000e+02,2.098837e-03,1.065426e-05,3.013710e-03,nan,2.990807e-04,3.049193e-04,1.025049e-04,1.468881e-05,9.999729e-01,1.433546e-01,4.288864e-02
7.420000e+02,2.088357e-03,1.059829e-05,2.998404e-03,nan,2.975742e-04,3.033832e-04,1.019885e-04,1.461481e-05,9.999723e-01,1.433618e-01,3.748012e-02
7.430000e+02,2.077932e-03,1.054244e-05,2.983177e-03,nan,2.960740e-04,3.018534e-04,1.014742e-04,1.454112e-05,9.999706e-01,1.433690e-01,3.069830e-02
7.440000e+02,2.067562e-03,1.048698e-05,2.968030e-03,nan,2.945820e-04,3.003321e-04,1.009628e-04,1.446784e-05,9.999713e-01,1.433762e-01,2.850270e-02
7.450000e+02,2.057246e-03,1.043183e-05,2.952975e-03,nan,2.930992e-04,2.988201e-04,1.004545e-04,1.439500e-05,9.999694e-01,1.433833e-01,4.094124e-02
7.460000e+02,2.046983e-03,1.037707e-05,2.937993e-03,nan,2.916228e-04,2.973147e-04,9.994849e-05,1.432249e-05,9.999653e-01,1.433904e-01,3.564692e-02
7.470000e+02,2.036775e-03,1.032263e-05,2.923089e-03,nan,2.901557e-04,2.958187e-04,9.944558e-05,1.425042e-05,9.999698e-01,1.433974e-01,3.942895e-02
7.480000e+02,2.026620e-03,1.026836e-05,2.908272e-03,nan,2.886958e-04,2.943302e-04,9.894519e-05,1.417872e-05,9.999678e-01,1.434044e-01,3.188753e-02
7.490000e+02,2.016518e-03,1.021439e-05,2.893516e-03,nan,2.872433e-04,2.928491e-04,9.844728e-05,1.410737e-05,9.999683e-01,1.434113e-01,3.057957e-02
7.500000e+02,2.006469e-03,1.016091e-05,2.878865e-03,2.259311e-03,2.857980e-04,2.913754e-04,9.795188e-05,1.403638e-05,9.999666e-01,1.434183e-01,2.886200e-02
7.510000e+02,1.996472e-03,1.010751e-05,2.864273e-03,nan,2.843616e-04,2.899108e-04,9.745952e-05,1.396583e-05,9.999684e-01,1.434251e-01,3.163743e-02
7.520000e+02,1.986528e-03,1.005474e-05,2.849769e-03,nan,2.829320e-04,2.884531e-04,9.696950e-05,1.389561e-05,9.999663e-01,1.434320e-01,3.619051e-02
7.530000e+02,1.976635e-03,1.000194e-05,2.835349e-03,nan,2.815118e-04,2.870050e-04,9.648269e-05,1.382586e-05,9.999687e-01,1.434388e-01,6.920671e-02
7.540000e+02,1.966794e-03,9.949484e-06,2.820980e-03,nan,2.800948e-04,2.855601e-04,9.599696e-05,1.375625e-05,9.999689e-01,1.434455e-01,5.106759e-02
7.550000e+02,1.957004e-03,9.897319e-06,2.806705e-03,nan,2.786871e-04,2.841247e-04,9.551445e-05,1.368711e-05,9.999663e-01,1.434522e-01,2.984571e-02
7.560000e+02,1.947266e-03,9.845674e-06,2.792513e-03,nan,2.772901e-04,2.827003e-04,9.503559e-05,1.361849e-05,9.999683e-01,1.434589e-01,2.962279e-02
7.570000e+02,1.937578e-03,9.794031e-06,2.778376e-03,nan,2.758957e-04,2.812785e-04,9.455763e-05,1.355000e-05,9.999672e-01,1.434655e-01,4.780841e-02
7.580000e+02,1.927940e-03,9.742812e-06,2.764335e-03,nan,2.745116e-04,2.798672e-04,9.408321e-05,1.348202e-05,9.999662e-01,1.434721e-01,3.034186e-02
7.590000e+02,1.918353e-03,9.691760e-06,2.750353e-03,nan,2.731331e-04,2.784616e-04,9.361067e-05,1.341431e-05,9.999655e-01,1.434787e-01,2.836490e-02
7.600000e+02,1.908816e-03,9.641046e-06,2.736454e-03,2.146880e-03,2.717618e-04,2.770634e-04,9.314066e-05,1.334696e-05,9.999645e-01,1.434852e-01,2.961755e-02
7.610000e+02,1.899329e-03,9.590804e-06,2.722635e-03,nan,2.704000e-04,2.756748e-04,9.267386e-05,1.328007e-05,9.999655e-01,1.434917e-01,3.042316e-02
7.620000e+02,1.889890e-03,9.540623e-06,2.708878e-03,nan,2.690429e-04,2.742911e-04,9.220869e-05,1.321341e-05,9.999629e-01,1.434981e-01,3.164387e-02
7.630000e+02,1.880501e-03,9.490775e-06,2.695203e-03,nan,2.676964e-04,2.729181e-04,9.174715e-05,1.314728e-05,9.999672e-01,1.435046e-01,3.004789e-02
7.640000e+02,1.871161e-03,9.441132e-06,2.681591e-03,nan,2.663525e-04,2.715478e-04,9.128649e-05,1.308127e-05,9.999631e-01,1.435109e-01,2.957559e-02
7.650000e+02,1.861869e-03,9.391827e-06,2.668051e-03,nan,2.650180e-04,2.701870e-04,9.082906e-05,1.301572e-05,9.999654e-01,1.435173e-01,3.000546e-02
7.660000e+02,1.852626e-03,9.342917e-06,2.654593e-03,nan,2.636901e-04,2.688331e-04,9.037390e-05,1.295050e-05,9.999614e-01,1.435236e-01,2.938581e-02
7.670000e+02,1.843430e-03,9.294072e-06,2.641192e-03,nan,2.623678e-04,2.674848e-04,8.992066e-05,1.288555e-05,9.999598e-01,1.435298e-01,3.427029e-02
7.680000e+02,1.834283e-03,9.245767e-06,2.627875e-03,nan,2.610556e-04,2.661468e-04,8.947087e-05,1.282110e-05,9.999628e-01,1.435361e-01,4.623985e-02
7.690000e+02,1.825182e-03,9.197607e-06,2.614635e-03,nan,2.597499e-04,2.648154e-04,8.902330e-05,1.275696e-05,9.999633e-01,1.435423e-01,3.179216e-02
7.700000e+02,1.816129e-03,9.149651e-06,2.601453e-03,2.040337e-03,2.584484e-04,2.634885e-04,8.857722e-05,1.269304e-05,9.999620e-01,1.435484e-01,3.218269e-02
7.710000e+02,1.807123e-03,9.101894e-06,2.588346e-03,nan,2.571537e-04,2.621684e-04,8.813344e-05,1.262945e-05,9.999608e-01,1.435545e-01,3.291082e-02
7.720000e+02,1.798164e-03,9.054440e-06,2.575293e-03,nan,2.558667e-04,2.608560e-04,8.769227e-05,1.256623e-05,9.999565e-01,1.435606e-01,3.146839e-02
7.730000e+02,1.789251e-03,9.007405e-06,2.562328e-03,nan,2.545881e-04,2.595524e-04,8.725402e-05,1.250343e-05,9.999635e-01,1.435667e-01,2.909303e-02
7.740000e+02,1.780384e-03,8.960448e-06,2.549426e-03,nan,2.533124e-04,2.582516e-04,8.681674e-05,1.244077e-05,9.999533e-01,1.435727e-01,3.134322e-02
7.750000e+02,1.771564e-03,8.913998e-06,2.536603e-03,nan,2.520482e-04,2.569626e-04,8.638342e-05,1.237868e-05,9.999590e-01,1.435787e-01,3.115845e-02
7.760000e+02,1.762789e-03,8.867516e-06,2.523830e-03,nan,2.507892e-04,2.556788e-04,8.595187e-05,1.231684e-05,9.999591e-01,1.435846e-01,3.634119e-02
7.770000e+02,1.754059e-03,8.821295e-06,2.511113e-03,nan,2.495339e-04,2.543990e-04,8.552162e-05,1.225519e-05,9.999611e-01,1.435905e-01,3.421187e-02
7.780000e+02,1.745375e-03,8.775355e-06,2.498488e-03,nan,2.482852e-04,2.531257e-04,8.509359e-05,1.219385e-05,9.999533e-01,1.435964e-01,3.339243e-02
7.790000e+02,1.736735e-03,8.729820e-06,2.485926e-03,nan,2.470475e-04,2.518637e-04,8.466934e-05,1.213306e-05,9.999600e-01,1.436023e-01,3.283429e-02
7.800000e+02,1.728141e-03,8.684467e-06,2.473427e-03,1.939349e-03,2.458127e-04,2.506047e-04,8.424611e-05,1.207241e-05,9.999560e-01,1.436081e-01,2.934742e-02
7.810000e+02,1.719591e-03,8.639351e-06,2.460995e-03,nan,2.445853e-04,2.493533e-04,8.382541e-05,1.201213e-05,9.999558e-01,1.436138e-01,3.022242e-02
7.820000e+02,1.711085e-03,8.594484e-06,2.448625e-03,nan,2.433646e-04,2.481085e-04,8.340698e-05,1.195217e-05,9.999586e-01,1.436196e-01,3.066635e-02
7.830000e+02,1.702623e-03,8.549832e-06,2.436319e-03,nan,2.421481e-04,2.468682e-04,8.299002e-05,1.189242e-05,9.999541e-01,1.436253e-01,2.839637e-02
7.840000e+02,1.694204e-03,8.505535e-06,2.424097e-03,nan,2.409417e-04,2.456381e-04,8.257650e-05,1.183316e-05,9.999548e-01,1.436310e-01,2.963758e-02
7.850000e+02,1.685829e-03,8.461486e-06,2.411913e-03,nan,2.397389e-04,2.444117e-04,8.216422e-05,1.177408e-05,9.999529e-01,1.436366e-01,3.243303e-02
7.860000e+02,1.677498e-03,8.417412e-06,2.399799e-03,nan,2.385411e-04,2.431904e-04,8.175367e-05,1.171525e-05,9.999536e-01,1.436422e-01,2.965641e-02
7.870000e+02,1.669209e-03,8.373916e-06,2.387766e-03,nan,2.373541e-04,2.419801e-04,8.134679e-05,1.165695e-05,9.999535e-01,1.436478e-01,3.248167e-02
7.880000e+02,1.660964e-03,8.330633e-06,2.375798e-03,nan,2.361713e-04,2.407741e-04,8.094138e-05,1.159886e-05,9.999536e-01,1.436534e-01,4.114580e-02
7.890000e+02,1.652760e-03,8.287426e-06,2.363866e-03,nan,2.349927e-04,2.395724e-04,8.053741e-05,1.154097e-05,9.999534e-01,1.436589e-01,3.323793e-02
7.900000e+02,1.644599e-03,8.244512e-06,2.352024e-03,1.843618e-03,2.338234e-04,2.383801e-04,8.013661e-05,1.148353e-05,9.999524e-01,1.436644e-01,4.533887e-02
7.910000e+02,1.636481e-03,8.201683e-06,2.340215e-03,nan,2.326551e-04,2.371890e-04,7.973618e-05,1.142616e-05,9.999516e-01,1.436698e-01,2.779794e-02
7.920000e+02,1.628404e-03,8.159217e-06,2.328486e-03,nan,2.314969e-04,2.360081e-04,7.933920e-05,1.136927e-05,9.999492e-01,1.436753e-01,3.071260e-02
7.930000e+02,1.620368e-03,8.117073e-06,2.316821e-03,nan,2.303445e-04,2.348330e-04,7.894417e-05,1.131266e-05,9.999488e-01,1.436807e-01,3.854489e-02
7.940000e+02,1.612374e-03,8.075072e-06,2.305218e-03,nan,2.291981e-04,2.336642e-04,7.855125e-05,1.125636e-05,9.999481e-01,1.436860e-01,3.588080e-02
7.950000e+02,1.604422e-03,8.033297e-06,2.293661e-03,nan,2.280554e-04,2.324990e-04,7.815957e-05,1.120023e-05,9.999478e-01,1.436913e-01,3.608227e-02
7.960000e+02,1.596510e-03,7.991839e-06,2.282183e-03,nan,2.269231e-04,2.313446e-04,7.777148e-05,1.114462e-05,9.999502e-01,1.436966e-01,3.474259e-02
7.970000e+02,1.588639e-03,7.950402e-06,2.270751e-03,nan,2.257923e-04,2.301915e-04,7.738386e-05,1.108908e-05,9.999443e-01,1.437019e-01,3.355408e-02
7.980000e+02,1.580808e-03,7.909311e-06,2.259389e-03,nan,2.246682e-04,2.290454e-04,7.699857e-05,1.103387e-05,9.999434e-01,1.437072e-01,3.561616e-02
7.990000e+02,1.573018e-03,7.868657e-06,2.248088e-03,nan,2.235539e-04,2.279093e-04,7.661664e-05,1.097914e-05,9.999514e-01,1.437124e-01,3.455353e-02
8.000000e+02,1.565267e-03,7.827986e-06,2.236839e-03,1.752846e-03,2.224423e-04,2.267758e-04,7.623561e-05,1.092454e-05,9.999526e-01,1.437175e-01,3.157735e-02
8.010000e+02,1.557557e-03,7.787597e-06,2.225655e-03,nan,2.213344e-04,2.256463e-04,7.585588e-05,1.087012e-05,9.999431e-01,1.437227e-01,3.058600e-02
8.020000e+02,1.549886e-03,7.747423e-06,2.214525e-03,nan,2.202362e-04,2.245266e-04,7.547948e-05,1.081618e-05,9.999486e-01,1.437278e-01,3.355384e-02
8.030000e+02,1.542255e-03,7.707446e-06,2.203454e-03,nan,2.191413e-04,2.234101e-04,7.510417e-05,1.076240e-05,9.999441e-01,1.437329e-01,3.095579e-02
8.040000e+02,1.534663e-03,7.667590e-06,2.192439e-03,nan,2.180528e-04,2.223003e-04,7.473108e-05,1.070894e-05,9.999450e-01,1.437380e-01,3.020644e-02
8.050000e+02,1.527109e-03,7.628126e-06,2.181485e-03,nan,2.169692e-04,2.211955e-04,7.435969e-05,1.065572e-05,9.999434e-01,1.437430e-01,3.132463e-02
8.060000e+02,1.519595e-03,7.588843e-06,2.170592e-03,nan,2.158927e-04,2.200979e-04,7.399070e-05,1.060285e-05,9.999448e-01,1.437480e-01,2.808261e-02
8.070000e+02,1.512119e-03,7.549793e-06,2.159751e-03,nan,2.148198e-04,2.190040e-04,7.362295e-05,1.055015e-05,9.999385e-01,1.437530e-01,3.046966e-02
8.080000e+02,1.504681e-03,7.510837e-06,2.148972e-03,nan,2.137548e-04,2.179182e-04,7.325794e-05,1.049785e-05,9.999410e-01,1.437579e-01,3.104687e-02
8.090000e+02,1.497282e-03,7.472228e-06,2.138238e-03,nan,2.126935e-04,2.168360e-04,7.289415e-05,1.044572e-05,9.999426e-01,1.437629e-01,4.059744e-02
8.100000e+02,1.489921e-03,7.433636e-06,2.127562e-03,1.666760e-03,2.116381e-04,2.157599e-04,7.253241e-05,1.039388e-05,9.999441e-01,1.437677e-01,3.546929e-02
8.110000e+02,1.482597e-03,7.395331e-06,2.116951e-03,nan,2.105889e-04,2.146901e-04,7.217278e-05,1.034235e-05,9.999437e-01,1.437726e-01,2.931118e-02
8.120000e+02,1.475311e-03,7.357275e-06,2.106380e-03,nan,2.095420e-04,2.136228e-04,7.181398e-05,1.029093e-05,9.999408e-01,1.437774e-01,2.996445e-02
8.130000e+02,1.468062e-03,7.319529e-06,2.095884e-03,nan,2.085058e-04,2.125662e-04,7.145879e-05,1.024003e-05,9.999416e-01,1.437823e-01,2.993822e-02
8.140000e+02,1.460850e-03,7.281952e-06,2.085443e-03,nan,2.074729e-04,2.115131e-04,7.110475e-05,1.018930e-05,9.999397e-01,1.437870e-01,3.053522e-02
8.150000e+02,1.453675e-03,7.244530e-06,2.075050e-03,nan,2.064431e-04,2.104632e-04,7.075180e-05,1.013872e-05,9.999368e-01,1.437918e-01,3.412771e-02
8.160000e+02,1.446538e-03,7.207027e-06,2.064686e-03,nan,2.054183e-04,2.094183e-04,7.040055e-05,1.008839e-05,9.999368e-01,1.437965e-01,3.224587e-02
8.170000e+02,1.439436e-03,7.170153e-06,2.054415e-03,nan,2.044023e-04,2.083824e-04,7.005231e-05,1.003849e-05,9.999359e-01,1.438012e-01,4.146218e-02
8.180000e+02,1.432371e-03,7.133438e-06,2.044193e-03,nan,2.033914e-04,2.073517e-04,6.970582e-05,9.988839e-06,9.999357e-01,1.438059e-01,3.096271e-02
8.190000e+02,1.425342e-03,7.096731e-06,2.034001e-03,nan,2.023834e-04,2.063240e-04,6.936034e-05,9.939332e-06,9.999352e-01,1.438105e-01,3.428435e-02
8.200000e+02,1.418349e-03,7.060494e-06,2.023880e-03,1.585109e-03,2.013828e-04,2.053037e-04,6.901736e-05,9.890185e-06,9.999375e-01,1.438152e-01,3.239226e-02
8.210000e+02,1.411391e-03,7.024141e-06,2.013810e-03,nan,2.003851e-04,2.042865e-04,6.867541e-05,9.841184e-06,9.999312e-01,1.438197e-01,2.894831e-02
8.220000e+02,1.404469e-03,6.988129e-06,2.003776e-03,nan,1.993924e-04,2.032744e-04,6.833517e-05,9.792428e-06,9.999323e-01,1.438243e-01,3.038573e-02
8.230000e+02,1.397583e-03,6.952353e-06,1.993812e-03,nan,1.984062e-04,2.022689e-04,6.799713e-05,9.743989e-06,9.999305e-01,1.438289e-01,3.485537e-02
8.240000e+02,1.390731e-03,6.916711e-06,1.983906e-03,nan,1.974261e-04,2.012696e-04,6.766120e-05,9.695851e-06,9.999331e-01,1.438334e-01,3.164339e-02
8.250000e+02,1.383915e-03,6.881214e-06,1.974031e-03,nan,1.964482e-04,2.002725e-04,6.732602e-05,9.647821e-06,9.999319e-01,1.438379e-01,3.144264e-02
8.260000e+02,1.377133e-03,6.845942e-06,1.964222e-03,nan,1.954775e-04,1.992828e-04,6.699331e-05,9.600144e-06,9.999298e-01,1.438423e-01,3.507352e-02
8.270000e+02,1.370387e-03,6.810751e-06,1.954447e-03,nan,1.945104e-04,1.982967e-04,6.666183e-05,9.552644e-06,9.999282e-01,1.438468e-01,3.009248e-02
8.280000e+02,1.363674e-03,6.775936e-06,1.944734e-03,nan,1.935485e-04,1.973161e-04,6.633215e-05,9.505402e-06,9.999276e-01,1.438512e-01,2.911925e-02
8.290000e+02,1.356996e-03,6.741286e-06,1.935081e-03,nan,1.925937e-04,1.963425e-04,6.600488e-05,9.458504e-06,9.999270e-01,1.438556e-01,3.524089e-02
8.300000e+02,1.350351e-03,6.706805e-06,1.925462e-03,1.507650e-03,1.916410e-04,1.953712e-04,6.567836e-05,9.411715e-06,9.999285e-01,1.438599e-01,3.170872e-02
8.310000e+02,1.343741e-03,6.672558e-06,1.915916e-03,nan,1.906965e-04,1.944082e-04,6.535463e-05,9.365326e-06,9.999280e-01,1.438643e-01,3.028607e-02
8.320000e+02,1.337164e-03,6.638381e-06,1.906401e-03,nan,1.897540e-04,1.934472e-04,6.503157e-05,9.319032e-06,9.999242e-01,1.438686e-01,3.232503e-02
8.330000e+02,1.330621e-03,6.604417e-06,1.896930e-03,nan,1.888178e-04,1.924928e-04,6.471071e-05,9.273054e-06,9.999265e-01,1.438729e-01,4.068255e-02
8.340000e+02,1.324111e-03,6.570648e-06,1.887512e-03,nan,1.878838e-04,1.915404e-04,6.439056e-05,9.227178e-06,9.999254e-01,1.438771e-01,3.515649e-02
8.350000e+02,1.317634e-03,6.537226e-06,1.878161e-03,nan,1.869601e-04,1.905987e-04,6.407399e-05,9.181814e-06,9.999268e-01,1.438814e-01,3.373790e-02
8.360000e+02,1.311190e-03,6.503748e-06,1.868837e-03,nan,1.860362e-04,1.896566e-04,6.375730e-05,9.136432e-06,9.999238e-01,1.438856e-01,3.727055e-02
8.370000e+02,1.304779e-03,6.470511e-06,1.859564e-03,nan,1.851176e-04,1.887201e-04,6.344245e-05,9.091316e-06,9.999233e-01,1.438898e-01,3.475380e-02
8.380000e+02,1.298401e-03,6.437416e-06,1.850353e-03,nan,1.842046e-04,1.877893e-04,6.312954e-05,9.046477e-06,9.999233e-01,1.438939e-01,3.931904e-02
8.390000e+02,1.292055e-03,6.404485e-06,1.841170e-03,nan,1.832967e-04,1.868636e-04,6.281836e-05,9.001885e-06,9.999204e-01,1.438981e-01,3.476834e-02
8.400000e+02,1.285741e-03,6.371958e-06,1.832056e-03,1.434146e-03,1.823944e-04,1.859436e-04,6.250909e-05,8.957568e-06,9.999197e-01,1.439022e-01,2.991056e-02
8.410000e+02,1.279460e-03,6.339317e-06,1.822974e-03,nan,1.814948e-04,1.850264e-04,6.220075e-05,8.913383e-06,9.999178e-01,1.439063e-01,3.154755e-02
8.420000e+02,1.273210e-03,6.307227e-06,1.813956e-03,nan,1.806007e-04,1.841148e-04,6.189430e-05,8.869470e-06,9.999172e-01,1.439104e-01,3.047609e-02
8.430000e+02,1.266992e-03,6.274930e-06,1.804966e-03,nan,1.797104e-04,1.832071e-04,6.158915e-05,8.825743e-06,9.999186e-01,1.439144e-01,2.918363e-02
8.440000e+02,1.260805e-03,6.242925e-06,1.796030e-03,nan,1.788266e-04,1.823061e-04,6.128626e-05,8.782339e-06,9.999202e-01,1.439185e-01,2.923965e-02
8.450000e+02,1.254650e-03,6.211108e-06,1.787139e-03,nan,1.779456e-04,1.814078e-04,6.098428e-05,8.739067e-06,9.999148e-01,1.439225e-01,2.969885e-02
8.460000e+02,1.248527e-03,6.179489e-06,1.778293e-03,nan,1.770691e-04,1.805141e-04,6.068386e-05,8.696016e-06,9.999181e-01,1.439264e-01,3.153276e-02
8.470000e+02,1.242434e-03,6.148097e-06,1.769496e-03,nan,1.761980e-04,1.796260e-04,6.038531e-05,8.653234e-06,9.999118e-01,1.439304e-01,3.024244e-02
8.480000e+02,1.236372e-03,6.116792e-06,1.760739e-03,nan,1.753307e-04,1.787418e-04,6.008805e-05,8.610638e-06,9.999142e-01,1.439343e-01,2.987337e-02
8.490000e+02,1.230341e-03,6.085619e-06,1.752028e-03,nan,1.744677e-04,1.778618e-04,5.979224e-05,8.568250e-06,9.999128e-01,1.439383e-01,3.034997e-02
8.500000e+02,1.224341e-03,6.054626e-06,1.743369e-03,1.364390e-03,1.736089e-04,1.769863e-04,5.949791e-05,8.526073e-06,9.999129e-01,1.439422e-01,2.946162e-02
8.510000e+02,1.218370e-03,6.023894e-06,1.734753e-03,nan,1.727558e-04,1.761165e-04,5.920550e-05,8.484171e-06,9.999133e-01,1.439460e-01,3.245258e-02
8.520000e+02,1.212431e-03,5.993058e-06,1.726167e-03,nan,1.719062e-04,1.752502e-04,5.891430e-05,8.442442e-06,9.999139e-01,1.439499e-01,3.116322e-02
8.530000e+02,1.206521e-03,5.962547e-06,1.717632e-03,nan,1.710579e-04,1.743854e-04,5.862356e-05,8.400781e-06,9.999042e-01,1.439537e-01,2.896953e-02
8.540000e+02,1.200641e-03,5.932473e-06,1.709163e-03,nan,1.702201e-04,1.735312e-04,5.833641e-05,8.359633e-06,9.999107e-01,1.439575e-01,2.979207e-02
8.550000e+02,1.194791e-03,5.902227e-06,1.700711e-03,nan,1.693823e-04,1.726770e-04,5.804925e-05,8.318483e-06,9.999068e-01,1.439613e-01,3.146219e-02
8.560000e+02,1.188971e-03,5.872230e-06,1.692315e-03,nan,1.685507e-04,1.718292e-04,5.776424e-05,8.277642e-06,9.999092e-01,1.439651e-01,2.802134e-02
8.570000e+02,1.183180e-03,5.842341e-06,1.683955e-03,nan,1.677220e-04,1.709842e-04,5.748019e-05,8.236938e-06,9.999050e-01,1.439688e-01,3.082299e-02
8.580000e+02,1.177419e-03,5.812638e-06,1.675639e-03,nan,1.668967e-04,1.701428e-04,5.719733e-05,8.196405e-06,9.999034e-01,1.439725e-01,3.363395e-02
8.590000e+02,1.171686e-03,5.783356e-06,1.667385e-03,nan,1.660813e-04,1.693115e-04,5.691787e-05,8.156358e-06,9.999086e-01,1.439762e-01,3.318787e-02
8.600000e+02,1.165983e-03,5.753908e-06,1.659145e-03,1.298181e-03,1.652625e-04,1.684766e-04,5.663722e-05,8.116141e-06,9.999022e-01,1.439799e-01,3.130484e-02
8.610000e+02,1.160308e-03,5.724668e-06,1.650959e-03,nan,1.644515e-04,1.676498e-04,5.635925e-05,8.076310e-06,9.999008e-01,1.439835e-01,3.546906e-02
8.620000e+02,1.154662e-03,5.695693e-06,1.642822e-03,nan,1.636444e-04,1.668269e-04,5.608263e-05,8.036670e-06,9.998974e-01,1.439872e-01,3.106308e-02
8.630000e+02,1.149045e-03,5.666782e-06,1.634723e-03,nan,1.628423e-04,1.660091e-04,5.580772e-05,7.997277e-06,9.999028e-01,1.439908e-01,3.419352e-02
8.640000e+02,1.143456e-03,5.637971e-06,1.626664e-03,nan,1.620434e-04,1.651946e-04,5.553390e-05,7.958038e-06,9.998989e-01,1.439944e-01,4.454207e-02
8.650000e+02,1.137895e-03,5.609448e-06,1.618647e-03,nan,1.612486e-04,1.643843e-04,5.526151e-05,7.919006e-06,9.998971e-01,1.439980e-01,4.273176e-02
8.660000e+02,1.132362e-03,5.580961e-06,1.610660e-03,nan,1.604560e-04,1.635762e-04,5.498983e-05,7.880075e-06,9.998938e-01,1.440015e-01,3.944135e-02
8.670000e+02,1.126857e-03,5.552868e-06,1.602733e-03,nan,1.596706e-04,1.627754e-04,5.472065e-05,7.841502e-06,9.998948e-01,1.440051e-01,4.915810e-02
8.680000e+02,1.121380e-03,5.524783e-06,1.594859e-03,nan,1.588903e-04,1.619799e-04,5.445321e-05,7.803177e-06,9.998940e-01,1.440086e-01,3.957629e-02
8.690000e+02,1.115931e-03,5.496671e-06,1.586984e-03,nan,1.581088e-04,1.611831e-04,5.418536e-05,7.764796e-06,9.998938e-01,1.440121e-01,4.149556e-02
8.700000e+02,1.110509e-03,5.468756e-06,1.579161e-03,1.235332e-03,1.573336e-04,1.603928e-04,5.391969e-05,7.726725e-06,9.998904e-01,1.440155e-01,3.665113e-02
8.710000e+02,1.105114e-03,5.441220e-06,1.571406e-03,nan,1.565650e-04,1.596091e-04,5.365623e-05,7.688972e-06,9.998923e-01,1.440190e-01,4.315615e-02
8.720000e+02,1.099747e-03,5.413646e-06,1.563666e-03,nan,1.557962e-04,1.588254e-04,5.339275e-05,7.651216e-06,9.998895e-01,1.440224e-01,4.042935e-02
8.730000e+02,1.094407e-03,5.386410e-06,1.555981e-03,nan,1.550341e-04,1.580483e-04,5.313154e-05,7.613785e-06,9.998879e-01,1.440258e-01,3.767061e-02
8.740000e+02,1.089093e-03,5.359084e-06,1.548318e-03,nan,1.542756e-04,1.572750e-04,5.287156e-05,7.576531e-06,9.998912e-01,1.440292e-01,4.406643e-02
8.750000e+02,1.083806e-03,5.332018e-06,1.540714e-03,nan,1.535206e-04,1.565053e-04,5.261282e-05,7.539453e-06,9.998879e-01,1.440326e-01,4.145455e-02
8.760000e+02,1.078546e-03,5.305147e-06,1.533129e-03,nan,1.527686e-04,1.557386e-04,5.235508e-05,7.502520e-06,9.998888e-01,1.440360e-01,3.111076e-02
8.770000e+02,1.073313e-03,5.278217e-06,1.525592e-03,nan,1.520211e-04,1.549765e-04,5.209887e-05,7.465806e-06,9.998860e-01,1.440393e-01,5.064654e-02
8.780000e+02,1.068105e-03,5.251572e-06,1.518093e-03,nan,1.512764e-04,1.542173e-04,5.184366e-05,7.429233e-06,9.998829e-01,1.440426e-01,4.030418e-02
8.790000e+02,1.062925e-03,5.224844e-06,1.510620e-03,nan,1.505342e-04,1.534606e-04,5.158927e-05,7.392780e-06,9.998767e-01,1.440459e-01,3.290439e-02
8.800000e+02,1.057770e-03,5.198691e-06,1.503201e-03,1.175649e-03,1.498001e-04,1.527121e-04,5.133766e-05,7.356725e-06,9.998769e-01,1.440492e-01,3.243446e-02
8.810000e+02,1.052641e-03,5.172312e-06,1.495810e-03,nan,1.490647e-04,1.519624e-04,5.108562e-05,7.320608e-06,9.998742e-01,1.440525e-01,3.188252e-02
8.820000e+02,1.047538e-03,5.146293e-06,1.488474e-03,nan,1.483380e-04,1.512215e-04,5.083655e-05,7.284917e-06,9.998792e-01,1.440557e-01,3.480268e-02
8.830000e+02,1.042460e-03,5.120470e-06,1.481175e-03,nan,1.476140e-04,1.504833e-04,5.058840e-05,7.249358e-06,9.998798e-01,1.440590e-01,4.032326e-02
8.840000e+02,1.037408e-03,5.094576e-06,1.473903e-03,nan,1.468925e-04,1.497477e-04,5.034112e-05,7.213923e-06,9.998785e-01,1.440622e-01,3.724456e-02
8.850000e+02,1.032381e-03,5.068753e-06,1.466658e-03,nan,1.461736e-04,1.490148e-04,5.009473e-05,7.178615e-06,9.998742e-01,1.440654e-01,3.379273e-02
8.860000e+02,1.027380e-03,5.043262e-06,1.459464e-03,nan,1.454592e-04,1.482864e-04,4.984987e-05,7.143527e-06,9.998754e-01,1.440685e-01,3.127408e-02
8.870000e+02,1.022404e-03,5.017949e-06,1.452317e-03,nan,1.447506e-04,1.475640e-04,4.960701e-05,7.108726e-06,9.998750e-01,1.440717e-01,3.285193e-02
8.880000e+02,1.017452e-03,4.992534e-06,1.445173e-03,nan,1.440416e-04,1.468412e-04,4.936401e-05,7.073904e-06,9.998752e-01,1.440748e-01,3.894496e-02
8.890000e+02,1.012526e-03,4.967307e-06,1.438083e-03,nan,1.433383e-04,1.461241e-04,4.912296e-05,7.039361e-06,9.998746e-01,1.440780e-01,2.989364e-02
8.900000e+02,1.007624e-03,4.942359e-06,1.431040e-03,1.118978e-03,1.426382e-04,1.454103e-04,4.888301e-05,7.004978e-06,9.998668e-01,1.440811e-01,3.198576e-02
8.910000e+02,1.002747e-03,4.917513e-06,1.424022e-03,nan,1.419420e-04,1.447006e-04,4.864441e-05,6.970786e-06,9.998726e-01,1.440841e-01,4.187846e-02
8.920000e+02,9.978946e-04,4.892927e-06,1.417055e-03,nan,1.412515e-04,1.439966e-04,4.840776e-05,6.936876e-06,9.998709e-01,1.440872e-01,3.214407e-02
8.930000e+02,9.930663e-04,4.868240e-06,1.410104e-03,nan,1.405604e-04,1.432920e-04,4.817089e-05,6.902932e-06,9.998656e-01,1.440903e-01,3.475547e-02
8.940000e+02,9.882622e-04,4.843644e-06,1.403191e-03,nan,1.398733e-04,1.425915e-04,4.793541e-05,6.869187e-06,9.998622e-01,1.440933e-01,2.877641e-02
8.950000e+02,9.834822e-04,4.819352e-06,1.396320e-03,nan,1.391913e-04,1.418962e-04,4.770166e-05,6.835691e-06,9.998615e-01,1.440963e-01,2.923822e-02
8.960000e+02,9.787262e-04,4.795045e-06,1.389492e-03,nan,1.385127e-04,1.412043e-04,4.746908e-05,6.802363e-06,9.998540e-01,1.440993e-01,3.101301e-02
8.970000e+02,9.739939e-04,4.770985e-06,1.382678e-03,nan,1.378359e-04,1.405143e-04,4.723710e-05,6.769121e-06,9.998548e-01,1.441023e-01,3.144693e-02
8.980000e+02,9.692854e-04,4.747077e-06,1.375913e-03,nan,1.371657e-04,1.398311e-04,4.700742e-05,6.736209e-06,9.998573e-01,1.441053e-01,3.135061e-02
8.990000e+02,9.646003e-04,4.723316e-06,1.369178e-03,nan,1.364970e-04,1.391493e-04,4.677823e-05,6.703365e-06,9.998583e-01,1.441082e-01,2.980781e-02
9.000000e+02,9.599387e-04,4.699565e-06,1.362485e-03,1.065160e-03,1.358330e-04,1.384723e-04,4.655067e-05,6.670756e-06,9.998604e-01,1.441111e-01,3.034472e-02
9.010000e+02,9.553004e-04,4.676026e-06,1.355821e-03,nan,1.351711e-04,1.377975e-04,4.632380e-05,6.638246e-06,9.998567e-01,1.441141e-01,3.837729e-02
9.020000e+02,9.506855e-04,4.652403e-06,1.349179e-03,nan,1.345128e-04,1.371263e-04,4.609817e-05,6.605913e-06,9.998561e-01,1.441170e-01,3.552246e-02
9.030000e+02,9.460937e-04,4.628898e-06,1.342575e-03,nan,1.338567e-04,1.364575e-04,4.587332e-05,6.573693e-06,9.998591e-01,1.441198e-01,3.002644e-02
9.040000e+02,9.415249e-04,4.605727e-06,1.336012e-03,nan,1.332038e-04,1.357918e-04,4.564954e-05,6.541625e-06,9.998509e-01,1.441227e-01,3.141522e-02
9.050000e+02,9.369791e-04,4.582463e-06,1.329467e-03,nan,1.325534e-04,1.351287e-04,4.542664e-05,6.509685e-06,9.998435e-01,1.441256e-01,2.834034e-02
9.060000e+02,9.324559e-04,4.559538e-06,1.322976e-03,nan,1.319098e-04,1.344725e-04,4.520605e-05,6.478074e-06,9.998488e-01,1.441284e-01,2.991509e-02
9.070000e+02,9.279551e-04,4.536932e-06,1.316524e-03,nan,1.312671e-04,1.338173e-04,4.498576e-05,6.446507e-06,9.998392e-01,1.441312e-01,2.958870e-02
9.080000e+02,9.234768e-04,4.514196e-06,1.310095e-03,nan,1.306302e-04,1.331679e-04,4.476747e-05,6.415226e-06,9.998429e-01,1.441340e-01,3.101754e-02
9.090000e+02,9.190208e-04,4.491639e-06,1.303696e-03,nan,1.299945e-04,1.325198e-04,4.454960e-05,6.384006e-06,9.998451e-01,1.441368e-01,2.852845e-02
9.100000e+02,9.145872e-04,4.469011e-06,1.297325e-03,1.014032e-03,1.293615e-04,1.318745e-04,4.433266e-05,6.352917e-06,9.998440e-01,1.441396e-01,2.879262e-02
9.110000e+02,9.101757e-04,4.446661e-06,1.290989e-03,nan,1.287323e-04,1.312331e-04,4.411703e-05,6.322019e-06,9.998385e-01,1.441423e-01,2.804613e-02
9.120000e+02,9.057863e-04,4.424250e-06,1.284681e-03,nan,1.281056e-04,1.305941e-04,4.390224e-05,6.291240e-06,9.998373e-01,1.441451e-01,5.099583e-02
9.130000e+02,9.014188e-04,4.402209e-06,1.278418e-03,nan,1.274827e-04,1.299590e-04,4.368873e-05,6.260644e-06,9.998345e-01,1.441478e-01,2.876687e-02
9.140000e+02,8.970730e-04,4.380278e-06,1.272183e-03,nan,1.268656e-04,1.293299e-04,4.347724e-05,6.230337e-06,9.998360e-01,1.441505e-01,2.816677e-02
9.150000e+02,8.927490e-04,4.358168e-06,1.265965e-03,nan,1.262462e-04,1.286984e-04,4.326496e-05,6.199918e-06,9.998307e-01,1.441532e-01,2.889204e-02
9.160000e+02,8.884465e-04,4.336399e-06,1.259788e-03,nan,1.256315e-04,1.280718e-04,4.305430e-05,6.169730e-06,9.998323e-01,1.441559e-01,3.118896e-02
9.170000e+02,8.841655e-04,4.314749e-06,1.253654e-03,nan,1.250224e-04,1.274508e-04,4.284554e-05,6.139815e-06,9.998311e-01,1.441585e-01,2.996993e-02
9.180000e+02,8.799057e-04,4.293243e-06,1.247542e-03,nan,1.244153e-04,1.268319e-04,4.263747e-05,6.109999e-06,9.998276e-01,1.441612e-01,2.910233e-02
9.190000e+02,8.756672e-04,4.271763e-06,1.241461e-03,nan,1.238115e-04,1.262162e-04,4.243051e-05,6.080342e-06,9.998277e-01,1.441638e-01,2.909088e-02
9.200000e+02,8.714499e-04,4.250304e-06,1.235403e-03,9.654543e-04,1.232103e-04,1.256033e-04,4.222447e-05,6.050816e-06,9.998242e-01,1.441664e-01,2.732873e-02
9.210000e+02,8.672536e-04,4.229054e-06,1.229383e-03,nan,1.226104e-04,1.249917e-04,4.201887e-05,6.021354e-06,9.998173e-01,1.441690e-01,3.330159e-02
9.220000e+02,8.630781e-04,4.208067e-06,1.223392e-03,nan,1.220155e-04,1.243852e-04,4.181499e-05,5.992138e-06,9.998228e-01,1.441716e-01,3.025985e-02
9.230000e+02,8.589236e-04,4.186851e-06,1.217421e-03,nan,1.214217e-04,1.237799e-04,4.161148e-05,5.962976e-06,9.998146e-01,1.441742e-01,3.022742e-02
9.240000e+02,8.547897e-04,4.166093e-06,1.211499e-03,nan,1.208346e-04,1.231813e-04,4.141024e-05,5.934139e-06,9.998233e-01,1.441768e-01,2.975011e-02
9.250000e+02,8.506763e-04,4.145298e-06,1.205593e-03,nan,1.202469e-04,1.225821e-04,4.120884e-05,5.905277e-06,9.998185e-01,1.441793e-01,3.623390e-02
9.260000e+02,8.465835e-04,4.124514e-06,1.199728e-03,nan,1.196636e-04,1.219875e-04,4.100893e-05,5.876630e-06,9.998142e-01,1.441818e-01,3.152943e-02
9.270000e+02,8.425110e-04,4.103925e-06,1.193893e-03,nan,1.190828e-04,1.213953e-04,4.080985e-05,5.848103e-06,9.998091e-01,1.441844e-01,3.189516e-02
9.280000e+02,8.384587e-04,4.083541e-06,1.188078e-03,nan,1.185066e-04,1.208079e-04,4.061237e-05,5.819805e-06,9.998168e-01,1.441869e-01,3.581691e-02
9.290000e+02,8.344268e-04,4.062866e-06,1.182281e-03,nan,1.179294e-04,1.202194e-04,4.041456e-05,5.791458e-06,9.998089e-01,1.441894e-01,3.846693e-02
9.300000e+02,8.304148e-04,4.042819e-06,1.176544e-03,9.192987e-04,1.173585e-04,1.196374e-04,4.021890e-05,5.763421e-06,9.998028e-01,1.441918e-01,3.363132e-02
9.310000e+02,8.264227e-04,4.022692e-06,1.170815e-03,nan,1.167896e-04,1.190575e-04,4.002394e-05,5.735482e-06,9.998024e-01,1.441943e-01,3.079867e-02
9.320000e+02,8.224505e-04,4.002612e-06,1.165117e-03,nan,1.162230e-04,1.184798e-04,3.982974e-05,5.707654e-06,9.998033e-01,1.441968e-01,4.703403e-02
9.330000e+02,8.184979e-04,3.982792e-06,1.159470e-03,nan,1.156609e-04,1.179067e-04,3.963709e-05,5.680046e-06,9.998032e-01,1.441992e-01,3.987575e-02
9.340000e+02,8.145649e-04,3.963002e-06,1.153835e-03,nan,1.151012e-04,1.173361e-04,3.944527e-05,5.652559e-06,9.998031e-01,1.442016e-01,3.814197e-02
9.350000e+02,8.106515e-04,3.943203e-06,1.148222e-03,nan,1.145425e-04,1.167666e-04,3.925381e-05,5.625123e-06,9.997981e-01,1.442040e-01,4.137063e-02
9.360000e+02,8.067575e-04,3.923550e-06,1.142633e-03,nan,1.139874e-04,1.162006e-04,3.906354e-05,5.597857e-06,9.997966e-01,1.442064e-01,2.933216e-02
9.370000e+02,8.028828e-04,3.904057e-06,1.137092e-03,nan,1.134359e-04,1.156383e-04,3.887453e-05,5.570772e-06,9.997944e-01,1.442088e-01,3.021836e-02
9.380000e+02,7.990275e-04,3.884537e-06,1.131564e-03,nan,1.128864e-04,1.150782e-04,3.868621e-05,5.543787e-06,9.997890e-01,1.442112e-01,2.874780e-02
9.390000e+02,7.951913e-04,3.865101e-06,1.126054e-03,nan,1.123390e-04,1.145201e-04,3.849861e-05,5.516904e-06,9.997950e-01,1.442135e-01,3.279686e-02
9.400000e+02,7.913743e-04,3.845843e-06,1.120579e-03,8.754460e-04,1.117932e-04,1.139636e-04,3.831153e-05,5.490095e-06,9.997883e-01,1.442159e-01,3.382158e-02
9.410000e+02,7.875760e-04,3.826847e-06,1.115148e-03,nan,1.112534e-04,1.134133e-04,3.812652e-05,5.463584e-06,9.997867e-01,1.442182e-01,3.079224e-02
9.420000e+02,7.837967e-04,3.807662e-06,1.109727e-03,nan,1.107133e-04,1.128627e-04,3.794144e-05,5.437061e-06,9.997745e-01,1.442205e-01,3.006434e-02
9.430000e+02,7.800361e-04,3.788785e-06,1.104339e-03,nan,1.101778e-04,1.123167e-04,3.775789e-05,5.410759e-06,9.997765e-01,1.442228e-01,3.295422e-02
9.440000e+02,7.762941e-04,3.770009e-06,1.098989e-03,nan,1.096464e-04,1.117750e-04,3.757578e-05,5.384662e-06,9.997823e-01,1.442251e-01,2.805305e-02
9.450000e+02,7.725707e-04,3.751286e-06,1.093657e-03,nan,1.091151e-04,1.112333e-04,3.739369e-05,5.358568e-06,9.997756e-01,1.442274e-01,3.071785e-02
9.460000e+02,7.688657e-04,3.732637e-06,1.088346e-03,nan,1.085870e-04,1.106950e-04,3.721271e-05,5.332635e-06,9.997731e-01,1.442296e-01,2.959657e-02
9.470000e+02,7.651791e-04,3.714019e-06,1.083062e-03,nan,1.080603e-04,1.101579e-04,3.703217e-05,5.306764e-06,9.997591e-01,1.442319e-01,3.213429e-02
9.480000e+02,7.615108e-04,3.695520e-06,1.077814e-03,nan,1.075387e-04,1.096262e-04,3.685343e-05,5.281150e-06,9.997691e-01,1.442341e-01,3.249598e-02
9.490000e+02,7.578606e-04,3.677218e-06,1.072588e-03,nan,1.070185e-04,1.090958e-04,3.667513e-05,5.255600e-06,9.997599e-01,1.442363e-01,3.048491e-02
9.500000e+02,7.542285e-04,3.659054e-06,1.067399e-03,8.337558e-04,1.065028e-04,1.085701e-04,3.649838e-05,5.230272e-06,9.997621e-01,1.442386e-01,2.838159e-02
9.510000e+02,7.506141e-04,3.641042e-06,1.062228e-03,nan,1.059886e-04,1.080459e-04,3.632218e-05,5.205022e-06,9.997608e-01,1.442408e-01,3.418398e-02
9.520000e+02,7.470179e-04,3.622797e-06,1.057069e-03,nan,1.054752e-04,1.075225e-04,3.614622e-05,5.179806e-06,9.997533e-01,1.442429e-01,2.954268e-02
9.530000e+02,7.434394e-04,3.604762e-06,1.051949e-03,nan,1.049663e-04,1.070037e-04,3.597179e-05,5.154812e-06,9.997593e-01,1.442451e-01,3.307557e-02
9.540000e+02,7.398786e-04,3.586929e-06,1.046856e-03,nan,1.044593e-04,1.064868e-04,3.579804e-05,5.129913e-06,9.997521e-01,1.442473e-01,3.380322e-02
9.550000e+02,7.363355e-04,3.569126e-06,1.041769e-03,nan,1.039535e-04,1.059712e-04,3.562471e-05,5.105074e-06,9.997473e-01,1.442494e-01,2.952409e-02
9.560000e+02,7.328099e-04,3.551388e-06,1.036728e-03,nan,1.034520e-04,1.054599e-04,3.545282e-05,5.080443e-06,9.997460e-01,1.442516e-01,5.337787e-02
9.570000e+02,7.293017e-04,3.533938e-06,1.031721e-03,nan,1.029533e-04,1.049515e-04,3.528191e-05,5.055951e-06,9.997467e-01,1.442537e-01,3.470278e-02
9.580000e+02,7.258106e-04,3.516554e-06,1.026738e-03,nan,1.024581e-04,1.044466e-04,3.511220e-05,5.031632e-06,9.997512e-01,1.442558e-01,3.553748e-02
9.590000e+02,7.223367e-04,3.499205e-06,1.021775e-03,nan,1.019630e-04,1.039419e-04,3.494251e-05,5.007316e-06,9.997333e-01,1.442579e-01,3.339577e-02
9.600000e+02,7.188800e-04,3.481832e-06,1.016833e-03,7.941367e-04,1.014727e-04,1.034421e-04,3.477449e-05,4.983239e-06,9.997417e-01,1.442600e-01,3.716373e-02
9.610000e+02,7.154406e-04,3.464477e-06,1.011896e-03,nan,1.009795e-04,1.029393e-04,3.460546e-05,4.959017e-06,9.997343e-01,1.442621e-01,3.197622e-02
9.620000e+02,7.120180e-04,3.447380e-06,1.007009e-03,nan,1.004946e-04,1.024449e-04,3.443927e-05,4.935202e-06,9.997396e-01,1.442642e-01,3.861475e-02
9.630000e+02,7.086124e-04,3.430230e-06,1.002131e-03,nan,1.000087e-04,1.019496e-04,3.427275e-05,4.911339e-06,9.997337e-01,1.442662e-01,3.343940e-02
9.640000e+02,7.052239e-04,3.413040e-06,9.972733e-04,nan,9.952402e-05,1.014554e-04,3.410663e-05,4.887534e-06,9.997292e-01,1.442683e-01,3.068066e-02
9.650000e+02,7.018522e-04,3.395968e-06,9.924371e-04,nan,9.904229e-05,1.009643e-04,3.394153e-05,4.863876e-06,9.997156e-01,1.442703e-01,3.677940e-02
9.660000e+02,6.984971e-04,3.379277e-06,9.876524e-04,nan,9.856713e-05,1.004799e-04,3.377869e-05,4.840540e-06,9.997261e-01,1.442723e-01,3.199482e-02
9.670000e+02,6.951584e-04,3.362639e-06,9.828704e-04,nan,9.809113e-05,9.999461e-05,3.361555e-05,4.817163e-06,9.997230e-01,1.442744e-01,3.009987e-02
9.680000e+02,6.918362e-04,3.346067e-06,9.781240e-04,nan,9.761863e-05,9.951291e-05,3.345362e-05,4.793958e-06,9.997177e-01,1.442764e-01,3.223920e-02
9.690000e+02,6.885303e-04,3.329627e-06,9.734050e-04,nan,9.714878e-05,9.903392e-05,3.329259e-05,4.770883e-06,9.997213e-01,1.442784e-01,3.353620e-02
9.700000e+02,6.852407e-04,3.313178e-06,9.686988e-04,7.564753e-04,9.668004e-05,9.855605e-05,3.313194e-05,4.747862e-06,9.997122e-01,1.442803e-01,3.212094e-02
9.710000e+02,6.819672e-04,3.296833e-06,9.640303e-04,nan,9.621460e-05,9.808155e-05,3.297243e-05,4.725004e-06,9.997066e-01,1.442823e-01,3.815508e-02
9.720000e+02,6.787098e-04,3.280622e-06,9.593765e-04,nan,9.575056e-05,9.760846e-05,3.281339e-05,4.702214e-06,9.997042e-01,1.442843e-01,3.396201e-02
9.730000e+02,6.754685e-04,3.264422e-06,9.547475e-04,nan,9.529023e-05,9.713918e-05,3.265563e-05,4.679606e-06,9.997070e-01,1.442862e-01,3.127074e-02
9.740000e+02,6.722433e-04,3.248145e-06,9.501257e-04,nan,9.483090e-05,9.667090e-05,3.249821e-05,4.657048e-06,9.997020e-01,1.442881e-01,3.210831e-02
9.750000e+02,6.690342e-04,3.231897e-06,9.455370e-04,nan,9.437221e-05,9.620328e-05,3.234101e-05,4.634521e-06,9.996937e-01,1.442901e-01,3.084016e-02
9.760000e+02,6.658409e-04,3.215915e-06,9.409603e-04,nan,9.391739e-05,9.573960e-05,3.218513e-05,4.612184e-06,9.996895e-01,1.442920e-01,3.209901e-02
9.770000e+02,6.626634e-04,3.199991e-06,9.364188e-04,nan,9.346550e-05,9.527892e-05,3.203026e-05,4.589991e-06,9.996903e-01,1.442939e-01,2.894306e-02
9.780000e+02,6.595016e-04,3.184128e-06,9.319016e-04,nan,9.301613e-05,9.482080e-05,3.187626e-05,4.567922e-06,9.996849e-01,1.442958e-01,3.305149e-02
9.790000e+02,6.563552e-04,3.168521e-06,9.274065e-04,nan,9.256740e-05,9.436333e-05,3.172247e-05,4.545884e-06,9.996815e-01,1.442977e-01,3.357577e-02
9.800000e+02,6.532244e-04,3.152906e-06,9.229357e-04,7.206536e-04,9.212365e-05,9.391095e-05,3.157039e-05,4.524091e-06,9.996889e-01,1.442995e-01,3.185487e-02
9.810000e+02,6.501088e-04,3.137469e-06,9.184901e-04,nan,9.168055e-05,9.345922e-05,3.141853e-05,4.502330e-06,9.996674e-01,1.443014e-01,3.186917e-02
9.820000e+02,6.470085e-04,3.122054e-06,9.140610e-04,nan,9.123937e-05,9.300946e-05,3.126733e-05,4.480664e-06,9.996780e-01,1.443032e-01,4.670691e-02
9.830000e+02,6.439233e-04,3.106813e-06,9.096731e-04,nan,9.080250e-05,9.256407e-05,3.111761e-05,4.459208e-06,9.996762e-01,1.443051e-01,3.378129e-02
9.840000e+02,6.408532e-04,3.091591e-06,9.052844e-04,nan,9.036553e-05,9.211860e-05,3.096785e-05,4.437748e-06,9.996685e-01,1.443069e-01,3.901005e-02
9.850000e+02,6.377981e-04,3.076492e-06,9.009405e-04,nan,8.993309e-05,9.167774e-05,3.081965e-05,4.416510e-06,9.996718e-01,1.443087e-01,3.020000e-02
9.860000e+02,6.347581e-04,3.061221e-06,8.965928e-04,nan,8.949880e-05,9.123500e-05,3.067081e-05,4.395182e-06,9.996552e-01,1.443105e-01,3.856707e-02
9.870000e+02,6.317332e-04,3.046066e-06,8.922699e-04,nan,8.906869e-05,9.079652e-05,3.052341e-05,4.374059e-06,9.996603e-01,1.443123e-01,3.431678e-02
9.880000e+02,6.287232e-04,3.030962e-06,8.879618e-04,nan,8.863975e-05,9.035924e-05,3.037640e-05,4.352993e-06,9.996537e-01,1.443141e-01,3.212452e-02
9.890000e+02,6.257278e-04,3.016173e-06,8.836910e-04,nan,8.821504e-05,8.992626e-05,3.023085e-05,4.332135e-06,9.996567e-01,1.443159e-01,2.790809e-02
9.900000e+02,6.227474e-04,3.001124e-06,8.794265e-04,6.866033e-04,8.779000e-05,8.949295e-05,3.008518e-05,4.311261e-06,9.996537e-01,1.443177e-01,2.954555e-02
9.910000e+02,6.197816e-04,2.986332e-06,8.751931e-04,nan,8.736713e-05,8.906185e-05,2.994026e-05,4.290493e-06,9.996477e-01,1.443194e-01,2.977705e-02
9.920000e+02,6.168304e-04,2.971543e-06,8.709691e-04,nan,8.694733e-05,8.863388e-05,2.979639e-05,4.269876e-06,9.996496e-01,1.443212e-01,2.887034e-02
9.930000e+02,6.138938e-04,2.956863e-06,8.667735e-04,nan,8.652936e-05,8.820778e-05,2.965314e-05,4.249349e-06,9.996411e-01,1.443229e-01,3.075123e-02
9.940000e+02,6.109716e-04,2.942421e-06,8.626119e-04,nan,8.611565e-05,8.778601e-05,2.951136e-05,4.229032e-06,9.996477e-01,1.443247e-01,3.144050e-02
9.950000e+02,6.080636e-04,2.927916e-06,8.584626e-04,nan,8.570141e-05,8.736371e-05,2.936939e-05,4.208688e-06,9.996307e-01,1.443264e-01,2.956533e-02
9.960000e+02,6.051701e-04,2.913454e-06,8.543193e-04,nan,8.528681e-05,8.694105e-05,2.922730e-05,4.188327e-06,9.996214e-01,1.443281e-01,3.233075e-02
9.970000e+02,6.022905e-04,2.899378e-06,8.502270e-04,nan,8.488076e-05,8.652709e-05,2.908814e-05,4.168385e-06,9.996365e-01,1.443298e-01,2.959609e-02
9.980000e+02,5.994250e-04,2.885139e-06,8.461403e-04,nan,8.447426e-05,8.611268e-05,2.894883e-05,4.148421e-06,9.996291e-01,1.443315e-01,3.430367e-02
9.990000e+02,5.965736e-04,2.870921e-06,8.420683e-04,nan,8.406721e-05,8.569771e-05,2.880933e-05,4.128431e-06,9.996133e-01,1.443332e-01,3.532219e-02
1.000000e+03,5.937363e-04,2.856712e-06,8.380132e-04,6.542229e-04,8.366246e-05,8.528509e-05,2.867062e-05,4.108553e-06,9.996142e-01,1.443349e-01,2.999234e-02
1.001000e+03,5.909126e-04,2.842951e-06,8.340038e-04,nan,8.326463e-05,8.487953e-05,2.853428e-05,4.089016e-06,9.996168e-01,1.443365e-01,3.554511e-02
1.002000e+03,5.881029e-04,2.828856e-06,8.299890e-04,nan,8.286310e-05,8.447018e-05,2.839667e-05,4.069296e-06,9.996056e-01,1.443382e-01,3.770614e-02
1.003000e+03,5.853070e-04,2.815007e-06,8.260067e-04,nan,8.246584e-05,8.406519e-05,2.826052e-05,4.049786e-06,9.995999e-01,1.443398e-01,3.260756e-02
1.004000e+03,5.825247e-04,2.801188e-06,8.220400e-04,nan,8.207044e-05,8.366210e-05,2.812501e-05,4.030368e-06,9.995979e-01,1.443415e-01,3.509784e-02
1.005000e+03,5.797561e-04,2.787425e-06,8.180831e-04,nan,8.167786e-05,8.326188e-05,2.799047e-05,4.011088e-06,9.996092e-01,1.443431e-01,3.460884e-02
1.006000e+03,5.770009e-04,2.773823e-06,8.141625e-04,nan,8.128636e-05,8.286277e-05,2.785630e-05,3.991861e-06,9.995918e-01,1.443447e-01,2.884984e-02
1.007000e+03,5.742594e-04,2.760125e-06,8.102469e-04,nan,8.089616e-05,8.246498e-05,2.772257e-05,3.972698e-06,9.995887e-01,1.443463e-01,3.295517e-02
1.008000e+03,5.715312e-04,2.746712e-06,8.063645e-04,nan,8.050894e-05,8.207022e-05,2.758987e-05,3.953681e-06,9.995852e-01,1.443479e-01,3.248310e-02
1.009000e+03,5.688165e-04,2.733042e-06,8.024798e-04,nan,8.012103e-05,8.167477e-05,2.745693e-05,3.934631e-06,9.995735e-01,1.443495e-01,3.576231e-02
1.010000e+03,5.661149e-04,2.719766e-06,7.986403e-04,6.234135e-04,7.973967e-05,8.128599e-05,2.732623e-05,3.915902e-06,9.995807e-01,1.443511e-01,3.199363e-02
1.011000e+03,5.634267e-04,2.706372e-06,7.947988e-04,nan,7.935598e-05,8.089484e-05,2.719474e-05,3.897059e-06,9.995733e-01,1.443527e-01,2.875996e-02
1.012000e+03,5.607516e-04,2.693124e-06,7.909813e-04,nan,7.897584e-05,8.050730e-05,2.706446e-05,3.878390e-06,9.995607e-01,1.443542e-01,4.030871e-02
1.013000e+03,5.580896e-04,2.679983e-06,7.871935e-04,nan,7.859812e-05,8.012224e-05,2.693501e-05,3.859840e-06,9.995622e-01,1.443558e-01,2.924275e-02
1.014000e+03,5.554406e-04,2.666811e-06,7.834205e-04,nan,7.822211e-05,7.973892e-05,2.680614e-05,3.841374e-06,9.995572e-01,1.443574e-01,3.081560e-02
1.015000e+03,5.528045e-04,2.653802e-06,7.796683e-04,nan,7.784683e-05,7.935633e-05,2.667753e-05,3.822943e-06,9.995490e-01,1.443589e-01,3.035951e-02
1.016000e+03,5.501811e-04,2.640966e-06,7.759425e-04,nan,7.747609e-05,7.897839e-05,2.655048e-05,3.804736e-06,9.995493e-01,1.443604e-01,3.190160e-02
1.017000e+03,5.475706e-04,2.628100e-06,7.722179e-04,nan,7.710537e-05,7.860046e-05,2.642343e-05,3.786530e-06,9.995470e-01,1.443619e-01,2.911186e-02
1.018000e+03,5.449727e-04,2.615324e-06,7.685244e-04,nan,7.673693e-05,7.822485e-05,2.629716e-05,3.768435e-06,9.995466e-01,1.443635e-01,3.354883e-02
1.019000e+03,5.423877e-04,2.602311e-06,7.648285e-04,nan,7.636710e-05,7.784783e-05,2.617041e-05,3.750273e-06,9.995397e-01,1.443650e-01,3.010106e-02
1.020000e+03,5.398152e-04,2.589724e-06,7.611732e-04,5.941187e-04,7.600231e-05,7.747595e-05,2.604540e-05,3.732358e-06,9.995324e-01,1.443665e-01,3.168464e-02
1.021000e+03,5.372553e-04,2.576984e-06,7.575227e-04,nan,7.563925e-05,7.710582e-05,2.592097e-05,3.714528e-06,9.995358e-01,1.443680e-01,3.110623e-02
1.022000e+03,5.347080e-04,2.564311e-06,7.538851e-04,nan,7.527673e-05,7.673626e-05,2.579673e-05,3.696724e-06,9.995246e-01,1.443694e-01,3.238249e-02
1.023000e+03,5.321732e-04,2.551733e-06,7.502705e-04,nan,7.491501e-05,7.636750e-05,2.567277e-05,3.678960e-06,9.995130e-01,1.443709e-01,3.268671e-02
1.024000e+03,5.296508e-04,2.539180e-06,7.466745e-04,nan,7.455689e-05,7.600242e-05,2.555004e-05,3.661373e-06,9.995165e-01,1.443724e-01,3.211904e-02
1.025000e+03,5.271408e-04,2.526703e-06,7.430929e-04,nan,7.419950e-05,7.563809e-05,2.542756e-05,3.643821e-06,9.995160e-01,1.443738e-01,3.039813e-02
1.026000e+03,5.246433e-04,2.514149e-06,7.395251e-04,nan,7.384357e-05,7.527523e-05,2.530557e-05,3.626341e-06,9.995040e-01,1.443753e-01,3.017187e-02
1.027000e+03,5.221581e-04,2.501646e-06,7.359689e-04,nan,7.348955e-05,7.491433e-05,2.518425e-05,3.608955e-06,9.994984e-01,1.443767e-01,3.082919e-02
1.028000e+03,5.196851e-04,2.489352e-06,7.324401e-04,nan,7.313668e-05,7.455460e-05,2.506332e-05,3.591625e-06,9.994987e-01,1.443782e-01,3.244877e-02
1.029000e+03,5.172242e-04,2.477202e-06,7.289380e-04,nan,7.278796e-05,7.419910e-05,2.494381e-05,3.574500e-06,9.994836e-01,1.443796e-01,4.532647e-02
1.030000e+03,5.147752e-04,2.465181e-06,7.254553e-04,5.662356e-04,7.244114e-05,7.384554e-05,2.482495e-05,3.557467e-06,9.994855e-01,1.443810e-01,3.625464e-02
1.031000e+03,5.123383e-04,2.453006e-06,7.219687e-04,nan,7.209245e-05,7.349007e-05,2.470545e-05,3.540343e-06,9.994740e-01,1.443824e-01,3.363633e-02
1.032000e+03,5.099131e-04,2.441197e-06,7.185257e-04,nan,7.174916e-05,7.314011e-05,2.458780e-05,3.523484e-06,9.994712e-01,1.443838e-01,4.484892e-02
1.033000e+03,5.074996e-04,2.429366e-06,7.150956e-04,nan,7.140715e-05,7.279144e-05,2.447059e-05,3.506688e-06,9.994680e-01,1.443852e-01,3.148961e-02
1.034000e+03,5.050978e-04,2.417603e-06,7.116797e-04,nan,7.106667e-05,7.244434e-05,2.435391e-05,3.489966e-06,9.994630e-01,1.443866e-01,3.481269e-02
1.035000e+03,5.027077e-04,2.405816e-06,7.082847e-04,nan,7.072734e-05,7.209842e-05,2.423762e-05,3.473302e-06,9.994515e-01,1.443880e-01,3.539371e-02
1.036000e+03,5.003292e-04,2.394184e-06,7.049128e-04,nan,7.039224e-05,7.175681e-05,2.412278e-05,3.456845e-06,9.994547e-01,1.443894e-01,2.912784e-02
1.037000e+03,4.979623e-04,2.382479e-06,7.015322e-04,nan,7.005414e-05,7.141214e-05,2.400691e-05,3.440241e-06,9.994459e-01,1.443907e-01,3.077531e-02
1.038000e+03,4.956068e-04,2.370956e-06,6.981889e-04,nan,6.972157e-05,7.107310e-05,2.389293e-05,3.423908e-06,9.994461e-01,1.443921e-01,3.266716e-02
1.039000e+03,4.932628e-04,2.359346e-06,6.948472e-04,nan,6.938814e-05,7.073319e-05,2.377866e-05,3.407533e-06,9.994361e-01,1.443934e-01,4.037142e-02
1.040000e+03,4.909303e-04,2.347841e-06,6.915260e-04,5.397260e-04,6.905649e-05,7.039509e-05,2.366500e-05,3.391246e-06,9.994243e-01,1.443948e-01,3.235793e-02
1.041000e+03,4.886091e-04,2.336317e-06,6.882203e-04,nan,6.872799e-05,7.006020e-05,2.355242e-05,3.375113e-06,9.994214e-01,1.443961e-01,3.262186e-02
1.042000e+03,4.862995e-04,2.324789e-06,6.849226e-04,nan,6.839926e-05,6.972508e-05,2.343977e-05,3.358969e-06,9.994259e-01,1.443974e-01,3.102374e-02
1.043000e+03,4.840010e-04,2.313480e-06,6.816570e-04,nan,6.807393e-05,6.939343e-05,2.332827e-05,3.342992e-06,9.994130e-01,1.443987e-01,3.931260e-02
1.044000e+03,4.817138e-04,2.302132e-06,6.783913e-04,nan,6.774740e-05,6.906056e-05,2.321637e-05,3.326957e-06,9.994134e-01,1.444001e-01,3.278852e-02
1.045000e+03,4.794377e-04,2.290850e-06,6.751578e-04,nan,6.742496e-05,6.873186e-05,2.310587e-05,3.311122e-06,9.994060e-01,1.444014e-01,3.088856e-02
1.046000e+03,4.771728e-04,2.279694e-06,6.719369e-04,nan,6.710389e-05,6.840455e-05,2.299584e-05,3.295354e-06,9.993935e-01,1.444027e-01,3.047562e-02
1.047000e+03,4.749188e-04,2.268678e-06,6.687328e-04,nan,6.678414e-05,6.807858e-05,2.288625e-05,3.279651e-06,9.993902e-01,1.444039e-01,3.213906e-02
1.048000e+03,4.726757e-04,2.257655e-06,6.655487e-04,nan,6.646679e-05,6.775506e-05,2.277750e-05,3.264066e-06,9.993886e-01,1.444052e-01,4.367781e-02
1.049000e+03,4.704433e-04,2.246885e-06,6.623894e-04,nan,6.615164e-05,6.743379e-05,2.266950e-05,3.248589e-06,9.993755e-01,1.444065e-01,4.058957e-02
1.050000e+03,4.682218e-04,2.236004e-06,6.592286e-04,5.145039e-04,6.583679e-05,6.711281e-05,2.256159e-05,3.233126e-06,9.993818e-01,1.444078e-01,2.900243e-02
1.051000e+03,4.660109e-04,2.225251e-06,6.561029e-04,nan,6.552371e-05,6.679365e-05,2.245430e-05,3.217751e-06,9.993647e-01,1.444090e-01,4.397988e-02
1.052000e+03,4.638107e-04,2.214525e-06,6.529738e-04,nan,6.521187e-05,6.647575e-05,2.234743e-05,3.202436e-06,9.993623e-01,1.444103e-01,3.455758e-02
1.053000e+03,4.616212e-04,2.203769e-06,6.498611e-04,nan,6.490174e-05,6.615960e-05,2.224115e-05,3.187206e-06,9.993571e-01,1.444115e-01,3.293157e-02
1.054000e+03,4.594423e-04,2.193100e-06,6.467681e-04,nan,6.459225e-05,6.584410e-05,2.213508e-05,3.172007e-06,9.993594e-01,1.444128e-01,3.092217e-02
1.055000e+03,4.572739e-04,2.182511e-06,6.436860e-04,nan,6.428460e-05,6.553047e-05,2.202965e-05,3.156898e-06,9.993425e-01,1.444140e-01,3.683925e-02
1.056000e+03,4.551161e-04,2.171888e-06,6.406187e-04,nan,6.397832e-05,6.521823e-05,2.192468e-05,3.141857e-06,9.993388e-01,1.444153e-01,3.905487e-02
1.057000e+03,4.529686e-04,2.161499e-06,6.375744e-04,nan,6.367622e-05,6.491027e-05,2.182115e-05,3.127021e-06,9.993414e-01,1.444165e-01,3.082108e-02
1.058000e+03,4.508317e-04,2.150813e-06,6.345229e-04,nan,6.337070e-05,6.459881e-05,2.171645e-05,3.112016e-06,9.993289e-01,1.444177e-01,3.111482e-02
1.059000e+03,4.487054e-04,2.140119e-06,6.314886e-04,nan,6.306700e-05,6.428921e-05,2.161237e-05,3.097102e-06,9.993162e-01,1.444189e-01,3.000641e-02
1.060000e+03,4.465894e-04,2.129805e-06,6.284778e-04,4.904905e-04,6.276895e-05,6.398537e-05,2.151023e-05,3.082465e-06,9.993271e-01,1.444201e-01,2.884269e-02
1.061000e+03,4.444837e-04,2.119349e-06,6.254845e-04,nan,6.246794e-05,6.367851e-05,2.140707e-05,3.067682e-06,9.992973e-01,1.444213e-01,3.505111e-02
1.062000e+03,4.423883e-04,2.108996e-06,6.224921e-04,nan,6.217039e-05,6.337518e-05,2.130510e-05,3.053069e-06,9.993004e-01,1.444225e-01,3.234816e-02
1.063000e+03,4.403031e-04,2.098743e-06,6.195260e-04,nan,6.187498e-05,6.307404e-05,2.120386e-05,3.038562e-06,9.992889e-01,1.444237e-01,3.176260e-02
1.064000e+03,4.382282e-04,2.088427e-06,6.165601e-04,nan,6.157820e-05,6.277148e-05,2.110215e-05,3.023987e-06,9.992856e-01,1.444248e-01,3.080797e-02
1.065000e+03,4.361633e-04,2.078210e-06,6.136271e-04,nan,6.128544e-05,6.247304e-05,2.100183e-05,3.009610e-06,9.992714e-01,1.444260e-01,3.445792e-02
1.066000e+03,4.341086e-04,2.068044e-06,6.107007e-04,nan,6.099350e-05,6.217543e-05,2.090178e-05,2.995273e-06,9.992725e-01,1.444272e-01,4.222655e-02
1.067000e+03,4.320637e-04,2.058082e-06,6.078010e-04,nan,6.070421e-05,6.188052e-05,2.080263e-05,2.981066e-06,9.992662e-01,1.444283e-01,3.719306e-02
1.068000e+03,4.300288e-04,2.048019e-06,6.049026e-04,nan,6.041345e-05,6.158411e-05,2.070299e-05,2.966786e-06,9.992615e-01,1.444295e-01,3.603935e-02
1.069000e+03,4.280038e-04,2.038146e-06,6.020270e-04,nan,6.012739e-05,6.129249e-05,2.060496e-05,2.952738e-06,9.992586e-01,1.444306e-01,3.375292e-02
1.070000e+03,4.259885e-04,2.028300e-06,5.991703e-04,4.676377e-04,5.984043e-05,6.099997e-05,2.050662e-05,2.938646e-06,9.992374e-01,1.444318e-01,3.398299e-02
1.071000e+03,4.239831e-04,2.018397e-06,5.963093e-04,nan,5.955532e-05,6.070932e-05,2.040891e-05,2.924644e-06,9.992325e-01,1.444329e-01,3.244328e-02
1.072000e+03,4.219872e-04,2.008747e-06,5.934794e-04,nan,5.927311e-05,6.042163e-05,2.031219e-05,2.910785e-06,9.992316e-01,1.444340e-01,3.005314e-02
1.073000e+03,4.200010e-04,1.999147e-06,5.906752e-04,nan,5.899395e-05,6.013704e-05,2.021652e-05,2.897075e-06,9.992268e-01,1.444351e-01,3.012872e-02
1.074000e+03,4.180243e-04,1.989500e-06,5.878731e-04,nan,5.871326e-05,5.985090e-05,2.012033e-05,2.883290e-06,9.992107e-01,1.444362e-01,4.123569e-02
1.075000e+03,4.160571e-04,1.979895e-06,5.850732e-04,nan,5.843396e-05,5.956618e-05,2.002461e-05,2.869574e-06,9.991997e-01,1.444373e-01,3.469610e-02
1.076000e+03,4.140993e-04,1.970471e-06,5.823110e-04,nan,5.815770e-05,5.928455e-05,1.992994e-05,2.856007e-06,9.991966e-01,1.444384e-01,3.226280e-02
1.077000e+03,4.121511e-04,1.960902e-06,5.795325e-04,nan,5.788085e-05,5.900232e-05,1.983506e-05,2.842411e-06,9.991885e-01,1.444395e-01,2.933550e-02
1.078000e+03,4.102123e-04,1.951367e-06,5.767830e-04,nan,5.760537e-05,5.872149e-05,1.974065e-05,2.828882e-06,9.991775e-01,1.444406e-01,3.970981e-02
1.079000e+03,4.082829e-04,1.942005e-06,5.740530e-04,nan,5.733297e-05,5.844380e-05,1.964730e-05,2.815505e-06,9.991768e-01,1.444417e-01,4.756403e-02
1.080000e+03,4.063628e-04,1.932601e-06,5.713299e-04,4.458976e-04,5.706200e-05,5.816757e-05,1.955444e-05,2.802198e-06,9.991740e-01,1.444428e-01,3.698325e-02
1.081000e+03,4.044521e-04,1.923115e-06,5.686010e-04,nan,5.678961e-05,5.788989e-05,1.946109e-05,2.788821e-06,9.991628e-01,1.444439e-01,3.708029e-02
1.082000e+03,4.025507e-04,1.913816e-06,5.659017e-04,nan,5.652041e-05,5.761546e-05,1.936883e-05,2.775600e-06,9.991593e-01,1.444449e-01,3.188252e-02
1.083000e+03,4.006584e-04,1.904576e-06,5.632141e-04,nan,5.625053e-05,5.734034e-05,1.927635e-05,2.762347e-06,9.991373e-01,1.444460e-01,3.453493e-02
1.084000e+03,3.987753e-04,1.895370e-06,5.605424e-04,nan,5.598434e-05,5.706898e-05,1.918512e-05,2.749274e-06,9.991376e-01,1.444470e-01,3.431988e-02
1.085000e+03,3.969013e-04,1.886140e-06,5.578842e-04,nan,5.571875e-05,5.679823e-05,1.909411e-05,2.736231e-06,9.991170e-01,1.444481e-01,3.202534e-02
1.086000e+03,3.950365e-04,1.876916e-06,5.552198e-04,nan,5.545317e-05,5.652750e-05,1.900309e-05,2.723189e-06,9.991260e-01,1.444491e-01,4.883742e-02
1.087000e+03,3.931807e-04,1.867952e-06,5.525992e-04,nan,5.519127e-05,5.626051e-05,1.891334e-05,2.710327e-06,9.990992e-01,1.444502e-01,4.010153e-02
1.088000e+03,3.913339e-04,1.858804e-06,5.499687e-04,nan,5.492850e-05,5.599264e-05,1.882329e-05,2.697422e-06,9.990997e-01,1.444512e-01,3.817558e-02
1.089000e+03,3.894959e-04,1.849870e-06,5.473671e-04,nan,5.466931e-05,5.572842e-05,1.873446e-05,2.684694e-06,9.990953e-01,1.444522e-01,3.411770e-02
1.090000e+03,3.876669e-04,1.840922e-06,5.447650e-04,4.251947e-04,5.440939e-05,5.546345e-05,1.864538e-05,2.671929e-06,9.990827e-01,1.444532e-01,3.555059e-02
1.091000e+03,3.858467e-04,1.831936e-06,5.421747e-04,nan,5.415086e-05,5.519990e-05,1.855679e-05,2.659233e-06,9.990774e-01,1.444542e-01,4.254508e-02
1.092000e+03,3.840353e-04,1.823236e-06,5.396145e-04,nan,5.389570e-05,5.493979e-05,1.846935e-05,2.646703e-06,9.990634e-01,1.444552e-01,3.643131e-02
1.093000e+03,3.822325e-04,1.814446e-06,5.370518e-04,nan,5.363955e-05,5.467867e-05,1.838156e-05,2.634123e-06,9.990608e-01,1.444562e-01,3.661489e-02
1.094000e+03,3.804385e-04,1.805666e-06,5.345104e-04,nan,5.338545e-05,5.441963e-05,1.829448e-05,2.621644e-06,9.990537e-01,1.444572e-01,3.045416e-02
1.095000e+03,3.786532e-04,1.796919e-06,5.319745e-04,nan,5.313221e-05,5.416147e-05,1.820770e-05,2.609208e-06,9.990415e-01,1.444582e-01,2.845860e-02
1.096000e+03,3.768766e-04,1.788158e-06,5.294467e-04,nan,5.287998e-05,5.390435e-05,1.812126e-05,2.596821e-06,9.990248e-01,1.444592e-01,3.117895e-02
1.097000e+03,3.751085e-04,1.779526e-06,5.269377e-04,nan,5.262891e-05,5.364840e-05,1.803521e-05,2.584491e-06,9.990247e-01,1.444602e-01,3.218532e-02
1.098000e+03,3.733490e-04,1.771007e-06,5.244467e-04,nan,5.237936e-05,5.339400e-05,1.794969e-05,2.572236e-06,9.990003e-01,1.444612e-01,3.230691e-02
1.099000e+03,3.715979e-04,1.762525e-06,5.219648e-04,nan,5.213150e-05,5.314134e-05,1.786475e-05,2.560063e-06,9.990039e-01,1.444621e-01,2.900100e-02
1.100000e+03,3.698552e-04,1.754058e-06,5.195006e-04,4.055019e-04,5.188642e-05,5.289150e-05,1.778076e-05,2.548028e-06,9.989970e-01,1.444631e-01,3.546381e-02
1.101000e+03,3.681208e-04,1.745715e-06,5.170461e-04,nan,5.164079e-05,5.264110e-05,1.769659e-05,2.535965e-06,9.989786e-01,1.444641e-01,4.418612e-02
1.102000e+03,3.663948e-04,1.737247e-06,5.146003e-04,nan,5.139612e-05,5.239168e-05,1.761274e-05,2.523949e-06,9.989700e-01,1.444650e-01,3.277159e-02
1.103000e+03,3.646772e-04,1.728856e-06,5.121543e-04,nan,5.115206e-05,5.214289e-05,1.752910e-05,2.511964e-06,9.989643e-01,1.444660e-01,4.175997e-02
1.104000e+03,3.629679e-04,1.720489e-06,5.097279e-04,nan,5.090872e-05,5.189482e-05,1.744571e-05,2.500014e-06,9.989417e-01,1.444669e-01,3.262401e-02
1.105000e+03,3.612668e-04,1.712295e-06,5.073268e-04,nan,5.067022e-05,5.165169e-05,1.736397e-05,2.488301e-06,9.989586e-01,1.444678e-01,3.149843e-02
1.106000e+03,3.595739e-04,1.704005e-06,5.049167e-04,nan,5.042827e-05,5.140504e-05,1.728106e-05,2.476419e-06,9.989378e-01,1.444688e-01,3.778791e-02
1.107000e+03,3.578892e-04,1.695748e-06,5.025270e-04,nan,5.018964e-05,5.116179e-05,1.719928e-05,2.464700e-06,9.989184e-01,1.444697e-01,3.724265e-02
1.108000e+03,3.562127e-04,1.687603e-06,5.001463e-04,nan,4.995225e-05,5.091978e-05,1.711793e-05,2.453042e-06,9.989108e-01,1.444706e-01,4.882336e-02
1.109000e+03,3.545443e-04,1.679377e-06,4.977768e-04,nan,4.971490e-05,5.067783e-05,1.703659e-05,2.441386e-06,9.988945e-01,1.444716e-01,3.939986e-02
1.110000e+03,3.528839e-04,1.671341e-06,4.954252e-04,3.867473e-04,4.947984e-05,5.043821e-05,1.695603e-05,2.429843e-06,9.988768e-01,1.444725e-01,3.539968e-02
1.111000e+03,3.512316e-04,1.663214e-06,4.930754e-04,nan,4.924404e-05,5.019783e-05,1.687522e-05,2.418263e-06,9.988711e-01,1.444734e-01,3.296924e-02
1.112000e+03,3.495873e-04,1.655132e-06,4.907449e-04,nan,4.901242e-05,4.996172e-05,1.679585e-05,2.406888e-06,9.988685e-01,1.444743e-01,3.087211e-02
1.113000e+03,3.479509e-04,1.647253e-06,4.884264e-04,nan,4.878021e-05,4.972500e-05,1.671627e-05,2.395484e-06,9.988512e-01,1.444752e-01,2.930093e-02
1.114000e+03,3.463224e-04,1.639285e-06,4.861147e-04,nan,4.854980e-05,4.949012e-05,1.663731e-05,2.384169e-06,9.988524e-01,1.444761e-01,3.456259e-02
1.115000e+03,3.447018e-04,1.631306e-06,4.838161e-04,nan,4.831989e-05,4.925574e-05,1.655852e-05,2.372878e-06,9.988388e-01,1.444770e-01,3.027177e-02
1.116000e+03,3.430891e-04,1.623469e-06,4.815237e-04,nan,4.808999e-05,4.902138e-05,1.647973e-05,2.361588e-06,9.988188e-01,1.444778e-01,3.476429e-02
1.117000e+03,3.414843e-04,1.615470e-06,4.792330e-04,nan,4.786020e-05,4.878713e-05,1.640098e-05,2.350303e-06,9.987966e-01,1.444787e-01,3.057480e-02
1.118000e+03,3.398871e-04,1.607811e-06,4.769819e-04,nan,4.763622e-05,4.855881e-05,1.632423e-05,2.339304e-06,9.988039e-01,1.444796e-01,3.265667e-02
1.119000e+03,3.382977e-04,1.599965e-06,4.747201e-04,nan,4.741058e-05,4.832878e-05,1.624690e-05,2.328223e-06,9.987905e-01,1.444805e-01,3.404522e-02
1.120000e+03,3.367159e-04,1.592313e-06,4.724804e-04,3.688912e-04,4.718584e-05,4.809969e-05,1.616988e-05,2.317186e-06,9.987714e-01,1.444813e-01,3.212047e-02
1.121000e+03,3.351417e-04,1.584682e-06,4.702513e-04,nan,4.696438e-05,4.787392e-05,1.609399e-05,2.306310e-06,9.987655e-01,1.444822e-01,3.476000e-02
1.122000e+03,3.335750e-04,1.577069e-06,4.680349e-04,nan,4.674210e-05,4.764733e-05,1.601781e-05,2.295394e-06,9.987497e-01,1.444830e-01,3.522992e-02
1.123000e+03,3.320161e-04,1.569355e-06,4.658099e-04,nan,4.652091e-05,4.742185e-05,1.594201e-05,2.284532e-06,9.987379e-01,1.444839e-01,3.182054e-02
1.124000e+03,3.304646e-04,1.561766e-06,4.636109e-04,nan,4.630048e-05,4.719714e-05,1.586647e-05,2.273707e-06,9.987330e-01,1.444847e-01,3.767514e-02
1.125000e+03,3.289206e-04,1.554329e-06,4.614281e-04,nan,4.608285e-05,4.697529e-05,1.579189e-05,2.263019e-06,9.987249e-01,1.444856e-01,3.243375e-02
1.126000e+03,3.273840e-04,1.546762e-06,4.592386e-04,nan,4.586290e-05,4.675107e-05,1.571651e-05,2.252218e-06,9.987028e-01,1.444864e-01,3.013444e-02
1.127000e+03,3.258549e-04,1.539318e-06,4.570702e-04,nan,4.564616e-05,4.653013e-05,1.564224e-05,2.241574e-06,9.986977e-01,1.444872e-01,3.692889e-02
1.128000e+03,3.243332e-04,1.531826e-06,4.549130e-04,nan,4.543001e-05,4.630979e-05,1.556817e-05,2.230959e-06,9.986691e-01,1.444881e-01,3.564548e-02
1.129000e+03,3.228188e-04,1.524468e-06,4.527683e-04,nan,4.521640e-05,4.609203e-05,1.549496e-05,2.220469e-06,9.986669e-01,1.444889e-01,3.243566e-02
1.130000e+03,3.213118e-04,1.517094e-06,4.506318e-04,3.518873e-04,4.500314e-05,4.587463e-05,1.542188e-05,2.209996e-06,9.986639e-01,1.444897e-01,3.218937e-02
1.131000e+03,3.198119e-04,1.509887e-06,4.485044e-04,nan,4.478971e-05,4.565706e-05,1.534874e-05,2.199514e-06,9.986435e-01,1.444905e-01,3.543329e-02
1.132000e+03,3.183194e-04,1.502600e-06,4.463832e-04,nan,4.457825e-05,4.544150e-05,1.527627e-05,2.189130e-06,9.986212e-01,1.444913e-01,3.197312e-02
1.133000e+03,3.168339e-04,1.495475e-06,4.442892e-04,nan,4.436798e-05,4.522715e-05,1.520421e-05,2.178804e-06,9.986151e-01,1.444921e-01,2.857113e-02
1.134000e+03,3.153555e-04,1.488339e-06,4.421946e-04,nan,4.416011e-05,4.501525e-05,1.513298e-05,2.168596e-06,9.986075e-01,1.444929e-01,4.124808e-02
1.135000e+03,3.138843e-04,1.481130e-06,4.401005e-04,nan,4.395018e-05,4.480124e-05,1.506103e-05,2.158286e-06,9.985878e-01,1.444937e-01,4.631829e-02
1.136000e+03,3.124200e-04,1.474151e-06,4.380395e-04,nan,4.374386e-05,4.459092e-05,1.499033e-05,2.148154e-06,9.985655e-01,1.444945e-01,3.045106e-02
1.137000e+03,3.109627e-04,1.467309e-06,4.359876e-04,nan,4.354080e-05,4.438392e-05,1.492074e-05,2.138182e-06,9.985825e-01,1.444953e-01,3.372335e-02
1.138000e+03,3.095122e-04,1.460301e-06,4.339313e-04,nan,4.333511e-05,4.417424e-05,1.485025e-05,2.128081e-06,9.985587e-01,1.444961e-01,3.432918e-02
1.139000e+03,3.080688e-04,1.453323e-06,4.318932e-04,nan,4.313066e-05,4.396582e-05,1.478019e-05,2.118040e-06,9.985376e-01,1.444969e-01,2.938080e-02
1.140000e+03,3.066322e-04,1.446403e-06,4.298619e-04,3.357121e-04,4.292687e-05,4.375808e-05,1.471035e-05,2.108032e-06,9.985242e-01,1.444976e-01,3.209209e-02
1.141000e+03,3.052025e-04,1.439484e-06,4.278330e-04,nan,4.272475e-05,4.355204e-05,1.464108e-05,2.098106e-06,9.985150e-01,1.444984e-01,2.925539e-02
1.142000e+03,3.037798e-04,1.432568e-06,4.258295e-04,nan,4.252284e-05,4.334621e-05,1.457189e-05,2.088191e-06,9.984801e-01,1.444992e-01,2.975249e-02
1.143000e+03,3.023637e-04,1.425873e-06,4.238311e-04,nan,4.232409e-05,4.314361e-05,1.450378e-05,2.078431e-06,9.984799e-01,1.444999e-01,2.905107e-02
1.144000e+03,3.009544e-04,1.419057e-06,4.218403e-04,nan,4.212580e-05,4.294147e-05,1.443583e-05,2.068693e-06,9.984744e-01,1.445007e-01,2.779841e-02
1.145000e+03,2.995518e-04,1.412353e-06,4.198607e-04,nan,4.192753e-05,4.273935e-05,1.436788e-05,2.058956e-06,9.984539e-01,1.445014e-01,3.015208e-02
1.146000e+03,2.981560e-04,1.405543e-06,4.178819e-04,nan,4.172866e-05,4.253662e-05,1.429973e-05,2.049190e-06,9.984357e-01,1.445022e-01,2.903771e-02
1.147000e+03,2.967668e-04,1.398949e-06,4.159319e-04,nan,4.153439e-05,4.233859e-05,1.423315e-05,2.039649e-06,9.984225e-01,1.445029e-01,3.137660e-02
1.148000e+03,2.953842e-04,1.392242e-06,4.139732e-04,nan,4.133841e-05,4.213881e-05,1.416599e-05,2.030025e-06,9.984221e-01,1.445037e-01,5.590510e-02
1.149000e+03,2.940082e-04,1.385677e-06,4.120318e-04,nan,4.114443e-05,4.194107e-05,1.409952e-05,2.020499e-06,9.983944e-01,1.445044e-01,3.333664e-02
1.150000e+03,2.926387e-04,1.379224e-06,4.101043e-04,3.203147e-04,4.095146e-05,4.174435e-05,1.403339e-05,2.011022e-06,9.983712e-01,1.445052e-01,3.317404e-02
1.151000e+03,2.912758e-04,1.372573e-06,4.081816e-04,nan,4.075963e-05,4.154880e-05,1.396765e-05,2.001602e-06,9.983521e-01,1.445059e-01,4.351020e-02
1.152000e+03,2.899194e-04,1.365983e-06,4.062536e-04,nan,4.056617e-05,4.135159e-05,1.390135e-05,1.992101e-06,9.983358e-01,1.445066e-01,3.481197e-02
1.153000e+03,2.885696e-04,1.359456e-06,4.043464e-04,nan,4.037651e-05,4.115825e-05,1.383635e-05,1.982787e-06,9.983322e-01,1.445073e-01,3.429484e-02
1.154000e+03,2.872262e-04,1.352928e-06,4.024474e-04,nan,4.018619e-05,4.096423e-05,1.377113e-05,1.973441e-06,9.982967e-01,1.445080e-01,4.965615e-02
1.155000e+03,2.858894e-04,1.346427e-06,4.005487e-04,nan,3.999663e-05,4.077101e-05,1.370617e-05,1.964132e-06,9.983066e-01,1.445088e-01,3.792119e-02
1.156000e+03,2.845589e-04,1.339936e-06,3.986725e-04,nan,3.980836e-05,4.057909e-05,1.364165e-05,1.954886e-06,9.982879e-01,1.445095e-01,2.842379e-02
1.157000e+03,2.832349e-04,1.333511e-06,3.967936e-04,nan,3.962079e-05,4.038787e-05,1.357737e-05,1.945675e-06,9.982533e-01,1.445102e-01,2.938890e-02
1.158000e+03,2.819174e-04,1.327035e-06,3.949237e-04,nan,3.943341e-05,4.019686e-05,1.351316e-05,1.936473e-06,9.982323e-01,1.445109e-01,2.759123e-02
1.159000e+03,2.806062e-04,1.320652e-06,3.930626e-04,nan,3.924819e-05,4.000805e-05,1.344969e-05,1.927377e-06,9.982509e-01,1.445116e-01,2.941370e-02
1.160000e+03,2.793011e-04,1.314513e-06,3.912241e-04,3.056384e-04,3.906466e-05,3.982096e-05,1.338679e-05,1.918364e-06,9.982240e-01,1.445123e-01,2.745676e-02
1.161000e+03,2.780024e-04,1.308112e-06,3.893872e-04,nan,3.888077e-05,3.963350e-05,1.332377e-05,1.909334e-06,9.982014e-01,1.445130e-01,2.969265e-02
1.162000e+03,2.767099e-04,1.301861e-06,3.875458e-04,nan,3.869593e-05,3.944508e-05,1.326043e-05,1.900256e-06,9.981861e-01,1.445136e-01,3.884959e-02
1.163000e+03,2.754237e-04,1.295515e-06,3.857228e-04,nan,3.851435e-05,3.925997e-05,1.319820e-05,1.891339e-06,9.981692e-01,1.445143e-01,3.958821e-02
1.164000e+03,2.741438e-04,1.289306e-06,3.839069e-04,nan,3.833183e-05,3.907392e-05,1.313566e-05,1.882376e-06,9.981441e-01,1.445150e-01,3.719974e-02
1.165000e+03,2.728700e-04,1.283105e-06,3.821011e-04,nan,3.815149e-05,3.889008e-05,1.307386e-05,1.873520e-06,9.981216e-01,1.445157e-01,3.535557e-02
1.166000e+03,2.716023e-04,1.276958e-06,3.803059e-04,nan,3.797342e-05,3.870855e-05,1.301283e-05,1.864775e-06,9.981204e-01,1.445164e-01,3.624463e-02
1.167000e+03,2.703408e-04,1.270816e-06,3.785129e-04,nan,3.779429e-05,3.852595e-05,1.295144e-05,1.855978e-06,9.981243e-01,1.445170e-01,3.895068e-02
1.168000e+03,2.690853e-04,1.264704e-06,3.767387e-04,nan,3.761591e-05,3.834411e-05,1.289031e-05,1.847218e-06,9.980744e-01,1.445177e-01,3.572869e-02
1.169000e+03,2.678360e-04,1.258468e-06,3.749463e-04,nan,3.743651e-05,3.816123e-05,1.282884e-05,1.838408e-06,9.980615e-01,1.445183e-01,3.451085e-02
1.170000e+03,2.665927e-04,1.252487e-06,3.731914e-04,2.916514e-04,3.726082e-05,3.798214e-05,1.276863e-05,1.829780e-06,9.980366e-01,1.445190e-01,3.105330e-02
1.171000e+03,2.653553e-04,1.246581e-06,3.714424e-04,nan,3.708628e-05,3.780421e-05,1.270881e-05,1.821209e-06,9.980313e-01,1.445197e-01,3.806305e-02
1.172000e+03,2.641237e-04,1.240782e-06,3.697106e-04,nan,3.691361e-05,3.762820e-05,1.264964e-05,1.812729e-06,9.980215e-01,1.445203e-01,3.240657e-02
1.173000e+03,2.628981e-04,1.234754e-06,3.679701e-04,nan,3.673790e-05,3.744907e-05,1.258943e-05,1.804100e-06,9.979675e-01,1.445210e-01,4.806495e-02
1.174000e+03,2.616784e-04,1.228941e-06,3.662420e-04,nan,3.656569e-05,3.727353e-05,1.253041e-05,1.795643e-06,9.979524e-01,1.445216e-01,4.643512e-02
1.175000e+03,2.604645e-04,1.223062e-06,3.645207e-04,nan,3.639320e-05,3.709769e-05,1.247130e-05,1.787172e-06,9.979632e-01,1.445222e-01,3.800273e-02
1.176000e+03,2.592564e-04,1.217218e-06,3.628142e-04,nan,3.622202e-05,3.692319e-05,1.241264e-05,1.778766e-06,9.979314e-01,1.445229e-01,3.086519e-02
1.177000e+03,2.580541e-04,1.211360e-06,3.611049e-04,nan,3.605103e-05,3.674889e-05,1.235404e-05,1.770369e-06,9.978885e-01,1.445235e-01,3.603482e-02
1.178000e+03,2.568576e-04,1.205667e-06,3.594214e-04,nan,3.588221e-05,3.657680e-05,1.229619e-05,1.762079e-06,9.978838e-01,1.445241e-01,3.785205e-02
1.179000e+03,2.556668e-04,1.199925e-06,3.577366e-04,nan,3.571485e-05,3.640619e-05,1.223884e-05,1.753860e-06,9.978701e-01,1.445248e-01,4.776192e-02
1.180000e+03,2.544817e-04,1.194191e-06,3.560641e-04,2.783409e-04,3.554732e-05,3.623542e-05,1.218143e-05,1.745633e-06,9.978402e-01,1.445254e-01,5.205679e-02
1.181000e+03,2.533023e-04,1.188461e-06,3.543860e-04,nan,3.537872e-05,3.606355e-05,1.212365e-05,1.737353e-06,9.978228e-01,1.445260e-01,3.722525e-02
1.182000e+03,2.521285e-04,1.182816e-06,3.527229e-04,nan,3.521194e-05,3.589353e-05,1.206649e-05,1.729163e-06,9.978114e-01,1.445266e-01,3.222227e-02
1.183000e+03,2.509603e-04,1.177276e-06,3.510817e-04,nan,3.504782e-05,3.572623e-05,1.201025e-05,1.721103e-06,9.977822e-01,1.445272e-01,3.810358e-02
1.184000e+03,2.497976e-04,1.171683e-06,3.494356e-04,nan,3.488365e-05,3.555888e-05,1.195399e-05,1.713041e-06,9.977611e-01,1.445278e-01,3.542423e-02
1.185000e+03,2.486406e-04,1.166031e-06,3.478008e-04,nan,3.471866e-05,3.539069e-05,1.189745e-05,1.704938e-06,9.977306e-01,1.445285e-01,3.777385e-02
1.186000e+03,2.474891e-04,1.160490e-06,3.461682e-04,nan,3.455575e-05,3.522462e-05,1.184162e-05,1.696938e-06,9.977301e-01,1.445291e-01,3.478861e-02
1.187000e+03,2.463431e-04,1.155005e-06,3.445546e-04,nan,3.439468e-05,3.506043e-05,1.178643e-05,1.689029e-06,9.977000e-01,1.445297e-01,3.956485e-02
1.188000e+03,2.452026e-04,1.149569e-06,3.429413e-04,nan,3.423297e-05,3.489559e-05,1.173101e-05,1.681087e-06,9.976638e-01,1.445303e-01,4.719472e-02
1.189000e+03,2.440674e-04,1.144081e-06,3.413414e-04,nan,3.407367e-05,3.473320e-05,1.167642e-05,1.673264e-06,9.976743e-01,1.445308e-01,6.079412e-02
1.190000e+03,2.429378e-04,1.138585e-06,3.397421e-04,2.656688e-04,3.391265e-05,3.456906e-05,1.162124e-05,1.665357e-06,9.976246e-01,1.445314e-01,3.327584e-02
1.191000e+03,2.418136e-04,1.133144e-06,3.381494e-04,nan,3.375349e-05,3.440681e-05,1.156670e-05,1.657541e-06,9.975944e-01,1.445320e-01,4.452419e-02
1.192000e+03,2.406947e-04,1.127722e-06,3.365629e-04,nan,3.359525e-05,3.424550e-05,1.151247e-05,1.649770e-06,9.975897e-01,1.445326e-01,4.281020e-02
1.193000e+03,2.395814e-04,1.122244e-06,3.349861e-04,nan,3.343629e-05,3.408346e-05,1.145799e-05,1.641963e-06,9.975519e-01,1.445332e-01,3.713250e-02
1.194000e+03,2.384733e-04,1.116995e-06,3.334252e-04,nan,3.328048e-05,3.392463e-05,1.140460e-05,1.634312e-06,9.975347e-01,1.445338e-01,3.209424e-02
1.195000e+03,2.373706e-04,1.111538e-06,3.318542e-04,nan,3.312298e-05,3.376408e-05,1.135062e-05,1.626577e-06,9.974921e-01,1.445343e-01,3.181267e-02
1.196000e+03,2.362732e-04,1.106285e-06,3.303012e-04,nan,3.296843e-05,3.360653e-05,1.129766e-05,1.618988e-06,9.974927e-01,1.445349e-01,3.193521e-02
1.197000e+03,2.351810e-04,1.100975e-06,3.287554e-04,nan,3.281375e-05,3.344886e-05,1.124466e-05,1.611392e-06,9.974706e-01,1.445355e-01,3.301001e-02
1.198000e+03,2.340941e-04,1.095769e-06,3.272277e-04,nan,3.266158e-05,3.329373e-05,1.119251e-05,1.603919e-06,9.974590e-01,1.445360e-01,3.268909e-02
1.199000e+03,2.330124e-04,1.090470e-06,3.256812e-04,nan,3.250628e-05,3.313542e-05,1.113929e-05,1.596292e-06,9.974268e-01,1.445366e-01,4.007888e-02
1.200000e+03,2.319359e-04,1.085330e-06,3.241725e-04,2.536018e-04,3.235492e-05,3.298112e-05,1.108742e-05,1.588859e-06,9.973841e-01,1.445372e-01,3.447223e-02
1.201000e+03,2.308644e-04,1.080246e-06,3.226578e-04,nan,3.220400e-05,3.282729e-05,1.103570e-05,1.581448e-06,9.973778e-01,1.445377e-01,4.026818e-02
1.202000e+03,2.297981e-04,1.075063e-06,3.211529e-04,nan,3.205311e-05,3.267347e-05,1.098399e-05,1.574038e-06,9.973565e-01,1.445383e-01,3.316545e-02
1.203000e+03,2.287369e-04,1.070005e-06,3.196524e-04,nan,3.190220e-05,3.251964e-05,1.093228e-05,1.566627e-06,9.973035e-01,1.445388e-01,2.954865e-02
1.204000e+03,2.276807e-04,1.064906e-06,3.181561e-04,nan,3.175344e-05,3.236799e-05,1.088130e-05,1.559322e-06,9.972942e-01,1.445394e-01,3.632188e-02
1.205000e+03,2.266294e-04,1.059981e-06,3.166819e-04,nan,3.160603e-05,3.221773e-05,1.083078e-05,1.552083e-06,9.972818e-01,1.445399e-01,3.121209e-02
1.206000e+03,2.255832e-04,1.054931e-06,3.152024e-04,nan,3.145734e-05,3.206615e-05,1.077983e-05,1.544781e-06,9.972301e-01,1.445404e-01,2.740240e-02
1.207000e+03,2.245420e-04,1.049920e-06,3.137353e-04,nan,3.131077e-05,3.191674e-05,1.072960e-05,1.537583e-06,9.972174e-01,1.445410e-01,3.274632e-02
1.208000e+03,2.235057e-04,1.044942e-06,3.122692e-04,nan,3.116347e-05,3.176659e-05,1.067912e-05,1.530349e-06,9.971862e-01,1.445415e-01,2.837038e-02
1.209000e+03,2.224744e-04,1.039964e-06,3.108117e-04,nan,3.101837e-05,3.161867e-05,1.062940e-05,1.523224e-06,9.971735e-01,1.445420e-01,2.943158e-02
1.210000e+03,2.214479e-04,1.035180e-06,3.093702e-04,2.421130e-04,3.087434e-05,3.147185e-05,1.058004e-05,1.516151e-06,9.971493e-01,1.445426e-01,3.571296e-02
1.211000e+03,2.204263e-04,1.030305e-06,3.079330e-04,nan,3.073020e-05,3.132492e-05,1.053065e-05,1.509072e-06,9.971119e-01,1.445431e-01,3.509855e-02
1.212000e+03,2.194095e-04,1.025402e-06,3.064912e-04,nan,3.058576e-05,3.117768e-05,1.048115e-05,1.501979e-06,9.970782e-01,1.445436e-01,3.625298e-02
1.213000e+03,2.183976e-04,1.020542e-06,3.050681e-04,nan,3.044221e-05,3.103134e-05,1.043195e-05,1.494929e-06,9.970573e-01,1.445441e-01,3.536105e-02
1.214000e+03,2.173905e-04,1.015800e-06,3.036468e-04,nan,3.030150e-05,3.088791e-05,1.038373e-05,1.488019e-06,9.970549e-01,1.445447e-01,3.836131e-02
1.215000e+03,2.163881e-04,1.011104e-06,3.022436e-04,nan,3.016091e-05,3.074460e-05,1.033556e-05,1.481116e-06,9.970179e-01,1.445452e-01,3.166747e-02
1.216000e+03,2.153904e-04,1.006359e-06,3.008338e-04,nan,3.001979e-05,3.060074e-05,1.028719e-05,1.474185e-06,9.969768e-01,1.445457e-01,3.113556e-02
1.217000e+03,2.143973e-04,1.001710e-06,2.994423e-04,nan,2.988156e-05,3.045983e-05,1.023982e-05,1.467397e-06,9.969593e-01,1.445462e-01,3.243351e-02
1.218000e+03,2.134090e-04,9.970412e-07,2.980540e-04,nan,2.974161e-05,3.031717e-05,1.019186e-05,1.460524e-06,9.969345e-01,1.445467e-01,3.047848e-02
1.219000e+03,2.124252e-04,9.923895e-07,2.966693e-04,nan,2.960227e-05,3.017513e-05,1.014411e-05,1.453681e-06,9.968815e-01,1.445472e-01,3.613353e-02
1.220000e+03,2.114463e-04,9.876242e-07,2.952779e-04,2.311702e-04,2.946277e-05,3.003292e-05,1.009631e-05,1.446831e-06,9.968539e-01,1.445477e-01,4.026484e-02
1.221000e+03,2.104719e-04,9.831568e-07,2.939192e-04,nan,2.932733e-05,2.989487e-05,1.004990e-05,1.440180e-06,9.968336e-01,1.445482e-01,3.792596e-02
1.222000e+03,2.095020e-04,9.786247e-07,2.925619e-04,nan,2.919159e-05,2.975649e-05,1.000338e-05,1.433514e-06,9.967890e-01,1.445487e-01,3.414083e-02
1.223000e+03,2.085366e-04,9.741260e-07,2.912079e-04,nan,2.905600e-05,2.961827e-05,9.956913e-06,1.426855e-06,9.967762e-01,1.445492e-01,3.581285e-02
1.224000e+03,2.075758e-04,9.695179e-07,2.898458e-04,nan,2.891898e-05,2.947860e-05,9.909960e-06,1.420127e-06,9.967380e-01,1.445497e-01,2.923465e-02
1.225000e+03,2.066196e-04,9.649821e-07,2.885073e-04,nan,2.878464e-05,2.934166e-05,9.863923e-06,1.413530e-06,9.966962e-01,1.445502e-01,3.326106e-02
1.226000e+03,2.056679e-04,9.604303e-07,2.871647e-04,nan,2.864984e-05,2.920424e-05,9.817727e-06,1.406910e-06,9.966632e-01,1.445506e-01,3.200555e-02
1.227000e+03,2.047208e-04,9.558855e-07,2.858281e-04,nan,2.851644e-05,2.906826e-05,9.772012e-06,1.400358e-06,9.966400e-01,1.445511e-01,3.085208e-02
1.228000e+03,2.037781e-04,9.514825e-07,2.845036e-04,nan,2.838306e-05,2.893229e-05,9.726305e-06,1.393809e-06,9.966004e-01,1.445516e-01,3.066230e-02
1.229000e+03,2.028399e-04,9.470713e-07,2.831894e-04,nan,2.825215e-05,2.879885e-05,9.681443e-06,1.387380e-06,9.965687e-01,1.445521e-01,3.021669e-02
1.230000e+03,2.019061e-04,9.426630e-07,2.818742e-04,2.207476e-04,2.812050e-05,2.866465e-05,9.636331e-06,1.380915e-06,9.965451e-01,1.445526e-01,3.176904e-02
1.231000e+03,2.009768e-04,9.381781e-07,2.805630e-04,nan,2.798942e-05,2.853103e-05,9.591409e-06,1.374478e-06,9.965256e-01,1.445530e-01,3.381324e-02
1.232000e+03,2.000519e-04,9.337396e-07,2.792597e-04,nan,2.785812e-05,2.839718e-05,9.546414e-06,1.368030e-06,9.964633e-01,1.445535e-01,3.102660e-02
1.233000e+03,1.991313e-04,9.294149e-07,2.779663e-04,nan,2.772910e-05,2.826567e-05,9.502203e-06,1.361694e-06,9.964599e-01,1.445540e-01,3.578162e-02
1.234000e+03,1.982152e-04,9.250064e-07,2.766731e-04,nan,2.759842e-05,2.813246e-05,9.457420e-06,1.355277e-06,9.964044e-01,1.445544e-01,3.490376e-02
1.235000e+03,1.973034e-04,9.206623e-07,2.753827e-04,nan,2.746999e-05,2.800154e-05,9.413409e-06,1.348970e-06,9.963877e-01,1.445549e-01,3.644824e-02
1.236000e+03,1.963960e-04,9.163192e-07,2.741052e-04,nan,2.734300e-05,2.787209e-05,9.369890e-06,1.342733e-06,9.963558e-01,1.445554e-01,4.323363e-02
1.237000e+03,1.954929e-04,9.120678e-07,2.728339e-04,nan,2.721542e-05,2.774203e-05,9.326168e-06,1.336468e-06,9.963315e-01,1.445558e-01,3.856230e-02
1.238000e+03,1.945941e-04,9.077459e-07,2.715741e-04,nan,2.708739e-05,2.761153e-05,9.282297e-06,1.330181e-06,9.962618e-01,1.445563e-01,2.991247e-02
1.239000e+03,1.936997e-04,9.033134e-07,2.702887e-04,nan,2.695925e-05,2.748089e-05,9.238382e-06,1.323888e-06,9.962388e-01,1.445567e-01,3.008866e-02
1.240000e+03,1.928095e-04,8.992125e-07,2.690520e-04,2.108196e-04,2.683604e-05,2.735531e-05,9.196162e-06,1.317838e-06,9.962249e-01,1.445572e-01,2.838206e-02
1.241000e+03,1.919236e-04,8.948581e-07,2.678028e-04,nan,2.670988e-05,2.722670e-05,9.152926e-06,1.311642e-06,9.961623e-01,1.445576e-01,2.883649e-02
1.242000e+03,1.910418e-04,8.907249e-07,2.665569e-04,nan,2.658551e-05,2.709991e-05,9.110306e-06,1.305534e-06,9.961535e-01,1.445581e-01,2.920055e-02
1.243000e+03,1.901642e-04,8.866151e-07,2.653251e-04,nan,2.646234e-05,2.697436e-05,9.068099e-06,1.299486e-06,9.961306e-01,1.445585e-01,2.918887e-02
1.244000e+03,1.892908e-04,8.824081e-07,2.640953e-04,nan,2.633854e-05,2.684816e-05,9.025673e-06,1.293406e-06,9.960673e-01,1.445589e-01,3.093266e-02
1.245000e+03,1.884215e-04,8.782976e-07,2.628635e-04,nan,2.621550e-05,2.672274e-05,8.983510e-06,1.287364e-06,9.960359e-01,1.445594e-01,4.362297e-02
1.246000e+03,1.875565e-04,8.740894e-07,2.616452e-04,nan,2.609210e-05,2.659695e-05,8.941221e-06,1.281304e-06,9.959990e-01,1.445598e-01,5.379486e-02
1.247000e+03,1.866955e-04,8.700769e-07,2.604320e-04,nan,2.597090e-05,2.647341e-05,8.899690e-06,1.275353e-06,9.959543e-01,1.445603e-01,3.007436e-02
1.248000e+03,1.858386e-04,8.659029e-07,2.592194e-04,nan,2.584848e-05,2.634861e-05,8.857737e-06,1.269341e-06,9.959105e-01,1.445607e-01,3.825903e-02
1.249000e+03,1.849857e-04,8.619528e-07,2.580256e-04,nan,2.572941e-05,2.622723e-05,8.816933e-06,1.263493e-06,9.958733e-01,1.445611e-01,3.211331e-02
1.250000e+03,1.841370e-04,8.578473e-07,2.568249e-04,2.013554e-04,2.560939e-05,2.610489e-05,8.775803e-06,1.257599e-06,9.958553e-01,1.445615e-01,2.849770e-02
1.251000e+03,1.832923e-04,8.537841e-07,2.556415e-04,nan,2.549056e-05,2.598376e-05,8.735084e-06,1.251764e-06,9.958060e-01,1.445620e-01,3.004408e-02
1.252000e+03,1.824517e-04,8.498103e-07,2.544473e-04,nan,2.537021e-05,2.586108e-05,8.693841e-06,1.245854e-06,9.957626e-01,1.445624e-01,2.900958e-02
1.253000e+03,1.816150e-04,8.458034e-07,2.532732e-04,nan,2.525219e-05,2.574077e-05,8.653396e-06,1.240058e-06,9.957198e-01,1.445628e-01,3.288698e-02
1.254000e+03,1.807824e-04,8.418466e-07,2.521013e-04,nan,2.513391e-05,2.562020e-05,8.612863e-06,1.234250e-06,9.957156e-01,1.445632e-01,3.562403e-02
1.255000e+03,1.799536e-04,8.379416e-07,2.509372e-04,nan,2.501864e-05,2.550270e-05,8.573363e-06,1.228589e-06,9.956713e-01,1.445636e-01,3.152156e-02
1.256000e+03,1.791289e-04,8.339079e-07,2.497680e-04,nan,2.490014e-05,2.538190e-05,8.532753e-06,1.222770e-06,9.956046e-01,1.445640e-01,3.277516e-02
1.257000e+03,1.783082e-04,8.299590e-07,2.486057e-04,nan,2.478359e-05,2.526309e-05,8.492812e-06,1.217046e-06,9.955749e-01,1.445645e-01,3.385162e-02
1.258000e+03,1.774913e-04,8.261047e-07,2.474585e-04,nan,2.466842e-05,2.514569e-05,8.453346e-06,1.211390e-06,9.955587e-01,1.445649e-01,2.926159e-02
1.259000e+03,1.766784e-04,8.221444e-07,2.463069e-04,nan,2.455282e-05,2.502785e-05,8.413732e-06,1.205714e-06,9.955347e-01,1.445653e-01,3.866625e-02
1.260000e+03,1.758694e-04,8.182955e-07,2.451639e-04,1.923408e-04,2.443687e-05,2.490966e-05,8.373997e-06,1.200020e-06,9.954245e-01,1.445657e-01,3.549957e-02
1.261000e+03,1.750643e-04,8.144306e-07,2.440279e-04,nan,2.432224e-05,2.479281e-05,8.334717e-06,1.194391e-06,9.953765e-01,1.445661e-01,3.160310e-02
1.262000e+03,1.742629e-04,8.106443e-07,2.429024e-04,nan,2.420900e-05,2.467737e-05,8.295908e-06,1.188829e-06,9.953474e-01,1.445665e-01,3.136206e-02
1.263000e+03,1.734654e-04,8.068221e-07,2.417758e-04,nan,2.409601e-05,2.456219e-05,8.257188e-06,1.183280e-06,9.953191e-01,1.445669e-01,2.958226e-02
1.264000e+03,1.726717e-04,8.031228e-07,2.406613e-04,nan,2.398301e-05,2.444701e-05,8.218467e-06,1.177732e-06,9.952376e-01,1.445673e-01,2.981520e-02
1.265000e+03,1.718817e-04,7.993606e-07,2.395477e-04,nan,2.387231e-05,2.433416e-05,8.180530e-06,1.172295e-06,9.952233e-01,1.445677e-01,3.001285e-02
1.266000e+03,1.710955e-04,7.956407e-07,2.384404e-04,nan,2.376074e-05,2.422043e-05,8.142297e-06,1.166816e-06,9.951965e-01,1.445680e-01,3.211522e-02
1.267000e+03,1.703131e-04,7.918691e-07,2.373305e-04,nan,2.365057e-05,2.410813e-05,8.104544e-06,1.161406e-06,9.951707e-01,1.445684e-01,3.164411e-02
1.268000e+03,1.695344e-04,7.881448e-07,2.362345e-04,nan,2.353894e-05,2.399433e-05,8.066289e-06,1.155924e-06,9.950827e-01,1.445688e-01,3.636098e-02
1.269000e+03,1.687594e-04,7.844714e-07,2.351415e-04,nan,2.342922e-05,2.388249e-05,8.028689e-06,1.150536e-06,9.950501e-01,1.445692e-01,3.058743e-02
1.270000e+03,1.679881e-04,7.808248e-07,2.340549e-04,1.837630e-04,2.331995e-05,2.377110e-05,7.991245e-06,1.145170e-06,9.949841e-01,1.445696e-01,2.804327e-02
1.271000e+03,1.672206e-04,7.771048e-07,2.329740e-04,nan,2.321046e-05,2.365950e-05,7.953726e-06,1.139794e-06,9.949456e-01,1.445700e-01,2.950120e-02
1.272000e+03,1.664565e-04,7.736463e-07,2.319050e-04,nan,2.310513e-05,2.355212e-05,7.917629e-06,1.134621e-06,9.949340e-01,1.445704e-01,3.028989e-02
1.273000e+03,1.656961e-04,7.699838e-07,2.308344e-04,nan,2.299533e-05,2.344020e-05,7.880004e-06,1.129229e-06,9.948550e-01,1.445707e-01,4.385352e-02
1.274000e+03,1.649394e-04,7.663841e-07,2.297661e-04,nan,2.288878e-05,2.333158e-05,7.843490e-06,1.123996e-06,9.948297e-01,1.445711e-01,3.222752e-02
1.275000e+03,1.641863e-04,7.627467e-07,2.286997e-04,nan,2.278102e-05,2.322174e-05,7.806562e-06,1.118705e-06,9.947638e-01,1.445715e-01,3.269386e-02
1.276000e+03,1.634368e-04,7.591557e-07,2.276423e-04,nan,2.267525e-05,2.311392e-05,7.770316e-06,1.113510e-06,9.947402e-01,1.445718e-01,2.781272e-02
1.277000e+03,1.626910e-04,7.555925e-07,2.265889e-04,nan,2.256884e-05,2.300544e-05,7.733849e-06,1.108285e-06,9.946687e-01,1.445722e-01,3.221440e-02
1.278000e+03,1.619488e-04,7.519245e-07,2.255434e-04,nan,2.246379e-05,2.289837e-05,7.697853e-06,1.103126e-06,9.946111e-01,1.445726e-01,3.454351e-02
1.279000e+03,1.612102e-04,7.483722e-07,2.244917e-04,nan,2.235861e-05,2.279114e-05,7.661807e-06,1.097961e-06,9.945959e-01,1.445729e-01,3.218174e-02
1.280000e+03,1.604752e-04,7.447897e-07,2.234504e-04,1.755834e-04,2.225390e-05,2.268441e-05,7.625926e-06,1.092819e-06,9.945245e-01,1.445733e-01,3.045559e-02
1.281000e+03,1.597438e-04,7.412402e-07,2.224141e-04,nan,2.214922e-05,2.257770e-05,7.590052e-06,1.087678e-06,9.944631e-01,1.445737e-01,3.091812e-02
1.282000e+03,1.590159e-04,7.377276e-07,2.213831e-04,nan,2.204589e-05,2.247236e-05,7.554642e-06,1.082604e-06,9.944167e-01,1.445740e-01,3.140378e-02
1.283000e+03,1.582915e-04,7.342445e-07,2.203641e-04,nan,2.194269e-05,2.236717e-05,7.519278e-06,1.077536e-06,9.943377e-01,1.445744e-01,3.321052e-02
1.284000e+03,1.575706e-04,7.307874e-07,2.193436e-04,nan,2.183977e-05,2.226226e-05,7.484010e-06,1.072482e-06,9.942921e-01,1.445747e-01,3.179407e-02
1.285000e+03,1.568532e-04,7.273465e-07,2.183357e-04,nan,2.173912e-05,2.215966e-05,7.449518e-06,1.067539e-06,9.942601e-01,1.445751e-01,3.848481e-02
1.286000e+03,1.561393e-04,7.237905e-07,2.173117e-04,nan,2.163626e-05,2.205480e-05,7.414269e-06,1.062488e-06,9.942189e-01,1.445754e-01,3.896451e-02
1.287000e+03,1.554289e-04,7.204041e-07,2.163111e-04,nan,2.153454e-05,2.195112e-05,7.379412e-06,1.057493e-06,9.941192e-01,1.445758e-01,3.734589e-02
1.288000e+03,1.547218e-04,7.170571e-07,2.153184e-04,nan,2.143562e-05,2.185028e-05,7.345513e-06,1.052635e-06,9.940828e-01,1.445761e-01,3.641963e-02
1.289000e+03,1.540182e-04,7.136365e-07,2.143190e-04,nan,2.133473e-05,2.174744e-05,7.310939e-06,1.047681e-06,9.940310e-01,1.445765e-01,3.377295e-02
1.290000e+03,1.533179e-04,7.103453e-07,2.133386e-04,1.678000e-04,2.123697e-05,2.164779e-05,7.277441e-06,1.042880e-06,9.940143e-01,1.445768e-01,4.356456e-02
1.291000e+03,1.526210e-04,7.069686e-07,2.123468e-04,nan,2.113601e-05,2.154487e-05,7.242841e-06,1.037922e-06,9.939270e-01,1.445772e-01,3.675675e-02
1.292000e+03,1.519273e-04,7.037720e-07,2.113780e-04,nan,2.103894e-05,2.144592e-05,7.209577e-06,1.033155e-06,9.938993e-01,1.445775e-01,2.968621e-02
1.293000e+03,1.512369e-04,7.004429e-07,2.104120e-04,nan,2.094177e-05,2.134687e-05,7.176279e-06,1.028383e-06,9.938147e-01,1.445778e-01,2.973533e-02
1.294000e+03,1.505499e-04,6.971312e-07,2.094346e-04,nan,2.084380e-05,2.124701e-05,7.142708e-06,1.023573e-06,9.937707e-01,1.445782e-01,3.209639e-02
1.295000e+03,1.498661e-04,6.939542e-07,2.084762e-04,nan,2.074794e-05,2.114928e-05,7.109855e-06,1.018865e-06,9.937100e-01,1.445785e-01,3.961492e-02
1.296000e+03,1.491856e-04,6.907091e-07,2.075134e-04,nan,2.065047e-05,2.104992e-05,7.076453e-06,1.014078e-06,9.936415e-01,1.445788e-01,3.377843e-02
1.297000e+03,1.485084e-04,6.873530e-07,2.065589e-04,nan,2.055411e-05,2.095171e-05,7.043435e-06,1.009347e-06,9.935986e-01,1.445792e-01,3.071785e-02
1.298000e+03,1.478346e-04,6.841093e-07,2.056013e-04,nan,2.045769e-05,2.085341e-05,7.010392e-06,1.004611e-06,9.935373e-01,1.445795e-01,3.039861e-02
1.299000e+03,1.471638e-04,6.809742e-07,2.046649e-04,nan,2.036357e-05,2.075747e-05,6.978138e-06,9.999892e-07,9.934747e-01,1.445798e-01,2.863359e-02
1.300000e+03,1.464964e-04,6.777245e-07,2.037162e-04,1.603870e-04,2.026830e-05,2.066036e-05,6.945493e-06,9.953111e-07,9.934038e-01,1.445801e-01,2.884841e-02
1.301000e+03,1.458322e-04,6.744895e-07,2.027728e-04,nan,2.017373e-05,2.056396e-05,6.913084e-06,9.906669e-07,9.933295e-01,1.445805e-01,3.284574e-02
1.302000e+03,1.451712e-04,6.712586e-07,2.018333e-04,nan,2.007865e-05,2.046704e-05,6.880501e-06,9.859977e-07,9.932796e-01,1.445808e-01,3.400826e-02
1.303000e+03,1.445134e-04,6.681621e-07,2.009075e-04,nan,1.998665e-05,2.037326e-05,6.848975e-06,9.814800e-07,9.932163e-01,1.445811e-01,3.436494e-02
1.304000e+03,1.438587e-04,6.649548e-07,1.999810e-04,nan,1.989246e-05,2.027724e-05,6.816696e-06,9.768542e-07,9.931242e-01,1.445814e-01,3.902483e-02
1.305000e+03,1.432072e-04,6.618485e-07,1.990588e-04,nan,1.980122e-05,2.018423e-05,6.785431e-06,9.723738e-07,9.931111e-01,1.445817e-01,3.227305e-02
1.306000e+03,1.425590e-04,6.586374e-07,1.981335e-04,nan,1.970642e-05,2.008760e-05,6.752945e-06,9.677185e-07,9.930138e-01,1.445821e-01,3.045225e-02
1.307000e+03,1.419139e-04,6.554813e-07,1.972186e-04,nan,1.961540e-05,1.999481e-05,6.721752e-06,9.632485e-07,9.929799e-01,1.445824e-01,3.006291e-02
1.308000e+03,1.412717e-04,6.525768e-07,1.963285e-04,nan,1.952727e-05,1.990498e-05,6.691552e-06,9.589208e-07,9.929462e-01,1.445827e-01,3.078246e-02
1.309000e+03,1.406328e-04,6.493020e-07,1.954068e-04,nan,1.943212e-05,1.980799e-05,6.658947e-06,9.542483e-07,9.928010e-01,1.445830e-01,3.045416e-02
1.310000e+03,1.399969e-04,6.463548e-07,1.945156e-04,1.533319e-04,1.934402e-05,1.971819e-05,6.628757e-06,9.499220e-07,9.927900e-01,1.445833e-01,3.676295e-02
1.311000e+03,1.393641e-04,6.432455e-07,1.936113e-04,nan,1.925286e-05,1.962525e-05,6.597516e-06,9.454451e-07,9.927022e-01,1.445836e-01,3.244066e-02
1.312000e+03,1.387344e-04,6.401918e-07,1.927277e-04,nan,1.916390e-05,1.953458e-05,6.567033e-06,9.410768e-07,9.926468e-01,1.445839e-01,3.112245e-02
1.313000e+03,1.381076e-04,6.371705e-07,1.918379e-04,nan,1.907387e-05,1.944280e-05,6.536179e-06,9.366554e-07,9.925599e-01,1.445842e-01,3.179765e-02
1.314000e+03,1.374839e-04,6.341865e-07,1.909552e-04,nan,1.898576e-05,1.935299e-05,6.505987e-06,9.323287e-07,9.925022e-01,1.445845e-01,2.999020e-02
1.315000e+03,1.368632e-04,6.312547e-07,1.900803e-04,nan,1.889783e-05,1.926335e-05,6.475853e-06,9.280104e-07,9.924420e-01,1.445848e-01,2.985644e-02
1.316000e+03,1.362456e-04,6.281228e-07,1.892008e-04,nan,1.880803e-05,1.917181e-05,6.445081e-06,9.236007e-07,9.923075e-01,1.445851e-01,3.261757e-02
1.317000e+03,1.356308e-04,6.252568e-07,1.883326e-04,nan,1.872182e-05,1.908393e-05,6.415538e-06,9.193671e-07,9.922830e-01,1.445854e-01,3.333044e-02
1.318000e+03,1.350191e-04,6.222793e-07,1.874683e-04,nan,1.863532e-05,1.899576e-05,6.385897e-06,9.151196e-07,9.922276e-01,1.445857e-01,2.989841e-02
1.319000e+03,1.344103e-04,6.193475e-07,1.866086e-04,nan,1.854799e-05,1.890674e-05,6.355969e-06,9.108308e-07,9.921244e-01,1.445860e-01,3.121781e-02
1.320000e+03,1.338044e-04,6.164494e-07,1.857504e-04,1.466227e-04,1.846215e-05,1.881924e-05,6.326555e-06,9.066156e-07,9.920734e-01,1.445863e-01,3.053832e-02
1.321000e+03,1.332015e-04,6.135254e-07,1.849007e-04,nan,1.837653e-05,1.873196e-05,6.297213e-06,9.024109e-07,9.920116e-01,1.445866e-01,3.722739e-02
1.322000e+03,1.326015e-04,6.105877e-07,1.840446e-04,nan,1.828995e-05,1.864371e-05,6.267545e-06,8.981594e-07,9.919121e-01,1.445869e-01,3.272772e-02
1.323000e+03,1.320043e-04,6.078171e-07,1.832107e-04,nan,1.820717e-05,1.855932e-05,6.239177e-06,8.940941e-07,9.918756e-01,1.445871e-01,3.186369e-02
1.324000e+03,1.314101e-04,6.048015e-07,1.823617e-04,nan,1.812093e-05,1.847141e-05,6.209624e-06,8.898591e-07,9.917421e-01,1.445874e-01,3.755498e-02
1.325000e+03,1.308188e-04,6.020244e-07,1.815292e-04,nan,1.803856e-05,1.838745e-05,6.181398e-06,8.858142e-07,9.917246e-01,1.445877e-01,3.247404e-02
1.326000e+03,1.302303e-04,5.991043e-07,1.806864e-04,nan,1.795313e-05,1.830037e-05,6.152123e-06,8.816191e-07,9.916193e-01,1.445880e-01,2.997708e-02
1.327000e+03,1.296446e-04,5.963950e-07,1.798682e-04,nan,1.787138e-05,1.821703e-05,6.124107e-06,8.776043e-07,9.915825e-01,1.445883e-01,3.235221e-02
1.328000e+03,1.290617e-04,5.936050e-07,1.790424e-04,nan,1.778660e-05,1.813061e-05,6.095054e-06,8.734410e-07,9.914347e-01,1.445886e-01,3.390098e-02
1.329000e+03,1.284815e-04,5.909512e-07,1.782348e-04,nan,1.770646e-05,1.804892e-05,6.067592e-06,8.695056e-07,9.913813e-01,1.445888e-01,3.325200e-02
1.330000e+03,1.279041e-04,5.881834e-07,1.774149e-04,1.402331e-04,1.762398e-05,1.796484e-05,6.039327e-06,8.654550e-07,9.913130e-01,1.445891e-01,3.238821e-02
1.331000e+03,1.273294e-04,5.855166e-07,1.766113e-04,nan,1.754369e-05,1.788300e-05,6.011814e-06,8.615123e-07,9.912397e-01,1.445894e-01,3.098154e-02
1.332000e+03,1.267573e-04,5.829565e-07,1.758183e-04,nan,1.746534e-05,1.780313e-05,5.984965e-06,8.576649e-07,9.911825e-01,1.445897e-01,3.217196e-02
1.333000e+03,1.261878e-04,5.802648e-07,1.750160e-04,nan,1.738349e-05,1.771969e-05,5.956915e-06,8.536452e-07,9.910654e-01,1.445899e-01,2.887154e-02
1.334000e+03,1.256211e-04,5.775647e-07,1.742177e-04,nan,1.730296e-05,1.763761e-05,5.929319e-06,8.496907e-07,9.910151e-01,1.445902e-01,3.130603e-02
1.335000e+03,1.250571e-04,5.749645e-07,1.734292e-04,nan,1.722441e-05,1.755754e-05,5.902402e-06,8.458333e-07,9.909385e-01,1.445905e-01,3.131890e-02
1.336000e+03,1.244957e-04,5.723062e-07,1.726387e-04,nan,1.714345e-05,1.747501e-05,5.874658e-06,8.418575e-07,9.908121e-01,1.445907e-01,3.134155e-02
1.337000e+03,1.239369e-04,5.697815e-07,1.718622e-04,nan,1.706563e-05,1.739569e-05,5.847993e-06,8.380364e-07,9.907263e-01,1.445910e-01,2.975750e-02
1.338000e+03,1.233807e-04,5.671887e-07,1.710794e-04,nan,1.698664e-05,1.731517e-05,5.820925e-06,8.341574e-07,9.906327e-01,1.445913e-01,3.337932e-02
1.339000e+03,1.228271e-04,5.646056e-07,1.703068e-04,nan,1.690921e-05,1.723623e-05,5.794388e-06,8.303547e-07,9.905759e-01,1.445915e-01,3.089213e-02
1.340000e+03,1.222761e-04,5.620648e-07,1.695306e-04,1.341688e-04,1.683140e-05,1.715692e-05,5.767725e-06,8.265338e-07,9.904890e-01,1.445918e-01,3.096795e-02
1.341000e+03,1.217277e-04,5.595143e-07,1.687702e-04,nan,1.675489e-05,1.707893e-05,5.741506e-06,8.227765e-07,9.904236e-01,1.445920e-01,2.848339e-02
1.342000e+03,1.211819e-04,5.569685e-07,1.679991e-04,nan,1.667706e-05,1.699959e-05,5.714835e-06,8.189545e-07,9.903130e-01,1.445923e-01,3.636646e-02
1.343000e+03,1.206386e-04,5.544204e-07,1.672429e-04,nan,1.660150e-05,1.692257e-05,5.688942e-06,8.152439e-07,9.902474e-01,1.445926e-01,3.411579e-02
1.344000e+03,1.200978e-04,5.519295e-07,1.664872e-04,nan,1.652469e-05,1.684428e-05,5.662623e-06,8.114723e-07,9.901488e-01,1.445928e-01,3.967905e-02
1.345000e+03,1.195596e-04,5.494728e-07,1.657334e-04,nan,1.644937e-05,1.676750e-05,5.636812e-06,8.077735e-07,9.900761e-01,1.445931e-01,4.933906e-02
1.346000e+03,1.190239e-04,5.469792e-07,1.649817e-04,nan,1.637356e-05,1.669022e-05,5.610832e-06,8.040506e-07,9.899574e-01,1.445933e-01,3.878021e-02
1.347000e+03,1.184909e-04,5.443017e-07,1.642239e-04,nan,1.629633e-05,1.661149e-05,5.584365e-06,8.002578e-07,9.898992e-01,1.445936e-01,3.320384e-02
1.348000e+03,1.179602e-04,5.419854e-07,1.634910e-04,nan,1.622332e-05,1.653707e-05,5.559348e-06,7.966727e-07,9.897869e-01,1.445938e-01,3.712463e-02
1.349000e+03,1.174320e-04,5.396452e-07,1.627529e-04,nan,1.614894e-05,1.646125e-05,5.533860e-06,7.930202e-07,9.896939e-01,1.445941e-01,3.224778e-02
1.350000e+03,1.169063e-04,5.370816e-07,1.620138e-04,1.283902e-04,1.607420e-05,1.638506e-05,5.508246e-06,7.893497e-07,9.895846e-01,1.445943e-01,3.023696e-02
1.351000e+03,1.163831e-04,5.346657e-07,1.612839e-04,nan,1.600045e-05,1.630989e-05,5.482974e-06,7.857281e-07,9.894882e-01,1.445946e-01,4.159141e-02
1.352000e+03,1.158623e-04,5.322391e-07,1.605497e-04,nan,1.592722e-05,1.623524e-05,5.457878e-06,7.821318e-07,9.894151e-01,1.445948e-01,4.824853e-02
1.353000e+03,1.153440e-04,5.298430e-07,1.598277e-04,nan,1.585343e-05,1.616002e-05,5.432592e-06,7.785082e-07,9.892936e-01,1.445951e-01,3.268909e-02
1.354000e+03,1.148281e-04,5.275107e-07,1.591103e-04,nan,1.578091e-05,1.608610e-05,5.407742e-06,7.749471e-07,9.892087e-01,1.445953e-01,3.113651e-02
1.355000e+03,1.143146e-04,5.250711e-07,1.583923e-04,nan,1.570849e-05,1.601227e-05,5.382923e-06,7.713906e-07,9.891098e-01,1.445956e-01,2.907372e-02
1.356000e+03,1.138034e-04,5.228693e-07,1.576840e-04,nan,1.563740e-05,1.593982e-05,5.358565e-06,7.678999e-07,9.890196e-01,1.445958e-01,2.845073e-02
1.357000e+03,1.132946e-04,5.204179e-07,1.569707e-04,nan,1.556550e-05,1.586652e-05,5.333926e-06,7.643690e-07,9.889178e-01,1.445960e-01,2.905297e-02
1.358000e+03,1.127882e-04,5.181202e-07,1.562617e-04,nan,1.549344e-05,1.579306e-05,5.309230e-06,7.608301e-07,9.888104e-01,1.445963e-01,2.805400e-02
1.359000e+03,1.122842e-04,5.158318e-07,1.555633e-04,nan,1.542308e-05,1.572134e-05,5.285120e-06,7.573751e-07,9.886892e-01,1.445965e-01,3.304791e-02
1.360000e+03,1.117824e-04,5.135757e-07,1.548641e-04,1.228953e-04,1.535288e-05,1.564979e-05,5.261065e-06,7.539279e-07,9.886169e-01,1.445968e-01,3.188252e-02
1.361000e+03,1.112830e-04,5.112197e-07,1.541713e-04,nan,1.528280e-05,1.557835e-05,5.237049e-06,7.504863e-07,9.884983e-01,1.445970e-01,3.269124e-02
1.362000e+03,1.107860e-04,5.088867e-07,1.534677e-04,nan,1.521109e-05,1.550525e-05,5.212477e-06,7.469651e-07,9.884099e-01,1.445972e-01,3.236437e-02
1.363000e+03,1.102913e-04,5.066783e-07,1.527826e-04,nan,1.514225e-05,1.543508e-05,5.188885e-06,7.435843e-07,9.883132e-01,1.445975e-01,2.923989e-02
1.364000e+03,1.097988e-04,5.044547e-07,1.520962e-04,nan,1.507274e-05,1.536422e-05,5.165066e-06,7.401709e-07,9.882227e-01,1.445977e-01,3.118062e-02
1.365000e+03,1.093088e-04,5.020935e-07,1.514125e-04,nan,1.500315e-05,1.529329e-05,5.141219e-06,7.367536e-07,9.880923e-01,1.445979e-01,4.422259e-02
1.366000e+03,1.088210e-04,4.999010e-07,1.507397e-04,nan,1.493575e-05,1.522458e-05,5.118121e-06,7.334437e-07,9.880011e-01,1.445981e-01,3.123260e-02
1.367000e+03,1.083354e-04,4.976860e-07,1.500592e-04,nan,1.486525e-05,1.515272e-05,5.093963e-06,7.299818e-07,9.878833e-01,1.445984e-01,3.014183e-02
1.368000e+03,1.078522e-04,4.953975e-07,1.493801e-04,nan,1.479759e-05,1.508374e-05,5.070776e-06,7.266589e-07,9.877890e-01,1.445986e-01,2.991509e-02
1.369000e+03,1.073713e-04,4.930727e-07,1.487058e-04,nan,1.472812e-05,1.501293e-05,5.046970e-06,7.232475e-07,9.876506e-01,1.445988e-01,2.947903e-02
1.370000e+03,1.068928e-04,4.908066e-07,1.480363e-04,1.176565e-04,1.466016e-05,1.494365e-05,5.023681e-06,7.199100e-07,9.875556e-01,1.445990e-01,3.101850e-02
1.371000e+03,1.064164e-04,4.886270e-07,1.473706e-04,nan,1.459318e-05,1.487538e-05,5.000729e-06,7.166211e-07,9.874585e-01,1.445993e-01,3.271294e-02
1.372000e+03,1.059425e-04,4.863131e-07,1.467024e-04,nan,1.452470e-05,1.480558e-05,4.977264e-06,7.132584e-07,9.873273e-01,1.445995e-01,2.961254e-02
1.373000e+03,1.054708e-04,4.840370e-07,1.460389e-04,nan,1.445824e-05,1.473783e-05,4.954487e-06,7.099944e-07,9.872535e-01,1.445997e-01,3.044820e-02
1.374000e+03,1.050014e-04,4.818829e-07,1.453832e-04,nan,1.439081e-05,1.466909e-05,4.931380e-06,7.066831e-07,9.871005e-01,1.445999e-01,3.032160e-02
1.375000e+03,1.045344e-04,4.794812e-07,1.447167e-04,nan,1.432353e-05,1.460052e-05,4.908327e-06,7.033795e-07,9.869576e-01,1.446001e-01,3.656793e-02
1.376000e+03,1.040697e-04,4.772744e-07,1.440645e-04,nan,1.425760e-05,1.453331e-05,4.885733e-06,7.001418e-07,9.869109e-01,1.446004e-01,4.055381e-02
1.377000e+03,1.036072e-04,4.750088e-07,1.434109e-04,nan,1.419070e-05,1.446511e-05,4.862807e-06,6.968563e-07,9.867442e-01,1.446006e-01,3.249884e-02
1.378000e+03,1.031471e-04,4.727738e-07,1.427664e-04,nan,1.412477e-05,1.439791e-05,4.840216e-06,6.936190e-07,9.866062e-01,1.446008e-01,2.968574e-02
1.379000e+03,1.026892e-04,4.704745e-07,1.421047e-04,nan,1.405767e-05,1.432950e-05,4.817219e-06,6.903235e-07,9.864807e-01,1.446010e-01,4.872990e-02
1.380000e+03,1.022336e-04,4.683303e-07,1.414743e-04,1.126733e-04,1.399399e-05,1.426459e-05,4.795398e-06,6.871964e-07,9.863852e-01,1.446012e-01,4.269457e-02
1.381000e+03,1.017802e-04,4.661133e-07,1.408326e-04,nan,1.392885e-05,1.419819e-05,4.773076e-06,6.839977e-07,9.862399e-01,1.446014e-01,3.140736e-02
1.382000e+03,1.013291e-04,4.639118e-07,1.401995e-04,nan,1.386435e-05,1.413245e-05,4.750975e-06,6.808305e-07,9.861334e-01,1.446016e-01,2.973342e-02
1.383000e+03,1.008802e-04,4.616704e-07,1.395564e-04,nan,1.379838e-05,1.406520e-05,4.728367e-06,6.775907e-07,9.859952e-01,1.446018e-01,3.143144e-02
1.384000e+03,1.004336e-04,4.594839e-07,1.389190e-04,nan,1.373374e-05,1.399931e-05,4.706217e-06,6.744166e-07,9.858531e-01,1.446020e-01,3.042150e-02
1.385000e+03,9.998928e-05,4.572557e-07,1.382878e-04,nan,1.366954e-05,1.393387e-05,4.684217e-06,6.712638e-07,9.857498e-01,1.446022e-01,3.095484e-02
